frame_id,class_name,object_id,track_id,is_3D_complete,in_image_borders,does_overlap,is_front_fish,aspect_ratio,fish_3d_ok,overlapping_fish_ids,fish_direction,elevation_deg,azimuth_deg,raw_length,filtered_length,spine_length,gt,abs_error_cm,rel_error_%,fish_dist_from_camera
frame_0,0,255,1,-1,False,False,True,3.46875,True,[],,-33.801211724090805,6.490730346624523,-1,0.3079321515988001,0.3106806280622414,28.9,1.8932151598800184,6.550917508235359,1.750757937970405
frame_1,0,255,1,-1,False,False,True,3.565406,True,[],,-30.69548316013865,5.013651457776615,-1,0.2962329229603148,0.2859222578496929,28.9,0.7232922960314803,2.502741508759448,1.7579171980486277
frame_2,0,255,1,-1,False,False,True,3.4935153,True,[],,-35.58436680498495,6.335629532203672,-1,0.3474200193328433,0.3698397131670711,28.9,5.84200193328433,20.214539561537475,1.7586418214996418
frame_3,0,255,1,-1,False,False,True,3.195679,True,[],,-36.12099472352442,7.110552309196312,-1,0.3413090357792284,0.3064980634509078,28.9,5.230903577922846,18.10001238035587,1.7619528782388474
frame_4,0,255,1,-1,False,False,True,2.6912196,True,[],,-31.897770714797943,8.46370726585678,-1,0.3050268505319443,0.3328697629284425,28.9,1.602685053194436,5.545623021434035,1.763711450815739
frame_5,0,255,1,-1,False,False,True,2.4602866,True,[],,-38.94445173952112,11.078983759391717,-1,0.3423747468360909,0.3359234495172233,28.9,5.337474683609095,18.46877053151936,1.7643641494980231
frame_6,0,255,1,-1,False,False,True,2.5085306,True,[],,-44.54692865425088,9.09210875712825,-1,0.3518309333966576,0.3281517534248155,28.9,6.283093339665763,21.74080740368776,1.770245860341384
frame_7,0,255,1,-1,False,False,True,2.4960768,True,[],,50.14832187449149,-171.6503485878371,-1,0.3404138278847579,0.3391185297596425,28.9,5.141382788475796,17.790251863238048,1.7752349709562545
frame_8,0,255,1,-1,False,False,True,2.5786104,True,[],,48.58349745520308,-171.37961637766,-1,0.3698043959792405,0.3596497771782004,28.9,8.080439597924055,27.95999860873376,1.7751395459832815
frame_9,0,255,1,-1,False,False,True,2.5469103,True,[],,48.66061765871263,-171.24303685176503,-1,0.3429586194086444,0.3467059423867407,28.9,5.3958619408644495,18.670802563544807,1.7756420423712151
frame_10,0,255,1,-1,False,False,True,2.3120763,True,[],,52.63010851371671,-168.15378517881993,-1,0.3559473379935167,0.3487745163928777,28.9,6.694733799351677,23.165168855888155,1.7773403527743838
frame_11,0,255,1,-1,False,False,True,2.0528927,True,[],,53.62530684705084,-165.2857391298651,-1,0.3582773165105029,0.3575472801519473,28.9,6.92773165105029,23.971389796021768,1.775054797590748
frame_12,0,255,1,-1,False,False,True,1.9773291,True,[],,56.89259741545248,-164.19295565775195,-1,0.3158272702436291,0.3263626301042813,28.9,2.6827270243629133,9.28279247184399,1.770499564129285
frame_13,0,255,1,-1,False,False,True,1.9925191,True,[],,57.02462651069323,-162.9802352760531,-1,0.3196908460025642,0.3072774593990765,28.9,3.069084600256428,10.619669897081064,1.749114057020813
frame_14,0,255,1,-1,False,False,True,2.0163429,True,[],,58.00897860004613,-161.56153345795775,-1,0.3288321134219347,0.3114047549997409,28.9,3.983211342193477,13.782738208281929,1.7478692035003116
frame_15,0,255,1,-1,False,False,True,1.9797819,True,[],,56.17027609140258,-161.47616484149864,-1,0.3187912415047407,0.3029231220540151,28.9,2.979124150474072,10.308388063924124,1.7430050873489522
frame_16,0,255,1,-1,False,False,True,1.93135,True,[],,59.818059683175925,-161.0388554030809,-1,0.3078391426040512,0.2928180453796493,28.9,1.8839142604051229,6.518734465069629,1.7486361152247378
frame_17,0,255,1,-1,False,False,True,1.9332919,True,[],,57.77086256845823,-158.28931185880833,-1,0.2964950210517432,0.2908096041687598,28.9,0.7495021051743211,2.593432889876544,1.7355023427948433
frame_18,0,255,1,-1,False,False,True,1.9238312,True,[],,57.160101378596025,-160.8370834459434,-1,0.2963233559575426,0.2943707872868552,28.9,0.7323355957542688,2.534033203301968,1.74157046594403
frame_19,0,255,1,-1,False,False,True,1.8785697,True,[],,55.88486736364544,-161.15292158056008,-1,0.3410314497213116,0.3248128088542472,28.9,5.203144972131163,18.0039618412843,1.749119307514787
frame_20,0,255,1,-1,False,False,True,1.8603832,True,[],,57.00478674221155,-160.76161771542883,-1,0.3281384952630015,0.3168684348930272,28.9,3.913849526300156,13.542731924914037,1.748255931537285
frame_21,0,255,1,-1,False,False,True,1.7972147,False,[],,59.199425488971706,-159.02631093109866,-1,0.3340348372818618,0.3160922271530862,28.9,4.503483728186181,15.582988678844917,1.74446806775436
frame_22,0,255,1,-1,False,False,True,1.7529927,False,[],,60.8332405012544,-158.90872807080646,-1,0.3186840669644737,0.3120246588726032,28.9,2.968406696447373,10.271303447914788,1.7435731377336552
frame_23,0,255,1,-1,False,False,True,1.8063037,True,[],,60.08817694791088,-157.56652208269483,-1,0.329406706907871,0.3163442937396786,28.9,4.040670690787102,13.981559483692394,1.7377118454405616
frame_24,0,255,1,-1,False,False,True,1.8443809,True,[],,59.52042844103814,-159.52783505983516,-1,0.2897172288063818,0.2848125559287161,28.9,0.0717228806381864,0.2481760575715794,1.7365650930697238
frame_25,0,255,1,-1,False,False,True,1.8381563,True,[],,58.54162234777652,-161.46680159837422,-1,0.3349472905245063,0.3297590790590539,28.9,4.594729052450636,15.898716444465869,1.742124960709303
frame_26,0,255,1,-1,False,False,True,1.8201063,True,[],,58.476052734741,-161.74865450931804,-1,0.322270459628627,0.3072466795108417,28.9,3.3270459628627016,11.51226976769101,1.7429027846024472
frame_27,0,255,1,-1,False,False,True,1.8277891,True,[],,61.096774943861824,-160.47284489819242,-1,0.3058664352671532,0.3262599604649645,28.9,1.68664352671532,5.836136770641247,1.7456649672064628
frame_28,0,255,1,-1,False,False,True,1.819962,True,[],,58.47372409822458,-161.37021577227142,-1,0.305843052679299,0.2976810533624194,28.9,1.684305267929903,5.828045909792053,1.7404314024439118
frame_29,0,255,1,-1,False,False,True,1.7819872,False,[],,59.44325851102512,-159.1153442970308,-1,0.3292988189745653,0.3396322818009795,28.9,4.029881897456539,13.94422801888076,1.7556537185929613
frame_30,0,255,1,-1,False,False,True,1.7459216,False,[],,61.87873547799029,-158.1761751451858,-1,0.3610341917756992,0.3497054537955262,28.9,7.20341917756992,24.92532587394436,1.746449489793832
frame_31,0,255,1,-1,False,False,True,1.7219123,False,[],,62.0242862876564,-158.73879317171634,-1,0.347176580229972,0.3334052407038971,28.9,5.817658022997202,20.13030457784499,1.7536584458207545
frame_32,0,255,1,-1,False,False,True,1.6541066,False,[],,63.95886069758278,-158.33927735796627,-1,0.4027717503427985,0.3821744141215924,28.9,11.377175034279857,39.36738766186802,1.7523965974293096
frame_33,0,255,1,-1,False,False,True,1.6152478,False,[],,60.65751796670845,-158.6269183360852,-1,0.3316750563936077,0.3174408760715058,28.9,4.267505639360775,14.766455499518251,1.744592157129849
frame_34,0,255,1,-1,False,False,True,1.5989505,False,[],,62.11041463954595,-157.95857427881697,-1,0.3115478844768224,0.3100120185718979,28.9,2.254788447682249,7.802036151149651,1.7470055725540223
frame_35,0,255,1,-1,False,False,True,1.5583147,False,[],,61.13802007120661,-159.38164224473587,-1,0.3388561825033334,0.3341016217728281,28.9,4.98561825033334,17.251274222606718,1.7492056114824264
frame_36,0,255,1,-1,False,False,True,1.5330399,False,[],,63.68719395672786,-159.610130655493,-1,0.39479471275881,0.3368697999821113,28.9,10.579471275881009,36.60716704457096,1.7602186827046111
frame_37,0,255,1,-1,False,False,True,1.5130153,False,[],,64.22209538346088,-158.79576153963097,-1,0.3369838727580663,0.3247594304865109,28.9,4.798387275806632,16.6034161792617,1.765213208715946
frame_38,0,255,1,-1,False,False,True,1.4560962,False,[],,68.89134260204139,-154.52726048964988,-1,0.3058590380588779,0.3122191976105669,28.9,1.685903805887795,5.833577183002752,1.7427836351914308
frame_39,0,255,1,-1,False,False,True,1.3717201,False,[],,66.3671619686846,-155.6592424706514,-1,0.3479139426117739,0.3325236630531921,28.9,5.891394261177391,20.385447270510003,1.735648912383664
frame_40,0,255,1,-1,False,False,True,1.3888087,False,[],,66.27911413978028,-158.36524769592583,-1,0.3390363510655323,0.3394329724202323,28.9,5.003635106553234,17.313616285651328,1.7453603777026907
frame_41,0,255,1,-1,False,False,True,1.4579517,False,[],,64.85844060333784,-161.0400585090856,-1,0.325811413643009,0.3285707772134664,28.9,3.681141364300905,12.73751337128341,1.7501596863023043
frame_42,0,255,1,-1,False,False,True,1.5041456,False,[],,64.83027152400939,-159.5820621578238,-1,0.3137077240977872,0.3046115813828981,28.9,2.4707724097787267,8.549385500964453,1.756597664847981
frame_43,0,255,1,-1,False,False,True,1.5063136,False,[],,66.29257667284504,-159.72925685613802,-1,0.291169824443406,0.297107128737277,28.9,0.2169824443406021,0.7508043056768239,1.758818966063636
frame_44,0,255,1,-1,False,False,True,1.4559022,False,[],,66.10076237155761,-158.00262443022598,-1,0.3083384263583997,0.2967584466294863,28.9,1.933842635839972,6.691497009826892,1.7459449620510934
frame_45,0,255,1,-1,False,False,True,1.427876,False,[],,66.91856050899693,-158.3223612503989,-1,0.3106764401878128,0.3187025655362644,28.9,2.167644018781284,7.500498334883336,1.7667636386204777
frame_46,0,255,1,-1,False,False,True,1.4442638,False,[],,68.30284025698192,-157.03712854881243,-1,0.3185555391372137,0.3134520566168451,28.9,2.9555539137213707,10.22683015128502,1.7679112125551146
frame_47,0,255,1,-1,False,False,True,1.3972472,False,[],,67.70025251068517,-158.67924872616,-1,0.3645190377168885,0.3639920650481099,28.9,7.551903771688856,26.13115491933861,1.7678506705850203
frame_48,0,255,1,-1,False,False,True,1.3891252,False,[],,68.58945540579883,-157.28257395440545,-1,0.3073841544543088,0.302951889286837,28.9,1.83841544543088,6.3612991191379935,1.7580685112787329
frame_49,0,255,1,-1,False,False,True,1.3976098,False,[],,69.14510906940721,-157.42911280911545,-1,0.312649435104001,0.3139559288207361,28.9,2.364943510400103,8.18319553771662,1.7583416070387134
frame_50,0,255,1,-1,False,False,True,1.3613245,False,[],,69.41865456041168,-157.00409513836615,-1,0.3268593025505937,0.3125794430914793,28.9,3.785930255059372,13.100104688786756,1.7576902818024362
frame_51,0,255,1,-1,False,False,True,1.3774782,False,[],,70.63437243098348,-156.41988885282066,-1,0.3000411273856604,0.3038397332406318,28.9,1.1041127385660487,3.8204593029967087,1.7628068371290144
frame_52,0,255,1,-1,False,False,True,1.3848975,False,[],,71.027611136652,-156.97660925438183,-1,0.3263638825569726,0.3197751243868841,28.9,3.73638825569726,12.928679085457649,1.7570912045037084
frame_53,0,255,1,-1,False,False,True,1.3704541,False,[],,70.87902935920427,-155.80581477182085,-1,0.2961320098012847,0.2968635196368263,28.9,0.7132009801284755,2.4678234606521645,1.7576154468379497
frame_54,0,255,1,-1,False,False,True,1.3478534,False,[],,72.79287503680764,-152.3305025737403,-1,0.3151131052012674,0.3053244858614246,28.9,2.6113105201267475,9.03567654023096,1.7666711914710067
frame_55,0,255,1,-1,False,False,True,1.3577776,False,[],,72.43892605842109,-153.67079383910507,-1,0.3267855313518573,0.3206773376315764,28.9,3.77855313518573,13.074578322441976,1.7635065516006916
frame_56,0,255,1,-1,False,False,True,1.2913461,False,[],,74.20295576355632,-146.00675373359925,-1,0.333222153542835,0.3199249375532945,28.9,4.422215354283504,15.301783232814897,1.762889426732835
frame_57,0,255,1,-1,False,False,True,1.3281814,False,[],,71.25544845543995,-150.84925962605385,-1,0.335603533592784,0.3289156652582777,28.9,4.660353359278408,16.125790170513522,1.7509233901620578
frame_58,0,255,1,-1,False,False,True,1.3117156,False,[],,71.83878113126906,-150.01220449367403,-1,0.3012101348390412,0.3019563078431999,28.9,1.2210134839041265,4.224960151917393,1.7534709086002758
frame_59,0,255,1,-1,False,False,True,1.2715204,False,[],,72.40249787743821,-153.50880073381728,-1,0.3042599783065038,0.2998095734127588,28.9,1.5259978306503883,5.280269310208957,1.7512462594333351
frame_60,0,255,1,-1,False,False,True,1.2083417,False,[],,73.77414360110991,-143.23414887606742,-1,0.3197870537003358,0.3128197241603839,28.9,3.07870537003358,10.652959757901662,1.7531972922857684
frame_61,0,255,1,-1,False,False,True,1.203389,False,[],,74.01331169924983,-145.77790074026774,-1,0.3153586580679826,0.3094718512216823,28.9,2.63586580679826,9.120642930097786,1.7641783426625068
frame_62,0,255,1,-1,False,False,True,1.2166785,False,[],,72.3947084478608,-149.1097891617502,-1,0.3226167682269494,0.3126263467867088,28.9,3.3616768226949425,11.632099732508452,1.754085156318743
frame_63,0,255,1,-1,False,False,True,1.2516879,False,[],,71.81410859071316,-151.43917113841204,-1,0.3041688351020994,0.3054188199183552,28.9,1.5168835102099487,5.248731869238577,1.7545124534970946
frame_64,0,255,1,-1,False,False,True,1.2481097,False,[],,71.74546727502471,-147.91269904404456,-1,0.3205799298904543,0.3128423436404483,28.9,3.1579929890454386,10.927311380780065,1.746585739625467
frame_65,0,255,1,-1,False,False,True,1.2343968,False,[],,73.43332923300957,-149.2487220228236,-1,0.3131787948263786,0.3067207605498906,28.9,2.4178794826378693,8.366364991826538,1.76011467668175
frame_66,0,255,1,-1,False,False,True,1.1654629,False,[],,73.44972079918041,-141.8905252205513,-1,0.3225912112022111,0.3183851679727631,28.9,3.359121120221115,11.62325647135334,1.7530227888991514
frame_67,0,255,1,-1,False,False,True,1.2225721,False,[],,72.92207516649461,-148.49768645253954,-1,0.3096581599776469,0.3001368104144637,28.9,2.065815997764692,7.148152241400318,1.7645987949325044
frame_68,0,255,1,-1,False,False,True,1.1880379,False,[],,73.71142894012429,-143.8970849403511,-1,0.2954960843494827,0.2937530221500037,28.9,0.6496084349482734,2.247780051724129,1.7462034191816085
frame_69,0,255,1,-1,False,False,True,1.0877819,False,[],,73.16730707391834,-140.8198451704274,-1,0.3295745806607344,0.3121790031996332,28.9,4.057458066073444,14.039647287451364,1.7508857200697825
frame_70,0,255,1,-1,False,False,True,1.0847335,False,[],,72.88117747232086,-141.23338546774016,-1,0.3251212444196236,0.3277181148788534,28.9,3.612124441962367,12.498700491219262,1.7620472820484696
frame_71,0,255,1,-1,False,False,True,1.0452149,False,[],,71.43215531788923,-145.91623045249108,-1,0.3358916676484154,0.3371272812543433,28.9,4.6891667648415405,16.22549053578388,1.7573967166559208
frame_72,0,255,1,-1,False,False,True,1.0246817,False,[],,70.93202819547062,-144.12944124374744,-1,0.3302037850021939,0.3235656766596956,28.9,4.120378500219396,14.257365052662273,1.763689461197964
frame_73,0,255,1,-1,False,False,True,1.0343019,False,[],,73.14447422832517,-146.15415047960528,-1,0.3291368653950299,0.3253206526438528,28.9,4.013686539502998,13.888188718003452,1.7594529278946682
frame_74,0,255,1,-1,False,False,True,1.0412321,False,[],,73.569202164435,-149.7020833760892,-1,0.2967294954065502,0.3023355653211207,28.9,0.7729495406550269,2.6745658846194704,1.758680838071383
frame_75,0,255,1,-1,False,False,True,1.0452929,False,[],,72.04720721207588,-147.5798054682434,-1,0.305130113540921,0.3005963930942637,28.9,1.6130113540921032,5.581354166408662,1.7553387091086343
frame_76,0,255,1,-1,False,False,True,1.0152365,False,[],,72.07187476570213,-143.69490567165457,-1,0.3126522310317989,0.2996439479769539,28.9,2.365223103179898,8.184162986781654,1.742893469255564
frame_77,0,255,1,-1,False,False,True,1.0143244,False,[],,72.4430320663958,-142.75887284315093,-1,0.3323443400397736,0.320281849079832,28.9,4.334434003977367,14.998041536253863,1.7457246321701672
frame_78,0,255,1,-1,False,False,True,1.0424414,False,[],,72.45162362238824,-144.78529407575195,-1,0.3070808121094974,0.3047458624527649,28.9,1.8080812109497468,6.256336370068329,1.7352879024070242
frame_79,0,255,1,-1,False,False,True,1.1170615,False,[],,75.1405705708491,-134.18311239113845,-1,0.3224541410575521,0.3301540024451737,28.9,3.3454141057552125,11.575827355554368,1.7283408402837594
frame_80,0,255,1,-1,False,False,True,1.0929292,False,[],,74.41357171699705,-135.2470473128197,-1,0.3378761316755847,0.3179837654896268,28.9,4.887613167558475,16.91215628912967,1.730170698489173
frame_81,0,255,1,-1,False,False,True,1.1149957,False,[],,73.30041373803482,-133.39707854076096,-1,0.2963285224529202,0.297544758493656,28.9,0.7328522452920205,2.535820917965469,1.7201559943772258
frame_82,0,255,1,-1,False,False,True,1.1164631,False,[],,74.26733842155897,-132.24936030602933,-1,0.3410074461727534,0.3394433954220771,28.9,5.200744617275349,17.995656115139617,1.7251919903580542
frame_83,0,255,1,-1,False,False,True,1.1378627,False,[],,74.41885313142356,-132.1582693201679,-1,0.3045353587166903,0.3028332431766915,28.9,1.5535358716690373,5.375556649373832,1.7231660313318091
frame_84,0,255,1,-1,False,False,True,1.170794,False,[],,74.08902844106512,-138.3045260814863,-1,0.3114405068743449,0.297207933862454,28.9,2.2440506874344903,7.764881271399621,1.704245471452101
frame_85,0,255,1,-1,False,False,True,1.1763796,False,[],,74.40058704531646,-133.13493848268266,-1,0.3146491948178427,0.3042645118858209,28.9,2.5649194817842726,8.875153916208555,1.718199916060653
frame_86,0,255,1,-1,False,False,True,1.1696119,False,[],,70.80191167475594,-141.90218641764605,-1,0.3099313724693286,0.295896313386209,28.9,2.0931372469328693,7.242689435753872,1.6893351585954748
frame_87,0,255,1,-1,False,False,True,1.174094,False,[],,73.80924490770974,-131.9309711545182,-1,0.3004190597524778,0.3067736649634445,28.9,1.1419059752477867,3.951231748262238,1.713778058090651
frame_88,0,255,1,-1,False,False,True,1.1145785,False,[],,73.92559906648268,-134.93239513951542,-1,0.3222177512979722,0.3126180035013596,28.9,3.321775129797228,11.494031590993869,1.7243912152628036
frame_89,0,255,1,-1,False,False,True,1.1033865,False,[],,70.22123450097217,-137.6153635183626,-1,0.3079152564457634,0.304587991175079,28.9,1.8915256445763475,6.545071434520233,1.693441133686496
frame_90,0,255,1,-1,False,False,True,1.1096584,False,[],,74.30526286248252,-132.86115233092266,-1,0.3115817958036633,0.3151147002939669,28.9,2.258179580366332,7.813770174277966,1.7164560381535854
frame_91,0,255,1,-1,False,False,True,1.1328225,False,[],,70.47884294935386,-139.61885694323502,-1,0.3059115180254328,0.2973141025620879,28.9,1.6911518025432837,5.851736340980221,1.694341628987172
frame_92,0,255,1,-1,False,False,True,1.0867132,False,[],,64.57229474754365,-142.78482968616015,-1,0.2551354273169122,0.2128801643896375,28.9,3.386457268308779,11.71784521906152,1.6744529211602244
frame_93,0,255,1,-1,False,False,True,1.0849799,False,[],,63.42468497506168,-145.41245654127212,-1,0.2137318617049122,0.174510925883715,28.9,7.526813829508777,26.044338510411,1.6771059518539777
frame_94,0,255,1,-1,False,False,True,1.0654771,False,[],,72.38232197117239,-135.46323086563825,-1,0.2894224678078299,0.2926597135416945,28.9,0.0422467807829896,0.146182632467092,1.7197718201030576
frame_95,0,255,1,-1,False,False,True,1.0937794,False,[],,73.36391512080365,-135.605743538152,-1,0.3300190671291101,0.309095582320319,28.9,4.101906712911013,14.193448833602124,1.714767348703253
frame_96,0,255,1,-1,False,False,True,1.1017303,False,[],,74.12594024240072,-139.82265420593487,-1,0.2918853864405193,0.2964556448956035,28.9,0.2885386440519333,0.9984036126364474,1.721506472398504
frame_97,0,255,1,-1,False,False,True,1.0704836,False,[],,63.94665970701186,-142.41269892048686,-1,0.2206774192034009,0.2184960972219291,28.9,6.832258079659908,23.641031417508334,1.681363655303323
frame_98,0,255,1,-1,False,False,True,1.0856988,False,[],,55.14935273023108,-144.34755405179476,-1,0.168771642327661,0.1696380894422014,28.9,12.022835767233891,41.60150784509997,1.67032639276241
frame_99,0,255,1,-1,False,False,True,1.1024692,False,[],,55.49415548422499,-143.10298425175836,-1,0.1346795280026367,0.1358910188628775,28.9,15.432047199736326,53.398087196319466,1.6690162568320586
frame_100,0,255,1,-1,False,False,True,1.0957143,False,[],,62.67562193456008,-149.77450443051725,-1,0.2124799822950178,0.2237182187768942,28.9,7.652001770498212,26.477514776810423,1.6760108106464475
frame_101,0,255,1,-1,False,False,True,1.0416303,False,[],,64.1338917889144,-148.29424360320075,-1,0.2343962567536526,0.2158050358232077,28.9,5.460374324634737,18.89402880496449,1.6734817916478064
frame_102,0,255,1,-1,False,False,True,1.0259535,False,[],,53.58772979543615,-143.7518753814532,-1,0.1265407461050731,0.1337509176231767,28.9,16.245925389492683,56.21427470412693,1.6636042059621503
frame_103,0,255,1,-1,False,False,True,1.0068713,False,[],,58.249316246359946,-147.23819647743488,-1,0.1460220517388173,0.1437329675737565,28.9,14.297794826118263,49.47333849867912,1.6651822689187417
frame_104,0,255,1,-1,False,False,True,1.0402462,False,[],,74.34068159694475,-146.03122684189628,-1,0.3669903514665276,0.3615454810093326,28.9,7.799035146652761,26.98628078426561,1.715028329643348
frame_105,0,255,1,-1,False,False,True,1.0176015,False,[],,57.53741392220541,-141.8888478612118,-1,0.136370704626809,0.1429041180763215,28.9,15.262929537319096,52.81290497342248,1.658088324204931
frame_106,0,255,1,-1,False,False,True,1.0157812,False,[],,64.97323617324176,-146.47771064303328,-1,0.2389210367453786,0.1884329680170716,28.9,5.00789632546213,17.328360987758234,1.6678517711875231
frame_107,0,255,1,-1,False,False,True,1.0402997,False,[],,63.86847747851655,-148.68650100255732,-1,0.2388236248511994,0.1849490886160189,28.9,5.017637514880052,17.362067525536514,1.6632331043281812
frame_108,0,255,1,-1,False,False,True,1.0190511,False,[],,68.01163477298938,-150.18103603836448,-1,0.2247492577338086,0.2155067020840532,28.9,6.425074226619137,22.23209074954719,1.6681442074527408
frame_109,0,255,1,-1,False,False,True,1.0011901,False,[],,67.22438635672097,-153.25331379768346,-1,0.2320846413638451,0.2356021324311668,28.9,5.691535863615488,19.6938957218529,1.670011414657554
frame_110,0,255,1,-1,False,False,True,1.0360445,False,[],,73.86131772677398,-149.95396411377263,-1,0.3213509831320071,0.3321087664886769,28.9,3.2350983132007185,11.19411181038311,1.6984407896046445
frame_111,0,255,1,-1,False,False,True,1.1061789,False,[],,58.21118458607664,-145.10566137766028,-1,0.148904117500402,0.1441310896160483,28.9,14.009588249959798,48.47608390989549,1.6643565216752014
frame_112,0,255,1,-1,False,False,True,1.1069008,False,[],,68.33935063832634,-145.70593897710182,-1,0.1775572996159868,0.1744546763081369,28.9,11.144270038401311,38.561488022149874,1.6782717274113017
frame_113,0,255,1,-1,False,False,True,1.0533766,False,[],,55.27843616686277,-145.52725015331987,-1,0.1257037458744461,0.1322257297759792,28.9,16.329625412555387,56.5038941610913,1.6580340904680635
frame_114,0,255,1,-1,False,False,True,1.067511,False,[],,73.77442929601851,-151.253585709385,-1,0.3436668801458085,0.3313364878557149,28.9,5.466688014580851,18.915875482978723,1.699188403065285
frame_115,0,255,1,-1,False,False,True,1.0610758,False,[],,62.05147570769615,-141.4848367528784,-1,0.1639090175416264,0.1417602255253471,28.9,12.509098245837352,43.28407697521576,1.6671751997176552
frame_116,0,255,1,-1,False,False,True,1.092852,False,[],,58.05798697366812,-154.09645322278465,-1,0.196414165147253,0.1622349138422053,28.9,9.258583485274691,32.03662105631381,1.6601027239480786
frame_117,0,255,1,-1,False,False,True,1.1015229,False,[],,48.71259992741455,-144.81502985147657,-1,0.1402601043429077,0.113690344608248,28.9,14.873989565709229,51.4670919228693,1.6534014098975574
frame_118,0,255,1,-1,False,False,True,1.0760738,False,[],,76.39576405510412,-148.38747218655294,-1,0.3232171920303481,0.3083974836734459,28.9,3.421719203034818,11.839858834030512,1.7069619386754138
frame_119,0,255,1,-1,False,False,True,1.1047533,False,[],,76.1609093570445,-138.51479495549603,-1,0.3399394040453551,0.337471941931949,28.9,5.093940404535519,17.626091365174805,1.7087227491974142
frame_120,0,255,1,-1,False,False,True,1.0966986,False,[],,69.39988457152265,-149.3946419900362,-1,0.2939443060707669,0.292485161878482,28.9,0.4944306070766957,1.7108325504383934,1.6678576158575782
frame_121,0,255,1,-1,False,False,True,1.0420502,False,[],,75.42213600578414,-138.6040716358854,-1,0.3286553022273086,0.3250623197720051,28.9,3.965530222730868,13.721557864120651,1.721743154143267
frame_122,0,255,1,-1,False,False,True,1.0216804,False,[],,73.97372768097478,-152.60222248468995,-1,0.3290507900975428,0.3033996022472336,28.9,4.005079009754281,13.858404878042496,1.695911860014025
frame_123,0,255,1,-1,False,False,True,1.0395472,False,[],,67.32363966018654,-149.78553447002483,-1,0.2194663455880097,0.2128243367220958,28.9,6.953365441199027,24.060088031830546,1.6547391362281003
frame_124,0,255,1,-1,False,False,True,1.0980093,False,[],,77.59037241195047,-142.45905998187598,-1,0.3208646426620318,0.3237523041160718,28.9,3.1864642662031875,11.025827910737672,1.7199565651149518
frame_125,0,255,1,-1,False,False,True,1.0775084,False,[],,77.15897148326789,-141.96008413220764,-1,0.3672846604541278,0.3550423794614651,28.9,7.82846604541278,27.08811780419647,1.7401382865520154
frame_126,0,255,1,-1,False,False,True,1.0130408,False,[],,62.57063637271352,-141.21359787062258,-1,0.1894097396561702,0.1770623490752163,28.9,9.959026034382973,34.4602976968269,1.652023070086864
frame_127,0,255,1,-1,False,False,True,1.0208861,False,[],,65.4064904965647,-142.33881880992283,-1,0.1487177685940233,0.1473575595371114,28.9,14.028223140597667,48.54056450033795,1.6608784271449577
frame_128,0,255,1,-1,False,False,True,1.0975153,False,[],,76.34266029009983,-135.85416858113302,-1,0.3264279314176097,0.3265614292665068,28.9,3.742793141760975,12.950841320972234,1.7228103657704437
frame_129,0,255,1,-1,False,False,True,1.088966,False,[],,72.14018856561864,-152.3189581296621,-1,0.2346474661778168,0.2350325579874075,28.9,5.435253382218313,18.807105128783093,1.6627252878646506
frame_130,0,255,1,-1,False,False,True,1.1659261,False,[],,64.44973392755823,-144.94145515797888,-1,0.2352659034087099,0.1573504931888865,28.9,5.373409659129008,18.59311300736681,1.655922747315528
frame_131,0,255,1,-1,False,False,True,1.1581763,False,[],,60.440338751981386,-142.64268564899473,-1,0.1466183559541247,0.1545983558807187,28.9,14.238164404587522,49.267004860164434,1.6455993380334804
frame_132,0,255,1,-1,False,False,True,1.13196,False,[],,74.03505229519621,-143.64181139363328,-1,0.3382250594423754,0.3335951033300025,28.9,4.922505944237549,17.032892540614355,1.6852705696133894
frame_133,0,255,1,-1,False,False,True,1.1251618,False,[],,76.55750292406847,-139.1347060265226,-1,0.305619242843576,0.3059236731873707,28.9,1.661924284357602,5.750603060060907,1.690418079092696
frame_134,0,255,1,-1,False,False,True,1.2272757,False,[],,67.14970445413242,-145.05857894019488,-1,0.1499999025459792,0.1654444770290687,28.9,13.90000974540207,48.09691953426322,1.6591138127395817
frame_135,0,255,1,-1,False,False,True,1.2267952,False,[],,56.45116546276495,-137.23854163460032,-1,0.1160417887136868,0.1287643642145953,28.9,17.29582112863131,59.84713193298031,1.6495597168456675
frame_136,0,255,1,-1,False,False,True,1.1917661,False,[],,58.09517587710915,-139.15813942166554,-1,0.1505196123358836,0.1208066547824834,28.9,13.848038766411635,47.91708915713369,1.6461227761456978
frame_137,0,255,1,-1,False,False,True,1.2051197,False,[],,70.7401343416222,-152.60556361128303,-1,0.2654066266207393,0.2693921291955616,28.9,2.359337337926065,8.163797017045207,1.6594204848708072
frame_138,0,255,1,-1,False,False,True,1.1762384,False,[],,68.48579112662706,-162.32825487765732,-1,0.1931217913595835,0.1883843576401581,28.9,9.587820864041646,33.17585074062853,1.6515148949345069
frame_139,0,255,1,-1,False,False,True,1.1782676,False,[],,62.96825753655416,-155.27375702322078,-1,0.1875738676883376,0.1675972045131498,28.9,10.142613231166235,35.09554751268594,1.649752174772802
frame_140,0,255,1,-1,False,False,True,1.2127898,False,[],,72.99569969787588,-155.22499470122287,-1,0.3061963440352071,0.3157734744682109,28.9,1.7196344035207145,5.950292053704895,1.6688210686526623
frame_141,0,255,1,-1,False,False,True,1.1848768,False,[],,73.70174264195262,-150.088249815331,-1,0.2013904168661862,0.202631434332557,28.9,8.760958313381378,30.314734648378472,1.6742264832793554
frame_142,0,255,1,-1,False,False,True,1.1245427,False,[],,71.22450061604751,-159.43152935141828,-1,0.3106088012142485,0.2387645396428138,28.9,2.160880121424852,7.477093845760733,1.6610803295064855
frame_143,0,255,1,-1,False,False,True,1.1581054,False,[],,73.8427640603301,-156.6637508359527,-1,0.3127992154078911,0.3047879633903779,28.9,2.379921540789115,8.235022632488288,1.668386668362099
frame_144,0,255,1,-1,False,False,True,1.1447045,False,[],,69.35907906188847,-157.53955397428632,-1,0.2754985584127887,0.1851798554121591,28.9,1.3501441587211285,4.671779095920859,1.655530526454127
frame_145,0,255,1,-1,False,False,True,1.185635,False,[],,73.5826216150408,-152.49243567703445,-1,0.2145482907536586,0.2113318064495038,28.9,7.445170924634131,25.76183710946066,1.669537118455054
frame_146,0,255,1,-1,False,False,True,1.1524391,False,[],,62.22902448343898,-157.18354827598185,-1,0.1840059210975353,0.1872275836408911,28.9,10.499407890246465,36.33013110811925,1.6431402018230952
frame_147,0,255,1,-1,False,False,True,1.1684864,False,[],,72.4749143273402,-152.23271450456053,-1,0.3159706955850569,0.3016732113226849,28.9,2.6970695585056994,9.33242061766678,1.669855191543394
frame_148,0,255,1,-1,False,False,True,1.1744045,False,[],,58.74555389060532,-146.75941672745466,-1,0.1224663764660778,0.1248863660402039,28.9,16.653362353392215,57.62409118820836,1.6437311265075092
frame_149,0,255,1,-1,False,False,True,1.1572776,False,[],,66.95257076225377,-148.11040802477234,-1,0.1688944014955273,0.1654771742310407,28.9,12.010559850447262,41.55903062438499,1.638047612804617
frame_150,0,255,1,-1,False,False,True,1.1076907,False,[],,67.6154572048535,-155.49125218028922,-1,0.2314093951297491,0.2154890514867324,28.9,5.759060487025086,19.927544937803063,1.6558534105072964
frame_151,0,255,1,-1,False,False,True,1.0543888,False,[],,77.8841414186516,-138.33742422333785,-1,0.3326352849218539,0.3305118288186013,28.9,4.3635284921853925,15.09871450583181,1.7023580735963737
frame_152,0,255,1,-1,False,False,True,1.108026,False,[],,78.14581038282178,-131.25915883422422,-1,0.346891018278846,0.3524660212710448,28.9,5.789101827884608,20.03149421413359,1.7185888229111934
frame_153,0,255,1,-1,False,False,True,1.1229506,False,[],,56.14163174479077,-150.98564672360556,-1,0.1155863395876499,0.118984158943859,28.9,17.341366041235002,60.00472678628028,1.639399916770753
frame_154,0,255,1,-1,False,False,True,1.0997756,False,[],,53.66287774497779,-141.82977831468688,-1,0.117069953259121,0.1182549970840614,28.9,17.19300467408789,59.49136565428337,1.6411369286426882
frame_155,0,255,1,-1,False,False,True,1.0908996,False,[],,70.76428773400161,-150.09185615220787,-1,0.2767881213703311,0.2628745021970974,28.9,1.2211878629668826,4.225563539677795,1.6659032337367534
frame_156,0,255,1,-1,False,False,True,1.1054149,False,[],,62.23646149270448,-158.93497263008092,-1,0.1849369879447677,0.1952967157396017,28.9,10.406301205523222,36.00796264886929,1.6450258258205133
frame_157,0,255,1,-1,False,False,True,1.0918531,False,[],,66.37573869627968,-156.43912510656494,-1,0.2211049802583948,0.2293658099679542,28.9,6.789501974160511,23.493086415780315,1.6523663660148522
frame_158,0,255,1,-1,False,False,True,1.0343924,False,[],,66.11087701951962,-155.00949224272756,-1,0.1740582983312555,0.1643068445718408,28.9,11.494170166874444,39.7722151102922,1.6600372271019073
frame_159,0,255,1,-1,False,False,True,1.0207582,False,[],,73.07378231672705,-157.7573413387981,-1,0.2337875374580247,0.225770725067409,28.9,5.521246254197526,19.104658319022583,1.67398897732231
frame_160,0,255,1,-1,False,False,True,1.037307,False,[],,73.20296129230965,-149.34779705971965,-1,0.2379024977343451,0.2392157784550892,28.9,5.109750226565485,17.68079663171448,1.6623018411489634
frame_161,0,255,1,-1,False,False,True,1.0474042,False,[],,77.32621032288576,-134.56707678072814,-1,0.3298040490976877,0.3377052713780544,28.9,4.08040490976877,14.119048130687789,1.7213790958577937
frame_162,0,255,1,-1,False,False,True,1.0339988,False,[],,74.17255053526672,-150.96155507543625,-1,0.245670898470576,0.2434221629640824,28.9,4.332910152942398,14.992768695302416,1.6772045816471377
frame_163,0,255,1,-1,False,False,True,1.0857246,False,[],,70.74154435707962,-153.12494261093707,-1,0.2136126748027207,0.2040760037660424,28.9,7.538732519727925,26.085579653037804,1.6663842557631816
frame_164,0,255,1,-1,False,False,True,1.1049156,False,[],,70.90697582496138,-152.90175694839425,-1,0.2155050182619011,0.2103032964263501,28.9,7.349498173809882,25.43078952875392,1.666430831451522
frame_165,0,255,1,-1,False,False,True,1.0842489,False,[],,73.28416492925109,-152.85087844446576,-1,0.2232935453116418,0.2249038603546286,28.9,6.570645468835817,22.73579747002013,1.6724864918252695
frame_166,0,255,1,-1,False,False,True,1.0330876,False,[],,68.33234837964707,-155.74904314775105,-1,0.2506738654672529,0.2492759905083833,28.9,3.832613453274708,13.261638246625289,1.6634676892506448
frame_167,0,255,1,-1,False,False,True,1.0323737,False,[],,76.76554264215255,-135.66616562347613,-1,0.3468954255084997,0.3520746045882197,28.9,5.789542550849975,20.03301920709334,1.716870593429851
frame_168,0,255,1,-1,False,False,True,1.0458081,False,[],,72.85380215019515,-152.06527839730754,-1,0.3247871086232048,0.3278406449552006,28.9,3.5787108623204835,12.383082568582989,1.6781528790791829
frame_169,0,255,1,-1,False,False,True,1.0338902,False,[],,76.80100968989272,-141.60807401496822,-1,0.3123231911041531,0.3136158637897319,28.9,2.33231911041531,8.070308340537405,1.6932985701620376
frame_170,0,255,1,-1,False,False,True,1.0101336,False,[],,72.15548828764163,-160.91549721216518,-1,0.2085672627131845,0.209253106035208,28.9,8.04327372868155,27.831396985057268,1.6425792635014629
frame_171,0,255,1,-1,False,False,True,1.0486797,False,[],,69.50466066573972,-152.01009323048757,-1,0.3011867833020289,0.2112907862911354,28.9,1.2186783302028992,4.21688003530415,1.6646112031454643
frame_172,0,255,1,-1,False,False,True,1.0198168,False,[],,69.45898093005492,-155.54890378010631,-1,0.2566482801541174,0.2387385851936879,28.9,3.235171984588253,11.194366728679077,1.6627400089644455
frame_173,0,255,1,-1,False,False,True,1.0694135,False,[],,75.38807280888759,-156.95453198240875,-1,0.3289110742653718,0.3327399710511294,28.9,3.991107426537183,13.81006029943662,1.68439936852799
frame_174,0,255,1,-1,False,False,True,1.1085793,False,[],,67.57527902560996,-157.0342807279556,-1,0.2155935247635034,0.2047498939083605,28.9,7.340647523649651,25.400164441694294,1.6626943635764595
frame_175,0,255,1,-1,False,False,True,1.0435923,False,[],,72.72534428969645,-151.06732065746115,-1,0.3280234562942763,0.3226449521862732,28.9,3.902345629427634,13.502926053382817,1.6786733490713477
frame_176,0,255,1,-1,False,False,True,1.0262034,False,[],,73.0745701926701,-149.59381100404758,-1,0.2444957571461201,0.2437582521693965,28.9,4.450424285387983,15.399391990961876,1.664559301538243
frame_177,0,255,1,-1,False,False,True,1.0478398,False,[],,75.45610406097357,-145.0675730368627,-1,0.3288229517843639,0.3254672236941951,28.9,3.982295178436396,13.77956809147542,1.681826041386373
frame_178,0,255,1,-1,False,False,True,1.1121182,False,[],,67.68685026233425,-153.3058503368178,-1,0.2320802994547608,0.2298317995761347,28.9,5.691970054523915,19.695398112539497,1.657448091800662
frame_179,0,255,1,-1,False,False,True,1.1168933,False,[],,61.58866567140114,-155.56996673273125,-1,0.1342586857564713,0.1365092816901056,28.9,15.47413142435286,53.54370735070194,1.6377419919255538
frame_180,0,255,1,-1,False,False,True,1.098102,False,[],,66.5611049940725,-161.57061011716146,-1,0.2212311601203291,0.2215268346010642,28.9,6.77688398796708,23.449425563899933,1.658454861559651
frame_181,0,255,1,-1,False,False,True,1.1513213,False,[],,55.75938950166582,-154.58844000262292,-1,0.1788060383935299,0.1744901643661804,28.9,11.019396160647004,38.12939847974742,1.6426778413310197
frame_182,0,255,1,-1,False,False,True,1.1533134,False,[],,69.82978331401414,-159.04782397916105,-1,0.2304687142578152,0.2245638430416695,28.9,5.853128574218474,20.25304004919888,1.6671924618819818
frame_183,0,255,1,-1,False,False,True,1.1919358,False,[],,67.19607889832157,-158.88859518763988,-1,0.207678852899082,0.2054862553374072,28.9,8.132114710091793,28.13880522523112,1.663271629041241
frame_184,0,255,1,-1,False,False,True,1.19449,False,[],,68.99739062427827,-158.55184712095655,-1,0.2544333777786904,0.2480638137448091,28.9,3.4566622221309515,11.960768934709176,1.6653797629162237
frame_185,0,255,1,-1,False,False,True,1.1683956,False,[],,64.54535193336173,-161.06614572667834,-1,0.2193955170000547,0.2177982669723315,28.9,6.96044829999452,24.084596193752667,1.652672473138029
frame_186,0,255,1,-1,False,False,True,1.1703812,False,[],,67.30359202791558,-158.19861675669503,-1,0.2680583962179927,0.2443692914330174,28.9,2.094160378200721,7.246229682355436,1.65919984096729
frame_187,0,255,1,-1,False,False,True,1.1487588,False,[],,64.26646128221483,-158.91855101863274,-1,0.2433795265002858,0.2316621051879511,28.9,4.562047349971415,15.785630968759223,1.6554014747276966
frame_188,0,255,1,-1,False,False,True,1.1888006,False,[],,67.31156688782805,-157.49609009595662,-1,0.2628033086686423,0.2525114895805871,28.9,2.619669133135765,9.064599076594344,1.668092591204542
frame_189,0,255,1,-1,False,False,True,1.2340004,False,[],,64.61460442440513,-163.4243592111407,-1,0.2086768799477434,0.2114275654506104,28.9,8.032312005225656,27.79346714610953,1.6593351276941175
frame_190,0,255,1,-1,False,False,True,1.25853,False,[],,65.08378348447177,-165.79771365597563,-1,0.2586784268998199,0.2480877728984443,28.9,3.0321573100180075,10.491893806290683,1.6553052052538446
frame_191,0,255,1,-1,False,False,True,1.2056195,False,[],,67.36249107720839,-164.91593757976366,-1,0.2231988065533854,0.216453864708,28.9,6.580119344661456,22.768579047271476,1.6659898625770595
frame_192,0,255,1,-1,False,False,True,1.181998,False,[],,63.9847265354095,-160.99055235024915,-1,0.240910543697097,0.2286330595137321,28.9,4.80894563029029,16.63995027782107,1.657149632813682
frame_193,0,255,1,-1,False,False,True,1.2174549,False,[],,61.70914758453549,-161.1019939878093,-1,0.2284134665992139,0.1969804616926792,28.9,6.058653340078607,20.964198408576497,1.651847125800852
frame_194,0,255,1,-1,False,False,True,1.2610334,False,[],,65.64588128026901,-161.77448844267116,-1,0.2028616245848828,0.2070587847245431,28.9,8.61383754151171,29.805666233604533,1.6573042388615613
frame_195,0,255,1,-1,False,False,True,1.2864703,False,[],,68.68777602726136,-162.24269031155922,-1,0.2814525009417261,0.2258371839391894,28.9,0.7547499058273843,2.6115913696449287,1.6608221632395035
frame_196,0,255,1,-1,False,False,True,1.2957608,False,[],,70.84891900504476,-161.55896247811583,-1,0.281463378597923,0.2897404540066129,28.9,0.7536621402076948,2.6078274747671104,1.6697173398453278
frame_197,0,255,1,-1,False,False,True,1.2752174,False,[],,59.72511386804904,-158.6941682517378,-1,0.1831847342007262,0.1885791248490441,28.9,10.581526579927376,36.61427882327812,1.643257487260748
frame_198,0,255,1,-1,False,False,True,1.3322709,False,[],,65.55684026349445,-166.21741114333994,-1,0.2559001956654285,0.2343301780910164,28.9,3.3099804334571434,11.453219492931291,1.6612998233025071
frame_199,0,255,1,-1,False,False,True,1.2923447,False,[],,64.0476801295841,-164.9731698360171,-1,0.2344316330555409,0.2341465842299709,28.9,5.456836694445904,18.881787870055035,1.653266967478822
frame_200,0,255,1,-1,False,False,True,1.2301422,False,[],,64.27827229261119,-164.7342300206755,-1,0.236841865785498,0.2376139190119599,28.9,5.215813421450194,18.047797306056037,1.649659872296124
frame_201,0,255,1,-1,False,False,True,1.3096172,False,[],,63.46675635836473,-164.10274342546165,-1,0.2181504485346739,0.2195593328740962,28.9,7.084955146532606,24.51541573194673,1.6326286904112308
frame_202,0,255,1,-1,False,False,True,1.3401781,False,[],,70.91778068091945,-162.47987673553,-1,0.3233843173468724,0.3146362042170507,28.9,3.4384317346872475,11.897687663277672,1.6856539892161495
frame_203,0,255,1,-1,False,False,True,1.267084,False,[],,75.03649299100412,-149.41108621151454,-1,0.3410016460227152,0.3555360475758127,28.9,5.200164602271523,17.993649142808042,1.6812291170664944
frame_204,0,255,1,-1,False,False,True,1.3175517,False,[],,67.77628961951977,-158.09391320037966,-1,0.2724829663580397,0.2641343956755544,28.9,1.6517033641960277,5.715236554311515,1.6746548529847642
frame_205,0,255,1,-1,False,False,True,1.3367859,False,[],,69.76660093161068,-158.821604856377,-1,0.3114482104978009,0.3075224831256803,28.9,2.244821049780094,7.767546885052227,1.6767692978962667
frame_206,0,255,1,-1,False,False,True,1.2822536,False,[],,65.59071684209195,-164.35564524645935,-1,0.2476249441772169,0.2422966879242796,28.9,4.137505582278306,14.31662831238168,1.653590990766482
frame_207,0,255,1,-1,False,False,True,1.2615362,False,[],,64.21221747553675,-166.37687903423247,-1,0.2612078882115705,0.2560869657665223,28.9,2.779211178842949,9.616647677657266,1.6499210112738536
frame_208,0,255,1,-1,False,False,True,1.2513705,False,[],,66.20221688369398,-165.57735420010772,-1,0.2810680461364394,0.2500163484007019,28.9,0.7931953863560548,2.744620714034792,1.6605147016527233
frame_209,0,255,1,-1,False,False,True,1.2018675,False,[],,63.73209579483923,-161.7770802406941,-1,0.2360729213221317,0.2279504253625256,28.9,5.292707867786822,18.313868054625683,1.6521364060856492
frame_210,0,255,1,-1,False,False,True,1.2470518,False,[],,65.05356577540584,-161.8186838535064,-1,0.227851439910439,0.2292182858624138,28.9,6.114856008956099,21.158671311266776,1.6621199256229786
frame_211,0,255,1,-1,False,False,True,1.2486157,False,[],,72.58528980657807,-163.83340506197777,-1,0.3308227417201275,0.325534130914113,28.9,4.182274172012751,14.471536927379764,1.668550913507155
frame_212,0,255,1,-1,False,False,True,1.1870657,False,[],,72.06279946538208,-154.65566401127555,-1,0.3322010652486764,0.3323211761961697,28.9,4.320106524867645,14.948465483971091,1.6777860813112144
frame_213,0,255,1,-1,False,False,True,1.1835788,False,[],,74.0250766088277,-150.86882557220113,-1,0.3560528633728106,0.369801970957533,28.9,6.705286337281064,23.20168282796216,1.7031891327520972
frame_214,0,255,1,-1,False,False,True,1.2059065,False,[],,70.92012912339875,-157.01881635843958,-1,0.3211993323984927,0.3218359933248289,28.9,3.2199332398492766,11.141637508128984,1.6903103088139315
frame_215,0,255,1,-1,False,False,True,1.2007054,False,[],,73.92962315105443,-155.65105737581302,-1,0.3584628101622638,0.3699480600790712,28.9,6.94628101622638,24.03557445061032,1.695625191431674
frame_216,0,255,1,-1,False,False,True,1.1712013,False,[],,71.10132946158232,-164.3718383860715,-1,0.2864602881907065,0.2857548569285031,28.9,0.253971180929341,0.8787930135963358,1.67691908490875
frame_217,0,255,1,-1,False,False,True,1.1254313,False,[],,75.30622694842157,-147.58675354858838,-1,0.3537648744623756,0.3666123965343747,28.9,6.476487446237561,22.40999116345177,1.6957506108235636
frame_218,0,255,1,-1,False,False,True,1.1197335,False,[],,73.79139757283987,-159.53857331212953,-1,0.290164044116449,0.2917874367574082,28.9,0.1164044116449047,0.4027834312972484,1.6801524029246395
frame_219,0,255,1,-1,False,False,True,1.0618517,False,[],,67.5110492040635,-140.60856767277104,-1,0.1556069823676995,0.158459140868341,28.9,13.339301763230043,46.15675350598632,1.6330283818206166
frame_220,0,255,1,-1,False,False,True,1.0689074,False,[],,74.42864214197768,-150.4890338736592,-1,0.3589722846796159,0.3639255173483366,28.9,6.997228467961597,24.211863210939786,1.688868891779099
frame_221,0,255,1,-1,False,False,True,1.0353249,False,[],,70.71912499873214,-155.33498818757474,-1,0.3433595482866483,0.3380275212254978,28.9,5.43595482866483,18.809532279117057,1.6712163668611777
frame_222,0,255,1,-1,False,False,True,1.0281956,False,[],,75.72250800678125,-145.70640217042867,-1,0.3494378619486493,0.3567944315836001,28.9,6.0437861948649365,20.912754999532652,1.711621724242739
frame_223,0,255,1,-1,False,False,True,1.0176356,False,[],,75.31969128576885,-145.11524951633595,-1,0.350477045325303,0.3610291842864306,28.9,6.147704532530302,21.2723340225962,1.695979262173051
frame_224,0,255,1,-1,False,False,True,1.00193,False,[],,72.13339271652251,-159.10183475941278,-1,0.3461732747997523,0.3130321157177755,28.9,5.717327479975237,19.783140069118467,1.6783067935019835
frame_225,0,255,1,-1,False,False,True,1.0248556,False,[],,71.15647977483468,-156.4753124017146,-1,0.322751738154706,0.2771894086806553,28.9,3.375173815470606,11.678802129656075,1.675891994326203
frame_226,0,255,1,-1,False,False,True,1.03492,False,[],,60.770949849662685,-143.87447919058474,-1,0.1685853775323167,0.1610828697798219,28.9,12.041462246768326,41.665959331378296,1.6302253709021004
frame_227,0,255,1,-1,False,False,True,1.0603013,False,[],,67.30940444331834,-149.3906664686311,-1,0.2099782880129828,0.2031263619843867,28.9,7.902171198701718,27.343152936684145,1.6458328177637245
frame_228,0,255,1,-1,False,False,True,1.0370337,False,[],,62.2475439760602,-146.8553321954604,-1,0.2273968666265793,0.2123843573489048,28.9,6.160313337342066,21.315963104989848,1.6285736676185365
frame_229,0,255,1,-1,False,False,True,1.0278108,False,[],,58.14063882122526,-143.4922607152192,-1,0.178950052136583,0.1622079505630983,28.9,11.0049947863417,38.079566734746365,1.6265646298515035
frame_230,0,255,1,-1,False,False,True,1.0607417,False,[],,60.79692263653012,-141.32940028564377,-1,0.1804510537668886,0.1710103296438463,28.9,10.854894623311134,37.56018900799701,1.623478152461954
frame_231,0,255,1,-1,False,False,True,1.0453411,False,[],,64.29767362821207,-134.1713732402399,-1,0.1607836671949138,0.1443792333264165,28.9,12.82163328050861,44.36551308134467,1.6249842822928973
frame_232,0,255,1,-1,False,False,True,1.0096349,False,[],,68.06186212516263,-130.34284053429909,-1,0.1764156492195214,0.1707580241550111,28.9,11.258435078047851,38.95652276141125,1.6263873799839903
frame_233,0,255,1,-1,False,False,True,1.0324967,False,[],,62.76083151746409,-134.14448085857555,-1,0.131175722219188,0.1367980557249199,28.9,15.782427778081193,54.61047674076538,1.6273800400131984
frame_234,0,255,1,-1,False,False,True,1.0485578,False,[],,63.00811631534551,-141.81744321938896,-1,0.1944792165439399,0.1885928103291652,28.9,9.452078345606004,32.70615344500347,1.6248629658650129
frame_235,0,255,1,-1,False,False,True,1.0536717,False,[],,63.23786617790469,-147.00798508963135,-1,0.2155524781051587,0.2121253042647847,28.9,7.3447521894841215,25.414367437661323,1.6330059541197943
frame_236,0,255,1,-1,False,False,True,1.0342622,False,[],,71.75308735427575,-160.28089810047447,-1,0.3325092598365995,0.307940532038118,28.9,4.350925983659954,15.055107209896034,1.6569119679502569
frame_237,0,255,1,-1,False,False,True,1.0753148,False,[],,75.9592259355213,-147.455260539967,-1,0.3524970432214296,0.3563407000855596,28.9,6.349704322142963,21.971295232328597,1.6630628705652797
frame_238,0,255,1,-1,False,False,True,1.0617555,False,[],,64.91695675985682,-136.03993768707667,-1,0.1889123381036872,0.1813689706073399,28.9,10.008766189631274,34.63240896066185,1.631613152962859
frame_239,0,255,1,-1,False,False,True,1.0665394,False,[],,65.0990955152486,-129.91229507552015,-1,0.1595969915197006,0.1461526506226164,28.9,12.940300848029937,44.776127501833685,1.6150578486253016
frame_240,0,255,1,-1,False,False,True,1.0751734,False,[],,61.0871620483502,-141.39852158057118,-1,0.1939436330120756,0.1815304297894324,28.9,9.505636698792436,32.89147646640981,1.6170598939061165
frame_241,0,255,1,-1,False,False,True,1.0471224,False,[],,72.18253695895315,-158.7121932997817,-1,0.3502768532577145,0.2796272629386579,28.9,6.127685325771454,21.20306341097389,1.6614057259607262
frame_242,0,255,1,-1,False,False,True,1.0418785,False,[],,71.25113897512816,-149.69763000841132,-1,0.3304758556358027,0.2727910398683384,28.9,4.147585563580275,14.351507140416178,1.645625794565441
frame_243,0,255,1,-1,False,False,True,1.0167582,False,[],,72.70552875589624,-154.27378120525867,-1,0.3679820947143497,0.3463148313215887,28.9,7.898209471434975,27.329444537837283,1.662237393922646
frame_244,0,255,1,-1,False,False,True,1.0174168,False,[],,69.3465099346962,-149.7157771005162,-1,0.3225496385183373,0.2587257561998582,28.9,3.3549638518337312,11.608871459632288,1.6454287932860894
frame_245,0,255,1,-1,False,False,True,1.0084054,False,[],,69.70160566010055,-148.05969566483424,-1,0.2780227702733298,0.2689262230949096,28.9,1.09772297266702,3.798349386391073,1.642796683839429
frame_246,0,255,1,-1,False,False,True,1.0401967,False,[],,77.78818152320913,-143.736862473118,-1,0.365543755011031,0.3819173825662548,28.9,7.6543755011031,26.48572837751938,1.6723460863551225
frame_247,0,255,1,-1,False,False,True,1.0826269,False,[],,73.43450749191607,-157.889095872225,-1,0.2623015462240006,0.2698380836037961,28.9,2.6698453775999385,9.238219299653768,1.6469625396893757
frame_248,0,255,1,-1,False,False,True,1.0033113,False,[],,75.82220386084079,-151.23732670607131,-1,0.3688952919322765,0.3745001071365929,28.9,7.989529193227657,27.64542973435176,1.685448400841819
frame_249,0,255,1,-1,False,False,True,1.0473113,False,[],,76.89075544991148,-148.3384152606909,-1,0.3602821256636936,0.3690827712878976,28.9,7.128212566369369,24.665095385361138,1.678809817640706
frame_250,0,255,1,-1,False,False,True,1.0279542,False,[],,63.16581552296706,-120.16164605036565,-1,0.1369201238534887,0.1324532955936556,28.9,15.207987614651126,52.62279451436376,1.59853121388493
frame_251,0,255,1,-1,False,False,True,1.0848001,False,[],,-1.0,-1.0,-1,-1.0,0.0996687492557874,28.9,,,1.5832184378019314
frame_252,0,255,1,-1,False,False,True,1.1204745,False,[],,71.86591433440347,-145.7695577148663,-1,0.2217903047397917,0.21561749260961,28.9,6.72096952602082,23.25594991702706,1.6372393588195435
frame_253,0,255,1,-1,False,False,True,1.0823594,False,[],,71.00927828404731,-150.4231819261921,-1,0.270303877896026,0.2744793958631127,28.9,1.869612210397392,6.469246402759143,1.6375038288632502
frame_254,0,255,1,-1,False,False,True,1.050427,False,[],,70.94712792747704,-148.87345606492036,-1,0.2705894030573752,0.2362564792748088,28.9,1.841059694262476,6.370448769074311,1.6447415853390377
frame_255,0,255,1,-1,False,False,True,1.0181607,False,[],,73.3555286105241,-149.97964472108268,-1,0.3595907413380403,0.3568527515718295,28.9,7.059074133804039,24.425862054685258,1.6565425770015132
frame_256,0,255,1,-1,False,False,True,1.0345402,False,[],,75.65906504111635,-150.31224502574625,-1,0.3719584603679644,0.3814928690064669,28.9,8.295846036796444,28.705349608292195,1.6672927919848293
frame_257,0,255,1,-1,False,False,True,1.0771064,False,[],,69.9838993223575,-148.7871558109998,-1,0.2552054165905135,0.2559078154497925,28.9,3.379458340948643,11.693627477330946,1.630759680730255
frame_258,0,255,1,-1,False,False,True,1.0688822,False,[],,76.8182161054183,-152.90101113681686,-1,0.358335770442407,0.3814978971985656,28.9,6.933577044240708,23.99161607003705,1.6620128605272864
frame_259,0,255,1,-1,False,False,True,1.015043,False,[],,64.20806038885316,-131.9807318589818,-1,0.1191978516247327,0.1266620029645032,28.9,16.980214837526724,58.75506864196098,1.6082047784799025
frame_260,0,255,1,-1,False,False,True,1.0749027,False,[],,74.05857894044941,-155.303479020844,-1,0.3394372032719186,0.2629110730391392,28.9,5.043720327191864,17.452319471252125,1.637015949046775
frame_261,0,255,1,-1,False,False,True,1.0770981,False,[],,59.28459180135621,-140.99030913643807,-1,0.188109525996668,0.1837417358779167,28.9,10.08904740033319,34.91019861706986,1.6101532364159488
frame_262,0,255,1,-1,False,False,True,1.1654067,False,[],,74.33129391741541,-147.73352890771272,-1,0.3532010250212283,0.3561251822015083,28.9,6.420102502122832,22.21488755059804,1.6596747115254402
frame_264,0,255,1,-1,False,False,True,1.4177986,False,[],,77.65507519358212,-134.99191542822604,-1,0.3839311684824806,0.3904322675108534,28.9,9.493116848248068,32.84815518424937,1.6760030266671266
frame_301,0,255,-1,-1,False,False,True,1.9318181,True,[],,62.11502096479734,-66.93457336086114,-1,0.1200040545444363,0.1510382112653406,28.9,16.89959454555637,58.47610569396667,1.6282852653994249
frame_310,0,255,-1,-1,False,False,True,1.7307693,False,[],,78.88197907445655,-65.8866361380598,-1,0.3556473985700727,0.3613787552685156,28.9,6.664739857007279,23.061383588260483,1.728370323428342
frame_323,0,255,-1,-1,False,False,True,1.3846154,False,[],,65.40484084774106,-104.87293237150018,-1,0.1185233709510236,0.1224989235694802,28.9,17.04766290489764,58.98845295812332,1.6150975125821232
frame_324,0,255,4,-1,False,False,True,1.405798,False,[],,55.90996900963334,-58.75100505966829,-1,0.1532263842571133,0.1527988869326571,28.9,13.577361574288666,46.98048987643138,1.858982742662881
frame_325,0,255,4,-1,False,False,True,1.2279199,False,[],,78.64599004829792,-115.52973422242412,-1,0.3252241850024786,0.326114853930614,28.9,3.622418500247865,12.534320070061815,1.8143783971702023
frame_326,0,255,4,-1,False,False,True,1.1387585,False,[],,70.61566998454934,-88.18323706216292,-1,0.2571842651829634,0.2499707188838928,28.9,3.181573481703653,11.0089047809815,1.846877558693212
frame_328,0,255,4,-1,False,False,True,1.0228492,False,[],,58.80702644337145,176.27261927663432,-1,0.1444176959014314,0.1448254396144755,28.9,14.45823040985686,50.02847892684035,1.6083695729573568
frame_329,0,255,4,-1,False,False,True,1.0854588,False,[],,75.51186510114711,-118.770795298192,-1,0.3089324881260411,0.3248215235157933,28.9,1.9932488126041148,6.89705471489313,1.791603212566166
frame_330,0,255,4,-1,False,False,True,1.116116,False,[],,63.38252158080243,170.54289828087386,-1,0.163278292966186,0.1649651488346524,28.9,12.572170703381396,43.502320772946014,1.619442299508014
frame_331,0,255,4,-1,False,False,True,1.1244203,False,[],,58.64640110605517,-178.82402674245054,-1,0.1320620084807193,0.1477578896760911,28.9,15.693799151928062,54.303803293868725,1.622983881492161
frame_332,0,255,4,-1,False,False,True,1.1991863,False,[],,75.38283896310075,-157.657598350726,-1,0.3339055633842924,0.3452417143718647,28.9,4.490556338429247,15.53825722639878,1.7018715859175444
frame_333,0,255,4,-1,False,False,True,1.2906969,False,[],,73.39891603753298,-167.33707846753092,-1,0.3314688278949533,0.3270805755230912,28.9,4.246882789495338,14.695096157423317,1.6906546353173435
frame_334,0,255,4,-1,False,False,True,1.3409737,False,[],,64.49374359039143,-173.12290681935926,-1,0.2189349086378664,0.2132291121699092,28.9,7.006509136213351,24.24397624987319,1.6372825567636604
frame_335,0,255,4,-1,False,False,True,1.4123976,False,[],,52.7132029578351,173.23017516415877,-1,0.1522292253590085,0.1517211306475255,28.9,13.677077464099147,47.325527557436494,1.6231115596909678
frame_336,0,255,4,-1,False,False,True,1.4493276,False,[],,67.8669702553814,-166.9423577890911,-1,0.2661213125552293,0.267033756009381,28.9,2.287868744477067,7.916500845941409,1.676080155218232
frame_337,0,255,4,-1,False,False,True,1.4567077,False,[],,65.31800964198389,-166.43343811312218,-1,0.2483498058561177,0.2636515109451026,28.9,4.065019414388221,14.065811122450592,1.6706594104958246
frame_338,0,255,4,-1,False,False,True,1.5062989,False,[],,47.051896652177525,-173.81667052271283,-1,0.1597947439022737,0.1614845727032254,28.9,12.92052560977262,44.70770107187759,1.6356288842865578
frame_339,0,255,4,-1,False,False,True,1.5644463,False,[],,45.59605881292252,-168.0239706836972,-1,0.1611315273722613,0.1679905669394967,28.9,12.786847262773865,44.24514623797185,1.6366097894978937
frame_340,0,255,4,-1,False,False,True,1.2940347,False,[],,65.78823494986861,-155.68663932671902,-1,0.35454976145458,0.3505036403828224,28.9,6.554976145458008,22.681578357986183,1.688029765093848
frame_341,0,255,4,-1,False,False,True,1.5179414,False,[],,60.07534711109024,-168.69427086899574,-1,0.2686483927523027,0.2563504231508842,28.9,2.03516072476973,7.042078632421212,1.6769960457610773
frame_342,0,255,4,-1,False,False,True,1.694657,False,[],,57.5688510323859,-170.69201842804776,-1,0.2614903977542817,0.2721715276637925,28.9,2.7509602245718243,9.51889351062915,1.6811615457901588
frame_343,0,255,4,-1,False,False,True,1.8153659,True,[],,55.60639492304951,-171.83781335691825,-1,0.2666105114686776,0.2580359245081193,28.9,2.238948853132233,7.747227865509457,1.6849768199672588
frame_344,0,255,4,-1,False,False,True,1.5405159,False,[],,56.45105637439079,-165.16172589090175,-1,0.2655501361975876,0.2708076633345398,28.9,2.344986380241237,8.114139724018123,1.6842500840474262
frame_345,0,255,4,-1,False,False,True,1.4954437,False,[],,55.0075790300245,-163.30453019674974,-1,0.2518833593930241,0.2577782733222248,28.9,3.711664060697589,12.84312823770792,1.6908744166613092
frame_346,0,255,4,-1,False,False,True,1.5823474,False,[],,57.772535803111474,-169.27106767773466,-1,0.2787651108564195,0.2830725683192473,28.9,1.023488914358045,3.5414841327267994,1.6926509707344504
frame_347,0,255,4,-1,False,False,True,1.5842638,False,[],,55.54011881902613,-166.19322090931925,-1,0.2873432216680907,0.3006179876061024,28.9,0.1656778331909303,0.5732796996225963,1.6951327896789317
frame_348,0,255,4,-1,False,False,True,1.6025716,False,[],,57.09362260492358,-167.1693024103365,-1,0.2704169315389817,0.2801618782100602,28.9,1.858306846101826,6.430127495162028,1.6970432016096215
frame_349,0,255,4,-1,False,False,True,1.650762,False,[],,56.85225892642581,-168.77248731196818,-1,0.2886810732551337,0.2825029020736794,28.9,0.0318926744866276,0.1103552750402342,1.7053725807809623
frame_350,0,255,4,-1,False,False,True,1.7249955,False,[],,57.10572997080831,-166.38701814400832,-1,0.2925266173842817,0.2975110987389323,28.9,0.3526617384281783,1.2202828319314127,1.6964954261897676
frame_351,0,255,4,-1,False,False,True,1.7562118,False,[],,55.12173137772102,-165.87543056764238,-1,0.3029848852955523,0.2865995178297784,28.9,1.3984885295552365,4.839060655900472,1.7063123503109303
frame_352,0,255,4,-1,False,False,True,1.7679803,False,[],,53.44674329288642,-166.1757160475451,-1,0.2887810941201356,0.2876670033669269,28.9,0.0218905879864339,0.0757459791918129,1.7041494200443723
frame_353,0,255,4,-1,False,False,True,1.7644387,False,[],,46.580858114851566,-168.57862804211888,-1,0.2039674698111593,0.1621591618694748,28.9,8.503253018884067,29.42302082658847,1.645301729583284
frame_354,0,255,4,-1,False,False,True,1.8142321,True,[],,55.21059683743724,-167.64312636364406,-1,0.304234740834794,0.2966347042269692,28.9,1.5234740834794092,5.271536621036018,1.706130087800882
frame_355,0,255,4,-1,False,False,True,1.8334051,True,[],,54.959960532619085,-167.86671624920115,-1,0.2972512534436808,0.2934241650169327,28.9,0.8251253443680884,2.855104997813455,1.7072166697854383
frame_356,0,255,4,-1,False,False,True,1.8854904,True,[],,55.89004365427249,-168.18580263278824,-1,0.2805691756408974,0.2985298165688474,28.9,0.8430824359102529,2.917240262665235,1.7134663939122277
frame_357,0,255,4,-1,False,False,True,1.9205346,True,[],,55.68564430487459,-169.64349606672943,-1,0.3109661771690435,0.3061507482597264,28.9,2.196617716904353,7.600753345689805,1.724163585003302
frame_358,0,255,4,-1,False,False,True,1.8949277,True,[],,54.97627224243786,-168.92615011417135,-1,0.295627214165004,0.2986925141709872,28.9,0.6627214165004058,2.293153690312823,1.7251713209483637
frame_359,0,255,4,-1,False,False,True,1.9218391,True,[],,54.67745703708999,-167.19391094590753,-1,0.2865472891680816,0.298217857074541,28.9,0.2452710831918392,0.8486888691759142,1.717673899593638
frame_360,0,255,4,-1,False,False,True,1.9395763,True,[],,56.26719307594056,-167.94697883379612,-1,0.2825789585202785,0.2945549064987002,28.9,0.6421041479721501,2.221813660803288,1.7265660370865914
frame_361,0,255,4,-1,False,False,True,1.906716,True,[],,56.985498268880114,-168.90741987694514,-1,0.2940199865174475,0.3015689471709142,28.9,0.5019986517447561,1.737019556210229,1.737839435802526
frame_362,0,255,4,-1,False,False,True,1.9558916,True,[],,55.38289664372498,-170.21230864790826,-1,0.2846471817406804,0.2897306466516373,28.9,0.4352818259319602,1.5061654876538415,1.7274490152255144
frame_363,0,255,4,-1,False,False,True,1.9750967,True,[],,54.34269202507247,-168.07454815092188,-1,0.2920838699303072,0.2906005987160302,28.9,0.3083869930307237,1.067083020867556,1.7226355510997948
frame_364,0,255,4,-1,False,False,True,1.9235853,True,[],,56.51416455024832,-169.67807982140576,-1,0.2939375450457502,0.3025403423013392,28.9,0.4937545045750224,1.7084930954153026,1.7274642500824529
frame_365,0,255,4,-1,False,False,True,1.9116735,True,[],,56.4269459423088,-168.5304478846081,-1,0.3105945297132009,0.3144373908856133,28.9,2.159452971320092,7.4721556101041235,1.7305275137156888
frame_366,0,255,4,-1,False,False,True,1.9068067,True,[],,54.18957134726285,-168.03069619936528,-1,0.2741612208802932,0.27406757614652,28.9,1.483877911970671,5.134525646957341,1.7262303185283463
frame_367,0,255,4,-1,False,False,True,1.93623,True,[],,55.70209326911637,-168.80557036341068,-1,0.2901695429625546,0.2900975490812918,28.9,0.1169542962554615,0.4046861462126696,1.7300726465017102
frame_368,0,255,4,-1,False,False,True,1.8573267,True,[],,55.94135464382481,-169.3720650825382,-1,0.2771709700056863,0.2909950352626166,28.9,1.1829029994313622,4.09308996343032,1.7273645391705903
frame_369,0,255,4,-1,False,False,True,1.8493129,True,[],,60.6217095832292,-168.98640400271483,-1,0.2849727244010445,0.3043382033165491,28.9,0.4027275598955493,1.3935209684967105,1.7365472030833484
frame_370,0,255,4,-1,False,False,True,1.911732,True,[],,56.67444942482928,-167.7534279162925,-1,0.2802083950220979,0.2854630818963359,28.9,0.8791604977902046,3.042077847024929,1.731377635893305
frame_371,0,255,4,-1,False,False,True,1.8678668,True,[],,59.11507192128717,-170.43960743742664,-1,0.2977028095326359,0.2937810164618157,28.9,0.8702809532635969,3.011352779458813,1.7277010286796544
frame_372,0,255,4,-1,False,False,True,1.7966418,False,[],,58.90648064840186,-169.20952408133996,-1,0.2788419868542169,0.2945641077382482,28.9,1.0158013145783074,3.514883441447431,1.7266613110950098
frame_373,0,255,4,-1,False,False,True,1.7376862,False,[],,57.85447972684463,-166.90745885386394,-1,0.2838313497041516,0.2847080810383828,28.9,0.5168650295848398,1.7884603099821448,1.725566969474492
frame_374,0,255,4,-1,False,False,True,1.7245988,False,[],,58.10981185530593,-166.91558074983584,-1,0.2878423691847172,0.2870758087724178,28.9,0.1157630815282806,0.4005642959456077,1.729636519016612
frame_375,0,255,4,-1,False,False,True,1.7261126,False,[],,60.02180790716239,-166.99986017037054,-1,0.2798547359212102,0.284936745546567,28.9,0.914526407878974,3.16445123833555,1.7350856928590437
frame_376,0,255,4,-1,False,False,True,1.6795256,False,[],,59.640060180965385,-166.64123830945672,-1,0.285606539149362,0.297547290128179,28.9,0.3393460850637908,1.174207906795124,1.725568984111427
frame_377,0,255,4,-1,False,False,True,1.6712065,False,[],,58.97721623258043,-165.54715259428602,-1,0.2929060713787059,0.2896509400247059,28.9,0.3906071378705966,1.351581791939781,1.7372357791916653
frame_378,0,255,4,-1,False,False,True,1.6711957,False,[],,58.10443873300312,-166.00791808374828,-1,0.2763592272964925,0.2787515407312182,28.9,1.264077270350744,4.373969793601191,1.7265364171962587
frame_379,0,255,4,-1,False,False,True,1.6494651,False,[],,61.145103828474966,-165.15773742524817,-1,0.3074922728056704,0.3053661416892521,28.9,1.84922728056704,6.398710313380759,1.738613608751208
frame_380,0,255,4,-1,False,False,True,1.6473078,False,[],,60.033662088662666,-171.0813804332272,-1,0.3069932527964336,0.3186435153458368,28.9,1.7993252796433656,6.22603902990784,1.7741389000722632
frame_381,0,255,4,-1,False,False,True,1.6248028,False,[],,60.28506548074597,-165.07978037847766,-1,0.2984549779644621,0.303677985749906,28.9,0.9454977964462096,3.271618672824255,1.737223198376303
frame_382,0,255,4,-1,False,False,True,1.5868044,False,[],,-26.76110547070556,25.71969139621277,-1,0.1431186635878532,0.1410877064790178,28.9,14.58813364121468,50.4779710768674,1.8218734104675272
frame_383,0,255,4,-1,False,False,True,1.5997852,False,[],,63.282146649519625,-165.93056372229685,-1,0.2690727166752418,0.2927916802578739,28.9,1.9927283324758185,6.8952537455910665,1.753935762707925
frame_384,0,255,4,-1,False,False,True,1.5884534,False,[],,64.90353407512471,-166.9911668582206,-1,0.287127112275459,0.3049664843713492,28.9,0.1872887724540917,0.6480580361733278,1.7515422998144672
frame_385,0,255,4,-1,False,False,True,1.6122217,False,[],,67.42054224386706,-167.0796620572467,-1,0.3005718203113019,0.3130255042364974,28.9,1.157182031130194,4.004090073114859,1.7659454911564303
frame_386,0,255,4,-1,False,False,True,1.5853746,False,[],,53.230251865198944,-167.60759448794357,-1,0.27430261411522,0.2743897162856085,28.9,1.4697385884779923,5.085600652172984,1.7949216058884545
frame_387,0,255,4,-1,False,False,True,1.5243679,False,[],,53.62632480827128,-177.81666832316697,-1,0.2320781402251701,0.2210048326095564,28.9,5.692185977482983,19.69614525080617,1.811124216220325
frame_388,0,255,4,-1,False,False,True,1.4319549,False,[],,48.035211866142575,-160.9892495979304,-1,0.1606864199348912,0.186117788545668,28.9,12.83135800651088,44.399162652286776,1.829442803906199
frame_389,0,255,4,-1,False,False,True,1.3846513,False,[],,52.90693878444762,-170.07348565813868,-1,0.2086828337852531,0.2344194882982478,28.9,8.031716621474688,27.791406994722102,1.834337640166934
frame_390,0,255,4,-1,False,False,True,1.3523449,False,[],,-36.47502456623013,15.965762092945184,-1,0.1632832359601017,0.1711845895455259,28.9,12.571676403989825,43.500610394428456,1.827266188406078
frame_391,0,255,4,-1,False,False,True,1.3257685,False,[],,-30.97997131902927,26.08705416979298,-1,0.1654105825597021,0.182908528880369,28.9,12.358941744029789,42.76450430460135,1.8305509778835585
frame_392,0,255,4,-1,False,False,True,1.2935808,False,[],,67.82069623569488,-158.70853718982357,-1,0.2591377596253732,0.2883140523067163,28.9,2.986224037462676,10.332955146929674,1.7715618295184636
frame_393,0,255,4,-1,False,False,True,1.2866544,False,[],,-38.35688240080287,22.86052924217133,-1,0.1611470805053727,0.1806175045411047,28.9,12.785291949462724,44.23976453101289,1.83673588406753
frame_394,0,255,4,-1,False,False,True,1.2978493,False,[],,45.10186305236082,-161.80749081330134,-1,0.1640797821761099,0.1819599025138795,28.9,12.492021782389,43.22498886639793,1.837235098762667
frame_395,0,255,4,-1,False,False,True,1.2529207,False,[],,-1.0,-1.0,-1,-1.0,0.1694069486907652,28.9,,,1.834804344681169
frame_396,0,255,4,-1,False,False,True,1.2208929,False,[],,73.8026558479428,-124.4415335016048,-1,0.3018122303305881,0.3301096284322088,28.9,1.2812230330588148,4.433297692245034,1.8484350402721497
frame_397,0,255,4,-1,False,False,True,1.1546471,False,[],,72.0969805901917,-151.2320130850955,-1,0.3086185207499543,0.3222481523203233,28.9,1.961852074995435,6.78841548441327,1.7692681920758868
frame_398,0,255,4,-1,False,False,True,1.1174891,False,[],,73.38390412113121,-133.54021041638424,-1,0.3062690232094671,0.339636907141025,28.9,1.726902320946716,5.975440556909052,1.8204546232946512
frame_399,0,255,4,-1,False,False,True,1.0898616,False,[],,-1.0,-1.0,-1,-1.0,0.1930147684549508,28.9,,,1.8652853759435504
frame_400,0,255,4,-1,False,False,True,1.0199726,False,[],,-1.0,-1.0,-1,-1.0,0.1505547216796866,28.9,,,1.8875424214351324
frame_401,0,255,4,-1,False,False,True,1.020101,False,[],,70.43871396243412,-146.25165723526592,-1,0.3036391497164816,0.3160917467804143,28.9,1.463914971648167,5.065449728886391,1.75070631950006
frame_402,0,255,4,-1,False,False,True,1.0265229,False,[],,-1.0,-1.0,-1,-1.0,0.2284889090564471,28.9,,,1.869738473920179
frame_403,0,255,4,-1,False,False,True,1.0661076,False,[],,-1.0,-1.0,-1,-1.0,0.1982991717190881,28.9,,,1.8672415668138795
frame_404,0,255,4,-1,False,False,True,1.055008,False,[],,58.50276137862328,-137.02463167428,-1,0.153015842695618,0.1640746105047757,28.9,13.598415730438193,47.05334162781381,1.6684311004293044
frame_405,0,255,4,-1,False,False,True,1.011668,False,[],,63.22142057114207,-138.6913838566452,-1,0.2720502259207218,0.2745129972764853,28.9,1.6949774079278168,5.864973729854038,1.6867199043952985
frame_406,0,255,4,-1,False,False,True,1.0051115,False,[],,71.55361974036519,-146.44807369291294,-1,0.316402736672142,0.3317455277450588,28.9,2.740273667214205,9.48191580350936,1.7540295471609355
frame_407,0,255,4,-1,False,False,True,1.0029193,False,[],,66.52108701539814,-142.9981129692845,-1,0.2699338655836927,0.2801802600810382,28.9,1.906613441630728,6.597278344743003,1.728282681388292
frame_408,0,255,4,-1,False,False,True,1.0129001,False,[],,72.90519705609219,-147.9468490967172,-1,0.3621051547193252,0.3718863001068956,28.9,7.310515471932527,25.29590128696376,1.7616093492464309
frame_409,0,255,4,-1,False,False,True,1.0088712,False,[],,61.03714677842559,-102.42791719051549,-1,0.1921989753520872,0.1906436621464975,28.9,9.68010246479128,33.49516423803211,1.8778364970271748
frame_410,0,255,4,-1,False,False,True,1.0009046,False,[],,71.09710499441694,-145.6464550524317,-1,0.3351296743565799,0.3514216860386825,28.9,4.612967435657994,15.961825036878874,1.746358449051395
frame_411,0,255,4,-1,False,False,True,1.0048846,False,[],,40.79684828839065,-141.77350428502035,-1,0.138476241543703,0.1390558224589517,28.9,15.05237584562969,52.08434548660793,1.6637271090209136
frame_412,0,255,4,-1,False,False,True,1.0669603,False,[],,69.7462878081473,-149.48389538241327,-1,0.3120289194811685,0.3281158784074047,28.9,2.3028919481168533,7.968484249539285,1.739324873537882
frame_413,0,255,4,-1,False,False,True,1.0925674,False,[],,59.65316411861656,-160.50485243994103,-1,0.1570605213444389,0.1743645636717779,28.9,13.193947865556105,45.65379884275469,1.6780953568381232
frame_414,0,255,4,-1,False,False,True,1.0462029,False,[],,72.11447579369413,-149.671424475709,-1,0.3369979581353417,0.3635560399664507,28.9,4.799795813534175,16.60829001222898,1.7508910982818393
frame_415,0,255,4,-1,False,False,True,1.075881,False,[],,68.18881273063221,-149.16294291384477,-1,0.3103080188879175,0.3197462356320645,28.9,2.1308018887917504,7.37301691623443,1.7391185761535553
frame_416,0,255,4,-1,False,False,True,1.1011419,False,[],,70.92153618516306,-148.03163644504934,-1,0.3284465162455199,0.3543324382680657,28.9,3.9446516245519927,13.649313579764682,1.738121263753312
frame_417,0,255,4,-1,False,False,True,1.1500508,False,[],,44.01749649533629,-150.7818337918157,-1,0.1790661373175421,0.1717769593531102,28.9,10.99338626824578,38.03939885206152,1.6824034055926769
frame_418,0,255,4,-1,False,False,True,1.1882575,False,[],,65.9233121378615,-149.77768226038285,-1,0.3017548912578336,0.3232952941851,28.9,1.2754891257833634,4.413457182641396,1.7410633648732174
frame_419,0,255,4,-1,False,False,True,1.2466055,False,[],,62.73665939022706,-155.57362512993618,-1,0.3187951401423941,0.2951867615620477,28.9,2.9795140142394096,10.309737073492768,1.7300521218852631
frame_420,0,255,4,-1,False,False,True,1.2882322,False,[],,63.73026790887152,-157.02032086118874,-1,0.3074443316536728,0.2860036924554225,28.9,1.8444331653672816,6.382121679471564,1.7301890545744236
frame_421,0,255,4,-1,False,False,True,1.3638953,False,[],,-34.219887761985845,24.190850657441832,-1,0.1347974343749679,0.1424552318430118,28.9,15.420256562503203,53.3572891436097,1.672148281839532
frame_422,0,255,4,-1,False,False,True,1.3653686,False,[],,68.19773820325383,-152.20938493556872,-1,0.3040753919450798,0.3836439218568001,28.9,1.507539194507984,5.21639859691344,1.7544919590338337
frame_423,0,255,4,-1,False,False,True,1.3349463,False,[],,68.84460971098272,-150.43540361806348,-1,0.3026468266533586,0.3463732838265086,28.9,1.3646826653358646,4.722085347182923,1.7657606136406228
frame_424,0,255,4,-1,False,False,True,1.4625933,False,[],,62.09016329542987,-162.97236182576435,-1,0.2821528323647646,0.2860775793773225,28.9,0.6847167635235352,2.369262157520883,1.7298830951527535
frame_425,0,255,4,-1,False,False,True,1.328804,False,[],,64.79468779673488,-150.59357186815137,-1,0.2877043236666741,0.3111830939988909,28.9,0.129567633332589,0.4483309111854291,1.7400647569074397
frame_426,0,255,4,-1,False,False,True,1.3383558,False,[],,60.37459551818087,-155.42702173520027,-1,0.2682548702298994,0.2934958347063908,28.9,2.074512977010051,7.178245595190488,1.7368954462725377
frame_427,0,255,4,-1,False,False,True,1.3748362,False,[],,59.37511872168215,-156.6026723531287,-1,0.2706836031352517,0.2675213915232711,28.9,1.831639686474823,6.337853586418072,1.7400856722793687
frame_428,0,255,4,-1,False,False,True,1.4097834,False,[],,59.50349522617875,-159.585104546423,-1,0.2729634770706648,0.2904210374304462,28.9,1.6036522929335162,5.548969871742271,1.7517114143565062
frame_429,0,255,4,-1,False,False,True,1.4804192,False,[],,58.985829313864286,-160.12313466910211,-1,0.2785105124548805,0.2950132764578886,28.9,1.0489487545119414,3.629580465439244,1.7404588692319125
frame_430,0,255,4,-1,False,False,True,1.5232897,False,[],,58.78685569811381,-159.9501078215868,-1,0.2880625523895823,0.2936287061768316,28.9,0.0937447610417641,0.3243763357846508,1.73212195805849
frame_431,0,255,4,-1,False,False,True,1.5222541,False,[],,57.3383867072067,-158.0028568636434,-1,0.2822438161195284,0.2909366908408423,28.9,0.6756183880471556,2.3377798894365247,1.732184164514199
frame_432,0,255,4,-1,False,False,True,1.5032619,False,[],,56.73380946373823,-157.48896529611568,-1,0.2983967333925195,0.3115205021997511,28.9,0.9396733392519508,3.2514648417022523,1.7414678652194169
frame_433,0,255,4,-1,False,False,True,1.5171957,False,[],,56.98507710187597,-159.63520397580865,-1,0.2888994753155736,0.3061442868580629,28.9,0.0100524684426395,0.0347836278292024,1.7489425703487564
frame_434,0,255,4,-1,False,False,True,1.5474678,False,[],,58.39555861775148,-160.06291100300197,-1,0.2902670033733991,0.2862087191796798,28.9,0.1267003373399189,0.4384094717644253,1.742088314799939
frame_435,0,255,4,-1,False,False,True,1.6208705,False,[],,55.11243052676016,-160.45420134109605,-1,0.2804451384360316,0.2887047529193008,28.9,0.8554861563968397,2.960159710715708,1.7474702832093434
frame_436,0,255,4,-1,False,False,True,1.6810637,False,[],,56.11465253457757,-161.37140866769153,-1,0.2819521986440934,0.2918433700620959,28.9,0.7047801355906602,2.438685590279101,1.7410032321568911
frame_437,0,255,4,-1,False,False,True,1.6413531,False,[],,56.68934795370547,-161.38719629619985,-1,0.2756544300225623,0.3045800738240136,28.9,1.3345569977437688,4.617844282850411,1.744612853494611
frame_438,0,255,4,-1,False,False,True,1.6266171,False,[],,55.408304332833794,-158.87642386934738,-1,0.2976387093721893,0.2964577771866111,28.9,0.8638709372189302,2.9891727931450878,1.743133489896182
frame_439,0,255,4,-1,False,False,True,1.6203328,False,[],,57.87401767632398,-160.00032526959043,-1,0.2978389565987596,0.3074556573323052,28.9,0.8838956598759606,3.058462490920279,1.7497656042355598
frame_440,0,255,4,-1,False,False,True,1.5918636,False,[],,55.53500057195468,-157.8185892731597,-1,0.2796313202513136,0.2823483417294938,28.9,0.9368679748686326,3.24175769850738,1.744872979382071
frame_441,0,255,4,-1,False,False,True,1.5805753,False,[],,56.82217887341,-158.57857229056765,-1,0.300988848640388,0.3053197612310078,28.9,1.1988848640388017,4.148390533006235,1.7573346773735947
frame_442,0,255,4,-1,False,False,True,1.6217216,False,[],,57.53795766566406,-160.2046806801092,-1,0.2898434201518773,0.2976112425016795,28.9,0.0843420151877383,0.2918408830025547,1.7451472103047465
frame_443,0,255,4,-1,False,False,True,1.6165621,False,[],,56.5859223492303,-161.6921033334106,-1,0.2762080412597707,0.2885849412481085,28.9,1.279195874022926,4.426283301117391,1.746549936957483
frame_444,0,255,4,-1,False,False,True,1.6547388,False,[],,53.9850393549204,-161.8629342081245,-1,0.2817784150739113,0.283703771916053,28.9,0.7221584926088653,2.4988183135254856,1.7412152345223195
frame_445,0,255,4,-1,False,False,True,1.6227158,False,[],,53.52086173842913,-161.9617628661231,-1,0.2776571452681029,0.288065091763538,28.9,1.1342854731897056,3.924863229030123,1.741685701575862
frame_446,0,255,4,-1,False,False,True,1.6101953,False,[],,51.507028703536406,-159.782227721543,-1,0.2765963309925041,0.2763451957086257,28.9,1.2403669007495843,4.291926992213095,1.740923347503324
frame_447,0,255,4,-1,False,False,True,1.5736933,False,[],,55.30184952828087,-160.9954069777032,-1,0.2880235986745403,0.3051214410618344,28.9,0.0976401325459674,0.3378551299168425,1.7355046139169372
frame_448,0,255,4,-1,False,False,True,1.5674702,False,[],,52.01346765488097,-159.6969323074285,-1,0.2915102108489773,0.2850082739356001,28.9,0.2510210848977345,0.8685850688502926,1.7439119435985635
frame_449,0,255,4,-1,False,False,True,1.565041,False,[],,53.93259840515152,-159.85334082410654,-1,0.3007477436847141,0.30624918712694,28.9,1.1747743684714151,4.064963212703859,1.7418155661368282
frame_450,0,255,4,-1,False,False,True,1.5933605,False,[],,52.18721648053716,-160.70133147656634,-1,0.2827969535680801,0.2807119025151519,28.9,0.6203046431919879,2.146382848415183,1.749390486971347
frame_451,0,255,4,-1,False,False,True,1.6663636,False,[],,52.85067375170093,-163.34656957854992,-1,0.2858408711647813,0.2949422953516331,28.9,0.3159128835218683,1.0931241644355305,1.7477181554547692
frame_452,0,255,4,-1,False,False,True,1.6846292,False,[],,52.10461715275194,-162.8495358783223,-1,0.290381005346269,0.29493464862742,28.9,0.1381005346269004,0.4778565212003475,1.739856600188292
frame_453,0,255,4,-1,False,False,True,1.6810293,False,[],,53.36928992358892,-162.75548425631567,-1,0.2940238493265195,0.3005481518085307,28.9,0.5023849326519503,1.7383561683458486,1.7516567438858104
frame_454,0,255,4,-1,False,False,True,1.6675543,False,[],,51.91834585644599,-161.47050383958236,-1,0.2975833985233476,0.3005325673712686,28.9,0.8583398523347607,2.97003409112374,1.7528796873262658
frame_455,0,255,4,-1,False,False,True,1.6276598,False,[],,51.685673287064944,-161.7867595016936,-1,0.2926697309261348,0.2999175083500093,28.9,0.3669730926134817,1.2698030886279643,1.7510146577467864
frame_456,0,255,4,-1,False,False,True,1.6489904,False,[],,51.57813955799768,-160.62590970603563,-1,0.297075878517242,0.3022189790508463,28.9,0.8075878517242063,2.7944216322636897,1.7488411115241174
frame_457,0,255,4,-1,False,False,True,1.6457368,False,[],,53.4500471383084,-159.92817980791497,-1,0.2976975342194077,0.3071614729168892,28.9,0.8697534219407721,3.009527411559765,1.7486587260369175
frame_458,0,255,4,-1,False,False,True,1.6766574,False,[],,54.72555582283177,-161.68826151720083,-1,0.3129164045955315,0.2983692929577643,28.9,2.391640459553152,8.27557252440537,1.755190148690794
frame_459,0,255,4,-1,False,False,True,1.7388195,False,[],,50.61753825249921,-162.21603314967277,-1,0.2883935679359164,0.300618685092712,28.9,0.0606432064083561,0.2098380844579798,1.749418038150623
frame_460,0,255,4,-1,False,False,True,1.7716062,False,[],,52.1624445558569,-162.44161785718327,-1,0.3133345219385568,0.3174624899385679,28.9,2.4334521938556843,8.420249805729012,1.7597088805812315
frame_461,0,255,4,-1,False,False,True,1.76956,False,[],,51.99072218936575,-163.5328754220079,-1,0.2873126365685394,0.3079253550051823,28.9,0.1687363431460531,0.5838627790520869,1.757672041790982
frame_462,0,255,4,-1,False,False,True,1.7939631,False,[],,52.09205139661129,-162.79874976736326,-1,0.2917950058725647,0.2991293346911733,28.9,0.2795005872564704,0.9671300597109704,1.7558176322365036
frame_463,0,255,4,-1,False,False,True,1.8028833,True,[],,51.4702722320604,-162.32099805361636,-1,0.2944579820436588,0.3124494286279203,28.9,0.5457982043658827,1.8885751016120509,1.7550723595205158
frame_464,0,255,4,-1,False,False,True,1.8117841,True,[],,49.967946567907646,-160.87400767177817,-1,0.2989016526783759,0.2924539125242473,28.9,0.9901652678375894,3.4261773973619016,1.750501474794088
frame_465,0,255,4,-1,False,False,True,1.7790486,False,[],,51.775677721340976,-161.1371532890465,-1,0.2930990402370619,0.3111700956513545,28.9,0.4099040237061924,1.418353023204818,1.7555785445199497
frame_466,0,255,4,-1,False,False,True,1.8076776,True,[],,50.53245113715726,-161.29071376257747,-1,0.2853104825417913,0.2918223331704536,28.9,0.3689517458208613,1.2766496395185514,1.7546508746467997
frame_467,0,255,4,-1,False,False,True,1.8047166,True,[],,54.19178736423791,-163.63988651144518,-1,0.290223146463106,0.3081412228351005,28.9,0.1223146463106006,0.423234070278895,1.751418673399855
frame_468,0,255,4,-1,False,False,True,1.8119931,True,[],,51.14409058556443,-162.45085252127157,-1,0.2963034379144875,0.3036571560734279,28.9,0.7303437914487565,2.5271411468815104,1.7490242702331729
frame_469,0,255,4,-1,False,False,True,1.8070351,True,[],,51.69673300372094,-162.65528796637045,-1,0.3152972500692872,0.3138692337006002,28.9,2.629725006928724,9.099394487642645,1.7511034133337098
frame_470,0,255,4,-1,False,False,True,1.7917212,False,[],,49.02422627884472,-166.06970171561787,-1,0.2944433033480249,0.3087444464096482,28.9,0.5443303348024953,1.883495968174724,1.780613370306857
frame_471,0,255,4,-1,False,False,True,1.7584611,False,[],,51.74939688980948,-161.62362586172583,-1,0.3029811199404277,0.312156968390976,28.9,1.3981119940427778,4.837757764853903,1.7555593107623615
frame_472,0,255,4,-1,False,False,True,1.7458836,False,[],,50.74490612901529,-162.2358681921021,-1,0.2956548305361062,0.2951984154712372,28.9,0.6654830536106215,2.3027095280644345,1.7504291241985366
frame_473,0,255,4,-1,False,False,True,1.7165647,False,[],,50.38031429581029,-161.99099960518274,-1,0.2916978703144515,0.29480050160447,28.9,0.2697870314451511,0.93351913994862,1.7447668739324491
frame_474,0,255,4,-1,False,False,True,1.7079117,False,[],,50.75692202403707,-161.9873547579785,-1,0.2925562692383789,0.3076332749060929,28.9,0.3556269238378984,1.230542989058472,1.7440673019249402
frame_475,0,255,4,-1,False,False,True,1.7165941,False,[],,50.30441074420475,-163.37073733597268,-1,0.2786334936145185,0.2961957702272061,28.9,1.0366506385481478,3.587026430962449,1.7429720955265706
frame_476,0,255,4,-1,False,False,True,1.7880156,False,[],,48.86014114327497,-164.34677620157288,-1,0.2879392018105857,0.2870586605696564,28.9,0.1060798189414236,0.3670581970291474,1.7382264708494233
frame_477,0,255,4,-1,False,False,True,1.8594689,True,[],,48.92604116080285,-164.84510107082608,-1,0.2904895867242973,0.2850335940300638,28.9,0.1489586724297387,0.5154279322828329,1.7388965615379608
frame_478,0,255,4,-1,False,False,True,1.8585107,True,[],,49.817685891904965,-164.1910924236108,-1,0.2963400893645649,0.2905054928256178,28.9,0.7340089364564928,2.539823309538037,1.7439986164737524
frame_479,0,255,4,-1,False,False,True,1.8229053,True,[],,49.04127499782791,-163.43648434420558,-1,0.2950248973436435,0.2918699600028211,28.9,0.6024897343643587,2.0847395652745977,1.7474321870500826
frame_480,0,255,4,-1,False,False,True,1.7848961,False,[],,47.84472652576851,-163.30100439462808,-1,0.305813260530057,0.300428977232808,28.9,1.6813260530056997,5.817737207632179,1.7475605177188454
frame_481,0,255,4,-1,False,False,True,1.7514479,False,[],,44.7275106467604,-162.07833695001753,-1,0.2886883055508815,0.2807583127144829,28.9,0.0311694449118438,0.1078527505600132,1.7413346363568358
frame_482,0,255,4,-1,False,False,True,1.7652345,False,[],,46.26462482813006,-163.39777484280208,-1,0.2939582753000087,0.2976487948799737,28.9,0.4958275300008752,1.715666193774655,1.7441522515882488
frame_483,0,255,4,-1,False,False,True,1.7888179,False,[],,47.07252377221876,-163.83927132270418,-1,0.2853782910144617,0.2833698012404449,28.9,0.3621708985538208,1.2531865001862312,1.7460165029225396
frame_484,0,255,4,-1,False,False,True,1.880701,True,[],,46.07155132306861,-164.37491430298718,-1,0.2917775034763963,0.2846291422526583,28.9,0.2777503476396326,0.9610738672651646,1.7335482408156169
frame_485,0,255,4,-1,False,False,True,1.8956686,True,[],,46.182128310668325,-164.7101151968312,-1,0.284385123715928,0.2814029475149476,28.9,0.4614876284071922,1.5968430048691775,1.739718000271788
frame_486,0,255,4,-1,False,False,True,1.8727024,True,[],,46.82163543712236,-163.79986689134117,-1,0.2727633988649327,0.2837492804052766,28.9,1.6236601135067252,5.618201084798358,1.742811331783768
frame_487,0,255,4,-1,False,False,True,1.8585683,True,[],,46.53827967421192,-163.52674288323792,-1,0.2993112716209984,0.3038787541685177,28.9,1.0311271620998486,3.5679140557088185,1.749549303126533
frame_488,0,255,4,-1,False,False,True,1.8531343,True,[],,45.84233266482859,-163.15350861030922,-1,0.2968121832959562,0.2938339056533973,28.9,0.7812183295956288,2.703177611057539,1.745995786655523
frame_489,0,255,4,-1,False,False,True,1.865239,True,[],,44.99187534379272,-163.26773788255073,-1,0.2934347514066022,0.2869688625263597,28.9,0.4434751406602266,1.5345160576478432,1.748950708046964
frame_490,0,255,4,-1,False,False,True,1.869661,True,[],,45.11321486468693,-164.58308603256256,-1,0.2853830996199478,0.2940015001931247,28.9,0.361690038005219,1.2515226228554293,1.7424699330928168
frame_491,0,255,4,-1,False,False,True,1.8711374,True,[],,44.07830300802389,-163.83779287476457,-1,0.3112194333890961,0.3048508241297304,28.9,2.22194333890961,7.688385255742595,1.748519041643172
frame_492,0,255,4,-1,False,False,True,1.9066434,True,[],,-43.06118884952722,14.619364206398997,-1,0.2858926140534807,0.2868666491557214,28.9,0.3107385946519214,1.0752200506986902,1.751532524366131
frame_493,0,255,4,-1,False,False,True,1.94134,True,[],,44.683977075996566,-165.48138832236629,-1,0.3070623780620303,0.2966428552855257,28.9,1.8062378062030315,6.249957806930905,1.7519190001016842
frame_494,0,255,4,-1,False,False,True,2.0057464,True,[],,-42.63417130392047,14.19204900808558,-1,0.2817330161092035,0.290410492392357,28.9,0.7266983890796441,2.51452729785344,1.746678737679539
frame_495,0,255,4,-1,False,False,True,2.0764678,True,[],,45.98506407514888,-166.5376465777196,-1,0.318144295183294,0.310120522437278,28.9,2.914429518329404,10.084531205292055,1.7581820136299653
frame_496,0,255,4,-1,False,False,True,2.170678,True,[],,-43.63858584452909,12.53349191831036,-1,0.2960101660418388,0.296691366100739,28.9,0.701016604183885,2.425662990255657,1.7555389028639885
frame_497,0,255,4,-1,False,False,True,2.2679162,True,[],,-42.83590211677532,13.542145031928223,-1,0.2891883767800267,0.2960755699907308,28.9,0.0188376780026755,0.0651822768258669,1.7472732619557318
frame_498,0,255,4,-1,False,False,True,2.295763,True,[],,-42.99514173448885,11.926878744967162,-1,0.2872618252066257,0.2972977609342646,28.9,0.1738174793374292,0.601444565181416,1.7516612240999117
frame_499,0,255,4,-1,False,False,True,2.3126287,True,[],,-43.7926734548279,11.559746426392492,-1,0.2870578432791104,0.2924875126920442,28.9,0.1942156720889543,0.6720265470206032,1.7621104403963832
frame_500,0,255,4,-1,False,False,True,2.3536944,True,[],,-44.35312892048589,10.518826160135434,-1,0.3037478393265185,0.314211221046678,28.9,1.474783932651852,5.103058590490837,1.7543805656476874
frame_501,0,255,4,-1,False,False,True,2.3712652,True,[],,44.79169333362321,-168.7471718572235,-1,0.3122035369866078,0.3079442643373486,28.9,2.320353698660788,8.028905531698229,1.7585109747563488
frame_502,0,255,4,-1,False,False,True,2.3389013,True,[],,-43.59413831096412,11.81010148871454,-1,0.2855000238039442,0.2915942918345841,28.9,0.3499976196055743,1.2110644277009492,1.7532754498151202
frame_503,0,255,4,-1,False,False,True,2.3059533,True,[],,45.77522001581461,-167.96596491287409,-1,0.3095922415612204,0.3036292203763909,28.9,2.0592241561220472,7.1253431007683306,1.7479162172933016
frame_504,0,255,4,-1,False,False,True,2.3718715,True,[],,44.58751945995148,-167.3173615184066,-1,0.2898714977548047,0.287240180657774,28.9,0.0871497754804717,0.3015563165414248,1.748861214665399
frame_505,0,255,4,-1,False,False,True,2.3919463,True,[],,45.793669884055824,-168.46147744318674,-1,0.2981611994087885,0.3000155021883519,28.9,0.9161199408788512,3.169965193352427,1.758922054403289
frame_506,0,255,4,-1,False,False,True,2.3730662,True,[],,-44.165588011898144,10.413915385672937,-1,0.3121562797882673,0.30817699428667,28.9,2.3156279788267344,8.012553559954098,1.7542970623766738
frame_507,0,255,4,-1,False,False,True,2.3138964,True,[],,-43.46862727877711,10.89047278169754,-1,0.2871803545645046,0.296793766184695,28.9,0.1819645435495342,0.6296350987873159,1.757564958396966
frame_508,0,255,4,-1,False,False,True,2.302968,True,[],,-42.89247027450173,10.999891938686105,-1,0.278766857778425,0.2959456893785471,28.9,1.0233142221574951,3.5408796614446207,1.7595758790091465
frame_509,0,255,4,-1,False,False,True,2.2923863,True,[],,46.59548607383433,-169.64168043308277,-1,0.2750698379034879,0.2991127495496958,28.9,1.3930162096512044,4.820125292910742,1.756232562174857
frame_510,0,255,4,-1,False,False,True,2.2964525,True,[],,45.57964180529967,-169.19021298146194,-1,0.2815709192021707,0.2834669529588317,28.9,0.7429080797829279,2.570616193020512,1.755871243378497
frame_511,0,255,4,-1,False,False,True,2.3610802,True,[],,47.016063888412575,-168.59221060014858,-1,0.3051690829482594,0.2957477224492316,28.9,1.6169082948259417,5.594838390401183,1.753925102546316
frame_512,0,255,4,-1,False,False,True,2.3146152,True,[],,44.79128524872363,-167.8909285468945,-1,0.2993538857632958,0.3063107032392541,28.9,1.0353885763295825,3.582659433666375,1.7543505370713937
frame_513,0,255,4,-1,False,False,True,2.3176413,True,[],,47.34827855223553,-170.22210379963266,-1,0.301574325252093,0.2973184219766639,28.9,1.2574325252093066,4.350977595879954,1.765285753144442
frame_514,0,255,4,-1,False,False,True,2.3097498,True,[],,-40.57883100254721,7.696269911602697,-1,0.2633534422332966,0.2594380622795365,28.9,2.564655776670338,8.874241441765877,1.8023180546330624
frame_515,0,255,4,-1,False,False,True,2.3387246,True,[],,49.18305314349296,-170.16683007275495,-1,0.2873919176615906,0.2951975512511548,28.9,0.1608082338409311,0.5564298748821146,1.764901252115095
frame_516,0,255,4,-1,False,False,True,2.2904701,True,[],,47.98543948762031,-168.82508700447778,-1,0.2812233938312376,0.2941374899969913,28.9,0.7776606168762357,2.690867186422961,1.7611869842159622
frame_517,0,255,4,-1,False,False,True,2.2726452,True,[],,49.39506706596293,-168.7391949758556,-1,0.2918984724748483,0.2894470825789383,28.9,0.2898472474848368,1.0029316521966674,1.7598761034946817
frame_518,0,255,4,-1,False,False,True,2.2184813,True,[],,49.14267189655518,-168.6225250237559,-1,0.3300301347405123,0.3431535830510325,28.9,4.103013474051237,14.197278456924698,1.7658816510775048
frame_519,0,255,4,-1,False,False,True,2.2892797,True,[],,52.63537456000736,-168.14005896889333,-1,0.2891804072730002,0.3060911800017715,28.9,0.0180407273000227,0.0624246619377948,1.762089701356559
frame_520,0,255,4,-1,False,False,True,2.3283482,True,[],,50.74041365185867,-170.98596557500403,-1,0.2862598728626082,0.3007510721642558,28.9,0.2740127137391746,0.9481408779902236,1.7615210884639194
frame_521,0,255,4,-1,False,False,True,2.2910135,True,[],,51.79467345674635,-170.39787577957645,-1,0.3065532875665491,0.299964326053317,28.9,1.7553287566549114,6.073801926141562,1.758147265139748
frame_522,0,255,4,-1,False,False,True,2.3191566,True,[],,50.38124893725112,-168.80913446328802,-1,0.3134654445002656,0.3069049854676103,28.9,2.446544450026561,8.465551730195713,1.7635445658539546
frame_523,0,255,4,-1,False,False,True,2.290214,True,[],,50.79791461186795,-169.22251711853943,-1,0.3098921197392663,0.2995781087097862,28.9,2.089211973926636,7.2291071762167345,1.7642023943058431
frame_524,0,255,4,-1,False,False,True,2.2406967,True,[],,-21.39041539998776,15.104496585090937,-1,0.1760678527817402,0.1891047275397274,28.9,11.293214721825978,39.076867549570856,1.8363942517790683
frame_525,0,255,4,-1,False,False,True,2.2315824,True,[],,50.96016369570056,-167.54350670774627,-1,0.285972319137878,0.2980348349881619,28.9,0.3027680862121962,1.047640436720402,1.761528548925496
frame_526,0,255,4,-1,False,False,True,2.2193742,True,[],,53.10759049718453,-168.21416377117023,-1,0.3051881008759607,0.3106512027976775,28.9,1.6188100875960731,5.601418988221707,1.7753911417838335
frame_527,0,255,4,-1,False,False,True,2.2060115,True,[],,53.19391135167166,-168.20510756194588,-1,0.3068273814461608,0.3038388545237591,28.9,1.7827381446160862,6.168644099017599,1.7638027086229382
frame_528,0,255,4,-1,False,False,True,2.1538377,True,[],,52.66077534537356,-167.87365489291665,-1,0.304572594953816,0.3112107229861301,28.9,1.5572594953816077,5.388441160489992,1.767176049590888
frame_529,0,255,4,-1,False,False,True,2.1548119,True,[],,52.72875474675254,-167.81838777057965,-1,0.3046120721390835,0.2995274312043041,28.9,1.56120721390835,5.402101086188062,1.7606693465058116
frame_530,0,255,4,-1,False,False,True,2.1092896,True,[],,53.92697951366912,-166.81496826678656,-1,0.2921172971211923,0.2954478524719432,28.9,0.3117297121192297,1.0786495229039093,1.7730811827092965
frame_531,0,255,4,-1,False,False,True,2.1018422,True,[],,54.662272036308806,-166.60849075790082,-1,0.2869382402271785,0.3046475806835896,28.9,0.2061759772821469,0.7134116860973945,1.7690562944154482
frame_532,0,255,4,-1,False,False,True,2.0380564,True,[],,54.03191051811955,-165.67943589819583,-1,0.3032826011071332,0.3003569180395689,28.9,1.4282601107133253,4.942076507658565,1.7712876941609756
frame_533,0,255,4,-1,False,False,True,2.0495741,True,[],,57.05027408595542,-165.91678581819122,-1,0.2927545056127794,0.3116036919933075,28.9,0.3754505612779402,1.2991368902350873,1.766153152109963
frame_534,0,255,4,-1,False,False,True,2.0459676,True,[],,57.17926354996371,-166.86926942093075,-1,0.2865561142030428,0.301796924651199,28.9,0.2443885796957146,0.8456352238606042,1.7692295008486338
frame_535,0,255,4,-1,False,False,True,2.0278451,True,[],,55.15540449538443,-166.4718024516463,-1,0.2889794388244966,0.3072731883968551,28.9,0.0020561175503364,0.0071145935997799,1.7694994727133528
frame_536,0,255,4,-1,False,False,True,2.0130653,True,[],,57.46612291282676,-165.99857354768116,-1,0.2932960452428226,0.3020855381737096,28.9,0.4296045242822621,1.486520845267343,1.77225589781487
frame_537,0,255,4,-1,False,False,True,1.9744629,True,[],,56.183946743212765,-165.17454834645764,-1,0.3106834588907039,0.3084241063534354,28.9,2.1683458890703946,7.502926951800674,1.770304814291878
frame_538,0,255,4,-1,False,False,True,1.9855051,True,[],,55.894025203815566,-165.4579428561451,-1,0.3104406594860212,0.3109733276183596,28.9,2.14406594860212,7.418913316962353,1.7677223721670765
frame_539,0,255,4,-1,False,False,True,2.0686343,True,[],,56.03231656867814,-169.19232337163393,-1,0.2991170279358888,0.3083697693994792,28.9,1.0117027935888812,3.500701707920004,1.7587264947402172
frame_540,0,255,4,-1,False,False,True,2.0654068,True,[],,57.55909500049207,-165.60987432485828,-1,0.2848145435924183,0.3527643017806858,28.9,0.4185456407581667,1.4482548123119954,1.7743135791925284
frame_541,0,255,4,-1,False,False,True,1.9864744,True,[],,54.46495289148229,-167.16947233051775,-1,0.2853551412925519,0.2930453436749476,28.9,0.3644858707448073,1.2611967845841086,1.7481305500692572
frame_542,0,255,4,-1,False,False,True,1.9823552,True,[],,58.176054923438365,-165.2032807155418,-1,0.3000582076287414,0.3116249362497653,28.9,1.105820762874149,3.8263694217098574,1.777001126582578
frame_543,0,255,4,-1,False,False,True,1.9562204,True,[],,58.32136991490758,-165.89491603528114,-1,0.3323647991996903,0.331399671141507,28.9,4.336479919969033,15.005120830342674,1.7738123876384542
frame_544,0,255,4,-1,False,False,True,1.9469906,True,[],,56.9712688329267,-165.592059591404,-1,0.2977639955034588,0.3078747294973206,28.9,0.8763995503458799,3.0325243956604844,1.7689009094012598
frame_545,0,255,4,-1,False,False,True,1.9126092,True,[],,54.67833157852135,-164.5594858305414,-1,0.3092063738984734,0.3136296277476867,28.9,2.020637389847341,6.991824878364501,1.7606863298319502
frame_546,0,255,4,-1,False,False,True,1.9004507,True,[],,54.23688818504089,-164.05247942968558,-1,0.2957202042034592,0.3012688702118846,28.9,0.6720204203459257,2.325330174207356,1.7550176813539826
frame_547,0,255,4,-1,False,False,True,1.9117647,True,[],,56.95968467728073,-164.6174947402733,-1,0.3104267380827392,0.3162085494361867,28.9,2.1426738082739263,7.41409622240113,1.7704416008504935
frame_548,0,255,4,-1,False,False,True,1.9019824,True,[],,55.642515462534064,-164.86420567271654,-1,0.2804304757274636,0.2927485088395496,28.9,0.8569524272536377,2.965233312296325,1.7625754534467102
frame_549,0,255,4,-1,False,False,True,1.9058583,True,[],,56.0509665010004,-163.2668763735315,-1,0.2983486555041308,0.3031846938129854,28.9,0.9348655504130832,3.234828894162918,1.7625965281689733
frame_550,0,255,4,-1,False,False,True,1.9069821,True,[],,56.18288901944821,-164.7119619357953,-1,0.3162417057157267,0.3148535800732762,28.9,2.7241705715726763,9.426195749386425,1.766007313873562
frame_551,0,255,4,-1,False,False,True,1.883019,True,[],,55.946383998489296,-163.85877668887505,-1,0.2953808118470977,0.3037434145535981,28.9,0.6380811847097767,2.207893372698189,1.7668759270559384
frame_552,0,255,4,-1,False,False,True,1.8520756,True,[],,54.97963095781237,-162.69196643673658,-1,0.279696714770788,0.2933762081718834,28.9,0.9303285229211922,3.219129837097551,1.7615296988922933
frame_553,0,255,4,-1,False,False,True,1.8874847,True,[],,55.21747357683401,-162.83962610014723,-1,0.2910859743131424,0.3050376268261181,28.9,0.2085974313142446,0.7217904197724729,1.7645135439598738
frame_554,0,255,4,-1,False,False,True,1.8249784,True,[],,54.48389379534607,-161.63140141299402,-1,0.3066035446003179,0.2977567931489169,28.9,1.7603544600317933,6.091191903224199,1.7612580720946174
frame_555,0,255,4,-1,False,False,True,1.8248953,True,[],,59.65527463722397,-160.88899853915757,-1,0.3171986886398366,0.3705594404200745,28.9,2.81986886398366,9.757331709286024,1.772463396191597
frame_556,0,255,4,-1,False,False,True,1.8398261,True,[],,57.42866185966949,-162.87044179237145,-1,0.2939627899113735,0.3085198107558364,28.9,0.4962789911373499,1.717228343035813,1.7745373613921835
frame_557,0,255,4,-1,False,False,True,1.8234026,True,[],,57.21154210219431,-163.6658030090149,-1,0.3043257380300204,0.313970636538041,28.9,1.5325738030020408,5.303023539799449,1.767762928695367
frame_558,0,255,4,-1,False,False,True,1.8255138,True,[],,58.34973198443859,-162.49698461389266,-1,0.2940693080670009,0.3132881356265916,28.9,0.5069308067000955,1.7540858363325105,1.7784592751437014
frame_559,0,255,4,-1,False,False,True,1.8492188,True,[],,58.19951592222615,-164.07896387770143,-1,0.3194306558883186,0.3308791627487698,28.9,3.043065588831867,10.529638715681202,1.7703551110872695
frame_560,0,255,4,-1,False,False,True,1.873663,True,[],,55.60329615003759,-163.2234481196371,-1,0.304619804172791,0.3098713560808365,28.9,1.561980417279102,5.404776530377515,1.764443162713517
frame_561,0,255,4,-1,False,False,True,1.8437476,True,[],,55.66875855052861,-163.0570698643676,-1,0.307140733257746,0.3089817279720643,28.9,1.814073325774607,6.277070331400024,1.7694917269920072
frame_562,0,255,4,-1,False,False,True,1.8406887,True,[],,54.582671244028745,-162.5678844661414,-1,0.2817686959300367,0.2981867936303647,28.9,0.7231304069963251,2.50218133908763,1.7575564598245377
frame_563,0,255,4,-1,False,False,True,1.8154906,True,[],,59.532222062038905,-161.43092079237672,-1,0.3169145443123831,0.3082351458482538,28.9,2.7914544312383107,9.659011872796922,1.7811225874392629
frame_564,0,255,4,-1,False,False,True,1.835724,True,[],,57.96159099025524,-163.48413980200573,-1,0.3041170155801742,0.3072529774998572,28.9,1.5117015580174251,5.230801238814621,1.7695634494166863
frame_565,0,255,4,-1,False,False,True,1.8056833,True,[],,59.2945511992299,-162.32631024237895,-1,0.3002803981628192,0.3067827620928112,28.9,1.1280398162819285,3.9032519594530393,1.7779962645737968
frame_566,0,255,4,-1,False,False,True,1.772418,False,[],,60.04629247821086,-161.30853798156696,-1,0.2898882421906936,0.3081765458330153,28.9,0.0888242190693666,0.3073502389943483,1.779983357929048
frame_567,0,255,4,-1,False,False,True,1.7887857,False,[],,58.90728684690569,-163.37631540759136,-1,0.2897607967452134,0.3053908341096417,28.9,0.0760796745213399,0.263251468931972,1.7846574873786265
frame_568,0,255,4,-1,False,False,True,1.7647758,False,[],,58.943166836761975,-162.70301209549945,-1,0.2823944778736527,0.2990836949995424,28.9,0.6605522126347296,2.28564779458384,1.7746111875822563
frame_569,0,255,4,-1,False,False,True,1.7316742,False,[],,63.22845704457298,-161.34677653270256,-1,0.3036327457084842,0.4023064896211283,28.9,1.4632745708484218,5.06323380916409,1.7914363110010956
frame_570,0,255,4,-1,False,False,True,1.7034159,False,[],,-38.56931698370685,16.71948021907428,-1,0.1796287992073511,0.1806296976084468,28.9,10.93712007926489,37.84470615662592,1.847132225855201
frame_571,0,255,4,-1,False,False,True,1.6771318,False,[],,58.87441388696693,-161.72739625842968,-1,0.2708995959701965,0.2804660982287734,28.9,1.8100404029803447,6.26311558124687,1.7772877489112868
frame_572,0,255,4,-1,False,False,True,1.68967,False,[],,60.787398353592735,-164.89151110049102,-1,0.2745206313293886,0.3000293719106399,28.9,1.4479368670611337,5.010162169761708,1.7824661407192306
frame_573,0,255,4,-1,False,False,True,1.6649557,False,[],,61.33054341041973,-162.63108840020703,-1,0.2931703288154657,0.2928791411985179,28.9,0.4170328815465696,1.443020351372213,1.781216831446021
frame_574,0,255,4,-1,False,False,True,1.6726382,False,[],,61.2755317895103,-162.88277894130644,-1,0.2854888214361812,0.2945911657697015,28.9,0.3511178563818717,1.2149406795220477,1.7819165886898187
frame_575,0,255,4,-1,False,False,True,1.6434357,False,[],,65.49761134192545,-159.22302721654654,-1,0.3047643569089999,0.3613094381940319,28.9,1.5764356908999966,5.4547947782006805,1.801051251209565
frame_576,0,255,4,-1,False,False,True,1.6265469,False,[],,62.0508428283799,-160.15756353094474,-1,0.2859932529437792,0.2897189048110189,28.9,0.3006747056220782,1.0403969052667066,1.7860567870150523
frame_577,0,255,4,-1,False,False,True,1.612498,False,[],,64.52780890206327,-159.59351658166074,-1,0.292190002640579,0.3089089244045709,28.9,0.3190002640579059,1.1038071420688789,1.796720320312538
frame_578,0,255,4,-1,False,False,True,1.6128933,False,[],,64.0395742622348,-163.29150748775876,-1,0.29242731108165,0.3123840125910637,28.9,0.3427311081650008,1.1859207894982728,1.792759686021365
frame_579,0,255,4,-1,False,False,True,1.5749888,False,[],,63.79091536442648,-159.13610492461376,-1,0.3007732198626676,0.3089855440986624,28.9,1.1773219862667603,4.073778499192944,1.7910577650500523
frame_580,0,255,4,-1,False,False,True,1.5154854,False,[],,58.272304532832514,-141.45953808854242,-1,0.2510613022983878,0.2570665077691791,28.9,3.793869770161212,13.127577059381355,1.8621989733000228
frame_581,0,255,4,-1,False,False,True,1.4821391,False,[],,64.45359713472632,-156.85561390613324,-1,0.3107601932840405,0.3100255083136911,28.9,2.17601932840405,7.529478644996712,1.793034600443664
frame_582,0,255,4,-1,False,False,True,1.5110326,False,[],,62.9122351466602,-159.44068005835533,-1,0.2799293419556952,0.292150404929656,28.9,0.9070658044304792,3.138636001489548,1.7903168178503286
frame_583,0,255,4,-1,False,False,True,1.5065901,False,[],,65.8448510246998,-156.24482928628916,-1,0.2890035039539775,0.3514488521021764,28.9,0.0003503953977579,0.0012124408226918,1.7980432396103267
frame_584,0,255,4,-1,False,False,True,1.4929279,False,[],,67.83649708456761,-155.03948657684202,-1,0.3016271611851533,0.3178539032209076,28.9,1.2627161185153335,4.369259925658594,1.79967603776548
frame_585,0,255,4,-1,False,False,True,1.4839776,False,[],,65.22764253285756,-157.8326692268448,-1,0.2871556519291205,0.2858814806196689,28.9,0.1844348070879464,0.638182723487704,1.7905172869538717
frame_586,0,255,4,-1,False,False,True,1.4564915,False,[],,65.07376536715213,-155.57418428774096,-1,0.3011900483085301,0.310577268653804,28.9,1.2190048308530157,4.218009795339154,1.785967273413644
frame_587,0,255,4,-1,False,False,True,1.4070169,False,[],,67.78478476690098,-151.5014762440493,-1,0.3006519288501357,0.3246205596791717,28.9,1.1651928850135718,4.031809290704401,1.7884811963464065
frame_588,0,255,4,-1,False,False,True,1.381455,False,[],,66.38503187197831,-153.7641293228502,-1,0.2844355701423631,0.2902257395449936,28.9,0.4564429857636887,1.5793874939920023,1.7821783286932076
frame_589,0,255,4,-1,False,False,True,1.3920906,False,[],,-1.0,-1.0,-1,-1.0,0.1577158865971364,28.9,,,1.8915741373419137
frame_590,0,255,4,-1,False,False,True,1.3610646,False,[],,69.52019490047425,-148.79834368795474,-1,0.3095313903886254,0.3607667981986143,28.9,2.053139038862545,7.104287331704308,1.809268832305655
frame_591,0,255,4,-1,False,False,True,1.4034816,False,[],,69.8926355500648,-149.9413203600915,-1,0.3069638001177603,0.3191646371388039,28.9,1.796380011776039,6.215847791612591,1.814317313586408
frame_592,0,255,4,-1,False,False,True,1.3973149,False,[],,60.23330941325514,-139.0160242912592,-1,0.2462095446071761,0.2491302304174817,28.9,4.279045539282383,14.806385949073992,1.8692873040561016
frame_593,0,255,4,-1,False,False,True,1.4605274,False,[],,61.34260278014584,-162.0744832969694,-1,0.2704263756409704,0.2747487462022748,28.9,1.8573624359029597,6.426859639802627,1.7063291118842612
frame_594,0,255,4,-1,False,False,True,1.4944971,False,[],,64.69828617010131,-155.58210464874315,-1,0.2679230615278978,0.2767851759435768,28.9,2.107693847210218,7.293058294845045,1.7736250302549137
frame_595,0,255,4,-1,False,False,True,1.4142132,False,[],,-1.0,-1.0,-1,-1.0,0.2146888447805049,28.9,,,1.89059955155236
frame_596,0,255,4,-1,False,False,True,1.3630581,False,[],,67.120504711591,-151.2523258091532,-1,0.2855224731631156,0.2980498057144964,28.9,0.3477526836884348,1.2032964833509856,1.780486891744861
frame_597,0,255,4,-1,False,False,True,1.2950907,False,[],,52.5374274453506,-146.05211626560757,-1,0.1504536613509748,0.1523676463008117,28.9,13.854633864902516,47.93990956713674,1.6948667188188924
frame_598,0,255,4,-1,False,False,True,1.2752384,False,[],,43.00493429828559,-152.665239413801,-1,0.1366301641971068,0.1440365458447195,28.9,15.236983580289316,52.72312657539556,1.6887886350031025
frame_599,0,255,4,-1,False,False,True,1.268037,False,[],,62.46019994062271,-149.59193607506296,-1,0.2946474371784662,0.299263906683009,28.9,0.5647437178466219,1.9541305115800065,1.7236061631832658
frame_600,0,255,4,-1,False,False,True,1.26956,False,[],,61.6577580109823,-147.06603311592332,-1,0.281504755453446,0.2876564106189379,28.9,0.7495244546553981,2.5935102237211005,1.717639869672846
frame_601,0,255,4,-1,False,False,True,1.2749193,False,[],,64.84964152494412,-151.1490063705526,-1,0.285583848704982,0.295644431557055,28.9,0.3416151295017988,1.182059271632522,1.7613850315766677
frame_602,0,255,4,-1,False,False,True,1.2580534,False,[],,50.92145482995092,-148.89888065978138,-1,0.1478358938170307,0.1488923501704185,28.9,14.11641061829692,48.84571148199627,1.6982439168886332
frame_603,0,255,4,-1,False,False,True,1.2486775,False,[],,53.732882588900544,-145.85277878423352,-1,0.2776669458120422,0.2724845956262344,28.9,1.133305418795777,3.9214720373556298,1.693074475603494
frame_604,0,255,4,-1,False,False,True,1.2257221,False,[],,64.55692953893607,-147.55042298714272,-1,0.2876004890342409,0.2926834782857571,28.9,0.1399510965759021,0.4842598497436059,1.7716913310127642
frame_605,0,255,4,-1,False,False,True,1.2336715,False,[],,63.83932025114452,-149.03503880136384,-1,0.2756846293491148,0.2931578356039885,28.9,1.3315370650885117,4.607394688887584,1.7534068459823702
frame_606,0,255,4,-1,False,False,True,1.2517309,False,[],,-35.909236180809444,17.350806506494237,-1,0.1253205869245846,0.1306366330841909,28.9,16.36794130754154,56.63647511260048,1.6827546377279603
frame_607,0,255,4,-1,False,False,True,1.3851504,False,[],,62.23700674071073,-152.32831809231368,-1,0.2861152099333628,0.2917595098921374,28.9,0.2884790066637166,0.998197254891753,1.7438978828540466
frame_608,0,255,4,-1,False,False,True,1.3514502,False,[],,53.723287824088175,-145.12998961979466,-1,0.2372357716815341,0.2350492888625776,28.9,5.176422831846589,17.91149768805048,1.7101614624421226
frame_609,0,255,4,-1,False,False,True,1.3456203,False,[],,-37.74899465944336,17.421985628959785,-1,0.1311237777262373,0.1222276454438967,28.9,15.78762222737627,54.62845061375872,1.6897666402258726
frame_610,0,255,4,-1,False,False,True,1.416977,False,[],,51.36170104737496,-150.00011941620673,-1,0.1659147872287538,0.1799287047942909,28.9,12.308521277124612,42.59003902119243,1.6980522107659726
