frame_id,class_name,object_id,track_id,is_3D_complete,in_image_borders,does_overlap,is_front_fish,aspect_ratio,pointcloud_size_ok,fish_3d_ok,overlapping_fish_ids,fish_direction,elevation_deg,azimuth_deg,raw_length,filtered_length,spine_length,gt,abs_error_cm,rel_error_%,fish_dist_from_camera
frame_0,0,255,1,1,False,False,True,2.6209150840169344,True,True,[],[   -0.45636    -0.18298     0.87078],-37.1318439214688,12.151229040616464,0.2727075883214056,0.2304817539605004,0.23647785954624084,29.1,6.051824603949962,20.796648123539388,1.8709104289373424
frame_1,0,255,1,1,False,False,True,2.7368838995596163,True,True,[],[   -0.46514    -0.18584     0.86551],59.540649693070776,-159.17808697030176,0.28802684918787747,0.28830321300855744,0.297608269386199,29.1,0.2696786991442601,0.9267309248943647,1.8112190656264031
frame_2,0,255,1,1,False,False,True,2.715935595548679,True,True,[],[   -0.49179    -0.18039     0.85182],57.923363991187756,-159.72564618519837,0.27682351954858087,0.2767870943979587,0.2788871305518712,29.1,1.421290560204136,4.884160000701498,1.8093785353748912
frame_3,0,255,1,1,False,False,True,2.8376624241501833,True,True,[],[   -0.46987    -0.19686      0.8605],58.60082179230822,-157.11200705561117,0.2858267433544428,0.2863548273319596,0.29100423616953075,29.1,0.46451726680404315,1.5962792673678456,1.8043113969024587
frame_4,0,255,1,1,False,False,True,2.7178708007638432,True,True,[],[   -0.44485    -0.20734     0.87127],59.88153349509445,-155.26887860310953,0.29216981650579466,0.2928209353990572,0.2975713150514946,29.1,0.18209353990571442,0.6257509962395684,1.8116059563283995
frame_5,0,255,1,1,False,False,True,2.807541296359817,True,True,[],[   -0.39622    -0.18852     0.89859],-20.421116983257328,20.204054238355017,0.28580168464718625,0.20470837794229724,0.19888153823682905,29.1,8.62916220577028,29.653478370344605,1.9006088347787238
frame_6,0,255,1,1,False,False,True,2.864406757607209,True,True,[],[   -0.44595    -0.20505     0.87126],58.925837091578295,-156.3763725984324,0.29307294246168447,0.2788714518145674,0.27696285472663507,29.1,1.212854818543263,4.167885974375475,1.8075872681661342
frame_7,0,255,1,1,False,False,True,2.7195634972823837,True,True,[],[   -0.47997    -0.19672     0.85494],57.63953060329787,-157.91273738189494,0.26524880319591704,0.26616054073270856,0.2665173729612888,29.1,2.4839459267291475,8.535896655426624,1.8111488135077736
frame_8,0,255,1,1,False,False,True,2.7662237586174707,True,True,[],[   -0.46462    -0.20795     0.86075],58.558868195332046,-156.29305781414408,0.26359339334809584,0.2642333217686308,0.2728391087898937,29.1,2.6766678231369245,9.19817121352895,1.8130483650415026
frame_9,0,255,1,1,False,False,True,2.7213114937488254,True,True,[],[   -0.47959    -0.22522      0.8481],57.908577730082136,-154.9160322380599,0.296676708613995,0.29607628996825275,0.3036057333206025,29.1,0.5076289968252712,1.7444295423548837,1.8190770516475152
frame_10,0,255,1,1,False,False,True,2.7142857142857144,True,True,[],[   -0.45567    -0.20771     0.86557],59.1512168091719,-155.304670484178,0.27497317965565515,0.27553357728792904,0.2844911702191433,29.1,1.5466422712070993,5.314921894182471,1.8085818759253254
frame_11,0,255,1,1,False,False,True,2.706965253225019,True,True,[],[   -0.45776    -0.21873     0.86175],57.759481561625684,-154.2959819323642,0.3050567273030429,0.3060244284529192,0.3108719680892943,29.1,1.502442845291918,5.163033832618275,1.8076500407854716
frame_12,0,255,1,1,False,False,True,2.7966103532732567,True,True,[],[   -0.44581     -0.2084     0.87053],60.0946178909489,-154.4397713789494,0.2826636692667741,0.28311207584395914,0.2889482081696487,29.1,0.7887924156040893,2.7106268577460115,1.8151625989983273
frame_13,0,255,1,1,False,False,True,2.794258540210858,True,True,[],[   -0.43961     -0.2314     0.86787],-31.366145440858695,18.55802070057886,0.2723575629743862,0.1944968213459658,0.19333277597859508,29.1,9.650317865403423,33.16260434846537,1.8713253893121315
frame_14,0,255,1,1,False,False,True,2.6671901480259246,True,True,[],[    -0.4386    -0.22717     0.86949],59.401650494765974,-152.9541542170332,0.26453671815276025,0.26522804313079207,0.2681351647307698,29.1,2.577195686920797,8.856342566738133,1.8096902698104145
frame_15,0,255,1,1,False,False,True,2.5976374995321505,True,True,[],[   -0.43856    -0.21519     0.87256],59.2330528136533,-153.81699309356117,0.2705354870065422,0.27166824596923567,0.281570669881126,29.1,1.933175403076437,6.6432144435616385,1.812595738442857
frame_16,0,255,1,1,False,False,True,2.6521032512244935,True,True,[],[   -0.41676    -0.20934     0.88458],60.731302061854024,-153.42016049620784,0.2666520340974734,0.26818057767674164,0.2684476647860588,29.1,2.28194223232584,7.841725884281237,1.816764396310816
frame_17,0,255,1,1,False,False,True,2.589951019773716,True,True,[],[   -0.39002    -0.21766     0.89471],62.906030496380744,-150.61445174886552,0.2812309517842668,0.2818072801723872,0.28716858305209286,29.1,0.9192719827612827,3.159010250038772,1.8214244390951424
frame_18,0,255,1,1,False,False,True,2.606557468744127,True,True,[],[   -0.43259    -0.21346     0.87596],59.73455646301861,-153.9326204315028,0.27541380637820567,0.27662797522206706,0.2859110265588538,29.1,1.437202477793298,4.938840129873875,1.8194470585052378
frame_19,0,255,1,1,False,False,True,2.5685669544832193,True,True,[],[   -0.44899    -0.21828     0.86646],58.2424633176389,-153.96440278441784,0.2868672132697061,0.28796289221394145,0.2895570255253545,29.1,0.30371077860585904,1.0436796515665259,1.8063635457393734
frame_20,0,255,1,1,False,False,True,2.6307693031291692,True,True,[],[   -0.46406    -0.23059     0.85526],57.81797715986328,-153.85618638852785,0.2923736499323466,0.29280125937446666,0.3018585170307652,29.1,0.1801259374466624,0.6189894757617264,1.819106715399286
frame_21,0,255,1,1,False,False,True,2.587628796965217,True,True,[],[   -0.43092    -0.22372     0.87422],59.71958013702348,-152.34877630362408,0.2919473614441035,0.2925305071813058,0.2879015368056429,29.1,0.15305071813057625,0.5259474849847982,1.811536789132393
frame_22,0,255,1,1,False,False,True,2.156250184392481,True,True,[],[   -0.25179     -0.1882     0.94931],67.17237885491836,-143.13117960325178,0.2587449945494098,0.2408089109798932,0.2419735823672001,29.1,5.019108902010682,17.247796914126052,1.7853924294383001
frame_23,0,255,1,1,False,False,True,2.1612901569755376,True,True,[],[   -0.23105    -0.16463     0.95891],72.02523641405101,-144.47827350017963,0.29435857156108547,0.2950375924742332,0.29367826695895505,29.1,0.4037592474233187,1.3874888227605453,1.797977606740334
frame_24,0,255,1,1,False,False,True,2.156250184392481,True,True,[],[   -0.26173    -0.15499     0.95262],66.87410707620703,-145.93351760529694,0.2593102285255837,0.24833677661378695,0.24436810440538476,29.1,4.266322338621309,14.660901507289722,1.7788843290989638
frame_25,0,255,1,1,False,False,True,2.0312502054659074,True,True,[],[   -0.24518    -0.17415     0.95371],67.04829715078542,-144.49396590826035,0.26023536206655873,0.22449916085763766,0.22300613243733436,29.1,6.650083914236237,22.852522042048925,1.779731359186275
frame_26,0,255,1,1,False,False,True,2.3888091863814718,True,True,[],[   -0.40678    -0.21365     0.88819],60.7855600224609,-152.37443407128083,0.27977034990824223,0.28133807414717027,0.28538208604738846,29.1,0.9661925852829767,3.320249433962119,1.8206354931749977
frame_27,0,255,1,1,False,False,True,1.9213484075045704,True,True,[],[   -0.24467    -0.18571     0.95166],66.94960927027562,-142.07148473875048,0.2724323972190761,0.22645741055445034,0.22230947025967607,29.1,6.454258944554969,22.179584001907106,1.786244317803673
frame_28,0,255,1,1,False,False,True,2.440933108300098,True,True,[],[   -0.41846    -0.21155     0.88325],61.19225258254845,-152.9646815666955,0.27885200010193256,0.27949534721698166,0.28870364157155926,29.1,1.1504652783018376,3.953488928872294,1.8260520633209396
frame_29,0,255,1,1,False,False,True,2.4035087066532883,False,False,[],[   -0.37444    -0.17202     0.91116],-1.0,-1.0,-1.0,-1.0,0.17803899235480425,29.1,,,1.8920675465649037
frame_30,0,255,1,1,False,False,True,2.540403752044233,True,True,[],[   -0.42281    -0.19672     0.88461],61.297433393286354,-154.2286375788714,0.2797764528809823,0.2805012299335756,0.28946234634639295,29.1,1.0498770066424412,3.6078247650942994,1.823407436972507
frame_31,0,255,1,1,False,False,True,2.4383560470344836,True,True,[],[   -0.40301    -0.21677     0.88915],60.224894632870445,-151.14785771495298,0.28888320111532906,0.2893101881244713,0.2920369537298919,29.1,0.1689811875528746,0.5806913661610811,1.8151073164255274
frame_32,0,255,1,1,False,False,True,2.542197584152764,True,True,[],[   -0.40853    -0.20823     0.88868],61.970673223228175,-151.90112399838492,0.2782343911199485,0.2790001010775778,0.28500133917339115,29.1,1.1999898922422259,4.123676605643388,1.8175449162799446
frame_33,0,255,1,1,False,False,True,2.5430148151255887,True,True,[],[   -0.37924    -0.19589     0.90432],63.099718019895896,-152.10284952511512,0.27805113198590714,0.2791063716033251,0.2826582031900134,29.1,1.189362839667496,4.0871575246305705,1.8192119570916572
frame_34,0,255,1,1,False,False,True,2.4906688128479977,True,True,[],[   -0.42217    -0.21704     0.88015],60.25323212186986,-152.0303825549343,0.2725663745678051,0.27354709498204244,0.2804615731906601,29.1,1.7452905017957598,5.997561861841099,1.8128179449178579
frame_35,0,255,1,1,False,False,True,2.502354497926112,True,True,[],[   -0.43566    -0.22202      0.8723],59.11175828393729,-152.7337437535391,0.2835248809979469,0.2845794014751426,0.28818614551416266,29.1,0.6420598524857435,2.2063912456554755,1.8101948845863343
frame_36,0,255,1,1,False,False,True,2.4077431052036635,True,True,[],[   -0.40308    -0.20885     0.89102],50.202071282792865,-161.4458510371365,0.2859623981151276,0.25257615505354747,0.261501102589708,29.1,3.8423844946452568,13.204070428334216,1.8743113392163302
frame_37,0,255,1,1,False,False,True,2.488789430625655,True,True,[],[   -0.42944    -0.21058      0.8782],60.80227594240644,-153.766644452773,0.2780735774873373,0.27850837722757693,0.2840804005979005,29.1,1.2491622772423105,4.292653873684916,1.8186336247360004
frame_38,0,255,1,1,False,False,True,2.4954546442647616,True,True,[],[   -0.39488    -0.19675     0.89742],63.589116219997535,-153.03246894852992,0.2757276866210121,0.27601950941564146,0.2836276078638651,29.1,1.4980490584358575,5.147934908714286,1.8309687583749672
frame_39,0,255,1,1,False,False,True,2.530140412464082,True,True,[],[    -0.4379    -0.23349     0.86818],-41.407799773877805,19.480996505467697,0.2702787946662104,0.17804334089721663,0.1778635727939436,29.1,11.295665910278341,38.81672134116268,1.8655421772449137
frame_40,0,255,1,1,False,False,True,2.6139532335490934,True,True,[],[   -0.38464    -0.19848     0.90147],64.18349702499052,-152.9132648251772,0.27841048880220565,0.2785701280895929,0.2793761643973035,29.1,1.242987191040712,4.271433646188013,1.821881094898086
frame_41,0,255,1,1,False,False,True,2.6671664905226016,True,True,[],[   -0.43689    -0.25527     0.86253],58.48346226487666,-149.44511157807216,0.2835098777208547,0.2841659866298998,0.2836724542191962,29.1,0.6834013370100256,2.348458202783593,1.8091260152519584
frame_42,0,255,1,1,False,False,True,2.6102485000222737,True,True,[],[   -0.40182    -0.20019     0.89357],61.345993011159074,-152.39601589455867,0.27232198589262646,0.2742127827052776,0.27630075433735857,29.1,1.6787217294722434,5.768803194062691,1.8087200203582736
frame_43,0,255,1,1,False,False,True,2.695557747927287,True,True,[],[   -0.31195     -0.2127     0.92599],64.00161559202097,-144.98882987042572,0.2813573858961582,0.2843351417670683,0.27978970027546823,29.1,0.6664858232931725,2.2903292896672593,1.7920840298726488
frame_44,0,255,1,1,False,False,True,2.6113428812161104,True,True,[],[   -0.39704    -0.21858     0.89139],61.293439435777636,-150.71241372283922,0.27781769424932246,0.2788999794322331,0.2797928934821725,29.1,1.2100020567766934,4.158082669335716,1.7987056216908237
frame_45,0,255,1,1,False,False,True,2.0312500368784963,True,True,[],[   -0.22909    -0.16907     0.95861],66.66430761778646,-142.4218698318545,0.2724998069023554,0.25209591769342854,0.23661602244249785,29.1,3.8904082306571497,13.36910044899364,1.7741360559616939
frame_46,0,255,1,1,False,False,True,2.521294853616414,True,True,[],[   -0.39529    -0.20701     0.89493],62.00289477652103,-151.6902708109141,0.3001705145992488,0.30123753826169186,0.305641744075245,29.1,1.0237538261691825,3.5180543854611086,1.8201493230493753
frame_47,0,255,1,1,False,False,True,2.4725631535616306,True,True,[],[    -0.3838    -0.21982     0.89687],-8.544144849143878,30.8971606126609,0.30087939845660094,0.17248409533294629,0.20980618900764764,29.1,11.851590466705375,40.72711500586039,1.8821196430607845
frame_48,0,255,1,1,False,False,True,2.4996016211718137,True,True,[],[   -0.41198    -0.21932      0.8844],61.73624498921927,-152.03315446555914,0.2920315326874585,0.29238085270944647,0.30442275992894974,29.1,0.1380852709446434,0.4745198314248914,1.8293345864588761
frame_49,0,255,1,1,False,False,True,2.5847779799432877,True,True,[],[   -0.39164    -0.21584     0.89444],-17.127116470826127,28.38704752660469,0.2760685597938435,0.17555753059500023,0.18354427837142484,29.1,11.544246940499981,39.67095168556695,1.8861499427333297
frame_50,0,255,1,1,False,False,True,2.549132731976298,True,True,[],[    -0.4417    -0.22409     0.86872],58.37337722129816,-152.5311913932719,0.28036826667196,0.2809460091695519,0.2826759121437384,29.1,1.0053990830448112,3.4549796668206567,1.8048655255756911
frame_51,0,255,1,1,False,False,True,2.717808029953181,True,True,[],[   -0.40891    -0.20714     0.88875],61.87049037658097,-153.26220187890573,0.2714188031768312,0.2721616390040027,0.27713098580623297,29.1,1.8838360995997339,6.473663572507676,1.8040723384599384
frame_52,0,255,1,1,False,False,True,2.667766335210371,True,True,[],[   -0.40825    -0.21611     0.88692],-28.284174481027296,15.80537689942364,0.2797498660209592,0.16785917998527855,0.16309111301117407,29.1,12.314082001472148,42.31643299474965,1.8888440583287964
frame_53,0,255,1,1,False,False,True,2.61027831207927,True,True,[],[   -0.44082    -0.21857     0.87058],59.052378931403155,-152.83918675605062,0.28566528224482,0.2863852607761532,0.2905502150908796,29.1,0.4614739223846809,1.5858210391226146,1.8124680839548248
frame_54,0,255,1,1,False,False,True,2.5210354180156296,True,True,[],[   -0.41523    -0.19906     0.88767],62.52477137127035,-153.83805001235783,0.27657561768416605,0.2767200358586477,0.28378543457285244,29.1,1.4279964141352353,4.907204172286032,1.8215943793589104
frame_55,0,255,1,1,False,False,True,2.521604734132197,True,True,[],[   -0.43238    -0.22993     0.87188],58.41678056037844,-151.24776210821923,0.2804772381476919,0.2813589302985475,0.28475263522917826,29.1,0.9641069701452509,3.3130823716331643,1.810985095250961
frame_56,0,255,1,1,False,False,True,2.508090253506987,True,True,[],[    -0.4498    -0.23031     0.86292],58.40153235818125,-152.35195853189182,0.2777433931467399,0.27845099728636136,0.2814768413421351,29.1,1.254900271363868,4.312372066542501,1.8166069981703965
frame_57,0,255,1,1,False,False,True,2.5322579969223185,True,True,[],[   -0.43143    -0.23005     0.87232],58.769659218000236,-151.71511692963668,0.27449294859637874,0.2762239678480227,0.28021764412299044,29.1,1.4776032151977314,5.0776742790300045,1.8161169851314678
frame_58,0,255,1,1,False,False,True,2.608391647367996,True,True,[],[    -0.4359    -0.22579     0.87121],59.8385060515566,-152.33468035259529,0.2819060178123798,0.28265744835074935,0.28545572255225016,29.1,0.8342551649250685,2.8668562368559054,1.814709882306032
frame_59,0,255,1,1,False,False,True,2.6852431780017607,True,True,[],[   -0.45805    -0.23904     0.85618],57.320790465146544,-152.18303263173357,0.27577549743450747,0.27709931999209436,0.27969054393665077,29.1,1.3900680007905675,4.77686598209817,1.8138985163830024
frame_60,0,255,1,1,False,False,True,2.6934189015751384,True,True,[],[   -0.43365    -0.23478     0.86996],58.73580064468419,-151.39828650284895,0.27852843683456174,0.2797923072506805,0.2807029681161971,29.1,1.1207692749319542,3.851440807326303,1.808514056649319
frame_61,0,255,1,1,False,False,True,2.7032713889756335,True,True,[],[    -0.4375    -0.22432     0.87079],59.9548588088025,-151.80019034471016,0.28070212368552605,0.2768671216536096,0.27622940751383934,29.1,1.4132878346390432,4.856659225563722,1.8063102059699352
frame_62,0,255,1,1,False,False,True,2.6463877248451837,True,True,[],[   -0.45594    -0.23131     0.85943],58.04052441831048,-152.83986453894187,0.3004229655187973,0.30076968066850496,0.3013908755174535,29.1,0.9769680668504921,3.357278580242241,1.8137692722399001
frame_63,0,255,1,1,False,False,True,2.689381993891802,True,True,[],[   -0.44337    -0.23236      0.8657],59.45784030930683,-152.1917432924878,0.27254987519899654,0.27288303399767844,0.2761177908668636,29.1,1.81169660023216,6.225761512825292,1.811889311967183
frame_64,0,255,1,1,False,False,True,2.5248174921652833,True,True,[],[   -0.42102    -0.21472     0.88127],55.362221392928,-153.6022655415368,0.27817716790703484,0.2830870480324148,0.28880841231344545,29.1,0.7912951967585236,2.7192274802698404,1.7868802565266253
frame_65,0,255,1,1,False,False,True,2.472661883588499,True,True,[],[   -0.43801    -0.24224     0.86572],59.7883157947056,-150.71113175479164,0.2822164108592078,0.28242792459444055,0.2890469606897228,29.1,0.8572075405559487,2.9457303799173493,1.8195918818969212
frame_66,0,255,1,1,False,False,True,2.6113989455158397,True,True,[],[    -0.4508    -0.22997     0.86249],58.96762707307743,-151.57267743206728,0.2763094310492151,0.2769954930452809,0.2800367428444571,29.1,1.400450695471911,4.812545345264298,1.8077755401880977
frame_67,0,255,1,1,False,False,True,2.7615608307082176,True,True,[],[   -0.44598    -0.26617     0.85455],57.69285627943615,-149.10183560560571,0.2958569652484988,0.2966973705393692,0.30123469088595534,29.1,0.569737053936914,1.9578592918794293,1.8216553439544467
frame_68,0,255,1,1,False,False,True,2.755656080890578,True,True,[],[   -0.45295    -0.23912     0.85887],58.47128694722635,-151.73267573138878,0.28107560352537875,0.2815203704240399,0.2912207084399497,29.1,0.9479629575960158,3.2576046652784045,1.8104472255633484
frame_69,0,255,1,1,False,False,True,2.782969135777128,True,True,[],[   -0.43595    -0.23307     0.86927],59.96777375449619,-152.0239538606223,0.27967151767496534,0.26630498349393306,0.270427217088547,29.1,2.469501650606698,8.48625996772061,1.8088240283654957
frame_70,0,255,1,1,False,False,True,2.7909776702943163,True,True,[],[   -0.43058    -0.23785     0.87065],59.37214586755431,-150.58921755890822,0.2751498263805481,0.2764248802550662,0.2801676238019858,29.1,1.4575119744933862,5.008632214753904,1.8104142537162562
frame_71,0,255,1,1,False,False,True,2.617647114324554,True,True,[],[   -0.37029     -0.2282     0.90045],62.55983877758496,-148.87755116328842,0.25358676505177313,0.2539520998816813,0.25081005382071087,29.1,3.704790011831871,12.73123715406141,1.7978702695396696
frame_72,0,255,1,1,False,False,True,2.572787268017116,True,True,[],[   -0.42751    -0.22571     0.87538],60.32328922935801,-151.906751584091,0.29186168552745007,0.27908129494628553,0.2876238745953537,29.1,1.1918705053714507,4.09577493254794,1.8187241613770437
frame_73,0,255,1,1,False,False,True,2.6022256548955736,True,True,[],[   -0.45054    -0.24044     0.85977],-31.870908371277,20.79988314875929,0.2707197840719908,0.1811938078296509,0.17720059540733887,29.1,10.980619217034915,37.73408665647737,1.8638318349449918
frame_74,0,255,1,1,False,False,True,2.4561403097999697,True,True,[],[   -0.45164    -0.23196     0.86152],59.582006605231825,-152.12901809776582,0.28338801382919,0.28348290623979966,0.29203978805427433,29.1,0.7517093760200377,2.5831937320276213,1.8184284202399708
frame_75,0,255,1,1,False,False,True,2.396988400744928,True,True,[],[   -0.46219    -0.24181     0.85318],57.4950291349147,-152.01022524232087,0.27641920093484806,0.276948494497975,0.2827507260775318,29.1,1.4051505502025052,4.82869604880586,1.8198123751076625
frame_76,0,255,1,1,False,False,True,2.5249040276574477,True,True,[],[   -0.43446    -0.23513     0.86946],54.39774480421273,-160.0036106451784,0.2807717793422857,0.2782430247698038,0.2843448400797477,29.1,1.2756975230196255,4.383840285290809,1.8549862129665982
frame_77,0,255,1,1,False,False,True,2.5549890059715037,True,True,[],[   -0.41177    -0.23408     0.88071],58.91635867493098,-149.92041069345652,0.27488970431304405,0.27584467101577537,0.2774312467569898,29.1,1.515532898422467,5.208016833066897,1.8077427341251184
frame_78,0,255,1,1,False,False,True,2.5410957374835403,True,True,[],[   -0.44206    -0.27011     0.85535],57.20338756961939,-149.1872668570406,0.3136470003959979,0.28093277721517773,0.28638346822719507,29.1,1.0067222784822305,3.459526730179486,1.826295238950889
frame_79,0,255,1,1,False,False,True,2.5630790230102525,True,True,[],[   -0.39353    -0.25721      0.8826],-11.112702311466393,19.482821512629116,0.26876257412837123,0.1777475533632532,0.14432161604583993,29.1,11.325244663674683,38.91836654183739,1.8810654377669431
frame_80,0,255,1,1,False,False,True,2.553834331843359,True,True,[],[   -0.44458    -0.26889     0.85443],57.34847439732478,-148.5134015201431,0.2661732899161766,0.26691070175732534,0.27050422199289786,29.1,2.4089298242674695,8.278109361743882,1.8175895238737407
frame_81,0,255,1,1,False,False,True,2.335294190765229,True,True,[],[   -0.42636    -0.22503     0.87612],59.449761991778516,-151.49938802655234,0.2805160026451945,0.2820506754560186,0.2818995789652847,29.1,0.8949324543981452,3.0753692591001554,1.8063643501535576
frame_82,0,255,1,1,False,False,True,2.447852660273328,True,True,[],[   -0.43147    -0.25249     0.86607],59.165696481803465,-149.54042433986115,0.281981208696201,0.2826091833920348,0.2930104817538849,29.1,0.8390816607965257,2.883442133321394,1.8158129358200714
frame_83,0,255,1,1,False,False,True,2.245562061202138,True,True,[],[   -0.42676    -0.25351     0.86811],59.358980234531316,-148.9212721194546,0.2703021416088962,0.27079230444733304,0.28182321361099405,29.1,2.0207695552666993,6.944225275830582,1.8186001536881395
frame_84,0,255,1,1,False,False,True,2.112202109652936,True,True,[],[    -0.3925    -0.22148     0.89269],62.864184758823264,-150.13707093812886,0.27361069317622433,0.27390541064174867,0.2865651431295838,29.1,1.7094589358251366,5.874429332732428,1.8284073176723947
frame_85,0,255,1,1,False,False,True,2.08571414225038,True,True,[],[   -0.38085    -0.22636      0.8965],-28.918458719178314,28.353470178145443,0.2707355144972401,0.14789140566357561,0.15083432990248152,29.1,14.310859433642442,49.17821111217334,1.8836248411426266
frame_86,0,255,1,1,False,False,True,2.3323351386746363,True,True,[],[   -0.41532    -0.24231     0.87681],60.86757391089986,-148.81103817608593,0.2703622466303963,0.27089102409923105,0.2825809434464651,29.1,2.010897590076899,6.910300996827831,1.8199293585733753
frame_87,0,255,1,1,False,False,True,2.453608210877653,True,True,[],[   -0.42036    -0.29922      0.8566],45.42706536359783,-150.4364767865848,0.2727296487391675,0.20747752483966164,0.2021908891220201,29.1,8.35224751603384,28.701881498398073,1.8619639718201826
frame_88,0,255,1,1,False,False,True,2.473083172149219,True,True,[],[   -0.40199    -0.27533     0.87327],60.80591506442692,-145.192749490248,0.27474814228552225,0.27486973885667854,0.282908502155406,29.1,1.61302611433215,5.543045066433505,1.8305099938032607
frame_89,0,255,1,1,False,False,True,2.4522691402586005,True,True,[],[   -0.37729    -0.26365     0.88777],-12.591522042597607,32.96510955711567,0.30193556305172753,0.14438547778763688,0.14400889186611568,29.1,14.661452221236315,50.38299732383613,1.9006312275942452
frame_90,0,255,1,1,False,False,True,2.2823528290347266,True,True,[],[    -0.3767    -0.24139     0.89433],46.55106431897888,-156.4257334213687,0.26798719032426543,0.19557001045713296,0.21359633893207788,29.1,9.542998954286707,32.79381083947322,1.8782732601539984
frame_91,0,255,1,1,False,False,True,2.264781601554829,True,True,[],[   -0.36372    -0.24967     0.89742],-15.930739745607374,32.11483323793345,0.28317408174991243,0.14343084056151423,0.14279286074277023,29.1,14.75691594384858,50.71105135343154,1.8953157459817283
frame_92,0,255,1,1,False,False,True,2.270353274843609,True,True,[],[   -0.37518    -0.26588       0.888],41.55408109604567,-151.17776979887626,0.2709076546350295,0.1644061811679911,0.1997693923755747,29.1,12.659381883200894,43.50303052646355,1.8853773551503408
frame_93,0,255,1,1,False,False,True,2.2351914917382967,False,False,[],[   -0.37814    -0.24684     0.89223],-1.0,-1.0,-1.0,-1.0,0.21520559735819123,29.1,,,1.8868505049433912
frame_94,0,255,1,1,False,False,True,2.275039740159869,True,True,[],[   -0.40086     -0.2823     0.87156],-31.579704462425305,32.53835573676224,0.28356230941659755,0.1723687647152765,0.178149683094612,29.1,11.863123528472352,40.766747520523545,1.8802776245299928
frame_95,0,255,1,1,False,False,True,2.2402595560955687,True,True,[],[   -0.36752    -0.27525     0.88835],-34.69553553449872,33.2477967929978,0.2699687976954461,0.16253087795905974,0.1853760076485328,29.1,12.84691220409403,44.14746461887983,1.8795934074621061
frame_96,0,255,1,1,False,False,True,2.2590163681596804,True,True,[],[   -0.36312    -0.28963     0.88558],62.62781741415407,-140.37389754621648,0.2533383781594094,0.2514127408632234,0.25359709086745075,29.1,3.958725913677663,13.603869119167229,1.832226715253708
frame_97,0,255,1,1,False,False,True,2.568708497437038,True,True,[],[   -0.34918    -0.29286     0.89011],-25.500706559161795,35.64772339972481,0.26510644683880025,0.13642476906544299,0.14119710401900587,29.1,15.457523093455706,53.118636059985235,1.8741189959702218
frame_98,0,255,1,1,False,False,True,2.435065077286297,False,False,[],[   -0.33815    -0.29024     0.89522],-1.0,-1.0,-1.0,-1.0,0.17133313834287606,29.1,,,1.8861841395906083
frame_99,0,255,1,1,False,False,True,2.5025125678261513,True,True,[],[   -0.37265    -0.31751     0.87196],60.11518025445305,-139.47442865492846,0.2746576209589804,0.274992054948656,0.2839670890739335,29.1,1.6007945051344064,5.5010120451354165,1.8328604740267398
frame_100,0,255,1,1,False,False,True,2.5945945157809103,True,True,[],[   -0.36803    -0.31787     0.87379],60.743211349546925,-139.2741241938261,0.27394581872286183,0.2740428018956198,0.2813221342413337,29.1,1.6957198104380233,5.8272158434296335,1.8250475371910246
frame_101,0,255,1,1,False,False,True,2.591855051884169,False,False,[],[   -0.34544    -0.28407     0.89441],-1.0,-1.0,-1.0,-1.0,0.16280441509907403,29.1,,,1.882929377257824
frame_102,0,255,1,1,False,False,True,2.836547296610284,True,True,[],[     -0.369    -0.28463     0.88477],61.44899632577645,-142.4409202626884,0.2699053183097002,0.2704767363698546,0.27304939242046256,29.1,2.052326363014545,7.052667914139329,1.8223180280449343
frame_103,0,255,1,1,False,False,True,2.7153283007933005,True,True,[],[   -0.39496    -0.31016     0.86476],59.79913289648381,-141.6074649591687,0.2735347556068739,0.27361159317150463,0.2816461302899591,29.1,1.7388406828495406,5.975397535565431,1.8341068165872234
frame_104,0,255,1,1,False,False,True,2.7168769152023247,True,True,[],[    -0.4005    -0.31227     0.86145],59.072573444902794,-141.60541175311081,0.2655911151648207,0.2660050775336862,0.2747229421829681,29.1,2.499492246631385,8.589320435159399,1.8276347761251488
frame_105,0,255,1,1,False,False,True,2.529545381545941,True,True,[],[   -0.42687      -0.315     0.84768],58.28936681351683,-143.0174681754784,0.28678400863103093,0.2867763254524207,0.298796392966755,29.1,0.4223674547579326,1.4514345524327579,1.8272802816675646
frame_106,0,255,1,1,False,False,True,2.4315939157727895,True,True,[],[   -0.41434    -0.28102     0.86565],59.779026766547126,-145.04673910538529,0.27581483342383173,0.2754251923837123,0.2854995805301683,29.1,1.5574807616287711,5.352167565734608,1.8162102302573375
frame_107,0,255,1,1,False,False,True,2.330893184485218,False,False,[],[   -0.39876    -0.28421      0.8719],-1.0,-1.0,-1.0,-1.0,0.17646896108060317,29.1,,,1.8672966638455497
frame_108,0,255,1,1,False,False,True,2.4289197384612113,False,False,[],[   -0.36322     -0.2455     0.89878],-1.0,-1.0,-1.0,-1.0,0.1930290110013846,29.1,,,1.8805164873886566
frame_109,0,255,1,1,False,False,True,2.4190724171436457,True,True,[],[    -0.3701    -0.27698     0.88674],59.175297725268614,-142.00672949793838,0.26859598807666996,0.27102638682443914,0.2734471866823522,29.1,1.99736131755609,6.863784596412679,1.8117487854835315
frame_110,0,255,1,1,False,False,True,2.638468564660413,True,True,[],[   -0.35685    -0.24493     0.90148],62.74909381317971,-145.52841869189223,0.25775358612416377,0.2587975920261838,0.2623988192342308,29.1,3.220240797381624,11.066119578631008,1.8177794074803069
frame_111,0,255,1,1,False,False,True,2.6546230253603693,False,False,[],[   -0.32542     -0.2558     0.91031],-1.0,-1.0,-1.0,-1.0,0.17408026594173615,29.1,,,1.8916354838776703
frame_112,0,255,1,1,False,False,True,2.5000001077195493,True,True,[],[   -0.31933    -0.25232     0.91344],65.33980002032646,-142.2266309657715,0.27829625427146953,0.2663450214671157,0.2724749978761154,29.1,2.465497853288434,8.472501214049602,1.8240674412406688
frame_113,0,255,1,1,False,False,True,2.611110853026713,True,True,[],[   -0.33428    -0.29165     0.89621],63.119465468818824,-138.203761326829,0.28134875608693743,0.28201704783847514,0.2753219905472405,29.1,0.8982952161524893,3.0869251414174887,1.8246164548557435
frame_114,0,255,1,1,False,False,True,2.672618947985829,True,True,[],[   -0.33514    -0.30152     0.89262],62.9138229083716,-138.11533622376626,0.27092451030858733,0.27111457395325744,0.2667259186721648,29.1,1.9885426046742594,6.833479741148657,1.8290760380169742
frame_115,0,255,1,1,False,False,True,2.689555110690934,False,False,[],[   -0.30664     -0.2985     0.90381],-1.0,-1.0,-1.0,-1.0,0.16429676638989021,29.1,,,1.8762892610062667
frame_116,0,255,1,1,False,False,True,2.599999985372886,True,True,[],[   -0.32679    -0.31699     0.89035],62.31403129250573,-136.23161082058297,0.2746179302867695,0.2745699102661736,0.27475518201320404,29.1,1.6430089733826425,5.646078946332104,1.8303554909430402
frame_117,0,255,1,1,False,False,True,2.768915860610639,True,True,[],[   -0.33028    -0.32464      0.8863],61.86107939276424,-135.56288296476907,0.27776662242344097,0.2781582671266487,0.27973861246337295,29.1,1.284173287335133,4.412966623144786,1.8181338023374425
frame_118,0,255,1,1,False,False,True,2.746406683605105,True,True,[],[   -0.33278    -0.32242     0.88617],62.08695391730237,-136.06053549135723,0.27511930644021354,0.27530925662362904,0.27564120959602145,29.1,1.5690743376370997,5.392008033117181,1.8212447218064216
frame_119,0,255,1,1,False,False,True,2.721834669160042,True,True,[],[   -0.33958    -0.29604     0.89278],62.93416788720151,-139.38699708417352,0.27144283960195237,0.2637794071190942,0.26846577488635975,29.1,2.7220592880905836,9.354155629177264,1.811467329876425
frame_120,0,255,1,1,False,False,True,2.673796982514147,False,False,[],[   -0.33276    -0.27519     0.90197],-1.0,-1.0,-1.0,-1.0,0.20239277235560327,29.1,,,1.8692834152011422
frame_121,0,255,1,1,False,False,True,2.582406810580033,True,True,[],[   -0.33932    -0.26017     0.90398],64.01233961892673,-142.60728548159378,0.26705978902561056,0.26778444933662904,0.27310449311383506,29.1,2.3215550663371,7.977852461639517,1.8287133821651798
frame_122,0,255,1,1,False,False,True,2.722621524837721,True,True,[],[   -0.36875    -0.29006     0.88311],60.77613088472005,-141.9719065536691,0.28962920217554977,0.2906719127518973,0.2963177082053977,29.1,0.03280872481027375,0.11274475879819157,1.8196582082762924
frame_123,0,255,1,1,False,False,True,2.5739279697933317,True,True,[],[   -0.37091    -0.29634     0.88012],61.47108289383632,-141.5325868675595,0.2819221582661495,0.2821096977107109,0.2888604205933535,29.1,0.8890302289289109,3.055086697350209,1.8215222748610673
frame_124,0,255,1,1,False,False,True,2.562753232148333,True,True,[],[   -0.36851    -0.28422     0.88511],59.54466260190511,-141.40701899461124,0.27041100773566407,0.2729774046771205,0.278021204476773,29.1,1.802259532287953,6.1933317260754395,1.804271982828776
frame_125,0,255,1,1,False,False,True,2.629460165450986,False,False,[],[   -0.34692     -0.2714     0.89777],-1.0,-1.0,-1.0,-1.0,0.179037078730076,29.1,,,1.877831364842667
frame_126,0,255,1,1,False,False,True,2.571296380255555,True,True,[],[   -0.33386    -0.23591     0.91262],65.44729835298976,-144.82454775789265,0.2725474145386584,0.26658735236308484,0.2723174800154428,29.1,2.4412647636915197,8.389225992067077,1.819491126518648
frame_127,0,255,1,1,False,False,True,2.5285712725089917,True,True,[],[   -0.35001    -0.27259     0.89621],61.152631356506426,-141.36876287973968,0.2648943463044815,0.2640713275867994,0.26991616109905836,29.1,2.6928672413200627,9.253839317251074,1.8105479773301614
frame_128,0,255,1,1,False,False,True,2.5350717116303993,True,True,[],[   -0.36856    -0.28667      0.8843],60.14376301396446,-141.73216147147863,0.2811082215527667,0.2827260255291546,0.28570071066861136,29.1,0.8273974470845435,2.843290196166816,1.81122879213045
frame_129,0,255,1,1,False,False,True,2.55434799683994,True,True,[],[   -0.34297    -0.25627     0.90371],63.84038007338771,-142.68669646496554,0.2648546156733289,0.26484342925962223,0.2719880384030926,29.1,2.6156570740377805,8.98851228191677,1.819257190415563
frame_130,0,255,1,1,False,False,True,2.6000000148177533,True,True,[],[   -0.33097    -0.29295     0.89702],60.959198985042676,-138.42511661034933,0.27766594756615737,0.2796442236017329,0.2836228582271254,29.1,1.1355776398267126,3.9023286591983246,1.8201947496996986
frame_131,0,255,1,1,False,False,True,2.6203207343956874,True,True,[],[    -0.3444    -0.28071     0.89588],61.31866783272517,-139.8202353425014,0.27876537268987733,0.2805590050553768,0.2833765782027279,29.1,1.044099494462325,3.587970771348196,1.819196688817895
frame_132,0,255,1,1,False,False,True,2.583035924610483,True,True,[],[   -0.34455    -0.28516     0.89441],61.828958983936175,-140.03060361255683,0.2821969508625868,0.2834727114011044,0.29042880313095687,29.1,0.7527288598895621,2.58669711302255,1.8340263598966429
frame_133,0,255,1,1,False,False,True,2.7758114039254287,False,False,[],[   -0.31297    -0.26376      0.9124],-1.0,-1.0,-1.0,-1.0,0.22823508248577376,29.1,,,1.8883376172150423
frame_134,0,255,1,1,False,False,True,2.470162669300046,False,False,[],[   -0.31504     -0.2377     0.91883],-1.0,-1.0,-1.0,-1.0,0.22209345544327788,29.1,,,1.8855476588533635
frame_135,0,255,1,1,False,False,True,2.5314283673994424,False,False,[],[   -0.32191    -0.23893     0.91613],-1.0,-1.0,-1.0,-1.0,0.24008099925062748,29.1,,,1.8784389756760507
frame_136,0,255,1,1,False,False,True,2.455035891071655,False,False,[],[   -0.32787    -0.24211     0.91317],-1.0,-1.0,-1.0,-1.0,0.14941617723783715,29.1,,,1.8895339113910024
frame_137,0,255,1,1,False,False,True,2.2427746247963958,False,False,[],[   -0.35265    -0.25884     0.89924],-1.0,-1.0,-1.0,-1.0,0.19444724548139086,29.1,,,1.8702644756740743
frame_138,0,255,1,1,False,False,True,2.3824628371913943,True,True,[],[   -0.32298    -0.24299     0.91468],66.0215892606124,-142.79433247185293,0.29794642274890326,0.29725225384913445,0.2976953210389464,29.1,0.6252253849134415,2.1485408416269465,1.8309170049862216
frame_139,0,255,1,1,False,False,True,2.356445455544003,False,False,[],[   -0.31324    -0.23158     0.92101],-1.0,-1.0,-1.0,-1.0,0.14805058759500106,29.1,,,1.8899975652555387
frame_140,0,255,1,1,False,False,True,2.3589742029118623,True,True,[],[   -0.31899    -0.23943     0.91702],66.32399285011726,-143.18214009710226,0.26271648198362585,0.2620185849357337,0.26465921494006794,29.1,2.8981415064266325,9.959249162978118,1.8338682376094209
frame_141,0,255,1,1,False,False,True,2.4211541380858184,True,True,[],[   -0.32139    -0.27018     0.90759],64.3391515075938,-138.97165470042805,0.27567526458723,0.27636464829277907,0.2808471764045043,29.1,1.4635351707220967,5.029330483581088,1.8232889489978987
frame_142,0,255,1,1,False,False,True,2.4024144180353035,True,True,[],[   -0.32036     -0.2504      0.9136],65.33617077875866,-141.5675659241015,0.2715330348322711,0.27214158555916534,0.2762657615650086,29.1,1.8858414440834692,6.480554790664843,1.8224807489389754
frame_143,0,255,1,1,False,False,True,2.5752303634474587,False,False,[],[   -0.30434    -0.26896     0.91381],-1.0,-1.0,-1.0,-1.0,0.1943506393118435,29.1,,,1.8835004206859705
frame_144,0,255,1,1,False,False,True,2.703308507272805,True,True,[],[    -0.3013    -0.28133     0.91108],65.3501958107334,-140.0595229826989,0.2873024418864374,0.28701719540699977,0.28249566189110276,29.1,0.39828045930002665,1.36866137216504,1.8370695907667458
frame_145,0,255,1,1,False,False,True,2.7962771151113612,True,True,[],[   -0.28841    -0.28118     0.91529],12.303322749396495,54.9561267508205,0.28214278740931475,0.1612401210906041,0.16066808616500372,29.1,12.975987890939594,44.59102368020479,1.8867571895219841
frame_146,0,255,1,1,False,False,True,2.8076924806591004,False,False,[],[   -0.30934    -0.27089     0.91155],-1.0,-1.0,-1.0,-1.0,0.22746959602380257,29.1,,,1.876231677333514
frame_147,0,255,1,1,False,False,True,2.7913043443818673,True,True,[],[   -0.32409    -0.27509     0.90515],63.30037259660514,-139.8370257120769,0.26841452602261273,0.2694126212089043,0.2720151900924271,29.1,2.1587378791095735,7.418343227180664,1.815760125199724
frame_148,0,255,1,1,False,False,True,2.8257081436780997,True,True,[],[   -0.33034    -0.28905     0.89852],61.48637094142175,-138.30872272169185,0.2864619507300372,0.2880250140614673,0.28950526337583626,29.1,0.2974985938532737,1.0223319376401159,1.8038062580238432
frame_149,0,255,1,1,False,False,True,2.9375000948304186,True,True,[],[   -0.31258    -0.24459     0.91786],66.13499637102446,-142.10752287170217,0.2849457471328798,0.28539299209723135,0.28444033189706563,29.1,0.560700790276869,1.9268068394394124,1.8240919878583626
frame_150,0,255,1,1,False,False,True,2.6571428461330675,True,True,[],[   -0.33843     -0.2644     0.90308],64.02777178012138,-141.99306939498297,0.27294660848872976,0.2734533771552379,0.2775112432763738,29.1,1.754662284476216,6.029767300605553,1.820776421733019
frame_151,0,255,1,1,False,False,True,2.687956009224591,True,True,[],[   -0.33819    -0.26372     0.90337],62.42117323695847,-141.82055215001836,0.2753318234253086,0.2770185192770531,0.28236072724825656,29.1,1.3981480722946915,4.804632550840864,1.8146577032945923
frame_152,0,255,1,1,False,False,True,2.5000002538517836,True,True,[],[   -0.32871    -0.24638     0.91173],65.37951510311167,-143.3126127997083,0.27865799774680955,0.2789772477548704,0.2850060435128995,29.1,1.2022752245129609,4.131529981144196,1.8233134237731374
frame_153,0,255,1,1,False,False,True,2.44464438114283,False,False,[],[   -0.31693    -0.24173     0.91713],-1.0,-1.0,-1.0,-1.0,0.16559153563149587,29.1,,,1.8766063719178596
frame_154,0,255,1,1,False,False,True,2.5823140034870073,True,True,[],[   -0.32739    -0.23855     0.91428],65.93292296430282,-143.91178973245727,0.26547288105313793,0.26506404599588507,0.26980371924440666,29.1,2.593595400411497,8.912698970486243,1.820450276707785
frame_155,0,255,1,1,False,False,True,2.5213678394166252,False,False,[],[   -0.31214    -0.22903     0.92202],-1.0,-1.0,-1.0,-1.0,0.226157910004388,29.1,,,1.878010878184388
frame_156,0,255,1,1,False,False,True,2.351103143490141,True,True,[],[   -0.32469    -0.26583      0.9077],63.901832594301425,-140.22496125853257,0.28619178041008797,0.28744413567228877,0.290855874203281,29.1,0.35558643277112667,1.2219465043681328,1.8162433460158367
frame_157,0,255,1,1,False,False,True,2.2928990216857517,True,True,[],[    -0.3433     -0.2634     0.90154],63.644913250640734,-142.07599328308683,0.28059221494466535,0.28124876230022333,0.2819493459233865,29.1,0.9751237699776705,3.3509407903012733,1.805798354361317
frame_158,0,255,1,1,False,False,True,2.2445055471800646,True,True,[],[   -0.32914    -0.23921     0.91348],64.18284757003075,-143.27313536562923,0.27750646849403315,0.2791644346142308,0.2779603326411727,29.1,1.1835565385769242,4.067204599920701,1.810015657876569
frame_159,0,255,1,1,False,False,True,2.155202654670453,True,True,[],[   -0.32773    -0.23646      0.9147],64.36284691204526,-143.32616406177968,0.27192953573543943,0.2729754592927107,0.27781649889453286,29.1,1.8024540707289316,6.194000243054747,1.8113854192013086
frame_160,0,255,1,1,False,False,True,2.1863470052347096,False,False,[],[   -0.32457    -0.24804     0.91276],-1.0,-1.0,-1.0,-1.0,0.15030946812255058,29.1,,,1.8767958702312575
frame_161,0,255,1,1,False,False,True,2.2195745809672616,True,True,[],[   -0.32896    -0.25144     0.91026],57.8149125240272,-150.04850538184488,0.28153256151461425,0.2628274968159241,0.2689758362277791,29.1,2.8172503184075937,9.681272571847401,1.8548031460976542
frame_162,0,255,1,1,False,False,True,2.2966601071777695,True,True,[],[   -0.33046    -0.27389     0.90321],63.27581579545432,-139.91533746580615,0.27855445918134936,0.27165960122830524,0.2768002318119559,29.1,1.93403987716948,6.646185144912302,1.8234502087704278
frame_163,0,255,1,1,False,False,True,2.32943139173205,False,False,[],[   -0.28435    -0.23189     0.93025],-1.0,-1.0,-1.0,-1.0,0.15255762984124768,29.1,,,1.889279328601461
frame_164,0,255,1,1,False,False,True,2.1674210032792662,False,False,[],[   -0.30605    -0.23601      0.9223],-1.0,-1.0,-1.0,-1.0,0.19187286192008163,29.1,,,1.8711050426318354
frame_165,0,255,1,1,False,False,True,2.289962765109996,False,False,[],[   -0.29379    -0.24198     0.92473],-1.0,-1.0,-1.0,-1.0,0.1649957793962083,29.1,,,1.8918655089417207
frame_166,0,255,1,1,False,False,True,2.1955100033734203,True,True,[],[   -0.32353    -0.25683      0.9107],63.8415049025458,-140.71507723732435,0.284898362283901,0.28599532709848985,0.28986770658014727,29.1,0.5004672901510188,1.719818866498346,1.8152487245973532
frame_167,0,255,1,1,False,False,True,2.0850516959016843,True,True,[],[   -0.31257    -0.25229     0.91578],42.41137793222632,-147.9653444007985,0.2975781570507221,0.19265749795252485,0.2290786587741301,29.1,9.83425020474752,33.79467424311862,1.8877810571462876
frame_168,0,255,1,1,False,False,True,2.0064777275397825,True,True,[],[   -0.32659    -0.23952     0.91431],65.67393002985885,-142.24035304832054,0.27273815767006293,0.2732877188058267,0.28023683086844914,29.1,1.771228119417334,6.086694568444447,1.8237297790024871
frame_169,0,255,1,1,False,False,True,2.040433998082037,True,True,[],[   -0.31858    -0.23886     0.91731],60.739471888406385,-150.76804095396992,0.27924171982181134,0.28024435564881367,0.28068405811152575,29.1,1.0755644351186366,3.6960977151843184,1.8443761937229983
frame_170,0,255,1,1,False,False,True,2.1490804833588353,True,True,[],[    -0.3074    -0.23799     0.92134],66.73291199688245,-141.17739095679076,0.28876519799246236,0.2892957626690347,0.2901589365872035,29.1,0.17042373309653636,0.5856485673420493,1.8255785070984056
frame_171,0,255,1,1,False,False,True,2.1170312928448203,True,True,[],[   -0.27634    -0.23363     0.93223],42.86397101022976,-147.26302078482163,0.2971244549862708,0.15478293183380698,0.16225466913104514,29.1,13.621706816619305,46.80998906054744,1.878604478197671
frame_172,0,255,1,1,False,False,True,2.1109039657731947,False,False,[],[   -0.28903    -0.23422     0.92823],-1.0,-1.0,-1.0,-1.0,0.20231006096001297,29.1,,,1.877721625405389
frame_173,0,255,1,1,False,False,True,2.205128017143834,True,True,[],[   -0.27903    -0.24357     0.92888],42.52849703925918,-146.3788341079693,0.27104748256662026,0.14155100325969006,0.174855992557273,29.1,14.944899674030998,51.35704355337112,1.8819723830178932
frame_174,0,255,1,1,False,False,True,2.172154114816637,True,True,[],[   -0.28639    -0.22483     0.93136],-12.873098126572335,54.451092125271515,0.2850852155361763,0.13714717659350223,0.1357498336805963,29.1,15.38528234064978,52.87038605034289,1.9022141552756353
frame_175,0,255,1,1,False,False,True,2.2105262560133347,False,False,[],[   -0.28411     -0.2101     0.93549],-1.0,-1.0,-1.0,-1.0,0.20351467835215653,29.1,,,1.881804237579122
frame_176,0,255,1,1,False,False,True,2.1395347917508953,True,True,[],[   -0.28209    -0.21571     0.93482],64.91954513360746,-153.94115010042032,0.2889068625481206,0.2811884199102441,0.2805142535918118,29.1,0.9811580089755911,3.371677006788973,1.8630288693005452
frame_177,0,255,1,1,False,False,True,2.305555622157991,True,True,[],[   -0.29679    -0.23416     0.92579],65.06453608915407,-139.94836277375404,0.27857898100921386,0.2807263505552786,0.2811988906090309,29.1,1.0273649444721422,3.5304637267083923,1.7983882429984666
frame_178,0,255,1,1,False,False,True,2.52535741802645,True,True,[],[   -0.31329    -0.24521     0.91745],65.22269562020124,-141.79742010959023,0.2654483116862225,0.26635369356215133,0.26667883546060334,29.1,2.464630643784871,8.469521112662786,1.8097356273032523
frame_179,0,255,1,1,False,False,True,2.5741241819577154,True,True,[],[   -0.28591    -0.25427      0.9239],63.00725586048875,-141.48022414602374,0.26327366264754026,0.26671938269865514,0.2659366934965994,29.1,2.42806173013449,8.343854742730205,1.8260675065678236
frame_180,0,255,1,1,False,False,True,2.7527472748787982,True,True,[],[   -0.30077    -0.24464     0.92179],66.06056805564212,-140.4560646701826,0.28435375040763455,0.28474368348820067,0.2802957800765842,29.1,0.6256316511799365,2.1499369456355204,1.812943142066654
frame_181,0,255,1,1,False,False,True,2.710588335861624,True,True,[],[   -0.27576    -0.26456      0.9241],63.56570825582427,-134.45140519102551,0.27759722601158066,0.28000387642621005,0.2798937401487943,29.1,1.0996123573789984,3.778736623295527,1.7813296391888782
frame_182,0,255,1,1,False,False,True,2.7158176108133563,True,True,[],[   -0.27166    -0.20766     0.93972],68.60387777729808,-142.40360069162855,0.29402133717900325,0.2951535635140279,0.29374669070076687,29.1,0.4153563514027847,1.4273414137552738,1.7982741357492549
frame_183,0,255,1,1,False,False,True,3.0421454792172957,True,True,[],[    -0.2819    -0.24998     0.92631],63.21633759283547,-137.40705904239738,0.265825479012993,0.2685990475686191,0.266055552604863,29.1,2.240095243138096,7.6979217977254155,1.7853759957186748
frame_184,0,255,1,1,False,False,True,3.0,True,True,[],[   -0.26318    -0.21624      0.9402],58.08987573789016,-137.00531771985388,0.2796636872747891,0.17618743984188967,0.17617499364983336,29.1,11.481256015811036,39.45448802684205,1.7066294247028875
frame_185,0,255,1,1,False,False,True,3.145910855688893,True,True,[],[   -0.27648    -0.23965     0.93066],65.02423256855566,-137.86524410733495,0.2736731540097199,0.27683439228511775,0.27414370465250415,29.1,1.416560771488229,4.8679064312310265,1.7851344877249236
frame_186,0,255,1,1,False,False,True,3.0982907841743086,True,True,[],[   -0.28127    -0.30633     0.90942],61.38612081742264,-131.94322322471805,0.2761318372341859,0.27922636796484857,0.2781303466289737,29.1,1.1773632035151471,4.04592166156408,1.7775922619146745
frame_187,0,255,1,1,False,False,True,2.8645415934261806,True,True,[],[   -0.28057    -0.23097     0.93163],66.71528889186393,-140.4582783509056,0.2866479574088696,0.28838612521164886,0.2840109880296684,29.1,0.2613874788351178,0.8982387588835664,1.7838753640131138
frame_188,0,255,1,1,False,False,True,2.899999712277514,True,True,[],[   -0.26908    -0.23857      0.9331],67.16896683984389,-138.8780302050959,0.2908719542071061,0.2916313986609025,0.2939145692289531,29.1,0.06313986609024491,0.21697548484620244,1.7918466742068095
frame_189,0,255,1,1,False,False,True,2.7419356270211455,True,True,[],[   -0.28227    -0.18499     0.94133],66.724050847482,-145.35729434634794,0.2754739910736257,0.2787410309835239,0.2799984680501142,29.1,1.2258969016476162,4.212704129373251,1.7717986273616242
frame_190,0,255,1,1,False,False,True,2.7419356270211455,True,True,[],[   -0.29701    -0.19531     0.93469],66.14570232783853,-145.87315640464374,0.27795812533572883,0.28082202522812505,0.27816009408140574,29.1,1.0177974771874987,3.4975858322594457,1.7685900592803956
frame_191,0,255,1,1,False,False,True,2.86666634297887,True,True,[],[   -0.30175    -0.22547     0.92634],61.5849388542936,-140.39254053564852,0.2735459242744318,0.2765057494669154,0.2774046315521319,29.1,1.4494250533084618,4.980842107589216,1.7517511130119703
frame_192,0,255,1,1,False,False,True,2.750000210734264,True,True,[],[   -0.29923    -0.20304     0.93233],62.949231541698474,-144.466466793804,0.2803184104170886,0.2847068898091125,0.2802500623921399,29.1,0.6293110190887519,2.162580821610831,1.7735346673191457
frame_193,0,255,1,1,False,False,True,2.7293731365783036,True,True,[],[    -0.2989    -0.19505     0.93414],60.394309362717145,-142.7948420249064,0.25584670748222704,0.2610384243847248,0.25733908958782997,29.1,2.9961575615275238,10.296074094596301,1.7682833135851965
frame_194,0,255,1,1,False,False,True,3.1000001078959323,True,True,[],[   -0.30487    -0.24754     0.91966],61.475170775161175,-139.66896239640423,0.2788456755137785,0.28300664135880527,0.2806107989428964,29.1,0.799335864119477,2.7468586395858314,1.7755207186518744
frame_195,0,255,1,1,False,False,True,2.7878792634532146,True,True,[],[   -0.31758     -0.2465     0.91563],60.679184873110394,-141.03516712440293,0.27309004663701497,0.2779649305515277,0.27832761087421276,29.1,1.3035069448472325,4.479405308753376,1.7690323101823164
frame_196,0,255,1,1,False,False,True,3.032258013992537,True,True,[],[   -0.32495    -0.21881     0.92007],63.75817569295111,-146.35341261390948,0.26619574275239,0.2684730733661944,0.2667703510263365,29.1,2.252692663380562,7.7412119016514165,1.7859198128299412
frame_197,0,255,1,1,False,False,True,3.166666486840113,True,True,[],[   -0.35951    -0.27195     0.89263],60.21331499081519,-141.2229387481178,0.2913496111234759,0.29324798612504743,0.29027164775914216,29.1,0.22479861250473965,0.7725038230403424,1.7652795483944856
frame_198,0,255,1,1,False,False,True,3.2161823588427225,True,True,[],[   -0.31616    -0.26291     0.91155],58.45488170241285,-139.36014793107753,0.2696675927990533,0.27586891766602006,0.2718181663159775,29.1,1.5131082333979973,5.199684650852224,1.768599139491202
frame_199,0,255,1,1,False,False,True,3.233333225437401,True,True,[],[   -0.33126     -0.2563     0.90806],59.21587118644924,-140.6419903408976,0.280800494258473,0.2857702120527017,0.27830574965557286,29.1,0.5229787947298337,1.797177988762315,1.769248604210571
frame_200,0,255,1,1,False,False,True,3.0606065436113377,True,True,[],[   -0.37123    -0.28453     0.88387],58.69973281176994,-141.58650324483307,0.29842124344078025,0.30045107137482807,0.2935862217080307,29.1,0.9451071374828035,3.2477908504563695,1.7782688442212247
frame_201,0,255,1,1,False,False,True,2.9186047416289926,True,True,[],[   -0.32315      -0.241     0.91514],60.01664462426354,-142.34421672756406,0.294487572944349,0.29891952461437454,0.29838571135969527,29.1,0.7919524614374507,2.721486121778181,1.77603028299781
frame_202,0,255,1,1,False,False,True,2.8278933429539577,True,True,[],[   -0.32962     -0.2285     0.91605],61.79364215813912,-145.9414815080917,0.2889382721438407,0.29179136528519556,0.2935628295866344,29.1,0.07913652851955222,0.27194683340052306,1.7892282143378029
frame_203,0,255,1,1,False,False,True,3.0432899666637168,True,True,[],[   -0.35645    -0.24663     0.90117],61.373057558992194,-145.33033035176805,0.29166764849854343,0.29429227879873476,0.29324010942234047,29.1,0.3292278798734727,1.1313672847885659,1.7914564836214144
frame_204,0,255,1,1,False,False,True,2.81636723711419,True,True,[],[    -0.3625     -0.2409     0.90031],58.916574180954264,-144.4946545829263,0.29659990379396173,0.29955726228576274,0.29838477026333843,29.1,0.8557262285762701,2.940639960743196,1.7792743119905003
frame_205,0,255,1,1,False,False,True,2.6741571899988763,True,True,[],[   -0.34778    -0.22531      0.9101],60.54955843976828,-146.37730323414308,0.295500094373895,0.29910959460078224,0.29935710313243796,29.1,0.81095946007822,2.786802268310034,1.7787274505585506
frame_206,0,255,1,1,False,False,True,2.6265707615071707,True,True,[],[   -0.37584    -0.23801      0.8956],59.24806863117548,-146.30856292377672,0.28724640706811555,0.28863189925299126,0.2878028835909767,29.1,0.23681007470087723,0.8137803254325677,1.7705028627229773
frame_207,0,255,1,1,False,False,True,2.674603267481579,True,True,[],[   -0.34321    -0.20926     0.91565],59.66138135916558,-146.53138551099946,0.27788791468927543,0.28095450033624814,0.27507034439471734,29.1,1.00454996637519,3.4520617401209277,1.7652603000619986
frame_208,0,255,1,1,False,False,True,2.906906834545171,True,True,[],[   -0.33995    -0.23103     0.91162],65.27947235083788,-149.04520258500187,0.29641431960785414,0.2970995686719762,0.2982723342008262,29.1,0.6099568671976141,2.0960717085828664,1.8064361281987638
frame_209,0,255,1,1,False,False,True,3.013513839133789,True,True,[],[    -0.3724    -0.22312     0.90085],62.183302527399476,-148.75102152704477,0.29012297179160207,0.29199588527526155,0.2911960043202062,29.1,0.099588527526151,0.34222861692835393,1.792679284823039
frame_210,0,255,1,1,False,False,True,2.6685607875131523,True,True,[],[   -0.36484    -0.20836     0.90746],61.448131927943834,-149.82413641114687,0.2928352111572019,0.2965070481583263,0.2918017482121165,29.1,0.5507048158326255,1.892456411795964,1.7876500016911527
frame_211,0,255,1,1,False,False,True,2.8877341691365928,True,True,[],[   -0.37594    -0.22964     0.89774],58.63620041381823,-147.27118334131382,0.2946039516993819,0.29890846740163,0.29201018565333714,29.1,0.7908467401629982,2.7176863923127086,1.778612948517244
frame_212,0,255,1,1,False,False,True,3.290322822035657,True,True,[],[   -0.33891    -0.20923     0.91726],64.54354870038352,-148.28955968685185,0.29783846517013535,0.29953302840624896,0.2967699978775512,29.1,0.8533028406248921,2.932312167095849,1.7903154548093334
frame_213,0,255,1,1,False,False,True,3.123678835136993,True,True,[],[   -0.37226    -0.21755     0.90227],59.54251264170558,-157.48848890047012,0.26858112551721214,0.27100149179951183,0.27189040322818714,29.1,1.9998508200488208,6.872339587796635,1.8285377165257644
frame_214,0,255,1,1,False,False,True,2.8580246048004887,True,True,[],[    -0.3183     -0.1802     0.93071],69.52772893488017,-155.9999500083605,0.2863210284084774,0.2877875452292509,0.2882308172845486,29.1,0.32124547707491624,1.103936347336482,1.8038490842795414
frame_215,0,255,1,1,False,False,True,2.7439026088510667,True,True,[],[   -0.34135    -0.23057     0.91122],65.62498440915893,-151.1161310583289,0.28216642749072873,0.2811574443281777,0.2972301405012,29.1,0.9842555671822351,3.3823215367087114,1.829825033709197
frame_216,0,255,1,1,False,False,True,2.631123759009684,True,True,[],[   -0.36487    -0.21666      0.9055],61.84528221835873,-148.99258895026338,0.27451141028364856,0.2763286627819661,0.2776602592378062,29.1,1.467133721803393,5.041696638499632,1.7879163828744378
frame_217,0,255,1,1,False,False,True,2.5022591579413764,True,True,[],[   -0.37128    -0.23728     0.89769],58.52823447942736,-146.90343984527246,0.28395456056910673,0.28678549561834643,0.28729026162905685,29.1,0.42145043816536054,1.448283292664469,1.7814991728409186
frame_218,0,255,1,1,False,False,True,2.498712285020055,True,True,[],[   -0.36776     -0.2509     0.89543],59.063864629495946,-144.1351310454769,0.3083341873251375,0.29998568869449516,0.2957140346731484,29.1,0.898568869449512,3.0878655307543363,1.7814740209203017
frame_219,0,255,1,1,False,False,True,2.422258386462027,True,True,[],[   -0.37322    -0.23332     0.89792],60.77097985140183,-146.58217239533312,0.29552767101002364,0.2975681306922109,0.299257078327196,29.1,0.656813069221085,2.257089584952182,1.7859357476023072
frame_220,0,255,1,1,False,False,True,2.467811349768703,True,True,[],[   -0.40965    -0.27222     0.87068],58.80002943795643,-146.24112084772673,0.2875911199952168,0.2886848162368445,0.291529992096761,29.1,0.23151837631555372,0.7955957948988099,1.7954767663472582
frame_221,0,255,1,1,False,False,True,2.6535163221884277,False,False,[],[    -0.4005    -0.26294     0.87776],-1.0,-1.0,-1.0,-1.0,0.19127284973095304,29.1,,,1.8555019237867598
frame_222,0,255,1,1,False,False,True,2.574827189207279,True,True,[],[   -0.37108    -0.25236     0.89365],-35.89898351946612,25.552104065489058,0.2692761400265864,0.14629440096438007,0.15862577458074195,29.1,14.470559903561997,49.72700997787627,1.8498201467325595
frame_223,0,255,1,1,False,False,True,2.579399180618261,True,True,[],[   -0.41035    -0.27049     0.87089],58.374632753889586,-146.036945763329,0.28574009784439003,0.28694980011554194,0.2892674505891426,29.1,0.40501998844580944,1.3918212661368021,1.801342501235935
frame_224,0,255,1,1,False,False,True,2.60367441289625,True,True,[],[    -0.3736     -0.2452     0.89459],62.24006780907772,-146.64297369727356,0.27018619863300586,0.2706358042176833,0.27265732349245175,29.1,2.036419578231674,6.998005423476543,1.7950148526447038
frame_225,0,255,1,1,False,False,True,2.4330358062863104,True,True,[],[    -0.3656     -0.2407     0.89911],62.954076048140585,-146.570893979401,0.2820011450357136,0.281972786700214,0.28760311962161,29.1,0.9027213299786063,3.1021351545656572,1.8137706632858237
frame_226,0,255,1,1,False,False,True,2.335064916162479,True,True,[],[   -0.36458    -0.24125     0.89938],59.69807339744686,-145.65941637418732,0.2947010662527709,0.2876178053767915,0.2960700101719591,29.1,0.33821946232085454,1.1622661935424554,1.8000599195202478
frame_227,0,255,1,1,False,False,True,2.1225090965022178,True,True,[],[   -0.38193    -0.25865     0.88726],60.62821354407608,-145.25533353172128,0.25626113261445704,0.25492621416392947,0.2589323763132582,29.1,3.607378583607057,12.396489978031124,1.799692413981817
frame_228,0,255,1,1,False,False,True,2.2427652757335097,True,True,[],[   -0.34683    -0.20333     0.91562],66.50427233604786,-148.56651208442375,0.27599431717764933,0.2761304981282684,0.2767821358529402,29.1,1.4869501871731639,5.1097944576397385,1.8042194794051127
frame_229,0,255,1,1,False,False,True,2.2218650235771076,True,True,[],[     -0.347    -0.18161     0.92011],65.29133595928108,-151.579574814712,0.2785858801332384,0.2749443856140825,0.2806423370532568,29.1,1.6055614385917516,5.517393259765469,1.8050467029159323
frame_230,0,255,1,1,False,False,True,2.3560033619226166,True,True,[],[   -0.35148    -0.20297     0.91393],62.75765428551202,-148.43836042432937,0.2792991579079407,0.2802808401906489,0.2864783577540458,29.1,1.071915980935112,3.683560071941965,1.799802692282397
frame_231,0,255,1,1,False,False,True,2.2878787573357995,True,True,[],[   -0.35792     -0.1848     0.91528],66.60591819255492,-152.9697284455525,0.2802501722515338,0.28003295731130096,0.28518049553868474,29.1,1.096704268869908,3.7687431919928107,1.8246177912184551
frame_232,0,255,1,1,False,False,True,2.3084577936177024,True,True,[],[    -0.3451    -0.18469     0.92021],66.06964215121606,-151.31385828066956,0.2736839409101557,0.2710433681523907,0.2724440691795204,29.1,1.9956631847609319,6.8579490885255385,1.8126798954876986
frame_233,0,255,1,1,False,False,True,2.2474226418111996,True,True,[],[   -0.34787    -0.22702     0.90964],63.45487069363902,-146.77310833589192,0.30678530944691995,0.2860867333980721,0.2885443434571461,29.1,0.49132666019279236,1.6884077669855408,1.805382210068998
frame_234,0,255,1,1,False,False,True,2.2737895961736134,True,True,[],[   -0.32287    -0.19915     0.92525],67.7640852068214,-148.40774566602894,0.29589897556449607,0.29587043162565707,0.3010738755835982,29.1,0.48704316256570346,1.6736878438683969,1.8235667332654864
frame_235,0,255,1,1,False,False,True,2.2765072898643397,True,True,[],[   -0.34462    -0.19016     0.91928],65.45106438894375,-151.2330335605084,0.28162102621035867,0.28223798548414947,0.2862291215142129,29.1,0.8762014515850569,3.0110015518386835,1.8110197661036538
frame_236,0,255,1,1,False,False,True,2.2406017010824777,True,True,[],[   -0.33081    -0.17655     0.92704],67.15210828332775,-151.5856712272085,0.28135811000139443,0.28183077381400223,0.2833508442425793,29.1,0.9169226185997803,3.150936833676221,1.810673658710676
frame_237,0,255,1,1,False,False,True,2.1650992773465223,True,True,[],[   -0.31494    -0.15147     0.93695],68.40167948609907,-153.493614230286,0.2783144018021051,0.2741536691700124,0.2779074924251752,29.1,1.6846330829987655,5.789117123707097,1.8079626993808096
frame_238,0,255,1,1,False,False,True,2.160845333544294,True,True,[],[    -0.2758    -0.18443     0.94336],47.416046267801725,-157.89741254260196,0.30601537987592553,0.19534367670399977,0.19071383560872962,29.1,9.565632329600026,32.871588761512115,1.8591942824540093
frame_239,0,255,1,1,False,False,True,2.314775101272764,True,True,[],[   -0.32831    -0.17093     0.92898],64.83635029503718,-161.99524779017446,0.2873789083238323,0.27688054432025266,0.276766981983567,29.1,1.4119455679747372,4.85204662534274,1.8420257142889875
frame_240,0,255,1,1,False,False,True,2.405132783739521,False,False,[],[   -0.31134     -0.1716     0.93468],-1.0,-1.0,-1.0,-1.0,0.1973152112460701,29.1,,,1.868756015783821
frame_241,0,255,1,1,False,False,True,2.3135348182658424,True,True,[],[   -0.31437    -0.17761     0.93254],64.50094703726761,-164.03229187052023,0.28569501806007924,0.2736829122117832,0.2574086354202902,29.1,1.7317087788216834,5.950889274301317,1.8551463976969702
frame_242,0,255,1,1,False,False,True,2.326923169044783,True,True,[],[   -0.30011    -0.16081     0.94025],69.9241876527725,-151.203181225002,0.27769787957777936,0.27159133636190913,0.2725462738138942,29.1,1.9408663638090906,6.669643861886909,1.7994801658187982
frame_243,0,255,1,1,False,False,True,2.156310613056058,True,True,[],[   -0.29112    -0.17774     0.94003],-5.647876204338326,42.788096390541206,0.3095565252317187,0.15534292135670166,0.1582852261471447,29.1,13.565707864329838,46.617552798384324,1.8782848789876336
frame_244,0,255,1,1,False,False,True,2.172205334401471,True,True,[],[   -0.31296    -0.17981     0.93259],64.11128049218124,-156.80383080954164,0.2830280341111191,0.2846666529243149,0.285062960050056,29.1,0.6333347075685114,2.1764079297886987,1.8326516944227866
frame_245,0,255,1,1,False,False,True,2.1474175979601413,False,False,[],[   -0.30011      -0.184     0.93599],-1.0,-1.0,-1.0,-1.0,0.16719289671927612,29.1,,,1.8798068089410662
frame_246,0,255,1,1,False,False,True,2.0792078736013133,True,True,[],[   -0.32071    -0.20291     0.92519],66.38066319954969,-146.77110705884627,0.30385498693556756,0.28283916207879445,0.2856004390581252,29.1,0.8160837921205588,2.8044116567716797,1.8093323832589228
frame_247,0,255,1,1,False,False,True,2.1981132391601044,True,True,[],[   -0.29703    -0.14794     0.94334],67.41681352753633,-167.0887787771242,0.2840370428201362,0.2790838827716815,0.2828884388653642,29.1,1.1916117228318535,4.094885645470287,1.8578530723544011
frame_248,0,255,1,1,False,False,True,2.2176014765113683,True,True,[],[   -0.34029    -0.19971     0.91887],66.12954098055857,-149.2871045960037,0.29123516887956,0.29170425319838866,0.29634170508983426,29.1,0.07042531983886269,0.2420114083809714,1.8141924240471017
frame_249,0,255,1,1,False,False,True,2.319767140911687,True,True,[],[   -0.32368    -0.20458     0.92378],66.07084004201951,-147.34267622550445,0.2997758277918807,0.30105149275358567,0.29633464024031375,29.1,1.0051492753585634,3.4541212211634473,1.8035211007547727
frame_250,0,255,1,1,False,False,True,2.410891056981558,True,True,[],[   -0.32557    -0.19402      0.9254],68.00114814899572,-149.7336640546794,0.2821560905764027,0.28192780053724364,0.28038338087656645,29.1,0.9072199462756392,3.1175943170984164,1.8078923979735473
frame_251,0,255,1,1,False,False,True,2.4251208139707017,True,True,[],[   -0.33267    -0.21042     0.91927],58.36411375109982,-152.46799958691562,0.2850558900371818,0.27182494677290436,0.2715638468519539,29.1,1.9175053227095673,6.589365370135971,1.8442402527656083
frame_252,0,255,1,1,False,False,True,2.390852599064095,True,True,[],[   -0.31994    -0.18816     0.92857],67.58928960927824,-149.30131203506775,0.31088036349371206,0.31140163302886115,0.3195890154593317,29.1,2.040163302886111,7.010870456653302,1.8160679193502212
frame_253,0,255,1,1,False,False,True,2.2958580257954253,True,True,[],[   -0.30595    -0.20658     0.92937],68.16113715454269,-144.93065582822484,0.28636404071510424,0.28669158014264795,0.28809040524856727,29.1,0.4308419857352086,1.480556652011026,1.806520269108625
frame_254,0,255,1,1,False,False,True,2.4868559099438623,True,True,[],[   -0.29249    -0.17216     0.94064],67.8734043916117,-156.85984320007535,0.2981122852566891,0.28469958491257996,0.2847568571993849,29.1,0.6300415087420075,2.165091095333359,1.8453164605050363
frame_255,0,255,1,1,False,False,True,2.358946468829926,True,True,[],[   -0.31547    -0.18801     0.93013],65.40200864181625,-147.26868981954186,0.2851529077103554,0.2874114378086132,0.2904904365455363,29.1,0.35885621913868126,1.2331828836380798,1.7897377860296022
frame_256,0,255,1,1,False,False,True,2.331435311394618,False,False,[],[   -0.23464    -0.14292     0.96152],-1.0,-1.0,-1.0,-1.0,0.18467428953289564,29.1,,,1.8798323159186257
frame_257,0,255,1,1,False,False,True,2.602345638249547,True,True,[],[   -0.29263    -0.15454     0.94366],70.35988368049853,-152.48261564371612,0.2921074078870822,0.2923770227790967,0.29166561366928845,29.1,0.13770227790966816,0.47320370415693525,1.8097664032751672
frame_258,0,255,1,1,False,False,True,2.6929921804317933,True,True,[],[   -0.28663    -0.16806     0.94319],68.767999646565,-149.29455077383548,0.2781538137929971,0.27405691376076,0.2758744393627132,29.1,1.6943086239240013,5.822366405237118,1.7949093308275952
frame_259,0,255,1,1,False,False,True,2.606153826961427,True,True,[],[   -0.30561    -0.21017     0.92867],67.5667690928228,-145.73207668429487,0.2890383061479449,0.28958470397855507,0.29256349245091845,29.1,0.14152960214449672,0.486356021115109,1.808977070474817
frame_260,0,255,1,1,False,False,True,2.664615491023988,True,True,[],[   -0.32898    -0.22185     0.91791],65.79399427502983,-146.0111257684324,0.28494225464905054,0.2855791316513716,0.28793528815911357,29.1,0.5420868348628427,1.862841356916985,1.8100815298557282
frame_261,0,255,1,1,False,False,True,2.5694143911732925,True,True,[],[   -0.32251    -0.22071     0.92048],64.70795432905922,-145.10708956671226,0.2874091678202415,0.28842921890470485,0.2872626028680947,29.1,0.25707810952951826,0.8834299296547018,1.7960425312976598
frame_262,0,255,1,1,False,False,True,2.4874369581917337,True,True,[],[   -0.32605    -0.22478     0.91824],63.862617027404205,-144.9959641463154,0.28397953220549543,0.2849903459173231,0.28616975719644433,29.1,0.6009654082676952,2.065173224287612,1.8008075629645837
frame_263,0,255,1,1,False,False,True,2.4373695465906766,True,True,[],[   -0.29197    -0.21006     0.93308],63.877774383791746,-143.09241211219967,0.2875672290265787,0.291145028851991,0.2892500765700877,29.1,0.014502885199096927,0.04983809346768703,1.784670495490233
frame_264,0,255,1,1,False,False,True,2.604839007676035,True,True,[],[   -0.28593    -0.19247     0.93872],67.47484646653308,-145.73631415510854,0.28581047436106544,0.2875562105732701,0.28145747855938275,29.1,0.34437894267299596,1.1834327926907078,1.795086421205529
frame_265,0,255,1,1,False,False,True,2.6075514211495134,True,True,[],[   -0.29028    -0.21061     0.93348],60.253495120884,-142.02364979701105,0.27856721310184085,0.28382964226963736,0.28897232379046767,29.1,0.7170357730362675,2.464040457169304,1.8250083946487279
frame_266,0,255,1,1,False,False,True,2.466666774636573,True,True,[],[   -0.28243    -0.14108     0.94886],70.11463236595007,-152.99711484714464,0.2838229521177964,0.2845399202670107,0.2824333635937094,29.1,0.6460079732989343,2.2199586711303585,1.7945827637164677
frame_267,0,255,1,1,False,False,True,2.7541713702940585,True,True,[],[   -0.28416    -0.16752     0.94403],70.04731802817301,-149.35830813902393,0.2854095077430714,0.2862131528647689,0.29425739777068327,29.1,0.47868471352311426,1.6449646512821794,1.794879881870397
frame_268,0,255,1,1,False,False,True,2.780538333491926,True,True,[],[   -0.29926    -0.18085     0.93688],67.24929863267224,-155.5014296401244,0.2849915800403797,0.27862694500073304,0.27688357967724514,29.1,1.2373054999266997,4.251908934456012,1.8314910271338054
frame_269,0,255,1,1,False,False,True,2.6379716017025467,True,True,[],[   -0.31153    -0.18197     0.93265],67.22739156924904,-149.45754591833122,0.30769251491478733,0.2869820011375541,0.2895550470751641,29.1,0.4017998862445915,1.3807556228336477,1.8066873780872366
frame_270,0,255,1,1,False,False,True,2.707414981800021,True,True,[],[   -0.31485     -0.2203     0.92322],66.01087669459298,-145.21285977746848,0.30388223740297793,0.2982344473010128,0.2963286975518624,29.1,0.7234447301012747,2.4860643646091916,1.7995271101480221
frame_271,0,255,1,1,False,False,True,2.6425699849228805,True,True,[],[   -0.32072    -0.26048     0.91065],62.354111968133694,-140.33952167614328,0.2924670239888538,0.2948406253121878,0.29418586330857976,29.1,0.3840625312187762,1.3198025127792996,1.7773578576958937
frame_272,0,255,1,1,False,False,True,2.9487180529907135,True,True,[],[    -0.3255    -0.24727     0.91264],65.16527993961513,-143.92484904072126,0.3041022039184571,0.3045621979851738,0.3217273380589313,29.1,1.3562197985173774,4.660549135798547,1.8262742911342675
frame_273,0,255,1,1,False,False,True,2.89781010199828,True,True,[],[   -0.30452    -0.17341     0.93659],61.612536250430885,-149.8450978815392,0.268944212097737,0.27434502710691233,0.273783205022982,29.1,1.6654972893087705,5.723358382504365,1.8257339393198033
frame_274,0,255,1,1,False,False,True,2.7354837556503937,True,True,[],[   -0.32648    -0.23024     0.91673],63.90648924497994,-143.82582043824436,0.2874513048310898,0.28929762305685247,0.2882230769522701,29.1,0.17023769431475655,0.5850092588135963,1.7724893420540546
frame_275,0,255,1,1,False,False,True,2.5418934197011733,True,True,[],[    -0.2973    -0.22547     0.92778],65.00426830107715,-141.5793387850856,0.2829042090745062,0.2845005028522527,0.2827422981060991,29.1,0.6499497147747335,2.2335041744836204,1.786095312082145
frame_276,0,255,1,1,False,False,True,2.8965517947000774,True,True,[],[   -0.27621    -0.16507     0.94682],68.9828644112005,-148.70447213559777,0.2818236028176835,0.2836387956966,0.2854109346426644,29.1,0.7361204303400037,2.5296234719587756,1.7839972409599911
frame_277,0,255,1,1,False,False,True,2.973426391384873,True,True,[],[   -0.28017    -0.17492     0.94388],63.930013395703945,-143.87270765358545,0.2805663541520509,0.28538011136262753,0.2865149359775545,29.1,0.5619888637372505,1.9312332087190738,1.7532078154510715
frame_278,0,255,1,1,False,False,True,2.9279537444659094,True,True,[],[   -0.27936    -0.18464     0.94227],66.58128091934549,-145.4373905326315,0.2698394758383742,0.2701574741438797,0.26841240136957956,29.1,2.084252585612034,7.16238001928534,1.7773721646621807
frame_279,0,255,1,1,False,False,True,2.8729048095147096,True,True,[],[   -0.28787      -0.173     0.94191],62.58143568197218,-143.57285802116027,0.2808104294862419,0.28706642194516707,0.28608480865790664,29.1,0.39335780548329646,1.3517450360250738,1.75283117780822
frame_280,0,255,1,1,False,False,True,3.310606006851615,True,True,[],[    -0.3131    -0.25498     0.91485],61.96836203154418,-139.27868109227978,0.2921178081185276,0.29506000232253626,0.29242184209897837,29.1,0.4060002322536227,1.3951898015588409,1.7683877435292392
frame_281,0,255,1,1,False,False,True,3.3928572116683293,True,True,[],[   -0.29199    -0.20123     0.93501],65.08985488788522,-145.42360521062207,0.3020008500914675,0.2774091922507942,0.2760961212307731,29.1,1.3590807749205847,4.6703806698301875,1.7842503387130095
frame_282,0,255,1,1,False,False,True,3.275418222484397,True,True,[],[   -0.29549    -0.21094     0.93177],65.62766382685027,-144.12727738784622,0.2814299611966795,0.2655700709659292,0.2643697985439438,29.1,2.542992903407082,8.73880722820303,1.7856826805441615
frame_283,0,255,1,1,False,False,True,3.2385963623319625,True,True,[],[   -0.30989    -0.21716     0.92564],64.96656153106738,-144.59903269511418,0.2862633073787473,0.2891660916616443,0.28636793332106897,29.1,0.18339083383557275,0.6302090509813497,1.7690088272094726
frame_284,0,255,1,1,False,False,True,3.429333266224511,True,True,[],[   -0.32851    -0.23635     0.91445],61.12915590344627,-142.8661199491324,0.28644343496933566,0.2911266809567521,0.2859191013140315,29.1,0.01266809567520566,0.04353297482888543,1.769943733736286
frame_285,0,255,1,1,False,False,True,3.4396062036225032,True,True,[],[   -0.26354    -0.13615     0.95499],69.63845910360855,-151.47758507395758,0.30203751047113503,0.277282000328398,0.2736345155030522,29.1,1.3717999671602032,4.714089234227503,1.7896843537879485
frame_286,0,255,1,1,False,False,True,3.2068964105998456,True,True,[],[   -0.32908     -0.2517     0.91014],60.14707320180413,-140.56133908453788,0.2855722146371533,0.2868899014638997,0.283526973990218,29.1,0.4110098536100337,1.4124049952234836,1.759950251206283
frame_287,0,255,1,1,False,False,True,2.910075618000777,True,True,[],[   -0.33671    -0.23142     0.91273],58.248093923605325,-142.75322642509275,0.26661324612415993,0.27099036816158173,0.2667968893223672,29.1,2.0009631838418307,6.876162143786359,1.7613071447395416
frame_288,0,255,1,1,False,False,True,3.0666667385972883,True,True,[],[   -0.33725    -0.22274     0.91469],60.22447144428521,-144.55303235917796,0.2826342418799581,0.28618144097064313,0.27534595200191236,29.1,0.4818559029356906,1.6558622094009985,1.7580798084353224
frame_289,0,255,1,1,False,False,True,3.1379308163815796,True,True,[],[   -0.29893     -0.1951     0.93412],61.85070388658476,-144.9016958983695,0.29090428244757294,0.2966795651363592,0.29420463983388434,29.1,0.5679565136359144,1.951740596686991,1.7595172693568564
frame_290,0,255,1,1,False,False,True,3.2469582748678754,True,True,[],[   -0.31201    -0.23931     0.91945],59.27146395695111,-140.3088272294525,0.29187389277847386,0.29495642928657473,0.2930311800963135,29.1,0.3956429286574692,1.3595976929809936,1.7566022455240742
frame_291,0,255,1,1,False,False,True,3.064516114997927,True,True,[],[   -0.29141    -0.18074     0.93937],69.2282114333925,-148.23124518182553,0.2872237567435849,0.28652555996125284,0.3021642234329315,29.1,0.4474440038747196,1.537608260737868,1.7663392744964976
frame_292,0,255,1,1,False,False,True,3.1924882523858122,True,True,[],[   -0.25861    -0.14836     0.95452],61.74093344927142,-145.22451152828467,0.28191212915632136,0.29220439742580995,0.2917787347345021,29.1,0.1204397425809911,0.41388227691062235,1.7526270065988814
frame_293,0,255,1,1,False,False,True,3.5101118079822244,True,True,[],[    -0.3486    -0.23736     0.90672],60.73355044961277,-144.4760003106465,0.28569497517801157,0.28803559114622423,0.28526904674196624,29.1,0.2964408853775802,1.018697200610241,1.7703329348306862
frame_294,0,255,1,1,False,False,True,3.387096777000415,True,True,[],[   -0.31916    -0.24515     0.91544],60.30347102745161,-141.98526382662203,0.2890925611536941,0.2956509193157706,0.29285375179541523,29.1,0.4650919315770552,1.5982540604022515,1.7673959902210816
frame_295,0,255,1,1,False,False,True,3.362537956641516,True,True,[],[   -0.33655    -0.25358     0.90688],58.99967501826185,-142.10720913939676,0.29152316644383935,0.2937488918952764,0.28824317948431366,29.1,0.2748891895276384,0.9446363901293416,1.7598544510700116
frame_296,0,255,1,1,False,False,True,3.085419398436383,True,True,[],[   -0.37256     -0.2722     0.88719],57.83605341010742,-143.0427033432797,0.2761625033147128,0.2787007141216915,0.27597427354570686,29.1,1.229928587830853,4.226558721068223,1.761709488721695
frame_297,0,255,1,1,False,False,True,2.820987884666969,True,True,[],[  -0.022071    0.013241     0.99967],56.54280006096834,-146.6129932873027,0.2640087311003434,0.24408719757167985,0.24695439884220838,29.1,4.691280242832018,16.121237947876352,1.743942994960166
frame_298,0,255,1,1,False,False,True,2.6708232067932656,True,True,[],[   -0.31074    -0.20633     0.92783],57.44445403839745,-144.51696723419096,0.23827278310167332,0.24562261643103556,0.24781012767683544,29.1,4.5377383568964476,15.59360260101872,1.756228100943875
frame_299,0,255,1,1,False,False,True,2.5862594107306998,True,True,[],[   -0.33639    -0.19314      0.9217],57.467229355902184,-148.19317678516182,0.26395546863068753,0.25505567127271944,0.2528480095948844,29.1,3.5944328727280594,12.352002999065496,1.7527884164250882
frame_300,0,255,1,1,False,False,True,2.8512195658107427,True,True,[],[    -0.3828    -0.24908     0.88962],55.76291152495018,-146.01938365111806,0.2668861288031068,0.27163452691870904,0.2666146275842846,29.1,1.9365473081290996,6.654801746148108,1.7553924633317204
frame_301,0,255,1,1,False,False,True,2.862069076857867,True,True,[],[    -0.4125    -0.30352     0.85891],55.99519562974566,-143.22090859540108,0.3034223178284854,0.29941177124425056,0.30025232603984064,29.1,0.8411771244250521,2.8906430392613474,1.7628474000766199
frame_302,0,255,1,1,False,False,True,2.8059072466079815,True,True,[],[   -0.41949    -0.29067     0.85996],52.77626471793228,-144.9725793649809,0.2862178146755563,0.2909947369971648,0.2884127979196261,29.1,0.000526300283520964,0.0018085920395909418,1.7577479263774136
frame_303,0,255,1,1,False,False,True,2.8628570607060952,True,True,[],[   -0.39773    -0.25028     0.88271],53.52595324123782,-147.4173177480285,0.2726946779239765,0.281229984130555,0.27992266223877305,29.1,0.9770015869445037,3.357393769568741,1.7549757808974171
frame_304,0,255,1,1,False,False,True,3.1271553225760176,True,True,[],[   -0.40783    -0.27367     0.87108],54.50464062892963,-145.82309295063172,0.2808401737406194,0.2865073401392373,0.2897064271886219,29.1,0.4492659860762749,1.5438693679597075,1.760434128687932
frame_305,0,255,1,1,False,False,True,2.8929160632202002,True,True,[],[   -0.35111    -0.22904     0.90789],52.470160904111694,-146.51831943404275,0.2855234025149267,0.2881337024512236,0.28135758996484445,29.1,0.2866297548776431,0.9849819755245466,1.7503374420391973
frame_306,0,255,1,1,False,False,True,2.8526317648751895,True,True,[],[   -0.37323    -0.21409      0.9027],52.60042877245905,-149.5810310044118,0.2753684001071144,0.2704444425651653,0.27532918944988205,29.1,2.0555557434834726,7.06376544152396,1.7468312755333677
frame_307,0,255,1,1,False,False,True,2.391278531508868,True,True,[],[   -0.42116    -0.26524     0.86733],51.17735261245625,-146.96143724338233,0.2563096258075481,0.259244025140849,0.2657566291243814,29.1,3.175597485915105,10.912706137165308,1.748696918080167
frame_308,0,255,1,1,False,False,True,2.412325137768962,True,True,[],[   -0.44778    -0.27015     0.85236],47.41692319608449,-149.52154949234946,0.2775179188570489,0.275469998912683,0.29749588849604847,29.1,1.5530001087317058,5.336770133098645,1.74707149650075
frame_309,0,255,1,1,False,False,True,2.4743241766032824,True,True,[],[   -0.41587    -0.23901     0.87745],45.84225613402436,-155.30044623141652,0.2717644264897212,0.25293996109954264,0.25706185711216606,29.1,3.8060038900457394,13.079051168542058,1.7454433566645573
frame_310,0,255,1,1,False,False,True,2.6146793326239672,True,True,[],[   -0.43603    -0.21535     0.87379],48.064133736886674,-155.95087675989333,0.2611980730340169,0.2559324090378323,0.25592462793524506,29.1,3.5067590962167716,12.050718543700246,1.7489719992150625
frame_311,0,255,1,1,False,False,True,2.8034024922537877,True,True,[],[   -0.52242    -0.26877     0.80922],46.00777899197336,-151.77475273077857,0.2480990456164327,0.24566941871682046,0.25030969662042746,29.1,4.533058128317958,15.577519341298823,1.7486386526395379
frame_312,0,255,1,1,False,False,True,2.920133114188744,True,True,[],[   -0.51822    -0.26399     0.81349],42.54345605991942,-154.37933553683416,0.27184843306625406,0.27460692915229235,0.27931665946834794,29.1,1.6393070847707691,5.633357679624636,1.7481655517695325
frame_313,0,255,1,1,False,False,True,3.001514994699752,True,True,[],[   -0.56922    -0.24934     0.78346],42.688783425891764,-157.05657774330376,0.2815700542024835,0.2878317600006228,0.2926605792528801,29.1,0.3168239999377209,1.0887422678272196,1.7529104716687693
frame_314,0,255,1,1,False,False,True,2.822074586978516,True,True,[],[   -0.55515    -0.23982     0.79643],46.27823298915821,-160.19542321926625,0.2725087381676259,0.2726971093667532,0.27138098214506867,29.1,1.830289063324686,6.289653138572804,1.7609222594239844
frame_315,0,255,1,1,False,False,True,2.8550722935638273,True,False,[],,-40.08571207044573,15.649257761636044,-1.0,0.253297575082541,0.2586324375726173,29.1,3.770242491745901,12.956159765449831,1.7583400944396692
frame_316,0,255,1,1,False,False,True,2.7518798899515646,True,False,[],,-22.05419026145349,13.680565930508509,-1.0,0.21295156865157516,0.23042472820862495,29.1,7.804843134842487,26.820766786400295,1.7341914801402747
frame_317,0,255,1,1,False,False,True,2.917525988586039,True,False,[],,-30.870207307736635,14.32628046135874,-1.0,0.2500387346638755,0.2680112738521293,29.1,4.096126533612454,14.07603619798094,1.7535630351581555
frame_318,0,255,1,1,False,False,True,3.160364090982385,True,False,[],,-24.005326730645777,11.14351216194847,-1.0,0.2450842203935909,0.272006054637173,29.1,4.5915779606409135,15.778618421446438,1.7390206292404597
frame_319,0,255,1,1,False,False,True,3.329199324401128,True,False,[],,-23.505792797146967,10.2080744872953,-1.0,0.25887840449250643,0.2925194868960891,29.1,3.2121595507493605,11.038348971647286,1.7437544281965767
frame_320,0,255,1,1,False,False,True,3.368821265831755,True,True,[],[    0.93809     0.15444    -0.31007],-17.511932217249832,8.553907596623663,0.2691912785562419,0.2662977146623138,0.2975182645753911,29.1,2.470228533768626,8.48875784800215,1.7350906780137052
frame_321,0,255,1,1,False,False,True,3.7173685555584464,True,False,[],,-5.286729045159224,10.920717488538113,-1.0,0.19365792282448652,0.192003438957558,29.1,9.734207717551351,33.450885627324226,1.7294137712669493
frame_322,0,255,1,1,False,False,True,3.781250253473602,True,True,[],[    0.95845     0.15714    -0.23808],-16.064151348902175,9.723045084399324,0.289511043726288,0.2895351139612553,0.282981464786212,29.1,0.14648860387447282,0.5033972641734461,1.7502181498681084
frame_323,0,255,1,1,False,False,True,3.7899408508015853,True,False,[],,-15.562615939776178,8.727433927804508,-1.0,0.29200956599750205,0.30406688606426535,29.1,0.10095659975020155,0.34692989604880253,1.7373074017424606
frame_324,0,255,1,1,False,False,True,3.9000967125120765,True,False,[],,-14.32196439041513,8.393874381000886,-1.0,0.2926696468080702,0.28833302342468364,29.1,0.1669646808070191,0.5737617897148422,1.7472436709403991
frame_325,0,255,1,1,False,False,True,3.8820755896312766,True,False,[],,-12.992975140329133,8.26570222555327,-1.0,0.2835970237609807,0.2720663630633076,29.1,0.740297623901931,2.5439780890100723,1.7427242091779098
frame_326,0,255,1,1,False,False,True,3.891589781046964,True,False,[],,-15.819214047625348,7.4415603909300465,-1.0,0.2966781474948192,0.2968584940768296,29.1,0.5678147494819152,1.9512534346457568,1.7521990108184324
frame_327,0,255,1,1,False,False,True,3.890784691774237,True,False,[],,-17.84754635650049,7.004326221530983,-1.0,0.2876830087428574,0.28601759217568623,29.1,0.3316991257142632,1.139859538536987,1.7490431991679416
frame_328,0,255,1,1,False,False,True,3.7071770922716065,True,False,[],,-25.195397711407722,6.213271094632176,-1.0,0.27854962793504345,0.2788967965967766,29.1,1.2450372064956583,4.278478372837313,1.7554112543399263
frame_329,0,255,1,1,False,False,True,3.6891749385124806,True,False,[],,-28.59707717534606,6.163344663108892,-1.0,0.30540403555097717,0.31152536428231264,29.1,1.4404035550977135,4.949840395524788,1.7635626482498454
frame_330,0,255,1,1,False,False,True,3.5325206596846246,True,False,[],,-35.467961608958056,5.315956370801739,-1.0,0.29111043066187214,0.2878861092278473,29.1,0.011043066187210737,0.037948681055707,1.7665909088211267
frame_331,0,255,1,1,False,False,True,3.3432046025346263,True,True,[],[   -0.63682   -0.086061     0.76619],49.38577600279824,-172.5011804879198,0.2815196753603053,0.2804523937318888,0.28594203921488126,29.1,1.0547606268111243,3.6246069649866812,1.7797632127363154
frame_332,0,255,1,1,False,False,True,3.3047285683162397,True,False,[],,48.19333055923875,-176.03563575753978,-1.0,0.2544524580420573,0.26468676778218203,29.1,3.654754195794274,12.559292769052488,1.7705797356895254
frame_333,0,255,1,1,False,False,True,3.297730555341353,True,False,[],,26.252605092383202,13.361613252245768,-1.0,0.1968342911865446,0.22689298223017432,29.1,9.416570881345542,32.35935010771664,1.813514229571246
frame_334,0,255,1,1,False,False,True,3.2198697569389636,True,True,[],[   -0.63055    -0.07725      0.7723],-44.86784189437446,5.33183714297315,0.28581492392979446,0.28549349072743846,0.2910444813448215,29.1,0.5506509272561577,1.8922712276843907,1.7696096671227837
frame_335,0,255,1,1,False,False,True,3.033333333333333,True,True,[],[   -0.61347   -0.086174       0.785],47.49363791664757,-173.5033311681529,0.2740356136287354,0.2732085362418528,0.2754402785411223,29.1,1.779146375814722,6.1139050715282535,1.7732675909613134
frame_336,0,255,1,1,False,False,True,2.966666666666667,True,True,[],[   -0.53213   -0.088683     0.84201],-43.24109144133067,7.576296031310788,0.31366429583515143,0.2988294706374264,0.2931720994914356,29.1,0.7829470637426339,2.6905397379471956,1.745989785384988
frame_337,0,255,1,1,False,False,True,2.966666666666667,True,True,[],[   -0.54319   -0.093396      0.8344],51.6511482188811,-172.08329730053882,0.28456223846990136,0.2848690239608165,0.28908174869047004,29.1,0.6130976039183555,2.106864618276136,1.778610623635814
frame_338,0,255,1,1,False,False,True,2.838709677419355,True,True,[],[   -0.53993   -0.082454     0.83766],51.29405978446227,-173.66113412895658,0.298752500934365,0.30259359666167085,0.2926969167740056,29.1,1.1593596661670813,3.984053835625709,1.7759133547978332
frame_339,0,255,1,1,False,False,True,2.7096774193548385,True,True,[],[   -0.46601    -0.07878     0.88126],54.43198226464585,-173.18241814142158,0.2973205132286043,0.2970575571813239,0.3044506618448959,29.1,0.6057557181323836,2.0816347702143765,1.7802483989427464
frame_340,0,255,1,1,False,False,True,2.7096774193548385,True,True,[],[   -0.45032   -0.091149      0.8882],4.0272017517786205,3.327353111056097,0.2905567772557067,0.12972453368292478,0.13029504547902437,29.1,16.127546631707528,55.42112244573033,1.850125973765184
frame_341,0,255,1,1,False,False,True,2.59375,True,True,[],[   -0.45632    -0.10776     0.88326],54.772471426156,-170.36190216890998,0.3054276464391863,0.2935990942904274,0.29880037690999595,29.1,0.2599094290427373,0.8931595499750422,1.7906999641206771
frame_342,0,255,1,1,False,False,True,2.7499999524405996,True,True,[],[   -0.53907   -0.086037     0.83785],52.268929431617096,-171.40012979626994,0.28818894216883306,0.28983811862263154,0.2955946051775784,29.1,0.1161881377368501,0.3992719509857392,1.7787802618184536
frame_343,0,255,1,1,False,False,True,2.7508418056036383,True,True,[],[   -0.52296   -0.095749     0.84696],52.589870007664096,-171.15479948751445,0.2961823749621024,0.29814527560003334,0.29415675572227684,29.1,0.7145275600033307,2.455421168396325,1.7845991770141583
frame_344,0,255,1,1,False,False,True,2.5,True,True,[],[    -0.4652   -0.084313     0.88118],54.438916290761505,-171.9635629729326,0.2694305060059061,0.27041515554161477,0.2695984432252341,29.1,2.0584844458385265,7.073829710785313,1.7840418594073406
frame_345,0,255,1,1,False,False,True,2.5645570888995333,False,False,[],[   -0.39747   -0.089005     0.91329],-1.0,-1.0,-1.0,-1.0,0.28647187606406144,29.1,,,1.8667083525042252
frame_346,0,255,1,1,False,False,True,2.553333288180593,True,True,[],[   -0.46224    -0.10675      0.8803],-26.643687918130205,7.242341750741612,0.2894800258699657,0.17416623127712538,0.1787557335599376,29.1,11.683376872287464,40.149061416795405,1.8538506834219532
frame_347,0,255,1,1,False,False,True,2.5629919568022044,True,True,[],[   -0.38446    -0.11161     0.91637],65.52198975264068,-163.3548689470669,0.29546757855833294,0.29528580097785095,0.2966868250934488,29.1,0.42858009778509176,1.4727838411858822,1.8005063883563717
frame_348,0,255,1,1,False,False,True,2.612924599557303,True,True,[],[   -0.42416    -0.10423     0.89957],3.4160090661353615,10.509132161230468,0.2823925672083927,0.1927782856362133,0.19838856544391437,29.1,9.822171436378675,33.75316644803668,1.873761618904203
frame_349,0,255,1,1,False,False,True,2.515329152673035,True,True,[],[   -0.38997    -0.12084     0.91287],0.9834977464076166,10.265802210068301,0.2790140532841754,0.15726216332346163,0.18289282576258573,29.1,13.373783667653841,45.95801947647368,1.8777722685097606
frame_350,0,255,1,1,False,False,True,2.5312286793751344,True,True,[],[   -0.39857    -0.13404     0.90729],-25.52850550300218,9.590046553352742,0.28766426246833654,0.1826655609906528,0.18164422043109,29.1,10.833443900934725,37.228329556476716,1.8617494416876315
frame_351,0,255,1,1,False,False,True,2.616954674578741,True,True,[],[   -0.39309    -0.11068     0.91282],64.72758210842626,-164.44689373681368,0.287008486617893,0.28762094960088636,0.28923312654854316,29.1,0.3379050399113681,1.161185704162777,1.807751536283314
frame_352,0,255,1,1,False,False,True,2.404691973269985,True,True,[],[   -0.43591    -0.12793     0.89085],60.350762827001034,-163.84310963686218,0.27182089005938126,0.2731714424508378,0.2832795890228379,29.1,1.7828557549162238,6.12665207874991,1.7984477215538701
frame_353,0,255,1,1,False,False,True,2.425000083179519,True,True,[],[   -0.36947    -0.14801     0.91738],65.19954802646147,-157.67512757203343,0.27195728628092386,0.27356936341097593,0.27330660940068335,29.1,1.7430636589024107,5.989909480764298,1.813784373873068
frame_354,0,255,1,1,False,False,True,2.672413775353907,True,True,[],[   -0.38265    -0.16676     0.90872],63.323117507584776,-157.48031710268626,0.2741126458089149,0.2737855236120006,0.27604739715280274,29.1,1.7214476387999444,5.9156276247420765,1.8017564599366513
frame_355,0,255,1,1,False,False,True,2.550504794744426,True,True,[],[   -0.41905    -0.12507     0.89931],61.09221926206731,-162.74201098200817,0.29633725250340515,0.29744549087378247,0.29733762904543304,29.1,0.6445490873782433,2.214945317451008,1.792616327819115
frame_356,0,255,1,1,False,False,True,2.8957056351666273,True,True,[],[   -0.40135    -0.18243     0.89758],44.434546522677984,-162.03083424585492,0.28809820956261145,0.19453534174159426,0.2001596911000414,29.1,9.646465825840577,33.14936709910851,1.8556680354593476
frame_357,0,255,1,1,False,False,True,2.5514705005411336,False,False,[],[   -0.33885    -0.16889     0.92556],-1.0,-1.0,-1.0,-1.0,0.22091787194359291,29.1,,,1.900254395749342
frame_358,0,255,1,1,False,False,True,2.605577873425208,True,True,[],[   -0.44338    -0.15588     0.88268],60.84493640529837,-160.3973154757732,0.2871765125447663,0.28765015996910814,0.2821587806991721,29.1,0.3349840030891893,1.1511477769387948,1.8082838212796883
frame_359,0,255,1,1,False,False,True,2.41108335162904,True,True,[],[   -0.39363      -0.143     0.90808],64.21181382310057,-159.87829956478035,0.27184476441451233,0.27263167616434636,0.2798223840060924,29.1,1.8368323835653677,6.31213877513872,1.8206835855351817
frame_360,0,255,1,1,False,False,True,2.551305890000314,True,True,[],[   -0.38222    -0.14628     0.91242],57.579500136358995,-171.22587274560274,0.28233694220710603,0.25935916880234555,0.26181643210682937,29.1,3.1640831197654484,10.873137868609788,1.870991867005983
frame_361,0,255,1,1,False,False,True,2.40270268800944,True,True,[],[   -0.35793    -0.12904     0.92479],-22.39489507877027,12.28667424809653,0.2853808036729022,0.14295911902569558,0.1557732834308524,29.1,14.804088097430446,50.87315497398779,1.8896359361147157
frame_362,0,255,1,1,False,False,True,2.3346772489272554,True,True,[],[   -0.39355    -0.14836     0.90725],63.609387821404674,-158.56717983998126,0.28823284670786076,0.28914973978475067,0.29145717501201307,29.1,0.18502602152493663,0.6358282526630125,1.8081565544753613
frame_363,0,255,1,1,False,False,True,2.2487562890062107,True,True,[],[   -0.38324    -0.15596     0.91038],55.95105936231847,-171.4325361077004,0.2706153065706709,0.25718816288588076,0.2540247630551839,29.1,3.381183711411928,11.61918801172484,1.8631856939080083
frame_364,0,255,1,1,False,False,True,2.329411857324881,True,True,[],[   -0.37765    -0.16375     0.91135],63.387867686204444,-156.26297842893624,0.26385736797456594,0.26562570255140106,0.27052240719522525,29.1,2.537429744859898,8.719689844879374,1.7972734307644258
frame_365,0,255,1,1,False,False,True,2.4684681828988033,False,False,[],[   -0.34131    -0.16737     0.92493],-1.0,-1.0,-1.0,-1.0,0.13509350005110132,29.1,,,1.8716009369101188
frame_366,0,255,1,1,False,False,True,2.4926827728318104,True,True,[],[   -0.34194    -0.16773     0.92463],-29.37969560019387,6.87648678793058,0.26609160355330186,0.1252747750928459,0.13545041406216238,29.1,16.572522490715414,56.95024910898767,1.8937279083766043
frame_367,0,255,1,1,False,False,True,2.4618395251462863,True,True,[],[   -0.34816    -0.16685     0.92247],47.34719685171273,-160.8201209993591,0.2754296965940197,0.2466333136653458,0.22995616528065638,29.1,4.436668633465423,15.246283963798705,1.872053071517836
frame_368,0,255,1,1,False,False,True,2.4659460078757762,True,True,[],[   -0.35956    -0.17669     0.91624],64.87459054285699,-153.5268371260163,0.27903464011606993,0.28001542494400167,0.28026519556058194,29.1,1.098457505599837,3.774768060480539,1.8089396742460766
frame_369,0,255,1,1,False,False,True,2.330019972054021,True,True,[],[   -0.34475    -0.16623     0.92386],-39.71170813276069,15.939256754132858,0.27158730657794794,0.17688585813498858,0.17407580908271958,29.1,11.411414186501146,39.214481740553765,1.871054972230406
frame_370,0,255,1,1,False,False,True,2.2731853348368856,False,False,[],[   -0.34304    -0.15008     0.92725],-1.0,-1.0,-1.0,-1.0,0.18712723630792732,29.1,,,1.8845745081177896
frame_371,0,255,1,1,False,False,True,2.2666666208094375,True,True,[],[   -0.35486    -0.13622     0.92494],67.06290086419078,-158.6192953767256,0.2817499074115226,0.2823724075821421,0.27569634378831487,29.1,0.8627592417857932,2.9648083910164713,1.8127594665596762
frame_372,0,255,1,1,False,False,True,2.1442126200854883,True,True,[],[   -0.37277    -0.15397     0.91506],63.81504585689631,-156.34090731134148,0.28814288621171213,0.289931459571692,0.29208860878158904,29.1,0.10685404283080624,0.36719602347356095,1.797020077498243
frame_373,0,255,1,1,False,False,True,2.1287742828279286,True,True,[],[   -0.38583     -0.1509     0.91014],63.54511504730097,-157.64899402996664,0.27116450040333206,0.2728551228677507,0.2774065042972089,29.1,1.8144877132249326,6.235352966408703,1.8013881916781154
frame_374,0,255,1,1,False,False,True,2.2444062648386427,True,True,[],[   -0.37156    -0.16649     0.91336],64.1343238125772,-155.10057769167813,0.2746253867571484,0.276343156394141,0.28291341338561543,29.1,1.465684360585906,5.036716015759127,1.8019057032324484
frame_375,0,255,1,1,False,False,True,2.352241567209652,True,True,[],[   -0.35087    -0.15846     0.92292],-34.04340730898145,27.991472343906384,0.29003778203002795,0.1427226010637237,0.16106625144384057,29.1,14.827739893627633,50.95443262414994,1.8985492928984202
frame_376,0,255,1,1,False,False,True,2.4319248663598088,True,True,[],[   -0.35793    -0.17383     0.91742],63.440494842250516,-152.88160768635115,0.27925312795856017,0.2820443856750654,0.2813773003405525,29.1,0.8955614324934635,3.0775306958538264,1.7997522695478818
frame_377,0,255,1,1,False,False,True,2.2934472932533096,True,True,[],[   -0.37309    -0.18238     0.90969],63.28780511447847,-153.16812541630935,0.28243431514041073,0.2837617716152525,0.2823507693638736,29.1,0.7238228384747525,2.4873637060988054,1.8057646965723742
frame_378,0,255,1,1,False,False,True,2.34380783846364,True,True,[],[   -0.36753    -0.18429     0.91157],63.72328444661449,-153.53645935942816,0.26812350519461003,0.27005820092592003,0.2757420515512481,29.1,2.0941799074080003,7.1964945271752585,1.8073057063733338
frame_379,0,255,1,1,False,False,True,2.395348602678996,True,True,[],[   -0.39361    -0.17841      0.9018],62.6859448890151,-155.01081711436143,0.2671778292266953,0.2683364341404353,0.2701115636759094,29.1,2.266356585956475,7.788166962049742,1.8029760836323854
frame_380,0,255,1,1,False,False,True,2.269155291228576,True,True,[],[   -0.33542    -0.13653     0.93212],-3.267289586706171,38.62098099453647,0.2655801496247121,0.15095184454936733,0.15312484046738095,29.1,14.00481554506327,48.126513900561065,1.899957381020086
frame_381,0,255,1,1,False,False,True,2.2266666628237126,True,True,[],[   -0.36344    -0.14211     0.92072],55.44157181353436,-170.43863029715592,0.27420119738921356,0.23924486242528542,0.22834418000366985,29.1,5.175513757471462,17.785270644231826,1.8746115268682533
frame_382,0,255,1,1,False,False,True,2.144676899205596,True,True,[],[   -0.37644    -0.16398     0.91181],64.13278741466414,-155.64557743913775,0.2854591921110554,0.286519963830413,0.28794197400961763,29.1,0.44800361695870317,1.5395313297549937,1.8053801385512263
frame_383,0,255,1,1,False,False,True,2.219330792650195,True,True,[],[   -0.36768    -0.16195     0.91574],65.73778356504828,-155.90643682845956,0.29546302943790215,0.2959394711268486,0.2906584334904594,29.1,0.493947112684856,1.6974127583672025,1.814190559367002
frame_384,0,255,1,1,False,False,True,2.5109629925619514,True,True,[],[   -0.36469    -0.18935     0.91167],64.46229811132544,-152.2955901306622,0.27316063527008905,0.27425207783409955,0.2779865412842943,29.1,1.6747922165900486,5.755299713367864,1.8039110957333313
frame_385,0,255,1,1,False,False,True,2.510516469547631,True,True,[],[   -0.38541    -0.21875     0.89644],62.50633230456415,-150.32041921240392,0.27508804554849897,0.2759700533232776,0.2808940421987367,29.1,1.5029946676722417,5.1649301294578756,1.7995430673750403
frame_386,0,255,1,1,False,False,True,2.481115124716874,True,True,[],[   -0.34217     -0.1888     0.92047],57.82747257038347,-172.73651754682746,0.2727962079386941,0.2107167723341361,0.21330515538487543,29.1,8.028322766586394,27.588738029506505,1.8759344623044685
frame_387,0,255,1,1,False,False,True,2.4655317704342568,True,True,[],[   -0.35069    -0.21395     0.91172],64.64656340605976,-148.00887258013134,0.2771004787962261,0.2777277149004256,0.28738154695963425,29.1,1.3272285099574455,4.560922714630396,1.813167026025567
frame_388,0,255,1,1,False,False,True,2.474666508386885,True,True,[],[   -0.37401    -0.21999     0.90095],48.350376474733544,-162.60766281311615,0.2638432100763326,0.17438727735075465,0.18567219989367473,29.1,11.661272264924538,40.07310056675099,1.8694880367706181
frame_389,0,255,1,1,False,False,True,2.4423884158122107,True,True,[],[   -0.33267     -0.2238      0.9161],-12.54179184281125,29.554754293254717,0.27360598540967374,0.1661630319428724,0.21117520698764644,29.1,12.483696805712762,42.89930173784454,1.874885817035552
frame_390,0,255,1,1,False,False,True,2.294938937428134,True,True,[],[   -0.33857    -0.21355     0.91639],-32.006623926259806,15.484065806032197,0.25761882946003145,0.12724711720353699,0.146288921168878,29.1,16.375288279646306,56.27246831493575,1.882387581818244
frame_391,0,255,1,1,False,False,True,2.211886143554858,True,True,[],[   -0.37949     -0.2516     0.89033],-36.99989390226997,19.372858523470512,0.2670312035315505,0.14868402774080192,0.14084028825278128,29.1,14.231597225919812,48.90583239147701,1.863947335911713
frame_393,0,255,1,1,False,False,True,2.093289879800363,False,False,[],[   -0.35587     -0.2167     0.90906],-1.0,-1.0,-1.0,-1.0,0.14670147048039778,29.1,,,1.8642027706194382
frame_394,0,255,1,1,False,False,True,2.2100000192557223,True,True,[],[   -0.35915    -0.21924     0.90716],62.61138921843292,-148.1180621823723,0.28062445972424954,0.2813179293819499,0.28253160525341653,29.1,0.9682070618050154,3.3271720336942106,1.824268181215633
frame_395,0,255,1,1,False,False,True,2.2456142233143734,True,True,[],[   -0.33899    -0.23725     0.91038],65.22006263180897,-142.96966903880613,0.26799202954317414,0.2643372726898414,0.27452167882263334,29.1,2.666272731015862,9.162449247477188,1.815812554134561
frame_396,0,255,1,1,False,False,True,2.317987913751325,True,True,[],[   -0.32579    -0.24425     0.91335],-39.70601263136878,22.722546208149527,0.27995009176200947,0.12967925645333667,0.13726658436928146,29.1,16.132074354666337,55.43668163115579,1.8866728340425798
frame_397,0,255,1,1,False,False,True,2.3697966497522414,False,False,[],[   -0.29794    -0.19572      0.9343],-1.0,-1.0,-1.0,-1.0,0.15758102778053013,29.1,,,1.892271020279819
frame_398,0,255,1,1,False,False,True,2.2887700986388855,True,True,[],[   -0.27964     -0.2483     0.92744],-0.03261462480266968,40.19236339571437,0.2779372784669982,0.16027455749104397,0.16377683136866503,29.1,13.072544250895607,44.92283247730449,1.909255294064384
frame_399,0,255,1,1,False,False,True,2.1846009286892074,False,False,[],[   -0.28511    -0.22196     0.93244],-1.0,-1.0,-1.0,-1.0,0.1638363445943398,29.1,,,1.8866392309890199
frame_400,0,255,1,1,False,False,True,2.090908979184521,True,True,[],[    -0.3092    -0.22885     0.92305],-2.670424195311704,41.28878400445776,0.2587383547940376,0.14900431298554428,0.16097439123306695,29.1,14.199568701445575,48.79576873348995,1.8899976361881603
frame_401,0,255,1,1,False,False,True,2.0207469767925472,True,True,[],[   -0.32676    -0.22829     0.91712],66.19815073065695,-144.82330460862258,0.28865612037159094,0.2722583377499814,0.27456866690010173,29.1,1.874166225001861,6.440433762892993,1.836587277682204
frame_402,0,255,1,1,False,False,True,2.103404577023169,False,False,[],[   -0.29764    -0.20994     0.93131],-1.0,-1.0,-1.0,-1.0,0.14857051296403673,29.1,,,1.8924822878762375
frame_403,0,255,1,1,False,False,True,2.029649581332031,True,True,[],[   -0.29476    -0.19069     0.93635],60.74782513572227,-162.06420261159926,0.26354894819965025,0.19332240510639487,0.1961734298618884,29.1,9.767759489360516,33.56618381223545,1.8829834564504297
frame_404,0,255,1,1,False,False,True,2.1298246989441925,False,False,[],[   -0.25704     -0.1769     0.95007],-1.0,-1.0,-1.0,-1.0,0.2401668746076447,29.1,,,1.8850709330920437
frame_405,0,255,1,1,False,False,True,2.174093190060722,True,True,[],[   -0.30664    -0.22518      0.9248],65.56671478187475,-152.4989540742621,0.28057867624345767,0.27948182119156506,0.2800100948027411,29.1,1.1518178808434976,3.9581370475721562,1.8646090231653654
frame_406,0,255,1,1,False,False,True,2.164429697277332,False,False,[],[   -0.27531    -0.20291      0.9397],-1.0,-1.0,-1.0,-1.0,0.17293692152511092,29.1,,,1.8850262433576126
frame_407,0,255,1,1,False,False,True,2.183716066419371,True,True,[],[   -0.29207    -0.22753     0.92894],68.05291156593283,-141.75264772937766,0.28582555089379835,0.28602191587063275,0.28688840793003006,29.1,0.49780841293672884,1.7106818313976935,1.8283596887752398
frame_408,0,255,1,1,False,False,True,2.259183658292444,False,False,[],[   -0.24795    -0.22984     0.94111],-1.0,-1.0,-1.0,-1.0,0.16508862522221168,29.1,,,1.897278132023396
frame_409,0,255,1,1,False,False,True,2.1159842159039353,False,False,[],[   -0.25719    -0.24671     0.93434],-1.0,-1.0,-1.0,-1.0,0.13762783172797322,29.1,,,1.896987195824907
frame_410,0,255,1,1,False,False,True,2.2517481142904097,True,True,[],[   -0.29351    -0.25403     0.92158],66.42713969875622,-138.67101631365122,0.28054149837801856,0.2811490892963142,0.28160606653107945,29.1,0.9850910703685822,3.3851926816789764,1.8270156868348832
frame_411,0,255,1,1,False,False,True,2.2612440323755263,True,True,[],[   -0.28759    -0.26139     0.92139],66.87901929687068,-137.38393426388114,0.27110060193952323,0.27136582334077075,0.2720501487411676,29.1,1.9634176659229285,6.7471397454396165,1.8268020135807381
frame_412,0,255,1,1,False,False,True,2.189189409867521,True,True,[],[   -0.28024    -0.23903     0.92969],67.74259191516433,-139.319827308219,0.2684620022493831,0.26905987871757064,0.2738091516165433,29.1,2.1940121282429392,7.539560578154431,1.8189032336590127
frame_413,0,255,1,1,False,False,True,2.2698412422212697,True,True,[],[    -0.2701     -0.2529     0.92902],66.40431628489966,-136.66716210042983,0.2735114947335522,0.2727746415355714,0.2762220923522728,29.1,1.8225358464428631,6.263009781590595,1.8169073520341792
frame_414,0,255,1,1,False,False,True,2.15045129997483,True,True,[],[   -0.28953    -0.23958      0.9267],62.04376061349923,-152.9697130720143,0.27815666623899515,0.25218639316475255,0.25210161194337033,29.1,3.8813606835247483,13.338009221734529,1.8659468230888736
frame_415,0,255,1,1,False,False,True,2.2013575190902315,False,False,[],[   -0.30563    -0.27492      0.9116],-1.0,-1.0,-1.0,-1.0,0.16454914467631454,29.1,,,1.8907017843851905
frame_416,0,255,1,1,False,False,True,2.1891892502697945,False,False,[],[   -0.29098    -0.24804     0.92402],-1.0,-1.0,-1.0,-1.0,0.18118772075356945,29.1,,,1.8867358850140876
frame_417,0,255,1,1,False,False,True,2.0928270183410818,False,False,[],[   -0.28111    -0.23581     0.93025],-1.0,-1.0,-1.0,-1.0,0.14292930877624987,29.1,,,1.8914146746320677
frame_418,0,255,1,1,False,False,True,2.1423000548885396,True,True,[],[   -0.29397    -0.21489     0.93135],68.77476733872459,-143.82069017135942,0.26536613949170507,0.2653176062889957,0.26927915894887355,29.1,2.5682393711004337,8.825564849142383,1.8387012552676505
frame_419,0,255,1,1,False,False,True,2.1315792481171627,True,True,[],[   -0.29367    -0.25993     0.91989],66.77021507460408,-138.40932852765334,0.2676238723125792,0.2677372043628845,0.27451226019048347,29.1,2.326279563711553,7.994087847806024,1.8246051862935446
frame_420,0,255,1,1,False,False,True,2.1434071313046923,True,True,[],[   -0.27116    -0.25068     0.92932],67.950588994026,-137.030477315531,0.27696717899019574,0.27719724637659326,0.2806576138061758,29.1,1.3802753623406772,4.7432143035762095,1.8274070069916528
frame_421,0,255,1,1,False,False,True,2.0675105714709248,False,False,[],[   -0.28269    -0.22124     0.93335],-1.0,-1.0,-1.0,-1.0,0.16675007138943018,29.1,,,1.876785382291131
frame_422,0,255,1,1,False,False,True,2.125677236656124,True,True,[],[    -0.2897     -0.2434     0.92565],57.96458645792382,-156.80780955922125,0.29503251608369596,0.2046895508402018,0.19523425021720278,29.1,8.631044915979825,29.65994816487912,1.8722909481553307
frame_423,0,255,1,1,False,False,True,2.112866999972045,True,True,[],[   -0.28644    -0.23334     0.92925],-21.396035476067823,53.01711548189407,0.2832883492910878,0.13593760163284407,0.14263052883972496,29.1,15.506239836715597,53.286047548850846,1.8951865730238973
frame_424,0,255,1,1,False,False,True,2.061601690368908,True,True,[],[   -0.28781    -0.24058     0.92698],54.95790079192171,-152.82206847844952,0.3121980218270626,0.18967158848287347,0.19588604734024623,29.1,10.132841151712658,34.820759971521156,1.8762567138338422
frame_425,0,255,1,1,False,False,True,2.1052634268874,False,False,[],[   -0.27319    -0.21558     0.93749],-1.0,-1.0,-1.0,-1.0,0.20322985222735646,29.1,,,1.877690906124997
frame_426,0,255,1,1,False,False,True,2.048681663481935,True,True,[],[   -0.28515    -0.23365     0.92957],67.85526869938293,-140.5614839220151,0.3022547718670343,0.3025358869026935,0.30648025819933,29.1,1.153588690269347,3.9642223033310895,1.8240615644899016
frame_427,0,255,1,1,False,False,True,2.153846185768028,True,True,[],[   -0.30081    -0.23881      0.9233],67.3265968938611,-141.59690196028959,0.30027147321141845,0.3003468762316104,0.3016776158872835,29.1,0.9346876231610346,3.2119849593162697,1.8298654792115494
frame_428,0,255,1,1,False,False,True,2.1842107486083373,False,False,[],[   -0.29559    -0.22234     0.92908],-1.0,-1.0,-1.0,-1.0,0.17507511457984715,29.1,,,1.877936679859684
frame_429,0,255,1,1,False,False,True,2.0500001921896422,False,False,[],[   -0.28035    -0.22605      0.9329],-1.0,-1.0,-1.0,-1.0,0.21479180094126143,29.1,,,1.8840962702280855
frame_430,0,255,1,1,False,False,True,2.055359061873782,True,True,[],[   -0.27391    -0.19736     0.94129],67.67496037204529,-171.62490154557258,0.2778694801417092,0.25661073621204866,0.25222845260367177,29.1,3.4389263787951374,11.817616421976416,1.869401540191037
frame_431,0,255,1,1,False,False,True,1.9571018591656495,True,True,[],[   -0.30552     -0.2451      0.9201],65.87449971496322,-140.34942859814825,0.28444671025639234,0.285168729204208,0.29005760693291416,29.1,0.5831270795792043,2.003873125701733,1.8170481066205608
frame_432,0,255,1,1,False,False,True,1.8820115498671697,False,False,[],[    -0.2634    -0.19094      0.9456],-1.0,-1.0,-1.0,-1.0,0.15893136032638167,29.1,,,1.874719923532742
frame_433,0,255,1,1,False,False,True,1.881125157283011,True,True,[],[   -0.28302    -0.20591     0.93675],67.35845993977246,-142.5220430912539,0.2778310708614111,0.2794280243966838,0.28603256941360145,29.1,1.1571975603316242,3.976623918665375,1.8087671669167689
frame_434,0,255,1,1,False,False,True,1.9132893197782848,True,True,[],[   -0.29677    -0.25832     0.91935],66.63005927175698,-137.4704990164793,0.27243417285641236,0.27126103566782267,0.272779007362563,29.1,1.9738964332177367,6.783149255043769,1.8219461618150983
frame_435,0,255,1,1,False,False,True,1.976102965064506,True,True,[],[   -0.29755     -0.2483     0.92185],65.91153189629328,-139.32174603067318,0.29010397979558356,0.2909596519161819,0.2977922149640083,29.1,0.004034808381814248,0.013865320899705318,1.8079979872161691
frame_436,0,255,1,1,False,False,True,1.9884817289224177,False,False,[],[   -0.29101    -0.25421     0.92233],-1.0,-1.0,-1.0,-1.0,0.19001583227919885,29.1,,,1.876606455817349
frame_437,0,255,1,1,False,False,True,2.0749998111821184,False,False,[],[   -0.29595    -0.23988     0.92459],-1.0,-1.0,-1.0,-1.0,0.19427531448651744,29.1,,,1.8834057168581
frame_438,0,255,1,1,False,False,True,2.1183486074302196,False,False,[],[   -0.27227     -0.2547      0.9279],-1.0,-1.0,-1.0,-1.0,0.1475464351904323,29.1,,,1.8873624144356955
frame_439,0,255,1,1,False,False,True,2.05504596234487,True,True,[],[   -0.17751    -0.21045     0.96135],0.3756729308901807,47.83249128101556,0.3234978780986346,0.15170298291601061,0.1592590123259423,29.1,13.929701708398943,47.86839075051183,1.903338806745406
frame_440,0,255,1,1,False,False,True,1.8969073813423032,False,False,[],[   -0.24441    -0.24432     0.93839],-1.0,-1.0,-1.0,-1.0,0.1629944187868098,29.1,,,1.9032135952418159
frame_441,0,255,1,1,False,False,True,1.8244680655518817,False,False,[],[   -0.28828    -0.25397     0.92325],-1.0,-1.0,-1.0,-1.0,0.18078210898681968,29.1,,,1.8850793683801899
frame_442,0,255,1,1,False,False,True,1.888989904202061,False,False,[],[   -0.27876    -0.25149     0.92685],-1.0,-1.0,-1.0,-1.0,0.12407044284718463,29.1,,,1.891657644697296
frame_443,0,255,1,1,False,False,True,1.815286517631756,False,False,[],[   -0.25028    -0.23161     0.94006],-1.0,-1.0,-1.0,-1.0,0.13728034492698138,29.1,,,1.893565833744398
frame_444,0,255,1,1,False,False,True,1.8172483932592367,True,True,[],[    -0.2365    -0.25845     0.93663],-40.18249146130015,19.3921022823909,0.28617872488053653,0.11870417712645054,0.1421424807443817,29.1,17.22958228735495,59.208186554484364,1.8950485166136202
frame_445,0,255,1,1,False,False,True,1.8843324138868094,True,True,[],[   -0.27476    -0.23295     0.93287],68.44492477146008,-139.3698104248499,0.2706305668664901,0.271049524643316,0.2766280579786158,29.1,1.9950475356684039,6.8558334559051675,1.827986775330507
frame_446,0,255,1,1,False,False,True,1.920585220826129,True,True,[],[   -0.26769    -0.24117     0.93283],66.73243222381623,-136.69675179792003,0.26040953371169673,0.26209701603793367,0.26792058199437396,29.1,2.8902983962066364,9.932296894180881,1.8220759639537307
frame_447,0,255,1,1,False,False,True,1.95759699448026,True,True,[],[   -0.26599    -0.24118     0.93332],67.69506458880333,-137.12001382220754,0.287139305984214,0.2806173057851007,0.27947298109011387,29.1,1.0382694214899346,3.567936156322799,1.8270776142835075
frame_448,0,255,1,1,False,False,True,1.9500000775502064,True,True,[],[   -0.26209    -0.25241     0.93145],67.62452101857836,-135.39488030796207,0.2645673958200583,0.26533027247385843,0.2684520176163778,29.1,2.5669727526141606,8.821212208296084,1.8275542332656576
frame_449,0,255,1,1,False,False,True,2.0179486140730116,True,True,[],[   -0.24361    -0.26249     0.93368],54.81226970901144,-154.9869920304575,0.2772361019163938,0.15200039337353055,0.16301291987061783,29.1,13.899960662646949,47.76618784414759,1.887976546254423
frame_450,0,255,1,1,False,False,True,1.9136843410561333,True,True,[],[   -0.28025    -0.27319     0.92023],66.54697476896209,-135.3654598529886,0.2615929077144812,0.26193712043793194,0.2656063789103925,29.1,2.90628795620681,9.987243835762232,1.836685345305789
frame_451,0,255,1,1,False,False,True,1.9728504932885231,True,True,[],[   -0.25915    -0.25804     0.93073],66.30787237480146,-134.33605009638887,0.28734422302735996,0.28539214567038607,0.2770089376593905,29.1,0.560785432961397,1.9270977077711238,1.819712933005977
frame_452,0,255,1,1,False,False,True,2.017241496237411,True,True,[],[   -0.25646    -0.25417     0.93254],67.05325439450236,-135.22947259841797,0.26715999453793926,0.2663019251815961,0.2672492509748811,29.1,2.4698074818403914,8.48731093415942,1.8211141607138963
frame_453,0,255,1,1,False,False,True,2.0222457199159694,False,False,[],[   -0.25237    -0.25869     0.93241],-1.0,-1.0,-1.0,-1.0,0.1709622041605461,29.1,,,1.8907887590191073
frame_454,0,255,1,1,False,False,True,2.1026198741142466,False,False,[],[   -0.26093    -0.25011     0.93239],-1.0,-1.0,-1.0,-1.0,0.1399021580252724,29.1,,,1.8864290239764194
frame_455,0,255,1,1,False,False,True,2.072447784858068,True,True,[],[   -0.25984    -0.27853     0.92461],55.354078588169976,-140.798759893777,0.2615495923225426,0.23901508337614552,0.2361134883485223,29.1,5.198491662385452,17.864232516788494,1.87719800744487
frame_456,0,255,1,1,False,False,True,2.173913093708448,True,True,[],[   -0.27756    -0.27899     0.91931],-14.709209914723653,60.6743039621222,0.2635045494850661,0.14649366027434008,0.150230965926448,29.1,14.450633972565996,49.65853598819929,1.8990940668825376
frame_457,0,255,1,1,False,False,True,2.145762637392716,True,True,[],[   -0.27469    -0.28582     0.91807],65.5854737273111,-133.23266946937218,0.2705561655534887,0.2714721693782498,0.2737176128996679,29.1,1.952783062175023,6.710594715378086,1.815564440864599
frame_458,0,255,1,1,False,False,True,2.2229580047413084,True,True,[],[   -0.24774    -0.26315     0.93241],67.69893627178642,-133.8475650229676,0.2917405550250629,0.2875850973541523,0.2803456621336532,29.1,0.34149026458477616,1.1735060638652102,1.8308840726455573
frame_459,0,255,1,1,False,False,True,2.380095887448732,True,True,[],[    -0.2768    -0.27591     0.92046],-8.101154531574005,57.825165950194716,0.26419040048964026,0.1568255516898417,0.167258378058894,29.1,13.417444831015835,46.108057838542386,1.901294143508664
frame_460,0,255,1,1,False,False,True,2.292964141312751,True,True,[],[   -0.26819    -0.23905     0.93324],68.0652532358495,-138.43832446422894,0.2620854543534461,0.26281395928873574,0.2671093393631672,29.1,2.8186040711264293,9.685924643046148,1.8230893292844108
frame_461,0,255,1,1,False,False,True,2.3421925502538885,True,True,[],[   -0.25511    -0.26261     0.93057],67.15693560105348,-134.85430409397122,0.26800838938937854,0.2629454675202807,0.26573753781883575,29.1,2.805453247971934,9.640732810900117,1.816657245662142
frame_462,0,255,1,1,False,False,True,2.3302277905902566,True,True,[],[   -0.27899    -0.26505     0.92299],64.39516927304183,-135.7356504485128,0.28132862563677397,0.28322548755653365,0.2785642769600465,29.1,0.7774512443466386,2.6716537606413695,1.8145659504175966
frame_463,0,255,1,1,False,False,True,2.4714285802948406,True,True,[],[    -0.2784    -0.26775     0.92239],66.45104011491281,-136.02521951273962,0.2846882059730649,0.28542186658981517,0.2880174459091895,29.1,0.5578133410184871,1.9168843333968628,1.8195090218552465
frame_464,0,255,1,1,False,False,True,2.231413480404786,True,True,[],[    -0.2807    -0.25196     0.92613],63.73714887096769,-150.90037309695364,0.2679351548459139,0.2666410452451098,0.26671916088294856,29.1,2.435895475489025,8.370774829859192,1.8616357325446358
frame_465,0,255,1,1,False,False,True,2.501691170559297,True,True,[],[   -0.27295    -0.28414     0.91911],63.3568489805389,-133.55493429354,0.2818243727791012,0.26858539529609526,0.26811200713650174,29.1,2.2414604703904772,7.702613300310918,1.7960803403529664
frame_466,0,255,1,1,False,False,True,2.582547147705911,True,True,[],[   -0.26438    -0.22017     0.93895],69.18576452599883,-140.36036939047327,0.27184127981813333,0.2725421268063539,0.27448400044895305,29.1,1.8457873193646113,6.342911750393852,1.8179457339806508
frame_467,0,255,1,1,False,False,True,2.5494508015606305,True,True,[],[   -0.28539    -0.24509     0.92654],67.08202980033495,-139.58562019432622,0.27004740582049824,0.27078668707708387,0.2721792252097483,29.1,2.021331292291617,6.946155643613803,1.8179904542070755
frame_468,0,255,1,1,False,False,True,2.5873786664179614,True,True,[],[   -0.28775     -0.2751     0.91734],63.91526878615211,-135.9540847356043,0.269595448491206,0.26834809570968665,0.26978533897267776,29.1,2.2651904290313385,7.784159549935871,1.8044102163356375
frame_469,0,255,1,1,False,False,True,2.6414865724563725,True,True,[],[   -0.28712    -0.27004     0.91904],50.05029686267978,-137.7904134320824,0.28213728797894544,0.24384928200067102,0.25305645246323194,29.1,4.715071799932902,16.202995876058083,1.8768957125628654
frame_470,0,255,1,1,False,False,True,2.6376813284275196,True,True,[],[   -0.27168    -0.25787      0.9272],67.87924444550721,-137.0390160002769,0.2823761998402843,0.2678586469836708,0.2697757268378043,29.1,2.3141353016329247,7.952354988429295,1.8219514567665602
frame_471,0,255,1,1,False,False,True,2.645885514631618,False,False,[],[    -0.2865    -0.25668     0.92306],-1.0,-1.0,-1.0,-1.0,0.23936698417433838,29.1,,,1.8698745577408593
frame_472,0,255,1,1,False,False,True,2.625287448339975,True,True,[],[   -0.30815    -0.28535     0.90753],62.73221868031335,-136.1832070922056,0.28978857901965727,0.2902041524478871,0.2872201063794019,29.1,0.07958475521129271,0.27348713131028424,1.7922769287902571
frame_473,0,255,1,1,False,False,True,2.516703761753719,True,True,[],[    -0.3018    -0.26096     0.91696],51.80162522908391,-149.6232981764534,0.2763666133144902,0.16649202668580965,0.17587196939660732,29.1,12.45079733141904,42.78624512515133,1.8728008633685218
frame_474,0,255,1,1,False,False,True,2.544247848415137,False,False,[],[   -0.27567    -0.25399     0.92709],-1.0,-1.0,-1.0,-1.0,0.1618045161118144,29.1,,,1.8863098466804948
frame_475,0,255,1,1,False,False,True,2.68918922578874,True,True,[],[   -0.30151    -0.27297     0.91355],63.066912676854336,-136.50987612433494,0.27713396745419083,0.2798126152269065,0.2811523094066434,29.1,1.1187384773093556,3.8444621213379917,1.7959916061235879
frame_476,0,255,1,1,False,False,True,2.567761673066384,True,True,[],[   -0.30957    -0.29251     0.90477],61.81885083750136,-135.621620435089,0.2893740978603643,0.2914807380403399,0.29040434961998796,29.1,0.048073804033987866,0.16520207571817136,1.7929150324298422
frame_477,0,255,1,1,False,False,True,2.6181014985025404,True,True,[],[   -0.29735    -0.25579     0.91987],61.97808577244261,-137.10040526911536,0.2840979987042054,0.28794482140153743,0.2831555321494674,29.1,0.30551785984626045,1.0498895527362901,1.7953453773700416
frame_478,0,255,1,1,False,False,True,2.702127704135562,True,True,[],[   -0.30774     -0.2824      0.9086],61.90389939255672,-136.23080659765282,0.27110786024371336,0.27389304718012286,0.2747280803640023,29.1,1.7106952819877175,5.878677944974974,1.7885043817365955
frame_479,0,255,1,1,False,False,True,2.866323778170491,True,True,[],[   -0.30946    -0.25867     0.91505],65.16472452820344,-139.77808336778492,0.28869506566605163,0.2784338100391004,0.27762532633960196,29.1,1.2566189960899643,4.318278337078915,1.8046325398683547
frame_480,0,255,1,1,False,False,True,2.851300831264994,True,True,[],[   -0.28784    -0.24494     0.92582],58.3661106227741,-138.09080066342972,0.297858700977899,0.2817141047586489,0.2869527405619663,29.1,0.928589524135115,3.191029292560532,1.7361117249381715
frame_481,0,255,1,1,False,False,True,2.921320078716811,True,True,[],[   -0.30798    -0.25295     0.91715],65.70689837731193,-140.62782914837686,0.29921328808317105,0.2999696209576219,0.2931303315805258,29.1,0.8969620957621882,3.082343971691368,1.8052870369945784
frame_482,0,255,1,1,False,False,True,2.9727383914487073,True,True,[],[   -0.30671    -0.27956     0.90982],60.36900000028422,-135.77923392056928,0.28762296938409526,0.2910356183879921,0.2888653215815935,29.1,0.003561838799204242,0.012239995873554097,1.7851218034464176
frame_483,0,255,1,1,False,False,True,3.0646768624013254,True,True,[],[    -0.3023    -0.26706     0.91504],52.13404128488401,-127.77824661563781,0.30024526179448374,0.15853227094993527,0.15837243128552292,29.1,13.246772905006477,45.521556374592706,1.7166311967728742
frame_484,0,255,1,1,False,False,True,2.981723463497896,True,True,[],[    -0.2947    -0.25014     0.92227],57.012993226322536,-132.9776899843563,0.27554872222698634,0.2709815221718386,0.1973935760702471,29.1,2.0018477828161463,6.879202002804625,1.7317623906905115
frame_485,0,255,1,1,False,False,True,3.022549787921344,True,True,[],[   -0.29593    -0.26143     0.91874],63.080650327836125,-137.90218881854997,0.2846479897343748,0.28753581460602473,0.28515498361460423,29.1,0.34641853939753053,1.1904417161427165,1.802121803682283
frame_486,0,255,1,1,False,False,True,2.9534248525786118,True,True,[],[   -0.29267    -0.24976     0.92302],60.43601219087199,-139.48354974394246,0.2778023475558582,0.2817048289178439,0.27837069937283715,29.1,0.9295171082156162,3.1942168667203306,1.7419258994513778
frame_487,0,255,1,1,False,False,True,2.9327412924086627,True,True,[],[   -0.31844    -0.28249     0.90487],60.8021362118294,-137.07542722289503,0.26823667484494473,0.27100265947406954,0.2696755203865543,29.1,1.9997340525930496,6.871938325062025,1.7906100704212382
frame_488,0,255,1,1,False,False,True,2.880149878658892,True,True,[],[   -0.28993    -0.27257     0.91741],61.978602574688665,-136.66372375478565,0.2823782911010375,0.2724908435621365,0.2709802116845157,29.1,1.850915643786355,6.360534858372353,1.7977547240142084
frame_489,0,255,1,1,False,False,True,2.927607450614847,True,True,[],[   -0.29568    -0.26399     0.91809],62.46816338902,-137.0125900934506,0.26722362217162776,0.2701843605003751,0.27065113868667434,29.1,2.081563949962495,7.153140721520601,1.7977002386999603
frame_490,0,255,1,1,False,False,True,2.9192263681089825,True,True,[],[   -0.32843    -0.33488     0.88317],60.33066266738114,-134.02544701478854,0.2827819105874372,0.28406429113245313,0.28277745517848407,29.1,0.6935708867546908,2.3834051091226485,1.7998744728785403
frame_491,0,255,1,1,False,False,True,2.8995436521494473,True,True,[],[   -0.33341    -0.31086     0.89006],60.33033938106585,-141.72530253435195,0.2808539421281029,0.2769966488333322,0.27714231606565676,29.1,1.4003351166667843,4.812148167239808,1.835504595097785
frame_492,0,255,1,1,False,False,True,2.851528121774573,True,True,[],[   -0.34166    -0.32851     0.88054],59.027841870936435,-135.47462392483268,0.27457636711214795,0.2762058223513735,0.2774920577773251,29.1,1.479417764862656,5.0839098448888524,1.7993965193599875
frame_493,0,255,1,1,False,False,True,2.736680905303009,True,True,[],[   -0.34117    -0.32683     0.88136],60.14526901630329,-135.96856008853663,0.2746367136361676,0.2758395454877709,0.27511272576795204,29.1,1.5160454512229138,5.209778182896611,1.8119916305722783
frame_494,0,255,1,1,False,False,True,2.5654824463211856,True,True,[],[    -0.3295    -0.31826      0.8889],59.51207383086008,-135.7733184256294,0.2914571012304632,0.293126480886275,0.29740117801845684,29.1,0.2126480886274984,0.730749445455321,1.7984484147122575
frame_495,0,255,1,1,False,False,True,2.563706639355212,True,True,[],[   -0.32026    -0.32652     0.88928],59.22942630187067,-134.29436793923543,0.28571279898917123,0.28786088187007763,0.2804324666820519,29.1,0.31391181299224025,1.0787347525506537,1.8056807449412724
frame_496,0,255,1,1,False,False,True,2.6041235774937923,False,False,[],[   -0.29062    -0.30803      0.9059],-1.0,-1.0,-1.0,-1.0,0.2426195584667858,29.1,,,1.8690324622839305
frame_497,0,255,1,1,False,False,True,2.5117812113121385,True,True,[],[   -0.32301    -0.28608     0.90212],47.36696386138476,-141.83332243358052,0.2530656743379689,0.2275844831049092,0.22661169451965224,29.1,6.3415516895090835,21.792273847110252,1.8549664690835135
frame_498,0,255,1,1,False,False,True,2.457322421223807,True,True,[],[   -0.31427    -0.29741     0.90154],59.60773962994613,-135.14292535857786,0.2803750807526131,0.2818648052257957,0.28775422974569953,29.1,0.9135194774204325,3.1392421904482215,1.8133597025431774
frame_499,0,255,1,1,False,False,True,2.420849155757506,True,True,[],[    -0.3298    -0.30285     0.89415],62.995783897155015,-137.38791872935573,0.27902151046295876,0.279436392574677,0.28301486275302223,29.1,1.156360742532303,3.9737482561247526,1.832582213945478
frame_500,0,255,1,1,False,False,True,2.2721737090901897,False,False,[],[   -0.33709    -0.29269     0.89482],-1.0,-1.0,-1.0,-1.0,0.1926709910790055,29.1,,,1.869748016712502
frame_501,0,255,1,1,False,False,True,2.110000005696426,True,True,[],[   -0.33785     -0.3207     0.88488],46.65908625118204,-154.89300378802548,0.27629979741545085,0.16231791635763138,0.1646536168295645,29.1,12.868208364236866,44.22064729978304,1.8575680759797832
frame_502,0,255,1,1,False,False,True,2.158382671757016,True,True,[],[   -0.31529    -0.27612     0.90794],65.94192039859465,-138.12882389748242,0.27662748240050816,0.27623361397824064,0.278908731435077,29.1,1.4766386021759392,5.074359457649275,1.8389642103123591
frame_503,0,255,1,1,False,False,True,2.0913499646063185,False,False,[],[   -0.29041    -0.21099     0.93335],-1.0,-1.0,-1.0,-1.0,0.24038333389451627,29.1,,,1.8837967980554076
frame_504,0,255,1,1,False,False,True,2.0366581774284933,True,True,[],[   -0.30273    -0.26509     0.91547],62.26231265966419,-137.74872385551956,0.27446321593230927,0.27539122913786107,0.27864954476087656,29.1,1.5608770862138965,5.363838784240194,1.8193591506844258
frame_505,0,255,1,1,False,False,True,1.9954001255438631,True,True,[],[   -0.29416    -0.26963     0.91694],63.62741979248337,-136.69700545328263,0.2796244711125837,0.2813572865390981,0.2830888780272446,29.1,0.9642713460901953,3.313647237423351,1.8140359859865622
frame_506,0,255,1,1,False,False,True,2.1274298582090694,True,True,[],[   -0.27831    -0.23118     0.93226],69.16011898701426,-139.96124306828762,0.27565652501785665,0.2698569888502209,0.27120777660630024,29.1,2.1143011149779123,7.2656395703708325,1.8449523335879612
frame_507,0,255,1,1,False,False,True,2.144868920872573,True,True,[],[    -0.2886    -0.26634     0.91966],63.70034407764271,-135.54190643073375,0.2702633421469842,0.2730672374133034,0.2730339570160273,29.1,1.7932762586696627,6.16246136999884,1.8221717416376308
frame_509,0,255,1,1,False,False,True,2.1621621544875347,True,True,[],[   -0.28298    -0.30576     0.90909],50.5140233987042,-142.67094577281821,0.2779452842594079,0.18287608735912042,0.1728419365652395,29.1,10.812391264087962,37.15598372538819,1.8728581339120864
frame_510,0,255,1,1,False,False,True,2.205852681974036,True,True,[],[   -0.30139    -0.29854     0.90556],65.12934197609847,-135.35856725304953,0.2697521774623788,0.26962075084139325,0.27416628313327274,29.1,2.1379249158606783,7.346821016703362,1.8296028452158233
frame_511,0,255,1,1,False,False,True,2.0982143028032127,True,True,[],[   -0.28357    -0.25844     0.92347],56.56688120135212,-158.6811019763528,0.25835022908695415,0.1894195713499982,0.1819864233811492,29.1,10.158042865000183,34.90736379725149,1.8667547564097058
frame_512,0,255,1,1,False,False,True,2.044077192492038,True,True,[],[   -0.27961    -0.24286     0.92889],68.53251171696397,-139.16264431938723,0.2657549660565426,0.26555762033094243,0.2716416233461909,29.1,2.54423796690576,8.74308579692701,1.8370032523228572
frame_513,0,255,1,1,False,False,True,1.9562791614502095,True,True,[],[   -0.27817    -0.26789     0.92242],65.38544731600985,-135.299906746623,0.2914243408486896,0.2755594544961668,0.285838836112055,29.1,1.5440545503833225,5.306029382760558,1.830600418283471
frame_514,0,255,1,1,False,False,True,2.065420617731991,True,True,[],[   -0.27295    -0.27763      0.9211],50.577369919556254,-146.06959535033926,0.2789275919441976,0.2046199243998208,0.2369574279135005,29.1,8.638007560017924,29.68387477669389,1.8813905147668708
frame_515,0,255,1,1,False,False,True,2.0435685714866954,True,True,[],[   -0.27491    -0.31306     0.90908],64.7316230335079,-130.72834105395674,0.2681583394024063,0.2678107163496366,0.27061740300296655,29.1,2.3189283650363435,7.968825996688465,1.8129425047506513
frame_516,0,255,1,1,False,False,True,2.1348315655516403,True,True,[],[   -0.24767    -0.30905     0.91823],49.96003801361873,-145.5754193618883,0.2695078239965334,0.14312126790647484,0.14761247951086293,29.1,14.78787320935252,50.81743370911519,1.8719349326581307
frame_517,0,255,1,1,False,False,True,2.2708102136635966,True,True,[],[   -0.23121    -0.27372     0.93361],69.06646450206836,-130.29819975728896,0.2724358185174607,0.27263617730389056,0.2731079330666488,29.1,1.8363822696109477,6.310591991790199,1.8198772405338062
frame_518,0,255,1,1,False,False,True,2.1780822461090614,True,True,[],[   -0.20699    -0.26407     0.94203],66.53820621664407,-126.40206883635184,0.2889377388472745,0.2892039182179056,0.280022577689973,29.1,0.17960817820944497,0.6172102343967181,1.7928787976542229
frame_519,0,255,1,1,False,False,True,2.354482689744151,True,True,[],[   -0.20826    -0.26837     0.94054],67.16013102234056,-126.92919997452259,0.26722355391907393,0.26916994160326513,0.26681908997185055,29.1,2.183005839673491,7.5017382806649175,1.783073342231012
frame_520,0,255,1,1,False,False,True,2.263386275169044,True,True,[],[   -0.17133    -0.20046      0.9646],70.72956681062651,-129.4171751526235,0.2775502432919059,0.2580805228093943,0.2559358284899115,29.1,3.291947719060573,11.312535117046641,1.7804081855923428
frame_521,0,255,1,1,False,False,True,2.3216148026544214,True,True,[],[   -0.17182    -0.22225     0.95973],68.60805545892725,-126.67976579696453,0.259977716257922,0.24726855812055604,0.2444509223385189,29.1,4.3731441879443995,15.027986900152577,1.7755365421100215
frame_522,0,255,1,1,False,False,True,2.4859812562632495,True,True,[],[   -0.21725    -0.26516     0.93941],67.87445327352552,-128.90942760163696,0.24932717651400949,0.25081812204112364,0.24881981829172775,29.1,4.0181877958876395,13.808205484149964,1.779570255373499
frame_523,0,255,1,1,False,False,True,2.650314338253912,True,True,[],[   -0.21391    -0.28663     0.93386],65.86664061053162,-125.39917300144158,0.26943824410163364,0.2626513519864597,0.2664316607267597,29.1,2.834864801354031,9.741803441079144,1.7651638520730508
frame_524,0,255,1,1,False,False,True,2.574359176019068,True,True,[],[   -0.17663    -0.23191     0.95656],56.283105371664156,-139.95310599782167,0.24453254297477134,0.13273274016784398,0.1388235490255345,29.1,15.826725983215606,54.3873745127684,1.7081106610823014
frame_525,0,255,1,1,False,False,True,2.746333988286061,True,True,[],[   -0.19243    -0.23095     0.95375],60.07702684589203,-136.1019993586598,0.26701353737197153,0.17190583582671737,0.18513891003539898,29.1,11.909416417328266,40.92582961281191,1.7076861632693319
frame_526,0,255,1,1,False,False,True,2.6385538742267576,True,True,[],[   -0.20836    -0.27611     0.93827],61.98724111374482,-123.85293561096655,0.25738529398872356,0.2618941683641709,0.25900036144312466,29.1,2.910583163582914,10.002003998566714,1.763045239295715
frame_527,0,255,1,1,False,False,True,2.6251541081825156,True,True,[],[   -0.21491     -0.2436     0.94577],65.47474612393286,-129.8908076823749,0.26712489511055426,0.27063441192719373,0.26810272525606305,29.1,2.0365588072806307,6.9984838738166,1.7717941562071542
frame_528,0,255,1,1,False,False,True,2.440344299571711,True,True,[],[   -0.17632    -0.19746     0.96432],57.54723155864573,-135.38013822875436,0.27512336405355153,0.19299620688465025,0.19160716031677036,29.1,9.800379311534979,33.678279421082394,1.7082619047447627
frame_529,0,255,1,1,False,False,True,2.6231295298347415,True,True,[],[   -0.21577    -0.16844      0.9618],72.49425919772493,-141.28701383175624,0.2585255890341047,0.2563299840885329,0.2595291106433084,29.1,3.4670015911467122,11.914094814937155,1.7964607028400197
frame_530,0,255,1,1,False,False,True,2.806149793897522,True,True,[],[   -0.22603    -0.24796     0.94203],65.26951221072746,-130.60007797462308,0.27414050170761795,0.27814986335091496,0.2714000204924094,29.1,1.2850136649085075,4.415854518585936,1.7821066677570343
frame_531,0,255,1,1,False,False,True,2.7516604142776795,True,True,[],[   -0.20781    -0.18192      0.9611],67.55078274295222,-135.8680097193836,0.2994175742976539,0.27302533037306165,0.27662929119972135,29.1,1.7974669626938389,6.176862414755459,1.780749993522962
frame_532,0,255,1,1,False,False,True,3.0366971577024033,True,True,[],[   -0.23067    -0.25012     0.94034],63.22816301743906,-130.95067059020667,0.268597143492024,0.26072263180207855,0.2597156004630999,29.1,3.0277368197921484,10.404593882447246,1.7758696772230482
frame_533,0,255,1,1,False,False,True,3.102824742213727,True,True,[],[   -0.23524    -0.23555     0.94296],64.3071537011966,-132.02522704037025,0.2694578605671034,0.2731614196014085,0.27211798224661987,29.1,1.7838580398591541,6.13009635690431,1.764612021869798
frame_534,0,255,1,1,False,False,True,3.061855808963103,True,True,[],[   -0.18097    -0.20601     0.96167],56.58608017960346,-125.39097199301949,0.2779574297645415,0.2648018748553731,0.2626099672753819,29.1,2.619812514462694,9.002792145919909,1.7383944854765991
frame_535,0,255,1,1,False,False,True,2.9333330629215406,True,True,[],[   -0.26008    -0.29422     0.91967],63.62169443041822,-129.92381598931968,0.2626976301045314,0.26481942612316,0.2676044118231739,29.1,2.618057387684003,8.996760782419253,1.774958244805197
frame_536,0,255,1,1,False,False,True,2.804347890104939,True,True,[],[   -0.22172    -0.22968     0.94768],64.05333276820045,-131.92999191444267,0.26888629686073173,0.26425801629539647,0.2614352621464884,29.1,2.6741983704603567,9.189685121856895,1.777369436449377
frame_537,0,255,1,1,False,False,True,3.245901964952619,True,True,[],[   -0.24993    -0.32214      0.9131],61.70264204641357,-126.49085618947477,0.29260358415836274,0.2945809743209682,0.28414860251108676,29.1,0.35809743209681555,1.230575368030294,1.774724385878619
frame_538,0,255,1,1,False,False,True,3.1881977420268974,True,True,[],[   -0.23591    -0.27308     0.93262],62.6513951049199,-128.85010651398983,0.26369048590604227,0.2662889666893127,0.2655194968838181,29.1,2.471103331068736,8.491764024291188,1.7753733592107892
frame_539,0,255,1,1,False,False,True,2.7750679919270285,True,True,[],[   -0.25316    -0.22042     0.94198],66.37935618119471,-136.6604237137959,0.2729085198119463,0.26805176982840817,0.2760051293649069,29.1,2.2948230171591866,7.885989749687925,1.7803828112029154
frame_540,0,255,1,1,False,False,True,2.8306876760414204,True,True,[],[   -0.23091    -0.21439     0.94906],68.3101078587291,-135.80602012625235,0.26430663511314023,0.2678210036003672,0.2669106814468918,29.1,2.3178996399632834,7.965290858980355,1.7841445132183622
frame_541,0,255,1,1,False,False,True,2.9999996979129104,True,True,[],[   -0.22944     -0.2503     0.94059],64.07011834893422,-130.3911880920194,0.27156746947793775,0.27137002157104106,0.2714976891421854,29.1,1.9629978428958972,6.745697054625076,1.7692008835355235
frame_542,0,255,1,1,False,False,True,2.91402082213894,True,True,[],[   -0.25424    -0.24798     0.93481],63.34176416567543,-133.41097474707303,0.2702776913141487,0.2747506217722726,0.2731516562162226,29.1,1.624937822772743,5.583978772414923,1.7829611536776908
frame_543,0,255,1,1,False,False,True,3.0487806749763973,True,True,[],[   -0.23365    -0.23722     0.94294],63.11487195534175,-131.98201351418228,0.27307606760037006,0.2780968495892191,0.2778606881881769,29.1,1.290315041078094,4.434072306110288,1.7712761946725395
frame_544,0,255,1,1,False,False,True,3.0897961916143686,True,True,[],[   -0.25249    -0.27898     0.92651],62.5312326785503,-130.28711649239784,0.2745421465007085,0.2771113314025184,0.2807179347343977,29.1,1.3888668597481613,4.772738349650039,1.7678776248900172
frame_545,0,255,1,1,False,False,True,3.1873994347701324,True,True,[],[   -0.24818     -0.2823     0.92667],62.96235962083849,-130.19822347603093,0.27367398360757744,0.2768579618363616,0.27671596227044903,29.1,1.414203816363846,4.859806929085382,1.7673823521881507
frame_546,0,255,1,1,False,False,True,3.2854229505191315,True,True,[],[   -0.26444    -0.29384     0.91855],47.098238430684944,-129.1735136116108,0.2845683284917597,0.18342652479454746,0.16749730828845,29.1,10.757347520545258,36.966829967509476,1.7058724819363413
frame_547,0,255,1,1,False,False,True,3.2435237151603955,True,True,[],[   -0.24953    -0.29491     0.92237],50.60048830391306,-134.69054221640772,0.2660680528033905,0.13228427649909413,0.13965700143877285,29.1,15.87157235009059,54.541485739142914,1.7028829662696174
frame_548,0,255,1,1,False,False,True,3.071101101226528,True,True,[],[   -0.22299    -0.24722     0.94295],62.22133645977461,-130.14049095911224,0.26842920508935,0.27353820115816574,0.27049810873474556,29.1,1.7461798841834297,6.000618158705944,1.772738597197425
frame_549,0,255,1,1,False,False,True,3.2192152335849653,True,True,[],[   -0.25299    -0.27251     0.92829],61.4320064409399,-130.89540367968658,0.2717103521747062,0.2762207439892752,0.2764959548679319,29.1,1.4779256010724828,5.0787821342697,1.764223831167292
frame_550,0,255,1,1,False,False,True,3.1638415915236275,True,True,[],[   -0.27808     -0.2447     0.92886],64.76409443182895,-136.6894758756959,0.2666071373144412,0.2697039887000412,0.27123965191586025,29.1,2.129601129995884,7.31821694156661,1.779529441461385
frame_551,0,255,1,1,False,False,True,3.028571462254906,True,True,[],[    -0.2252    -0.22147     0.94881],41.119395549552564,-126.53860976024919,0.27099384341380084,0.13367572572483577,0.13711424234687217,29.1,15.732427427516427,54.06332449318359,1.7005802026714187
frame_552,0,255,1,1,False,False,True,2.9421488430211156,True,True,[],[   -0.26809    -0.26254     0.92693],62.2651612134178,-132.94016744460455,0.2557072281780892,0.2585342330396123,0.26216834491294105,29.1,3.246576696038772,11.156620948586845,1.7621549108089545
frame_553,0,255,1,1,False,False,True,2.8098857894449702,True,True,[],[   -0.22365    -0.20675     0.95249],62.57686837668893,-133.76093650661997,0.2724987557602774,0.28024774224282756,0.28443051818889953,29.1,1.0752257757172479,3.694933937172673,1.7632331127693894
frame_554,0,255,1,1,False,False,True,3.0950002331749396,True,True,[],[   -0.23026    -0.24095     0.94283],52.414948806891395,-123.81956729245645,0.2727329233963931,0.17331509784117305,0.17423110808018943,29.1,11.768490215882698,40.44154713361752,1.7208903933826245
frame_555,0,255,1,1,False,False,True,3.1253644953028306,True,True,[],[   -0.21076    -0.23913     0.94784],63.29864359971974,-130.13928327687458,0.29574188369365606,0.27759571021237095,0.2753370019726945,29.1,1.3404289787629087,4.606285150388002,1.7788942006552457
frame_556,0,255,1,1,False,False,True,3.4482759582472964,True,True,[],[   -0.23134    -0.26714     0.93548],60.65889217646095,-129.51308963608682,0.27502943159089366,0.2787959968166309,0.27795188786121183,29.1,1.2204003183369116,4.193815526930968,1.7701885714763548
frame_557,0,255,1,1,False,False,True,3.1453491134059326,True,True,[],[   -0.23773    -0.28779     0.92772],62.33145725240577,-128.4895105781749,0.26975875207279265,0.2748748776363268,0.2737804000347005,29.1,1.612512236367325,5.5412791627743125,1.7746430294673323
frame_558,0,255,1,1,False,False,True,3.063554192007298,True,True,[],[   -0.25502     -0.2468     0.93491],62.23799469581724,-133.92568923504655,0.25931340210817067,0.26480288677866204,0.26754242592537714,29.1,2.6197113221337998,9.002444405958073,1.764158965084288
frame_559,0,255,1,1,False,False,True,2.952606769847921,True,True,[],[    -0.2682    -0.24879     0.93068],45.691497430754055,-134.70340074132488,0.25927753012548793,0.13207522641800007,0.13718522714265896,29.1,15.892477358199997,54.61332425498281,1.7090426158993168
frame_560,0,255,1,1,False,False,True,3.005405267199023,True,True,[],[   -0.18931    -0.21572     0.95793],61.90009848218399,-129.27141903051998,0.26405100200183984,0.2478871026247078,0.24803688366358237,29.1,4.311289737529222,14.815428651303167,1.762047410607338
frame_561,0,255,1,1,False,False,True,2.936508334903577,True,True,[],[    -0.2159    -0.24158     0.94606],61.14855154899667,-130.4123921141852,0.2688212611442069,0.2603687492353659,0.25737981791677567,29.1,3.0631250764634133,10.526203011901764,1.7526709837659704
frame_562,0,255,1,1,False,False,True,2.6063831087128104,True,True,[],[   -0.17585    -0.19232     0.96545],61.04373433950769,-131.08720870460738,0.26726314463446865,0.2595649520670613,0.25875963343144415,29.1,3.143504793293872,10.802421970082033,1.76131852956084
frame_563,0,255,1,1,False,False,True,2.5231318231294977,True,True,[],[   -0.19893    -0.26911     0.94234],58.81663210791769,-126.72897056201288,0.25237024787356543,0.25163730390119987,0.24954847643347244,29.1,3.9362696098800165,13.526699690309336,1.7631678338338548
frame_564,0,255,1,1,False,False,True,2.527272503532302,True,True,[],[   -0.21264    -0.25768     0.94254],61.168921744316734,-128.5933211005465,0.2561092855809286,0.26303367915327436,0.266348982813546,29.1,2.796632084672568,9.610419534957277,1.7623658237604136
frame_565,0,255,1,1,False,False,True,2.619717936637887,True,True,[],[   -0.22195    -0.25367     0.94148],56.108003132601596,-130.41570970298343,0.25568444815349456,0.240407284578253,0.23222575121856737,29.1,5.059271542174704,17.38581285970689,1.7270843102537423
frame_566,0,255,1,1,False,False,True,2.915584743205127,True,True,[],[   -0.23366    -0.29525     0.92641],57.02226021831884,-128.23966422742586,0.2592821969303951,0.263458334464002,0.26163578108369157,29.1,2.7541665535998017,9.464489874913408,1.7635650913513714
frame_567,0,255,1,1,False,False,True,2.8844222295585857,True,True,[],[   -0.24044    -0.19316     0.95125],47.95934711730838,-128.9571997472557,0.25592386550447066,0.18340127381478277,0.1841701764746407,29.1,10.759872618521726,36.97550728014339,1.7196831881190857
frame_568,0,255,1,1,False,False,True,3.027749549940436,True,True,[],[   -0.27087    -0.25503     0.92822],59.88594218477855,-136.31366524369605,0.2747060912491004,0.26941150632291877,0.27673294108383817,29.1,2.1588493677081266,7.418726349512463,1.7669623030137411
frame_569,0,255,1,1,False,False,True,2.697382188965037,True,True,[],[   -0.25131    -0.23211     0.93966],58.950164139547866,-133.9232245007601,0.24058677082567637,0.23217841499228653,0.22998788869927433,29.1,5.88215850077135,20.213603095434195,1.7573126988093741
frame_570,0,255,1,1,False,False,True,2.9711928993246004,True,True,[],[   -0.17635    -0.16932     0.96966],58.49737614054907,-134.49023739294012,0.29049514119860764,0.26710620686329567,0.26467554770664287,29.1,2.3893793136704367,8.21092547653071,1.7568610011884809
frame_571,0,255,1,1,False,False,True,3.216216344666808,True,True,[],[     -0.295    -0.27496     0.91508],58.474167839386105,-135.62145535709953,0.2663068704529634,0.27192280586533646,0.27213861812560913,29.1,1.9077194134663578,6.555736816035592,1.7662274308480028
frame_572,0,255,1,1,False,False,True,3.2135599213650714,True,True,[],[   -0.26662    -0.22865     0.93629],59.30970944131916,-136.0272509788683,0.27837116060504385,0.26447078523398826,0.26306403499230413,29.1,2.6529214766011777,9.116568648114013,1.7763066560029983
frame_573,0,255,1,1,False,False,True,3.3647711248545993,True,True,[],[   -0.26489    -0.27804     0.92332],56.22606245695394,-132.5182931677654,0.2605680841679441,0.26276340103611684,0.25970460854595867,29.1,2.8236598963883197,9.70329861301828,1.7843112337045344
frame_574,0,255,1,1,False,False,True,3.3658840210521257,True,True,[],[   -0.30388    -0.30098     0.90392],57.369593990501556,-133.63642729255707,0.2696526778964754,0.2736341697370295,0.2677899331760822,29.1,1.736583026297056,5.967639265625622,1.7823839635524934
frame_575,0,255,1,1,False,False,True,3.565605137405987,True,True,[],[   -0.30015    -0.31112     0.90173],52.41419558626365,-124.04497084484377,0.27035447063624485,0.17007370942762323,0.16321394669417583,29.1,12.09262905723768,41.55542631353155,1.7210594358898343
frame_576,0,255,1,1,False,False,True,3.7033558800728956,True,True,[],[   -0.36908    -0.40206     0.83793],54.71385511513086,-131.96486427058176,0.2830345978601341,0.2838527173392671,0.2800550783045429,29.1,0.7147282660732945,2.4561108799769573,1.7793193196342516
frame_577,0,255,1,1,False,False,True,3.5102881332405813,True,True,[],[   -0.35318    -0.37976     0.85501],54.57405709904796,-132.23139865475258,0.282146306993841,0.2852627017242648,0.2796992355082621,29.1,0.5737298275735214,1.9715801634828913,1.784104578269466
frame_578,0,255,1,1,False,False,True,3.6599554859761962,True,True,[],[   -0.33887    -0.34885     0.87377],55.86861750903489,-133.51182329153582,0.29462657585327645,0.2878281745770239,0.28499731238223835,29.1,0.31718254229761156,1.0899743721567408,1.7893757285706287
frame_579,0,255,1,1,False,False,True,3.525441987629348,True,True,[],[   -0.32824    -0.35137     0.87681],42.39087124402248,-134.6987642723586,0.29557705699044945,0.26778594879253537,0.2658041150235053,29.1,2.321405120746467,7.977337184695762,1.855727154332158
frame_580,0,255,1,1,False,False,True,3.654292435018876,True,True,[],[   -0.34271    -0.37751     0.86025],54.99617157010139,-131.70519912109117,0.2774681980642173,0.2795629392628485,0.27678221845956885,29.1,1.143706073715156,3.930261421701567,1.7861835824473826
frame_581,0,255,1,1,False,False,True,3.512345624696964,True,True,[],[   -0.36231    -0.36756     0.85652],55.40525761234479,-133.75952437138835,0.286843976842059,0.2885207659467024,0.28461037023738595,29.1,0.2479234053297641,0.8519704650507356,1.793700250800336
frame_582,0,255,1,1,False,False,True,3.3734711333921714,True,True,[],[   -0.35738    -0.35251     0.86488],56.14297419029085,-134.79080151647582,0.2681323207707218,0.27065059287601434,0.26931421618178286,29.1,2.0349407123985697,6.992923410304362,1.7950091050070356
frame_583,0,255,1,1,False,False,True,3.2246038064401756,True,True,[],[   -0.28411      -0.289      0.9142],66.00011648380364,-134.40670498077012,0.27262867688427783,0.2727878986328365,0.27366786713070523,29.1,1.8212101367163558,6.258454078063077,1.8188302571388482
frame_584,0,255,1,1,False,False,True,3.1554704610805104,True,True,[],[   -0.34726    -0.32868     0.87828],56.6125557383716,-135.4838792551654,0.2718665116467658,0.27372435064372524,0.27458395979105554,29.1,1.7275649356274791,5.936649263324671,1.7928690649312118
frame_585,0,255,1,1,False,False,True,3.233928769839781,True,True,[],[   -0.36741    -0.36602     0.85501],53.957782577794774,-134.57366311707938,0.27573877552250736,0.27812365386748117,0.2737755112153891,29.1,1.2876346132518868,4.424861213924009,1.8011011652921507
frame_586,0,255,1,1,False,False,True,3.065902442190478,True,True,[],[   -0.36823     -0.3676     0.85398],49.977329581547416,-139.2650651280312,0.2625373341753876,0.2609296099218843,0.25205029521323596,29.1,3.007039007811574,10.333467380795785,1.8314845946527296
frame_587,0,255,1,1,False,False,True,3.0804290489500605,True,True,[],[   -0.37775    -0.33482     0.86325],55.471102478243616,-137.2615517336821,0.28640519123796704,0.28826883230988853,0.28619721691495176,29.1,0.27311676901115023,0.9385455979764612,1.799642799662895
frame_588,0,255,1,1,False,False,True,2.937883389605465,True,True,[],[   -0.38427    -0.35805     0.85096],55.53927336444153,-136.4221793148014,0.27766852466409864,0.27816098897905284,0.2771612825236361,29.1,1.28390110209472,4.412031278676013,1.8006552264814086
frame_589,0,255,1,1,False,False,True,2.9166664293955264,True,True,[],[   -0.36616    -0.31099     0.87704],58.418424494643475,-139.13768202839583,0.27948067030167856,0.28206966272266043,0.2825017229440806,29.1,0.8930337277339606,3.0688444252026135,1.8181565444903685
frame_590,0,255,1,1,False,False,True,2.8565216549351344,True,True,[],[   -0.38423    -0.34153     0.85775],54.878207764480905,-136.82612543025263,0.2684520940501838,0.2717539724439324,0.2712169895308859,29.1,1.9246027556067635,6.613755173906403,1.804450740058689
frame_591,0,255,1,1,False,False,True,2.854559338774658,True,True,[],[   -0.37989    -0.34841     0.85691],56.2054052978395,-137.16809035354507,0.28672932191976597,0.287281550856729,0.2880173858271339,29.1,0.37184491432710187,1.277817575007223,1.8018216027153864
frame_592,0,255,1,1,False,False,True,2.7258718150129075,True,True,[],[    -0.3839    -0.32618     0.86384],57.11298584160271,-138.6277555485914,0.2773266865084456,0.27925609634094917,0.2784647535702197,29.1,1.174390365905087,4.035705724759748,1.8005115026178518
frame_593,0,255,1,1,False,False,True,2.7729472809096123,True,True,[],[   -0.38666    -0.33939      0.8575],56.824222688669636,-138.5047857561244,0.28051454337849124,0.2815011565114578,0.28334451340317535,29.1,0.9498843488542241,3.264207384378777,1.8064413143461442
frame_594,0,255,1,1,False,False,True,2.73671702633679,True,True,[],[   -0.38091    -0.32811     0.86444],58.284044015693794,-138.50236139597266,0.2743636552191018,0.27527266100860226,0.28177923770801994,29.1,1.5727338991397777,5.4045838458411595,1.8136821287256677
frame_595,0,255,1,1,False,False,True,2.7626181595158257,True,True,[],[   -0.36258    -0.29056      0.8855],-31.82250197031264,34.663306376283536,0.27552493890584895,0.18426255263914126,0.18008007546502253,29.1,10.673744736085878,36.67953517555284,1.8608003889245015
frame_596,0,255,1,1,False,False,True,2.622699205002238,True,True,[],[   -0.37086     -0.3097     0.87553],61.04271978952607,-139.9666977741084,0.26657959901098405,0.2666353551544758,0.2660329920671797,29.1,2.4364644845524253,8.372730187465379,1.8223161762338271
frame_597,0,255,1,1,False,False,True,2.3600000305751334,True,True,[],[   -0.39504    -0.31758     0.86202],58.51173287581666,-140.8572000434098,0.2748291819354365,0.2752296228599873,0.27841675812258365,29.1,1.5770377140012726,5.419373587633239,1.8047221947157452
frame_598,0,255,1,1,False,False,True,2.555282790817762,True,True,[],[   -0.40372    -0.33144     0.85273],56.00539593656155,-140.29152054516547,0.26905812151780295,0.2697638951830932,0.2712318195823893,29.1,2.1236104816906853,7.297630521273832,1.810740101655735
frame_599,0,255,1,1,False,False,True,2.504118534400625,True,True,[],[   -0.38508      -0.324     0.86414],59.39617845855124,-139.12664596960002,0.2720637461800075,0.27068137894613087,0.2768630005199161,29.1,2.031862105386917,6.982344004766036,1.8068280281082318
frame_600,0,255,1,1,False,False,True,2.460365803916648,True,True,[],[   -0.39184    -0.29861     0.87023],60.55173784943033,-142.193864634091,0.2708893735840143,0.26827409372400624,0.2761061647454703,29.1,2.27259062759938,7.80958978556488,1.818231987543976
frame_601,0,255,1,1,False,False,True,2.4594154276074156,True,True,[],[   -0.35113    -0.28621     0.89151],60.29033293958715,-139.9635944682177,0.27223869899748276,0.27425985510701634,0.27815850575766954,29.1,1.67401448929837,5.752627110990962,1.8148279729944008
frame_602,0,255,1,1,False,False,True,2.5788496538139998,True,True,[],[   -0.38817    -0.26058     0.88398],62.43671629882759,-146.09972141135196,0.27332963461469273,0.2731456701529975,0.284820526437097,29.1,1.7854329847002526,6.13550853848884,1.835953267669513
frame_603,0,255,1,1,False,False,True,2.6226889686435917,True,True,[],[   -0.37174    -0.30909     0.87537],60.32482849365299,-139.22492106437022,0.28296839120269124,0.28167456765186305,0.28594545379829095,29.1,0.9325432348136986,3.2046159271948405,1.8120728515635776
frame_604,0,255,1,1,False,False,True,2.605063356860138,True,True,[],[   -0.39665    -0.30842     0.86461],58.22445785811941,-141.07890209594575,0.2787108885503642,0.2794406865410659,0.2807946838869214,29.1,1.1559313458934128,3.9722726663003876,1.8092641055529914
frame_605,0,255,1,1,False,False,True,2.4954128878543127,True,True,[],[   -0.38243      -0.311     0.87007],53.88973904696568,-143.8161035946094,0.2731038658016658,0.27667481151221707,0.28128953923845923,29.1,1.432518848778297,4.9227451848051444,1.8517762848309107
frame_606,0,255,1,1,False,False,True,2.574132445487828,True,True,[],[   -0.38064    -0.29968     0.87482],59.442850820367276,-141.1515498159636,0.28134252023161577,0.28217706565753176,0.2779468258860526,29.1,0.882293434246828,3.0319362001609207,1.8156180849764496
frame_607,0,255,1,1,False,False,True,2.75457868495337,True,True,[],[   -0.37623     -0.2965      0.8778],41.73336195416841,-149.55886118954157,0.28616740757500625,0.16243672927896746,0.1825166521943902,29.1,12.856327072103257,44.17981811719332,1.8853458009009698
frame_608,0,255,1,1,False,False,True,2.7306335956453767,True,True,[],[   -0.37203     -0.2849     0.88342],60.936403126524134,-142.06126003642768,0.27228711154337604,0.27309522198057046,0.27594136524440216,29.1,1.790477801942958,6.15284468021635,1.8147220834111184
frame_609,0,255,1,1,False,False,True,2.447236146893973,True,True,[],[   -0.38004    -0.29456     0.87682],60.59736129699953,-141.78754016012294,0.2765371377706092,0.277031592689686,0.27949427046542596,29.1,1.3968407310314013,4.800139969180073,1.8144308850303912
frame_610,0,255,1,1,False,False,True,2.492393673320336,True,True,[],[    -0.3765    -0.29561     0.87799],60.936548221272325,-140.93266728423453,0.2850923250830677,0.28550006442315223,0.2892678294685477,29.1,0.5499935576847803,1.8900122257208944,1.8165893361375138
frame_611,0,255,1,1,False,False,True,2.5604111544029604,True,True,[],[   -0.38413    -0.30898     0.87004],58.402876885829926,-140.31225726336655,0.2724092608858144,0.27383415920871124,0.27670907767425856,29.1,1.71658407912888,5.898914361267629,1.8004957855637393
frame_612,0,255,1,1,False,False,True,2.5099568680252857,True,True,[],[   -0.34467    -0.28884     0.89318],59.452560058522245,-139.48975748638452,0.3039622434568312,0.2686349742473193,0.27384493567186546,29.1,2.2365025752680734,7.685575860027743,1.812176892578205
frame_613,0,255,1,1,False,False,True,2.4865088076175454,True,True,[],[   -0.38236    -0.31533     0.86854],59.54439316988758,-139.90897839516,0.27378283132406267,0.2743808531302454,0.27657308001570013,29.1,1.661914686975463,5.711047034279941,1.8134445576074485
frame_614,0,255,1,1,False,False,True,2.4180063426390315,True,True,[],[   -0.34686    -0.28848     0.89245],-30.551076282018194,35.33706783735972,0.30354397554034995,0.1449765661953446,0.13956331603489713,29.1,14.602343380465543,50.17987415967541,1.8974970543503364
frame_615,0,255,1,1,False,False,True,2.51752225028071,True,True,[],[   -0.39119    -0.30786     0.86729],58.8787686354812,-141.20655330024823,0.28486758449171923,0.2853561711766037,0.28231272060034757,29.1,0.5643828823396313,1.9394600767684924,1.8056020823652175
frame_616,0,255,1,1,False,False,True,2.4546993143266054,True,True,[],[   -0.35708    -0.29192     0.88729],-32.4515056879591,37.65124014732502,0.29205749008570314,0.133806544802739,0.13803337666474502,29.1,15.719345519726103,54.01836948359485,1.8944416304289455
frame_617,0,255,1,1,False,False,True,2.4732690045117223,True,True,[],[   -0.38772    -0.30094     0.87127],59.009317281940056,-141.52557462284375,0.27647643323608895,0.27734061184917413,0.2812203676812546,29.1,1.3659388150825902,4.693947818153231,1.8071693313221044
frame_618,0,255,1,1,False,False,True,2.4149549306891864,True,True,[],[   -0.36883    -0.28984     0.88315],59.59227919663796,-140.9949704262665,0.27295535632622614,0.27498397849119605,0.2773370188713997,29.1,1.601602150880399,5.503787460070099,1.814261306728129
frame_619,0,255,1,1,False,False,True,2.449251014707731,True,True,[],[   -0.39789    -0.31695     0.86095],57.93092915975451,-140.84044819051337,0.2765174893349698,0.277526494135083,0.2793581836618263,29.1,1.3473505864917024,4.63007074395774,1.811689836266261
frame_620,0,255,1,1,False,False,True,2.6153849856571463,True,True,[],[    -0.3793    -0.29796     0.87599],59.54768275528642,-141.18555661453595,0.27488897834321935,0.2761276899646581,0.2746906546337322,29.1,1.4872310035341951,5.110759462316822,1.803300664354439
frame_621,0,255,1,1,False,False,True,2.5500894220536257,True,True,[],[    -0.3549    -0.26363     0.89696],52.95798623918871,-147.86001021924486,0.27510973632582103,0.2609257863013492,0.2589700365748824,29.1,3.007421369865082,10.334781339742548,1.8632836879202814
frame_622,0,255,1,1,False,False,True,2.613333210635334,True,True,[],[   -0.36498    -0.30607     0.87927],59.761759307979936,-139.49519310679213,0.27310275111952365,0.27437092185816514,0.278291625634823,29.1,1.6629078141834897,5.714459842554946,1.8117976316058908
frame_623,0,255,1,1,False,False,True,2.498847119188492,True,True,[],[   -0.34157    -0.26493     0.90174],63.72765026879932,-141.71687783365095,0.28485707077284506,0.2854178584970646,0.27649318679759605,29.1,0.5582141502935456,1.918261684857545,1.8196828418083335
frame_624,0,255,1,1,False,False,True,2.61584479838324,False,False,[],[   -0.35455    -0.29038      0.8888],-1.0,-1.0,-1.0,-1.0,0.15980102594454995,29.1,,,1.8674841599310599
frame_625,0,255,1,1,False,False,True,2.814387082429703,True,True,[],[    -0.3527    -0.28146      0.8924],60.662881066266515,-140.87465611068012,0.27875877471518096,0.28056171128797636,0.2795768275598945,29.1,1.043828871202368,3.5870407945098557,1.8161650879118179
frame_626,0,255,1,1,False,False,True,3.0000003303126244,True,True,[],[   -0.36671    -0.29399     0.88266],59.08829390663264,-141.00432313554688,0.27339862173505214,0.27496681828270564,0.2774377267105351,29.1,1.6033181717294398,5.509684438932783,1.8083516610235293
frame_627,0,255,1,1,False,False,True,2.8762459199109913,True,True,[],[   -0.35952    -0.28596     0.88824],58.527921686078564,-140.7785718199867,0.28640135596971494,0.28818344972127763,0.2795457631255036,29.1,0.2816550278722407,0.9678866937190402,1.7893888848964299
frame_628,0,255,1,1,False,False,True,3.0303029807640356,True,True,[],[   -0.33799    -0.28208     0.89788],58.544295490858204,-139.29427343235196,0.27500498388520955,0.27907451558164387,0.279916541535319,29.1,1.192548441835617,4.098104611118958,1.7938459159073672
frame_629,0,255,1,1,False,False,True,3.0878663163830726,True,True,[],[   -0.32253    -0.27243     0.90651],48.88037395132859,-135.7412475811826,0.2705917716826647,0.25719724727227056,0.2590372952027442,29.1,3.380275272772948,11.616066229460301,1.7226232785505222
frame_630,0,255,1,1,False,False,True,3.028487414859042,True,True,[],[   -0.34334    -0.28724     0.89421],58.73634086989183,-139.0482533136715,0.27711237962338164,0.280967378412708,0.2816829744250562,29.1,1.0032621587292012,3.4476362842927877,1.7920229217290422
frame_631,0,255,1,1,False,False,True,3.1250003161013957,True,True,[],[    -0.3272    -0.25524     0.90983],64.91818770264545,-142.5103957808535,0.29707678829381035,0.2746747204898621,0.27403860566435256,29.1,1.6325279510137958,5.610061687332632,1.8113873281793014
frame_632,0,255,1,1,False,False,True,3.0901063935766375,True,True,[],[    -0.3209    -0.26928     0.90803],57.92679351657801,-139.11586209004375,0.28292834482510076,0.28881054754670266,0.28192968784761263,29.1,0.21894524532973803,0.7523891592087217,1.7874895446934669
frame_633,0,255,1,1,False,False,True,2.970588361297157,True,True,[],[   -0.33945    -0.29028     0.89471],57.738630427153915,-139.14204079379985,0.2793008692014476,0.2824718081298023,0.28180600840444625,29.1,0.852819187019771,2.9306501272157077,1.8002788753761594
frame_634,0,255,1,1,False,False,True,3.1215515266395686,True,True,[],[   -0.35285    -0.27071     0.89566],44.441997954245686,-141.1145430553073,0.2664932892469223,0.2671453846527252,0.26775701732168933,29.1,2.3854615347274843,8.197462318651148,1.8522748485945635
frame_635,0,255,1,1,False,False,True,3.154593468449666,True,True,[],[   -0.39035    -0.32329     0.86204],55.604666115644015,-139.75155853581188,0.27183704177162427,0.27419165494059516,0.27568202554022747,29.1,1.6808345059404872,5.776063594297207,1.7984253273444122
frame_636,0,255,1,1,False,False,True,3.3185840937259887,True,True,[],[   -0.37052    -0.29093     0.88208],56.42914065437495,-140.71995281577864,0.2735721347075717,0.2776692051138736,0.27635888341165576,29.1,1.333079488612643,4.581029170490181,1.7952656549690045
frame_637,0,255,1,1,False,False,True,3.3305244229193267,True,True,[],[   -0.37896    -0.30248     0.87458],55.80375382799367,-140.59540695027164,0.2755813216619445,0.2781233647217274,0.274873425247526,29.1,1.2876635278272652,4.424960576725997,1.785303150330271
frame_638,0,255,1,1,False,False,True,3.1770832238384257,True,True,[],[   -0.38442    -0.28407     0.87837],57.19390345731891,-142.39978407775484,0.2804488413806414,0.2823913696228333,0.2812954718519473,29.1,0.8608630377166748,2.9582922258304976,1.789625881629485
frame_639,0,255,1,1,False,False,True,3.1258745324584045,True,True,[],[   -0.38456    -0.29842     0.87353],55.054102641121624,-141.47557017354723,0.2793497024009497,0.283911723367976,0.27839182089864417,29.1,0.7088276632024049,2.4358338941663398,1.7879882224498351
frame_640,0,255,1,1,False,False,True,3.071552818506472,True,True,[],[   -0.38719    -0.28742     0.87606],56.1151426741447,-142.39690760624268,0.28376903113676444,0.284318470139056,0.28029072273214833,29.1,0.6681529860944058,2.2960583714584386,1.793642718427995
frame_641,0,255,1,1,False,False,True,3.1346932409646,True,True,[],[   -0.36929    -0.27705     0.88706],55.03706749845475,-142.53551966181524,0.2885299090670612,0.2945354476086217,0.28989577069522166,29.1,0.3535447608621678,1.214930449698171,1.8077395631445388
frame_642,0,255,1,1,False,False,True,2.9797980188543987,True,True,[],[   -0.40221    -0.31748     0.85874],55.839685849119505,-140.87917985078806,0.29021042631988214,0.29195080891003,0.28832864868874974,29.1,0.09508089100299655,0.32673845705497095,1.7991245372124798
frame_643,0,255,1,1,False,False,True,3.032310036869533,True,True,[],[   -0.37915    -0.29182     0.87811],57.18630707037377,-141.53269041238698,0.29456314279437246,0.2984645103665131,0.29453880416799627,29.1,0.7464510366513077,2.565123837289717,1.7904308283085726
frame_644,0,255,1,1,False,False,True,3.0726977551688797,True,True,[],[   -0.40122    -0.30878     0.86237],55.550544629430014,-141.45162431851864,0.2689847969780532,0.27183197166203765,0.2725061506638763,29.1,1.9168028337962384,6.586951318887417,1.7952792467389789
frame_645,0,255,1,1,False,False,True,2.981087487757722,True,True,[],[   -0.41835    -0.30519     0.85548],55.7021164215034,-144.1717151647092,0.28366390499153793,0.2866750691277822,0.2824625954431621,29.1,0.4324930872217858,1.4862305402810507,1.8007351360801194
frame_646,0,255,1,1,False,False,True,2.9367088237161862,True,True,[],[   -0.40091     -0.2819     0.87167],57.49299611289296,-143.92910031135818,0.283153535541131,0.286380596647247,0.2839193263944553,29.1,0.46194033527530154,1.5874238325611734,1.7940205875520991
frame_647,0,255,1,1,False,False,True,2.8999997830669275,True,True,[],[   -0.39463    -0.26633      0.8794],55.47647384300374,-144.7266079757737,0.27641137219507916,0.2824958787983243,0.2807784830271775,29.1,0.8504121201675763,2.9223784198198497,1.7931527248430137
frame_648,0,255,1,1,False,False,True,2.823437322345931,True,True,[],[   -0.39577    -0.26845     0.87824],55.90745354499768,-144.5837468053666,0.2843525155931548,0.2892144895131361,0.2840296582380464,29.1,0.17855104868639282,0.6135774868948207,1.7892666574431817
frame_649,0,255,1,1,False,False,True,2.8877283089400456,True,True,[],[   -0.43206      -0.299     0.85084],54.824478948003396,-144.5255853282094,0.27455385813413047,0.2767094601475102,0.27068858524192674,29.1,1.4290539852489847,4.910838437281734,1.7902321540243258
frame_650,0,255,1,1,False,False,True,2.915384573626089,True,True,[],[   -0.42926    -0.29171     0.85478],55.68155558741897,-145.10964780343582,0.2813689406600126,0.28405748506675677,0.2849317075664758,29.1,0.6942514933243271,2.3857439633138386,1.8005184709500004
frame_651,0,255,1,1,False,False,True,2.732394499806558,True,True,[],[   -0.40635    -0.25961     0.87606],55.01889158408495,-151.4350935766915,0.2782761536071243,0.28225208929497514,0.28152922119301704,29.1,0.8747910705024897,3.0061548814518546,1.8196616770686136
frame_652,0,255,1,1,False,False,True,2.690799253431551,True,True,[],[   -0.41099    -0.25504     0.87524],55.73694666855604,-147.24893107805434,0.2822995781717663,0.2865707680010636,0.28721176106300295,29.1,0.44292319989364115,1.5220728518681825,1.796696222845987
frame_653,0,255,1,1,False,False,True,2.814901671131819,True,True,[],[   -0.40412    -0.25816     0.87752],56.503148235584646,-146.3439662511052,0.2732190000338135,0.2767141081803701,0.27710387672492165,29.1,1.4285891819629915,4.909241175130555,1.791783048769827
frame_654,0,255,1,1,False,False,True,2.7661948239813996,True,True,[],[   -0.41889    -0.24904     0.87322],57.422445945404846,-148.32943222558617,0.2937381811963684,0.2966485475119929,0.29437498644827226,29.1,0.5648547511992841,1.941081619241526,1.8040421318612705
frame_655,0,255,1,1,False,False,True,2.797478340083776,True,True,[],[   -0.43459    -0.28203     0.85533],53.2632231617625,-149.6058723831674,0.2618823375831658,0.26454805173584406,0.2687029420997159,29.1,2.6451948264155978,9.090016585620612,1.8044454519218631
frame_656,0,255,1,1,False,False,True,2.738805910132996,True,True,[],[   -0.40503    -0.26282     0.87571],-35.14020470374544,25.853583784583872,0.2723061285476356,0.16585442886145185,0.18277907362998683,29.1,12.514557113854819,43.00535090671759,1.8646651966502243
frame_657,0,255,1,1,False,False,True,2.5302806416868675,True,True,[],[   -0.45433    -0.28046     0.84553],56.6813398643155,-147.506408442259,0.253405520703899,0.2481618687882412,0.24905083914732304,29.1,4.283813121175884,14.721007289264204,1.8006963385517594
frame_658,0,255,1,1,False,False,True,2.4752126281640963,True,True,[],[   -0.44981    -0.28556     0.84624],56.22369121919335,-146.45018710817484,0.2684435276420689,0.2661237188394905,0.27051020582970026,29.1,2.487628116050955,8.548550226979227,1.8039434806237218
frame_659,0,255,1,1,False,False,True,2.434959173339486,True,True,[],[   -0.42623    -0.28414     0.85883],56.464773036724296,-145.91604347887443,0.26697243062987175,0.26377443099517484,0.27188885585074657,29.1,2.72255690048252,9.355865637396976,1.8039747028138358
frame_660,0,255,1,1,False,False,True,2.3908044517668006,True,True,[],[   -0.44548     -0.3028     0.84253],54.93914547066666,-145.28734109609647,0.2629448528631624,0.26497570338559573,0.2712443164038488,29.1,2.6024296614404308,8.94305725580904,1.8035523669828988
frame_661,0,255,1,1,False,False,True,2.288288123074041,True,True,[],[   -0.42201    -0.26776     0.86615],56.715107131928804,-146.85950053299536,0.28185652722711696,0.2827704440890595,0.28711665086095217,29.1,0.8229555910940545,2.828026086233864,1.7992033320758416
frame_662,0,255,1,1,False,False,True,2.3942309008457903,True,True,[],[   -0.43098    -0.27249     0.86023],59.01767264953046,-147.03453653876676,0.26119449835211017,0.25273504322022955,0.2591170683015734,29.1,3.8264956779770487,13.149469683769926,1.8105614748494379
frame_663,0,255,1,1,False,False,True,2.3074581883549388,True,True,[],[   -0.40363    -0.24952     0.88024],58.61440824297619,-146.659669668455,0.27852490533418295,0.2802687802887962,0.28586256849723457,29.1,1.0731219711203832,3.6877043681112824,1.8087459354356688
frame_664,0,255,1,1,False,False,True,2.336751017486692,True,True,[],[   -0.41804    -0.28211     0.86351],58.30692379892086,-145.57891468766192,0.2913712910099553,0.2921554041072598,0.29320639174588115,29.1,0.11554041072597832,0.3970460849689977,1.8022873715197225
frame_665,0,255,1,1,False,False,True,2.4921550574867037,True,True,[],[   -0.41763    -0.30187     0.85701],57.550101917661145,-143.9699488877798,0.2816410080625882,0.2823421936261008,0.28082560302314563,29.1,0.8657806373899235,2.9751911937798057,1.8036948446739511
frame_666,0,255,1,1,False,False,True,2.5282388906164566,True,True,[],[   -0.39517    -0.27135     0.87761],42.51765411065008,-149.09837401186252,0.27621901364369816,0.18274966675902804,0.17944029049864527,29.1,10.8250333240972,37.199427230574564,1.8577484274178409
