frame_id,class_name,object_id,track_id,is_3D_complete,in_image_borders,does_overlap,is_front_fish,aspect_ratio,pointcloud_size_ok,fish_3d_ok,overlapping_fish_ids,fish_direction,elevation_deg,azimuth_deg,raw_length,filtered_length,spine_length,gt,abs_error_cm,rel_error_%,fish_dist_from_camera
frame_0,0,255,1,1,False,False,True,4.217391304347826,True,True,[],[   -0.35127     0.16161     0.92222],18.139317216697524,4.1843425920521256,1.2159559979491408,0.2504016520314329,0.25339899596736,33.5,8.459834796856708,25.25323819957226,1.9979396714713724
frame_1,0,255,1,1,False,False,True,4.217391304347826,True,True,[],[   -0.36819     0.16016     0.91585],15.53167992425669,2.7757105570786464,1.2547310618882714,0.2482831297954085,0.2502332555136058,33.5,8.671687020459146,25.88563289689297,1.9993008764197544
frame_3,0,255,1,1,False,False,True,4.304347826086956,True,True,[],[   -0.42021     0.15263      0.8945],20.18865729929888,2.395780242505231,1.1500860686900731,0.2532031290140184,0.2559573871332498,33.5,8.17968709859816,24.41697641372585,1.9946673716435928
frame_4,0,255,1,1,False,False,True,4.304347826086956,True,True,[],[   -0.46351     0.14616     0.87395],16.041891516598756,1.162438112144342,1.0614306727074982,0.254970292210314,0.2534998953545437,33.5,8.0029707789686,23.889465011846564,2.000203477092601
frame_6,0,255,1,1,False,False,True,4.3478260869565215,True,True,[],[   -0.43394     0.14492     0.88921],19.595558511194117,1.902468786196189,1.1218708959698795,0.2551382229570304,0.2576738799539955,33.5,7.98617770429696,23.839336430737195,2.0007920620395696
frame_7,0,255,1,1,False,False,True,4.3478260869565215,True,True,[],[   -0.38802     0.15116     0.90917],20.363097916871904,2.830295226124217,1.08872043372691,0.2601756736737222,0.2575923551747683,33.5,7.482432632627783,22.335619798888903,1.9995384415231865
frame_8,0,255,1,1,False,False,True,4.304347826086956,True,True,[],[   -0.41239     0.13487     0.90097],20.675941754482107,2.6172173336743247,1.0593142299071423,0.2557541436967433,0.2532638812772702,33.5,7.92458563032567,23.655479493509464,1.997126769339988
frame_9,0,255,1,1,False,False,True,4.695652173913044,True,True,[],[     -0.513     0.13833     0.84717],16.440829892310834,2.174652128426719,1.0851700091092584,0.2624112658572254,0.2591597750299583,33.5,7.258873414277462,21.66827884858944,1.9976645549572665
frame_10,0,255,1,1,False,False,True,4.625,True,True,[],[   -0.54348     0.13838     0.82794],18.037420669957505,1.716164892665882,1.020089774840686,0.2587292064029917,0.2604588385558818,33.5,7.627079359700834,22.767401073733836,1.9999337582801704
frame_12,0,255,1,1,False,False,True,4.913043478260869,True,True,[],[   -0.61023     0.14193      0.7794],22.14667876473684,2.705121343304393,0.648119919862135,0.2628898008239461,0.2586141621061376,33.5,7.2110199176053875,21.525432589866828,1.992797126366696
frame_14,0,255,1,1,False,False,True,5.086956521739131,True,True,[],[   -0.60019     0.15369     0.78496],16.333494218682972,2.0907627309662904,1.1134031102809734,0.2680484059058996,0.2633543695381202,33.5,6.69515940941004,19.985550475850864,1.9976411645365584
frame_15,0,255,1,1,False,False,True,5.086956521739131,True,True,[],[   -0.57822     0.15572     0.80088],18.670758123469376,2.685042166132846,1.0762583908388117,0.2635765847210113,0.2611760923986496,33.5,7.142341527898866,21.3204224713399,1.993395098930809
frame_16,0,255,1,1,False,False,True,5.0,True,True,[],[   -0.51271     0.16248     0.84305],16.626584798631498,1.830919302141497,1.2057135382893345,0.2650385781835657,0.2618940233791911,33.5,6.9961421816434335,20.884006512368455,1.9966024531937328
frame_17,0,255,1,1,False,False,True,4.695652173913044,True,True,[],[    -0.4935     0.14852     0.85697],15.70877876920967,1.158302051928521,1.0291043230382475,0.2671348125593046,0.2640863973199558,33.5,6.786518744069542,20.25826490767028,1.996669411730072
frame_18,0,255,1,1,False,False,True,4.597322122377413,True,True,[],[   -0.61572     0.13698     0.77597],16.69572996453135,1.356570490252622,1.0299984549813737,0.2661227367605635,0.2641938543666448,33.5,6.8877263239436495,20.560377086398955,1.9967213873354857
frame_19,0,255,1,1,False,False,True,4.666666666666667,True,True,[],[   -0.52633     0.15762     0.83554],18.70125835101065,1.035478611366814,1.068773416919074,0.2664891286021398,0.2698283398221549,33.5,6.851087139786016,20.451006387420943,1.998779345439118
frame_20,0,255,-1,1,True,False,True,1.4285714285714286,,False,[],,,,,,,33.5,,,
frame_22,0,255,1,1,False,False,True,4.875,True,True,[],[   -0.57522     0.14743      0.8046],18.71025189915755,1.835887075360212,1.1646715136666446,0.2669246362038452,0.2669189919504982,33.5,6.807536379615476,20.32100411825515,1.994930533586808
frame_23,0,255,1,1,False,False,True,5.043478260869565,True,True,[],[   -0.65645     0.12706     0.74359],16.28731405212976,2.330290738539457,0.5829493479870154,0.2663247662370915,0.2640630745105307,33.5,6.867523376290851,20.50006977997269,1.9937570293626208
frame_24,0,255,1,1,False,False,True,4.956521739130435,True,True,[],[   -0.59638     0.13109     0.79193],18.177551453805744,3.671646671801156,0.9881528964725804,0.2719939750240717,0.2681699844334939,33.5,6.300602497592828,18.80776864953083,1.9912261184485396
frame_25,0,255,1,1,False,False,True,4.869565217391305,True,True,[],[   -0.58259     0.13789     0.80098],13.967710119994525,2.506112258520818,0.8972890749761984,0.2814319605033972,0.275476951459932,33.5,5.356803949660282,15.990459551224722,1.9974587262724937
frame_26,0,255,1,1,False,False,True,4.3478260869565215,True,True,[],[   -0.41865     0.14144     0.89707],19.93028653051006,4.6805032161854445,0.8464318226966734,0.2553864007769064,0.2555589239778605,33.5,7.961359922309358,23.76525349943092,1.9904101899765716
frame_27,0,255,1,1,False,False,True,4.521739130434782,True,True,[],[   -0.44145      0.1432     0.88578],14.485604053021252,3.891470382244541,1.150630252952927,0.2712321768375879,0.268157308129182,33.5,6.376782316241209,19.03517109325734,1.9930362012374605
frame_28,0,255,1,1,False,False,True,4.478260869565218,True,True,[],[   -0.41582     0.15841     0.89555],16.625051636635405,3.750517944229229,1.2620325567825552,0.2609571360253331,0.2551684068259818,33.5,7.404286397466686,22.102347455124438,1.989354585623055
frame_29,0,255,1,1,False,False,True,4.608695652173913,True,True,[],[   -0.49208     0.14726       0.858],16.956654144023595,4.2847474566625054,1.0340059661299676,0.2683512420342892,0.2627998910228925,33.5,6.66487579657108,19.89515163155546,1.986696345139844
frame_30,0,255,1,1,False,False,True,4.608695652173913,True,True,[],[   -0.46558     0.14782     0.87257],18.10438137920088,4.7197395822707495,1.1741822238756403,0.2697372969724989,0.2651699176479743,33.5,6.526270302750109,19.48140388880629,1.9836472096239648
frame_31,0,255,1,1,False,False,True,4.375,True,True,[],[   -0.50717     0.14059      0.8503],20.81294719418118,5.848268573890076,1.0178714841370993,0.2675715158597967,0.2662203688253065,33.5,6.742848414020325,20.127905713493508,1.9877077295659995
frame_32,0,255,1,1,False,False,True,4.404545443533662,True,True,[],[   -0.48283     0.14636      0.8634],15.398177521561696,5.244320620550653,1.1176742112151343,0.259008843080081,0.2624037976594114,33.5,7.599115691991903,22.6839274387818,1.9903842590659495
frame_33,0,255,1,1,False,False,True,4.398001651127219,True,True,[],[   -0.41893     0.15103     0.89537],16.60724466688892,6.081986909757932,1.2245696378672113,0.2675232150208695,0.2617354827316872,33.5,6.747678497913051,20.142323874367317,1.984997455340383
frame_34,0,255,1,1,False,False,True,4.490008782210316,True,True,[],[   -0.39236     0.16967     0.90403],17.23300380043309,7.239076844885829,1.2173660404777245,0.266941674522284,0.267526364767828,33.5,6.805832547771601,20.31591805304956,1.9875555318651017
frame_35,0,255,1,1,False,False,True,4.461264552158525,True,True,[],[   -0.42909     0.16042      0.8889],14.8924218836904,6.362228246318772,1.1744661926421631,0.2709787767027766,0.2661220133889511,33.5,6.402122329722343,19.110812924544305,1.9851538736172607
frame_36,0,255,1,1,False,False,True,4.51815945971793,True,True,[],[   -0.40948     0.15249     0.89949],16.944324105479282,6.726783698811536,1.2847480652462129,0.2705954873590184,0.2680653308261905,33.5,6.440451264098162,19.22522765402437,1.981479143923816
frame_37,0,255,1,1,False,False,True,4.4345703260460905,True,True,[],[   -0.36291     0.16823     0.91651],17.61849319042383,6.121922761899724,1.2930275960948396,0.2676282180415288,0.2625016094910379,33.5,6.737178195847116,20.110979689095867,1.9799925160999376
frame_38,0,255,1,1,False,False,True,4.37363703752158,True,True,[],[    -0.3501     0.17947     0.91936],14.93219818621048,5.370077137185566,1.2901436879732435,0.2722620549008526,0.2678786137761757,33.5,6.273794509914743,18.72774480571565,1.9713780251633293
frame_39,0,255,1,1,False,False,True,4.597592707248139,True,True,[],[   -0.41255     0.16775     0.89536],18.15782479254905,7.161724035286977,1.2782819413478448,0.270750049074113,0.2683555374259548,33.5,6.424995092588698,19.179089828622978,1.9730346103509264
frame_40,0,255,1,1,False,False,True,4.617433229081664,True,True,[],[   -0.46297     0.14145     0.87502],16.700247473992253,7.536950936982684,1.231621525862991,0.2668278612397031,0.2623236544683636,33.5,6.817213876029688,20.3498921672528,1.973850657996573
frame_41,0,255,1,1,False,False,True,4.358391155642475,True,True,[],[   -0.39194     0.17526     0.90314],9.69312616123283,6.833141360499636,1.2286147127179654,0.2669482313453259,0.2609367294537585,33.5,6.805176865467405,20.31396079244001,1.9781639639186064
frame_42,0,255,1,1,False,False,True,4.374039920278654,True,True,[],[   -0.41476     0.15625     0.89641],14.66493442430903,8.040478806756806,1.2907772116681937,0.2698352118656185,0.2648199633965012,33.5,6.5164788134381535,19.45217556250195,1.980978636989605
frame_43,0,255,1,1,False,False,True,4.3827682229272815,True,True,[],[   -0.35947     0.18071     0.91549],14.32649058658942,8.442613074922168,1.2942653630652696,0.2692761896919736,0.265093105039822,33.5,6.572381030802643,19.61904785314222,1.9791683049921185
frame_44,0,255,1,1,False,False,True,4.331130918575568,True,True,[],[   -0.39222     0.17081     0.90387],10.872466149370483,7.571788647144429,1.3007734498719523,0.269245224918667,0.2598247193645954,33.5,6.575477508133304,19.62829106905464,1.9717898929649411
frame_45,0,255,1,1,False,False,True,4.235549534339688,True,True,[],[   -0.36622     0.17329     0.91425],12.750429230386043,7.604836535150321,1.318675091482004,0.2652558845840357,0.2619277991036262,33.5,6.974411541596426,20.819138930138585,1.9698838524171909
frame_46,0,255,1,1,False,False,True,4.438538579134735,True,True,[],[   -0.38245     0.16367     0.90937],17.62392848164339,8.455298928763924,1.258035587545736,0.2708769573435481,0.263579347196475,33.5,6.412304265645186,19.14120676311996,1.970674792513028
frame_47,0,255,1,1,False,False,True,4.362007209867616,True,True,[],[   -0.49124     0.13496     0.86051],9.181960868313482,6.292135021428035,1.2593527999973206,0.2550316171287867,0.25504499068497,33.5,7.996838287121327,23.87115906603381,1.9709350539778308
frame_48,0,255,1,1,False,False,True,4.490505870370373,True,True,[],[   -0.47721     0.13809     0.86787],12.885964239094548,6.5761263561071885,1.247809892705352,0.2693428899078424,0.2676307784305718,33.5,6.565711009215757,19.59913734094256,1.9687638522613613
frame_49,0,255,1,1,False,False,True,4.339415726638094,True,True,[],[   -0.44581     0.15369     0.88183],10.020440874589314,5.197991776865186,1.2286057559815329,0.268554392686498,0.2596658831183185,33.5,6.644560731350197,19.834509645821484,1.9733011359191803
frame_50,0,255,1,1,False,False,True,4.3501200004611205,True,True,[],[   -0.37778     0.17113     0.90994],14.477820064949046,5.181474790327413,1.2808670300879132,0.2567204481239286,0.2555952054531069,33.5,7.827955187607144,23.367030410767597,1.97299830636508
frame_51,0,255,1,1,False,False,True,4.271254825647335,True,True,[],[   -0.40066     0.16369     0.90149],14.152819307053283,4.4720044439853,1.2508519202943118,0.2662440597877428,0.2611955952465844,33.5,6.875594021225718,20.5241612573902,1.9726284608244893
frame_52,0,255,1,1,False,False,True,4.416666666666667,True,True,[],[   -0.44728     0.14617     0.88237],10.45778340132136,2.935352143167533,1.2876626961989182,0.2636597637423318,0.2596396788866226,33.5,7.134023625766822,21.295592912736783,1.969209263061401
frame_53,0,255,1,1,False,False,True,5.043478260869565,True,True,[],[   -0.49995     0.14775     0.85336],10.619088805818608,2.1902208012252387,1.2102424655326205,0.2675671276463585,0.2624295669229527,33.5,6.7432872353641535,20.1292156279527,1.9736682469297675
frame_54,0,255,1,1,False,False,True,4.75,True,True,[],[   -0.48719     0.15304     0.85978],17.482209121639126,3.310602355553074,1.8491251728559237,0.276745708919531,0.2682165813569294,33.5,5.825429108046904,17.389340621035533,1.9662578045011487
frame_57,0,255,1,1,False,False,True,4.956521739130435,True,True,[],[   -0.49854     0.14623     0.85445],17.45697654359755,3.0097214191214503,1.1623049199253228,0.2768823983963946,0.269371715094069,33.5,5.811760160360535,17.348537792121,1.9648474890252816
frame_58,0,255,1,1,False,False,True,4.541666666666667,True,True,[],[   -0.45935     0.14493     0.87635],11.278758934623538,2.784732536676726,1.2282685266438391,0.2771170894657002,0.2719476994314206,33.5,5.788291053429978,17.2784807565074,1.9677025348377504
frame_59,0,255,1,1,False,False,True,4.541666666666667,True,True,[],[     -0.453     0.13241     0.88163],21.97560343382905,5.786904098499863,1.1803111878970918,0.2538074155151255,0.2522692472573096,33.5,8.119258448487454,24.23659238354464,1.971282787094573
frame_60,0,255,1,1,False,False,True,4.400423606318604,True,True,[],[   -0.42107     0.14161     0.89591],17.761501505533552,6.168449348178678,1.1743733582942464,0.2662036161773324,0.2637282943762997,33.5,6.879638382266756,20.53623397691569,1.968385302174568
frame_61,0,255,1,1,False,False,True,4.073490886276703,True,True,[],[   -0.49061     0.11399     0.86389],12.509193218356655,4.87623883511183,1.1160088803996486,0.2587082457198656,0.2532750345998565,33.5,7.629175428013441,22.77365799406997,1.9704785305458503
frame_62,0,255,1,1,False,False,True,4.050139313155272,True,True,[],[   -0.52032    0.095584      0.8486],15.0685063204428,5.179663516536789,1.0054466822954269,0.265203829729984,0.2606639700287351,33.5,6.9796170270016,20.83467769254209,1.9674422765493813
frame_64,0,255,1,1,False,False,True,3.969810774236797,True,True,[],[   -0.55296    0.071897      0.8301],12.491288811928223,5.888131921190805,0.4587168874367548,0.2691497000506151,0.2687566448828314,33.5,6.58502999493849,19.65680595504027,1.9691686494338263
frame_65,0,255,1,1,False,False,True,3.912556257270896,True,True,[],[    -0.3576     0.15659     0.92065],20.966772577860556,8.514515305585327,1.2607921887263274,0.2590333007011196,0.2598840028886634,33.5,7.596669929888039,22.676626656382208,1.9620481767351663
frame_66,0,255,1,1,False,False,True,3.8994870667790313,True,True,[],[   -0.33334     0.14152     0.93213],13.39846157220275,7.465969789041416,0.673385602393592,0.2617586145362544,0.2603219688336414,33.5,7.324138546374559,21.86310013843152,1.964999946828465
frame_67,0,255,1,1,False,False,True,4.117913752033007,True,True,[],[   -0.45878     0.11829     0.88064],17.551555211888815,7.437211014513716,0.4837749293335616,0.2698223437979006,0.269058564231703,33.5,6.517765620209942,19.456016776746097,1.961735713227697
frame_68,0,255,1,1,False,False,True,4.064610304258736,True,True,[],[   -0.50005    0.099885     0.86021],14.067891710218838,5.722115351877013,0.5184259866228056,0.2668677311979729,0.2655765367403887,33.5,6.813226880202711,20.337990687172272,1.963238413517292
frame_69,0,255,1,1,False,False,True,4.019292374909725,True,True,[],[   -0.50728     0.11311     0.85433],14.38009865508614,4.152588323375415,0.4925888162778533,0.2644689769295949,0.2617333758630814,33.5,7.053102307040509,21.054036737434355,1.9642199262951203
frame_70,0,255,1,1,False,False,True,4.115384615384615,True,True,[],[   -0.53147     0.11549     0.83917],12.656025986803868,1.3261562447057966,0.5053973885106593,0.270425730564153,0.2705163607473836,33.5,6.4574269435847045,19.275901324133446,1.9613508684513752
frame_71,0,255,1,1,False,False,True,3.971687963955181,True,True,[],[   -0.51635     0.13212     0.84613],11.249343513428132,-1.662048123350473,0.5038213168259471,0.2708965035873029,0.2710852999505276,33.5,6.410349641269708,19.135372063491666,1.9635994151440637
frame_73,0,255,1,1,False,False,True,4.195152596239728,True,True,[],[   -0.51197     0.17385     0.84123],10.570163947411316,-6.802613572207339,1.0046718794293972,0.2820198282575281,0.2684303784385768,33.5,5.298017174247188,15.814976639543843,1.9618110407693805
frame_74,0,255,1,1,False,False,True,3.873748340483049,False,True,[],[   -0.41911     0.20118     0.88537],-1.0,-1.0,-1.0,-1.0,0.3858082583634564,33.5,,,1.9975455285422132
frame_75,0,255,1,1,False,False,True,4.068218679839078,True,True,[],[   -0.38958     0.19084       0.901],15.857237147178028,-10.764476625028108,0.6433249600415496,0.2923623468517826,0.2903594003533855,33.5,4.263765314821738,12.727657656184292,1.953600458979347
frame_76,0,255,-1,0,True,False,True,3.420821100861829,,False,[],,,,,,,33.5,,,
frame_81,0,255,1,1,False,False,True,4.349075980194487,True,True,[],,2.260122239395664,-23.960828793445824,-1.0,0.2723848504970215,0.2706292942985354,33.5,6.261514950297848,18.691089403874173,1.970266969737603
frame_82,0,255,1,1,False,False,True,4.376136506730607,True,True,[],,-0.4402950745020658,-24.19795591711801,-1.0,0.2919457081441073,0.2904421769529214,33.5,4.305429185589266,12.85202741966945,1.972318368923316
frame_84,0,255,1,1,False,False,True,4.477205995112821,True,True,[],,1.8169075871876097,-25.205778142211443,-1.0,0.2934301761343143,0.2906190623531072,33.5,4.156982386568569,12.40890264647334,1.9685028816818997
frame_85,0,255,1,1,False,False,True,4.481497063348348,True,True,[],[   -0.59616     0.28896     0.74906],0.7927988331422255,-26.82961614299236,0.8379867035418955,0.2741295571554302,0.2676493384809612,33.5,6.087044284456983,18.170281446140248,1.972389300425152
frame_86,0,255,1,1,False,False,True,4.244898226354704,True,True,[],,3.5343557513915647,-26.236878008711344,-1.0,0.2951342807873875,0.298718622591527,33.5,3.9865719212612447,11.900214690332074,1.975860087916813
frame_87,0,255,1,1,False,False,True,4.436046046158499,True,True,[],[   -0.58057     0.28153     0.76399],2.383954189722787,-26.23883526069282,0.6861900922683613,0.2733875295639866,0.2634836857229574,33.5,6.161247043601343,18.391782219705497,1.9706988060494703
frame_88,0,255,1,1,False,False,True,4.551299834411597,True,True,[],,2.270625418270662,-25.43722479273968,-1.0,0.2876358321024506,0.2879493221706247,33.5,4.736416789754938,14.138557581358024,1.974370908659098
frame_93,0,255,1,1,False,False,True,4.291013327340418,True,True,[],[   -0.49792     0.24297     0.83249],1.9625026150796043,-16.13346067526517,0.5358453621466024,0.3037225801670595,0.3014837332774308,33.5,3.1277419832940465,9.336543233713572,1.9747371912002565
frame_94,0,255,1,1,False,False,True,4.0886788904956965,True,True,[],[   -0.55557     0.23844     0.79655],4.788702114779003,-14.519808778249876,0.4722517528557575,0.2956023815071047,0.2946735528428033,33.5,3.93976184928953,11.760483132207552,1.9796677335624784
frame_95,0,255,1,1,False,False,True,3.663644933922868,True,True,[],[   -0.36971     0.23423     0.89914],3.890731972331906,-13.05705813191048,0.4795199639110261,0.2976658383513838,0.2944407710505311,33.5,3.73341616486162,11.144525865258563,1.9805499373462816
frame_96,0,255,1,1,False,False,True,3.669190033595626,True,True,[],[   -0.35843      0.2345     0.90363],0.3396970606923294,-11.331627879948783,0.4913362412708668,0.2988676692593551,0.2977490650608885,33.5,3.613233074064487,10.785770370341751,1.978723472917242
frame_97,0,255,1,1,False,False,True,3.8089646924686815,True,True,[],[   -0.48164     0.22742     0.84635],-3.4530181341941084,-9.92853131584862,0.5011707739462556,0.3140169293131045,0.3114274705589215,33.5,2.0983070686895475,6.263603190118053,1.9920108126211855
frame_98,0,255,1,1,False,False,True,3.7363305261250623,True,True,[],[   -0.43468     0.22277      0.8726],5.546566446873662,-7.155055999592945,0.4846744060433394,0.2987416871910244,0.296640974622693,33.5,3.625831280897557,10.823376957903154,1.98368967481902
frame_100,0,255,1,1,False,False,True,4.507118600761693,True,True,[],[   -0.51194     0.18786     0.83823],4.18087390121423,-5.068712410031772,0.866173364743799,0.2871476137455084,0.2974265689734024,33.5,4.785238625449156,14.28429440432584,1.984329190450092
frame_101,0,255,1,1,False,False,True,4.211648782603281,True,True,[],[   -0.49944     0.17008     0.84949],9.329594805904094,-4.67088421262854,0.5095194164076016,0.275594921079279,0.2724226328424838,33.5,5.9405078920721,17.732859379319702,1.9898352584153065
frame_102,0,255,1,1,False,False,True,4.051526414272892,True,True,[],[   -0.49693     0.19202     0.84628],6.857608577418416,-5.931405928729195,0.4886376467289235,0.262023445082456,0.2612076504225362,33.5,7.297655491754396,21.784046244042973,1.9948230409944376
frame_103,0,255,1,1,False,False,True,3.755215503415256,True,True,[],[   -0.45331     0.20529     0.86739],-0.1355677407187756,-5.293180777172651,0.5074263021168706,0.2802073610690252,0.2827770770588448,33.5,5.47926389309748,16.356011621186507,1.9965948429666656
frame_104,0,255,1,1,False,False,True,3.952218662182651,True,True,[],,5.483359851266712,-4.200014977274588,-1.0,0.2824346542272336,0.2795519612566578,33.5,5.2565345772766445,15.69114799187058,2.0049654482725425
frame_105,0,255,1,1,False,False,True,4.136476756677821,True,True,[],[   -0.53243     0.18508     0.82599],2.689569163637872,-2.3701290876810037,0.4486321786444116,0.2942636945133743,0.2927265574693911,33.5,4.073630548662566,12.16009119003751,2.00268740029724
frame_106,0,255,1,1,False,False,True,4.302107897742402,False,True,[],,-1.0,-1.0,-1.0,-1.0,0.6593131897363561,33.5,,,2.013732351843766
frame_107,0,255,1,1,False,False,True,4.341693022146866,True,True,[],,5.2540876429055325,-0.5730040793336256,-1.0,0.2979000515961614,0.2933402980314454,33.5,3.709994840383862,11.074611463832424,1.990910686476756
frame_108,0,255,1,1,False,False,True,4.230769230769231,True,True,[],[   -0.42664     0.17078     0.88815],4.596422797832793,-0.758096926668098,0.5206768190491409,0.2943276273957458,0.2853747876826543,33.5,4.067237260425421,12.14100674753857,1.9990650264098
frame_109,0,255,1,1,False,False,True,4.370036215713246,True,True,[],,4.150011323196647,-0.554311973381234,-1.0,0.2977219889169729,0.2968849731252608,33.5,3.727801108302714,11.12776450239616,1.9935094394391624
frame_110,0,255,1,1,False,False,True,4.1663834241587345,True,True,[],,-1.387159953031663,-0.92812659127762,-1.0,0.3040870733417868,0.2989925581022984,33.5,3.091292665821316,9.22773930095915,1.996067677402392
frame_115,0,255,1,1,False,False,True,4.2290877501066335,True,True,[],,-4.793439540559596,-3.7914816600548114,-1.0,0.3017720885700201,0.3008135317159199,33.5,3.322791142997994,9.918779531337297,2.006838158918029
frame_116,0,255,1,1,False,False,True,4.123550313964346,True,True,[],,-2.68349396412578,-6.404147392578322,-1.0,0.3046030580078233,0.3006604497648454,33.5,3.0396941992176685,9.073714027515429,2.010579748843316
frame_117,0,255,1,1,False,False,True,4.066901229402847,True,True,[],,-1.426748222781688,-9.131972728135034,-1.0,0.2980986894883241,0.2981736149610043,33.5,3.690131051167589,11.01531657064952,2.0093804324529447
frame_118,0,255,1,1,False,False,True,4.000000273537397,True,True,[],,-4.933968396790194,-11.829827297879094,-1.0,0.2987153421704698,0.2960302843899102,33.5,3.628465782953022,10.831241143143348,2.003381458293186
frame_119,0,255,1,1,False,False,True,4.1569643614267635,True,True,[],,-2.1309126091158235,-12.981842923960471,-1.0,0.2982543655340722,0.2973041785548883,33.5,3.674563446592777,10.968846109232173,2.0108385201162835
frame_120,0,255,1,1,False,False,True,4.057871329880296,True,True,[],,-5.677801203912487,-14.061698899279502,-1.0,0.3032929211660553,0.3020256272545721,33.5,3.170707883394469,9.464799651923787,2.0103387343883514
frame_121,0,255,1,1,False,False,True,4.102880888294156,True,True,[],[   -0.21459     0.22638     0.95011],-2.3915696748140225,-12.91623394465284,0.5181928604014405,0.3007819419006335,0.2968742005142459,33.5,3.4218058099366457,10.21434570130342,2.009754310230541
frame_122,0,255,1,1,False,False,True,4.103078782418716,True,True,[],[   -0.17611      0.2257     0.95815],-4.82665127958669,-13.04634014278002,0.5254598938501498,0.3104330437032151,0.3038224506170341,33.5,2.4566956296784905,7.333419790085046,2.006758832972228
frame_123,0,255,1,1,False,False,True,3.8264839552923915,True,True,[],[   -0.20345     0.24848     0.94703],-1.8440460744654477,-13.185191105787322,0.5765254467104812,0.2861422881863427,0.2804555536993521,33.5,4.885771181365733,14.584391586166369,2.011168668305696
frame_124,0,255,1,1,False,False,True,3.631329263893596,True,True,[],[   -0.22778     0.25517     0.93968],-3.0989523867050943,-12.894155120039644,0.5511453175917893,0.2866553169878417,0.2840491903880862,33.5,4.834468301215828,14.431248660345757,2.008114538972335
frame_125,0,255,1,1,False,False,True,3.6311325013176243,True,True,[],[   -0.23248     0.24481     0.94129],-0.7936285463041288,-11.704248855073384,0.5272520475519102,0.2981845573872332,0.2950702360117446,33.5,3.681544261276676,10.989684362019927,2.0126381980287804
frame_126,0,255,1,1,False,False,True,3.9297145972095624,True,True,[],[   -0.28508     0.22587     0.93151],-2.9517004107924487,-10.737356675240434,0.6300897587571326,0.2952980205395451,0.2947796163031602,33.5,3.9701979460454897,11.851337152374596,2.011931043472267
frame_127,0,255,1,1,False,False,True,3.8383539442804646,True,True,[],[   -0.29181     0.22153     0.93047],0.1557881127820862,-9.67531669651929,0.5363005361710473,0.2959022192487645,0.2907954280270527,33.5,3.9097780751235542,11.670979328727029,2.0121448830881574
frame_128,0,255,1,1,False,False,True,3.9852428189158196,True,True,[],[   -0.30854     0.20192     0.92953],0.2652473165664881,-8.40337803144362,0.5450394815398341,0.2967957730150508,0.296915656200951,33.5,3.820422698494924,11.404246861178876,2.0105352086799764
frame_129,0,255,1,1,False,False,True,4.024865284255104,True,True,[],[   -0.37143     0.19383       0.908],-6.1292252816210535,-9.039612709782144,0.5551045354782242,0.2744297412807678,0.2737914263187533,33.5,6.057025871923216,18.080674244546916,2.008462901175209
frame_130,0,255,1,1,False,False,True,4.389473333025736,True,True,[],[   -0.35492     0.19216     0.91494],-3.46972233183824,-7.197107087561167,0.5397319579603537,0.2951279345178546,0.2932736520302195,33.5,3.987206548214545,11.902109099147893,2.014771166162946
frame_131,0,255,1,1,False,False,True,3.995314124714654,True,True,[],[   -0.30275     0.20244     0.93132],-2.143684590984661,-6.861539123246683,0.8858245820680732,0.2857480023416415,0.2850843303481064,33.5,4.925199765835853,14.702088853241351,2.0170280946314225
frame_132,0,255,1,1,False,False,True,4.338831143627927,True,True,[],[   -0.37781     0.18617     0.90697],-13.756167101467325,-9.122193328314609,0.5676994012141225,0.3166915314608044,0.3023547699831498,33.5,1.83084685391956,5.465214489312119,2.024644919785051
frame_133,0,255,1,1,False,False,True,4.359903070107643,True,True,[],[   -0.32536     0.14938     0.93372],-9.859488684392744,-6.831790492248091,1.134906298015044,0.2840927158069159,0.2862443091679564,33.5,5.090728419308411,15.196204236741522,2.014629629055893
frame_134,0,255,1,1,False,False,True,4.168067596028351,True,True,[],[   -0.33816     0.14147      0.9304],-7.676044740293816,-5.845773945387187,0.6454190642441091,0.2766972059856664,0.2756152194855761,33.5,5.830279401433359,17.403819108756295,2.017911914616589
frame_137,0,255,1,1,False,False,True,3.8594122368854835,True,True,[],[   -0.22549     0.17554      0.9583],-7.6426315258681825,-6.71431951626296,0.6784945619211857,0.2771832208445698,0.2779154517194113,33.5,5.781677915543016,17.25874004639706,2.013692229708357
frame_139,0,255,1,1,False,False,True,3.837234124375653,True,True,[],[   -0.17202     0.14587     0.97423],-7.479391731901809,-6.981269924047727,0.6204104421692984,0.285327738638955,0.2888116632124254,33.5,4.967226136104502,14.827540704789556,2.016300496007993
frame_140,0,255,-1,1,True,False,True,2.675675675675676,,False,[],,,,,,,33.5,,,
frame_141,0,255,1,1,False,False,True,4.001451229892938,True,True,[],[   -0.11189     0.17695     0.97784],-10.50926487090099,-6.885009473261714,0.6776750975357833,0.3129055504376262,0.3060418484950868,33.5,2.209444956237383,6.595358078320546,2.0148525133610318
frame_141,0,127,6,1,True,False,True,2.625000119209312,,False,[],,,,,,,33.5,,,
frame_142,0,255,1,1,False,False,True,3.849122948377975,True,True,[],[   0.011301     0.19533     0.98067],-7.121457968241395,-4.68080898858392,0.654799600388285,0.3070873576622971,0.2985636560974872,33.5,2.791264233770291,8.332132041105346,2.012562820595272
frame_142,0,127,6,1,True,False,True,2.5813953488372094,,False,[],,,,,,,33.5,,,
frame_143,0,255,1,1,False,False,True,3.808955440929663,True,True,[],[ -0.0079676     0.17941     0.98374],-11.8106251755189,-5.7658473778081465,0.6731765200847701,0.3048630405618446,0.3032156759112993,33.5,3.013695943815536,8.99610729497175,2.017763325287868
frame_144,0,255,6,1,True,False,True,1.9565217391304348,,False,[],,,,,,,33.5,,,
frame_144,0,127,1,1,False,False,True,3.8367438679744392,True,True,[],[  -0.060275     0.18977     0.97998],-15.97292630254642,-6.816398206415376,0.6920025555309632,0.3144526631053965,0.3087827084349356,33.5,2.054733689460353,6.133533401374188,2.020704039457927
frame_145,0,255,6,1,True,False,True,1.934782608695652,,False,[],,,,,,,33.5,,,
frame_145,0,127,1,1,False,False,True,3.8233798185382497,True,True,[],[  -0.042143     0.18289     0.98223],-11.629975484920534,-7.300218367916891,0.6712017910255632,0.3029591109762614,0.3027207350039249,33.5,3.2040889023738583,9.564444484698084,2.019330612392898
frame_146,0,255,6,1,True,False,True,2.0652173913043477,,False,[],,,,,,,33.5,,,
frame_146,0,127,1,1,False,False,True,3.9828270536830974,True,True,[],[    -0.1083     0.18365     0.97701],-15.209202039472665,-8.746298057049062,0.7205938455714891,0.299686212861839,0.2978486018402412,33.5,3.531378713816097,10.54142899646596,2.017439072856783
frame_147,0,255,6,1,True,False,True,1.9565217391304348,,False,[],,,,,,,33.5,,,
frame_147,0,127,1,1,False,False,True,4.040943870521275,True,True,[],[  -0.094671     0.18206     0.97872],-6.976270421651545,-8.778634768847942,0.856808069925872,0.3019199122973584,0.2966892839352236,33.5,3.3080087702641645,9.87465304556467,2.014934605342854
frame_148,0,255,6,1,True,False,True,1.934782608695652,,False,[],,,,,,,33.5,,,
frame_148,0,127,1,1,False,False,True,3.931921083348212,True,True,[],[   -0.12077     0.18574     0.97515],-12.110343013030263,-10.20345147830663,0.7320015947775429,0.2934199803903918,0.2951432759791679,33.5,4.158001960960823,12.41194615212186,2.009073212462932
frame_149,0,255,6,1,True,False,True,2.108695670201786,,False,[],,,,,,,33.5,,,
frame_149,0,127,1,1,False,False,True,4.017811911886321,True,True,[],[   -0.20584     0.19475     0.95901],-18.3008533441096,-13.101097731821248,0.7145344556832629,0.3063091350535704,0.3046444342179438,33.5,2.869086494642964,8.564437297441684,2.008266106772233
frame_150,0,255,6,1,True,False,True,1.8478260869565217,,False,[],,,,,,,33.5,,,
frame_150,0,127,1,1,False,False,True,3.873333139358059,True,True,[],[   -0.19567     0.21077     0.95775],-14.033272374877692,-14.16906368740202,0.7119670276085321,0.3022184723537149,0.3031802750465817,33.5,3.278152764628511,9.785530640682124,2.012414899938086
frame_151,0,255,6,1,True,False,True,1.8297872340425532,,False,[],,,,,,,33.5,,,
frame_151,0,127,1,1,False,False,True,3.8939395618259733,True,True,[],[   -0.21342     0.22886     0.94978],-14.648258351816231,-17.360176887943254,0.7225803056184512,0.2927567846547641,0.293001871628775,33.5,4.22432153452359,12.609915028428626,2.0068499894395124
frame_152,0,255,6,1,True,False,True,1.7959183673469388,,False,[],,,,,,,33.5,,,
frame_153,0,255,1,1,False,False,True,3.9878050556588525,True,True,[],[   -0.16748     0.21406     0.96235],-11.67831766807464,-19.731845364607,0.698326767451322,0.2736947707953487,0.2770541118361781,33.5,6.1305229204651255,18.30006841929888,2.0048538013916155
frame_153,0,127,6,1,True,False,True,1.0558016123735887,,False,[],,,,,,,33.5,,,
frame_154,0,255,1,1,False,False,True,4.256952800485296,True,True,[],[    -0.1794     0.21872     0.95916],-13.86083042652279,-20.557118838605007,0.7319533880377402,0.3098489352799599,0.3065525060167564,33.5,2.515106472004014,7.507780513444818,2.003675856861458
frame_154,0,127,6,1,True,False,True,1.0752498422196117,,False,[],,,,,,,33.5,,,
frame_155,0,255,1,1,False,False,True,4.207523743396505,True,True,[],[   -0.20403     0.22744     0.95218],-12.919716213049192,-21.631751305140305,0.7061384400108977,0.2732573214191147,0.2744764784260777,33.5,6.174267858088534,18.43065032265234,2.004100370946064
frame_157,0,255,6,1,True,False,True,1.9728448291643326,,False,[],,,,,,,33.5,,,
frame_158,0,255,1,1,False,False,True,4.225572855223901,True,True,[],[   -0.24901     0.21813     0.94362],-12.568439618805696,-18.046364082296776,0.6222688592907859,0.2622135671626491,0.2593363752840885,33.5,7.278643283735092,21.727293384283858,1.9970604567717336
frame_159,0,255,6,1,True,False,True,2.1853966962657942,,False,[],,,,,,,33.5,,,
frame_160,0,255,1,1,False,False,True,4.262886925899003,True,True,[],[   -0.26355     0.16578     0.95029],-21.41351438788013,-10.258278556316302,0.6687272690272676,0.2946158816740045,0.2923730250911976,33.5,4.038411832599548,12.054960694327008,2.0057749320499934
frame_160,0,127,6,1,True,False,True,2.245742254377766,,False,[],,,,,,,33.5,,,
frame_161,0,255,1,1,False,False,True,4.6521739130434785,True,True,[],[   -0.31071     0.13034     0.94152],-20.93215272094243,-5.051434541857937,0.6175450863913734,0.2816014157155189,0.2769976783358582,33.5,5.339858428448113,15.939875905815262,2.006607927774128
frame_161,0,127,6,1,True,False,True,2.3128962032057934,,False,[],,,,,,,33.5,,,
frame_162,0,255,1,1,False,False,True,4.407239615194791,True,True,[],[    -0.3107     0.11592     0.94341],-23.88508041127125,-2.0111440023339187,0.6426212893424266,0.2683346217711936,0.270916519195946,33.5,6.666537822880642,19.90011290412132,2.0097019048514984
frame_163,0,255,6,1,True,False,True,2.516937654319028,,False,[],,,,,,,33.5,,,
frame_163,0,127,1,1,False,False,True,4.404958747075796,True,True,[],[   -0.32518    0.090558     0.94131],-25.4801958487773,1.9069291662903,0.5868231020341821,0.2777234422495658,0.2750194529857193,33.5,5.727655775043422,17.09747992550275,2.013980197075468
frame_164,0,255,6,1,True,False,True,2.6846264983300183,,False,[],,,,,,,33.5,,,
frame_165,0,255,1,1,False,False,True,4.09924212840862,True,True,[],[   -0.24702    0.069721      0.9665],-26.685950198403507,6.484224708520388,1.1060650550321438,0.2830335540063786,0.2672881443905105,33.5,5.196644599362138,15.51237193839444,2.0216244026435226
frame_165,0,127,6,1,True,False,True,2.990468751130109,,False,[],,,,,,,33.5,,,
frame_166,0,255,1,1,False,False,True,4.100157597524092,True,True,[],[   -0.16455    0.063652     0.98431],-20.263544980771023,10.473742620791509,0.7660426310064712,0.2739097969261115,0.2693812871905878,33.5,6.109020307388851,18.235881514593583,2.009124952178557
frame_166,0,127,6,1,True,False,True,2.8283653196288334,,False,[],,,,,,,33.5,,,
frame_167,0,255,1,1,False,False,True,4.202702619747573,True,True,[],[  -0.073193     0.10706     0.99156],-20.837616047618763,12.929740446984049,1.2267073928842611,0.2607280402075677,0.2589635036605447,33.5,7.427195979243234,22.17073426639772,2.0069560430585183
frame_167,0,127,6,1,True,False,True,2.839991101848788,,False,[],,,,,,,33.5,,,
frame_168,0,255,1,1,False,False,True,4.271429000456066,True,True,[],[   -0.13355    0.050273     0.98977],-23.09741076942296,16.659389371820808,1.2203297318155095,0.2739584183262395,0.2683526355380896,33.5,6.104158167376051,18.221367663809108,2.009300199169323
frame_168,0,127,6,1,True,False,True,2.9123849034101896,,False,[],,,,,,,33.5,,,
frame_169,0,255,1,1,False,False,True,4.033724525093376,True,True,[],[   -0.17685   -0.014398     0.98413],-16.19370973314645,20.01146222315584,0.5502761693555445,0.2603861006550289,0.2600081878976796,33.5,7.461389934497109,22.27280577461824,2.0026617605353643
frame_169,0,127,6,1,True,False,True,3.032258362043949,,False,[],,,,,,,33.5,,,
frame_170,0,255,1,1,False,False,True,3.8559424806933755,True,True,[],[   -0.04476    0.053117     0.99758],-18.731413971450767,22.136929580897828,1.0785847842404133,0.2543648518949983,0.2541315891053609,33.5,8.063514810500166,24.070193464179603,2.0043903947581905
frame_170,0,127,6,1,True,False,True,2.852941171803809,,False,[],,,,,,,33.5,,,
frame_171,0,255,1,1,False,False,True,3.931034690681831,True,True,[],[  -0.096443    0.023001     0.99507],-17.97707901094529,23.15163423861953,0.8615463593865949,0.2568878701455235,0.2557970293013135,33.5,7.811212985447652,23.31705368790344,2.002930242135394
frame_171,0,127,6,1,True,False,True,2.8998753502453827,,False,[],,,,,,,33.5,,,
frame_172,0,255,1,1,False,False,True,3.6666665989688676,True,True,[],[   0.011105     0.05142     0.99862],-17.90395518215355,23.1446606547943,1.1086272548137066,0.2681056499530411,0.2586167058945878,33.5,6.689435004695888,19.968462700584737,2.0058271804280587
frame_172,0,127,6,1,True,False,True,2.882352651836159,,False,[],,,,,,,33.5,,,
frame_173,0,255,1,1,False,False,True,3.6912879165796224,True,True,[],,-18.08640832641316,23.752212942571752,-1.0,0.2621486055201362,0.2592837911897462,33.5,7.285139447986383,21.746684919362337,2.00165226974821
frame_173,0,127,6,1,True,False,True,2.880596809420764,,False,[],,,,,,,33.5,,,
frame_174,0,255,1,1,False,False,True,3.649269491540554,True,True,[],[    0.13753     0.17253     0.97536],-17.14750862790233,23.75985330177236,0.6991520062342318,0.2624879872152551,0.2639777082340421,33.5,7.25120127847449,21.64537695067012,2.005748662371199
frame_174,0,127,6,1,True,False,True,2.968750131708915,,False,[],,,,,,,33.5,,,
frame_175,0,255,1,1,False,False,True,3.6556884897092186,True,True,[],[    0.19939     0.16679     0.96562],-14.55983702949702,24.94526839381369,0.7405966422402437,0.2691423688261563,0.2600384517435689,33.5,6.585763117384369,19.658994380251848,2.000255294225839
frame_175,0,127,6,1,True,False,True,2.9593919472106873,,False,[],,,,,,,33.5,,,
frame_176,0,255,1,1,False,False,True,3.705650373923213,True,True,[],[    0.18905      0.1908     0.96325],-16.873820852719845,24.211495130219436,0.8320757036886279,0.2682175101300768,0.2645386453472734,33.5,6.678248986992319,19.935071602962147,1.9984452986036028
frame_176,0,127,6,1,True,False,True,2.909090730750528,,False,[],,,,,,,33.5,,,
frame_177,0,255,1,1,False,False,True,3.8109834976879235,True,True,[],[    0.28435     0.19195     0.93931],-17.95062422118279,23.46140406937497,0.8715061163732287,0.2733019748021802,0.2734679679820014,33.5,6.169802519781981,18.41732095457308,1.996639305656239
frame_177,0,127,6,1,True,False,True,2.7062279471142863,,False,[],,,,,,,33.5,,,
frame_178,0,255,1,1,False,False,True,3.7990490874772416,True,True,[],[    0.20531     0.20857     0.95621],-15.840365682375374,20.19725340281456,0.6599831668706684,0.2561956527052301,0.255366934275497,33.5,7.880434729476987,23.5236857596328,1.994215062076408
frame_178,0,127,6,1,True,False,True,2.862308690181857,,False,[],,,,,,,33.5,,,
frame_179,0,255,1,1,False,False,True,3.621863677227777,True,True,[],[    0.19837     0.19821     0.95987],-18.02444047096417,16.897621641688268,0.6159931791835023,0.2585490116186949,0.2543484211594955,33.5,7.64509883813051,22.821190561583613,1.9948565080368623
frame_179,0,127,6,1,True,False,True,2.651766240543794,,False,[],,,,,,,33.5,,,
frame_180,0,255,6,1,True,False,True,2.743790817457423,,False,[],,,,,,,33.5,,,
frame_181,0,255,1,1,False,False,True,3.5691697990030726,True,True,[],[    0.24791     0.19223     0.94952],-18.76732812008354,9.971176491829029,0.6253905064102723,0.2613193744344235,0.2587558863402334,33.5,7.368062556557647,21.994216586739245,1.990242840270319
frame_181,0,127,6,1,True,False,True,2.7322203905673605,,False,[],,,,,,,33.5,,,
frame_182,0,255,1,1,False,False,True,3.800128957801565,True,True,[],[    0.25758     0.16324     0.95237],-17.39568066521555,6.17970533554788,0.620942820242036,0.2563022382917025,0.2576814053613819,33.5,7.869776170829751,23.49186916665597,1.9861546893337456
frame_182,0,127,6,1,True,False,True,2.6605916270299237,,False,[],,,,,,,33.5,,,
frame_183,0,255,1,1,False,False,True,3.826962951275485,True,True,[],[    0.25565     0.12513     0.95864],-20.59543452818588,1.5262723631396768,0.6517296124668754,0.2783443535043984,0.2677911104151621,33.5,5.665564649560157,16.912133282269124,1.9840954296504
frame_183,0,127,6,1,True,False,True,2.6952219987874355,,False,[],,,,,,,33.5,,,
frame_184,0,255,1,1,False,False,True,3.7051965677057095,True,True,[],[    0.24563     0.14144     0.95899],-19.76846020517228,-3.303546025803283,0.6334047672677865,0.2693881364351876,0.2713696747569494,33.5,6.561186356481236,19.585630914869363,1.97689758991798
frame_184,0,127,6,1,True,False,True,2.6217166499990734,,False,[],,,,,,,33.5,,,
frame_185,0,255,1,1,False,False,True,3.6426667427098818,True,True,[],[    0.18734      0.1702     0.96744],-19.55580636384316,-7.755080933892608,0.7071262223017623,0.2763947687531116,0.2765902380113702,33.5,5.860523124688843,17.494098879668186,1.9775697281229
frame_185,0,127,6,1,True,False,True,2.688311807508591,,False,[],,,,,,,33.5,,,
frame_186,0,255,1,1,False,False,True,3.9263699817303883,True,True,[],[   0.073074     0.15581     0.98508],-23.948897625358985,-15.473206737857456,0.6368681614706728,0.2784772999582884,0.2730245621381431,33.5,5.652270004171162,16.87244777364526,1.9699121120658996
frame_186,0,127,6,1,True,False,True,2.6994505911054123,,False,[],,,,,,,33.5,,,
frame_187,0,255,1,1,False,False,True,3.6674667849127225,True,True,[],[     0.1014     0.18359     0.97776],-29.730941373686125,-20.85261964917497,0.7145593227286517,0.3164629652026461,0.3186044711497363,33.5,1.8537034797353855,5.533443223090704,1.9729038254015865
frame_187,0,127,6,1,True,False,True,2.7049730609881664,,False,[],,,,,,,33.5,,,
frame_188,0,255,6,1,True,False,True,2.70973374851266,,False,[],,,,,,,33.5,,,
frame_189,0,255,6,1,True,False,True,2.718355656683782,,False,[],,,,,,,33.5,,,
frame_190,0,255,6,1,True,False,True,2.696878867181343,,False,[],,,,,,,33.5,,,
frame_191,0,255,1,1,False,False,True,3.3636361219384505,True,True,[],[    0.15106     0.24378     0.95799],-17.41373088515388,-29.66416025081672,0.7351536928216953,0.3047412408098645,0.3048574777273443,33.5,3.025875919013549,9.032465429891191,1.9485468413633635
frame_191,0,127,6,1,True,False,True,2.7028345953172352,,False,[],,,,,,,33.5,,,
frame_192,0,255,1,1,False,False,True,3.6334319953063297,True,True,[],[    0.10295     0.25197     0.96224],-13.365648181370052,-32.22738352457439,0.8169272002212011,0.2922508168237168,0.290349185440971,33.5,4.274918317628323,12.760950201875591,1.9428434367481084
frame_192,0,127,6,1,True,False,True,2.7147719861188055,,False,[],,,,,,,33.5,,,
frame_193,0,255,1,1,False,False,True,3.710843710474864,True,True,[],[    0.10034     0.24885     0.96333],-15.046958227343472,-32.57347360440637,0.7581202096929394,0.2960135388382945,0.2955489882086018,33.5,3.898646116170551,11.637749600509109,1.943876524862578
frame_193,0,127,6,1,True,False,True,2.71174404618914,,False,[],,,,,,,33.5,,,
frame_194,0,255,1,1,False,False,True,4.000699548242998,True,True,[],[   0.042412     0.25681     0.96553],-15.23365494266457,-32.473686544932114,0.8008149362847754,0.2937539476638423,0.2928831516568619,33.5,4.124605233615769,12.31225442870379,1.9417490667766997
frame_195,0,255,6,1,True,False,True,2.859878472142385,,False,[],,,,,,,33.5,,,
frame_196,0,255,1,1,False,False,True,4.231417971213464,True,True,[],[   0.010513     0.25218     0.96762],-20.945117072530124,-27.82469075633793,1.1268437423282418,0.2769384619689859,0.2828425774707289,33.5,5.80615380310141,17.33180239731764,1.9407238991602616
frame_196,0,127,6,1,True,False,True,2.7210948397179626,,False,[],,,,,,,33.5,,,
frame_197,0,255,1,1,False,False,True,4.3103444689913015,True,True,[],[  0.0033897     0.23359     0.97233],-20.08519001182538,-21.401100935116837,0.7546911485200243,0.2902468726237106,0.2918283724293215,33.5,4.475312737628939,13.359142500384891,1.938388810396324
frame_197,0,127,6,1,True,False,True,2.917648499465698,,False,[],,,,,,,33.5,,,
frame_198,0,255,1,1,False,False,True,4.287756515832849,True,True,[],[ -0.0053114     0.21275     0.97709],-24.957684177641468,-17.02618122511507,0.7409841870259519,0.268850405893436,0.2691186235494209,33.5,6.614959410656396,19.746147494496704,1.932400561210877
frame_198,0,127,6,1,True,False,True,2.922803237292591,,False,[],,,,,,,33.5,,,
frame_199,0,255,6,1,True,False,True,2.995998880394514,,False,[],,,,,,,33.5,,,
frame_200,0,255,1,1,False,False,True,4.16,True,True,[],[  -0.032259     0.12973     0.99102],-29.457439743468875,-5.862263971045313,0.7028823455290945,0.2619384341010886,0.2635151737814432,33.5,7.306156589891144,21.809422656391472,1.9336773590062275
frame_200,0,127,6,1,True,False,True,3.0303461693977773,,False,[],,,,,,,33.5,,,
frame_201,0,255,1,1,False,False,True,3.99836582837183,True,True,[],[  -0.046192     0.10965      0.9929],-34.544533815431784,-0.374353208049492,0.6746402890756675,0.2642647393030065,0.2623256744272834,33.5,7.073526069699349,21.115003193132384,1.936932526950721
frame_201,0,127,6,1,True,False,True,3.081065207469496,,False,[],,,,,,,33.5,,,
frame_202,0,255,1,1,False,False,True,4.226027450282166,True,True,[],[   0.011246     0.11161     0.99369],-31.183851607873457,6.563676826118845,1.2141375348036918,0.2762844029873736,0.2737366832239284,33.5,5.871559701262635,17.527043884366076,1.9352513867672605
frame_202,0,127,6,1,True,False,True,2.9881849032181793,,False,[],,,,,,,33.5,,,
frame_203,0,255,1,1,False,False,True,4.457431609503629,True,True,[],[   0.026794    0.082425     0.99624],-35.86322867486435,12.411084825355651,1.2304498107167223,0.2709486774053875,0.2704963201345832,33.5,6.405132259461249,19.119797789436564,1.930755255493592
frame_203,0,127,6,1,True,False,True,3.1193106476519863,,False,[],,,,,,,33.5,,,
frame_204,0,255,1,1,False,False,True,4.6252249499823685,True,True,[],[  -0.045954      0.0317     0.99844],-32.9181489567782,19.307069975778653,0.6623404631122911,0.2772660480071428,0.2791870074216912,33.5,5.773395199285719,17.23401552025588,1.9398055516360968
frame_204,0,127,6,1,True,False,True,3.170270352750211,,False,[],,,,,,,33.5,,,
frame_205,0,255,1,1,False,False,True,4.698205738196499,True,True,[],[   0.048646    0.048314     0.99765],-41.71747753433366,24.972980370934565,1.3147845434151093,0.2728119238200399,0.2654521631633055,33.5,6.218807617996008,18.56360482983883,1.9339561173175557
frame_205,0,127,6,1,True,False,True,3.225223343277662,,False,[],,,,,,,33.5,,,
frame_206,0,255,1,1,False,False,True,4.695652389893606,True,True,[],[    0.14617    0.090426     0.98512],41.932681250242425,-149.98625286740142,1.3724069470293594,0.2622725569834173,0.2562183012071866,33.5,7.2727443016582685,21.709684482561997,1.933167384264055
frame_206,0,127,6,1,True,False,True,3.345776766442315,,False,[],,,,,,,33.5,,,
frame_207,0,255,1,1,False,False,True,4.478632255171206,True,True,[],[     0.2205      0.1182      0.9682],39.91701136228247,-146.77534370321112,1.3718439771683018,0.2522822610720481,0.2468940755303305,33.5,8.271773892795192,24.69186236655281,1.932989386308044
frame_207,0,127,6,1,True,False,True,3.3558689339640595,,False,[],,,,,,,33.5,,,
frame_208,0,255,1,1,False,False,True,4.611060998151571,True,True,[],[   0.032512   0.0036614     0.99946],42.44119045056435,-145.8204395243908,1.1399986313206438,0.2587507811318147,0.2504070101529674,33.5,7.624921886818531,22.76096085617472,1.927187846184932
frame_208,0,127,6,1,True,False,True,3.405580772238673,,False,[],,,,,,,33.5,,,
frame_209,0,255,1,1,False,False,True,4.593023767221996,True,True,[],[    0.19095    0.092882      0.9772],47.47162604035446,-144.41405658750975,1.2801425559890605,0.2587557142947879,0.2542535452077936,33.5,7.624428570521208,22.75948827021256,1.929310678763076
frame_209,0,127,6,1,True,False,True,3.3990121677652656,,False,[],,,,,,,33.5,,,
frame_210,0,255,1,1,False,False,True,4.469909422197733,True,True,[],[    0.17585    0.080293     0.98114],44.8417608586584,-145.9341617717169,1.3391282803713294,0.3913664892739782,0.2705743355824046,33.5,5.636648927397819,16.825817693724833,1.9288384569907104
frame_211,0,255,6,1,True,False,True,3.4318065401039397,,False,[],,,,,,,33.5,,,
frame_211,0,127,1,1,False,False,True,4.459769377175458,True,True,[],[    0.14538    0.047998     0.98821],46.78475866402084,-146.21342791337065,1.2452561190328562,0.3933596173676998,0.5864255534288723,33.5,5.835961736769985,17.420781303791,1.9280215367921416
frame_212,0,255,6,1,True,False,True,3.4262806663152614,,False,[],,,,,,,33.5,,,
frame_212,0,127,1,1,False,False,True,4.444102662724549,True,True,[],[    0.27481      0.1476      0.9501],82.82363556817216,-122.68841044360472,1.2734031088504356,0.5473602790157399,0.6503667948011849,33.5,21.23602790157399,63.39112806439997,1.9397391761950595
frame_213,0,255,6,1,True,False,True,3.4317675303718094,,False,[],,,,,,,33.5,,,
frame_213,0,127,1,1,False,False,True,4.29131375264329,True,True,[],[     0.1125    0.039406     0.99287],45.47921502871816,-150.16561910946962,0.9982731124537888,0.2517814828144284,0.2541063286333055,33.5,8.321851718557156,24.84134841360345,1.9242777605354784
frame_214,0,255,6,1,True,False,True,3.398441549341606,,False,[],,,,,,,33.5,,,
frame_214,0,127,1,1,False,False,True,3.9303236329887605,True,True,[],[     0.2627     0.13904     0.95481],46.12487955260584,-154.43644623588668,1.447902398645653,0.2796522211521143,0.2703806017993924,33.5,5.534777884788572,16.52172502921962,1.9281505238456076
frame_215,0,255,6,1,True,False,True,3.386880041776264,,False,[],,,,,,,33.5,,,
frame_215,0,127,1,1,False,False,True,3.24705875813373,True,True,[],[    0.16841     0.16128     0.97243],67.17831396529294,-157.6817990438347,0.8025523314485721,0.5359924934536362,0.7104927052316947,33.5,20.099249345363617,59.997759239891394,1.9334602159578087
frame_216,0,255,6,1,True,False,True,3.3905311382117658,,False,[],,,,,,,33.5,,,
frame_216,0,127,1,1,False,False,True,3.0656065250032754,True,True,[],[    0.19558     0.19586     0.96093],50.228802325930346,-162.97834219130272,0.8237354292367407,0.2762939565596763,0.2820181505360177,33.5,5.870604344032365,17.524192071738405,1.9256393060845844
frame_217,0,255,1,1,False,False,True,3.0637740441137784,True,True,[],[    0.26761     0.20677     0.94108],73.60822105919334,54.579083936143405,1.4268874758384649,0.5965511580743297,0.7120403268513396,33.5,26.155115807432967,78.0749725595014,1.9811049014122617
frame_218,0,255,1,1,False,False,True,3.054662533596462,True,True,[],[    0.27076     0.20792     0.93992],75.23118381232166,64.03892338984836,1.22006932121098,0.6176686504497426,0.6419976231181852,33.5,28.26686504497426,84.37870162678884,1.975660867968052
frame_219,0,255,1,1,False,False,True,3.028869151943937,True,True,[],[    0.25487     0.20465     0.94507],55.37212934532396,-177.95206525461015,1.1195122417885006,0.2891413431184457,0.2965302749659601,33.5,4.585865688155427,13.689151307926648,1.929829068966325
frame_220,0,255,6,1,True,False,True,3.561956022171386,,False,[],,,,,,,33.5,,,
frame_220,0,127,1,1,False,False,True,2.8981481701687097,True,True,[],[    0.21995     0.20561      0.9536],57.32646215514706,176.6333559507029,0.8695109865199304,0.2850613362222254,0.2968065797616301,33.5,4.9938663777774615,14.90706381426108,1.9320155081691877
frame_221,0,255,6,1,True,False,True,3.6936117062004494,,False,[],,,,,,,33.5,,,
frame_221,0,127,1,1,False,False,True,2.891744686217221,True,True,[],[    0.20369     0.20353     0.95765],60.06925036340984,169.3791708691519,0.6226012674358994,0.2974679888851779,0.2990611073844313,33.5,3.7532011114822126,11.20358540740959,1.9362529001849864
frame_222,0,255,6,1,True,False,True,3.5546011654774445,,False,[],,,,,,,33.5,,,
frame_222,0,127,1,1,False,False,True,2.705763956035282,True,True,[],[     0.2599     0.21818     0.94067],68.39324275361349,146.61369349802698,1.1796159721886774,0.4997855750124407,0.5561468828630874,33.5,16.47855750124407,49.18972388431065,1.9351874868969443
frame_223,0,255,6,1,True,False,True,3.6921997097124137,,False,[],,,,,,,33.5,,,
frame_223,0,127,1,1,False,False,True,2.7064471726054777,True,True,[],[    0.21879     0.21957     0.95075],61.14979476515385,154.69764255662628,1.1116859563283223,0.3134971715736367,0.2983414449112903,33.5,2.150282842636325,6.418754754138284,1.9254782845349503
frame_224,0,255,6,1,True,False,True,3.7457491059998578,,False,[],,,,,,,33.5,,,
frame_224,0,127,1,1,False,False,True,2.8507909968637177,True,True,[],[    0.23804     0.19284     0.95192],61.36061317587118,150.2016513174088,1.488789829179664,0.3119742821144364,0.2942233927012689,33.5,2.3025717885563566,6.873348622556288,1.918120957281674
frame_225,0,255,6,1,True,False,True,3.6562696166559783,,False,[],,,,,,,33.5,,,
frame_225,0,127,1,1,False,False,True,3.068387201064402,True,True,[],[    0.18671     0.18007     0.96577],70.72283082057902,129.22824688830303,0.938763246291814,0.4585774011480659,0.5402295790688671,33.5,12.357740114806589,36.88877646210921,1.922182823224409
frame_226,0,255,6,1,True,False,True,3.7127841308613623,,False,[],,,,,,,33.5,,,
frame_226,0,127,1,1,False,False,True,2.7333333333333334,True,True,[],[     0.1464     0.21759       0.965],65.65453379949395,157.1473295765199,0.6053448939070534,0.287888634781632,0.2979267714380897,33.5,4.711136521836795,14.063094095035208,1.914959030240357
frame_227,0,255,6,1,False,False,True,3.7213657646433265,True,True,[],[   -0.09023     0.30895     0.94679],3.3935534638789218,-36.41615987498149,1.5878005401735136,0.306869533109504,0.30931984539899,33.5,2.8130466890495978,8.397154295670441,1.0073253833922136
frame_228,0,255,6,1,False,False,True,3.7052210502202403,True,True,[],[  -0.057225     0.28371      0.9572],2.5757481902535244,-36.4133951737888,1.6065339076245246,0.3090126195085865,0.3111595782640461,33.5,2.598738049141347,7.757427012362229,1.0119737696714357
frame_229,0,255,1,1,False,False,True,2.6240454861345133,True,True,[],[    0.24111     0.14103      0.9602],75.97389483294387,-148.24172174339267,1.3465282007909185,0.3650268086560533,0.3549469405846824,33.5,3.0026808656053285,8.963226464493518,1.912574780698557
frame_230,0,255,6,1,False,False,True,3.694367254380346,True,True,[],[   -0.10595     0.32029     0.94138],2.809472796377705,-36.253654951411846,1.586068927400037,0.3087627593531304,0.3121798217074556,33.5,2.6237240646869555,7.832012133393897,1.02182987252141
frame_230,0,127,1,1,False,False,True,2.8490990998925323,True,True,[],[    0.18638    0.079782     0.97923],73.65705679585847,-126.974178813314,0.6514814925778163,0.2803920804749207,0.2740260009906387,33.5,5.460791952507932,16.300871500023675,1.9068469835475168
frame_231,0,255,6,1,False,False,True,3.6827696760602993,True,True,[],[  -0.088844     0.30353     0.94867],2.758973719303348,-36.01547565685776,1.5376505778019984,0.3139693986487847,0.3174752556650861,33.5,2.103060135121532,6.277791448123976,1.0271545347878273
frame_231,0,127,1,1,False,False,True,3.8849348028031625,True,True,[],[     0.2507     0.10779     0.96205],61.43675504783206,-118.46540657754778,0.5523805821822811,0.2281900035245538,0.2231745612335118,33.5,10.680999647544615,31.88358103744661,1.8973798037928689
frame_232,0,255,6,1,False,False,True,3.7016854590786594,True,True,[],[  -0.088703     0.30506     0.94819],2.4410686719146364,-35.94479777826357,1.6016789202088548,0.3152396058948108,0.3191451512948204,33.5,1.9760394105189203,5.898625106026628,1.031501579299022
frame_236,0,255,6,1,False,False,True,3.86630211242056,True,True,[],[   0.030363      0.2565     0.96607],1.4115032388622142,-35.72564307403252,1.5332366967734976,0.3031044832284087,0.3107177476914124,33.5,3.189551677159125,9.521049782564551,1.0511662121848038
frame_237,0,255,6,1,False,False,True,3.8339794394915865,True,True,[],[   0.042652     0.24779     0.96787],1.812549033398368,-35.524437488178,1.5485819588373262,0.3016042891023607,0.307937734086837,33.5,3.339571089763932,9.968868924668453,1.0551125204176828
frame_239,0,255,6,1,False,False,True,3.7564297295559412,True,True,[],[   0.036717     0.25039     0.96745],1.2649109572772022,-35.23342008539121,1.513249078913754,0.3026113760613856,0.3101719425388395,33.5,3.238862393861436,9.668245951825185,1.065996549028527
frame_239,0,127,1,1,False,False,True,4.599999592912006,False,True,[],[    0.31728      0.3273     0.89006],-1.0,-1.0,-1.0,-1.0,0.5302224555716814,33.5,,,1.9256200436622863
frame_240,0,255,6,1,False,False,True,3.7382819977143114,True,True,[],[   0.039443     0.24958     0.96755],1.394107573416293,-35.48869369768509,1.4627988432584635,0.3025689951082351,0.3091709931616399,33.5,3.2431004891764923,9.680896982616396,1.070996784762139
frame_240,0,127,1,1,False,False,True,4.867257110635112,True,True,[],[    0.29348     0.24628      0.9237],-22.466508987414308,82.88107255610156,1.3713614284751725,0.237847860547602,0.2349966115174994,33.5,9.715213945239798,29.00063864250686,1.9197900084411208
frame_241,0,255,6,1,False,False,True,3.678028045689647,True,True,[],[   0.021124     0.26256     0.96469],0.7377161578460213,-35.06873134927884,1.464674300578205,0.3018169319778665,0.3094657802070246,33.5,3.3183068022133497,9.905393439442834,1.0760281937125182
frame_242,0,255,1,1,False,False,True,4.424897437702648,True,True,[],[     0.2867     0.23129     0.92968],-31.911802777969324,80.05338110015485,1.3748340838415474,0.2396130342723056,0.2396466629644026,33.5,9.53869657276944,28.47372111274459,1.9278139001306365
frame_242,0,127,6,1,False,False,True,3.586128565362436,True,True,[],[   0.012755     0.27048     0.96264],0.0299072001337977,-35.04953732106143,1.4637895230649625,0.3021902842386312,0.3105824494296307,33.5,3.280971576136876,9.79394500339366,1.0789635416777872
frame_243,0,255,6,1,False,False,True,3.555364933232823,True,True,[],[  -0.033242     0.29491     0.95495],0.3599465425319342,-34.989024510978844,1.4553721084874374,0.3125352780123848,0.3167570377931609,33.5,2.2464721987615235,6.70588716048216,1.083838882849118
frame_245,0,255,6,1,False,False,True,3.5425578917073093,True,True,[],[  -0.047253      0.3047     0.95128],-1.238175664117562,-34.877557673085775,1.4728283076564397,0.3112673739798814,0.313977408903374,33.5,2.373262602011861,7.084365976154808,1.0911691581494254
frame_247,0,255,6,1,False,False,True,3.4694925470282736,True,True,[],[   -0.02595     0.29556     0.95497],-2.506556903904126,-34.81458093770314,1.523830160109477,0.3108492978566632,0.3141951639946613,33.5,2.4150702143336757,7.209164818906494,1.100251918473887
frame_248,0,255,1,1,False,False,True,4.085014409007338,True,True,[],[    0.29717     0.21965     0.92922],69.71254329221694,31.767412560172843,1.330007111240227,1.3096145497649156,1.3409958636946542,33.5,97.46145497649157,290.929716347736,2.0313418810371053
frame_249,0,255,6,1,False,False,True,3.39546170957148,True,True,[],[   -0.04045     0.30013     0.95304],-3.703422494796458,-34.877074714635484,1.5357061853281204,0.3084739495508358,0.3107672288445184,33.5,2.6526050449164176,7.918224014675873,1.1086698675915143
frame_249,0,127,1,1,False,False,True,4.004928768304681,True,True,[],[    0.25261     0.16664     0.95311],-39.90623105239891,70.6386728250044,1.371406176376706,0.2623128233038626,0.2617457940196652,33.5,7.268717669613739,21.697664685414143,1.98442417957458
frame_250,0,255,6,1,False,False,True,3.418864794292516,True,True,[],[  -0.017058     0.28251     0.95911],-4.841924323117898,-35.0695835772916,1.5724491258056754,0.3099401724724502,0.311991899693589,33.5,2.5059827527549814,7.480545530611884,1.112670224976387
frame_250,0,127,1,1,False,False,True,3.713058356473006,True,True,[],[    0.28373     0.20826     0.93601],-39.14692566198561,72.09727952101818,1.3620883002292232,0.3316859267475212,0.2916229936851616,33.5,0.3314073252478844,0.9892755977548788,1.991999935134804
frame_251,0,255,6,1,False,False,True,3.400783351398109,True,True,[],[   -0.01674     0.27852     0.96028],-5.188172565407152,-35.16803196399422,1.6632073231361688,0.3101237759873259,0.3111876477320544,33.5,2.487622401267414,7.425738511246012,1.115847938443284
frame_251,0,127,1,1,False,False,True,3.457715412088246,True,True,[],[    0.25776     0.17503     0.95022],-34.24040278686771,72.63865626964909,1.337077729112603,0.2690849180667658,0.2412341385949555,33.5,6.59150819332342,19.67614386066693,1.998718506488644
frame_252,0,255,6,1,False,False,True,3.38624936121526,True,True,[],[  -0.014826      0.2824     0.95918],-5.692030482190147,-35.08963161085923,1.5713546719155644,0.3103366204674132,0.3133183310213901,33.5,2.4663379532586798,7.362202845548296,1.1194835918314396
frame_252,0,127,1,1,False,False,True,3.478735511796408,False,True,[],[    0.30869     0.25044      0.9176],-1.0,-1.0,-1.0,-1.0,0.4425834328287764,33.5,,,2.0064559290629056
frame_253,0,255,6,1,False,False,True,3.3595816347271796,True,True,[],[   -0.01238     0.28023     0.95985],-6.104241402902367,-35.07024419820186,1.55920534767911,0.3104151568808917,0.3128050579373597,33.5,2.45848431191083,7.338759140032327,1.122205345966864
frame_253,0,127,1,1,False,False,True,3.307786819298861,True,True,[],[    0.13124   -0.066126     0.98914],-20.74572783448992,73.51474130753618,1.016078169027055,0.224683847349393,0.2209780395354039,33.5,11.0316152650607,32.93019482107671,2.00195007316571
frame_254,0,255,6,1,False,False,True,3.320105080362225,True,True,[],[  -0.010657      0.2755     0.96124],-6.352268235173244,-34.64027668757737,1.6019711558574632,0.3098472647016138,0.3125280109126388,33.5,2.515273529838624,7.508279193548131,1.1266410677121854
frame_254,0,127,1,1,False,False,True,3.3747811367949656,True,True,[],[    0.23633     0.14801     0.96033],-15.664307762179138,73.87397934959905,1.2894382377130025,0.2227467642450676,0.2224945365191559,33.5,11.22532357549324,33.50842858356191,2.006189880026392
frame_255,0,255,6,1,False,False,True,3.2929699730907354,True,True,[],[  -0.004128     0.27564     0.96125],-6.749813978700664,-34.48460260673251,1.6528982133506545,0.3112318184403195,0.3143290118399479,33.5,2.3768181559680523,7.094979570053887,1.1309656415144995
frame_256,0,255,1,1,False,False,True,3.075520932188005,True,True,[],[    0.34014     0.92727    -0.15643],-10.125915664383452,71.66652372430967,0.2024085293209917,0.1835775941762481,0.1835991046011443,33.5,15.142240582375186,45.20071815634384,2.019964956978795
frame_256,0,127,6,1,False,False,True,3.2952381775754924,True,True,[],[ -0.0025161     0.27846     0.96044],-7.756283292807207,-34.651583036392914,1.599432395055398,0.3135185921465448,0.3163330745682405,33.5,2.1481407853455146,6.412360553270193,1.1335943186022768
frame_257,0,255,1,1,False,False,True,3.212404313944017,True,True,[],,-15.59724390528149,72.77621238257126,-1.0,0.1878742516328891,0.1849371987516285,33.5,14.712574836711086,43.91813384092861,2.03077379823786
frame_257,0,127,6,1,False,False,True,3.2412837449518683,True,True,[],[  0.0067566      0.2707     0.96264],-8.118070428033024,-34.39875136482259,1.6924630674381569,0.3133324577360236,0.3154440646469776,33.5,2.166754226397644,6.467923063873564,1.1376395519043545
frame_259,0,255,1,1,False,False,True,3.419618266468091,True,True,[],,-15.935294488708305,73.20239974925934,-1.0,0.2387820421908353,0.2384401628811305,33.5,9.621795780916468,28.72177845049692,2.042170632393689
frame_259,0,127,6,1,False,False,True,3.1764114510998613,True,True,[],[  -0.016933     0.27437     0.96147],-8.688741634929732,-33.71416795186184,1.7215153292332743,0.3124845298566449,0.3148865649549045,33.5,2.2515470143355145,6.721035863688103,1.1464081872874232
frame_260,0,255,1,1,False,False,True,4.095951851011926,True,True,[],,-15.350253449904333,74.1840237197452,-1.0,0.2397724061535958,0.2281378875917318,33.5,9.522759384640414,28.42614741683705,2.040748447951876
frame_260,0,127,6,1,False,False,True,3.176655011434923,True,True,[],[  -0.023512     0.28755     0.95748],-8.986618869465131,-33.55691072562207,1.713085398273986,0.3161519909551963,0.31698543058194,33.5,1.884800904480366,5.626271356657809,1.1483810500478295
frame_261,0,255,1,1,False,False,True,4.314128321596043,True,True,[],[     0.2581     0.22364     0.93988],-25.05071976585483,72.89849142988012,1.2499394085634252,0.2592530366523492,0.2555138025945415,33.5,7.57469633476508,22.61103383511964,2.0550019731862683
frame_261,0,127,6,1,False,False,True,3.1572273585926465,True,True,[],[  -0.024502     0.28417     0.95846],-9.505812225828985,-33.8341521136691,1.7170409509640938,0.3150822975864382,0.3181930786772503,33.5,1.9917702413561835,5.945582810018458,1.1527963614582613
frame_262,0,255,1,1,False,False,True,5.02173850560592,True,True,[],,-19.971251861148826,69.57476901165694,-1.0,0.2695578579316333,0.2605128873010965,33.5,6.544214206836674,19.53496778160201,2.0506645228211613
frame_262,0,127,6,1,False,False,True,3.181587756778214,True,True,[],[  -0.040642     0.29335     0.95514],-9.029860047050656,-33.19195941428732,1.705689395217554,0.316128023712208,0.3199092016933725,33.5,1.887197628779197,5.633425757549841,1.1575638378026036
frame_263,0,255,1,1,False,False,True,5.3658533986048775,True,True,[],[    0.31005     0.34289     0.88673],-9.016888466776251,64.62749570170531,1.2481860910199578,0.3244763580902033,0.4167001993453295,33.5,1.0523641909796655,3.14138564471542,2.064376314118446
frame_263,0,127,6,1,False,False,True,3.1751932769603433,True,True,[],[  -0.021296     0.28044     0.95964],-9.023404864259744,-33.19728594290046,1.7132059755544384,0.3113122355193615,0.3157801496839906,33.5,2.368776448063853,7.070974471832398,1.160856203685848
frame_264,0,255,1,1,False,False,True,5.595604571323825,True,True,[],[    0.27919      0.3053     0.91041],-28.912862168980983,68.8489708495185,1.2452726986904787,0.2842812042977728,0.2798025148445778,33.5,5.071879570222721,15.139939015590212,2.056839355667812
frame_264,0,127,6,1,False,False,True,3.1608926181673587,True,True,[],[  -0.027384     0.27246     0.96178],-9.186670115122649,-33.279184310176056,1.758862030259183,0.312382904237167,0.3173583356963187,33.5,2.2617095762832995,6.751371869502387,1.1641386412810208
frame_265,0,255,1,1,False,False,True,5.478494648516011,True,True,[],[    0.28073      0.2994     0.91189],-27.78094609874513,68.12462583398053,1.2456172173791908,0.2822552539773919,0.2790723747158271,33.5,5.274474602260815,15.744700305256163,2.0596161401502755
frame_265,0,127,6,1,False,False,True,3.1323723400177674,True,True,[],[  -0.028858     0.27919      0.9598],-8.664717575502564,-33.362798753600785,1.7209063233594049,0.3130433055555451,0.3161829810912963,33.5,2.1956694444454863,6.554237147598467,1.168969509697844
frame_266,0,255,1,1,False,False,True,5.3320607847173305,True,True,[],[    0.28691     0.29698     0.91076],-29.04717014898864,67.99483168858178,1.188135655863364,0.2857035839916109,0.288888527014609,33.5,4.929641600838913,14.71534806220571,2.059716216538916
frame_266,0,127,6,1,False,False,True,3.1725598267820794,True,True,[],[  -0.023095      0.2776     0.96042],-9.065270058077544,-33.493761058139306,1.6850270928751938,0.3151928530148027,0.3188803716038062,33.5,1.9807146985197253,5.912581189611121,1.1723024121826455
frame_267,0,255,1,1,False,False,True,5.422222972013036,True,True,[],[    0.28895     0.29024     0.91229],-31.186606274820186,68.12653501806365,1.2602842570754964,0.2853445465103649,0.2866363351738073,33.5,4.965545348963513,14.82252342974183,2.0572343083907816
frame_267,0,127,6,1,False,False,True,3.143296446870975,True,True,[],[  -0.013567     0.25484     0.96689],-8.936363321612859,-33.74767825412049,1.737960120674869,0.311244642318906,0.3151703524438971,33.5,2.3755357681094,7.0911515465952215,1.17668059883732
frame_268,0,255,1,1,False,False,True,5.4054857002314245,True,True,[],[     0.2955     0.29371     0.90907],-26.221351826826925,67.37005459226683,1.259078059173896,0.2810234989741672,0.2803516775646517,33.5,5.397650102583285,16.112388365920253,2.0546051112058783
frame_268,0,127,6,1,False,False,True,3.1436083544400155,True,True,[],[  -0.029447     0.26932      0.9626],-8.79848370946105,-33.85406414519935,1.6703016429747568,0.3112459995446622,0.3147554819033916,33.5,2.375400045533782,7.090746404578454,1.181488537311717
frame_269,0,255,1,1,False,False,True,5.397294444977454,True,True,[],[    0.29122     0.28997     0.91165],-32.22099771017869,68.26144193994331,1.2609948619613451,0.277361530287636,0.2776641401574609,33.5,5.763846971236402,17.205513346974335,2.053370626697528
frame_269,0,127,6,1,False,False,True,3.195089128228222,True,True,[],[  -0.018094     0.26039     0.96533],-8.08469590208761,-33.69323730182857,1.7223584210757217,0.312084264139821,0.3155189052767708,33.5,2.291573586017898,6.840518167217606,1.1860122157503448
frame_270,0,255,1,1,False,False,True,5.241775758546634,True,True,[],[    0.29392     0.28721     0.91166],-33.33522968887338,68.03248058163119,1.9112341961906163,0.2708473156426835,0.2725787386117716,33.5,6.415268435731653,19.150055032034786,2.052915722298689
frame_270,0,127,6,1,False,False,True,3.2048777224788942,True,True,[],[  -0.029341     0.26693     0.96327],-8.351958622173708,-33.937612558765096,1.6710138045317726,0.3117440853863577,0.3157493100159583,33.5,2.325591461364229,6.9420640637738185,1.1892420880517256
frame_271,0,255,1,1,False,False,True,5.231565595446363,True,True,[],[    0.26302       0.223     0.93866],-36.41062062288576,64.86609891300989,2.5000325677716466,0.2694109144399131,0.2726371028585872,33.5,6.558908556008686,19.57883151047369,2.050961220442359
frame_271,0,127,6,1,False,False,True,3.2019607115245874,True,True,[],[  -0.040237     0.27713     0.95999],-8.361324153190083,-34.031140477682854,1.5930420647449568,0.3160687030647297,0.3187474437091305,33.5,1.8931296935270288,5.65113341351352,1.193087381029221
frame_272,0,255,1,1,False,False,True,5.011353520029605,True,True,[],[    0.27171     0.22467     0.93579],47.88546948339653,-115.65559504011912,2.5607451155760304,0.2412962579499111,0.236913042331222,33.5,9.370374205008886,27.97126628360861,2.0407823640823364
frame_273,0,255,6,1,False,False,True,3.2736317951771605,True,True,[],[  -0.041107     0.27162     0.96153],-7.621817349205709,-34.06543658839975,1.67040496174625,0.3145606112347343,0.3171800322386356,33.5,2.0439388765265685,6.101310079183786,1.2015354542833805
frame_273,0,127,1,1,False,False,True,4.899999754163013,True,True,[],[    0.26536      0.2126     0.94042],70.02186244311922,38.711967650865,2.429572088798377,2.320431922773455,2.329904302860724,33.5,198.54319227734555,592.6662456040165,1.9801928223521277
frame_274,0,255,1,1,False,False,True,4.682080749033512,True,True,[],[     0.2864     0.23922     0.92776],51.62549414400581,-123.17234510536984,2.489203265205937,0.3013005068130834,0.2816549228809822,33.5,3.3699493186916616,10.059550205049735,2.0354171317595022
frame_275,0,255,6,1,False,False,True,3.2000235664919536,True,True,[],[  -0.066322     0.29477     0.95326],-7.959640919159671,-33.48034718807235,1.7611155445671534,0.3109821552348058,0.3140041603379553,33.5,2.40178447651942,7.1695059000579695,1.2071458727362578
frame_275,0,127,1,1,False,False,True,4.566037378681261,True,True,[],[    0.30024     0.23891     0.92346],52.14149571794864,-125.09216998960989,1.2719756368439032,0.298089607897708,0.2658690653474994,33.5,3.691039210229202,11.018027493221496,2.029750503827391
frame_276,0,255,6,1,False,False,True,3.2874580051203695,True,True,[],[  -0.042726     0.27767     0.95972],-6.964665400448402,-32.628019832136545,1.7522844701980942,0.3124892930741822,0.3137509702502139,33.5,2.2510706925817803,6.719614007706806,1.2117686988163137
frame_276,0,127,1,1,False,False,True,4.615189805921392,True,True,[],[    0.28907     0.23069      0.9291],57.54178015246503,-125.6501630253396,2.368891191039373,0.2862908044408947,0.2842822039364757,33.5,4.87091955591053,14.540058375852327,2.02428056131016
frame_277,0,255,1,1,False,False,True,4.505276938288476,True,True,[],[    0.30085     0.23584     0.92405],57.86787874530062,-128.02191074488798,1.3395452632191405,0.264032174985076,0.2645168517037746,33.5,7.096782501492399,21.18442537758925,2.020412445791388
frame_278,0,255,6,1,False,False,True,3.3319577496059583,True,True,[],[  -0.051327     0.25616     0.96527],-6.699096346935756,-31.96805377038523,1.769103582310664,0.3113511423003522,0.3132565762249267,33.5,2.364885769964781,7.059360507357555,1.2182879408112082
frame_278,0,127,1,1,False,False,True,4.457001975532562,True,True,[],[    0.27132     0.20936     0.93944],57.06793756968173,-129.62732013849237,2.4760860439860664,0.266144176896105,0.2662125548414906,33.5,6.885582310389498,20.5539770459388,2.0072298005153315
frame_279,0,255,6,1,False,False,True,3.349757974686261,True,True,[],[  -0.063344     0.25708     0.96431],-6.67715962708159,-31.816917509064854,1.7524102717079366,0.3142591963165367,0.3136004252380406,33.5,2.0740803683463263,6.191284681630824,1.220942108645226
frame_279,0,127,1,1,False,False,True,4.517240840472137,True,True,[],[    0.28092     0.21396     0.93558],69.63385424981759,37.319679815388994,2.482057463701701,2.4030747756768114,2.37677655571979,33.5,206.80747756768116,617.3357539333765,1.9478587462418957
frame_280,0,255,6,1,False,False,True,3.341855135850547,True,True,[],[  -0.061176     0.25011     0.96628],54.625747007590086,136.40865678087084,1.86826601702164,1.2427434377045987,1.2799567060711252,33.5,90.77434377045988,270.9681903595817,1.2342983803707606
frame_280,0,127,1,1,False,False,True,4.366665983325762,True,True,[],[    0.28205     0.21618     0.93473],64.45440817718045,-124.4889212497788,2.2160790333927136,0.2413529481352541,0.2378336284993067,33.5,9.364705186474591,27.954343840222663,1.9816002778517892
frame_281,0,255,6,1,False,False,True,3.3491690435572457,True,True,[],[  -0.055472     0.24433      0.9681],-6.0312167920906585,-32.12127463946794,1.9005383185236264,0.3130372438750922,0.3150815088197931,33.5,2.196275612490778,6.556046604450083,1.2254004627031132
frame_281,0,127,1,1,False,False,True,4.4482759903637765,True,True,[],[     0.2136     0.15733     0.96417],61.88200341087398,-124.51289618445408,2.4416434890921708,0.264276148878209,0.2381821639320747,33.5,7.072385112179097,21.11159734978835,1.9774695892203868
frame_282,0,255,6,1,False,False,True,3.380743476199094,True,True,[],[  -0.044411     0.23352     0.97134],-5.708176773749337,-32.40689157574368,1.935452273978246,0.3002744727113174,0.303535214470747,33.5,3.472552728868256,10.365829041397776,1.2287170774025904
frame_282,0,127,1,1,False,False,True,4.3268610415802184,True,True,[],[    0.26976     0.21336     0.93899],62.66467006863375,-126.7875201777914,1.0563881542865183,0.2667181058735324,0.2662512129518068,33.5,6.828189412646762,20.382654963124665,1.9808645149804256
frame_283,0,255,1,1,False,False,True,4.1175674910319,True,True,[],[    0.29861     0.23388     0.92527],67.7323537569218,37.8789833177516,2.2549149882989576,2.0133936173781457,2.0074122096567777,33.5,167.83936173781458,501.01302011287936,1.9382136332233777
frame_284,0,255,1,1,False,False,True,4.114831749876157,True,True,[],[    0.24802     0.20677     0.94643],68.63476171038862,-132.58642657112165,1.6350464106998832,0.291912675216589,0.2897106564161381,33.5,4.308732478341098,12.861887995048054,1.9493075350231772
frame_285,0,255,1,1,False,False,True,3.7030622480106676,True,True,[],[    0.28563     0.22803     0.93082],69.07083790476838,38.90126677134522,1.8955263237060391,1.894433482128555,1.8850062299380488,33.5,155.94334821285548,465.50253197867306,1.921018883218906
frame_286,0,255,6,1,False,False,True,3.5613011054651444,True,True,[],[  -0.021907     0.21236     0.97695],-4.129100352613671,-34.15665039722885,1.9776857089849085,0.3059424095752929,0.3041941357201362,33.5,2.9057590424707067,8.673907589464797,1.2400705808274866
frame_286,0,127,1,1,False,False,True,3.4819276699145365,True,True,[],[    0.29351     0.22582      0.9289],80.71597110777884,20.45603596566861,2.175711839729881,0.4858964026304466,0.561200543546887,33.5,15.089640263044664,45.04370227774526,1.9402838452341875
frame_287,0,255,6,1,False,False,True,3.5757011826975327,False,True,[],[   -0.01848     0.20905     0.97773],-1.0,-1.0,-1.0,-1.0,0.937807100440324,33.5,,,1.2495360432136304
frame_287,0,127,1,1,False,False,True,3.1312804862827726,True,True,[],[    0.22317     0.20113      0.9538],78.41698715163537,-145.4858066150899,1.0360338306950765,0.2758947943312424,0.2781761698068366,33.5,5.91052056687576,17.643344975748537,1.9313334354295133
frame_288,0,255,1,1,False,False,True,3.0827819744807643,True,True,[],[    0.27325     0.20797     0.93919],79.83483634355163,-153.73782559410094,1.9125343432916115,0.2799049626308847,0.2803921381077801,33.5,5.5095037369115305,16.44627981167621,1.9238291852040723
frame_289,0,255,1,1,False,False,True,2.9923953499433624,True,True,[],[    0.25152     0.21019     0.94475],72.75807235667163,43.12702860834738,1.1194198206871726,1.1189822897400146,1.1085230797867789,33.5,78.39822897400146,234.0245641014969,1.9519293001927565
frame_290,0,255,6,1,False,False,True,3.685749098967031,True,True,[],[ -0.0045873     0.20159     0.97946],78.79389012124983,95.1954741324592,1.9835885264311304,1.983377046717443,2.139032538136448,33.5,164.8377046717443,492.05284976640087,1.3738755445593671
frame_290,0,127,1,1,False,False,True,2.7939298336749485,True,True,[],[    0.24542     0.20988     0.94643],82.54235364253216,-172.90358456659712,1.089751445544664,0.2854353749760028,0.2892147696610739,33.5,4.956462502399722,14.795410454924545,1.9096284646943145
frame_291,0,255,6,1,False,False,True,3.5548773998506595,True,True,[],[  -0.026799     0.21786     0.97561],56.24096247776754,135.5342035153245,1.9191208233721968,1.344820907973123,1.251418866400431,33.5,100.98209079731232,301.43907700690244,1.269007220601231
frame_291,0,127,1,1,False,False,True,2.673553463946948,True,True,[],[    0.28051     0.22051     0.93418],82.46266409333768,170.92943879006694,2.072748010965455,0.2695934038173817,0.2742070312788786,33.5,6.540659618261829,19.52435706943829,1.8954717920672508
frame_292,0,255,1,1,False,False,True,2.3681819053808795,True,True,[],[    0.27225     0.22656     0.93518],83.03891232914347,154.35213444760998,1.9662051290230904,0.2778511227015086,0.2776883964514937,33.5,5.714887729849144,17.059366357758638,1.8877530709709835
frame_293,0,255,1,1,False,False,True,2.2592593553146485,True,True,[],[    0.26967      0.2227     0.93685],82.72467556005608,116.0597345675212,1.6297707733347928,0.2927285177006935,0.2755055627813087,33.5,4.227148229930649,12.618352925166118,1.8714731506967317
frame_294,0,255,1,1,False,False,True,2.1789473008045066,True,True,[],[    0.25972     0.20803     0.94301],81.61344036966295,125.37500314477498,1.1316870740843614,0.288519972871285,0.2848486419208156,33.5,4.648002712871496,13.87463496379551,1.8804738918940227
frame_295,0,255,1,1,False,False,True,2.111111111111111,True,True,[],[    0.25948     0.20825     0.94303],80.47903554416526,114.72004160747176,1.7993173690726505,0.3543378476548857,0.3292908251106529,33.5,1.933784765488572,5.772491837279319,1.8724632236122944
frame_296,0,255,1,1,False,False,True,1.962962962962963,True,True,[],[    0.25044     0.21996     0.94281],78.66916542457957,103.0871086893531,1.883672733492371,0.3816583424622102,0.3219651329618541,33.5,4.665834246221018,13.927863421555278,1.8732802159858477
frame_297,0,255,1,1,False,False,True,1.8148148148148149,True,True,[],[    0.23964     0.22116     0.94534],71.33891706889436,44.26235598579406,2.090053582727746,1.496010435672136,1.3921993248145914,33.5,116.1010435672136,346.57027930511526,1.921511716419651
frame_298,0,255,1,1,False,False,True,1.7407407407407407,True,False,[],[    0.22015     0.21897     0.95057],76.0457013939874,92.86543538357826,1.5132728125500785,0.2953754886917945,0.2968853382899352,33.5,3.962451130820549,11.828212330807608,1.8476036265005475
frame_299,0,255,1,1,False,False,True,1.6071428571428572,True,False,[],[    0.23979     0.22285      0.9449],70.82482740514239,43.11176982186447,1.3750531438699725,1.3753524227939826,1.3334694929307678,33.5,104.03524227939826,310.5529620280545,1.9109339190004475
frame_300,0,255,1,1,False,False,True,1.4827586206896552,True,False,[],[    0.25975     0.21278     0.94194],74.58654181733056,92.23524637937788,2.216531301779806,0.2742478869907399,0.2670039852554186,33.5,6.075211300926014,18.134959107241837,1.839135577398188
frame_301,0,255,1,1,False,False,True,1.3448275862068966,True,False,[],[    0.26629     0.21915     0.93865],71.90962009457098,83.16865790770106,2.015592091101133,0.3047937283045272,0.2812649810292708,33.5,3.0206271695472795,9.016797521036656,1.8078862936563893
frame_302,0,255,1,1,False,False,True,1.1935483870967742,True,False,[],[    0.24547     0.23069     0.94156],51.61452062916523,66.4772910728984,1.5485927193867,0.1494436330199289,0.1478020201639071,33.5,18.55563669800711,55.38996029255854,1.7749392010286724
frame_303,0,255,1,1,False,False,True,1.064516129032258,True,False,[],[    0.26958     0.22363     0.93665],48.135048616009065,68.7806828264759,1.8518240243410573,0.1786234683053849,0.1184874805073788,33.5,15.637653169461514,46.67956169988511,1.7780448606467196
frame_304,0,255,1,1,False,False,True,1.064516129032258,True,False,[],[    0.26944     0.22146     0.93721],44.61825252731288,65.91184963815577,2.1296299731114483,0.15474009806302,0.1354919633517801,33.5,18.025990193698,53.80892595133732,1.7733736588584883
frame_305,0,255,1,1,False,False,True,1.0430107601101657,True,False,[],[    0.27179     0.22944      0.9346],46.74120124625553,58.24355567685238,2.075736444641976,0.2180964918301342,0.2081401920499827,33.5,11.690350816986578,34.89656960294501,1.7805753819689245
frame_306,0,255,1,1,False,False,True,1.44,True,False,[],[    0.28799     0.23019     0.92956],53.448513850582856,54.859678823904446,2.0824834520557003,0.3391480367624471,0.3207526440876097,33.5,0.4148036762447071,1.238219929088678,1.7855733439787709
frame_307,0,255,1,1,False,False,True,1.48,True,False,[],[    0.27662     0.22455     0.93438],62.22089126813587,35.7269841618035,2.0915434964329025,0.5450940067227426,0.5105426652612177,33.5,21.009400672274253,62.71462887246045,1.8045089346827663
frame_308,0,255,6,1,False,False,True,3.2640248843029873,True,True,[],[  -0.086319      0.2597     0.96182],-6.320721029398341,-32.270435700277915,1.9502306778311524,0.3126588188091219,0.3182627103292047,33.5,2.234118119087808,6.669009310709874,1.3021952557270358
frame_308,0,127,1,1,False,False,True,1.9583332815022048,True,True,[],[     0.2932     0.22962     0.92807],49.42066856290505,43.3500178772935,2.15372921252749,0.3450790122209937,0.2699462579765392,33.5,1.0079012220993666,3.008660364475721,1.7871640817496226
frame_309,0,255,1,1,False,False,True,2.0542635271153675,True,True,[],[    0.30315     0.22917     0.92498],67.49948280475749,36.741552333117816,2.19629720978845,2.196496227728676,2.18302768336683,33.5,186.1496227728676,555.6705157399033,1.801934122697672
frame_310,0,255,1,1,False,False,True,1.9666664508748022,True,True,[],[    0.29629     0.22649     0.92785],47.13645214898317,36.84177530215639,2.15456838122228,0.2231232614371545,0.2075830156954421,33.5,11.187673856284547,33.39604136204343,1.7981828204262569
frame_311,0,255,1,1,False,False,True,1.9677420730203161,True,True,[],[    0.29736     0.22809     0.92712],44.79727368273809,32.2373120129733,2.164498996708448,0.2154907432333228,0.1819174059050166,33.5,11.950925676667715,35.67440500497826,1.7952680496334512
frame_312,0,255,1,1,False,False,True,1.9393940285641444,True,True,[],[    0.29158     0.22685     0.92926],43.23555237265009,36.3944485447752,2.136109246384062,0.2341137043503338,0.1962805364725988,33.5,10.088629564966617,30.115312134228702,1.7920240760722237
frame_313,0,255,6,1,False,False,True,3.2068282858403947,True,True,[],[   -0.10181     0.27185     0.95694],-8.049634830558526,-31.662551148512183,1.8877026263527312,0.3119918744166309,0.3160823075536031,33.5,2.3008125583369066,6.868097189065393,1.317482400435766
frame_313,0,127,1,1,False,False,True,2.0671378714174424,True,True,[],[    0.28758       0.226     0.93071],42.163666875146376,31.3282607450264,2.3656298102559195,0.2543253063804185,0.2236590748912231,33.5,8.067469361958151,24.081998095397463,1.8036295607404889
frame_314,0,255,1,1,False,False,True,1.9234449849996953,True,True,[],[      0.287      0.2305     0.92978],38.27272394183791,31.11378562116701,2.131411598097272,0.1979576216319456,0.1730407095581232,33.5,13.704237836805438,40.908172647180415,1.7964680849707229
frame_315,0,255,6,1,False,False,True,3.203336798616984,True,True,[],[   -0.10067     0.26485     0.95902],-7.973591235332254,-31.492713387320848,1.9102429187979737,0.3062593574230625,0.3118811868289142,33.5,2.874064257693748,8.579296291623129,1.3252263984968808
frame_315,0,127,1,1,False,False,True,2.0313724880162063,True,True,[],[    0.29139     0.23288     0.92782],39.86103115692121,31.418357651855224,1.965431890334015,0.1959695637860801,0.1979929972670721,33.5,13.903043621391992,41.501622750423856,1.7943664112191569
frame_316,0,255,6,1,False,False,True,3.168050667844681,True,True,[],[   -0.11026     0.26754     0.95722],-8.521453549368623,-31.389261630952262,1.8374335576430143,0.3063340644958525,0.3123860157267381,33.5,2.8665935504147533,8.55699567287986,1.3281215563737734
frame_316,0,127,1,1,False,False,True,2.2156863480726026,True,True,[],[    0.31203     0.23545     0.92044],37.38575207566368,33.724573844866896,2.30480689888458,0.2659495471750557,0.2285007326172005,33.5,6.905045282494432,20.61207547013263,1.7990699761357658
frame_317,0,255,6,1,False,False,True,3.1771481354028404,True,True,[],[   -0.13381     0.28152     0.95018],-8.920318792535358,-31.22694855893428,1.8076837706972335,0.3073379833543045,0.3131381114789445,33.5,2.7662016645695453,8.257318401700136,1.3296563496333147
frame_317,0,127,1,1,False,False,True,2.329896953959802,True,True,[],[    0.28898     0.23322     0.92849],66.71365969560587,37.14422056165121,2.362915609608024,2.182507888594791,2.0915714997921904,33.5,184.7507888594791,551.494892117848,1.8344004382343253
frame_318,0,255,1,1,False,False,True,2.353658665685575,True,True,[],[    0.30466     0.22995     0.92429],34.19453063292128,34.53518909468375,1.5825925502954707,0.2165367903711941,0.2158167709760756,33.5,11.846320962880592,35.36215212800177,1.8000691168616263
frame_319,0,255,1,1,False,False,True,2.404392699482643,True,True,[],[    0.29415      0.2424     0.92451],32.5257110838339,33.92982198817928,1.4548544278625175,0.238154220799202,0.2383594317224187,33.5,9.684577920079802,28.90918782113373,1.7932415696042538
frame_320,0,255,6,1,False,False,True,3.1061949311912693,True,True,[],[  -0.098879     0.26504     0.95915],-11.645592369831352,-31.83790688691561,1.9362548927021477,0.3116331412762394,0.3161998392508371,33.5,2.3366858723760595,6.975181708585253,1.3377330450099607
frame_320,0,127,1,1,False,False,True,2.568578612276613,True,True,[],[    0.28833     0.23434     0.92841],35.00802035858413,32.53503678947428,1.5184240692932855,0.2301948718658912,0.2460378884135915,33.5,10.480512813410876,31.28511287585336,1.7965415151713726
frame_321,0,255,6,1,False,False,True,3.139092631181561,True,True,[],[   -0.12887     0.28199     0.95072],-10.106610511366927,-31.83475414452866,1.8410254940261863,0.3084340017777114,0.3139159703138449,33.5,2.656599822228861,7.930148723071227,1.342235086737107
frame_322,0,255,1,1,False,False,True,2.644194862882345,True,True,[],[    0.32027     0.23773     0.91701],42.14447300498778,29.481396532859726,2.4202644912207965,0.3020066031161916,0.2933352194718693,33.5,3.299339688380837,9.848775189196529,1.7997010219222824
frame_322,0,127,6,1,False,False,True,3.0900367125823225,True,True,[],[   -0.11395     0.27586     0.95442],-9.692260027774504,-31.85770059527805,1.9059103461428797,0.3094336376060652,0.3129718431202912,33.5,2.556636239393484,7.631749968338758,1.3465780729818455
frame_323,0,255,1,1,False,False,True,2.6833333771676577,True,True,[],[    0.27974     0.22446     0.93347],29.817396923805514,30.443274346724078,2.15639245233836,0.2295680061808931,0.2230905697919613,33.5,10.54319938191069,31.47223696092743,1.7926523868207889
frame_323,0,127,6,1,False,False,True,3.1096709034256884,True,True,[],[   -0.11366     0.27228     0.95548],-10.16192062662188,-31.996920814170025,1.876946691167101,0.3103491090380298,0.3150846260205149,33.5,2.465089096197015,7.35847491402094,1.3493857062207066
frame_324,0,255,1,1,False,False,True,2.602094677007152,True,True,[],[    0.31859     0.23399     0.91856],30.228572195773005,28.23952407497328,2.325543881111255,0.2454725141304035,0.2525398050711951,33.5,8.952748586959652,26.72462264764075,1.7931025453548337
frame_324,0,127,6,1,False,False,True,3.0744531852702583,True,True,[],[   -0.12108      0.2746      0.9539],-11.694956876297873,-32.38382538043973,1.9071142301586412,0.3119937237622012,0.3155533661154919,33.5,2.300627623779877,6.867545145611572,1.3520230314773662
frame_325,0,255,6,1,False,False,True,3.059172332830778,True,True,[],[   -0.12123     0.27752     0.95304],-12.353549831059398,-32.72594690114854,1.8992210255911255,0.3109324099586723,0.3171219171026941,33.5,2.4067590041327747,7.184355236217238,1.35454180430522
frame_326,0,255,6,1,False,False,True,3.0691148279149987,True,True,[],[    -0.1498     0.29237      0.9445],-13.188446300478187,-32.834009288417164,1.72567986142337,0.3114475187919447,0.3182783114300903,33.5,2.355248120805531,7.030591405389644,1.3559028010370473
frame_328,0,255,6,1,False,False,True,3.064991344280756,True,True,[],[   -0.12449     0.27541     0.95323],-12.233339976093497,-32.5445949043381,1.9049405824616863,0.3101355869180394,0.3159731383691129,33.5,2.4864413081960635,7.422212860286756,1.3619631585237142
frame_328,0,127,1,1,False,False,True,2.8585858726619287,True,True,[],[    0.28895     0.23916     0.92699],30.21284096800326,15.18583953815978,1.391356033646285,0.3095890393453067,0.3094571676577543,33.5,2.541096065469333,7.585361389460697,1.7989293132509503
frame_329,0,255,1,1,False,False,True,2.769596061162208,True,True,[],[    0.28183     0.24382     0.92797],22.27429566564054,14.828301920672796,1.2438286801171294,0.2562103139938685,0.2723326995902538,33.5,7.878968600613151,23.519309255561645,1.7922110060039067
frame_330,0,255,1,1,False,False,True,2.81048143022464,True,True,[],[    0.30092     0.25147     0.91989],28.31819204458942,17.58590898680883,1.3671152294131952,0.2912796800154493,0.304613210408566,33.5,4.372031998455067,13.050841786433034,1.7961256223354154
frame_331,0,255,6,1,False,False,True,3.0352331312165837,True,True,[],[   -0.10212     0.26984     0.95747],-11.919066369761252,-32.363284251887045,1.8986379344058708,0.3050572194888671,0.3111364632842486,33.5,2.994278051113286,8.938143436159063,1.3686253522557492
frame_331,0,127,1,1,False,False,True,3.038171241919217,True,True,[],[    0.32878     0.24637      0.9117],17.53672290133664,23.645004984432823,1.2771605807561204,0.2330052687929797,0.2365994987025724,33.5,10.199473120702024,30.44618842000604,1.7868646198713238
frame_332,0,255,1,1,False,False,True,3.211936561296734,True,True,[],[    0.31376     0.26624     0.91141],14.657056585901229,28.444988187393765,1.2317909030092296,0.2143707171329142,0.2074274176583811,33.5,12.06292828670858,36.00874115435397,1.7848960237903195
frame_337,0,255,6,1,False,False,True,3.059164716347249,True,True,[],[  -0.097996     0.27344     0.95688],-12.90340981130733,-32.87029509900728,1.9003317353012124,0.3145509303088613,0.3180794081572848,33.5,2.044906969113869,6.1041999078025935,1.3755252803887397
frame_339,0,255,6,1,False,False,True,3.1185847735275605,True,True,[],[   -0.10852     0.27125     0.95637],-12.36604538502893,-32.54228988121153,1.88196160370989,0.312597823988713,0.3177498475609041,33.5,2.2402176011287023,6.687216719787172,1.3750156217016654
frame_339,0,127,1,1,False,False,True,3.882927100538797,True,True,[],[    0.28723     0.25333     0.92375],14.077560942709562,32.04721686828613,1.5020763602231162,0.29409622846156,0.291862469697958,33.5,4.090377153843999,12.210081056250743,1.7898791396591862
frame_340,0,255,6,1,False,False,True,3.1191284557926466,True,True,[],[   -0.12572     0.27923     0.95196],-12.609005463060065,-32.336712098182915,1.785825919422291,0.3113111373008779,0.3170301814582544,33.5,2.3688862699122124,7.071302298245411,1.3748122417723625
frame_340,0,127,1,1,False,False,True,4.0510496749904386,True,True,[],[    0.30987     0.26432      0.9133],11.25576945064178,35.64079868128624,1.5607830563783978,0.2602449871441059,0.2596825611741064,33.5,7.475501285589408,22.31492921071465,1.78704998080951
frame_341,0,255,6,1,False,False,True,3.099834104442567,True,True,[],[   -0.10028     0.26634     0.95865],-12.212623058670578,-32.28026441328339,1.8892505415037053,0.3132602408916404,0.3178005446420254,33.5,2.173975910835962,6.48948033085362,1.3741136814932218
frame_341,0,127,1,1,False,False,True,4.16499137692408,True,True,[],[    0.30326     0.27493     0.91239],10.291104538401648,36.05007495240283,1.531355726094584,0.2990815314673672,0.2998652633703088,33.5,3.5918468532632755,10.721930905263507,1.7865080376476534
frame_342,0,255,6,1,False,False,True,3.152109392458917,True,True,[],[  -0.098879      0.2644     0.95933],-11.296599742893028,-32.13043024398176,1.880577116055361,0.3118760528461112,0.3148058572341016,33.5,2.312394715388882,6.90267079220562,1.3724611767829202
frame_342,0,127,1,1,False,False,True,4.227932201545701,True,True,[],[    0.29607     0.26409     0.91793],10.56442506080668,39.548071479627424,1.579302542388881,0.267477084619803,0.2635033812623649,33.5,6.7522915380197,20.15609414334239,1.7889912170320827
frame_343,0,255,6,1,False,False,True,3.1252215160843306,True,True,[],[  -0.070821     0.25555      0.9642],-10.936416127383549,-32.24619624446843,1.894380056678983,0.3124546151585166,0.3162201227624073,33.5,2.2545384841483385,6.729965624323399,1.372523301874374
frame_344,0,255,6,1,False,False,True,3.12641591832984,True,True,[],[  -0.090489     0.26174     0.96089],-10.388504999146056,-32.01658209683773,1.8537757150084797,0.3124126106508915,0.3167599120721591,33.5,2.2587389349108533,6.74250428331598,1.3729965437168448
frame_345,0,255,1,1,False,False,True,4.36304339916672,True,True,[],[    0.29505     0.26973     0.91662],9.430924795742678,36.417263250274445,1.4062572498753172,0.298771450235098,0.296196665581232,33.5,3.6228549764902023,10.814492467134937,1.7880270118619832
frame_345,0,127,6,1,False,False,True,3.151083193295545,True,True,[],[  -0.091128     0.26309     0.96046],-11.108172765434412,-32.38860693975017,1.897369045487756,0.3158024270421238,0.3196108153184962,33.5,1.9197572957876217,5.730618793395887,1.3719146093468608
frame_347,0,255,1,1,False,False,True,4.355089388989429,True,True,[],[    0.24567      0.2529     0.93578],8.460920900837344,34.17512483019261,1.4292229033196038,0.298423975313744,0.2961293492101727,33.5,3.657602468625604,10.918216324255534,1.789500969143237
frame_348,0,255,6,1,False,False,True,3.155675830998514,True,True,[],[   -0.12427     0.27944     0.95209],-7.706143321774371,-32.59415289219323,1.882140979668033,0.315127878845154,0.3213819441302579,33.5,1.9872121154846043,5.931976464133148,1.369141843987515
frame_349,0,255,1,1,False,False,True,4.098129541021341,True,True,[],[    0.23428     0.25954     0.93688],8.670079159831214,33.25421608237974,1.4856586312194566,0.2993272590977547,0.2990031137289351,33.5,3.5672740902245312,10.648579373804573,1.7867275865626908
frame_350,0,255,6,1,False,False,True,3.1325759254781125,True,True,[],[   -0.10104     0.27191       0.957],-7.831428996179435,-33.07215535576592,1.869264506828368,0.3156564662093825,0.3219581840848563,33.5,1.9343533790617484,5.7741891912291,1.3672994789139254
frame_350,0,127,1,1,False,False,True,4.009091200654795,True,True,[],[    0.25611      0.2795     0.92536],9.523193390851212,33.573278420579825,1.5348723465839438,0.2998624754255939,0.300106205143371,33.5,3.5137524574406056,10.488813305792853,1.78652295696788
frame_351,0,255,6,1,False,False,True,3.201524160233889,True,True,[],[   -0.12607     0.28941     0.94887],-7.551652244239196,-33.62151261832317,1.8735423038793568,0.316392408934961,0.3222450657792411,33.5,1.8607591065039009,5.554504795534032,1.366755028518162
frame_351,0,127,1,1,False,False,True,4.047050509472199,True,True,[],[    0.26414     0.27513     0.92441],10.34405682386556,35.64611091000067,1.534872218172301,0.3019419361560252,0.3024443634582521,33.5,3.305806384397475,9.868078759395448,1.7861469269959016
frame_352,0,255,6,1,False,False,True,3.1903180444957013,True,True,[],[    -0.1237     0.28682     0.94996],-6.427883099761685,-33.646014120437414,1.86325314718985,0.3114731370596522,0.3184294745348673,33.5,2.3526862940347835,7.022944161297861,1.367097449902859
frame_352,0,127,1,1,False,False,True,4.072077788347994,True,True,[],[    0.25596     0.27641     0.92633],7.536926889553276,35.87113911229366,1.4938122705950267,0.2997699418305493,0.3017012767443406,33.5,3.5230058169450738,10.516435274462909,1.7826156123760943
frame_353,0,255,6,1,False,False,True,3.2553309299696505,True,True,[],[   -0.09715     0.27245     0.95725],-6.56996343879116,-34.199077668821026,1.8872911606309568,0.3141369105353098,0.3206161922342814,33.5,2.086308946469023,6.227787899907531,1.3649843153768353
frame_353,0,127,1,1,False,False,True,4.082924321650162,True,True,[],[    0.26544     0.28703     0.92041],6.325038709647176,37.041682381910256,1.441437961412295,0.2933924825170455,0.2947702131322908,33.5,4.160751748295449,12.420154472523729,1.7811349268321628
frame_354,0,255,6,1,False,False,True,3.249315880073345,True,True,[],[   -0.10453     0.28269      0.9535],-6.686158025638155,-33.86572581563621,1.8737975011404664,0.3166686947551342,0.3237080094162448,33.5,1.8331305244865812,5.472031416377855,1.361545082811634
frame_354,0,127,1,1,False,False,True,4.180360935791955,True,True,[],[    0.24663     0.27929     0.92799],11.16138794988267,38.81954922916926,1.4741325673360588,0.3004125440233147,0.3012194040046668,33.5,3.4587455976685275,10.324613724383664,1.7863795125040247
frame_355,0,255,6,1,False,False,True,3.222600974229737,True,True,[],[  -0.098454     0.27613     0.95607],-5.984971069051889,-33.76978347493709,1.8966245801326973,0.3189189348209255,0.3248580501087063,33.5,1.6081065179074538,4.800317963902848,1.3590080115102952
frame_355,0,127,1,1,False,False,True,4.155443791763425,True,True,[],[    0.23477     0.28019     0.93079],5.337676736308518,38.90167464571322,1.4515197878548218,0.3010096477627428,0.300783321283079,33.5,3.399035223725716,10.146373802166316,1.779341456335207
frame_356,0,255,6,1,False,False,True,3.2411879537948494,True,True,[],[   -0.10147     0.28012     0.95459],-5.717708436725272,-33.4980517667179,1.8720646608392209,0.3208503466407391,0.3259710199454796,33.5,1.414965335926094,4.223777122167444,1.3561980250917394
frame_356,0,127,1,1,False,False,True,4.379645333820317,True,True,[],[    0.23153      0.2827     0.93085],7.779243385418097,38.66902879170534,1.437902506682368,0.3016840504992178,0.3031389853406425,33.5,3.331594950078215,9.945059552472284,1.7812673288501784
frame_357,0,255,6,1,False,False,True,3.2840645296754163,True,True,[],[   -0.13154     0.29507     0.94638],-5.310301830194268,-32.991791821413386,1.7427491900914134,0.3212402295362033,0.3289305311368699,33.5,1.3759770463796672,4.107394168297515,1.352047931928576
frame_357,0,127,1,1,False,False,True,4.591121321782873,True,True,[],[    0.20499     0.26789     0.94139],6.007797540601433,37.92609887596626,1.488788832936561,0.3090637067485166,0.2931857496435461,33.5,2.593629325148339,7.742177089995042,1.7759317214148385
frame_358,0,255,6,1,False,False,True,3.285952697840702,True,True,[],[   -0.11952     0.28795     0.95016],-4.797834344455544,-32.927469699763044,1.7721160985764812,0.3172107024243749,0.3224134231012239,33.5,1.7789297575625085,5.310238082276145,1.350571275858626
frame_358,0,127,1,1,False,False,True,4.772321497152284,True,True,[],[    0.24013     0.28948     0.92657],4.634568847374034,36.56876480663301,1.4944808840443486,0.302166805371288,0.2973344094887302,33.5,3.283319462871198,9.800953620511038,1.7722774317396004
frame_359,0,255,6,1,False,False,True,3.299330734075845,True,True,[],[    -0.1453     0.30011     0.94277],-3.8177290823672743,-32.66693709936101,1.7009044090607512,0.3192107126087666,0.324786384485116,33.5,1.578928739123342,4.713220116786095,1.3474696712273166
frame_359,0,127,1,1,False,False,True,4.490608441810633,True,True,[],[    0.23465     0.28241     0.93015],7.9642132710782,35.55446106201739,1.4130159755335818,0.3046277580040337,0.297611104908063,33.5,3.037224199596628,9.06634089431829,1.7712160186981087
frame_360,0,255,6,1,False,False,True,3.3458128919153016,True,True,[],[   -0.12755     0.29278     0.94763],-4.172033507795521,-32.87762595477886,1.800002673263704,0.3208384545294817,0.3256686490455677,33.5,1.4161545470518344,4.227327006124878,1.3460070467842042
frame_360,0,127,1,1,False,False,True,4.4311701505914005,True,True,[],[    0.22163     0.27427     0.93576],12.847359615680334,34.5371937923974,1.510973012644471,0.3375999746756866,0.309845651723431,33.5,0.2599974675686567,0.7761118434885276,1.7696198586314524
frame_361,0,255,6,1,False,False,True,3.3360482347303546,True,True,[],[   -0.12772     0.29104     0.94815],-2.8675234838787533,-32.403288078292015,1.896906035446316,0.3201548083056769,0.3259946588965089,33.5,1.4845191694323134,4.431400505768099,1.3452127044180011
frame_362,0,255,6,1,False,False,True,3.3567582126789537,True,True,[],[   -0.13489     0.29473     0.94601],-2.283341839130573,-32.1428188435846,1.7450283659432546,0.3187811509176037,0.3237297659395276,33.5,1.6218849082396292,4.841447487282475,1.3412850064992905
frame_363,0,255,6,1,False,False,True,3.39803391634137,True,True,[],[  -0.093796     0.27018     0.95823],-1.6264739003301525,-31.83894452144325,1.8849481430667097,0.3199691037841534,0.3262050477171692,33.5,1.503089621584658,4.486834691297486,1.3406689566840355
frame_364,0,255,1,1,False,False,True,4.215663745288431,True,True,[],[     0.2102     0.26771     0.94029],12.711211231017389,31.497935395145,1.5134582143974156,0.2839810746006169,0.2747413368642882,33.5,5.101892539938308,15.229529969965098,1.758565310916585
frame_364,0,127,6,1,False,False,True,3.3325355184797134,True,True,[],[   -0.11345     0.28078     0.95304],-2.141182907000601,-32.156667198602285,1.908507488010192,0.3221777552960452,0.3284360049520275,33.5,1.2822244703954822,3.827535732523827,1.3357375356802206
frame_365,0,255,1,1,False,False,True,4.133178029257672,True,True,[],[    0.19676     0.26276     0.94459],9.667130650381504,31.2712356549272,1.4992930554660686,0.2695650871006561,0.2663167650842779,33.5,6.543491289934394,19.532809820699683,1.7559757154152105
frame_365,0,127,6,1,False,False,True,3.355136941760707,True,True,[],[    -0.1167     0.28268     0.95209],-0.2267847698808522,-32.15789485671376,1.9018115414914711,0.3218549720369839,0.3270354831084912,33.5,1.3145027963016087,3.9238889441839055,1.3349915494177684
frame_366,0,255,1,1,False,False,True,4.179310250862677,True,True,[],[    0.19587     0.26921     0.94295],8.093237510722041,32.59227377633999,1.520593134963245,0.2677705268337518,0.2646792061006375,33.5,6.722947316624822,20.06849945261141,1.75153441235006
frame_366,0,127,6,1,False,False,True,3.3231032202773516,True,True,[],[   -0.10258     0.27577     0.95573],-0.6216601303054011,-32.43384290022285,1.838504651016999,0.3220685244636948,0.3272371858573368,33.5,1.2931475536305193,3.860141951135879,1.3323750682145237
frame_367,0,255,1,1,False,False,True,4.3535350293649735,True,True,[],[    0.21148     0.27704      0.9373],10.222233651654436,34.82464462849248,1.5430059154606444,0.2770262341050259,0.267996532425248,33.5,5.797376589497411,17.305601759693765,1.752929774735325
frame_367,0,127,6,1,False,False,True,3.3064669209906428,True,True,[],[   -0.10628     0.28436     0.95281],-0.5522267783724221,-32.6398887676959,1.8226208102645824,0.317588506506152,0.3251372242221053,33.5,1.7411493493847965,5.197460744432228,1.3288676626706442
frame_368,0,255,1,1,False,False,True,4.239339703968893,True,True,[],[    0.20936     0.27509     0.93835],11.195077439087251,36.49059417327684,1.5103145999662948,0.2733175006034067,0.2699518039390078,33.5,6.168249939659326,18.412686387042765,1.7541852490494891
frame_368,0,127,6,1,False,False,True,3.3008032381317443,True,True,[],[  -0.097086     0.28024     0.95501],-0.9397471246035146,-32.81154190294374,1.8401772672766064,0.3197392876213394,0.3254266986440712,33.5,1.5260712378660557,4.5554365309434495,1.3245648892077242
frame_369,0,255,1,1,False,False,True,4.209125157782571,True,True,[],[    0.22536     0.29137     0.92969],13.176023755564204,38.07719269143083,1.50758744703669,0.2784402638866206,0.277584481161931,33.5,5.655973611337944,16.883503317426698,1.7552274612826295
frame_369,0,127,6,1,False,False,True,3.317273823018978,True,True,[],[   -0.12852     0.29488     0.94685],-0.7084795280873218,-32.77021057884766,1.7508946885679304,0.3200001416662685,0.3281293068017423,33.5,1.4999858333731464,4.477569651860139,1.322529766076518
frame_370,0,255,1,1,False,False,True,4.381944191233558,True,True,[],[      0.225     0.29283     0.92931],11.646739942767324,39.54506082020604,1.501371611692936,0.2881061975580946,0.2816172299523826,33.5,4.689380244190539,13.998149982658326,1.756396187094316
frame_370,0,127,6,1,False,False,True,3.3083906036153827,True,True,[],[   -0.12955     0.29999     0.94511],-0.1322139850801103,-32.743670599264775,1.758516228173956,0.3189483074522097,0.3284644650533783,33.5,1.605169254779032,4.791550014265767,1.3200197253287425
frame_371,0,255,1,1,False,False,True,4.347403015905465,True,True,[],[    0.19951     0.28651     0.93708],11.076273494538574,40.91756463650695,1.5198430893407515,0.2725856806115341,0.2668117397047637,33.5,6.241431938846592,18.631140115959976,1.7519021444282643
frame_371,0,127,6,1,False,False,True,3.3422985507850047,True,True,[],[   -0.15244     0.30806     0.93908],-0.6399057435959935,-32.430452548946654,1.567955906388745,0.3205184168090737,0.3284543738767528,33.5,1.4481583190926297,4.322860654007849,1.3176086997033674
frame_372,0,255,1,1,False,False,True,4.556363797064366,True,True,[],[    0.21445     0.30365     0.92833],9.639897269850954,42.19473701773602,1.5057646752106275,0.2702440177162603,0.2685280540804131,33.5,6.475598228373975,19.330143965295445,1.751836090541801
frame_372,0,127,6,1,False,False,True,3.3375312758610503,True,True,[],[   -0.13233     0.29824     0.94527],0.9146702517788204,-32.075168726091654,1.5520734527772209,0.3177663662242516,0.3282189477930621,33.5,1.7233633775748436,5.14436829126819,1.3153975888767204
frame_373,0,255,6,1,False,False,True,3.3659965608597466,True,True,[],[    -0.1362     0.30076     0.94393],69.34461468555553,119.63621743462062,1.5202392241132927,1.5116509956638902,1.5275911957092851,33.5,117.66509956638902,351.2391031832508,1.3720592294837797
frame_374,0,255,6,1,False,False,True,3.356201303151768,True,True,[],[    -0.1223      0.2955     0.94748],-0.2862366357349181,-32.06603176092251,1.6423329398878588,0.316192887399393,0.3265596779309859,33.5,1.8807112600606968,5.614063462867751,1.3106025295055643
frame_375,0,255,6,1,False,False,True,3.295443890928961,True,True,[],[   -0.12642      0.2958     0.94685],0.1918201195995121,-31.53832294401039,1.5176554638124975,0.3141715494630668,0.3241218894822767,33.5,2.0828450536933216,6.217447921472602,1.3073808306783237
frame_376,0,255,1,1,False,False,True,4.572638799520627,True,True,[],[    0.18791     0.29728     0.93612],8.784909112420111,41.08985917427248,1.511256679867384,0.3320966215391004,0.3191160610070144,33.5,0.2903378460899553,0.8666801375819562,1.7546179115142622
frame_376,0,127,6,1,False,False,True,3.2951498530735024,True,True,[],[   -0.13068     0.29369     0.94693],-7.439967216536641,-34.81881295215972,1.5386538546040738,0.4719247034533578,0.3207353617023791,33.5,13.692470345335778,40.87304580697247,1.3064550104375028
frame_377,0,255,1,1,False,False,True,4.596960983008918,True,True,[],[    0.18744     0.29499     0.93693],6.961119120948621,41.75055363707482,1.5321328710857591,0.3115495671047141,0.3050496702333455,33.5,2.345043289528592,7.00012922247341,1.7515392266197014
frame_377,0,127,6,1,False,False,True,3.2858450109094295,True,True,[],[   -0.13804     0.30352     0.94277],0.2726430724955805,-31.22031165261776,1.539496165662284,0.3104886415335173,0.3231827529125465,33.5,2.451135846648272,7.316823422830663,1.3027974193361889
frame_378,0,255,1,1,False,False,True,4.825064821964368,True,True,[],[    0.20214     0.31705     0.92662],7.707825204261002,42.98118507406805,1.5015673748749792,0.275413924199788,0.2697793468932791,33.5,5.958607580021202,17.78688829857075,1.751062613604709
frame_378,0,127,6,1,False,False,True,3.282644125028735,True,True,[],[   -0.13024     0.29354     0.94703],0.6912373761119797,-31.017733570734872,1.5847153753211125,0.3072859375554642,0.3174220437540112,33.5,2.7714062444535834,8.272854461055474,1.300114328776333
frame_379,0,255,1,1,False,False,True,4.625577759305015,True,True,[],[    0.20645     0.31913     0.92495],9.107087427888352,43.08728992952906,1.4577820142259006,0.2670647515426201,0.2632876460242983,33.5,6.793524845737986,20.27917864399399,1.7559779411984018
frame_379,0,127,6,1,False,False,True,3.2850500660480204,True,True,[],[     -0.135     0.29788     0.94501],1.203641185814603,-30.437555288323622,1.5610144089008686,0.3037091623931722,0.3160426004472692,33.5,3.129083760682777,9.340548539351571,1.2979270572292194
frame_380,0,255,1,1,False,False,True,4.461039314122879,True,True,[],[    0.18974     0.30448     0.93343],6.835631156180776,42.68383277737544,1.4952136445584772,0.2638999371734608,0.2626334655255085,33.5,7.110006282653919,21.22389935120573,1.751764698568003
frame_380,0,127,6,1,False,False,True,3.34086763906054,True,True,[],[   -0.14104     0.29988     0.94349],0.8563100831888404,-30.461328487715107,1.5623513740742685,0.3077088367080778,0.3178164185760725,33.5,2.7291163291922214,8.146615908036482,1.2968773875528945
frame_381,0,255,1,1,False,False,True,4.183564511618848,True,True,[],[    0.18408     0.30163     0.93549],6.884358277672243,42.8981972275816,1.9121034171886424,0.2645062327474337,0.2639353518624222,33.5,7.049376725256634,21.042915597781,1.75123425914213
frame_381,0,127,6,1,False,False,True,3.442081216987198,True,True,[],[   -0.15592     0.30761     0.93865],0.750385031562706,-30.48159578369777,1.5764758500439775,0.3156757049925374,0.3233880351268398,33.5,1.9324295007462575,5.768446270884351,1.2949794730651727
frame_382,0,255,1,1,False,True,False,4.096077636948205,True,False,[6],[     0.1887     0.30581      0.9332],67.79250274509697,56.613573762353816,1.9522906615858877,1.804238301339642,1.7841004577505604,33.5,146.92383013396423,438.57859741481866,1.83925432263798
frame_382,0,127,6,1,False,True,True,3.6318780813503153,True,False,[1],[   -0.13113     0.29326       0.947],0.7785613269952412,-30.667471620738933,1.5999550310450714,0.3186203222745143,0.3260478712912598,33.5,1.6379677725485708,4.88945603745842,1.294228541860102
frame_383,0,255,1,1,False,True,False,4.0517235702383,True,False,[6],[    0.17653     0.30207      0.9368],68.52320607838146,58.23028801928453,1.9476325618063164,1.9436172879127245,1.9439813138066944,33.5,160.86172879127244,480.1842650485744,1.8507358136288885
frame_383,0,127,6,1,False,True,True,3.567023172779296,True,False,[1],[   -0.13065     0.28778     0.94874],-0.547092897707477,-31.23765463760476,1.5170001473762775,0.3191794824547658,0.3270195887995194,33.5,1.5820517545234225,4.722542550816187,1.2912880877840982
frame_384,0,255,1,1,False,True,False,3.905128599849404,True,False,[6],[    0.16184     0.30186     0.93951],8.369611268198692,43.138608181920986,1.933297374738208,0.2990757755931575,0.3002105422728425,33.5,3.592422440684251,10.723649076669409,1.7562286908123037
frame_384,0,127,6,1,False,True,True,3.50195369094112,True,False,[1],[   -0.11941     0.28774     0.95023],-1.1666289562843553,-31.097329488836493,1.5522743041992275,0.3169980028914733,0.3253155301115828,33.5,1.800199710852668,5.373730480157217,1.2886693670646785
frame_385,0,255,1,1,False,True,False,4.613605237137501,True,False,[6],[    0.17614     0.31568     0.93237],10.174081720991945,43.80321942475378,1.4939305350385983,0.2740992498839632,0.2727042557599961,33.5,6.09007501160368,18.17932839284681,1.753722851303134
frame_385,0,127,6,1,False,True,True,3.5088854488303647,True,False,[1],[   -0.10975     0.27613     0.95483],-0.8011094871017459,-31.08887394989073,1.498822895869169,0.3181852219243519,0.3240425893215186,33.5,1.6814778075648074,5.019336738999424,1.2882720126564051
frame_386,0,255,1,1,False,True,False,4.818017846743696,True,False,[6],[    0.13585     0.29917     0.94448],70.58982729578427,64.81262079045925,1.936851894891308,1.936080978402972,1.934717153948146,33.5,160.10809784029718,477.9346204187975,1.8167944438512933
frame_386,0,127,6,1,False,True,True,3.4775105307590986,True,False,[1],[   -0.10326     0.27509     0.95586],-0.7701510483483036,-30.865292585286674,1.5749420525044855,0.3068246384079945,0.3178749563513858,33.5,2.8175361592005457,8.410555699106107,1.2858553821765286
frame_387,0,255,1,1,False,True,False,4.781906153153537,True,False,[6],[     0.1507     0.31688     0.93642],9.235313872146666,44.79087592138209,1.877532831810789,0.2764553031081902,0.2654404604489478,33.5,5.85446968918098,17.476028922928297,1.7513126421893197
frame_387,0,127,6,1,False,True,True,3.2813064403762664,True,False,[1],[   -0.12406      0.2837     0.95085],-1.1453274370419384,-31.29428850711164,1.521969631866227,0.3158971394201384,0.3247954298495404,33.5,1.91028605798616,5.702346441749731,1.2842276548524754
frame_388,0,255,1,1,False,True,False,4.261159862077353,True,False,[6],[    0.10909     0.28654     0.95184],72.08483088019007,67.91430898326674,1.9344509678659263,1.73751284807902,1.7122461738116168,33.5,140.251284807902,418.6605516653791,1.739439096779659
frame_388,0,127,6,1,False,True,True,3.3539454792434475,True,False,[1],[   -0.10923     0.27945     0.95393],-0.9159482419071614,-30.93836590214389,1.5154489508660165,0.3159153004003879,0.3242251551762248,33.5,1.908469959961212,5.696925253615558,1.2820329399753163
frame_389,0,255,1,1,False,False,True,1.0789474278538875,True,False,[],[   0.025761     0.20198     0.97905],7.921855532549955,42.60652977116604,1.917328843264264,0.2978256889854788,0.2966367465732555,33.5,3.717431101452124,11.09680925806604,1.7474961651516665
frame_390,0,255,6,1,False,False,True,1.9276429157160433,True,True,[],[  -0.049442     0.20058     0.97843],-2.1081868325055693,-30.93155825905553,1.9430315430423275,0.315239699660173,0.3238745790926048,33.5,1.9760300339826955,5.898597116366255,1.280343106560475
frame_391,0,255,6,1,False,False,True,3.1804083371950016,True,True,[],[   -0.12072     0.28266     0.95159],-1.952057947987264,-30.956796709367243,1.9553690994311128,0.3100291534314574,0.3196219695865327,33.5,2.497084656854259,7.453984050311221,1.278403929672706
frame_392,0,255,1,1,False,True,False,2.6952378189197743,True,False,[6],[  -0.081533     0.20099      0.9762],1.7308668499477584,54.66678945934471,1.9535620709686312,0.1616849394018177,0.1579019239582492,33.5,17.33150605981823,51.73583898453204,1.7322885193459516
frame_392,0,127,6,1,False,True,True,3.227021212486605,True,False,[1],[   -0.12057     0.28398     0.95122],-2.443604550797612,-30.785712513250616,1.952776880784967,0.3169364525312536,0.3242416649646497,33.5,1.8063547468746444,5.392103722013864,1.2772334676186825
frame_393,0,255,1,1,False,False,True,2.717365428884771,True,True,[],[  -0.073643     0.25124     0.96512],2.817494883265266,53.81722571480636,1.88835273253348,0.1703839302216335,0.1665858693339988,33.5,16.46160697783665,49.13912530697508,1.7344390460512458
frame_394,0,255,6,1,False,True,True,3.240866428306352,True,False,[1],[   -0.12926     0.28264     0.95048],-3.755095649343624,-31.110200886398065,1.975391384635545,0.3167349563658745,0.3219832884210699,33.5,1.8265043634125453,5.452251831082226,1.2743707791797891
frame_394,0,127,1,1,False,True,False,2.8650693335962227,True,False,[6],[    -0.1113     0.17666     0.97796],-2.3011064593590818,51.1440592570127,1.944066065304841,0.1797445160172207,0.1752767654887393,33.5,15.525548398277923,46.344920591874406,1.7295255517579062
frame_395,0,255,1,1,False,False,True,2.9188597793314575,True,True,[],[  -0.061022     0.25062     0.96616],0.213024503748937,50.41464886854399,1.7983381247415866,0.1895348842632818,0.187633461929448,33.5,14.546511573671816,43.42242260797557,1.7226452742205909
frame_396,0,255,1,1,False,False,True,3.028388475302886,True,True,[],[  -0.064245      0.2329     0.97038],3.091526351226089,49.89770439700013,1.815274226184982,0.1956993118762446,0.1941100322818403,33.5,13.930068812375534,41.58229496231503,1.7196821409538026
frame_397,0,255,6,1,False,True,True,3.191890663830336,True,False,[1],[   -0.10423     0.27535     0.95568],-4.4325000739648575,-31.385523870445308,1.969456459822018,0.3165488390545104,0.3244480640157035,33.5,1.84511609454896,5.507809237459582,1.270851237783439
frame_397,0,127,1,1,False,True,False,3.051562251350017,True,False,[6],[  -0.013983     0.27611     0.96102],2.520033074032494,48.92020711060487,1.5482993564172636,0.2009404362809128,0.2010686994779341,33.5,13.40595637190872,40.0177802146529,1.7167923836236847
frame_398,0,255,6,1,False,True,True,3.183729051298066,True,False,[1],[   -0.12426       0.288     0.94953],-4.214098338888057,-31.69222162220385,1.9122208361842168,0.3140518979945927,0.3227075115252947,33.5,2.094810200540731,6.253164777733525,1.271042185967717
frame_398,0,127,1,1,False,True,False,3.195121787546308,True,False,[6],[  -0.054461     0.27936     0.95864],1.6325843915413274,46.57839517314843,1.7289079542525465,0.2097037172743523,0.2088218103010322,33.5,12.529628272564764,37.40187544049184,1.7138013801209733
frame_399,0,255,6,1,False,True,True,3.223959883599371,True,False,[1],[  -0.089236     0.26289     0.96069],-6.131781051898297,-32.09661669320262,1.9285704364967085,0.3187649137702394,0.3275848030262138,33.5,1.6235086229760554,4.846294396943448,1.2683289630226993
frame_399,0,127,1,1,False,True,False,3.3046707678786222,True,False,[6],[   -0.10756     0.25939     0.95976],0.1179274804323252,44.17855945930113,1.752884125102107,0.2146248969726093,0.2146834430383315,33.5,12.037510302739069,35.932866575340505,1.7121101657473996
frame_400,0,255,6,1,False,True,True,3.200634714230202,True,False,[1],[   -0.11394     0.27963     0.95332],-5.738569710283439,-32.29083268780147,1.926406382002684,0.3161594377921405,0.3241293257827211,33.5,1.8840562207859517,5.624048420256571,1.2673724213409006
frame_400,0,127,1,1,False,True,False,3.506097908784424,True,False,[6],,4.606369603514959,43.53634870984716,-1.0,0.2269371642920671,0.2252538727731099,33.5,10.80628357079329,32.257562897890416,1.7139649360607832
frame_401,0,255,6,1,False,True,True,3.176811837517137,True,False,[1],[   -0.08644     0.27177     0.95847],-4.81981719151955,-32.51465576016513,1.8807827979050225,0.3119476032427694,0.3214162047583705,33.5,2.3052396757230644,6.881312464844969,1.2676439331766622
frame_401,0,127,1,1,False,True,False,3.6783921199916354,True,False,[6],[   -0.10925     0.21816     0.96978],10.87136918494565,42.7904249149534,1.8203204868618508,0.2373923751655675,0.2370121647904267,33.5,9.760762483443248,29.1366044281888,1.7200235660528502
frame_402,0,255,6,1,False,True,True,3.1786464208889282,True,False,[1],[  -0.087941     0.26687     0.95971],-6.740070655316369,-32.75549034718773,1.9605850045343416,0.3132522032209701,0.3227320732716329,33.5,2.1747796779029938,6.491879635531325,1.26545107009506
frame_402,0,127,1,1,False,True,False,3.6439315792711353,True,False,[6],[ -0.0033844     0.28544     0.95839],8.581424219799965,40.88186246367058,1.952530227122236,0.2444513614283102,0.2423759570356927,33.5,9.054863857168971,27.02944434975813,1.7162751865713564
frame_403,0,255,6,1,False,True,True,3.1340348449514295,True,False,[1],[  -0.089527     0.27028     0.95861],-6.801101878495347,-33.30379565144618,1.926296097340033,0.3093948983089447,0.3194767187414224,33.5,2.5605101691055343,7.643313937628461,1.2658269677305511
frame_403,0,127,1,1,False,True,False,3.760664876571009,True,False,[6],[  -0.063232     0.26156     0.96311],4.155259212127582,38.62499445174667,1.9641171507342223,0.2531801309560046,0.2519013787796236,33.5,8.18198690439954,24.423841505670268,1.7121137199995795
frame_404,0,255,6,1,False,False,True,3.139590955482479,True,True,[],[  -0.082245      0.2635     0.96115],-7.182497541537723,-33.45909883663461,1.915827562631345,0.3154140821300886,0.3212195831993698,33.5,1.9585917869911371,5.846542647734738,1.2649324455488635
frame_405,0,255,1,1,False,False,True,3.7063104971272187,True,True,[],[  -0.047913     0.28155     0.95835],9.558414520969912,38.23090324379963,1.525936830450527,0.2624600037898866,0.2612577728748471,33.5,7.253999621011337,21.65373021197414,1.7159917067645605
frame_405,0,127,6,1,False,False,True,3.1403444436187256,True,True,[],[  -0.078983     0.27051     0.95947],-7.121047239453097,-33.09978056849243,1.974657948426224,0.3106562479110285,0.3216796829394798,33.5,2.434375208897149,7.2667916683497,1.2641752198395166
frame_407,0,255,1,1,False,False,True,3.960840088281562,True,True,[],[   -0.03257     0.28495     0.95799],8.268869070399022,37.77754795361931,1.5423247695864448,0.270517414488083,0.2674475595454063,33.5,6.448258551191705,19.248532988631958,1.7134561670475266
frame_411,0,255,1,1,False,False,True,4.234170787721341,True,True,[],[  -0.093788     0.28109     0.95509],10.942400779751956,42.04181358397475,1.5464439104251215,0.2801124267393174,0.2720610783413018,33.5,5.488757326068256,16.38435022706942,1.719121072152806
frame_411,0,127,6,1,False,False,True,3.1127741846421952,True,True,[],[   -0.11898     0.29035      0.9495],58.18855815763993,121.99567148791124,1.7452459578489272,1.0535718533187703,0.983453575852962,33.5,71.85718533187703,214.49906069217027,1.2740925594746848
frame_412,0,255,1,1,False,False,True,4.347781178619964,True,True,[],[  -0.071256     0.29379     0.95321],9.31644111975214,41.43164730224915,1.8894221935892288,0.2767913670927066,0.2759055091809977,33.5,5.820863290729345,17.375711315609983,1.714719044294197
frame_412,0,127,6,1,False,False,True,3.0845890204844046,True,True,[],[   -0.14687     0.30096     0.94226],67.24944281083071,116.30235407176332,1.5533158255997146,1.363801742649028,1.2990989394102266,33.5,102.88017426490282,307.10499780568006,1.2927572922857538
frame_413,0,255,1,1,False,False,True,4.209325571310858,True,True,[],[   -0.10018     0.27755     0.95547],8.490966736414705,41.35071290313035,1.9440786565264097,0.2806771997450574,0.2782324960485843,33.5,5.432280025494257,16.21576127013211,1.7160021115270296
frame_413,0,127,6,1,False,False,True,3.1857613300107523,True,True,[],[   -0.10929      0.2842     0.95252],69.87620753945811,111.94022568056636,1.7410895348152609,1.398365857680471,1.3909610841865847,33.5,106.3365857680471,317.4226440837227,1.2937216270906189
frame_414,0,255,1,1,False,False,True,4.223629316564862,True,True,[],[  -0.089455     0.28065     0.95563],9.164011812858536,42.04452226108211,1.5052239242784446,0.2768101259697619,0.2756464082497429,33.5,5.818987403023806,17.370111650817332,1.7156299110030144
frame_414,0,127,6,1,False,False,True,3.202790964337853,True,True,[],[   -0.13598     0.29174     0.94678],68.4520141191623,114.1950025509928,1.9725084155527075,1.3822702143372128,1.3652498970181106,33.5,104.72702143372128,312.6179744290187,1.29295163063287
frame_415,0,255,1,1,False,False,True,4.178597702322191,True,True,[],[  -0.044368     0.30458     0.95145],9.878576709221722,43.40947459614325,1.5696974700267197,0.2745308521549907,0.2730649412804476,33.5,6.046914784500928,18.05049189403262,1.7164266518972056
frame_416,0,255,6,1,False,False,True,3.0830778665463527,True,True,[],[   -0.14381     0.29585     0.94435],-2.8294266068361957,-30.23923832085228,1.7296048731412852,0.3028327160768287,0.3104796941769325,33.5,3.2167283923171306,9.60217430542427,1.2572904357454653
frame_416,0,127,1,1,False,False,True,4.200486456453631,True,True,[],[  -0.047464     0.31291      0.9486],10.91168730157214,44.61825585871465,1.5607946085605222,0.2749890854035698,0.2735782763255457,33.5,6.001091459643021,17.91370584968066,1.718488646132074
frame_417,0,255,6,1,False,False,True,3.1798146175037894,True,True,[],[   -0.15357      0.3075     0.93908],-2.0777889289800817,-30.405278687590314,1.5005886220006353,0.3062801054322996,0.3147445979596657,33.5,2.8719894567700357,8.573102856029955,1.2566058494503942
frame_417,0,127,1,1,False,False,True,4.153646648765941,True,True,[],[  -0.072561     0.31136     0.94752],8.594991321891586,45.03560279711838,1.45077185119026,0.2727800495374129,0.2712988517681719,33.5,6.221995046258705,18.573119541070763,1.716160981850305
frame_418,0,255,6,1,False,False,True,3.196928850354923,False,True,[],[  -0.076428     0.26468      0.9613],-1.0,-1.0,-1.0,-1.0,0.3055227171182749,33.5,,,1.2607828742792486
frame_418,0,127,1,1,False,False,True,4.11627945927822,True,True,[],[  -0.088244     0.30494     0.94827],11.413512152988382,47.72467486421719,1.4759720108457894,0.2735255294905844,0.2722367848269328,33.5,6.147447050941563,18.35058821176586,1.7185058275008585
frame_419,0,255,6,1,False,False,True,3.1821799092627985,True,True,[],[   -0.10458       0.276     0.95545],71.3045723402415,117.53073534840723,1.66794920698016,1.462632877303104,1.4946084755349798,33.5,112.7632877303104,336.6068290457027,1.306311672148002
frame_419,0,127,1,1,False,False,True,4.1325348367907955,True,True,[],[   -0.11335     0.29326     0.94929],11.332579017257446,48.789541863824304,1.5719961702836742,0.2719355103693012,0.2713104664637679,33.5,6.306448963069883,18.825220785283232,1.7186370273966254
frame_420,0,255,6,1,False,False,True,3.1229234767208625,True,True,[],[   -0.17918     0.31692     0.93137],-1.513674306859454,-30.19675687281673,1.5589286628998538,0.2975754260087836,0.3049907821385704,33.5,3.742457399121641,11.171514624243702,1.2564975077307472
frame_420,0,127,1,1,False,False,True,4.069767525014451,True,True,[],[   -0.13399     0.27805     0.95118],10.89347154434973,49.245205967903495,1.5498239737716328,0.2688014150360375,0.2670146708888964,33.5,6.619858496396253,19.76077163103359,1.7169380147506128
frame_421,0,255,1,1,False,False,True,4.093023104094418,True,True,[],[  -0.093426     0.30248     0.94857],12.228171288219617,49.55885242325179,1.58567806324689,0.2733425680485161,0.2720682850098713,33.5,6.165743195148393,18.405203567607145,1.7178224340990305
frame_422,0,255,6,1,False,False,True,3.35049208499805,True,True,[],[   -0.12869     0.28251     0.95059],64.38328428145726,121.43781817399758,1.4728157710128396,0.9750191001269964,1.1186634112320657,33.5,64.00191001269964,191.05047764984965,1.2766798856644437
frame_422,0,127,1,1,False,False,True,4.166666334843855,True,True,[],[   -0.13916     0.27758     0.95057],8.856572238601052,48.084990356242784,1.5775801436523955,0.2689666851842301,0.2656679386178148,33.5,6.603331481576985,19.711437258438764,1.7153932540985997
frame_423,0,255,6,1,False,False,True,3.2676897185900966,True,True,[],[   -0.16633     0.30973     0.93616],56.69827745214749,128.9144972411357,1.4830052375994434,0.8610249932878709,0.943586174419667,33.5,52.60249932878709,157.02238605608088,1.278334149412605
frame_423,0,127,1,1,False,False,True,4.142856785038996,True,True,[],[   -0.15552      0.2725      0.9495],10.89400598594081,48.5856603721361,1.5520417444129564,0.2707968751180081,0.268360667424268,33.5,6.420312488199192,19.165111905072216,1.7176292484027174
frame_424,0,255,1,1,False,False,True,4.166666334843855,True,True,[],[   -0.16563     0.27045     0.94838],16.35225968411184,50.10554608171427,1.53631322127687,0.2776501376024623,0.2762036043660644,33.5,5.73498623975377,17.119361909712747,1.7167456350745736
frame_425,0,255,6,1,False,False,True,3.1922817128872203,True,True,[],[   -0.13267     0.29368     0.94665],-5.022595656059235,-30.438150197539183,1.5173851849861977,0.30656626443615,0.3187259778201133,33.5,2.843373556385004,8.487682257865682,1.247787424454884
frame_425,0,127,1,1,False,False,True,4.127607222460994,True,True,[],[   -0.13973     0.28559     0.94811],14.597336849441373,49.00715041812888,1.478025014686564,0.2715156420146205,0.2698367319606538,33.5,6.348435798537949,18.95055462250134,1.717346646427329
frame_426,0,255,1,1,False,False,True,3.9838710274136298,True,True,[],[   -0.13593     0.28774     0.94801],12.96082041750322,48.47081156547372,1.5747061868301968,0.2686109694999252,0.2656113289886821,33.5,6.638903050007477,19.81762104479844,1.713045215302236
frame_427,0,255,1,1,False,False,True,4.041969890705205,True,True,[],[   -0.12947     0.29898     0.94544],15.83205457912019,49.72065864273026,1.5221548899100112,0.2734278783142271,0.271474209891434,33.5,6.157212168577287,18.379737816648618,1.7149273979506303
frame_428,0,255,1,1,False,False,True,3.923274109815961,True,True,[],[   -0.13401     0.30116     0.94411],13.681489308668452,48.51712429734915,1.5399288839294334,0.2745300192992909,0.2739475384608523,33.5,6.046998070070914,18.05074050767437,1.7113728234480168
frame_429,0,255,1,1,False,False,True,4.068784853933099,True,True,[],[   -0.12565     0.30746     0.94323],14.932330579705742,50.120352113246746,1.5836870660969584,0.2700810010886797,0.2706376575011583,33.5,6.491899891132031,19.37880564517024,1.7107094347707883
frame_430,0,255,6,1,False,False,True,3.1550454897858278,False,True,[],[   -0.11233     0.27624      0.9545],-1.0,-1.0,-1.0,-1.0,1.0318399369284843,33.5,,,1.2506177726568175
frame_430,0,127,1,1,False,False,True,3.8469582294572473,True,True,[],[   -0.12265     0.30498     0.94443],16.541520542499242,51.42331533276312,1.5671607093872704,0.2675276822668072,0.2687445595838585,33.5,6.747231773319279,20.14099036811725,1.709372114337666
frame_431,0,255,1,1,False,False,True,3.9333332614027117,True,True,[],[   -0.13162     0.30758     0.94237],19.29718324761594,52.680501224399954,1.5914508827470393,0.2723146055016478,0.2719693555034768,33.5,6.26853944983522,18.71205805920961,1.7101744696886645
frame_432,0,255,1,1,False,False,True,4.034835215193289,True,True,[],[   -0.16343     0.29321     0.94198],19.22497016785755,50.761040451058896,1.6184112750937902,0.2955983358712852,0.2953984794070297,33.5,3.940166412871476,11.761690784690977,1.7078014632199434
frame_433,0,255,6,1,False,False,True,3.1619278055539826,True,True,[],[   -0.16813      0.3144     0.93428],-4.063107577105265,-29.178944913489453,1.4607165911204525,0.3107408091158277,0.3177662826240273,33.5,2.425919088417233,7.241549517663381,1.2379296259465715
frame_433,0,127,1,1,False,False,True,4.1308298571217925,True,True,[],[   -0.14625     0.30973     0.93951],19.53511655347648,50.355462297523104,1.6099572523875052,0.2963520000743287,0.2953309901832374,33.5,3.8647999925671295,11.536716395722776,1.7074468128891436
frame_434,0,255,1,1,False,False,True,3.956675176823005,True,True,[],[   -0.16306     0.29408     0.94177],21.81963260124424,50.060941328935776,1.6111624037320562,0.2940651278474057,0.2930245996446333,33.5,4.093487215259428,12.219364821669934,1.7045127088227523
frame_435,0,255,1,1,False,False,True,3.9649120073917765,True,True,[],[   -0.14967     0.29826     0.94268],23.315677413266076,49.35565777451068,1.6175043741225696,0.2957511761859306,0.2974350540859363,33.5,3.924882381406941,11.716066810169972,1.701302356342984
frame_436,0,255,6,1,False,False,True,2.9850788553030134,True,True,[],[   0.023136     0.17417     0.98444],-3.818838693346552,-29.349310443758533,1.625445331965156,0.3197322579686189,0.3218490690493556,33.5,1.5267742031381093,4.557534934740625,1.234422208783884
frame_436,0,127,1,1,False,False,True,3.8641092666467,True,True,[],[   -0.14567     0.29215     0.94521],25.678987493154835,50.14260174736978,1.6206060255232138,0.2621999266693393,0.2630751627135798,33.5,7.280007333066068,21.73136517333155,1.6957058340536926
frame_437,0,255,1,1,False,False,True,3.8781035615481443,True,True,[],[   -0.16188     0.28631     0.94436],28.41555979170273,47.37462110142712,1.6268389753507322,0.2891415585600284,0.2960367325345607,33.5,4.585844143997159,13.689086997006443,1.6966645781834369
frame_438,0,255,6,1,False,False,True,3.257171082294269,True,True,[],[  -0.020364     0.24382     0.96961],75.80416620081688,103.60327044010197,2.0015533537533674,1.7505530178808195,1.299028782308196,33.5,141.55530178808198,422.5531396659163,1.2783235237227466
frame_438,0,127,1,1,False,False,True,4.076699581818554,True,True,[],[   -0.14816     0.28553     0.94685],29.10511635246362,46.251866982862445,1.5441703186002171,0.2641443530880377,0.2650252919384555,33.5,7.085564691196228,21.15093937670516,1.6920417280551978
frame_439,0,255,6,1,False,False,True,3.2678912125836104,True,True,[],[  0.0014039     0.23378     0.97229],77.06317699493464,97.78190720698512,1.9441865996357863,1.943125145850899,1.8502098201710155,33.5,160.81251458508987,480.0373569704175,1.28040558055994
frame_439,0,127,1,1,False,False,True,3.8914726719771533,True,True,[],[    -0.1706     0.27565       0.946],33.8955503509153,45.62532212498574,1.6095253675872756,0.2704859670868637,0.2742203378843166,33.5,6.4514032913136345,19.25792027257801,1.694667895993601
frame_440,0,255,6,1,False,False,True,3.2401370678325168,True,True,[],[  -0.028417     0.24459     0.96921],-2.843485934845576,-29.97400267287039,1.9939020904715952,0.3062683292863931,0.3209111880333073,33.5,2.8731670713606885,8.576618123464742,1.2288444130500993
frame_440,0,127,1,1,False,False,True,4.001678218903299,True,True,[],[   -0.16582     0.26643     0.94948],35.620442817114295,43.358482256940086,1.6679043362689698,0.2517821437085084,0.2527404949907951,33.5,8.321785629149165,24.841151131788557,1.6840993064212753
frame_441,0,255,6,1,False,False,True,3.298645173417668,True,True,[],[  -0.011082     0.24069     0.97054],77.45682992663168,79.00604593684552,1.86240906600286,1.7972630348160343,1.763549175853564,33.5,146.22630348160342,436.4964283032938,1.2833759840238694
frame_441,0,127,1,1,False,False,True,4.035026230133942,True,True,[],[   -0.16685      0.2645     0.94984],38.11148867245702,40.39090904998406,1.6457282193280027,0.2532506423322017,0.2584246592420799,33.5,8.174935766779829,24.40279333367113,1.6856783761782614
frame_442,0,255,6,1,False,False,True,3.2521508098531866,True,True,[],[  -0.073514     0.27422     0.95885],-4.254689138104236,-30.275908187868197,1.85335125611641,0.3096551909611498,0.3221620169613304,33.5,2.5344809038850222,7.565614638462753,1.2247031648615934
frame_442,0,127,1,1,False,False,True,4.012121482252101,True,True,[],[   -0.17566     0.25249     0.95152],40.715390228298055,36.18955695200192,1.6413702218127404,0.2732434436119542,0.2723882666717802,33.5,6.175655638804583,18.434792951655474,1.681124179730556
frame_443,0,255,6,1,False,False,True,3.0425170633588996,True,True,[],[  -0.027537     0.24141     0.97003],70.48428441768387,108.4695018720478,1.9348832966511804,1.3828997495145825,1.0649799580925463,33.5,104.78997495145823,312.80589537748733,1.2402281112511782
frame_443,0,127,1,1,False,False,True,3.9023843858194533,True,True,[],[   -0.23647     0.25381      0.9379],41.60554161644525,31.322598906560724,1.5098933031511408,0.299829081433673,0.2982850939711338,33.5,3.517091856632698,10.498781661590142,1.680838273894509
frame_444,0,255,6,1,False,False,True,3.2796288347727454,True,True,[],[ -0.0009264     0.23592     0.97177],-4.323230589345903,-29.72922743638965,1.889971708976833,0.3067963788317335,0.3190169984308527,33.5,2.8203621168266526,8.418991393512396,1.223183869839377
frame_444,0,127,1,1,False,False,True,3.986147689508479,True,True,[],[   -0.21173     0.24787     0.94537],42.31014815956647,27.87220949843818,1.5108597797061185,0.3013971198386064,0.3034319915269726,33.5,3.3602880161393625,10.030710495938395,1.677298864411237
frame_445,0,255,1,1,False,False,True,3.87029726269707,True,True,[],[   -0.21223     0.23544     0.94844],46.4780031716039,29.556917990814007,1.64090215058858,0.2591913491391656,0.2643600632729954,33.5,7.580865086083438,22.62944801815952,1.6737533993707725
frame_446,0,255,6,1,False,False,True,3.262566227214597,True,True,[],[  -0.049773     0.27223     0.96094],-1.1411324267244054,-30.992377960026943,1.8888865270137232,0.3100846724758372,0.3127217063985287,33.5,2.491532752416276,7.437411201242614,1.221995010157507
frame_447,0,255,6,1,False,False,True,3.2761078445826226,True,True,[],[  -0.025411     0.24931     0.96809],-4.135404445509318,-30.565227116104936,1.9659738310196269,0.3163829495233713,0.3233516663826944,33.5,1.861705047662865,5.557328500486164,1.2202039153076882
frame_448,0,255,6,1,False,False,True,3.2490484934167188,True,True,[],[  -0.013662     0.23219     0.97257],-3.9100614989017113,-29.29901193643717,1.9400128653539783,0.3152052767018768,0.3185915204505969,33.5,1.979472329812321,5.908872626305435,1.220755274856557
frame_449,0,255,1,1,False,False,True,3.992459627385717,True,True,[],[   -0.24713     0.21676     0.94443],53.714482741368194,15.309715147750454,1.7050927754503231,0.266469756959273,0.2590875478193638,33.5,6.853024304072703,20.4567889673812,1.65741801058856
frame_450,0,255,6,1,False,False,True,3.259191390133485,True,True,[],[  0.0074816     0.22214     0.97499],-4.402505313779371,-29.890564227487413,2.006207509155578,0.3151003497660965,0.3211611749574727,33.5,1.9899650233903496,5.940194099672686,1.218166767774132
frame_451,0,255,1,1,False,False,True,4.051796211039995,True,True,[],[   -0.27509     0.21722     0.93656],69.55643682589427,140.71847479199545,1.7205046736466143,1.72099418680638,1.7268649812532697,33.5,138.599418680638,413.72960800190447,1.762255546850981
frame_451,0,127,6,1,False,False,True,3.250648355357556,True,True,[],[  -0.016746      0.2282     0.97347],-3.6435778739680007,-30.16466654919533,2.003213586084498,0.3138380896362455,0.3163265390176945,33.5,2.116191036375453,6.316988168284936,1.217269033389482
frame_452,0,255,1,1,False,False,True,4.0315699228146435,True,True,[],[   -0.30767      0.2134     0.92725],55.6572341175948,-6.215737574881961,1.7149326298664314,0.2896213742240189,0.2947610157380494,33.5,4.537862577598112,13.54585844059138,1.656648110040494
frame_452,0,127,6,1,False,False,True,3.226694136800189,True,True,[],[  -0.038604     0.26282     0.96407],52.68036571853632,125.748167852879,1.875834769376862,0.839567286856272,0.8226622143601842,33.5,50.456728685627205,150.61710055411106,1.233165326712937
frame_453,0,255,1,1,False,False,True,4.172042575592872,True,True,[],[   -0.34511     0.22441     0.91134],61.1322370532653,-11.723426083372871,1.755146065743072,0.2995856917478697,0.3063796476927776,33.5,3.541430825213027,10.571435299143364,1.663454067920298
frame_453,0,127,6,1,False,False,True,3.2509772624646534,True,True,[],[  -0.010807     0.23765     0.97129],-8.165758809192763,-32.335586564053784,1.9899317130879497,0.3629687099991392,0.3373310185872519,33.5,2.796870999913925,8.348868656459478,1.217753066526435
frame_454,0,255,1,1,False,False,True,4.200413340927551,True,True,[],[   -0.33633     0.21996      0.9157],58.3089160715291,-19.0837526113324,1.7053406177168506,0.2811798802308601,0.2838641548162439,33.5,5.3820119769139865,16.065707393773092,1.652976474787519
frame_454,0,127,6,1,False,False,True,3.259155224086361,True,True,[],[ -0.0060462     0.22798     0.97365],67.59230317078422,114.28574977265536,1.93446094914692,1.6469384661243678,1.4436809416139034,33.5,131.19384661243677,391.6234227236918,1.238371427300481
frame_455,0,255,1,1,False,False,True,4.262626737576028,True,True,[],[   -0.36438     0.22373     0.90398],57.651137436289225,-26.247925042316982,1.5859101381540526,0.287565527950457,0.2867356074869724,33.5,4.743447204954304,14.159543895385982,1.649463365635786
frame_456,0,255,6,1,False,False,True,3.340425484469992,True,True,[],[  -0.014542     0.24014     0.97063],-4.134382046734797,-29.717743671445884,1.916570489537672,0.3158961329073073,0.3247454629539911,33.5,1.9103867092692683,5.702646893341099,1.2115087231524746
frame_456,0,127,1,1,False,False,True,4.485994529953553,True,True,[],[   -0.35862     0.21355     0.90873],58.64180968421036,-31.54814289630758,1.7760973509290847,0.3228351036465592,0.2871411250475973,33.5,1.2164896353440813,3.63131234431069,1.6478718294114276
frame_457,0,255,6,1,False,False,True,3.3058231644702287,True,True,[],[ -0.0047178     0.23663     0.97159],48.95325950597546,131.24170770255324,2.047895236175768,0.8334244423895398,0.8723630840656964,33.5,49.84244423895398,148.7834156386686,1.2248255513074182
frame_457,0,127,1,1,False,False,True,4.4622769708628205,True,True,[],[   -0.19367     0.10189     0.97576],60.24998791136812,-38.6244568991658,1.6485526053364987,0.3005239628673289,0.2843428357205948,33.5,3.447603713267106,10.29135436796151,1.6429354496383852
frame_458,0,255,6,1,False,False,True,3.3130066900259356,True,True,[],[ -0.0096965     0.23512     0.97192],-5.232766870707521,-30.969272666638677,2.0021859689428467,0.3135073599346558,0.3204579458542081,33.5,2.149264006534418,6.415713452341547,1.2090512751920584
frame_458,0,127,1,1,False,False,True,4.6987357301455095,True,True,[],[   -0.36555     0.20405     0.90815],60.73969370150565,-46.58048293769449,1.5989488282647728,0.2591882717907314,0.2506307167203986,33.5,7.581172820926857,22.63036662963241,1.634120164464815
frame_459,0,255,1,1,False,False,True,5.252173429121919,True,True,[],[   -0.37104     0.20538     0.90562],56.74877696562625,-47.04726958599996,1.593454388450168,0.2676565622579889,0.2784928902270858,33.5,6.734343774201107,20.102518728958525,1.6367037950515748
frame_460,0,255,6,1,False,False,True,3.258359796860609,True,True,[],[  -0.024219     0.24706      0.9687],-5.065281890004036,-30.728554785160785,2.0115407512571446,0.3167310853142585,0.3211919615241967,33.5,1.8268914685741544,5.453407368878073,1.2074390031642823
frame_460,0,170,9,1,True,False,True,2.4285714285714284,,False,[],,,,,,,33.5,,,
frame_460,0,85,1,1,False,False,True,5.115384663341257,True,True,[],[   -0.35886      0.2016     0.91136],59.82231458968224,-51.0204349978486,1.488402354135172,0.3044870562857138,0.2778880641406952,33.5,3.05129437142862,9.108341407249611,1.6351797862671558
frame_461,0,255,9,1,True,False,True,2.357142857142857,,False,[],,,,,,,33.5,,,
frame_461,0,127,1,1,False,False,True,4.8984126193533015,True,True,[],[   -0.33939     0.18819     0.92163],59.23898158090756,-53.275343924394434,1.6279541185857795,0.2726200356419035,0.2783674741988682,33.5,6.2379964358096505,18.620884883013883,1.6364888394461063
frame_462,0,255,6,1,False,False,True,3.0679566051870553,True,True,[],[  -0.028433     0.25161     0.96741],-5.52146571906732,-30.983458979547223,2.03225006500416,0.3147512063671422,0.3175139193262636,33.5,2.024879363285781,6.044416009808301,1.2068789987924955
frame_462,0,170,9,1,True,False,True,2.357142857142857,,False,[],,,,,,,33.5,,,
frame_462,0,85,1,1,False,False,True,4.919937497222852,True,True,[],[    -0.2747     0.11949     0.95408],60.21298266368167,-58.01166697151091,1.7007234534703173,0.2649173888728949,0.274498494159718,33.5,7.008261112710507,20.920182426001517,1.6311531573365636
frame_463,0,255,6,1,False,False,True,3.1909384737837674,True,True,[],[  -0.037705     0.24946     0.96765],-5.389014792833187,-31.473148675294016,2.04747114866152,0.3133376069389682,0.3169011339636872,33.5,2.1662393061031797,6.4663859883677,1.206072870805477
frame_463,0,170,9,1,True,False,True,2.357142857142857,,False,[],,,,,,,33.5,,,
frame_463,0,85,1,1,False,False,True,4.6327560852884595,True,True,[],[   -0.25275    0.092623     0.96309],61.8335379940441,-61.17301328467905,1.6374615171432074,0.2680535279163984,0.2735892142279411,33.5,6.694647208360155,19.984021517493,1.6321215056183789
frame_464,0,255,9,1,True,False,True,2.2666666666666666,,False,[],,,,,,,33.5,,,
frame_464,0,127,1,1,False,False,True,4.57857449861553,True,True,[],[   -0.23177    0.051065     0.97143],63.91421756989528,-67.67661969129762,1.603510081555842,0.2590323190852581,0.2689134371505851,33.5,7.596768091474187,22.676919676042356,1.6288720719778358
frame_465,0,255,1,1,False,False,True,4.34304931106866,True,True,[],[    -0.2899     0.11767      0.9498],65.40404562110908,-71.30818108062242,1.7135834394551526,0.295413391870394,0.2773024671257525,33.5,3.958660812960596,11.816897949136107,1.6299136989416283
frame_466,0,255,1,1,False,False,True,4.028404339434761,True,True,[],[   -0.31748     0.14837     0.93659],66.70102931224832,-76.9239364234415,1.7246967066792716,0.3117353621561749,0.2974162563927921,33.5,2.3264637843825096,6.944668013082119,1.6257584294779548
frame_467,0,255,6,1,False,False,True,3.240234355924012,True,True,[],[  -0.023924     0.24124     0.97017],-4.389822934609255,-31.71531111892252,1.954656363581037,0.3105839133116359,0.3181613128768751,33.5,2.4416086688364147,7.28838408607885,1.2039602339808315
frame_467,0,127,1,1,False,False,True,3.7549669285152896,True,True,[],[   -0.30019     0.12295     0.94592],68.78904285974139,-81.19907425579797,1.6956088711910278,0.2934460851955693,0.2922041615189246,33.5,4.155391480443066,12.404153672964377,1.6293019262274746
frame_468,0,255,1,1,False,False,True,3.4209976484457094,True,True,[],[    -0.3436     0.19408     0.91884],72.29633091243528,-89.46734315069801,1.8166455242888644,0.258871139930688,0.269103782186517,33.5,7.612886006931202,22.725032856511053,1.6328133687026818
frame_469,0,255,6,1,False,False,True,3.285045038608884,True,True,[],[  -0.030184     0.24295     0.96957],-4.081548536174409,-31.798198991351413,1.9241380782979645,0.3084054359665223,0.3156194214960481,33.5,2.659456403347771,7.938675830888868,1.201471427999118
frame_469,0,127,1,1,False,False,True,3.069364325811513,True,True,[],[   -0.36801     0.21671     0.90422],77.21331518138999,-105.88283767403765,1.826536225372691,0.3376846102927482,0.28289262186378,33.5,0.2684610292748191,0.8013762067905047,1.6432411420440336
frame_470,0,255,6,1,False,False,True,3.313843117934304,True,True,[],[  -0.014798     0.23483     0.97192],-4.540144602022705,-31.81460074272091,2.01363563274284,0.3059730055919661,0.3146484298813951,33.5,2.902699440803386,8.664774450159362,1.2029380181128406
frame_470,0,127,1,1,False,False,True,2.6285713556071775,True,True,[],[   -0.35389     0.16633     0.92038],78.52336534425757,-122.93654377920838,1.7284285489433715,0.2783791012403807,0.2935945826078478,33.5,5.662089875961934,16.901760823766967,1.635651635092269
frame_471,0,255,6,1,False,False,True,3.321488311267343,True,True,[],[  -0.020277     0.23414     0.97199],-3.8778346111626174,-31.92155412540518,1.9649558880587816,0.3127467950814985,0.3176357687573311,33.5,2.225320491850147,6.64274773686611,1.2006404369994308
frame_471,0,127,1,1,False,False,True,2.3125984208441737,True,True,[],[   -0.31571     0.15154     0.93668],78.26755024383384,-137.96076099667155,1.7714785513279352,0.2940091341809954,0.2796189612143465,33.5,4.099086581900463,12.236079348956604,1.631239582015846
frame_472,0,255,6,1,False,False,True,3.3424344722276875,True,True,[],[   -0.03365     0.24772     0.96825],-4.731755073569331,-31.41833508530352,1.975942177078944,0.3180674175592236,0.3228518005507715,33.5,1.6932582440776445,5.054502221127296,1.2015038024137374
frame_472,0,127,1,1,False,False,True,1.9757280198224016,True,True,[],[   -0.28915    0.084345     0.95356],75.8916642946985,-142.3424546227367,1.7931489513542391,0.2860285488913454,0.280932825040013,33.5,4.897145110865458,14.618343614523758,1.6184191549194842
frame_473,0,255,6,1,False,False,True,3.3582123163645803,True,True,[],[  -0.032243     0.24947     0.96785],-4.658466452805544,-31.613095758154863,1.94837228040661,0.3161140306360951,0.3224621905570857,33.5,1.888596936390485,5.637602795195479,1.2003431402060476
frame_473,0,127,1,1,False,False,True,1.8241589382306667,True,True,[],[   -0.28605   -0.037281     0.95749],72.2304182016716,-146.88564669725784,1.0498091321165772,0.2425226240107663,0.2601509556342294,33.5,9.247737598923372,27.605186862457824,1.612654467551939
frame_474,0,255,6,1,False,False,True,3.3676962558420795,True,True,[],[  -0.032458     0.25105     0.96743],-4.462840912552501,-31.61816093314677,1.9202035568544396,0.3165965891945315,0.3190886374182111,33.5,1.840341080546848,5.493555464318948,1.1972201891929126
frame_474,0,127,1,1,False,False,True,1.7297090774124113,True,False,[],[   -0.32263    0.034337      0.9459],69.23540103417224,-148.08294781028374,1.4349026406872645,0.258936829526283,0.264412411278717,33.5,7.606317047371697,22.705424022005065,1.6077209146859135
frame_475,0,255,6,1,False,False,True,3.348856731473194,True,True,[],[  -0.040892     0.24952     0.96751],-4.886508230737936,-31.81748202403702,2.0381243337555706,0.3130978689896389,0.3197083797909387,33.5,2.190213101036109,6.53794955533167,1.196058339148937
frame_475,0,127,1,1,False,False,True,1.8029197396185284,True,True,[],[   -0.32727    0.094482     0.94019],66.71846433779812,-142.03350336260834,1.56396064686597,0.274293426857906,0.2847808045614621,33.5,6.070657314209399,18.12136511704298,1.6060811885320934
frame_476,0,255,6,1,False,False,True,3.3582715154348137,True,True,[],[   -0.06808     0.27139     0.96006],-5.231480674213887,-31.66784717930705,2.006327626932481,0.3150187070979627,0.3219923311872726,33.5,1.9981292902037264,5.964565045384258,1.1942171652216191
frame_476,0,127,1,1,False,False,True,1.8265028610134955,True,True,[],[   -0.36203      0.1373       0.922],63.3268618136047,-140.07219603902595,1.8023736416837888,0.2484389877734445,0.2626456515547301,33.5,8.656101222655549,25.83910812733,1.601963883025624
frame_477,0,255,6,1,False,False,True,3.3392584779011267,True,True,[],[  -0.032659     0.24552     0.96884],-4.339146489346477,-31.227543476542905,1.995003363916633,0.3093621102515494,0.3169528393815495,33.5,2.5637889748450604,7.653101417447941,1.1938967982692832
frame_477,0,127,1,1,False,False,True,1.8880777724327769,True,True,[],[   -0.37223    -0.11082      0.9215],60.88706574202967,-140.47719102924194,0.8894499552438042,0.2815582350667485,0.2888562975642448,33.5,5.344176493325153,15.952765651716874,1.6002106654306916
frame_478,0,255,6,1,False,False,True,3.2475148012993196,True,True,[],[   -0.06837     0.26749     0.96113],-4.7595932043579285,-31.544982959222885,1.983260309012931,0.3096629773592588,0.3102549472372966,33.5,2.533702264074117,7.563290340519753,1.192031460222215
frame_478,0,127,1,1,False,False,True,1.9723451266431253,True,True,[],[   -0.37852     0.11985      0.9178],49.048120485242016,-148.7199713940068,1.8386315121634125,0.2296262634799504,0.2249055721192505,33.5,10.53737365200496,31.45484672240287,1.5790320429618026
frame_479,0,255,6,1,False,False,True,3.237450223318596,True,True,[],[  -0.054257     0.25413     0.96565],-4.198965964203728,-30.04981580288125,1.9103557170053933,0.3134638461437839,0.3176912878388028,33.5,2.15361538562161,6.428702643646597,1.1905405354830432
frame_479,0,127,1,1,False,False,True,2.0783505725839664,True,True,[],[   -0.40115    0.058444     0.91415],51.12782839747989,-141.12815190523585,1.750331626109426,0.2629647078432215,0.2768911369120905,33.5,7.203529215677845,21.503072285605505,1.5866093718618604
frame_480,0,255,6,1,False,False,True,3.226190032317583,True,True,[],[  -0.066446     0.25455     0.96477],-4.600313502387492,-29.33544635289193,1.9251635950626225,0.3691254176689423,0.3331422856181832,33.5,3.412541766894233,10.186691841475325,1.1900565562112462
frame_480,0,127,1,1,False,False,True,2.118984862304154,True,True,[],[   -0.37653     0.14242     0.91539],48.426479508506375,-141.57970221805152,1.7035524267464066,0.2760868874545577,0.2853885513062761,33.5,5.8913112545442345,17.58600374490816,1.5889491690342503
frame_481,0,255,6,1,False,False,True,3.2335546068593466,True,True,[],[  -0.053048     0.24609     0.96779],-3.5059247741087267,-29.25240912738944,1.9306430566874688,0.3706806629859356,0.3633602145223344,33.5,3.5680662985935587,10.650944174906146,1.1892780109551606
frame_481,0,127,1,1,False,False,True,2.1561804597906242,True,True,[],[   -0.34694     0.18419     0.91962],42.12447112593923,-147.73238529324837,1.764620428548155,0.238016399045932,0.2391820294177838,33.5,9.698360095406796,28.95032864300536,1.579618702176294
frame_482,0,255,6,1,False,False,True,3.267624136120993,True,True,[],[   -0.03036     0.23106     0.97247],-3.671909737443026,-29.40311336728665,1.95111796713361,0.3164283148785726,0.3215165201078345,33.5,1.8571685121427428,5.5437866034111725,1.185190952619967
frame_482,0,127,1,1,False,False,True,2.095238005573154,True,True,[],[   -0.35088       0.177     0.91954],-39.22957455711168,31.100361222642583,1.7964782388595602,0.2256117932982306,0.2321585664247657,33.5,10.938820670176936,32.653196030378915,1.5809870403599524
frame_483,0,255,1,1,False,False,True,2.190692079054383,True,True,[],[    -0.3484     0.16608     0.92252],-34.11580706272084,24.26220868713685,1.6873637177679317,0.2168281769854605,0.2190083877678353,33.5,11.817182301453949,35.27517104911627,1.577509320071564
frame_484,0,255,6,1,False,False,True,3.218042385273117,True,True,[],[  -0.045582     0.23864     0.97004],-3.728093219359375,-30.0182382413474,2.009488746780378,0.3139324317727193,0.3223005388368225,33.5,2.106756822728073,6.288826336501711,1.1811919407403877
frame_484,0,127,1,1,False,False,True,2.2542369771269057,True,True,[],[   -0.35903       0.154     0.92053],-34.105137459225055,22.04329925408361,1.7912942501116822,0.2533369283991356,0.2669147829179651,33.5,8.166307160086445,24.37703629876551,1.584713432288498
frame_485,0,255,6,1,False,False,True,3.2960860144626123,True,True,[],[  -0.020625     0.21716     0.97592],-3.853364506222851,-29.98024429944338,2.006756864948736,0.3160270068667747,0.3233613939694186,33.5,1.8972993133225315,5.66358003976875,1.180593816319523
frame_485,0,127,1,1,False,False,True,2.3200475484175116,True,True,[],[   -0.42221    0.092101     0.90181],-31.43588142921125,17.98656646961461,1.722528465281906,0.2488567154146355,0.2565374791076981,33.5,8.614328458536452,25.71441330906404,1.5818125845031656
frame_486,0,255,6,1,False,False,True,3.2952508508899716,True,True,[],[   -0.03804      0.2406     0.96988],-3.3254529531100188,-29.0409088716148,1.9835406113311145,0.3417348479736435,0.3337610454124913,33.5,0.6734847973643543,2.0104023801921023,1.1812583720190286
frame_486,0,127,1,1,False,False,True,2.463901492723141,True,True,[],[     0.7989     0.19583    -0.56869],-22.079698763386077,13.760538176952355,0.4612373983547093,0.2171605221255875,0.2089888037678828,33.5,11.783947787441246,35.175963544600734,1.5775017682289805
frame_487,0,255,6,1,False,False,True,3.311672030281372,True,True,[],[  -0.004808     0.21195     0.97727],0.44603732210816,-29.03528074178189,1.9723752629330011,0.2975899186208078,0.3067905282017703,33.5,3.741008137919216,11.167188471400646,1.1830412787259
frame_488,0,255,6,1,False,False,True,3.297802120240741,True,True,[],[ -0.0085067     0.21624      0.9763],-0.3175843076485692,-29.709677594554368,1.9241441512627289,0.2964226112990367,0.3043623654274733,33.5,3.857738870096333,11.51563841819801,1.180958037628906
frame_489,0,255,6,1,False,False,True,3.2574481966525846,True,True,[],[  -0.043771     0.24243     0.96918],-3.980436873643775,-31.33739256192392,1.8502124915047804,0.2986659093563695,0.2996657714024073,33.5,3.633409064363047,10.845997207053871,1.175465995378343
frame_490,0,255,6,1,False,False,True,3.2494790870419092,True,True,[],[  -0.031591     0.23245      0.9721],-4.974483511275166,-33.83520526920857,1.909306557946478,0.2956206213878301,0.2970358012696277,33.5,3.937937861216989,11.755038391692503,1.1762191652819105
frame_491,0,255,1,1,False,False,True,3.0091745109312464,True,True,[],[   -0.28476     0.20127     0.93723],-11.949444791412128,9.54813779371674,1.7392519489583795,0.2380406950707659,0.23544561676607,33.5,9.695930492923404,28.94307609827882,1.5841166046231958
frame_491,0,127,6,1,False,False,True,3.225368462111848,True,True,[],[  -0.097817     0.27844     0.95546],-3.710799371509638,-32.45282296962098,1.7985872164658288,0.3094676710709315,0.3089526476802152,33.5,2.5532328929068537,7.621590725095086,1.1732680839099956
frame_492,0,255,1,1,False,False,True,3.1589674515802044,True,True,[],[   -0.27314     0.19916     0.94113],-7.93003817223365,10.348700636936174,1.692729071994662,0.2265327156244903,0.2284113368971199,33.5,10.846728437550974,32.37829384343574,1.586739266067125
frame_492,0,127,6,1,False,False,True,3.238380366373529,True,True,[],[  -0.089517     0.27042     0.95857],-3.93429109891596,-31.39418410774152,1.8977679590212984,0.3156921356949032,0.3205024720054164,33.5,1.930786430509679,5.763541583610982,1.169977205579284
frame_493,0,255,1,1,False,False,True,3.242127937309079,True,True,[],[   -0.27782     0.19043     0.94157],-8.278514418209628,10.492349940543852,1.6731618249989326,0.2479483147293224,0.2538361879485432,33.5,8.705168527067759,25.985577692739582,1.587376568428429
frame_493,0,127,6,1,False,False,True,3.2322596874915304,True,True,[],[  -0.074452     0.26281     0.96197],-0.6332925385038713,-31.06265783203256,1.9305510099563292,0.312751543737633,0.3168245546043815,33.5,2.224845626236699,6.641330227572236,1.1689937527858183
frame_494,0,255,1,1,False,False,True,3.334930972242548,True,True,[],[   -0.47738     0.10635     0.87224],-4.2880017604319285,8.200115614994527,1.6618622864163743,0.23346285771336,0.2350833697554581,33.5,10.153714228663995,30.30959471242984,1.5868132100828274
frame_494,0,127,6,1,False,False,True,3.293255837115934,True,True,[],[  -0.049477     0.24573     0.96807],-3.393136450972989,-30.72627408598297,1.8733240271905216,0.2970262902911905,0.3097967237835195,33.5,3.797370970880953,11.335435733972997,1.1649275505596497
frame_495,0,255,1,1,False,False,True,3.2857138429472736,True,True,[],[   -0.31821     0.19118     0.92854],-2.6959866716109846,6.518011515345707,1.6990707613822036,0.2468363384293768,0.2446123077734336,33.5,8.816366157062316,26.31751091660393,1.5874647404434572
frame_495,0,127,6,1,False,False,True,3.2298503364084596,True,True,[],[  -0.030052     0.23333     0.97193],1.8958422253967424,-29.533720698617863,1.921794819015109,0.2869926025005891,0.2963006323472241,33.5,4.800739749941091,14.3305664177346,1.1666125854828464
frame_496,0,255,1,1,False,False,True,3.1676169721513987,True,True,[],[   -0.30724     0.16404     0.93739],-6.940906430282401,2.4227062744312717,1.7292396005351849,0.2714936018783401,0.2818333129598539,33.5,6.350639812165987,18.957133767659663,1.5919024911178392
frame_496,0,127,6,1,False,False,True,3.337579677908285,True,True,[],[  -0.014945     0.22796     0.97356],-3.697349516723577,-30.566692737015305,1.938025946269516,0.2944176063568303,0.3066483466374057,33.5,4.058239364316968,12.114147356170053,1.1611123103271297
frame_497,0,255,1,1,False,False,True,3.408488456317396,True,True,[],[   -0.27768     0.18161     0.94335],-0.2849193861683179,2.644668553771337,1.7483716295030585,0.2631455476767068,0.2796752441037138,33.5,7.185445232329323,21.449090245759177,1.591945444220524
frame_497,0,127,6,1,False,False,True,3.4094232558121877,True,True,[],[  -0.026615     0.22893     0.97308],-4.514170132626301,-31.56493797833232,1.9448416080467927,0.3163302929707824,0.299270748977322,33.5,1.8669707029217608,5.573046874393316,1.1604068497028188
frame_498,0,255,6,1,False,False,True,3.2473497969847376,True,True,[],[  -0.061219      0.2463     0.96726],-5.1783689869319,-32.07390539855667,1.9386289473653344,0.2940943493395359,0.2998706313426159,33.5,4.090565066046409,12.210641988198237,1.1603063221166812
frame_499,0,255,1,1,False,False,True,3.9665612673659036,True,True,[],[   -0.31043     0.20408     0.92843],-3.940087850209335,8.179517446408616,1.7462857145541917,0.2787658159928793,0.2746341368868723,33.5,5.623418400712065,16.786323584215122,1.5909861698165513
frame_499,0,127,6,1,False,False,True,3.195270398469065,True,True,[],[  -0.055396      0.2512     0.96635],-7.586571237941455,-33.23044060642725,1.9413096446257712,0.3046967050933783,0.3062145975746089,33.5,3.0303294906621705,9.04575967361842,1.159159184819427
frame_500,0,255,1,1,False,False,True,3.987943619727518,True,True,[],[    -0.2802     0.21427     0.93572],-3.085078136294239,14.438788590164096,1.7710483091900553,0.2736306426358305,0.2835125516845511,33.5,6.136935736416948,18.31921115348343,1.5933511802831604
frame_500,0,127,6,1,False,False,True,3.1846407149402114,True,True,[],[  -0.063925     0.25167      0.9657],-2.5230400559616144,-30.82291946704101,1.9357182473896395,0.2941320669796219,0.3008662173290681,33.5,4.0867933020378056,12.199382991157629,1.1536156334984522
frame_501,0,255,1,1,False,False,True,4.135684487703029,True,True,[],[   -0.24357     0.22943     0.94236],-2.032912852341274,19.3604334725083,1.7089110468455864,0.2639327171781293,0.2743582915792613,33.5,7.106728282187075,21.2141142751853,1.5947736384216178
frame_501,0,127,6,1,False,False,True,3.1474358628451733,True,True,[],[  -0.096542     0.26038     0.96067],74.48246853574217,115.91453788120764,1.9545181887963845,1.9539833942037208,1.866297565940072,33.5,161.89833942037214,483.2786251354392,1.191560859110232
frame_502,0,255,1,1,False,False,True,4.078063701676618,True,True,[],[   -0.25878     0.19435     0.94618],1.8816633087243748,25.36149985760793,1.5812603714336624,0.247231615206016,0.2549375501519587,33.5,8.776838479398402,26.199517848950453,1.595759817032245
frame_502,0,127,6,1,False,False,True,3.240926760772016,True,True,[],[  -0.062916     0.24698     0.96697],-2.737569293316589,-30.839402448829976,1.933184148221426,0.3041099054340525,0.3168737085622154,33.5,3.089009456594749,9.2209237510291,1.1490607985435164
frame_503,0,255,1,1,False,False,True,4.167999724926601,True,True,[],[   -0.21928     0.24494     0.94442],-0.351725466275012,30.72736690109953,1.5901121063896235,0.2872683896717664,0.2960085683649664,33.5,4.773161032823358,14.248241889024952,1.6003058240419972
frame_503,0,127,6,1,False,False,True,3.2046996227841285,True,True,[],[  -0.071314     0.25101     0.96535],-2.91452555466302,-30.54685699824582,1.9323996890976456,0.3052288134976895,0.3155354749613905,33.5,2.977118650231048,8.886921343973277,1.1467559878858966
frame_504,0,255,1,1,False,False,True,4.053792922251043,True,True,[],[   -0.23528     0.24298     0.94107],0.8909985658817342,34.66654518485167,1.5614195062789118,0.2643329988494132,0.2657073687707169,33.5,7.066700115058683,21.094627209130397,1.6031585885296191
frame_505,0,255,6,1,False,False,True,3.2858894787485444,True,True,[],[  -0.027495     0.21174     0.97694],78.29669724565471,104.84982127189892,1.973690969883698,1.9745965298327817,1.99959808753278,33.5,163.95965298327818,489.4317999500841,1.213274732826379
frame_505,0,127,1,1,False,False,True,4.141816902062959,True,True,[],[   -0.21849     0.26368     0.93954],-3.3596468110015847,38.835124158606384,1.4058183663790853,0.281396728108843,0.2867140602361304,33.5,5.360327189115704,16.000976683927476,1.6050440660976986
frame_506,0,255,6,1,False,False,True,3.197189119856634,True,True,[],[  -0.093827     0.26913     0.95852],-2.821718206200413,-31.174470425614167,1.9795148099425732,0.3041037892814501,0.3154044774109772,33.5,3.0896210718549866,9.22274946822384,1.142951577083329
frame_506,0,127,1,1,False,False,True,4.109606396520277,True,True,[],[     -0.228     0.25463     0.93977],-3.1563035231743823,40.80601074343308,1.4729256099350911,0.2858061955146659,0.2848006128459672,33.5,4.919380448533412,14.684717756816154,1.6107305725711507
frame_507,0,255,6,1,False,False,True,3.18365479964762,True,True,[],[  -0.058246     0.23584     0.97004],75.81356096025316,103.87624711247064,1.963186521519796,1.896069238624792,1.8344391049426347,33.5,156.10692386247922,465.990817499938,1.1923647436832892
frame_507,0,127,1,1,False,False,True,3.9037208106189287,True,True,[],[   -0.24392     0.24894      0.9373],-2.077080477368574,41.90454788524732,1.4553744547875944,0.2709257765344758,0.2750138843446272,33.5,6.407422346552416,19.12663387030572,1.6127598628129138
frame_508,0,255,6,1,False,False,True,3.2301356080595736,True,True,[],[    -0.0781     0.25629     0.96344],-2.372124532866825,-31.449903865399573,1.937393652687736,0.3012152520173398,0.307021541037943,33.5,3.378474798266024,10.084999397809026,1.137851006573863
frame_508,0,127,1,1,False,False,True,3.8633995797953453,True,True,[],[   -0.23098     0.25817     0.93808],-3.680947184506231,40.63107810247122,1.4934994817735694,0.291671307696639,0.2933097497877404,33.5,4.332869230336095,12.933938001003268,1.6126694880085126
frame_509,0,255,6,1,False,False,True,3.2894928279085884,True,True,[],[  -0.054499     0.23525      0.9704],-2.8845055009166423,-30.17777309670281,1.965795980971497,0.2988745757577871,0.3042412258435253,33.5,3.612542424221293,10.783708729018786,1.1376943386773626
frame_509,0,127,1,1,False,False,True,3.9413062334528237,True,True,[],[   -0.22778     0.25963     0.93846],-2.733911228125005,38.64685453806638,1.555315172524952,0.2941958618066568,0.2983643588925759,33.5,4.080413819334322,12.180339759206932,1.6149421571446243
frame_510,0,255,6,1,False,False,True,3.241659419961593,True,True,[],[  -0.083337     0.24822     0.96511],-1.6024442636901297,-30.051292061456014,1.996417487728224,0.3019216216371226,0.3117458768295413,33.5,3.3078378362877414,9.87414279488878,1.1347298323244843
frame_510,0,127,1,1,False,False,True,4.0425894950984596,True,True,[],[    -0.2276     0.25461     0.93988],71.78150553527563,122.44274032363742,1.544954121926931,1.4846172698985964,1.544954121926931,33.5,114.96172698985964,343.1693342980885,1.6262268789989107
frame_511,0,255,6,1,False,False,True,3.270972630341284,True,True,[],[  -0.083038     0.25222      0.9641],-1.4356618246722863,-30.66962827687861,1.9630228909790288,0.3049332895033936,0.3164909343951467,33.5,3.0066710496606364,8.97513746167354,1.134231342907479
frame_511,0,127,1,1,False,False,True,4.188961762516766,True,True,[],[   -0.20812     0.26223      0.9423],-0.8658177433034063,35.865316962810944,1.4764287416860022,0.2896751378055227,0.2933446700637561,33.5,4.532486219447734,13.529809610291744,1.616586009586916
frame_512,0,255,6,1,False,False,True,3.25499517773923,True,True,[],[    -0.1166      0.2755      0.9542],-2.5590123253593458,-31.274783104572155,1.7981144699763991,0.3126081101913837,0.3203272280928722,33.5,2.2391889808616283,6.684146211527249,1.1324356966456486
frame_512,0,127,1,1,False,False,True,4.203050529115838,False,True,[],[   -0.20023     0.26605     0.94293],-1.0,-1.0,-1.0,-1.0,0.9525197283180268,33.5,,,1.6262716997203803
frame_513,0,255,6,1,False,False,True,3.2154928553595417,True,True,[],[   -0.12078     0.27819      0.9529],-3.006506378954505,-31.58076298392588,1.908161601093407,0.3104332608042973,0.3175950756015893,33.5,2.4566739195702736,7.333354983791862,1.130713772642059
frame_514,0,255,1,1,False,False,True,4.021772538416587,True,True,[],[   -0.20717     0.25238     0.94519],3.576478599529863,36.42193031817809,1.4877452703326668,0.2897026201805278,0.2988557235087093,33.5,4.529737981947224,13.52160591626037,1.623861575415312
frame_514,0,127,6,1,False,False,True,3.202980213523408,True,True,[],[   -0.15962     0.30744     0.93808],-2.690777916762848,-31.30800404103053,2.0005854194535635,0.3098892669397072,0.3174598545743706,33.5,2.5110733060292825,7.49574121202771,1.130216793026202
frame_515,0,255,1,1,False,False,True,4.142358886786954,True,True,[],[   -0.19156      0.2632     0.94553],3.53761274892804,34.28686496551734,1.5710268720473366,0.2927553423982982,0.2963483651444314,33.5,4.224465760170181,12.61034555274681,1.6241740810906868
frame_515,0,127,6,1,False,False,True,3.2168760536452967,True,True,[],[   -0.14092     0.29542     0.94492],-3.2932697474231643,-31.934605896198825,1.8392715356938727,0.3167783552614232,0.3221125516635127,33.5,1.8221644738576848,5.439296936888612,1.1287565974865326
frame_516,0,255,1,1,False,False,True,4.371901010683747,True,True,[],[   -0.21271     0.24943     0.94474],5.354540220609165,32.18602498843838,1.617405629957705,0.2905698231077117,0.297207870779369,33.5,4.443017689228834,13.26273937083234,1.6235989210703357
frame_516,0,127,6,1,False,False,True,3.184540090364295,True,True,[],[   -0.14064     0.29197     0.94603],-3.278285451713673,-31.92368589138233,1.8568999248789837,0.3181615058095972,0.3227852348250621,33.5,1.6838494190402842,5.026416176239654,1.127703682254046
frame_517,0,255,6,1,False,False,True,3.1286202568109176,True,True,[],[   -0.12132     0.25947      0.9581],-2.262703995464995,-31.24450748204193,1.90599956818332,0.3134308213946725,0.3198058131002448,33.5,2.156917860532753,6.4385607777097125,1.1262510282772735
frame_518,0,255,1,1,False,False,True,4.318816694760658,True,True,[],[   -0.22253     0.23771      0.9455],9.165179551982035,29.94774581711264,1.5777500251075105,0.2923598258670694,0.3000071876209822,33.5,4.264017413293065,12.728410188934522,1.630751000248434
frame_518,0,127,6,1,False,False,True,3.1010298363055218,True,True,[],[   -0.12204      0.2574     0.95857],-3.130537146526188,-31.42857978261124,1.631978533114662,0.3067444881599692,0.3138336513418267,33.5,2.8255511840030776,8.434481146277843,1.1254397528934008
frame_519,0,255,1,1,False,False,True,4.369645842418286,True,True,[],[   -0.18361      0.2515     0.95028],10.60087560272583,29.517320072478025,1.5487095792430543,0.289385240246531,0.2967677386944394,33.5,4.561475975346902,13.61634619506538,1.6366318488293208
frame_519,0,127,6,1,False,False,True,3.0215981842652786,True,True,[],[    -0.1474     0.28004      0.9486],-2.5408766257646005,-31.78101993825978,1.6696006917337685,0.3049608004019916,0.3150824142490023,33.5,3.003919959800844,8.966925253136848,1.1241268802500906
frame_520,0,255,1,1,False,False,True,4.450569874069591,True,True,[],[   -0.19044     0.24345     0.95103],8.885171534467279,28.92045590474164,1.559735490958541,0.2959683519748368,0.2993631184705626,33.5,3.9031648025163177,11.65123821646662,1.6412159316410306
frame_520,0,127,6,1,False,False,True,3.1418499248225715,True,True,[],[   -0.10544     0.24906     0.96273],-3.081254028817,-32.42535463379898,1.6980896614999552,0.3092663681488667,0.3181561186098499,33.5,2.573363185113331,7.681681149592033,1.1222006328901828
frame_521,0,255,1,1,False,False,True,4.44991128015044,True,True,[],[   -0.17456     0.26203     0.94914],12.781449493140457,31.37946068864459,1.5410413335649191,0.2925229366607931,0.2938390795397673,33.5,4.247706333920692,12.67972039976326,1.6434725739044989
frame_521,0,127,6,1,False,False,True,3.0885783556368995,True,True,[],[   -0.11227     0.25777     0.95966],-2.8793456131223456,-32.406022025123576,1.562606239090566,0.3030072702029563,0.3138863046885741,33.5,3.1992729797043653,9.550068596132434,1.1204992900746964
frame_522,0,255,1,1,False,False,True,4.422427495464314,True,True,[],[   -0.15971     0.27316     0.94862],10.409104910939345,33.37093083259351,1.5244217910511395,0.2920920533488982,0.2920975387125416,33.5,4.290794665110181,12.808342283910989,1.648920918210898
frame_522,0,127,6,1,False,False,True,3.040503881653278,True,True,[],[   -0.12592     0.25524     0.95864],-2.8979349758341946,-32.17956371348039,1.4496825271991238,0.3000760188261738,0.3098776024205861,33.5,3.492398117382617,10.42506900711229,1.1204297437215205
frame_523,0,255,1,1,False,False,True,4.3925484425932915,True,True,[],[   -0.16629     0.27751     0.94622],11.11247623502314,35.715272183229416,1.4811822635359704,0.2900121422686258,0.2881390871159566,33.5,4.498785773137421,13.429211263096777,1.656034264012329
frame_523,0,127,6,1,False,False,True,2.981082687286738,True,True,[],[   -0.12934     0.27412     0.95296],-3.9061858632748,-32.31790830942945,1.634340716834452,0.3020088148783154,0.3117349396634397,33.5,3.299118512168464,9.848114961696908,1.1182576523783816
frame_524,0,255,1,1,False,False,True,4.2922035118335256,True,True,[],[   -0.16173     0.27859      0.9467],11.222184956315829,36.97987090884944,1.415298131313522,0.2938418517500042,0.2933043266601889,33.5,4.115814824999575,12.286014402983806,1.6581338436045543
frame_524,0,127,6,1,False,False,True,3.0668385725397593,True,True,[],[   -0.17499     0.29385      0.9397],-3.701489124357292,-32.20827648093394,1.6342028270516271,0.2986996314789361,0.3079425068733898,33.5,3.6300368521063886,10.835930901810114,1.1166473249184254
frame_525,0,255,1,1,False,False,True,4.215647936506613,True,True,[],[   -0.15308     0.28275      0.9469],13.362309704725366,37.83096558500077,1.5005008715722563,0.2920492466267586,0.2925690630384532,33.5,4.295075337324144,12.821120409922818,1.6627314338807888
frame_526,0,255,6,1,False,False,True,3.10477901744716,True,True,[],[   -0.19142     0.29177     0.93714],-3.4609562852568363,-31.8817257466759,1.7294892627506568,0.2958651966757898,0.3066537982667102,33.5,3.913480332421021,11.682030843047825,1.1149786483281507
frame_527,0,255,1,1,False,False,True,4.190725021412937,True,True,[],[   -0.14347     0.26754      0.9528],16.007497835540057,36.526329297564224,1.5947352849063667,0.2950161329078672,0.294513578552882,33.5,3.998386709213281,11.935482714069495,1.677982565544757
frame_527,0,127,6,1,False,False,True,3.0812093471129414,True,True,[],[   -0.22148     0.31643      0.9224],-3.160020455625054,-31.67812115413759,1.7097076683473458,0.2980901526063292,0.3093098653701439,33.5,3.690984739367076,11.017864893633062,1.1151928516053116
frame_529,0,255,6,1,False,False,True,3.065478376585664,True,True,[],[   -0.22535     0.31406     0.92227],-3.718486095403666,-31.340540327611546,1.6643421526592743,0.3065279307173556,0.3120153833765168,33.5,2.8472069282644394,8.499125158998327,1.1126029780108024
frame_531,0,255,6,1,False,False,True,3.0754970560224937,True,True,[],[   -0.18759     0.29237     0.93773],-3.2052768060217067,-31.3482641952534,1.7065742330827522,0.3030898068471152,0.3097642886139026,33.5,3.191019315288485,9.525430791905926,1.1119976031977414
frame_531,0,127,1,1,False,False,True,4.348077938751932,True,True,[],[   -0.14645     0.25095     0.95686],17.504981075670674,24.774998850364646,1.394452629669001,0.2963768138625523,0.2954097111655585,33.5,3.86231861374477,11.529309294760507,1.6994604576630608
frame_532,0,255,6,1,False,False,True,3.1020857297669053,True,True,[],[   -0.19896     0.30417     0.93161],-2.736377496265597,-31.401103374756723,1.7095970986582774,0.3047707017775136,0.3099283242589414,33.5,3.0229298222486376,9.023671111189962,1.1110549644401069
frame_532,0,127,1,1,False,False,True,4.430193854358746,True,True,[],[   -0.15269     0.23456     0.96004],17.423179298404882,22.647377411299757,1.423748860996897,0.2945718751568583,0.2913299288013866,33.5,4.042812484314173,12.06809696810201,1.7121790589308523
frame_533,0,255,1,1,False,False,True,4.559633706605759,True,True,[],[   -0.18045     0.23122     0.95602],18.62286975624892,22.58378978540994,1.517923614343842,0.2967214147830509,0.2929410359480396,33.5,3.8278585216949104,11.426443348343016,1.7208167181906564
frame_534,0,255,6,1,False,False,True,3.105603474888527,True,True,[],[   -0.21771     0.32916     0.91883],-2.7706197326604776,-32.299500396741514,1.2667448734502187,0.3093151515917061,0.3122898326815406,33.5,2.568484840829393,7.667118927848936,1.1112017614998606
frame_534,0,127,1,1,False,False,True,4.430458760391901,True,True,[],[   -0.21159     0.21291     0.95389],13.909577365654744,21.928744015462183,1.4963649145950346,0.293572721601229,0.2896031070268073,33.5,4.1427278398770975,12.366351760827158,1.7216817587416693
frame_535,0,255,6,1,False,False,True,3.1184558050787543,True,True,[],[   -0.16758     0.26164     0.95051],-2.7183304154954,-31.82723248364089,2.029194204377014,0.3071716751317725,0.312238386075171,33.5,2.7828324868227448,8.306962647232075,1.1114928452421684
frame_535,0,127,1,1,False,False,True,4.351227980521727,True,True,[],[   -0.14157     0.23292     0.96214],11.868730782359728,22.34788622210029,1.4896497747786672,0.2936285128821526,0.290836144225558,33.5,4.1371487117847385,12.349697647118624,1.7342734014708507
frame_536,0,255,1,1,False,False,True,4.2666029839766715,True,True,[],[   -0.24456      0.1886     0.95112],15.013612962823862,23.422777719740136,1.5703757681143211,0.2939337883110587,0.2921787377804885,33.5,4.106621168894126,12.2585706534153,1.7390975753194493
frame_537,0,255,6,1,False,False,True,3.111322366767093,True,True,[],[   -0.14578      0.2431     0.95899],-2.83621521853727,-32.83150597243077,1.389488774791645,0.3104329901514503,0.313006155075451,33.5,2.4567009848549706,7.333435775686479,1.1110827698837356
frame_537,0,127,1,1,False,False,True,4.413676215448812,True,True,[],[   -0.18958     0.19833     0.96163],13.632275166046105,24.21687286261355,1.5832830220418244,0.2969474344355002,0.2941563278803114,33.5,3.805256556449982,11.35897479537308,1.7448886555923249
frame_538,0,255,6,1,False,False,True,3.0344282944841146,True,True,[],[   -0.17761     0.26873      0.9467],-2.2679212534416107,-32.78045825401726,1.3212419695024893,0.3015281513891401,0.3057528039606768,33.5,3.3471848610859887,9.991596600256685,1.1111090923006914
frame_538,0,127,1,1,False,False,True,4.448488702144255,True,True,[],[   -0.12774     0.22918     0.96497],12.9314745310033,25.53343783360782,1.455494801403983,0.2940806129448654,0.2912414455895221,33.5,4.091938705513459,12.214742404517787,1.7492841798719143
frame_539,0,255,6,1,False,False,True,2.9466393569730767,True,True,[],[   -0.13838     0.25838     0.95608],-2.6103850969601017,-32.95597314106725,1.3286245585396763,0.2926462717358782,0.3019223191525412,33.5,4.235372826412176,12.64290395943933,1.1089843717194343
frame_539,0,127,1,1,False,False,True,4.3988271394883895,True,True,[],[   -0.11873     0.23163     0.96553],7.58789875901046,25.26458404762524,1.5154011887733934,0.2874683600150963,0.2833474483922327,33.5,4.753163998490373,14.188549249224994,1.7554082260690491
frame_540,0,255,1,1,False,False,True,4.4223434358120715,True,True,[],[   -0.13365     0.21145     0.96821],10.692526756085954,27.109716680512,1.5142924532643982,0.2902001960386673,0.286794704317225,33.5,4.479980396133265,13.373075809353027,1.7576290751350656
frame_541,0,255,6,1,False,False,True,2.971264128608841,True,True,[],[   -0.23064     0.31036     0.92221],-2.109874477664376,-32.76881479676803,1.249147801734182,0.2903223276596578,0.3016209878719027,33.5,4.46776723403422,13.336618609057371,1.1089549894440442
frame_541,0,127,1,1,False,False,True,4.381924170433965,True,True,[],[  -0.078252     0.22799     0.97051],11.326517800054877,28.65887534409689,1.433213275553753,0.2912656580415686,0.28857262402814,33.5,4.37343419584314,13.05502745027803,1.7665244617093163
frame_542,0,255,6,1,False,False,True,2.960586325606106,True,True,[],[   -0.20954     0.28074     0.93663],-2.775501609556362,-32.087779111358266,1.3247322332127147,0.2929873233805732,0.3034418608329562,33.5,4.201267661942676,12.541097498336349,1.109238198979734
frame_542,0,127,1,1,False,False,True,4.3067484409435295,True,True,[],[  -0.057175     0.24206     0.96857],11.30600886567734,29.864778461533927,1.4901730346891056,0.294379209919539,0.2910008305448799,33.5,4.062079008046099,12.125608979242086,1.768299570216254
frame_543,0,255,6,1,False,False,True,2.8755879036011773,True,True,[],[   -0.19735     0.29103     0.93614],-1.4392866867161798,-31.95334024434424,1.4825080747944,0.2859995979300171,0.2955762425802868,33.5,4.900040206998291,14.626985692532212,1.110385379102138
frame_544,0,255,1,1,False,False,True,4.357606481745062,True,True,[],[  -0.069407     0.22573     0.97171],13.576061132704048,31.93339836387617,1.3604828141287797,0.2935198902073731,0.2896712038779346,33.5,4.14801097926269,12.382122326157283,1.7763174669153703
frame_544,0,127,6,1,False,False,True,3.0118799278457917,True,True,[],[   -0.26483     0.33018     0.90601],-2.608890710186352,-32.75586461229491,1.3406230815716322,0.2913273433828844,0.2985801589238474,33.5,4.367265661711556,13.036613915556885,1.1127454616405346
frame_545,0,255,1,1,False,False,True,4.396249353048744,True,True,[],[   -0.04136     0.25149     0.96698],14.437337801090456,32.94687405281281,1.2240494297540223,0.2925401443159792,0.2883851601874052,33.5,4.2459855684020775,12.67458378627486,1.7835161665729122
frame_546,0,255,6,1,False,False,True,3.0476324832740382,True,True,[],[   -0.24328     0.31774     0.91644],-1.6563816053927427,-31.76194986823427,1.608989453354824,0.2888099401357721,0.2956846203079756,33.5,4.619005986422787,13.788077571411304,1.1134207715681934
frame_546,0,127,1,1,False,False,True,4.206349119309179,True,True,[],[   -0.13853     0.19692     0.97058],14.823059053872516,31.23349203236089,1.407277017128974,0.2593883602545335,0.2579197093952475,33.5,7.561163974546647,22.57063872998999,1.7900111428622545
frame_547,0,255,1,1,False,False,True,4.00534023205188,True,True,[],[   -0.07646     0.23209     0.96968],13.791501152626331,28.646471407006715,1.358501614688215,0.2584718689529877,0.2571937690568885,33.5,7.6528131047012335,22.84421822298876,1.7897065601521922
frame_548,0,255,1,1,False,False,True,4.048443015730607,True,True,[],[  -0.099636     0.20601     0.97347],13.068304321280635,25.39682944732069,1.1595876840028223,0.2631611583664522,0.2602610963985216,33.5,7.183884163354776,21.444430338372467,1.7959206659541296
frame_549,0,255,1,1,False,False,True,4.013689563462862,True,True,[],[  -0.097712     0.21577     0.97154],13.26693244014353,22.32152684347245,1.1606282932833203,0.2794045199924374,0.2853801920985548,33.5,5.559548000756265,16.595665673899298,1.8056554485897396
frame_550,0,255,6,1,False,False,True,3.0234269833135166,True,True,[],[   -0.23786     0.32053     0.91689],-0.8843974732049423,-31.623547888607423,1.6378997994661573,0.2912824669426302,0.2992865220577487,33.5,4.371753305736981,13.050009867871584,1.1162067460405218
frame_550,0,127,1,1,False,False,True,4.031110827046018,True,True,[],[  -0.025021      0.2473     0.96862],18.13249142188524,21.133650829128385,1.1609072335387978,0.2878321370170964,0.2876308603170351,33.5,4.71678629829036,14.079959099374207,1.8054548708659572
frame_551,0,255,6,1,False,False,True,3.0679515320648947,True,True,[],[   -0.21077     0.28394     0.93539],-1.407441509354932,-31.548175316898256,1.5588456084285518,0.2923854083496445,0.3004956569369389,33.5,4.261459165035547,12.720773626971782,1.1163989552428455
frame_551,0,127,1,1,False,False,True,4.1847134562152535,True,True,[],[  -0.093056      0.2245     0.97002],14.79717648279136,16.877571839220963,1.4197195529291045,0.2915528648993082,0.2936093310015876,33.5,4.344713510069176,12.969294059907988,1.8063820734605327
frame_552,0,255,1,1,False,False,True,4.212459846136871,True,True,[],[   -0.23132      0.1724     0.95748],9.107574052692906,10.015449030550185,1.3640768513812904,0.2623420828531144,0.2595991254737413,33.5,7.265791714688557,21.688930491607632,1.813660460966924
frame_553,0,255,1,1,False,False,True,4.047618703664307,True,True,[],[    -0.2034     0.20265     0.95789],8.589821122595543,4.845589624927588,1.077861331943829,0.253308839222195,0.2560068810641788,33.5,8.169116077780503,24.385421127702998,1.818772629593109
frame_556,0,255,6,1,False,False,True,3.1895982911094616,True,True,[],[   -0.18483     0.27546     0.94338],44.95640338055858,132.22464786592136,1.3945881108696,0.8027261333017441,0.8886455909794484,33.5,46.77261333017441,139.6197412841027,1.1324428916439029
frame_557,0,255,6,1,False,False,True,3.0967242847545915,True,True,[],[   -0.22378      0.3179     0.92134],0.4545222367193046,-33.74826295950219,1.6482192576613373,0.2964498245167172,0.3067147015267401,33.5,3.8550175483282825,11.507515069636664,1.1206941764160705
frame_558,0,255,1,1,False,False,True,4.203448206654812,True,True,[],[   -0.11639     0.23443     0.96514],4.441820038045308,-15.701642740897562,1.0318732066808518,0.2707762738028904,0.2742839875713296,33.5,6.422372619710959,19.171261551376,1.8459030255966893
frame_558,0,127,6,1,False,False,True,3.1340401741570147,True,True,[],[   -0.15736     0.27365     0.94887],0.016129247540424,-34.025267571601894,1.677032955204961,0.2977434520153159,0.3086251756079095,33.5,3.725654798468408,11.121357607368385,1.120835707020213
frame_559,0,255,1,1,False,False,True,4.485714594172789,True,True,[],[   -0.12244     0.22647     0.96629],6.481089659725437,-18.60740707950595,1.0940141322185428,0.2693752853068483,0.2699138286689437,33.5,6.562471469315173,19.589467072582607,1.8454105997356225
frame_559,0,127,6,1,False,False,True,3.1023871778247996,True,True,[],[   -0.19911     0.30298     0.93196],-0.3214376112628349,-34.60159426089837,1.849139086173003,0.3017951069235408,0.3106888621992806,33.5,3.3204893076459188,9.911908381032593,1.1221913762731317
frame_560,0,255,6,1,False,False,True,3.061262110032353,True,True,[],[   -0.17521     0.27742     0.94464],-0.2247182176381709,-34.96627652101796,1.712810541423512,0.301415894027255,0.3097826053859013,33.5,3.358410597274503,10.025106260520904,1.121894268785014
frame_561,0,255,1,1,False,False,True,4.24620153716571,True,True,[],[   -0.11725     0.23285     0.96542],-0.1325597194210688,-24.588948284223733,0.9998801254969834,0.27048017203065,0.2667435180746528,33.5,6.451982796935002,19.25965014010448,1.8519721039226933
frame_563,0,255,1,1,False,False,True,4.177042777598471,True,True,[],[   -0.16896     0.29218     0.94132],-0.1738506663936585,-30.718735581993343,1.1768882352026195,0.2684102227956262,0.2630559194586073,33.5,6.658977720437381,19.877545434141435,1.8551491785756984
frame_564,0,255,1,1,False,False,True,4.4188900044173804,True,True,[],[   -0.21649     0.30128     0.92863],3.798434813354709,-31.947044498946177,1.140397468889724,0.2666361089261219,0.2629123094385437,33.5,6.836389107387808,20.407131663844204,1.8564052117115444
frame_565,0,255,6,1,False,False,True,3.170885941096367,True,True,[],[   -0.15033     0.26027     0.95376],0.048249423955101,-35.81180841866495,1.8365196450155488,0.3073580723702168,0.3121073934000142,33.5,2.7641927629783183,8.251321680532293,1.1274237991954164
frame_565,0,127,1,1,False,False,True,4.508183560014872,True,True,[],[   -0.21016     0.30178     0.92993],2.9045195644957658,-33.81562610104946,1.1100956350266558,0.2676515979224005,0.2650389946317932,33.5,6.734840207759945,20.10400062017894,1.8541919359543624
frame_566,0,255,1,1,False,False,True,4.49210126326079,True,True,[],[   -0.20077     0.31136     0.92884],1.6730368877481394,-36.00735556128158,1.1864804689388748,0.2641346394032105,0.2601088352116888,33.5,7.0865360596789495,21.153838984116263,1.8592631376786288
frame_567,0,255,6,1,False,False,True,3.2441009790541946,True,True,[],[   -0.15313     0.26853     0.95102],0.0806532564046007,-35.000943031773744,1.811837961869924,0.3050618183207851,0.3092007447441365,33.5,2.9938181679214857,8.936770650511898,1.1272954269854958
frame_567,0,127,1,1,False,False,True,4.613382331334218,True,True,[],[    -0.1751     0.30874     0.93489],2.4712206162487096,-37.06832446035414,1.201423953741047,0.2757975157604866,0.2730679293554093,33.5,5.920248423951335,17.672383355078615,1.8633427382298915
frame_568,0,255,6,1,False,False,True,3.432214472337254,True,True,[],[   -0.11479     0.21449     0.96996],0.2622507737345493,-34.654948671443485,1.9117700652522067,0.3049798600144217,0.3117136064785258,33.5,3.0020139985578345,8.96123581659055,1.1273204112532291
frame_568,0,127,1,1,False,False,True,4.36571471640913,True,True,[],[  -0.092775     0.28028     0.95542],1.9144155065460249,-37.47039837250762,1.3551020995346343,0.2958914826479317,0.2964062792635916,33.5,3.910851735206827,11.674184284199484,1.861888191029469
frame_569,0,255,6,1,False,False,True,3.3989639189669263,True,True,[],[   -0.11848     0.21763     0.96881],0.1086020284179381,-34.235533483501754,1.90825186607972,0.3088766533172088,0.3130644506275024,33.5,2.612334668279115,7.798013935161537,1.127512954129182
frame_569,0,127,1,1,False,False,True,4.3318868376786686,True,True,[],[   -0.12745     0.28431     0.95022],7.424212771091976,-38.95053105165069,1.2592354020670158,0.2736755281006689,0.271196800408802,33.5,6.13244718993311,18.305812507263013,1.86077796576668
frame_570,0,255,6,1,False,False,True,3.3284162535629096,True,True,[],[   -0.11387     0.21032     0.97098],1.3514431464050132,-33.732928894080466,2.0392640836833964,0.3044945639884974,0.3086569545602002,33.5,3.050543601150263,9.106100301941083,1.1264276143432643
frame_570,0,127,1,1,False,False,True,4.276595996553568,True,True,[],[   -0.13208     0.30689     0.94253],4.469187724216858,-40.25121286317408,1.383255468328169,0.276888041227332,0.2769551294123991,33.5,5.811195877266795,17.346853364975505,1.858902314313607
frame_571,0,255,1,1,False,False,True,4.4528027608101635,True,True,[],[   -0.11121     0.28811     0.95112],4.8400893329353485,-41.11951610782519,1.3059908695160218,0.2781600416198691,0.2819539878676845,33.5,5.6839958380130895,16.967151755262954,1.8640232823822835
frame_572,0,255,6,1,False,False,True,3.2600221612027593,True,True,[],[   -0.12809     0.23189     0.96427],0.5804240031688279,-35.89433897667365,1.992852529077934,0.2991603416671155,0.2978157980381372,33.5,3.5839658332884494,10.698405472502834,1.1272590276689576
frame_572,0,127,1,1,False,False,True,4.433718886478183,True,True,[],[  -0.086436     0.27052     0.95883],6.553525145305635,-41.70424622100709,1.2182086631620743,0.2755776243652658,0.274930114230408,33.5,5.942237563473418,17.73802257753259,1.859652253494462
frame_573,0,255,6,1,False,False,True,3.271281855068369,True,True,[],[   -0.11417     0.22837     0.96686],1.06498990951759,-33.63125053647487,1.899751162652537,0.3075924057079893,0.3079471378118735,33.5,2.7407594292010726,8.181371430450964,1.1273799819188168
frame_573,0,127,1,1,False,False,True,4.5053071203135895,True,True,[],[  -0.067854     0.25658     0.96414],6.8317780192120034,-42.36790597775703,0.7117643184740259,0.2800825265528435,0.2833338043454502,33.5,5.491747344715653,16.39327565586762,1.86490344756653
frame_574,0,255,6,1,False,False,True,3.214437549195897,True,True,[],[   -0.11616     0.22869     0.96654],1.2737218202725578,-33.23905158234065,1.9084079789982864,0.3090248897299567,0.31060143905996,33.5,2.597511027004329,7.753764259714415,1.128078044270039
frame_574,0,127,1,1,False,False,True,4.221953251163761,True,True,[],[  -0.074331     0.28161     0.95665],8.799249166910935,-43.46103504007775,1.2324694495294233,0.2673581163621852,0.2655686131160293,33.5,6.764188363781481,20.19160705606412,1.872939789309788
frame_575,0,255,6,1,False,False,True,3.3500665228762183,True,True,[],[    -0.1036     0.23097     0.96743],0.8218202554696813,-33.55848199092768,1.8383835091489344,0.3045782380740776,0.3079358398413296,33.5,3.042176192592244,9.081122962961922,1.1265534459289377
frame_575,0,127,1,1,False,False,True,4.2285717541484065,True,True,[],[  -0.048108     0.28066      0.9586],10.223995031859804,-43.03571446143018,1.2398016590588763,0.2690712299709824,0.2664053234168465,33.5,6.592877002901759,19.68022985940824,1.8727576066768563
frame_576,0,255,6,1,False,False,True,3.3087051512758183,True,True,[],[  -0.096933     0.22438     0.96967],1.5785422710652244,-33.66883860322489,1.8806991080330424,0.3097102794552684,0.3127645201095351,33.5,2.5289720544731606,7.549170311860181,1.1258464988154344
frame_576,0,127,1,1,False,False,True,4.342105959923613,True,True,[],[  -0.043132     0.27719     0.95985],12.408820125906972,-43.52691727045982,0.9950939668544894,0.2661077861216717,0.2645205624215283,33.5,6.889221387832828,20.56483996368009,1.873534232840488
frame_577,0,255,6,1,False,False,True,3.119078440434122,True,True,[],[   -0.10703     0.24095     0.96462],1.2836058986403744,-34.0077234237195,1.8815963167543328,0.3134191158926482,0.3167072338053102,33.5,2.1580884107351817,6.442054957418453,1.1239031975830325
frame_577,0,127,1,1,False,False,True,4.459459670286065,True,True,[],[  -0.013187     0.24462     0.96953],14.981044097267771,-44.380234931425214,1.221134979023401,0.2679239807310332,0.2668358546973736,33.5,6.707601926896683,20.022692319094578,1.8752818877963269
frame_578,0,255,1,1,False,False,True,4.319728139229309,True,True,[],[  -0.015694     0.25203     0.96759],-17.155925318288503,134.71063936935462,1.3255548634453838,0.2673761785570923,0.2668626831785558,33.5,6.762382144290774,20.18621535609186,1.8757283744470736
frame_579,0,255,6,1,False,False,True,3.0503219920563245,True,True,[],[  -0.097726     0.22261        0.97],4.166106825426744,-34.10353492559166,1.844298255007168,0.3120630433941549,0.314777769507586,33.5,2.293695660584505,6.846852718162701,1.1263143501498485
frame_579,0,127,1,1,False,False,True,4.36850176646598,True,True,[],[  -0.024193     0.26176     0.96483],-13.746089807170712,132.80106789097118,1.2327313107558917,0.2678388607976789,0.2660744868602731,33.5,6.716113920232108,20.048101254424203,1.883976972848177
frame_580,0,255,6,1,False,False,True,3.2661150111426545,True,True,[],[  -0.098271     0.24084     0.96558],2.3412720193284158,-33.59823066397687,1.8070498467065237,0.3129586141864726,0.3187483116807952,33.5,2.204138581352744,6.579518153291772,1.1240327143227802
frame_580,0,127,1,1,False,False,True,4.339480114683386,True,True,[],[   -0.02913      0.2739     0.96132],-17.19064885751459,131.07004276203642,1.3674030296121769,0.262960062907137,0.2608480041271016,33.5,7.2039937092863,21.50445883369045,1.8878766119738908
frame_581,0,255,6,1,False,False,True,3.2870527035098323,True,True,[],[   -0.13067     0.28241     0.95035],1.5388408378549572,-34.604846210537275,1.792885989966525,0.3142418414055649,0.3198808020953496,33.5,2.0758158594435083,6.196465252070174,1.122376213334301
frame_581,0,127,1,1,False,False,True,4.277580312279973,True,True,[],[  0.0035139     0.25226     0.96765],-15.611832257717248,129.38321273554894,1.3389974859266258,0.2599220346103502,0.2592286921576273,33.5,7.507796538964978,22.411332952134263,1.8980782115607475
frame_582,0,255,6,1,False,False,True,3.3307121678386546,True,True,[],[  -0.098178     0.25483     0.96199],2.881845557161669,-34.09228631156939,1.7873778510063725,0.320584002485329,0.3228959654356249,33.5,1.4415997514670986,4.303282840200295,1.1225278377033758
frame_582,0,127,1,1,False,False,True,4.300073838459189,True,True,[],[  -0.016125     0.27811     0.96041],-15.231830442783004,127.81600147641792,1.2901537869680957,0.257684933538952,0.2568261452731384,33.5,7.731506646104797,23.079124316730734,1.9079563696438155
frame_583,0,255,6,1,False,False,True,3.352576376059491,True,True,[],[  -0.093845      0.2656      0.9595],2.466701193942753,-33.731558694221384,1.854105777192348,0.323585496901033,0.328351887451441,33.5,1.1414503098967022,3.407314357900604,1.122099293126808
frame_583,0,127,1,1,False,False,True,4.224460421402156,True,True,[],[ -0.0043262     0.26857     0.96325],-14.601083133429844,126.77250426741942,1.1994480116975537,0.2609317855887359,0.2612979658536589,33.5,7.40682144112641,22.109914749631077,1.910221511929275
frame_584,0,255,6,1,False,False,True,3.3858045444077125,True,True,[],[  -0.079722     0.25579     0.96344],2.428535621005054,-33.86198170938684,1.8447741965578528,0.3152067863496416,0.3209743431852053,33.5,1.9793213650358357,5.908421985181598,1.1212815773245737
frame_584,0,127,1,1,False,False,True,4.227602010381703,True,True,[],[   0.076648     0.19437     0.97793],-12.27644594926547,125.24704469089636,1.3035249738575596,0.262220977520904,0.262831553026253,33.5,7.277902247909601,21.725081337043587,1.9223822154277976
frame_585,0,255,6,1,False,False,True,3.3024781250550963,True,True,[],[  -0.083688     0.25965     0.96207],3.8119810107805785,-33.35806102769892,1.876070953680922,0.3143028225911333,0.3191580527083432,33.5,2.0697177408866674,6.178261913094529,1.120758648420528
frame_585,0,127,1,1,False,False,True,3.9371557058473545,True,True,[],[   0.085864     0.19006     0.97801],-11.141033991746152,124.42897728193124,1.078456645533295,0.261524906297034,0.262428486076121,33.5,7.347509370296601,21.932863791930156,1.9280622440505315
frame_586,0,255,6,1,False,False,True,3.4076739320588243,True,True,[],[  -0.070397     0.25531     0.96429],3.922753247827784,-33.36040639239762,1.8075483658032536,0.313612019661874,0.3206249462461441,33.5,2.1387980338126003,6.38447174272418,1.1206849960461511
frame_586,0,127,1,1,False,False,True,3.917839243122421,True,True,[],[    0.11065     0.17278     0.97873],-15.282732981283758,123.24917562898185,1.3199899296951412,0.2497161221912612,0.2518489136041686,33.5,8.528387780873883,25.45787397275786,1.9375956771754417
frame_587,0,255,6,1,False,False,True,3.2934343671685786,True,True,[],[  -0.085049      0.2559     0.96296],3.5571152699914386,-33.273166034278425,1.977900552480752,0.3057699705283613,0.3155823952260756,33.5,2.923002947163872,8.725381931832455,1.1192462596001735
frame_587,0,127,1,1,False,False,True,4.012422191467579,True,True,[],[   0.072362     0.21068     0.97487],-12.547384158394287,125.49504203524984,1.0194219216033884,0.278960214242944,0.2867183997489674,33.5,5.603978575705598,16.728294255837607,1.940282999575138
frame_588,0,255,6,1,False,False,True,3.4039356936519365,True,True,[],[  -0.066094     0.24415     0.96748],3.912774263734023,-32.87155866339267,1.9647009178237973,0.31054585572027,0.3186413427813933,33.5,2.445414427972997,7.299744561113424,1.1183182435871246
frame_588,0,127,1,1,False,False,True,4.100000457429017,True,True,[],[ -0.0090917      0.2869     0.95792],-11.657063511564736,122.16227631366036,1.2486313053950753,0.2829270088045719,0.2912065697232869,33.5,5.207299119542808,15.544176476247188,1.950712058475564
frame_589,0,255,1,1,False,False,True,4.226815331609463,True,True,[],[ -0.0034857     0.28966     0.95712],-13.449523992714033,121.59093543218992,1.2492548283341376,0.2507768355603793,0.2526979005768842,33.5,8.42231644396207,25.14124311630469,1.954896008340936
frame_590,0,255,6,1,False,False,True,3.5244728853440925,True,True,[],[  -0.024326      0.2226     0.97461],4.416394995833159,-32.578919817697034,1.978526730559821,0.3071519403878893,0.3172976346240965,33.5,2.784805961211073,8.312853615555442,1.116441952647188
frame_590,0,127,1,1,False,False,True,4.197009674324741,True,True,[],[   0.030961     0.25983     0.96516],-17.30774094537303,122.603847729092,1.268279069586867,0.2626105534268742,0.2553371168249038,33.5,7.2389446573125795,21.608790021828597,1.9587541958865
frame_591,0,255,6,1,False,False,True,3.5063698861212713,True,True,[],[  -0.034495     0.23858     0.97051],4.910701723738007,-32.413981193196264,1.8515052064139883,0.3097782738855628,0.320310859892536,33.5,2.522172611443718,7.528873466996173,1.1154305966535338
frame_591,0,127,1,1,False,False,True,4.20914502623511,True,True,[],[   0.048313     0.24088     0.96935],-13.600878628803326,122.30957264215466,1.264591160089283,0.2381483590936642,0.2408328395946956,33.5,9.685164090633574,28.910937583980814,1.962159429564445
frame_592,0,255,6,1,False,False,True,3.5516621573821348,True,True,[],[  -0.024313     0.23606     0.97143],5.00479629680469,-32.58424046310713,1.857044199746166,0.3125610460339473,0.3209765062989142,33.5,2.2438953966052666,6.698195213747065,1.1154394553499252
frame_592,0,127,1,1,False,False,True,3.8806173296138966,True,True,[],[   0.037036     0.23508     0.97127],-15.615464035874464,122.14415515593733,1.161041903697688,0.2571225952518496,0.2556850764849933,33.5,7.787740474815036,23.24698649198518,1.9687511105507955
frame_593,0,255,6,1,False,False,True,3.4681172676397294,True,True,[],[  -0.036359     0.24273     0.96941],5.721122298799302,-32.54835894074774,1.8817764614255352,0.3154649979678335,0.3250692997616285,33.5,1.9535002032166515,5.831343890198959,1.113898489830056
frame_593,0,127,1,1,False,False,True,3.8372480680828955,True,True,[],[  0.0016982      0.2793      0.9602],-16.378898671549884,122.44010830550708,0.9776247266150664,0.2627586802858753,0.2625872068543385,33.5,7.224131971412468,21.564573048992443,1.9781866473998315
frame_594,0,255,6,1,False,False,True,3.4485209694691945,True,True,[],[  -0.042316     0.26289      0.9639],5.308488382309339,-32.7453514062449,1.755873279400675,0.3186112887173723,0.3263255077964097,33.5,1.63887112826277,4.89215262167991,1.1143128020805602
frame_594,0,127,1,1,False,False,True,3.8448980206631553,True,True,[],[   0.014021      0.2669     0.96362],-18.3651153879222,122.67372969796882,1.1979521166918223,0.2598706715929487,0.2597588983820449,33.5,7.512932840705128,22.42666519613471,1.9837733203623475
frame_595,0,255,6,1,False,False,True,3.523180893949752,True,True,[],[  -0.012169     0.23721     0.97138],6.074816525177728,-32.61634797866429,1.789112111271122,0.3202749608095646,0.3290357710644098,33.5,1.4725039190435385,4.39553408669713,1.1129871345731976
frame_595,0,127,1,1,False,False,True,3.9664147059972943,True,True,[],[   0.019394     0.26253     0.96473],-21.92723147054106,123.28751670668296,1.117949669290777,0.2693732702674867,0.2662484754431033,33.5,6.562672973251332,19.590068576869648,1.9837271963295184
frame_596,0,255,6,1,False,False,True,3.45642152678046,True,True,[],[  -0.019549     0.24515     0.96929],6.774584499301112,-32.24142993333256,1.7807396157102175,0.3191037513550872,0.3287287523541383,33.5,1.5896248644912847,4.745148849227716,1.1127127235868268
frame_596,0,127,1,1,False,False,True,4.158695323335747,True,True,[],[    0.12603     0.12293     0.98438],-21.0619156807255,125.3792098884122,1.1386835209327086,0.2801861527192453,0.284689087605962,33.5,5.481384728075472,16.36234247186708,1.987535559576611
frame_597,0,255,6,1,False,False,True,3.4391759309341605,True,True,[],[  0.0048755     0.23061     0.97304],6.380422189077551,-32.43985765464143,1.7903756627494452,0.3214831058901441,0.332721821034867,33.5,1.3516894109855848,4.034893764136075,1.1123804869226293
frame_597,0,127,1,1,False,False,True,4.192949023192092,True,True,[],[   0.080969      0.2136     0.97356],-25.201165691447176,124.80855888348988,1.1667987974685243,0.2664358102769981,0.2584417095413917,33.5,6.856418972300188,20.466922305373693,1.9913555268010048
frame_598,0,255,6,1,False,False,True,3.5166624551429972,True,True,[],[ -0.0072202     0.24019      0.9707],7.258496754532267,-32.170414914191795,1.697810981255544,0.3213349173441807,0.3324322651621239,33.5,1.3665082655819338,4.079129150990847,1.112123121465168
frame_598,0,127,1,1,False,False,True,4.319638857978524,True,True,[],[    0.12391     0.15838     0.97957],-27.81003902338803,125.5296827087492,1.2588736435924608,0.3524801558909051,0.2760016807356304,33.5,1.748015589090507,5.217956982359722,1.9904250585811576
frame_599,0,255,6,1,False,False,True,3.4804468331645158,True,True,[],[  -0.027914     0.26448     0.96399],7.2384166464616495,-31.921278501397577,1.874337521918805,0.320416408399668,0.3304534041558828,33.5,1.458359160033201,4.353310925472242,1.1109544988347544
frame_599,0,127,1,1,False,False,True,4.3828516465444896,True,True,[],[   0.051717     0.25734     0.96494],-20.614537577657018,124.91536155622975,1.071814187868552,0.2699642426473986,0.2693966281039293,33.5,6.503575735260142,19.413658911224303,1.9895474781240632
frame_600,0,255,6,1,False,False,True,3.4646377744459116,True,True,[],[  -0.014022     0.24728     0.96884],7.046087806284061,-31.60053446914549,1.8186484557567344,0.3245348433961899,0.3333338523496504,33.5,1.0465156603810088,3.123927344420922,1.1108163121805887
frame_600,0,127,1,1,False,False,True,4.252066026404874,True,True,[],[    0.03951     0.26257      0.9641],-21.84190606301193,126.378616615416,0.5439336725179218,0.2592821499786971,0.2564228594419276,33.5,7.571785002130288,22.60234328994116,1.9865053637168213
frame_601,0,255,6,1,False,False,True,3.5626703212962907,True,True,[],[   0.013323     0.22791     0.97359],6.823549684332828,-31.14143979782975,2.012257070567296,0.3316403240141405,0.3438691601352753,33.5,0.3359675985859511,1.002888353987914,1.1102748794744703
frame_601,0,127,1,1,False,False,True,4.169101555442556,True,True,[],[ -0.0027758     0.34168     0.93981],-19.450425045221756,126.5292679335522,0.8872745810839355,0.2572919675441727,0.259425419829434,33.5,7.77080324558273,23.19642759875442,1.9805981253353968
frame_602,0,255,6,1,False,False,True,3.547198166659336,True,True,[],[  0.0049354     0.23597     0.97175],7.117700598965048,-30.76693381153773,2.010322587731451,0.3281218461447848,0.340568564740199,33.5,0.6878153855215174,2.053180255288112,1.108294064269562
frame_602,0,127,1,1,False,False,True,3.779070409115601,True,True,[],[    0.10065     0.16713     0.98078],-18.999253152685903,128.02035160525315,0.6487102000464655,0.2546162808909552,0.2576586724563441,33.5,8.038371910904479,23.995140032550683,1.980175837311643
frame_603,0,255,6,1,False,False,True,3.522119411115272,True,True,[],[  0.0035012     0.23313     0.97244],7.390588039330304,-30.98213321562354,1.970281825859489,0.3200474805563906,0.3319805200256328,33.5,1.4952519443609424,4.46343863988341,1.108051883900246
frame_603,0,127,1,1,False,False,True,3.758275267639246,True,True,[],[   0.075617     0.20523     0.97579],-15.452627026294262,127.87684792224242,0.5601428090487375,0.2545930412582498,0.2604037508618521,33.5,8.040695874175025,24.00207723634336,1.9787693576281624
frame_604,0,255,1,1,False,False,True,3.590801225855646,True,True,[],[    0.11132     0.13735     0.98425],-11.287748307242335,127.79963891897134,0.4580748940539436,0.2423363071056631,0.2491719256223933,33.5,9.26636928943369,27.660803849055792,1.978432943122556
frame_605,0,255,1,1,False,False,True,3.6834950889975557,True,True,[],[   0.092111     0.17327     0.98056],-11.48747572527338,129.13077392792354,0.5255794005275884,0.2369331498652852,0.2398230922799347,33.5,9.806685013471483,29.273686607377563,1.9757810367478263
frame_606,0,255,6,1,False,False,True,3.450595275639936,True,True,[],[ -0.0029212     0.23444     0.97213],5.454326350658821,-30.49352690141193,1.9904615406139663,0.3165927225568645,0.3294394885660942,33.5,1.8407277443135472,5.494709684518051,1.104489956820911
frame_606,0,127,1,1,False,False,True,3.725412055222582,True,True,[],[     0.1349     0.16454      0.9771],-10.197746317991909,127.97960308534874,0.5141133459952556,0.2353390558474716,0.239012651547737,33.5,9.966094415252837,29.74953556791891,1.977163460701024
frame_607,0,255,6,1,False,False,True,3.5019161545535926,True,True,[],[  0.0045568     0.22313     0.97478],5.182343116375823,-30.088623607302864,2.042481250330217,0.3227024145519009,0.3329252920516399,33.5,1.229758544809911,3.670921029283317,1.103347100710478
frame_607,0,127,1,1,False,False,True,3.796055419398221,True,True,[],[    0.14542     0.18085      0.9727],-9.270424038414893,128.33721571497014,0.5556812260071196,0.2431296790162816,0.2450615729675778,33.5,9.187032098371834,27.423976413050248,1.9769972329829817
frame_608,0,255,6,1,False,False,True,3.738975578126304,True,True,[],[   0.031123     0.20902     0.97742],3.9194232016278887,-29.73432229219485,2.040612073228756,0.322563916797199,0.3342899096396878,33.5,1.2436083202800985,3.71226364262716,1.1014665419845089
frame_608,0,127,1,1,False,False,True,4.079145065426548,True,True,[],[    0.12946        0.22     0.96687],-5.944953352249099,130.64716528297637,0.5710915280692426,0.2793630609659124,0.2832787451724701,33.5,5.5636939034087565,16.608041502712705,1.9768234182222644
frame_609,0,255,6,1,False,False,True,3.4878627861924447,True,True,[],[-0.00023124     0.22829     0.97359],3.711796686064712,-29.961835301218336,1.9260035682094525,0.3258087996597362,0.3361079170973957,33.5,0.9191200340263828,2.743641892616068,1.099963107467535
frame_609,0,127,1,1,False,False,True,3.9080214422917883,True,True,[],[    0.25134    0.083023     0.96433],-5.19814606587687,132.17324149658816,0.5440808273493967,0.2913579039345889,0.2964321633729261,33.5,4.364209606541114,13.027491362809297,1.9780092947609216
frame_610,0,255,6,1,False,False,True,3.469288039654684,True,True,[],[  0.0029419     0.23634     0.97167],3.308550644823109,-30.51846740727447,1.8064575234453228,0.3242010241872921,0.3356620666187786,33.5,1.079897581270789,3.223574869465041,1.0990111518505656
frame_610,0,127,1,1,False,False,True,3.9411324458333277,True,True,[],[    0.26741    0.077971     0.96042],-3.7598861603228233,130.7580404879044,0.5235886488893557,0.2898739110316632,0.2926222873325854,33.5,4.512608896833681,13.470474318906511,1.9759265039292784
frame_611,0,255,6,1,False,False,True,3.4541485025644465,True,True,[],[ -0.0053441      0.2418     0.97031],3.4470832776718408,-30.87070268693901,1.7080656982147435,0.3207189781991159,0.3325932314334947,33.5,1.4281021800884086,4.262991582353458,1.0978100424065538
frame_611,0,127,1,1,False,False,True,4.228790221743228,True,True,[],[    0.31202    0.064982     0.94785],-2.9699196632855998,130.29843900197412,0.525513105162936,0.2900428956724751,0.2908522320987392,33.5,4.495710432752492,13.420031142544753,1.9748159755057704
frame_612,0,255,6,1,False,False,True,3.414840428925384,True,True,[],[  -0.029379     0.24124     0.97002],3.469314928637141,-31.145177231426107,1.7870734132659216,0.3197657475800119,0.3310668010151261,33.5,1.5234252419988048,4.547538035817328,1.0965291089553473
frame_612,0,127,1,1,False,False,True,4.315366206779148,True,True,[],[    0.31727    0.038765     0.94754],-2.0911727741625725,130.1900043104915,0.6464160826804637,0.2903272720498439,0.2890855361991535,33.5,4.467272795015615,13.335142671688402,1.9753423313810636
frame_613,0,255,6,1,False,False,True,3.3318405533840822,True,True,[],[  -0.036796     0.25313     0.96673],2.066402433663852,-31.818412724025976,1.81426097458708,0.3155938062019038,0.3259645965325074,33.5,1.9406193798096216,5.7928936710734975,1.0931559213157476
frame_613,0,127,1,1,False,False,True,4.319284073711777,True,True,[],[    0.34637   0.0035829     0.93809],-3.046479936301555,130.67645304508466,0.5779679050637807,0.2928468279191904,0.2912541557291298,33.5,4.215317208080959,12.583036442032714,1.974316315151056
frame_614,0,255,6,1,False,False,True,3.3264328979045352,True,True,[],[  -0.034688     0.24616     0.96861],2.0321499215344674,-31.97231001076149,1.7878385681156934,0.3144590373937089,0.3254723671546653,33.5,2.0540962606291124,6.131630628743619,1.092067449985559
frame_614,0,127,1,1,False,False,True,4.371508434458953,True,True,[],[    0.35062    0.010903     0.93645],-3.2082361393955856,131.74985286628348,0.5634901793690295,0.2964329639279072,0.2984731853228524,33.5,3.8567036072092833,11.51254808122174,1.9735275149746776
frame_615,0,255,6,1,False,False,True,3.357289412598219,True,True,[],[  -0.022439     0.23561     0.97159],1.72939018158486,-31.775952003690517,1.737888653126265,0.3161816037379868,0.3247418677349992,33.5,1.8818396262013148,5.617431720003925,1.0903184021982255
frame_615,0,127,1,1,False,False,True,4.347639127379167,True,True,[],[     0.3137    0.037897     0.94876],-2.3506036284922884,132.6636089954873,0.5708251645571571,0.2960139797894388,0.2986153907967618,33.5,3.898602021056119,11.637617973301849,1.9709918650045788
frame_616,0,255,6,1,False,False,True,3.3202870289507747,True,True,[],[  -0.027854     0.23887     0.97065],1.3168136483504331,-32.07395056973886,1.770164979317929,0.312794654820576,0.3218918890027857,33.5,2.2205345179423963,6.628461247589243,1.0874691329936723
frame_616,0,127,1,1,False,False,True,4.318958402773854,True,True,[],[    0.31532    0.055154     0.94738],-2.08558895247718,133.58520235145556,0.5606065638909821,0.292862524719694,0.2945819135655639,33.5,4.213747528030604,12.5783508299421,1.9699994220083563
frame_617,0,255,6,1,False,False,True,3.316738210461444,True,True,[],[  -0.029334     0.23703     0.97106],0.8990024080295914,-32.163709048515535,1.7386248846368948,0.3145773180564273,0.3250132086931406,33.5,2.0422681943572663,6.096322968230646,1.084856349452369
frame_617,0,127,1,1,False,False,True,4.132341822278014,True,True,[],[     0.3747   0.0014174     0.92714],4.7757315335827,-44.42522983986391,0.584522470196289,0.294687561888688,0.294382116485286,33.5,4.031243811131197,12.033563615317004,1.9673235144691388
frame_618,0,255,1,1,False,False,True,3.882001140749739,True,True,[],[    0.32122    0.070947     0.94434],0.3708629052929603,-44.23230901267737,1.3318504474326869,0.2912943492845946,0.2944172362064825,33.5,4.370565071540539,13.04646290012101,1.9701645153600924
frame_619,0,255,6,1,False,False,True,3.270521782388647,True,True,[],[  -0.080696     0.27185     0.95895],0.4578825642069575,-32.33221256313925,1.792250964467635,0.3124342357328166,0.3249145858043973,33.5,2.2565764267183432,6.736049034980129,1.080971204459935
frame_619,0,127,1,1,False,False,True,3.9047989257239646,True,True,[],[     0.3324    0.050537     0.94178],3.3652719676730896,-42.69683157388541,0.9547610635902336,0.2855628416258847,0.2915605712610039,33.5,4.943715837411528,14.757360708691127,1.962879310330763
frame_620,0,255,1,1,False,False,True,3.9546638439568054,True,True,[],[    0.34443   0.0040495      0.9388],1.0503890753214549,-42.53793404672352,0.5783958595876468,0.2874109923800408,0.2909248164201303,33.5,4.758900761995916,14.20567391640572,1.9631868373670007
frame_621,0,255,1,1,False,False,True,4.110411842692802,True,True,[],[    0.29295    0.082502     0.95256],2.9609583473949748,-42.1766957200071,1.2520887291540703,0.2874528399159881,0.2967758482214332,33.5,4.754716008401188,14.193182114630412,1.9563756006855075
frame_622,0,255,1,1,False,False,True,4.053008467628101,True,True,[],[    0.31809    0.056991     0.94635],7.792849575999564,-40.864190839150815,1.21144514712148,0.2900856637817796,0.2934614156962837,33.5,4.491433621822038,13.407264542752351,1.9509954167741297
frame_623,0,255,1,1,False,False,True,4.011006435250841,True,True,[],[    0.26554     0.10398     0.95848],5.634005812852235,-41.94042151133633,1.1908196241707465,0.2814200697592284,0.2924656921802185,33.5,5.357993024077162,15.994009027096007,1.9512673009131831
frame_624,0,255,1,1,False,False,True,4.029141231535598,True,True,[],[    0.21932     0.13404      0.9664],15.389459858479771,-44.147988141276215,1.1628060903407729,0.2441409926876915,0.2408313708514155,33.5,9.08590073123085,27.122091735017467,1.9454486448151305
frame_625,0,255,6,1,False,False,True,3.2154444735339327,True,True,[],[   -0.10177     0.27303     0.95661],-1.2817071606549997,-35.05679224989859,1.6997936221237566,0.3104914047130082,0.318606981013423,33.5,2.4508595286991786,7.315998593131876,1.070640116213335
frame_625,0,127,1,1,False,False,True,4.003238964809127,True,True,[],[    0.21643     0.13243     0.96728],5.885384557949569,-42.69354290801424,1.1486617272569166,0.2852149425296935,0.3010243867598822,33.5,4.978505747030648,14.861211185166114,1.95209626177621
frame_626,0,255,6,1,False,False,True,3.1945960018655404,True,True,[],[  -0.090159     0.26506     0.96001],-1.781137226036577,-35.48758408218355,1.7380867894957777,0.3108036851376942,0.3206496524460706,33.5,2.419631486230584,7.222780555912189,1.0684014550617214
frame_626,0,127,1,1,False,False,True,3.7467954105423056,True,True,[],[    0.15909     0.18721     0.96935],9.589743653938408,-44.54332121219469,0.981873975183568,0.2599150422579671,0.2626472537270847,33.5,7.508495774203294,22.41342022150237,1.9447297895776812
frame_627,0,255,1,1,False,False,True,3.756930679953929,True,True,[],[    0.25067     0.15343     0.95584],-11.93689487589524,133.65995335104745,1.3276815416429182,0.2644863702010266,0.2681350354067829,33.5,7.051362979897341,21.048844716111468,1.9445924766736689
frame_628,0,255,6,1,False,False,True,3.2388107666085313,True,True,[],[   -0.10582     0.27663     0.95513],-1.1252379297321815,-35.60016833214895,1.7246121151985951,0.3150027828398178,0.3234040249193802,33.5,1.9997217160182208,5.969318555278273,1.0634029290030191
frame_628,0,127,1,1,False,False,True,3.636697840969035,True,True,[],[    0.25105     0.11507     0.96111],-16.77170262103983,134.75469459355497,1.1616288532921455,0.2647947021891421,0.2648716176986225,33.5,7.020529781085788,20.956805316673996,1.942195789729168
frame_629,0,255,1,1,False,False,True,3.8239550844154406,True,True,[],[    0.23667     0.15409     0.95929],-12.07329872610148,131.5276196686585,1.284060029847168,0.260614716786458,0.263414323001048,33.5,7.438528321354204,22.20456215329613,1.942937997508912
frame_630,0,255,6,1,False,False,True,3.2605820449794876,True,True,[],[    -0.1098     0.27926     0.95392],0.1143130857576555,-35.72404698817905,1.69026710160502,0.3120281228222814,0.3203103377286779,33.5,2.297187717771859,6.857276769468236,1.0582722853572903
frame_630,0,127,1,1,False,False,True,3.7361110773932444,True,True,[],[    0.20632     0.19846     0.95815],-7.657248156099866,128.53315688180282,1.1917583345619334,0.2601223928137239,0.263673129938739,33.5,7.487760718627612,22.35152453321675,1.945102173318847
frame_631,0,255,6,1,False,False,True,3.261438785538216,True,True,[],[   -0.11375     0.27783     0.95387],0.0613209655892119,-35.797426668228645,1.7163898496485397,0.3115164122483603,0.321681554446299,33.5,2.3483587751639723,7.01002619451932,1.0568402337946745
frame_631,0,127,1,1,False,False,True,3.66279055731421,True,True,[],[     0.2586     0.16987     0.95093],-11.101180882624952,127.41662185064976,1.2900077223055837,0.2445710748593286,0.2427979891507824,33.5,9.04289251406714,26.99370899721535,1.943120294366001
frame_632,0,255,6,1,False,False,True,3.307750872430616,True,True,[],[   -0.10974     0.26661     0.95754],1.0585214846877964,-35.92695472795518,1.6895611338138288,0.3159751663822356,0.3218536155787355,33.5,1.902483361776436,5.679054811272943,1.0548364546771016
frame_632,0,127,1,1,False,False,True,3.7421100260567033,True,True,[],[     0.3302     0.11073     0.93739],-16.830136123235683,129.4047736460282,1.35735968256882,0.261244725483763,0.256686562067316,33.5,7.375527451623704,22.016499855593143,1.9412965803225504
frame_633,0,255,1,1,False,False,True,3.7828950648333963,True,True,[],,-14.062574351293655,128.49473451545194,-1.0,0.2544247679276653,0.257368457078945,33.5,8.05752320723347,24.052308081293937,1.946169678060925
frame_634,0,255,1,1,False,False,True,3.806788919165158,True,True,[],[    0.24864     0.16543     0.95436],-17.72816274601834,129.4380060467376,1.2984665209483095,0.2603713645245553,0.2534900300185114,33.5,7.462863547544468,22.277204619535727,1.9469858114918075
frame_635,0,255,1,1,False,False,True,3.754192538837137,True,True,[],[    0.28598     0.14511     0.94718],-15.3445249964131,126.16228960266018,1.2873075450215707,0.245157411175349,0.248074826245142,33.5,8.984258882465095,26.81868323123909,1.9443220628912827
frame_636,0,255,6,1,False,False,True,3.523436105923255,True,True,[],[  -0.086852     0.26304     0.96087],3.2406346204198937,-36.93100603713234,1.6820930773298557,0.3145616560433504,0.3207872364320288,33.5,2.0438343956649616,6.10099819601481,1.0458657444760018
frame_636,0,127,1,1,False,False,True,3.8516415881807005,True,True,[],[      0.354    0.024911     0.93492],-13.468816756298228,127.23659926443534,1.2158008834990626,0.2467512702627098,0.2473016110762707,33.5,8.82487297372902,26.342904399191102,1.9455131595400537
frame_637,0,255,1,1,False,False,True,3.8865407356744885,True,True,[],[    0.33426    0.081371     0.93896],-16.694734678990162,131.2719733465387,1.1707060507203648,0.2596523963828158,0.2491605441482547,33.5,7.534760361718424,22.491821975278874,1.9445682605980217
frame_638,0,255,6,1,False,False,True,3.6102834501022745,True,True,[],[    -0.0951     0.27046     0.95802],4.047188872951502,-37.47054981010785,1.7908654321350357,0.3179215453624855,0.3236439757319003,33.5,1.707845463751445,5.098046160452075,1.0418692260889653
frame_638,0,127,1,1,False,False,True,3.916343350315218,True,True,[],[    0.33909    0.096962     0.93574],-13.909920006611728,132.7660661865981,1.2986726880949933,0.2527979827963255,0.2546862134925388,33.5,8.220201720367454,24.53791558318643,1.9431312087165864
frame_639,0,255,6,1,False,False,True,3.639268050479918,True,True,[],[  -0.078256     0.25579     0.96356],5.223347530652992,-37.44105456008582,1.765885337806723,0.3182847237777674,0.3227896918863829,33.5,1.6715276222232622,4.989634693203768,1.0414935797679732
frame_639,0,127,1,1,False,False,True,3.692236338590511,True,True,[],[    0.38822    0.088109     0.91735],14.455656684853274,-44.9773656141,1.3286375032057745,0.2546465704917461,0.2553209114264795,33.5,8.035342950825392,23.986098360672813,1.9436220606347103
frame_640,0,255,6,1,False,False,True,3.714069280570194,True,True,[],[   -0.07725      0.2577     0.96313],5.596183677824785,-37.73022038996723,1.788737821189731,0.3187489377848689,0.324911634245174,33.5,1.6251062215131118,4.851063347800333,1.0408930932912652
frame_640,0,127,1,1,False,False,True,3.66458467889876,True,True,[],[    0.30575     0.14833     0.94049],18.433694470270584,-40.98231937221938,1.2703019847664692,0.2636384351542169,0.262110187783395,33.5,7.13615648457831,21.30195965545764,1.949507041394755
frame_641,0,255,6,1,False,False,True,3.700751187040936,True,True,[],[  -0.088878     0.27377     0.95768],6.866516107725724,-37.637556150314765,1.7654587808443756,0.3192022541914142,0.3243665395794577,33.5,1.579774580858584,4.71574501748831,1.0391650572949291
frame_641,0,127,1,1,False,False,True,3.710125754727248,True,True,[],[    0.35984    0.089282     0.92873],15.324497460298389,-38.76660274857622,1.344454215313536,0.2591034436682424,0.2589621264890873,33.5,7.589655633175757,22.655688457241062,1.947131241507705
frame_642,0,255,6,1,False,False,True,3.739272932843841,True,True,[],[  -0.077884     0.26315     0.96161],8.565242989772894,-37.1350243383587,1.7978367718811683,0.3205339674402823,0.326394081918927,33.5,1.4466032559717734,4.318218674542607,1.038879624682352
frame_642,0,127,1,1,False,False,True,3.8612906616670144,True,True,[],[    0.33279     0.11623     0.93581],12.91025311107874,-33.80531766534242,1.2406873483812828,0.2705172342675629,0.2712515412469779,33.5,6.448276573243711,19.24858678580212,1.9451951030602528
frame_643,0,255,6,1,False,False,True,3.770665518524499,True,True,[],[  -0.063708     0.25787     0.96408],10.063726993316918,-37.10389070512132,1.724755193346077,0.3198449601536792,0.3264951651953308,33.5,1.5155039846320773,4.523892491439037,1.038655241151874
frame_644,0,255,6,1,False,False,True,3.7151073071148097,True,True,[],[  -0.070942     0.26479     0.96169],10.999963531872051,-37.30042870365223,1.78179226196722,0.3239339102751176,0.3287329690414305,33.5,1.1066089724882378,3.3033103656365306,1.038373026113744
frame_645,0,255,1,1,False,False,True,3.8026795902621875,True,True,[],[    0.41627    0.079868     0.90573],11.51230647945336,-12.030155903069838,0.8471301398542006,0.2627883126660687,0.25945539424132,33.5,7.22116873339313,21.55572756236755,1.9579006435861623
frame_645,0,127,6,1,False,False,True,3.778247163666934,True,True,[],[  -0.052902     0.26477     0.96286],11.859730613717897,-37.09459285617942,1.7372718490266723,0.3204229824580691,0.3253092706384763,33.5,1.4577017541930914,4.3513485199793775,1.0381139543067337
frame_646,0,255,6,1,False,False,True,3.807275807250642,True,True,[],[  -0.046097     0.25448     0.96598],13.3002803076404,-36.892117084643246,1.7621114891247234,0.3211089896316196,0.3262882362181746,33.5,1.3891010368380363,4.146570259218018,1.0382602971358852
frame_647,0,255,6,1,False,False,True,3.8292086678081727,True,True,[],[  -0.026482     0.24843     0.96829],14.36802151834029,-36.91902215671916,1.7212404225308335,0.3197534937492803,0.3260843729209709,33.5,1.5246506250719716,4.551195895737228,1.0378439183134898
frame_648,0,255,6,1,False,False,True,3.75874262016764,True,True,[],[  -0.033002     0.25581     0.96616],15.303546560581276,-36.507998400226256,1.6968846088723506,0.3209548084319318,0.3273582540957308,33.5,1.4045191568068216,4.192594497930811,1.0368126300778464
frame_649,0,255,1,1,False,False,True,3.797147437834156,True,True,[],,0.2399915673793552,15.597241115870917,-1.0,0.2406115204690534,0.2378215746792261,33.5,9.438847953094658,28.17566553162584,1.982204098795292
frame_649,0,127,6,1,False,False,True,3.7705679036120685,True,True,[],[   -0.04275     0.26095     0.96441],16.460419230937372,-36.19337265765868,1.7192279651638869,0.3210394390294394,0.3285235095685473,33.5,1.3960560970560587,4.16733163300316,1.0358229354032968
frame_650,0,255,6,1,True,False,True,3.72456095095929,,False,[],,,,,,,33.5,,,
frame_651,0,255,6,1,True,False,True,3.7487164401662922,,False,[],,,,,,,33.5,,,
frame_652,0,255,6,1,True,False,True,3.707746851904009,,False,[],,,,,,,33.5,,,
frame_653,0,255,1,1,False,False,True,3.9169777891480617,True,True,[],,1.6112734244398683,34.83180185411599,-1.0,0.2485118863827529,0.2457066872154646,33.5,8.648811361724713,25.81734734843198,1.987590510645158
frame_653,0,127,6,1,True,False,True,3.6380630669274012,,False,[],,,,,,,33.5,,,
frame_654,0,255,1,1,False,False,True,3.9393465233770932,True,True,[],[    0.53837     0.24694     0.80571],11.832990986201455,36.46688716397355,1.067687108450038,0.2923956086743633,0.2862994728494274,33.5,4.26043913256367,12.717728753921405,1.9986537002465303
frame_654,0,127,6,1,True,False,True,3.67523776648628,,False,[],,,,,,,33.5,,,
frame_655,0,255,1,1,False,False,True,3.859504366725495,True,True,[],[    0.51853     0.23066     0.82336],4.423647153570742,38.86145567665122,1.249374689415243,0.2543340009668262,0.2607352689011322,33.5,8.066599903317378,24.07940269646979,1.992131380002292
frame_655,0,127,6,1,True,False,True,3.699119048074644,,False,[],,,,,,,33.5,,,
frame_656,0,255,6,1,True,False,True,3.6787531721721223,,False,[],,,,,,,33.5,,,
frame_657,0,255,6,1,True,False,True,3.6931620760307933,,False,[],,,,,,,33.5,,,
frame_658,0,255,1,1,False,False,True,3.5499474995723217,True,True,[],,3.410873769555518,35.889164963673785,-1.0,0.2596701745382842,0.2521939858980941,33.5,7.53298254617158,22.486515063198745,2.0155723145055737
frame_658,0,127,6,1,True,False,True,3.701851378440371,,False,[],,,,,,,33.5,,,
frame_659,0,255,1,1,False,False,True,3.571428409488778,True,True,[],,2.4654001708008635,34.07004720425888,-1.0,0.2657837494966057,0.2547110525964208,33.5,6.921625050339425,20.66156731444605,2.0078355929939717
frame_659,0,127,6,1,True,False,True,3.6707062651286497,,False,[],,,,,,,33.5,,,
frame_660,0,255,1,1,False,False,True,3.4086580755600826,True,True,[],,10.17446741182455,30.500270562398864,-1.0,0.2727236032922495,0.265678461186011,33.5,6.227639670775048,18.589969166492683,2.014585868500756
frame_660,0,127,6,1,True,False,True,3.725350788994829,,False,[],,,,,,,33.5,,,
frame_661,0,255,1,1,False,False,True,3.362245377417864,True,True,[],[    0.63161       0.211     0.74602],5.61428892317865,24.98448767462672,0.8245003975417591,0.2361612086147344,0.2375896921652806,33.5,9.883879138526558,29.50411683142256,2.013993695626477
frame_661,0,127,6,1,True,False,True,3.7262181952498907,,False,[],,,,,,,33.5,,,
frame_662,0,255,1,1,False,False,True,3.204472848060951,True,True,[],[     0.3829    0.064766     0.92152],5.552065641993832,17.99599624699728,0.5787730777833571,0.2370698891769189,0.2388151592574008,33.5,9.793011082308109,29.232868902412257,2.0152552772425416
frame_662,0,127,6,1,True,False,True,3.7339768275208356,,False,[],,,,,,,33.5,,,
frame_663,0,255,1,1,False,False,True,3.0772196176656914,True,True,[],[    0.40635    0.056648     0.91196],2.2822674959816456,9.465049526524956,0.5363967425823319,0.2259108538423778,0.2212497964399905,33.5,10.908914615762216,32.56392422615587,2.011951181264109
frame_663,0,127,6,1,True,False,True,3.6881219533094676,,False,[],,,,,,,33.5,,,
frame_664,0,255,1,1,False,False,True,3.2189520769987756,True,True,[],[    0.35061    0.082504     0.93288],8.055930913550412,0.4952004159171279,0.4940430361238586,0.2535760191675846,0.2542181653781045,33.5,8.142398083241536,24.30566592012399,2.0087774356206256
frame_664,0,127,6,1,False,False,True,3.680874036154223,True,True,[],[  0.0043543     0.26194     0.96507],21.6922563071906,-33.92762788113719,1.7728164419781776,0.3165228399156524,0.3249839427161924,33.5,1.8477160084347577,5.515570174432113,1.032082049828034
frame_665,0,255,1,1,False,False,True,3.175324858286736,True,True,[],[    0.34899     0.10437      0.9313],9.21974911281625,-6.886199966722757,0.4920224066894496,0.2406880119446648,0.2268679209158535,33.5,9.43119880553352,28.15283225532394,2.0043911915782013
