frame_id,class_name,object_id,track_id,is_3D_complete,in_image_borders,does_overlap,is_front_fish,aspect_ratio,pointcloud_size_ok,fish_3d_ok,overlapping_fish_ids,fish_direction,elevation_deg,azimuth_deg,raw_length,filtered_length,spine_length,gt,abs_error_cm,rel_error_%,fish_dist_from_camera
frame_0,0,255,1,1,False,False,True,2.4611992981048374,True,True,[],[   0.050261     0.26624      0.9626],-32.630011840457136,-43.78413479313026,1.7050058398647887,0.29693859321193905,0.3114633582207709,29.1,0.5938593211939014,2.040753681078699,1.5929511723391496
frame_1,0,255,1,1,False,False,True,2.4582305900521293,True,True,[],[   0.044912     0.26173      0.9641],-30.679298062268476,-42.49325950191529,1.7108389940048994,0.28907166355665026,0.30858886118254475,29.1,0.19283364433497763,0.6626585715978612,1.5930353170837352
frame_2,0,255,1,1,False,False,True,2.537032598656094,True,True,[],[   0.035548     0.25778     0.96555],-28.636725935953816,-42.00888832147188,1.709973559625222,0.27788904850825125,0.29648358909141304,29.1,1.311095149174879,4.505481612284807,1.5907777101731764
frame_3,0,255,1,1,False,False,True,2.5917360848236854,True,True,[],[  0.0045035     0.25741     0.96629],-28.29988525743461,-40.57960087015298,1.7031270180479687,0.2792645078502568,0.306358194979577,29.1,1.1735492149743232,4.03281517173307,1.5919515985760888
frame_4,0,255,1,1,False,False,True,2.5794862888981496,True,True,[],[ -0.0061157     0.26741     0.96356],-27.418527942132755,-39.753523823321906,1.7384323223931872,0.30256087678799526,0.3171399808959925,29.1,1.1560876787995222,3.972809892781863,1.5894147916423997
frame_5,0,255,1,1,False,False,True,2.5148561511455245,True,True,[],[  -0.021209     0.28401     0.95859],-26.748652778776947,-41.20298902613299,1.6732277381623963,0.28504386068839005,0.3018258379620474,29.1,0.5956139311609987,2.0467832685944973,1.5931890427658002
frame_6,0,255,1,1,False,False,True,2.5903083981365027,True,True,[],[   0.010712     0.24501     0.96946],-25.028550019680974,-41.410199834792074,1.7058751600985909,0.27546752769048155,0.28585154397010104,29.1,1.5532472309518486,5.3376193503499945,1.592907349171542
frame_7,0,255,1,1,False,False,True,2.5897697846208265,True,True,[],[  -0.058786       0.293      0.9543],-25.721923128496535,-41.42302923826708,1.6563368928260163,0.2718118006777469,0.2840546793245269,29.1,1.918819932225313,6.593882928609323,1.5938947880268097
frame_8,0,255,1,1,False,False,True,2.428751472382216,True,True,[],[  -0.030913     0.27736     0.96027],-26.663658894389624,-41.68549163132874,1.6638686970139251,0.27174595634024146,0.2864112077677461,29.1,1.925404365975858,6.616509848714289,1.5941682440803886
frame_9,0,255,1,1,False,False,True,2.520678767888724,True,True,[],[  -0.023495     0.27838     0.96018],-27.51073708504375,-42.786103628186225,1.5396703826989906,0.27194646650858034,0.2884773833211221,29.1,1.9053533491419694,6.547606010797145,1.5951551467440583
frame_10,0,255,1,1,False,False,True,2.480952082956216,True,True,[],[  -0.041078     0.27629      0.9602],-28.581115945874025,-43.5089889220178,1.6254013421816103,0.2870994872171393,0.29867342874520797,29.1,0.39005127828607433,1.3403823996085027,1.596036012534155
frame_11,0,255,1,1,False,False,True,2.4301371471448334,True,True,[],[  -0.029213     0.26019     0.96512],-27.288023645947412,-41.976438632777395,1.6328600364013177,0.2640677277481581,0.27809550224909757,29.1,2.6932272251841916,9.255076375203407,1.5965256137442698
frame_12,0,255,1,1,False,False,True,2.44012942381695,True,True,[],[  -0.066555     0.27777     0.95834],-26.782255307028255,-42.274294627011244,1.5833891650442051,0.2614391804008026,0.27153508313751323,29.1,2.956081959919743,10.158357250583308,1.594984918809977
frame_13,0,255,1,1,False,False,True,2.4442925614112987,True,True,[],[  -0.058112      0.2662     0.96216],-28.565979727845423,-42.033581735156815,1.6423150202628516,0.26776470439372113,0.2725237151689166,29.1,2.3235295606278905,7.98463766538794,1.5961497402680878
frame_14,0,255,1,1,False,False,True,2.378537175305069,True,True,[],[  -0.080647      0.2728     0.95869],-27.732014493628565,-41.57847742514444,1.6863265385092723,0.26646658425308367,0.2594518704027702,29.1,2.4533415746916365,8.430727060796002,1.591679733669313
frame_15,0,255,1,1,False,False,True,2.4868236883284727,True,True,[],[   -0.10298     0.28314     0.95353],-27.193537593910488,-40.83248838294156,1.6494894575756502,0.26902743248251915,0.26904983537341404,29.1,2.197256751748089,7.5507104871068345,1.5882626435499758
frame_16,0,255,1,1,False,False,True,2.422462634560754,True,True,[],[  -0.081907     0.27516      0.9579],-24.210196959696606,-40.22443541442224,1.6687303776820595,0.2586943756353859,0.26406486025026144,29.1,3.230562436461415,11.101589128733384,1.5821061039196853
frame_17,0,255,1,1,False,False,True,2.466244454811339,True,True,[],[  -0.090596     0.28133     0.95533],-22.154513433947734,-37.38630307085752,1.6532546118969629,0.2678924268123227,0.2775950916521205,29.1,2.310757318767731,7.94074679988911,1.579758110286569
frame_18,0,255,1,1,False,False,True,2.5438888580985,True,True,[],[   -0.11369     0.28749     0.95101],-22.681476154363416,-37.867911916951115,1.6073244400532118,0.26788532888689687,0.2733564991461058,29.1,2.311467111310317,7.943185949519989,1.5696154775171338
frame_19,0,255,1,1,False,False,True,2.4831104083827387,True,True,[],[   -0.13546     0.30257     0.94345],-20.404032751596947,-35.38076192573058,1.6683388782262232,0.27754202769333836,0.28395276913713274,29.1,1.345797230666168,4.62473275143013,1.5654512431539234
frame_20,0,255,1,1,False,False,True,2.5199143464848177,True,True,[],[   -0.15771      0.2993     0.94104],-17.24840157623599,-34.4018961110271,1.6886790652306245,0.28178374181226196,0.289634974904972,29.1,0.921625818773808,3.167099033586969,1.5566177712406768
frame_21,0,255,1,1,False,False,True,2.6622721750242144,True,True,[],[   -0.16093     0.29924     0.94051],-17.156662062824427,-34.1979006162186,1.7412450079260102,0.3018899033189706,0.31121790394211024,29.1,1.088990331897055,3.742234817515653,1.5471243667475534
frame_22,0,255,1,1,False,False,True,2.758391418020027,True,True,[],[   -0.12971     0.28673     0.94919],-14.837045226046312,-33.83059221850479,1.7019168428465044,0.30184328688677253,0.30898488256668866,29.1,1.0843286886772496,3.7262154250077306,1.5372813055199248
frame_23,0,255,1,1,False,False,True,2.845672465407946,True,True,[],[   -0.16291     0.28641     0.94416],-13.614767945904234,-34.085503159957824,1.699376574320078,0.301074916860824,0.30840223078044926,29.1,1.0074916860823957,3.4621707425511876,1.526082124255449
frame_24,0,255,1,1,False,False,True,2.973626036416557,True,True,[],[    -0.1489     0.27578     0.94962],-9.534172555150805,-32.591932395167184,1.6149897613538433,0.30905318950277877,0.3184709315330865,29.1,1.8053189502778733,6.203845189958327,1.513704369072518
frame_25,0,255,1,1,False,False,True,2.999710071807726,True,True,[],[   -0.15989     0.27558     0.94789],-8.107730280209978,-32.96011487753197,1.6810628841881228,0.3084315582992194,0.3181842659328625,29.1,1.7431558299219385,5.990226219663019,1.4979200246239441
frame_26,0,255,1,1,False,False,True,3.004372917838119,True,True,[],[   -0.16757     0.28047     0.94512],-4.456806649870716,-33.09964662625981,1.620704607752644,0.3067658144781587,0.3198671931234365,29.1,1.5765814478158668,5.41780566259748,1.4832700003853327
frame_27,0,255,1,1,False,False,True,3.0939368006174597,True,True,[],[   -0.16957     0.27373     0.94674],-3.2580872722684413,-33.13066415114103,1.6911834549258988,0.3106009495540568,0.32319176572886843,29.1,1.960094955405678,6.735721496239442,1.4681432459122155
frame_28,0,255,1,1,False,False,True,3.184547358693204,True,True,[],[   -0.17814      0.2781     0.94389],-0.9174478254059029,-33.519480732271816,1.669425030288381,0.3094459409108426,0.3212514278531645,29.1,1.8445940910842562,6.33881130956789,1.4570936349402275
frame_29,0,255,1,1,False,False,True,3.212096019089669,True,True,[],[   -0.17536     0.28201     0.94325],2.2177701843842272,-34.17345999726131,1.6674212965376247,0.31135709213310886,0.32606541837534975,29.1,2.0357092133108825,6.995564306910248,1.4404467274747614
frame_30,0,255,1,1,False,False,True,3.2504057383047824,True,True,[],[   -0.15376      0.2785     0.94805],3.486347795342769,-34.51189851617873,1.8022254913055453,0.31104722885525565,0.32560700128458375,29.1,2.0047228855255614,6.889082080843853,1.4273294583316098
frame_31,0,255,1,1,False,False,True,3.196627881816966,True,True,[],[   -0.16353     0.28343     0.94495],3.9758495020502385,-35.65251962576651,1.8289266921314307,0.3130740330903058,0.32377574139484866,29.1,2.2074033090305756,7.585578381548369,1.4139988999817865
frame_32,0,255,1,1,False,False,True,3.2511023659311737,True,True,[],[   -0.14497     0.26924      0.9521],6.2689625832175695,-35.70945877509096,1.730103723701813,0.3134922157842989,0.32833991357134973,29.1,2.2492215784298883,7.7292837746731555,1.3989135632606755
frame_33,0,255,1,1,False,False,True,3.257256330212332,True,True,[],[    -0.1581       0.277     0.94777],6.868517331623236,-36.49474201533245,1.7211129301967412,0.3118365809688483,0.3258044601518138,29.1,2.083658096884827,7.1603371026969995,1.3830825491588432
frame_34,0,255,1,1,False,False,True,3.2793869372903557,True,True,[],[   -0.15894     0.27653     0.94777],8.34418280766858,-37.594581009615226,1.7372225094143814,0.3149421923223002,0.33077534924068186,29.1,2.394219232230016,8.227557499072221,1.3703495948007751
frame_35,0,255,1,1,False,False,True,3.3354878658954927,True,True,[],[    -0.1538     0.27474     0.94914],9.376046387899864,-37.317870159894625,1.7683942766677312,0.3112947831955473,0.32362544794713455,29.1,2.0294783195547286,6.974152300875355,1.3544080082963152
frame_36,0,255,1,1,False,False,True,3.36322609890166,True,True,[],[   -0.15696     0.27958      0.9472],12.11341112932348,-37.2649391234286,1.7718385570088806,0.3101117857567328,0.3256586563301628,29.1,1.911178575673278,6.567623971385834,1.3403481296333106
frame_37,0,255,1,1,False,False,True,3.4,True,True,[],[   -0.14027     0.26286     0.95458],12.551382453792195,-36.749369209342,1.7716813261921227,0.31479196467364595,0.3220187740369066,29.1,2.379196467364592,8.175932877541552,1.3268020982373485
frame_38,0,255,1,1,False,False,True,3.4400403157071886,True,True,[],[   -0.12685     0.24619     0.96089],14.702021543797459,-37.7771972833065,1.8762586514388135,0.3134348983516972,0.3272689692230375,29.1,2.243489835169715,7.709587062438883,1.3101676404039455
frame_39,0,255,1,1,False,False,True,3.460673211667858,True,True,[],[   -0.12413     0.25199     0.95974],16.85786520680112,-38.6940740498647,1.8153120198380963,0.3150794798500686,0.3279288137656697,29.1,2.4079479850068584,8.27473534366618,1.2969944519039516
frame_40,0,255,1,1,False,False,True,3.5070056128808442,True,True,[],[   -0.10927     0.24552     0.96321],18.50277535685765,-38.88661954640522,1.923162826661978,0.313457605065415,0.327240959092559,29.1,2.2457605065414943,7.717390056843623,1.284475790066049
frame_41,0,255,1,1,False,False,True,3.7596606507149017,True,True,[],[  -0.097495     0.23634     0.96677],17.635670093671347,-37.70810583195278,1.9333684155413144,0.30208696358760934,0.31598325315300957,29.1,1.10869635876093,3.8099531228897936,1.2717146757852207
frame_42,0,255,1,1,False,False,True,3.7865420353435106,True,True,[],[  -0.095903     0.23891     0.96629],19.040584890686347,-38.43391225567967,1.952232645151071,0.3028174403724764,0.31698427453036954,29.1,1.181744037247634,4.060976073015924,1.259989209406525
frame_43,0,255,1,1,False,False,True,3.879344846738428,True,True,[],[  -0.079507      0.2204     0.97216],19.289755533989425,-39.20173004281843,1.9552540586650902,0.3037782304617702,0.3170596970086752,29.1,1.277823046177018,4.391144488580817,1.2489857809804221
frame_44,0,255,1,1,False,False,True,3.6999299912620467,True,True,[],[  -0.074389     0.22912     0.97055],18.888657194820762,-39.429064138427215,1.9516998683436788,0.3013892982740992,0.3119376148219253,29.1,1.038929827409918,3.5702055924739446,1.2409831319832403
frame_45,0,255,1,1,False,False,True,3.649633590052054,True,True,[],[   -0.07889     0.25273     0.96432],22.316888963100563,-40.79595120532454,1.8834179070286574,0.3141041446453702,0.32339390734549667,29.1,2.310414464537014,7.9395686066564055,1.2351889820840771
frame_46,0,255,1,1,False,False,True,3.625099934440646,True,True,[],[  -0.061762     0.23716      0.9695],24.25192244406421,-39.64145478367548,1.9296780885699059,0.3142148577821959,0.32207321927919125,29.1,2.321485778219584,7.977614358142899,1.2292533858435828
frame_47,0,255,1,1,False,False,True,3.6095212590584356,True,True,[],[  -0.057497      0.2536      0.9656],26.647580737126226,-40.03802986915023,1.8582588531134714,0.30550588924275746,0.3144757933612796,29.1,1.450588924275742,4.984841664177806,1.2228438268293989
frame_48,0,255,1,1,False,False,True,3.5438142356250917,True,True,[],[  -0.025465     0.19089     0.98128],30.447473261981173,-37.508234408778804,2.041190310939821,0.2916719089604969,0.29829823564517777,29.1,0.06719089604968476,0.23089654999891668,1.2168089791681203
frame_49,0,255,1,1,False,False,True,3.546963103253202,True,True,[],[  -0.014158      0.1926     0.98117],34.14834746776582,-37.621339878714146,2.0483598617921315,0.290770693022388,0.2959561464639845,29.1,0.022930697761203156,0.07879964866392837,1.208942491566769
frame_50,0,255,1,1,False,False,True,3.52636201739371,True,True,[],[ -0.0095689     0.20525     0.97866],35.82311127557406,-38.38463484286035,1.9040446084907792,0.28646915758753233,0.29240029919297594,29.1,0.4530842412467706,1.5569905197483525,1.2043382166091898
frame_51,0,255,1,1,False,False,True,3.4903846147071187,True,True,[],[ -0.0037688     0.20714      0.9783],38.435361449637135,-40.25522017657778,2.0601301324083146,0.3014795155309844,0.30953954743752965,29.1,1.0479515530984362,3.6012080862489215,1.1987075407952494
frame_52,0,255,1,1,False,False,True,3.5183966531038195,True,True,[],[ 0.00084287     0.18709     0.98234],39.93695048837153,-39.33938143397688,2.0287636127974804,0.28930925579919264,0.2921134014231298,29.1,0.16907442008073925,0.581011752854774,1.1908583612978074
frame_53,0,255,1,1,False,False,True,3.666275447654084,True,True,[],[ -0.0076608     0.20953     0.97777],40.80288462420351,-41.99102716606692,2.0800132721907585,0.30008803622031316,0.30637317586917234,29.1,0.9088036220313123,3.123036501825815,1.1833566996003722
frame_54,0,255,1,1,False,False,True,3.6463477150432277,True,True,[],[ -0.0018428     0.18054     0.98357],41.380219758288675,-38.8677908130015,2.079336577799429,0.2768574991015622,0.25976999282664714,29.1,1.4142500898437826,4.8599659444803525,1.1719129144442313
frame_55,0,255,1,1,False,False,True,3.689529997740514,True,True,[],[ -0.0015121     0.20471     0.97882],41.33611495162347,-41.52741441423116,2.0362066264179712,0.29528071966528247,0.30325057848638515,29.1,0.42807196652824286,1.4710376856640648,1.1635067095619485
frame_56,0,255,1,1,False,False,True,3.5740817744254683,True,True,[],[  0.0040403     0.20756     0.97821],39.81807884468828,-41.15995192345723,2.025607614042271,0.3006580362285272,0.3098580679841131,29.1,0.9658036228527178,3.318912793308308,1.1542781505553583
frame_57,0,255,1,1,False,False,True,3.491787968474926,True,True,[],[  0.0011673     0.21279      0.9771],39.31733984380305,-38.226904658609826,2.0996789256044504,0.3011061229690249,0.3118887295014091,29.1,1.0106122969024856,3.4728944910738337,1.1391595324668533
frame_58,0,255,1,1,False,False,True,3.4155967876944064,True,True,[],[  0.0031998     0.21378     0.97688],38.108851831903166,-37.40270658532188,2.1294233305427435,0.2991413877254752,0.3108361286884297,29.1,0.814138772547518,2.7977277407131202,1.1251161667989227
frame_59,0,255,1,1,False,False,True,3.428817602021952,True,True,[],[   0.015404      0.1989      0.9799],35.61781810101364,-35.01662891828171,2.119420074292943,0.3027035966485555,0.3129535871008202,29.1,1.170359664855547,4.021854518403941,1.107033568897745
frame_60,0,255,1,1,False,False,True,3.5176379417582497,True,True,[],[   0.014612     0.18443     0.98274],32.69770410169078,-33.60643304928718,2.057655886510395,0.2955715770873195,0.30375489764469865,29.1,0.45715770873194783,1.5709886898005079,1.089884280492583
frame_61,0,255,1,1,False,False,True,3.766920103459144,True,True,[],[   0.012343     0.18256     0.98312],39.795200423831496,-32.24598501494121,2.076363701675811,0.4686806948895026,0.5559334242199152,29.1,17.768069488950257,61.05865803762974,1.078550438699787
frame_62,0,255,1,1,False,False,True,3.831979529954902,True,True,[],[  0.0088022      0.1996     0.97984],27.657463376504797,-34.898365767355955,1.9407537491185378,0.3064624320539935,0.3194302277241803,29.1,1.5462432053993447,5.313550534018367,1.0605948290688298
frame_63,0,255,1,1,False,False,True,3.6916286501817117,True,True,[],[  -0.013326     0.22463     0.97435],24.538821138857244,-34.484583605064614,1.8100780973778299,0.31244065983808345,0.32581006303401494,29.1,2.144065983808341,7.367924342983989,1.0447924490044158
frame_64,0,255,1,1,False,False,True,3.7146838482429883,True,True,[],[  -0.030871     0.23376      0.9718],22.026161054151828,-34.5468978500373,1.707486306243607,0.31333750004645555,0.32823750404136814,29.1,2.2337500046455516,7.676116854452067,1.0275714967311194
frame_65,0,255,1,1,True,False,True,3.6829154551510594,,False,[],,,,,,,29.1,,,
frame_66,0,255,1,1,True,False,True,3.6482330609394173,,False,[],,,,,,,29.1,,,
frame_67,0,255,1,1,True,False,True,3.6512894481444538,,False,[],,,,,,,29.1,,,
frame_68,0,255,1,1,True,False,True,3.649157872808246,,False,[],,,,,,,29.1,,,
frame_69,0,255,1,1,True,False,True,3.6785270417241294,,False,[],,,,,,,29.1,,,
frame_70,0,255,1,1,True,False,True,3.674183027497514,,False,[],,,,,,,29.1,,,
frame_71,0,255,1,1,True,False,True,3.638103553698485,,False,[],,,,,,,29.1,,,
frame_72,0,255,1,1,True,False,True,3.4146583266141333,,False,[],,,,,,,29.1,,,
frame_73,0,255,1,1,True,False,True,3.2720924450439535,,False,[],,,,,,,29.1,,,
frame_74,0,255,1,1,True,False,True,3.2431857372339006,,False,[],,,,,,,29.1,,,
frame_75,0,255,1,1,True,False,True,3.2362254267677444,,False,[],,,,,,,29.1,,,
frame_76,0,255,1,1,True,False,True,3.1435975705733252,,False,[],,,,,,,29.1,,,
frame_77,0,255,1,1,True,False,True,3.083564477844333,,False,[],,,,,,,29.1,,,
frame_78,0,255,1,1,True,False,True,3.0759016754357975,,False,[],,,,,,,29.1,,,
frame_79,0,255,1,1,True,False,True,3.408296558109074,,False,[],,,,,,,29.1,,,
frame_80,0,255,1,1,True,False,True,3.4512111361272866,,False,[],,,,,,,29.1,,,
frame_82,0,255,1,1,True,False,True,3.3990987693381842,,False,[],,,,,,,29.1,,,
frame_84,0,255,1,1,True,False,True,2.960148998858619,,False,[],,,,,,,29.1,,,
frame_85,0,255,1,1,True,False,True,2.84167132049693,,False,[],,,,,,,29.1,,,
frame_86,0,255,1,1,True,False,True,2.925732182735048,,False,[],,,,,,,29.1,,,
frame_87,0,255,1,1,True,False,True,3.0085833479319968,,False,[],,,,,,,29.1,,,
frame_88,0,255,1,1,True,False,True,2.942446169092815,,False,[],,,,,,,29.1,,,
frame_89,0,255,1,1,True,False,True,2.92920000068072,,False,[],,,,,,,29.1,,,
frame_90,0,255,1,1,True,False,True,2.92543335507551,,False,[],,,,,,,29.1,,,
frame_91,0,255,1,1,True,False,True,2.8812200028273,,False,[],,,,,,,29.1,,,
frame_92,0,255,1,1,True,False,True,2.7355303622772116,,False,[],,,,,,,29.1,,,
frame_93,0,255,1,1,True,False,True,2.722893871955408,,False,[],,,,,,,29.1,,,
frame_94,0,255,1,1,True,False,True,3.085391662460335,,False,[],,,,,,,29.1,,,
frame_95,0,255,1,1,True,False,True,3.0420003383043883,,False,[],,,,,,,29.1,,,
frame_96,0,255,1,1,True,False,True,2.9769718678125012,,False,[],,,,,,,29.1,,,
frame_97,0,255,1,1,True,False,True,3.286202421438571,,False,[],,,,,,,29.1,,,
frame_98,0,255,1,1,True,False,True,3.3635756988767023,,False,[],,,,,,,29.1,,,
frame_99,0,255,1,1,True,False,True,3.308184453629592,,False,[],,,,,,,29.1,,,
frame_100,0,255,1,1,True,False,True,3.2996095476777847,,False,[],,,,,,,29.1,,,
frame_101,0,255,1,1,True,False,True,3.345777753284582,,False,[],,,,,,,29.1,,,
frame_102,0,255,1,1,True,False,True,3.1982952408350345,,False,[],,,,,,,29.1,,,
frame_103,0,255,1,1,True,False,True,3.46499986357458,,False,[],,,,,,,29.1,,,
frame_104,0,255,1,1,True,False,True,3.56924875762137,,False,[],,,,,,,29.1,,,
frame_105,0,255,1,1,True,False,True,3.5974866685813027,,False,[],,,,,,,29.1,,,
frame_106,0,255,1,1,True,False,True,3.6126963988503005,,False,[],,,,,,,29.1,,,
frame_107,0,255,1,1,True,False,True,3.5750699210684393,,False,[],,,,,,,29.1,,,
frame_108,0,255,1,1,True,False,True,3.5582807612633984,,False,[],,,,,,,29.1,,,
frame_109,0,255,1,1,False,False,True,3.5279847184817834,True,True,[],[  -0.058053     0.23498     0.97027],-2.6649132425822653,130.91466991995134,2.1229088668286886,0.30193398013183964,0.31059860464046196,29.1,1.0933980131839605,3.7573814886046746,0.9684522828963396
frame_110,0,255,1,1,False,False,True,3.4996814555099527,True,True,[],[  -0.051373     0.22057     0.97402],-1.6521290918880294,129.76533380705487,2.1983589275169724,0.29659381088749237,0.30593643429991113,29.1,0.5593810887492334,1.9222717826434137,0.9816452740115635
frame_111,0,255,1,1,False,False,True,3.5512389881527873,True,True,[],[  -0.051306     0.20667     0.97707],-0.8961631757149022,128.54500791005452,2.263315053747959,0.2971051305882547,0.30661244384579645,29.1,0.6105130588254681,2.097983020018791,0.9948020466200395
frame_112,0,255,1,1,False,False,True,3.397907273448964,True,True,[],[   -0.11192     0.24833     0.96219],-0.4624249641472801,127.36705952564064,1.940297342145444,0.3029860319985802,0.3113036666581694,29.1,1.198603199858017,4.118911339718272,1.0079754208518437
frame_113,0,255,1,1,False,False,True,3.589723360509784,True,True,[],[   -0.12668     0.23881     0.96277],0.36564661775260493,125.64523541707742,2.053924481683385,0.311571452585507,0.31607211094451254,29.1,2.0571452585506966,7.069227692614078,1.021571329195601
frame_114,0,255,1,1,False,False,True,3.4646630811606838,True,True,[],[   -0.14871     0.26019     0.95404],-0.35866233114565765,124.37917779944196,2.1073112225855413,0.31283834672469923,0.31642930820345916,29.1,2.18383467246992,7.504586503333058,1.0351055016169453
frame_115,0,255,1,1,False,False,True,3.5691757088178098,True,True,[],[   -0.14072     0.23197     0.96249],-2.346839001079839,124.5358799908828,2.118733737920717,0.30733632441941594,0.313905118502692,29.1,1.6336324419415904,5.613857188802716,1.0510469190504017
frame_116,0,255,1,1,False,False,True,3.548069527146613,True,True,[],[   -0.15937     0.26395     0.95128],-3.584569323122828,125.57712978339738,2.1913146519302025,0.3115147746543516,0.31421589328544997,29.1,2.0514774654351586,7.049750740327005,1.0668282841895345
frame_117,0,255,1,1,False,False,True,3.679320947399893,True,True,[],[   -0.14588      0.2373     0.96042],-7.028636603708369,127.46491486933641,2.161785099328922,0.31467003166154567,0.31582521043598066,29.1,2.3670031661545634,8.134031498812933,1.08303222467302
frame_118,0,255,1,1,False,False,True,3.6802330191359087,True,True,[],[   -0.19336     0.28588     0.93856],-9.641602115715575,130.08523673938856,2.0592011751516375,0.3108619897501488,0.31083424340099514,29.1,1.9861989750148745,6.825426030978949,1.0990748434348314
frame_119,0,255,1,1,False,False,True,3.7727965884471186,True,True,[],[   -0.20343     0.27709     0.93906],-15.084980884120133,132.50432568610697,2.0882154571042957,0.31041949821283926,0.31132906504476354,29.1,1.9419498212839226,6.673367083449905,1.111704985503256
frame_120,0,255,1,1,False,False,True,3.9831517425425864,True,True,[],[   -0.20891      0.2766       0.938],-19.10422286360748,134.90447304639395,2.1405646501658486,0.3142178135341331,0.31382374568313,29.1,2.3217813534133045,7.978630080458091,1.1253257218769979
frame_121,0,255,1,1,False,False,True,4.127440356672258,True,True,[],[   -0.20581     0.29046     0.93449],22.61834040437412,-42.306458662454084,1.809064718826399,0.3158643446356516,0.31416060744514607,29.1,2.486434463565157,8.544448328402602,1.1390423773111127
frame_122,0,255,1,1,False,False,True,4.279214693529003,True,True,[],[   -0.18565     0.27051     0.94465],25.93549663103053,-40.15344565670665,1.8734488159344735,0.3140981389121752,0.31280035798457073,29.1,2.309813891217516,7.937504780816205,1.154295778832673
frame_125,0,255,1,1,False,False,True,4.11487162862554,True,True,[],[   -0.17161     0.27524     0.94593],30.683840378922017,-38.78736072019846,1.9238253843731081,0.3099892379120017,0.3115370313050708,29.1,1.8989237912001689,6.525511309966216,1.2182890780623727
frame_126,0,255,1,1,False,False,True,4.142404517518492,True,True,[],[   -0.10492     0.24164     0.96468],29.33088385172568,-38.81185395071532,1.9494714143220193,0.31665634537387594,0.3119986709124689,29.1,2.5656345373875897,8.816613530541545,1.2429101367222344
frame_127,0,255,1,1,False,False,True,4.001767889030005,True,True,[],[   -0.13372     0.27447     0.95225],26.23524050503573,-38.72943383113276,1.9635458565968358,0.31454863068830163,0.3155235032588734,29.1,2.3548630688301597,8.09231295130639,1.2659566251614864
frame_128,0,255,1,1,False,False,True,3.9127203251763087,True,True,[],[   -0.15648     0.30088     0.94074],22.47638225311906,-39.48324632387321,1.8566086386992398,0.31487470893775515,0.31563492340014476,29.1,2.387470893775512,8.204367332561896,1.2853257235985596
frame_129,0,255,1,1,False,False,True,3.7890229834531266,True,True,[],[   -0.13837     0.30211     0.94318],19.58854979741248,-40.801398554579556,1.8003300368978425,0.3157927976855486,0.31680343689927937,29.1,2.479279768554854,8.519861747611182,1.3019042814260442
frame_130,0,255,1,1,False,False,True,3.768043715969023,True,True,[],[   -0.15104     0.29636     0.94306],18.894554571315652,-42.61022194479455,1.8886481235967236,0.3151217315372114,0.31683578667233475,29.1,2.4121731537211364,8.289254823783972,1.3215153955277943
frame_131,0,255,1,1,False,False,True,3.7124942152851768,True,True,[],[   -0.13273     0.30279     0.94377],15.927913509630168,-43.7910440389623,1.8413517572100764,0.3146895710664138,0.3168415795840194,29.1,2.3689571066413784,8.140746070932572,1.3364341703967137
frame_132,0,255,1,1,False,False,True,3.6416026348048627,True,True,[],[   -0.15538     0.31604     0.93594],-11.952772010308937,134.89427743735985,1.7259599130698575,0.31670654174951574,0.3215527974638249,29.1,2.57065417495157,8.83386314416347,1.3543442731968125
frame_133,0,255,1,1,False,False,True,3.562812132720637,True,True,[],[   -0.10049     0.27789     0.95534],-9.237168990175068,133.20513354231198,1.8698484073943458,0.31345286958779356,0.31855372810128363,29.1,2.245286958779352,7.715762744946226,1.370416281703478
frame_134,0,255,1,1,False,False,True,3.5143791150258568,True,True,[],[  -0.077725     0.27875     0.95721],-7.1633327089531615,132.8162948555023,1.7942849488413237,0.3145926497411771,0.3165506869326591,29.1,2.3592649741177087,8.107439773600374,1.3852565654625113
frame_135,0,255,1,1,False,False,True,3.476424154132801,True,True,[],[  -0.060291     0.26809     0.96151],-6.649158526602629,132.0723300364328,1.836133566264679,0.31175467610122903,0.31327850611936736,29.1,2.0754676101228995,7.132191100078692,1.3994669129663873
frame_136,0,255,1,1,False,False,True,3.4233714823824672,True,True,[],[  -0.039777       0.265     0.96343],-3.469920537871409,132.0449604214194,1.7828912423383374,0.3147828711191673,0.316715262862167,29.1,2.378287111916727,8.17280794473102,1.4126371222598901
frame_137,0,255,1,1,False,False,True,3.4203224263925027,True,True,[],[  -0.060414     0.28358     0.95704],-1.7302134463655776,132.53690802252802,1.8190437772470462,0.31247627620274787,0.31654120623387527,29.1,2.1476276202747835,7.3801636435559566,1.4264441378914767
frame_138,0,255,1,1,False,False,True,3.419968424668124,True,True,[],[   -0.11459     0.32014     0.94041],-0.6061735219355094,133.2234667054357,1.590816207739541,0.30927038495208625,0.31595518031415515,29.1,1.8270384952086216,6.278482801404198,1.4384553355876892
frame_139,0,255,1,1,False,False,True,3.33729207182676,True,True,[],[   -0.13535     0.32806     0.93491],1.1163734048235403,133.67085407256388,1.5389711864457005,0.30948341848611116,0.3131378175645883,29.1,1.8483418486111125,6.351690201412757,1.4512050927681366
frame_140,0,255,1,1,False,False,True,3.3723728290557644,True,True,[],[   -0.11932     0.31784     0.94061],2.0891287431610293,134.08679581920373,1.492727574383994,0.31356787686433696,0.3181210522733716,29.1,2.256787686433692,7.755284145820247,1.4628389559352724
frame_141,0,255,1,1,False,False,True,3.366763793852776,True,True,[],[   -0.11827      0.3136     0.94216],2.0703382272870745,134.72835725103647,1.5526634167243039,0.31305817726598145,0.318523891971641,29.1,2.2058177265981413,7.580129644667152,1.477753358746336
frame_142,0,255,1,1,False,False,True,3.3916706609158385,True,True,[],[    -0.1231     0.30856     0.94321],-3.392676313554856,-44.36979270379974,1.575880887034394,0.3154777897128537,0.32089922788184555,29.1,2.4477789712853637,8.41161158517307,1.488321667762229
frame_143,0,255,1,1,False,False,True,3.3360870322492264,True,True,[],[   -0.12971     0.31843     0.93903],-2.610731383114382,-43.356976978157014,1.491944965807705,0.31280638419439066,0.31491838996690735,29.1,2.1806384194390627,7.493602815941795,1.5059849422486102
frame_144,0,255,1,1,False,False,True,3.3581134351330326,True,True,[],[   -0.11704     0.32049     0.93999],-4.533998927502747,-42.252718101247225,1.5318596737916135,0.3136840897958531,0.3153753262668771,29.1,2.268408979585307,7.795219861117893,1.5175140814909378
frame_145,0,255,1,1,False,False,True,3.357586462896791,True,True,[],[    -0.1177     0.30646     0.94458],-3.4846134299114215,-41.270339434395765,1.6116687916193666,0.311479661361839,0.3148816229350281,29.1,2.0479661361838986,7.037684316783157,1.5337594970503352
frame_146,0,255,1,1,False,False,True,3.3688908875843047,True,True,[],[   -0.12631     0.29949      0.9457],-3.6259553760432413,-40.30122127802767,1.6737032539505394,0.31975655866075636,0.3191062176702174,29.1,2.8756558660756326,9.881978921222105,1.549525405339177
frame_147,0,255,1,1,False,False,True,3.3355632361359926,True,True,[],[  -0.075487     0.27319     0.95899],-3.449344748896883,-39.779775410143415,1.6578525338263845,0.3187860467265496,0.3205493056724287,29.1,2.7786046726549554,9.548469665480946,1.5612789880242317
frame_148,0,255,1,1,False,False,True,3.3770286463027377,True,True,[],[  -0.088217     0.28033     0.95584],-3.874655824061358,-39.65061261313223,1.7106082884324931,0.3186669966994666,0.3197310690947581,29.1,2.7666996699466537,9.507559003253105,1.5715667234744213
frame_149,0,255,1,1,False,False,True,3.3837663197254666,True,True,[],[   -0.17654      0.3275     0.92821],-1.6409753079929639,-39.17204338161229,1.4972165326294098,0.318900157450482,0.3175311148066103,29.1,2.790015745048197,9.587682972674214,1.5862101378578644
frame_150,0,255,1,1,False,False,True,3.2672005479334425,True,True,[],[   -0.17267     0.31176     0.93434],-1.6853143726205957,-39.158258830788476,1.5256540443362046,0.3216316735911371,0.3224447973581527,29.1,3.0631673591137054,10.526348313105515,1.5953665114997269
frame_151,0,255,1,1,False,False,True,3.3446275034386947,True,True,[],[   -0.15677     0.29322     0.94311],-3.001471648379317,-39.05961207277385,1.6716623762010505,0.3304566837528634,0.3256179341254933,29.1,3.9456683752863375,13.558997853217654,1.60631363224065
frame_152,0,255,1,1,False,False,True,3.435480782959133,True,True,[],[   -0.21611     0.30946     0.92603],-3.1489322099598347,-40.09222955525268,1.592871960212449,0.3212772121669323,0.32443515794114713,29.1,3.0277212166932244,10.404540263550599,1.61461743910123
frame_153,0,255,1,1,False,False,True,3.421615917608324,True,True,[],[   -0.20578     0.28357     0.93661],-2.776747983515247,-40.787837432510024,1.6003565455350488,0.3165957089339419,0.31517395376843993,29.1,2.559570893394186,8.795776265959402,1.6233745697011406
frame_154,0,255,1,1,False,False,True,3.374817487886446,True,True,[],[   -0.19857     0.30897     0.93011],-4.369762621771435,-42.08465412355448,1.597196332973832,0.3123705862680788,0.3136803784793075,29.1,2.137058626807875,7.343844078377577,1.6347631958378104
frame_155,0,255,1,1,False,False,True,3.3977418849605874,True,True,[],[    -0.2413     0.30934     0.91983],-4.20104130350951,-43.40804985964899,1.4754699970166933,0.3074973518718225,0.3075878787048023,29.1,1.649735187182244,5.669193083100494,1.6450161148287894
frame_156,0,255,1,1,False,False,True,3.4094419113137615,True,True,[],[   -0.25596     0.30663     0.91677],-5.432581208748044,-43.728765014667445,1.6002866992857345,0.3106574131500952,0.31173708489768814,29.1,1.965741315009517,6.755124793847138,1.65074695209228
frame_157,0,255,1,1,False,False,True,3.406451791003711,True,True,[],[    -0.2693     0.31258     0.91092],-5.207225399877855,-42.01808997747226,1.6676568246139194,0.32138786932528984,0.3258853785292739,29.1,3.0387869325289807,10.442566778450106,1.657843839013851
frame_158,0,255,1,1,False,False,True,3.254813183238576,True,True,[],[   -0.26202     0.29085     0.92019],-3.1444370362558165,-41.97134425097465,1.608512614473437,0.3103557692317598,0.3112166793998031,29.1,1.9355769231759745,6.651467089951803,1.6739777056337908
frame_159,0,255,1,1,False,False,True,3.351955390801521,True,True,[],[   -0.27954     0.30368     0.91085],-4.185481295994364,-40.81267700981366,1.5163398133449948,0.31617497383975357,0.3161112154821382,29.1,2.5174973839753534,8.651193759365475,1.6830026963306635
frame_160,0,255,1,1,False,False,True,3.224264555663088,True,True,[],[   -0.26664     0.28258     0.92144],-0.041483743882440055,-38.95185674219548,1.6480032711957233,0.31286986112187226,0.32202269953538637,29.1,2.1869861121872223,7.515416193083238,1.6996946061468474
frame_161,0,255,1,1,False,False,True,3.4156677943550555,True,True,[],[   -0.26709     0.28792     0.91965],0.5095337764119974,-38.02507081527222,1.4712174840417964,0.30800719481663424,0.31320937066341836,29.1,1.7007194816634208,5.844396844204195,1.7105751297139087
frame_162,0,255,1,1,False,False,True,3.476803082874102,True,True,[],[   -0.31636     0.29806      0.9006],-0.17902980035885177,-37.77093597901073,1.547752939013492,0.3145588162297042,0.31810090570011085,29.1,2.3558816229704185,8.095813137355389,1.7206792163583804
frame_163,0,255,1,1,False,False,True,3.5865893473297237,True,True,[],[   -0.32044     0.28489     0.90342],2.923021736419274,-37.47304308615412,1.5624364272132576,0.3092331478412388,0.31630697938797747,29.1,1.823314784123875,6.265686543381014,1.7269974119674258
frame_164,0,255,1,1,False,False,True,3.4967513095705023,True,True,[],[   -0.33368     0.28662     0.89806],5.370991619445312,-37.02457036360263,1.522410975738499,0.3032118610244179,0.3064074304274309,29.1,1.2211861024417847,4.19651581595115,1.7387419676494686
frame_165,0,255,1,1,False,False,True,3.531843625707998,True,True,[],[   -0.32594     0.27803     0.90358],5.150331472754566,-36.335873657888804,1.5106901145962475,0.315685886322121,0.3142337941613015,29.1,2.4685886322120987,8.483122447464256,1.7529906214944349
frame_166,0,255,1,1,False,False,True,3.50139266406397,True,True,[],[   -0.31618     0.25975     0.91245],5.971173447214452,-35.73691435547183,1.5095656305217984,0.31135145948238147,0.31369233889274645,29.1,2.035145948238143,6.993628688103584,1.7606241724969167
frame_167,0,255,1,1,False,False,True,3.481448728822026,True,True,[],[    -0.3311     0.26979     0.90421],5.195556967948955,-35.25728650749927,1.5884070012662144,0.30707604188349835,0.3109340402289371,29.1,1.6076041883498315,5.5244130183843,1.768829825467297
frame_168,0,255,1,1,False,False,True,3.4468030963194143,True,True,[],[   -0.32583     0.28136     0.90259],4.390005032192032,-34.650954471729605,1.5702198866013541,0.3097764505112312,0.3116592907900706,29.1,1.8776450511231169,6.452388491832016,1.7819680269236333
frame_169,0,255,1,1,False,False,True,3.504481440224457,True,True,[],[   -0.33792     0.28633     0.89656],4.9382260963186395,-34.17859173716607,1.6153005965416571,0.31022099298885647,0.31262314605632097,29.1,1.9220992988856433,6.6051522298475716,1.7940367912278348
frame_170,0,255,1,1,False,False,True,3.4502266009296223,True,True,[],[   -0.35189     0.28417     0.89186],3.328636377849348,-33.86439081153944,1.5911514230814563,0.31239968173765587,0.31654889761351757,29.1,2.139968173765583,7.353842521531212,1.806264870804733
frame_171,0,255,1,1,False,False,True,3.416058508478742,True,True,[],[   -0.35581      0.2861     0.88969],2.527021507788251,-33.50581904506121,1.4765001185843831,0.3077992973914892,0.3102169189851116,29.1,1.6799297391489165,5.772954430065004,1.8154676810822166
frame_172,0,255,1,1,False,False,True,3.398403036899706,True,True,[],[   -0.36332     0.28318     0.88758],5.301953759250414,-33.18809762213603,1.523298816189766,0.30505371392975444,0.310143924406697,29.1,1.4053713929754408,4.8294549586784905,1.8248237751222804
frame_173,0,255,1,1,False,False,True,3.3948029289215262,True,True,[],[   -0.36624     0.28474     0.88589],4.427538144325576,-33.574232994054555,1.5662163329546817,0.30884963836842383,0.3136232728468875,29.1,1.7849638368423792,6.1338963465373855,1.8415254619433867
frame_174,0,255,1,1,False,False,True,3.4222220184579837,True,True,[],[   -0.35556     0.27925     0.89196],2.7181319293872273,-33.67729511333238,1.4461974039505294,0.31125859288283225,0.31467416501351353,29.1,2.025859288283222,6.961715767296295,1.8483813734824721
frame_175,0,255,1,1,False,False,True,3.414561886280718,True,True,[],[   -0.37241     0.27346     0.88686],5.550533630398711,-33.51544993469322,1.5591921494930503,0.30622562814516396,0.311973100515335,29.1,1.5225628145163927,5.2321746203312465,1.8626897465570347
frame_176,0,255,1,1,False,False,True,3.3673718495230447,True,True,[],[   -0.35522     0.27678     0.89287],5.775413406499534,-33.66823972216535,1.58708891182056,0.30897984220868674,0.3132008125007072,29.1,1.7979842208686703,6.178639934256599,1.8687376588138183
frame_177,0,255,1,1,False,False,True,3.4438889687677063,True,True,[],[   -0.39466     0.27891     0.87547],3.0354978117582974,-32.743857593247974,1.5616231186115057,0.3193559149328014,0.31862478721622367,29.1,2.8355914932801376,9.744300664192911,1.8807619782797698
frame_178,0,255,1,1,False,False,True,3.389743136165929,True,True,[],[   -0.39374     0.28417     0.87419],0.8052190441879316,-33.5133658824925,1.4509368737753137,0.3151497035370383,0.31900450475343695,29.1,2.414970353703827,8.298867194858511,1.8882136027858893
frame_179,0,255,1,1,False,False,True,3.388043505519667,True,True,[],[   -0.39156     0.28325     0.87547],1.9755510641770844,-33.63769013379544,1.4405591590938542,0.31125641630196926,0.3119452301117733,29.1,2.0256416301969224,6.960967801363995,1.8971313644752716
frame_180,0,255,1,1,False,False,True,3.2825538161656933,True,True,[],[   -0.39528     0.27929     0.87507],3.987072223533687,-34.96222672420033,1.3796615867220408,0.305172843806048,0.3053802826576608,29.1,1.4172843806047941,4.870393060497574,1.90321163045533
frame_181,0,255,1,1,False,False,True,3.2325097481509353,True,True,[],[   -0.41686     0.30611     0.85588],-1.501705082980232,-36.59058215047941,1.4647385294962358,0.31446006835509965,0.3180768037215772,29.1,2.3460068355099617,8.061879159828047,1.9186088853716585
frame_182,0,255,1,1,False,False,True,3.242535857564234,True,True,[],[    -0.4606      0.3283     0.82466],-1.9631600589607172,-39.121246120175215,1.4197251022398982,0.30467614253912223,0.3039637357988597,29.1,1.3676142539122194,4.699705339904534,1.9275952049098017
frame_183,0,255,1,1,False,False,True,3.3681415881516514,True,True,[],[   -0.42428     0.28348     0.86001],-5.675884919792984,-41.107970256421865,1.4164617840887115,0.32727221005148976,0.3185392663258464,29.1,3.627221005148973,12.464676993639081,1.929798187216123
frame_184,0,255,1,1,False,False,True,3.384150785374044,True,True,[],[    -0.4548      0.3335     0.82579],-4.716628716121578,-42.38499610147492,1.3992988264234303,0.30793311574763416,0.31226721684220315,29.1,1.693311574763412,5.818940119461897,1.9360806128400683
frame_185,0,255,1,1,False,False,True,3.3202826062308324,True,True,[],[   -0.44193     0.31896     0.83843],-7.169670265795808,-43.141608399730174,1.3470120434156547,0.31908376873993116,0.3176915958896509,29.1,2.8083768739931125,9.650779635715164,1.9450481836224947
frame_186,0,255,1,1,False,False,True,3.3380551128903457,True,True,[],[   -0.43607     0.34082     0.83288],-4.395442034920395,-44.09039699023562,1.3809440817439766,0.307332482220527,0.30331626156947866,29.1,1.6332482220526967,5.6125368455419125,1.9649078106005444
frame_187,0,255,1,1,False,False,True,3.2893405394616435,True,True,[],[   -0.44047     0.32687     0.83615],-3.4290129036914876,-44.83587812088401,1.3502311656556318,0.2981134048077153,0.2942878438245263,29.1,0.7113404807715273,2.444469006087723,1.976947973425905
frame_188,0,255,1,1,False,False,True,3.371162995961195,True,True,[],[   -0.44862     0.32309     0.83328],-2.4674069780728654,-44.581402850822776,1.439861000455636,0.3037426161828194,0.30002588584733286,29.1,1.2742616182819355,4.378905904748919,1.979860400064505
frame_189,0,255,1,1,False,False,True,3.3423049945693353,True,True,[],[   -0.45736     0.32225     0.82884],-0.7331359880800052,-43.20833971088454,1.433677654236925,0.3125496791232878,0.3102500718899309,29.1,2.1549679123287757,7.405388014875518,1.993906000682286
frame_190,0,255,1,1,False,False,True,3.3403662233788247,True,True,[],[    -0.4598     0.32786     0.82528],0.7501270107246627,-43.15718979243572,1.3536117221247186,0.3006209824100856,0.30232980967146594,29.1,0.9620982410085577,3.3061795223661776,2.009363654044299
frame_191,0,255,1,1,False,False,True,3.3913045721843793,True,True,[],[   -0.47094     0.35674     0.80681],-1.158876905541119,-41.851390174095755,1.4052365253854855,0.3084219626892316,0.3069189057519598,29.1,1.7421962689231574,5.986928759186108,2.017607796842582
frame_192,0,255,1,1,False,False,True,3.6469657300305927,True,True,[],[   -0.44316      0.2869     0.84929],-0.4479652976673551,-42.01299626525142,1.3451513231830647,0.3110517752297469,0.3106424765552774,29.1,2.005177522974688,6.890644408847725,2.0257722372882276
frame_193,0,255,1,1,False,False,True,3.1570879244748666,True,True,[],[   -0.43468     0.27309     0.85818],0.01729718557486041,-41.489530201005195,1.4125934502795743,0.2977675324759226,0.3062290033390682,29.1,0.6767532475922544,2.3256125346812864,2.03742665021637
frame_194,0,255,1,1,False,False,True,3.1666664044195976,True,True,[],[   -0.43189      0.3372     0.83652],-1.1370450123443303,-42.6504014620842,1.3308051960757532,0.3051162001408413,0.3087018033479012,29.1,1.411620014084125,4.850927883450602,2.0524522595877177
frame_195,0,255,1,1,False,False,True,3.12235410913834,True,True,[],[   -0.37726     0.31084     0.87238],-4.125393778705834,-43.531209096145744,1.3247696700413134,0.3191191501341798,0.32066771212089296,29.1,2.811915013417976,9.66293819043978,2.0515121575948356
frame_196,0,255,1,1,False,False,True,3.1056238233752085,True,True,[],[   -0.41142     0.32899        0.85],-6.299700429023877,-44.24141995252582,1.3701798659698956,0.2961969209319737,0.30320034651503025,29.1,0.5196920931973659,1.7858834817778895,2.05467403584243
frame_197,0,255,1,1,False,False,True,3.0639162055706866,True,True,[],[    -0.4039     0.30094     0.86389],-10.320744520848521,-44.12822896340348,1.3861477572962506,0.32500105474203045,0.32474337470994474,29.1,3.400105474203041,11.684211251556842,2.0564965455358406
frame_198,0,255,1,1,False,False,True,3.043227253493006,True,True,[],[   -0.38178     0.31635     0.86843],11.456697019623201,134.88567236736705,1.3482094685223052,0.30948652891881034,0.3080079917924788,29.1,1.8486528918810308,6.352759078628971,2.05488613455457
frame_199,0,255,1,1,False,False,True,2.956166742144895,True,True,[],[     -0.342     0.31529     0.88523],-13.425529915116789,-44.615017184753945,1.286860164291655,0.30377544889359975,0.29933102540558776,29.1,1.2775448893599717,4.390188623230143,2.058123815650043
frame_200,0,255,1,1,False,False,True,2.7655408110408652,True,True,[],[   -0.32538     0.33553     0.88405],11.949639715195339,133.25357616048169,1.2533240209028311,0.2931919925815236,0.2896126008042259,29.1,0.2191992581523583,0.7532620555063859,2.055823505594489
frame_201,0,255,1,1,False,False,True,2.936170127700452,True,True,[],[   -0.30895     0.30355     0.90134],13.236579271504478,131.85691015152955,1.319963769678044,0.2835701667143936,0.2815885877887454,29.1,0.7429833285606424,2.5532073146413827,2.0501396589142864
frame_202,0,255,1,1,False,False,True,2.8727346548232715,True,True,[],[   -0.31126     0.30396      0.9004],14.12742569680015,129.20220940893677,1.301334544695163,0.272864658689863,0.27005991247949257,29.1,1.8135341310137054,6.232076051593489,2.0491226339421074
frame_203,0,255,1,1,False,False,True,2.9360074711157074,True,True,[],[   -0.28277     0.31856     0.90474],20.580112719866708,127.51723763686903,1.2377965604174808,0.30072317186367536,0.2886079906936539,29.1,0.9723171863675328,3.341296173084305,2.053831351979273
frame_204,0,255,1,1,False,False,True,2.828118205783439,True,True,[],[    -0.3227     0.36602     0.87286],22.583670162345612,127.80251460011301,1.2644607148399214,0.2966680914965625,0.29650244965028283,29.1,0.5668091496562444,1.9477977651417333,2.0518739267656603
frame_205,0,255,1,1,False,False,True,2.781488220849126,True,True,[],[   -0.31955      0.3995     0.85924],15.716482028025617,127.78711646799769,1.228774801281642,0.27798631455899203,0.27704275048512433,29.1,1.3013685441008005,4.472056852580071,2.0590370845953094
frame_206,0,255,1,1,False,False,True,2.806071015984756,True,True,[],[   -0.30319     0.34099     0.88983],21.45298212113727,128.47057611842416,1.3265161983550606,0.29789475831848433,0.2992377916423674,29.1,0.6894758318484295,2.369332755492885,2.0633794988790704
frame_207,0,255,1,1,False,False,True,2.8717279253699357,True,True,[],[   -0.26486     0.34448     0.90066],17.97221010041148,127.87900920114734,1.2069050211720573,0.2843286040148124,0.2840132694895309,29.1,0.6671395985187623,2.292575939927018,2.0709637165353074
frame_208,0,255,1,1,False,False,True,2.8490184698396934,True,True,[],[   -0.26553     0.34069      0.9019],21.5363846729741,127.23064547544875,1.2516832065831125,0.3079770003913267,0.2902716149654419,29.1,1.6977000391326658,5.834020753033215,2.0793663155077473
frame_209,0,255,1,1,False,False,True,2.9324210407139546,True,True,[],[   -0.24697     0.32371     0.91336],16.954947780483632,127.86749307303054,1.1464885964906166,0.27666288983315857,0.27470759936750333,29.1,1.4337110166841471,4.926841981732464,2.082086973173438
frame_210,0,255,1,1,False,False,True,3.0090612886335237,True,True,[],[   -0.27224     0.34884     0.89677],18.121145889163408,129.1243268588108,1.1977593350017501,0.31410307409140714,0.29898593101172355,29.1,2.3103074091407105,7.9392007186966,2.088432931569079
frame_211,0,255,1,1,False,False,True,2.8095237831268025,True,True,[],[    -0.2919     0.35784     0.88699],18.621978005026705,127.94417066801026,1.219144606558842,0.2742388969190622,0.274531771373621,29.1,1.6761103080937811,5.759829237435674,2.0914426039756044
frame_212,0,255,1,1,False,False,True,2.8921867339098766,True,True,[],[   -0.26209      0.3571     0.89654],18.543290883061733,128.7762835199853,1.2416699463985807,0.2824040533925808,0.28468892848369975,29.1,0.8595946607419247,2.9539335420684694,2.101375049756397
frame_213,0,255,1,1,False,False,True,2.8853346646699856,True,True,[],[   -0.24766     0.32627     0.91226],18.300432622530014,129.37603247947968,1.1936787347527371,0.2905176488360586,0.2838127802609887,29.1,0.04823511639414635,0.1657564137255888,2.119162425745759
frame_214,0,255,1,1,False,False,True,2.876958946549924,True,True,[],[   -0.26936     0.32281     0.90733],14.651558542528209,130.1497319993173,1.2348255696255888,0.2780489969785763,0.2720750973188687,29.1,1.2951003021423713,4.450516502207461,2.1227202105866154
frame_215,0,255,1,1,False,False,True,2.8570301782004948,True,True,[],[   -0.25137     0.33074     0.90963],16.87869959290147,132.4816982490698,1.2009191239141708,0.28791271078579406,0.2927926051299877,29.1,0.30872892142059793,1.0609241285931201,2.127959593676552
frame_216,0,255,1,1,False,False,True,2.898528760279986,True,True,[],[   -0.26534     0.32759      0.9068],16.454394908715194,132.47467767128214,1.1821954678598705,0.28286777574143207,0.2779482765947961,29.1,0.8132224258567966,2.794578783013047,2.1410665833648976
frame_217,0,255,1,1,False,False,True,2.8767122838242956,True,True,[],[   -0.21489     0.31944     0.92292],14.533517128068372,133.2389713730348,1.1844741710183295,0.2859019636563812,0.2786317900960387,29.1,0.5098036343618828,1.7519025235803534,2.1425389955964005
frame_218,0,255,1,1,False,False,True,2.884164138733928,True,True,[],[   -0.31867     0.38647      0.8655],15.427089021086916,133.61757438590647,1.169822444853341,0.30000802463038134,0.2998365424834344,29.1,0.9008024630381306,3.0955411100966685,2.1460694924057253
frame_219,0,255,1,1,False,False,True,2.858946713594065,True,True,[],[   -0.33221     0.36936     0.86788],-10.581823487283524,-43.52214230692447,1.1816998262057783,0.28929304147984414,0.29315184864450494,29.1,0.1706958520155899,0.5865836839023707,2.1509654776954847
frame_220,0,255,1,1,False,False,True,3.01402795261151,True,True,[],[    -0.2831      0.3363      0.8982],-10.60144025689864,-42.23116204119484,1.2005014004493186,0.28965355165852047,0.29249962853385236,29.1,0.1346448341479567,0.462697024563425,2.1589342091228696
frame_221,0,255,1,1,False,False,True,2.9948717646712404,True,True,[],[   -0.32922     0.39155     0.85924],-18.675813205803706,-41.468630386455246,1.184558065358315,0.33305082604895353,0.3314325461310083,29.1,4.205082604895349,14.450455686925597,2.165842110134777
frame_222,0,255,1,1,False,False,True,2.986974170482108,True,True,[],[   -0.26414      0.3393     0.90283],-17.701892958646695,-40.88158718682926,1.1847031580296865,0.31009830791792936,0.30989786436554334,29.1,1.9098307917929325,6.562992411659561,2.1691325007490145
frame_223,0,255,1,1,False,False,True,2.9680608246967184,True,True,[],[   -0.29509     0.36721     0.88209],-14.120827385619776,-39.04154907641546,1.1438661504344834,0.30752801046441225,0.30655722342596703,29.1,1.6528010464412213,5.679728681928595,2.1743363272408365
frame_224,0,255,1,1,False,False,True,2.945216002743874,True,True,[],[   -0.43409     0.43455     0.78913],-17.756281014606976,-38.915130809762864,1.1259985680905982,0.3108694702035294,0.31083352722532037,29.1,1.986947020352936,6.827996633515243,2.1785437138285726
frame_225,0,255,1,1,False,False,True,2.9017156856179382,True,True,[],[   -0.34596     0.40455     0.84655],-16.964022300435218,-39.56796769150329,1.0605026531330541,0.3082410314929894,0.30924959560033527,29.1,1.724103149298939,5.92475309037436,2.185599050991276
frame_226,0,255,1,1,False,False,True,2.980182515377598,True,True,[],[   -0.38156     0.42124     0.82278],-17.193388879827246,-38.79251619832775,1.14176920534924,0.30690629728158214,0.30286680918267483,29.1,1.5906297281582105,5.466081540062579,2.186770329993979
frame_227,0,255,1,1,False,False,True,2.9764616988603003,True,True,[],[   -0.40093     0.41566     0.81639],-20.202808919812465,-38.65911835703607,1.178769077966863,0.3281712277550781,0.3295796070417759,29.1,3.7171227755078085,12.773617785250199,2.187651821963158
frame_228,0,255,1,1,False,False,True,3.064972071855418,True,True,[],[     -0.463     0.42713     0.77665],-13.483738796102731,-40.511933306974626,1.1477461714080075,0.2870627950396035,0.28197801470749856,29.1,0.3937204960396512,1.352991395325262,2.182195095350905
frame_229,0,255,1,1,False,False,True,3.0359658408003565,True,True,[],[    0.69422    -0.53118     -0.4857],-18.524797751257008,-35.847419859319714,0.7274282106717205,0.3260760830196482,0.33317792493859716,29.1,3.507608301964815,12.053636776511393,2.212299965169638
frame_230,0,255,1,1,False,False,True,3.0297442810853936,True,True,[],[    0.64306    -0.53844    -0.54457],-18.34613048604946,-36.25670674462634,0.7425472504266066,0.3295849663687779,0.3258858932927178,29.1,3.858496636877784,13.259438614700288,2.208598580705874
frame_231,0,255,1,1,False,False,True,3.0535645288169397,True,True,[],[    0.72678    -0.53987    -0.42465],-16.97195650837867,-35.28538818091634,0.5622106558169615,0.32481444168002027,0.32420526198270977,29.1,3.3814441680020235,11.620083051553346,2.2251538349606594
frame_232,0,255,1,1,False,False,True,3.0408001792415353,True,True,[],[    0.70007    -0.52433    -0.48474],-15.22380674677785,-35.20124333130632,0.8534559315148136,0.31112576222785293,0.3178093479733392,29.1,2.0125762227852895,6.916069494107524,2.2372077739715577
frame_233,0,255,1,1,False,False,True,3.0235886807607355,True,True,[],[    0.70705    -0.53966    -0.45699],-18.992743635413184,-35.708994043742415,0.7428084448354577,0.33187376647583877,0.3291538201738007,29.1,4.0873766475838735,14.045967861112969,2.2280111393049022
frame_234,0,255,1,1,False,False,True,3.0136521689010602,True,True,[],[    0.70662     -0.5573    -0.43602],-17.11683732131763,-36.806855177487066,0.6988714935644711,0.30822991941941824,0.31747310954806773,29.1,1.7229919419418205,5.920934508391135,2.239386027726143
frame_235,0,255,1,1,False,False,True,2.9681607978906213,True,True,[],[    0.69417    -0.54958    -0.46486],-19.955041368942382,-37.62678889557213,0.6964561994659184,0.3226064853872884,0.32961084414514086,29.1,3.1606485387288386,10.861335184635184,2.2585070993360237
frame_236,0,255,1,1,False,False,True,2.926070226537002,True,True,[],[    0.62293    -0.52467    -0.58024],-18.23405028590708,-37.89238470663812,0.8171992094287011,0.32026427468901053,0.3250792712175278,29.1,2.9264274689010494,10.056451783165118,2.261398358249876
frame_237,0,255,1,1,False,False,True,2.8634145638181168,True,True,[],[   -0.53211     0.50491     0.67965],-15.541785703560388,-37.304521480216145,0.8815042100325488,0.3050942153696624,0.30878113816312724,29.1,1.4094215369662377,4.843372979265421,2.2775823263659345
frame_238,0,255,1,1,False,False,True,2.9356954443000696,True,True,[],[    0.66508    -0.57164    -0.48052],-14.463836717988077,-38.25542153848852,0.6945435284076751,0.2940200124773079,0.30240374896846756,29.1,0.3020012477307876,1.0378049750198888,2.288657435493715
frame_239,0,255,1,1,False,False,True,2.991262571505005,True,True,[],[   -0.58732     0.48742     0.64613],-19.438247900849063,-38.35593282939899,0.7746081895289334,0.3110078587660552,0.3171370721162673,29.1,2.0007858766055153,6.875552840568782,2.3010774264738707
frame_240,0,255,1,1,False,False,True,2.9592234822779786,True,True,[],[    0.67752    -0.54823    -0.49032],-19.185286363510595,-38.213603762909116,0.6757204125612657,0.3090417262330398,0.31567324438010935,29.1,1.804172623303979,6.1999059220068,2.300145175386582
frame_241,0,255,1,1,False,False,True,2.9548873621916742,True,True,[],[   -0.48784     0.44401     0.75158],-17.768888927749103,-39.46494063204193,0.990404573967745,0.30984219556148673,0.3228512257946551,29.1,1.8842195561486696,6.4749812926071115,2.312573226292928
frame_242,0,255,1,1,False,False,True,2.9499200043482805,True,True,[],[    0.62762    -0.55636    -0.54457],-19.492927178514968,-41.94458090158532,0.8019077045356646,0.3075408624996028,0.31198158272924226,29.1,1.6540862499602738,5.68414518886692,2.319030609870672
frame_243,0,255,1,1,False,False,True,3.070031024574145,True,True,[],[   -0.55271     0.51304     0.65674],-21.479086098126228,-42.82942206047783,0.9128388095995903,0.30639673237136567,0.31113966444620633,29.1,1.539673237136563,5.2909733234933425,2.3392412102278786
frame_244,0,255,1,1,False,False,True,2.975730856422557,True,True,[],[    0.65482    -0.64823     -0.3886],14.44401110039766,132.85098182998277,0.5620050914580295,0.28266461056610614,0.2838484785913311,29.1,0.8335389433893892,2.8643949944652545,2.3389442052038523
frame_245,0,255,1,1,False,False,True,2.92273719046088,True,True,[],[   -0.63133     0.63153     0.45011],19.331840611270216,134.84887692761563,0.6307155466014567,0.2994365019658587,0.31092422114609086,29.1,0.8436501965858656,2.899141569023593,2.351225540714879
frame_246,0,255,1,1,False,False,True,2.715948571543043,True,True,[],[   -0.59324     0.59751     0.53949],19.825797654212415,133.60047304872566,0.7237621045752465,0.2861443478783867,0.29049225944310764,29.1,0.48556521216133186,1.668608976499422,2.360054917866873
frame_247,0,255,1,1,False,False,True,2.828253086681702,True,True,[],[   -0.55717     0.57876     0.59548],23.66155679783155,134.40936583382256,0.7980172586218217,0.3271445045607686,0.31568601008149344,29.1,3.6144504560768564,12.420791945281293,2.380793363611463
frame_248,0,255,1,1,False,False,True,2.8661463627994257,True,True,[],[    0.58154    -0.57831    -0.57216],28.284524242196813,134.8630345843574,0.849557882497497,0.33678532367124414,0.3272088667729831,29.1,4.57853236712441,15.733788203176665,2.3987456584065376
frame_249,0,255,1,1,False,False,True,2.8018462023321344,True,True,[],[    0.62972    -0.59463    -0.49986],-26.17859418428015,-43.68864585136461,0.6485306577822298,0.33842173968790146,0.3254866942063856,29.1,4.7421739687901425,16.296130476942068,2.412668536799823
frame_250,0,255,1,1,False,False,True,2.904566652598661,True,True,[],[     0.6555    -0.60375    -0.45366],-21.089689455974128,-42.66154214764133,0.6029773035678836,0.31544784256181146,0.30311117258333203,29.1,2.444784256181143,8.401320467976435,2.4196173226454234
frame_251,0,255,1,1,False,False,True,2.9062981312539424,True,True,[],[    0.60364    -0.56852    -0.55894],-22.00454562703216,-42.51415083966092,0.7248981361603393,0.35418565923761824,0.3250909856524855,29.1,6.31856592376182,21.713284961380825,2.4324222579136934
frame_252,0,255,1,1,False,False,True,2.9599177720037977,True,True,[],[     0.6728     -0.5949     -0.4398],-16.37276764122682,-42.00878615349591,0.7423854205480716,0.3188569204035565,0.3037909420797869,29.1,2.7856920403556473,9.572824880947241,2.443210548679876
frame_253,0,255,1,1,False,False,True,3.026697347571324,True,True,[],[    0.71406      -0.644    -0.27457],-13.079138581518691,-41.726481755651946,0.40155500473893824,0.3099765235022447,0.3139488691068584,29.1,1.8976523502244658,6.521142096991291,2.455646547071773
frame_254,0,255,1,1,False,False,True,2.990384516504783,True,True,[],[    0.72039    -0.62662    -0.29729],-15.173632962275121,-41.08446423274836,0.3542774315177333,0.30663174528080983,0.3170199548448173,29.1,1.5631745280809795,5.371733773474156,2.4568490454859466
frame_255,0,255,1,1,False,False,True,2.93310036749933,True,True,[],[    0.72651    -0.61881    -0.29876],-10.244061885427639,-40.387914917183444,0.568550736877474,0.30585375755369903,0.3181962852565895,29.1,1.4853757553698999,5.104384039071821,2.462455458964061
frame_256,0,255,1,1,False,False,True,3.130587570568034,True,True,[],[    0.73198    -0.56687    -0.37797],-7.304699844338036,-37.241441311044845,0.7762405300283968,0.32034755785083846,0.32119411500383366,29.1,2.9347557850838424,10.085071426404957,2.472916392811009
frame_257,0,255,1,1,False,False,True,3.1823202332262683,True,True,[],[    0.65973    -0.43809    -0.61061],-3.060703406854478,-37.088676810788506,0.8293684839732434,0.30183967571423986,0.3075583991934118,29.1,1.0839675714239827,3.724974472247363,2.4713648509613155
frame_258,0,255,1,1,False,False,True,3.146582598265275,True,True,[],[    0.80163    -0.56441    -0.19706],-4.111873712290304,-37.8124036613489,0.49507565298324696,0.3116390630144368,0.31081260804127236,29.1,2.0639063014436743,7.092461516988571,2.475934077143592
frame_259,0,255,1,1,False,False,True,3.211267862923428,True,True,[],[    0.74861    -0.53641    -0.38969],-3.3259601087388773,-36.446574690265,0.707144073239373,0.31272663242505616,0.31571733437500127,29.1,2.1726632425056125,7.466196709641279,2.4842184032236605
frame_260,0,255,1,1,False,False,True,3.333333288242353,True,True,[],[    0.75993    -0.54986    -0.34664],-5.784896485081277,-36.717333872974145,0.707824546493953,0.3272778334646924,0.3318875122152213,29.1,3.6277833464692377,12.466609438038617,2.50046320978155
frame_261,0,255,1,1,False,False,True,3.340579829829951,True,True,[],[    0.77883    -0.56344    -0.27562],2.102432363526784,-37.752507614546786,0.6231018526733036,0.3100548345686369,0.31274968440096584,29.1,1.905483456863688,6.5480531163700615,2.5068954411954394
frame_262,0,255,1,1,False,False,True,3.338028321306851,True,True,[],[    0.81195    -0.58344    -0.01834],1.0434973881920013,-35.16958575554697,0.367949083723748,0.32758534450464827,0.326746357614903,29.1,3.658534450464823,12.572283334930665,2.5189362903821477
frame_263,0,255,1,1,False,False,True,3.422580327893233,True,True,[],[    0.79768    -0.58405     -0.1503],-7.60409794440293,-36.06995411086308,0.36256727858317794,0.33698550970736474,0.34670129152543677,29.1,4.59855097073647,15.802580655451786,2.516622574413733
frame_264,0,255,1,1,False,False,True,3.4180034105720276,True,True,[],[    0.78149    -0.59174    -0.19777],-3.163981068201549,-36.61738054981986,0.5231565622537802,0.33203922241360806,0.3306402076402119,29.1,4.103922241360802,14.102825571686605,2.527551119472272
frame_265,0,255,1,1,False,False,True,3.3913617499715203,True,True,[],[    0.78805    -0.58724    -0.18473],-0.6469187912886085,-37.62380125538114,0.6434166177703788,0.3247421640447602,0.3188757664215627,29.1,3.374216404476016,11.59524537620624,2.532356049495939
frame_266,0,255,1,1,False,False,True,3.3951936168087182,True,True,[],[    0.78709    -0.61238   -0.074005],-0.008592449935441136,-37.712666957436866,0.4771522272428762,0.3082486391631891,0.3132892359071196,29.1,1.7248639163189083,5.927367410030612,2.534873072566882
frame_267,0,255,1,1,False,False,True,3.360795188960618,True,True,[],[    0.77784    -0.60299     -0.1771],-1.278443914982345,-37.16230687263879,0.6006603671581643,0.3140265163043684,0.315416120301357,29.1,2.302651630436836,7.912892200813869,2.530895446333858
frame_268,0,255,1,1,False,False,True,3.355545064752857,True,True,[],[    0.79188    -0.60836   -0.053141],-0.17821925299938438,-37.52485592769766,0.38892491340202906,0.32710244855827164,0.3263653835491509,29.1,3.6102448558271605,12.406339710746256,2.5375316454080434
frame_269,0,255,1,1,False,False,True,3.357542308438613,True,True,[],[    0.77619    -0.62296   -0.097187],-1.0202783622274734,-38.74243255210783,0.38127250919045086,0.32223430279828114,0.31401596378127417,29.1,3.12343027982811,10.733437387725463,2.535222260307216
frame_270,0,255,1,1,False,False,True,3.3029284856050087,True,True,[],[    0.78042    -0.62314   -0.051312],1.2316823652304811,-39.51026641630271,0.43564769000934567,0.3069429423959231,0.3097262307124905,29.1,1.5942942395923088,5.478674362860167,2.536394195337545
frame_271,0,255,1,1,False,False,True,3.3197505365853863,True,True,[],[    0.76894    -0.62826    -0.11844],-2.308423755886598,-39.96412499123049,0.4647349577553084,0.304481864073859,0.30875623995923585,29.1,1.3481864073858985,4.632942980707554,2.5411835439869614
frame_272,0,255,1,1,False,False,True,3.2063953799043676,True,True,[],[     0.7603    -0.63305     -0.1456],-2.6743020915147944,-40.08353960875269,0.5333415401359263,0.30679470794169994,0.31200806960410243,29.1,1.5794707941699904,5.427734687869382,2.5394778227288453
frame_273,0,255,1,1,False,False,True,3.3255934175884803,True,True,[],[    0.74776    -0.59184    -0.30095],-1.9897015412101182,-40.16143104995372,0.7140702516211175,0.29930699973648034,0.3030621168926875,29.1,0.8306999736480303,2.8546390847011347,2.539454831573496
frame_274,0,255,1,1,False,False,True,3.230405946280237,True,True,[],[    0.77092    -0.62477    -0.12389],-4.232310292187369,-38.75095264736818,0.4480443752434726,0.3085590892005595,0.31170275917718876,29.1,1.7559089200559486,6.034051271669926,2.5439001678493973
frame_275,0,255,1,1,False,False,True,3.1901809288523224,True,True,[],[    0.77632    -0.60495    -0.17709],-4.7632471617554035,-39.22785768772181,0.48854701129873734,0.31546529592742456,0.3153989962162171,29.1,2.4465295927424524,8.407318188118392,2.5436686523190524
frame_276,0,255,1,1,False,False,True,3.2210214608585175,True,True,[],[     0.7643    -0.57228    -0.29723],-5.054387105990904,-37.27394176310578,0.7229154973929928,0.31409988306352743,0.31498565662427913,29.1,2.3099883063527393,7.938104145542059,2.541819772073778
frame_277,0,255,1,1,False,False,True,3.168582613627354,True,True,[],[    0.79554    -0.55631    -0.24009],-0.831051451241945,-36.68981130454272,0.6620531080295937,0.29376105412680287,0.3013524155449645,29.1,0.2761054126802831,0.9488158511349934,2.541230533119875
frame_278,0,255,1,1,False,False,True,3.1984324124782844,True,True,[],[    0.81646    -0.56705    -0.10882],-2.1800353349015,-34.49136705837831,0.36770258677499457,0.2984740985070199,0.30550727613208073,29.1,0.7474098507019855,2.568418730934658,2.543714948865814
frame_279,0,255,1,1,False,False,True,3.2078921576324086,True,True,[],[    0.81616    -0.55394    -0.16442],-5.027046481163441,-34.377017220792744,0.5426196197197855,0.31336462642873497,0.3166974616888347,29.1,2.2364626428734935,7.685438635304101,2.5408198319472275
frame_280,0,255,1,1,False,False,True,3.2028234917604474,True,True,[],[    0.83073    -0.54368    -0.11958],-4.726978737381448,-34.31376535882276,0.3372540964980626,0.31869916529461606,0.3181553125443333,29.1,2.7699165294616024,9.518613503304476,2.5412265661491116
frame_281,0,255,1,1,False,False,True,3.258131273565266,True,True,[],[    0.81213    -0.52518    -0.25423],1.4023760042195614,-34.31925127750823,0.6670742102737914,0.30032884447217445,0.30542853592559227,29.1,0.9328844472174413,3.2057884784104513,2.5429468287791206
frame_282,0,255,1,1,False,False,True,3.246485712974108,True,True,[],[    0.82087     -0.5553    -0.13344],-2.6485998118083742,-34.118097028700426,0.4854237313996055,0.31835756228510936,0.3202521781697293,29.1,2.7357562285109327,9.401224152958532,2.5373329768927335
frame_283,0,255,1,1,False,False,True,3.27612681880439,True,True,[],[    0.82649    -0.55845   -0.071032],-2.5355063272567913,-33.98846769862349,0.3334186251883743,0.31299825255976277,0.3122423755062982,29.1,2.199825255976273,7.559536962117777,2.5397993759044164
frame_284,0,255,1,1,False,False,True,3.2628809834156565,True,True,[],[    0.82511    -0.55429    -0.10936],-4.59411735060454,-34.610014911409394,0.41570021726354045,0.3149190611826953,0.3191653332335195,29.1,2.3919061182695267,8.21960865384717,2.535569342462963
frame_285,0,255,1,1,False,False,True,3.2308459485796477,True,True,[],[    0.81944    -0.56762   -0.079508],-1.8992102066332615,-34.61828769074462,0.4280797890632406,0.31654471550220165,0.31799624894547146,29.1,2.554471550220161,8.77825274989746,2.5381227242543427
frame_286,0,255,1,1,False,False,True,3.196059962237322,True,True,[],[    0.81218    -0.56754    -0.13514],-4.018514305407758,-36.026567526744394,0.49061975079068687,0.3094080356957738,0.31520264138957704,29.1,1.8408035695773761,6.32578546246521,2.5335245268833457
frame_287,0,255,1,1,False,False,True,3.1664292606686644,True,True,[],[    0.79962    -0.57281    -0.18027],-7.420265780882236,-36.61261552246049,0.5846025643424642,0.3288786737264431,0.3210408951587056,29.1,3.7878673726443046,13.016726366475273,2.5315116283505463
frame_288,0,255,1,1,False,False,True,3.2037036126688268,True,True,[],[    0.79701    -0.58964    -0.13077],-4.864689633715863,-36.31624283953264,0.34909063991262457,0.3141378482421837,0.3206090907122782,29.1,2.313784824218368,7.951150598688549,2.527857208724069
frame_289,0,255,1,1,False,False,True,3.1859758589665232,True,True,[],[    0.78046    -0.59381    -0.19562],-9.133430557502177,-37.41050645131041,0.5399086808280689,0.3128354052691993,0.32426030252486227,29.1,2.183540526919925,7.503575693882903,2.5258149481840833
frame_290,0,255,1,1,False,False,True,3.167225582445755,True,True,[],[     0.7682    -0.63735   -0.060437],-0.35260679257175437,-39.71089936647606,0.35191154706635785,0.3001842437514253,0.2986426711965604,29.1,0.9184243751425236,3.1560975090808374,2.526668575577817
frame_291,0,255,1,1,False,False,True,3.0703121627490115,True,True,[],[    0.72606    -0.56793    -0.38767],-15.722484404293274,-38.387981525312725,0.7561841876910869,0.33349259926275465,0.32880425230712507,29.1,4.249259926275462,14.602267787888184,2.5215114341279254
frame_292,0,255,1,1,False,False,True,3.16151153809119,True,True,[],[    0.73606    -0.61517    -0.28245],-12.209091673874203,-40.162639975440385,0.6498109258589255,0.33597745508218546,0.32658711176324573,29.1,4.497745508218543,15.456170131335197,2.5175175782738783
frame_293,0,255,1,1,False,False,True,3.188193648809019,True,True,[],[    0.71765    -0.55122    -0.42559],-12.144998542239916,-39.01929900706176,0.8318571791712086,0.3200760338465103,0.33492372655585817,29.1,2.907603384651025,9.991764208422767,2.5216604724793026
frame_294,0,255,1,1,False,False,True,3.0741425184989457,True,True,[],[    0.76744    -0.62295    -0.15157],-8.39954027527067,-39.19942482884514,0.35208048582272244,0.32557566327992893,0.3239108986417587,29.1,3.457566327992889,11.881671230216114,2.5140776540350727
frame_295,0,255,1,1,False,False,True,3.171268213104619,True,True,[],[    0.78793    -0.60407    -0.11943],-6.712624529877977,-37.816950922435254,0.32112949316745243,0.30773319690584855,0.3303238774169185,29.1,1.6733196905848513,5.750239486545881,2.507865261762959
frame_296,0,255,1,1,False,False,True,3.287842583002806,True,True,[],[    0.78673    -0.59305     -0.1713],-3.5303425827565067,-37.515436803797684,0.4940479812420526,0.3150531589336272,0.33857644894861016,29.1,2.405315893362714,8.26569035519833,2.5187513371182098
frame_297,0,255,1,1,False,False,True,3.2411349374135985,True,True,[],[    0.73202    -0.47036    -0.49286],-8.967637721114027,-35.41107498880113,0.8536329014927029,0.3279237857265862,0.31536624130752067,29.1,3.6923785726586167,12.688586160338888,2.515439768451398
frame_298,0,255,1,1,False,False,True,3.3158389114757783,True,True,[],[    0.80654    -0.59098   -0.015386],-0.07367014550246208,-37.32362333548016,0.32903684432864133,0.30394088204445746,0.3461050111339352,29.1,1.2940882044457425,4.447038503249974,2.5068733680344337
frame_299,0,255,1,1,False,False,True,3.2926615417261877,True,True,[],[    0.80426    -0.54771    -0.23061],-0.2754771257509612,-37.413102186187196,0.7151380143601958,0.30408375736603,0.3396321803482779,29.1,1.3083757366029958,4.496136551900329,2.503511278445904
frame_300,0,255,4,0,False,False,True,5.500000639744239,True,True,[],[   -0.38146    -0.38682     0.83956],51.317173279553,-134.47008981835168,2.9280731112471416,1.0411782393053821,1.0404173435235897,29.1,75.01782393053821,257.79320938329283,2.4314115296297922
frame_300,0,127,1,1,False,False,True,3.3622916344303677,True,True,[],[    0.79946    -0.55793    -0.22266],-5.748004699160235,-36.173767239654346,0.627330546083998,0.34664029223108983,0.34014207193261625,29.1,5.56402922310898,19.12037533714426,2.511049785318441
frame_301,0,255,4,1,False,False,True,2.5852742382164844,True,True,[],[     -0.208    -0.25462     0.94441],67.43964319720581,-124.44914855773449,0.6729090638158093,0.6706627565643513,0.6355251658804009,29.1,37.96627565643512,130.46830122486296,2.7443925944808263
frame_301,0,127,1,1,False,False,True,3.442429370001987,True,True,[],[    0.81533    -0.57175   -0.091326],-4.293745749261424,-36.26684615391576,0.3441217608983176,0.31630549262214536,0.34822472173061736,29.1,2.530549262214532,8.696045574620385,2.497979779895261
frame_302,0,255,1,1,False,False,True,3.360330426301667,True,True,[],[    0.81847     -0.5665   -0.095853],-3.8062080485754057,-36.07074735864557,0.3391861162300329,0.3184438930216471,0.33577645989638616,29.1,2.744389302164707,9.430891072730951,2.4877326268257005
frame_303,0,255,1,1,False,False,True,3.4366793656454284,True,True,[],[    0.80603    -0.52843    -0.26659],-3.350144506387935,-36.31036141431824,0.7763180426838507,0.31128237300574124,0.3279705876268344,29.1,2.0282373005741205,6.969887630838902,2.4933399325890866
frame_304,0,255,4,1,False,False,True,5.019752798542356,True,True,[],[   -0.33765    -0.34992     0.87381],61.05028537827069,-136.23900965399685,0.9829914778978328,0.9097594668845039,0.9104777624709832,29.1,61.87594668845039,212.63211920429686,1.630724645299571
frame_304,0,127,1,1,False,False,True,3.5126305951287726,True,True,[],[    0.81242    -0.58286    0.015528],3.878826863390071,-38.124395101305495,0.32518764611057693,0.28625032670163186,0.3085027122235613,29.1,0.47496732983681733,1.6321901368962795,2.4823503494262695
frame_305,0,255,4,0,False,False,True,3.565603808135945,True,True,[],[   -0.30639    -0.28014     0.90975],59.302826256356376,-141.8913542494653,0.9565687567603565,0.8657907519203714,0.8478574688193168,29.1,57.47907519203713,197.5225951616396,2.8487932821675135
frame_305,0,127,1,1,False,False,True,3.5180478199079253,True,True,[],[    0.80124     -0.5978   -0.025593],3.0974252679377545,-39.747461526863255,0.36249259755006724,0.2875591452928259,0.2957720342632204,29.1,0.3440854707174146,1.1824242979979882,2.4769917979990086
frame_306,0,255,1,1,False,False,True,3.4899216917140996,True,True,[],[    0.77216    -0.62735      -0.101],-5.196786765080662,-40.25874176629702,0.30624322581253094,0.29984548618277795,0.29623314626353076,29.1,0.8845486182777917,3.0396859734632016,2.473785322506127
frame_307,0,255,4,0,True,False,True,3.9256265921842073,,False,[],,,,,,,29.1,,,
frame_307,0,127,1,1,False,False,True,3.4879809944464517,True,True,[],[    0.74425    -0.66683   -0.037869],-4.250395599199413,-42.031816841343264,0.2658875814607746,0.26502062796320036,0.26323847706755893,29.1,2.5979372036799675,8.92761925663219,2.474407160902299
frame_308,0,255,1,1,False,False,True,3.5389328996124076,True,True,[],[    0.73176     -0.6621    -0.16168],-7.714100920558055,-43.23572981037965,0.32761099989350306,0.2899509231013826,0.2810580721158328,29.1,0.10490768986174404,0.36050752529808944,2.469465279669132
frame_309,0,255,1,0,False,False,True,3.5427177253733095,True,True,[],[   -0.69334      0.7171     0.07109],3.40909235465353,133.4212594019667,0.2859225395357263,0.2732073461416935,0.2664237203334202,29.1,1.7792653858306529,6.114314040655164,2.4647001952001313
frame_310,0,255,4,0,False,False,True,3.119879338920261,False,False,[],,-1.0,-1.0,-1.0,-1.0,0.0,29.1,,,3.093777489017796
frame_310,0,127,1,0,False,False,True,3.477636285510938,True,True,[],[   -0.66693     0.73826     0.10089],4.8917451541921535,131.79691231891204,0.3002360364279033,0.28134375527486677,0.26472130398731974,29.1,0.9656244725133267,3.318297156403185,2.4574289127660633
frame_311,0,255,1,0,False,False,True,3.5850838042225717,True,True,[],[   -0.63111     0.77554    0.015744],0.27544701614263306,128.9884414335138,0.27793853998680906,0.2571578448724252,0.2504114185868146,29.1,3.3842155127574824,11.629606573049767,2.456492573801988
frame_312,0,255,4,0,False,False,True,3.818273909754687,True,True,[],[    -0.4023    -0.39313      0.8268],57.51336959174804,-139.58660283236918,1.743736492215087,0.46669133098880256,0.465122482180534,29.1,17.56913309888025,60.37502783120361,1.820650964654902
frame_312,0,127,1,0,False,False,True,3.6199637143767065,True,True,[],[    -0.6718     0.71939     0.17654],8.903022411269387,132.75115370208636,0.30257546465881613,0.28287994575484077,0.27627063547122854,29.1,0.8120054245159269,2.7903966478210545,2.463998913370221
frame_313,0,255,1,0,False,False,True,3.610560821732975,True,True,[],[   -0.68108     0.70064     0.21266],9.0049346814584,133.1480415665374,0.3683897715182005,0.29568182205461335,0.2795631357286668,29.1,0.4681822054613316,1.608873558286363,2.465237374265033
frame_314,0,255,1,1,False,False,True,3.6813562933279176,True,True,[],[   -0.67366     0.73896    0.011181],2.1437721552242,133.2598578617532,0.267037791303927,0.2575561376968809,0.25355221879755485,29.1,3.344386230311913,11.492736186638876,2.4608602035920133
frame_315,0,255,4,0,False,False,True,3.5433790104863507,True,True,[],[   -0.47753    -0.42956     0.76644],-33.47447555053029,43.999533843476385,1.1590487421422102,0.33728814736499046,0.29158085796223493,29.1,4.628814736499043,15.906579850512175,2.3676695585250855
frame_315,0,127,1,1,False,False,True,3.783132465454529,True,True,[],[   -0.69419      0.7194   -0.023937],-1.486100813465195,-44.914465027097485,0.2954811280467474,0.27681101546135234,0.26806348589430173,29.1,1.4188984538647698,4.875939704002645,2.4607235917318224
frame_316,0,255,1,1,False,False,True,3.7726028056442855,True,True,[],[   -0.68742     0.70885    -0.15808],-11.407428967111292,132.75726540235704,0.27548714059232415,0.2713504995870693,0.2888559690750254,29.1,1.9649500412930732,6.752405640182382,2.454366569311449
frame_317,0,255,4,1,False,False,True,4.874538222291717,True,True,[],[     -0.363    -0.31824     0.87576],69.97195765921573,-142.46940912714643,2.571109391999744,0.7316563849806612,0.73434341385234,29.1,44.065638498066114,151.42831098991792,2.3390015433706526
frame_317,0,127,1,1,False,False,True,3.816450206620953,True,True,[],[   -0.64897     0.68144    -0.33833],-21.22623728766912,132.680628932745,0.2913616408399633,0.29002911407081233,0.29862221035359104,29.1,0.09708859291877037,0.3336377763531627,2.4640630034881776
frame_318,0,255,1,1,False,False,True,3.803156352302516,True,True,[],[    0.70352     -0.6666      0.2464],15.539059301806356,-44.67126830351958,0.3183295712293101,0.31488956047022404,0.3232451302930513,29.1,2.3889560470224005,8.209470951967011,2.4645120285308715
frame_319,0,255,1,1,False,False,True,3.8382351327041513,True,True,[],[      0.678    -0.65545     0.33273],21.0005321791028,-44.93178970220597,0.3127788775208177,0.3108431944466892,0.32409245146042165,29.1,1.9843194446689139,6.818967163810701,2.49346506237646
frame_320,0,255,1,1,False,False,True,3.9047169156738017,True,True,[],[     0.7265    -0.65956     0.19281],15.48214482476377,-43.72260251166778,0.3394855406373122,0.31576594283699194,0.3414328811686553,29.1,2.4765942836991908,8.510633277316806,2.4948337293654967
frame_321,0,255,1,1,False,False,True,3.922174982535729,True,True,[],[    0.73066    -0.64822     0.21435],13.142114926652793,-42.338852147846325,0.3342724939353647,0.3291823682219158,0.3377359135390141,29.1,3.8182368221915786,13.121088736053535,2.5044215525839437
frame_322,0,255,1,1,False,False,True,3.9890405316390005,True,True,[],[    0.70962     -0.6443     0.28517],23.571367705666738,-41.99270121982449,0.3391524535334311,0.2927239545257019,0.2861544422571386,29.1,0.1723954525701843,0.5924242356363721,2.5194261168739325
frame_323,0,255,1,1,False,False,True,3.91554530697469,True,True,[],[    0.70549    -0.64993     0.28262],18.11067160483091,-43.17044691965462,0.308588406418403,0.30678396179473943,0.3249957040459105,29.1,1.5783961794739398,5.424041853862336,2.5287726268722155
frame_324,0,255,1,1,False,False,True,3.803495234528553,True,True,[],[    0.72172    -0.64326     0.25562],18.03015016060717,-44.73358112204561,0.33289240822936483,0.30583287075973037,0.30668754212616023,29.1,1.4832870759730332,5.097206446642725,2.5511085896666823
frame_325,0,255,1,1,False,False,True,3.7897577448520123,True,True,[],[    0.73444    -0.62581      0.2626],16.792032942694135,-41.808068750762374,0.32238167680145546,0.3181419916095589,0.34143428490458516,29.1,2.714199160955888,9.327144883009924,2.566433849988905
frame_326,0,255,1,1,False,False,True,3.780487605081974,True,True,[],[    0.73992    -0.62039     0.26007],19.937131587472507,-43.114627836431474,0.32029162363284847,0.28176077360225793,0.280742786247722,29.1,0.9239226397742106,3.1749918892584557,2.571051185531668
frame_327,0,255,1,1,False,False,True,3.8012726621455255,True,True,[],[    0.77695    -0.60521     0.17338],15.366461428013709,-39.13506976465656,0.37217690665765263,0.3124220744352132,0.3285159790024438,29.1,2.1422074435213156,7.361537606602458,2.5849001275679933
frame_328,0,255,1,1,False,False,True,3.6183206218014603,True,True,[],[    0.79215    -0.59249     0.14644],14.082951957344132,-39.14870785502411,0.32645574036090846,0.3086982375408186,0.3117854509774931,29.1,1.7698237540818562,6.0818685707280284,2.592063451484675
frame_329,0,255,1,1,False,False,True,3.6365135429405813,True,True,[],[    0.80821    -0.57573     0.12386],9.707657432507137,-36.864090929631345,0.3289102601847347,0.31648889984965556,0.32130767983432945,29.1,2.548889984965552,8.759072113283683,2.600345346194695
frame_330,0,255,1,1,False,False,True,3.616958980159524,True,True,[],[    0.81664    -0.57525   -0.046885],3.3560107290418486,-36.44526685690196,0.44106104816404,0.32756491515164154,0.33040101577523434,29.1,3.656491515164151,12.565262938708422,2.6151770518582778
frame_331,0,255,1,1,False,False,True,3.4728572745943995,True,True,[],[    0.81287    -0.57999   -0.053454],1.4623887959071369,-36.07013831957174,0.4997969372301775,0.33780848396706453,0.33642747127732964,29.1,4.68084839670645,16.085389679403608,2.6136037682575384
frame_332,0,255,1,1,False,False,True,3.530487343786729,True,True,[],[    0.80514    -0.58948    0.065331],5.314080851321116,-36.808048500997465,0.37685743004620886,0.3182112040208548,0.3208501783782911,29.1,2.721120402085475,9.350929216788574,2.618143904769181
frame_333,0,255,1,1,False,False,True,3.5009595045624304,True,True,[],[    0.79117    -0.56467    -0.23492],0.39942840963672216,-36.58438403150108,0.664939984262291,0.32956658770123104,0.33358156424551033,29.1,3.8566587701231003,13.253122921385224,2.626921081968988
frame_334,0,255,1,1,False,False,True,3.4440784315520916,True,True,[],[    0.80655    -0.59006   -0.036213],8.165311916450968,-36.85445423422548,0.537840097155513,0.31407037873405763,0.3190064578091416,29.1,2.3070378734057595,7.927965200707076,2.6352469086157804
frame_335,0,255,1,1,False,False,True,3.4609113920951495,True,True,[],[    0.77909    -0.58352     0.22918],14.156462323699346,-37.09970963329229,0.3133158385298711,0.3132542236972578,0.3251759597666755,29.1,2.225422369725777,7.647499552322258,2.6526575844085456
frame_336,0,255,1,1,False,False,True,3.527777706266941,True,True,[],[    0.81109     -0.5849   0.0038229],9.324491636135624,-37.6188842674342,0.48488611255795355,0.3069254683191276,0.3114381401554569,29.1,1.5925468319127556,5.472669525473386,2.656214326722375
frame_337,0,255,1,1,False,False,True,3.52755891836647,True,True,[],[    0.78078    -0.57116     0.25329],15.035194821225863,-36.034900148675085,0.30767675718917886,0.3058983633051977,0.3191898320517075,29.1,1.489836330519767,5.119712476012945,2.644396293563331
frame_338,0,255,1,1,False,False,True,3.5840400108599026,True,True,[],[    0.80352    -0.57899     0.13832],14.629482653900181,-37.18314706784771,0.4069538146529612,0.3025973901003666,0.31305365965895354,29.1,1.159739010036659,3.9853574228063877,2.6573669979873213
frame_339,0,255,1,1,False,False,True,3.5717156959867324,True,True,[],[    0.79727     -0.5729     0.19011],12.290894959325561,-36.87018614253891,0.31904503917053373,0.30779231352772274,0.33681046227270006,29.1,1.6792313527722702,5.770554476880654,2.6628677904605866
frame_340,0,255,1,1,False,False,True,3.536444715179332,True,True,[],[    0.80028    -0.57813      0.1591],14.420653725767785,-36.146105593201206,0.4137874786395931,0.3072553664172469,0.3254781765163013,29.1,1.6255366417246842,5.586036569500632,2.668625773445294
frame_341,0,255,1,1,False,False,True,3.518442216085985,True,True,[],[    0.80913    -0.57529     0.11978],9.59615059416759,-36.73727431783022,0.34347854701932073,0.31708048344849316,0.33213611821278327,29.1,2.608048344849312,8.962365446217566,2.6614064381879396
frame_342,0,255,1,1,False,False,True,3.561130664916511,True,True,[],[    0.79817    -0.56828     0.19994],13.366651118135577,-35.68566389571566,0.3285833967195205,0.3112849006138347,0.3203623599579366,29.1,2.028490061383464,6.970756224685444,2.6674119457305667
frame_343,0,255,1,1,False,False,True,3.5777778247724754,True,True,[],[    0.78701    -0.55956     0.25981],15.791044298863056,-35.857061458009504,0.3169188538301577,0.3141666069551635,0.32934580030968086,29.1,2.3166606955163482,7.961033317925595,2.665307574437659
frame_344,0,255,1,1,False,False,True,3.653153036631144,True,True,[],[    0.78238    -0.55129     0.28974],19.12680624585599,-35.89267059045705,0.32757143940215705,0.3184828614113011,0.3233453677129905,29.1,2.7482861411301074,9.444282271924767,2.664819804976932
frame_345,0,255,1,1,False,False,True,3.61651939642111,True,True,[],[     0.7881      -0.562     0.25108],18.884213535749335,-34.78132018305722,0.3435890417839979,0.3147151789160574,0.31421218792871186,29.1,2.3715178916057345,8.149546019263692,2.664783292156197
frame_346,0,255,1,1,False,False,True,3.6969852710664632,True,True,[],[    0.80735     -0.5825    0.094229],11.919821588660165,-36.31536463852099,0.45819815720734686,0.3172613819809926,0.33444458005752775,29.1,2.6261381980992535,9.02452989037544,2.674204620490917
frame_347,0,255,1,1,False,False,True,3.7251870405860816,True,True,[],[    0.79678     -0.5804     0.16815],16.130123026566725,-36.3042163337632,0.3400562158714747,0.2827763716949813,0.28816573780992855,29.1,0.8223628305018715,2.825989108253854,2.6693480839694503
frame_348,0,255,1,1,False,False,True,3.708235454840015,True,True,[],[    0.79026    -0.59534     0.14515],11.626455610631105,-35.546878283261094,0.38140416007191946,0.3222658182434022,0.3261553551519857,29.1,3.126581824340219,10.744267437595253,2.6763172628229315
frame_349,0,255,1,1,False,False,True,3.6926016261507986,True,True,[],[    0.77407    -0.60677     0.18068],10.590154815161076,-38.135960466988905,0.3285749254018591,0.3275832361517972,0.3315160366174962,29.1,3.658323615179715,12.571558815050565,2.681093199904517
frame_350,0,255,1,1,False,False,True,3.715670747084953,True,True,[],[    0.77931    -0.61217     0.13388],7.543550379237111,-38.32251163521345,0.329793494985254,0.3255167205763563,0.3260538755650066,29.1,3.451672057635624,11.8614160056207,2.6871949239891966
frame_351,0,255,1,1,False,False,True,3.7755104114596696,True,True,[],[    0.79096    -0.61147   -0.022245],2.941005963428197,-38.58056431326302,0.4242013666367299,0.34117349845038025,0.3427237559686677,29.1,5.017349845038021,17.241752044804194,2.693661273825071
frame_352,0,255,1,1,False,False,True,3.766094451810573,True,True,[],[    0.78136    -0.62222    0.048265],5.25752787090223,-39.098217354539145,0.3813918510364672,0.34155937631190286,0.33271776444387824,29.1,5.055937631190282,17.374356120928805,2.6921074619812133
frame_353,0,255,1,1,False,False,True,3.8165563106203133,True,True,[],[     0.7699    -0.61978     0.15208],10.860671307252204,-39.25339494192503,0.3558324080528793,0.3204302540211707,0.3237843084598116,29.1,2.9430254021170663,10.11348935435418,2.7019056620948607
frame_354,0,255,1,1,False,False,True,3.8361590541629074,True,True,[],[    0.74903    -0.61077     0.25672],16.81301243215664,-39.29298458835602,0.3382748623308764,0.33019217808770424,0.33295483313944096,29.1,3.91921780877042,13.468102435637183,2.7146998856509668
frame_355,0,255,1,1,False,False,True,3.796056484555201,True,True,[],[    0.72911    -0.61261     0.30514],21.131785949940387,-40.46466082879614,0.32288169993640203,0.31841596050660637,0.3211751931941783,29.1,2.741596050660633,9.421292270311453,2.7202745581750816
frame_356,0,255,1,1,False,False,True,3.799273898097291,True,True,[],[    0.71672    -0.60829     0.34103],21.653677484344602,-41.08040568886865,0.32618703662120674,0.31980770008876896,0.31877953689550703,29.1,2.880770008876893,9.899553295109598,2.7243704415480914
frame_357,0,255,1,1,False,False,True,3.8478146354351717,True,True,[],[     0.7181    -0.59588     0.35953],24.878846291767413,-39.742789939101336,0.3185413977126233,0.3058464144687894,0.3150523252433475,29.1,1.484641446878937,5.10186064219566,2.7311090332322108
frame_358,0,255,1,1,False,False,True,3.8691386105318215,True,True,[],[    0.71099    -0.58887     0.38434],24.157363894779692,-39.02573685230762,0.3360384196464622,0.3296196581225155,0.3314552715561194,29.1,3.8619658122515443,13.271360179558572,2.7395283488904014
frame_359,0,255,1,1,False,False,True,3.8302970613526,True,True,[],[     0.7141    -0.57632      0.3974],21.359541376776736,-38.691066271806605,0.37877540927978914,0.33859391929048643,0.3415265216762854,29.1,4.75939192904864,16.355298725253057,2.754537356899859
frame_360,0,255,1,1,False,False,True,3.8562085806064443,True,True,[],[    0.74898    -0.61252      0.2527],14.366849291727977,-38.98419864107934,0.3531264620578588,0.3326405727330235,0.34544447177772114,29.1,4.164057273302346,14.309475165987443,2.7596165531405314
frame_361,0,255,1,1,False,False,True,3.9445635348512536,True,True,[],[    0.76537    -0.62453     0.15545],9.960735427830087,-39.2855911220347,0.37430207324118003,0.32474522154846763,0.3260032136886832,29.1,3.3745221548467597,11.596296064765497,2.7686265609775784
frame_362,0,255,1,1,False,False,True,3.7191420741611463,True,True,[],[    0.73368    -0.60438     0.31053],18.503980633912395,-39.33334745815238,0.34253878452571307,0.33943265189776894,0.34003925062231455,29.1,4.843265189776891,16.643522988924023,2.7839876848553855
frame_363,0,255,1,1,False,False,True,3.8161996160380585,True,True,[],[    0.74109    -0.61101     0.27831],14.85037092736473,-39.814139236202465,0.36477812863264714,0.3369131362347985,0.3422066118896523,29.1,4.591313623479848,15.777710046322499,2.784763355076485
frame_364,0,255,1,1,False,False,True,3.6920310298646397,True,True,[],[    0.72851    -0.58752     0.35228],21.199726766674054,-38.842149403742994,0.3411787432987527,0.3232402416126248,0.3300955204967336,29.1,3.224024161262479,11.079120829080683,2.79393437765177
frame_365,0,255,1,1,False,False,True,3.7520965764173844,True,True,[],[    0.74498    -0.57911     0.33111],19.957502865036957,-37.91550910616954,0.33715264863093375,0.33703230385077704,0.3398260103683921,29.1,4.6032303850777,15.818661117105497,2.803731635098097
frame_366,0,255,1,1,False,False,True,3.6254417623680784,True,True,[],[    0.72601    -0.53661     0.43008],23.917491242843898,-37.02446630990927,0.3803524658540205,0.3284267384251171,0.3304523052168486,29.1,3.7426738425117065,12.861422139215486,2.817269575873921
frame_367,0,255,1,1,False,False,True,3.6177732687978286,True,True,[],[    0.75584    -0.55515     0.34715],18.91144961531256,-36.65287098081541,0.387723577154866,0.3264852782190482,0.3404034601701973,29.1,3.548527821904818,12.19425368352171,2.801289288949893
frame_368,0,255,1,1,False,False,True,3.59650041719281,True,True,[],[    0.76209    -0.55714     0.32988],18.176527032170576,-35.98523200620398,0.3610037248158431,0.3235277284559256,0.32528086977073645,29.1,3.2527728455925553,11.177913558737302,2.8300458437646925
frame_369,0,255,1,1,False,False,True,3.5461103828156855,True,True,[],[    0.74595     -0.5454     0.38223],22.138579332045452,-37.172507048710706,0.3325081986993091,0.3329254197502635,0.3411711187468677,29.1,4.192541975026348,14.407360738922156,2.814034336552012
frame_370,0,255,1,1,False,False,True,3.5158725827670008,True,True,[],[     0.7804    -0.56523     0.26736],13.544503946170206,-34.47412176451547,0.3248547513677273,0.3262709234028852,0.3340836226790119,29.1,3.527092340288518,12.120592234668445,2.8404173567275373
frame_371,0,255,1,1,False,False,True,3.6068330811979052,True,True,[],[    0.75729    -0.52533       0.388],20.050949098024287,-34.21187909803912,0.4087967220555449,0.3334328176339919,0.33336284401108107,29.1,4.243281763399187,14.581724272849439,2.822524687478436
frame_372,0,255,1,1,False,False,True,3.484398947377181,True,True,[],[    0.81019    -0.55504     0.18847],11.512008316000394,-34.307140961301165,0.3328078363142632,0.33319315525843973,0.34568161237842726,29.1,4.219315525843969,14.499366068192332,2.840010716817611
frame_373,0,255,1,1,False,False,True,3.459512903257447,True,True,[],[     0.7856    -0.52218      0.3319],20.24910637831582,-33.54174262183542,0.3270130473041839,0.3268706635590674,0.3349937510451054,29.1,3.587066355906737,12.326688508270573,2.8270760971566906
frame_374,0,255,1,1,False,False,True,3.513439346506387,True,True,[],[    0.83046    -0.54441     0.11814],7.725827944779156,-33.20769169864319,0.3441313532028249,0.3233803919683184,0.33090011778534856,29.1,3.2380391968318376,11.127282463339649,2.8389828354690305
frame_375,0,255,1,1,False,False,True,3.5522465583669978,True,True,[],[    0.80554    -0.50416     0.31134],20.332934588426347,-33.47808937834777,0.3481334451159855,0.3011952012449147,0.3020291463560544,29.1,1.0195201244914687,3.5035055824449093,2.8297144830547105
frame_376,0,255,1,1,False,False,True,3.502917114155327,True,True,[],[    0.83043    -0.52017     0.19952],12.045763250529447,-31.939299439182363,0.33285960809796994,0.32745619672728676,0.3381378266114855,29.1,3.6456196727286727,12.527902655424992,2.840387696133814
frame_377,0,255,1,1,False,False,True,3.47290675302206,True,True,[],[    0.82338    -0.52461     0.21638],11.984814473969422,-32.999528388824736,0.33849183494621576,0.3302125513460732,0.33197965423072007,29.1,3.9212551346073155,13.4751035553516,2.8393985710655065
frame_378,0,255,1,1,False,False,True,3.3825670785413657,True,True,[],[     0.8171     -0.5369     0.20995],11.374490274787885,-32.655395247006346,0.3301661579557911,0.3307615155154334,0.36390651135481467,29.1,3.9761515515433388,13.663751036231403,2.822835467557188
frame_379,0,255,1,1,False,False,True,3.3980199489399947,True,True,[],[    0.81716    -0.53594     0.21217],10.932636495442383,-33.74100040845039,0.3316969169918285,0.3224685819606597,0.33500614835320364,29.1,3.146858196065966,10.813945690948335,2.7983578672609615
frame_380,0,255,1,1,False,False,True,3.309477935713964,True,True,[],[    0.80206    -0.52046     0.29297],16.476560209409694,-33.337213141480625,0.32941743337780083,0.32489575320318176,0.3379103336217034,29.1,3.389575320318172,11.64802515573255,2.799974209477003
frame_381,0,255,1,1,False,False,True,3.328019149229282,True,True,[],[    0.82807    -0.55616    0.070631],4.666734191918932,-33.60685490503807,0.3299809461585369,0.32711634970307935,0.33916082755602805,29.1,3.611634970307931,12.411116736453371,2.78981365160292
frame_382,0,255,1,1,False,False,True,3.3904761200841853,True,True,[],[     0.8269    -0.55672    0.079418],4.301468121327292,-34.38545427496675,0.3273741354812113,0.3162364974139618,0.3366805966598317,29.1,2.523649741396178,8.672335881086521,2.7850806162100197
frame_383,0,255,1,1,False,False,True,3.2793324026450503,True,True,[],[    0.83069    -0.55652   -0.015298],0.1493816147387513,-34.92906123783449,0.3296190524662007,0.3255996347641964,0.33903972178479175,29.1,3.4599634764196363,11.889908853675726,2.777326000309407
frame_384,0,255,1,1,False,False,True,3.1393695070192256,True,True,[],[    0.82661    -0.55879   -0.066846],-1.092485301411852,-35.39208921690584,0.37754166647080567,0.3173781838376709,0.32405691389702873,29.1,2.6378183837670877,9.064667985453909,2.7773338708687914
frame_385,0,255,1,1,False,False,True,3.2078774594809545,True,True,[],[    0.82105    -0.56318   -0.093292],-3.660323990637588,-35.98578159864988,0.33208231641816555,0.32243584718449536,0.32634932889217394,29.1,3.1435847184495325,10.802696626974338,2.784303740797372
frame_386,0,255,1,1,False,False,True,3.1421569778798846,True,True,[],[    0.81894    -0.57031   -0.063852],-1.6553476457515648,-36.12469067033249,0.3182808664183485,0.310001814477872,0.3141857880900618,29.1,1.900181447787197,6.5298331539078935,2.7747117704655753
frame_387,0,255,1,1,False,False,True,3.1150109329061313,True,True,[],[    0.81113    -0.56314    -0.15789],-6.854055869461372,-35.542920346592226,0.3484276145678983,0.31960818605387353,0.3193373694799162,29.1,2.8608186053873497,9.830991771090549,2.776070802644275
frame_388,0,255,1,1,False,False,True,3.096269756745504,True,True,[],[    0.78877    -0.56435    -0.24362],-7.092206646715256,-35.72062362158297,0.4324605764146403,0.3081514250178411,0.31365030831517704,29.1,1.715142501784106,5.893960487230605,2.77452546377274
frame_389,0,255,1,1,False,False,True,3.1779953061742243,True,True,[],[     0.7996    -0.57619    -0.16926],-4.774675611279957,-36.70375344223908,0.4245385119673226,0.30711172135416487,0.31250005761799876,29.1,1.6111721354164832,5.536674004867639,2.78258416258444
frame_390,0,255,1,1,False,False,True,2.9700115925142785,True,True,[],[    0.78207    -0.57798    -0.23303],-12.895399227103757,-37.11780656843351,0.3293789689222637,0.3289785801700478,0.3337395727695881,29.1,3.7978580170047738,13.051058477679634,2.788812271628793
frame_391,0,255,1,1,False,False,True,2.9771604652892973,True,True,[],[    0.78278    -0.60661    -0.13882],-5.634865145693153,-38.05725880532808,0.32527420946796015,0.3085508082748313,0.30645041077451896,29.1,1.7550808274831242,6.031205592725512,2.7822567181324396
frame_392,0,255,1,1,False,False,True,3.0484849045591833,True,True,[],[    0.78118    -0.59835    -0.17816],-6.794247798887466,-37.408634890324095,0.36690287421987744,0.30414005514306397,0.31030148582771977,29.1,1.3140055143063933,4.515482867032279,2.779120215861101
frame_393,0,255,1,1,False,False,True,3.0350469762202272,True,True,[],[      0.776    -0.59938    -0.19639],-8.580272039684443,-38.5244661885519,0.47601031527941906,0.3069208501545764,0.3106652191269401,29.1,1.5920850154576338,5.47108252734582,2.7806387428136974
frame_394,0,255,1,1,False,False,True,2.9742991919156263,True,True,[],[    0.77547    -0.59026    -0.22414],-10.7417811003257,-37.39408940072993,0.3295003526733731,0.32506219658097146,0.31956035686692924,29.1,3.4062196580971427,11.705222192773686,2.7816691686797776
frame_395,0,255,1,1,False,False,True,3.073912713264936,True,True,[],[     0.8039     -0.5868   -0.096973],-4.399744453638572,-36.68742729558168,0.3395220796570677,0.2989136550996161,0.3029353841219382,29.1,0.7913655099616057,2.7194691063972702,2.7765252928375075
frame_396,0,255,1,1,False,False,True,3.1223602535331527,True,True,[],[    0.79518    -0.59899   -0.094352],-2.8116712164994313,-36.88733952337272,0.3461951098542375,0.2991625773049429,0.3005512587421476,29.1,0.8162577304942853,2.805009383141874,2.7778896412009715
frame_397,0,255,1,1,False,False,True,3.1179869922607897,True,True,[],[    0.79683    -0.59522    -0.10379],-4.303349039911187,-36.56686397568447,0.3449663996282497,0.31570043965617856,0.3163085690134611,29.1,2.470043965617852,8.488123593188494,2.7778985572474446
frame_398,0,255,1,1,False,False,True,3.1968500815053575,True,True,[],[    0.78133    -0.56369    -0.26792],-10.505419703011949,-35.83170849067577,0.4951398360837094,0.3464172855464922,0.3475919540070147,29.1,5.541728554649216,19.043740737626173,2.777132424273232
frame_399,0,255,1,1,False,False,True,3.3316496392582127,True,True,[],[    0.80642    -0.59121   -0.012864],0.1387211620481307,-36.022749333151864,0.3168801003083286,0.3137151720772018,0.314076742399988,29.1,2.271517207720175,7.805901057457645,2.77111764416066
frame_400,0,255,1,1,False,False,True,3.2019449563791214,True,True,[],[    0.80117    -0.58589    -0.12192],-4.605644014394173,-35.88873050853483,0.4462583628250487,0.31283174563692184,0.31414927064511977,29.1,2.1831745636921807,7.502318088289281,2.7718051456985586
frame_401,0,255,1,1,False,False,True,3.2889519579144233,True,True,[],[    0.80591    -0.59028    -0.04545],-0.772376808892093,-36.563704990324666,0.3419105325146017,0.31509831508842634,0.3158360333549906,29.1,2.4098315088426303,8.281207934167115,2.7698803704717885
frame_402,0,255,1,1,False,False,True,3.246835635606776,True,True,[],[    0.78786    -0.60986   -0.085755],0.5543968852979624,-37.19265531540139,0.4117096229012025,0.31026787237360354,0.31156693265435786,29.1,1.92678723736035,6.6212619840561855,2.7750002931146063
frame_403,0,255,1,1,False,False,True,3.343995696660266,True,True,[],[    0.80317    -0.59556    0.015041],2.427505887962783,-35.630690845922004,0.3360641579335355,0.31344111881893066,0.3185234234209211,29.1,2.2441118818930628,7.711724680044889,2.765291520552586
frame_404,0,255,1,1,False,False,True,3.406822694989154,True,True,[],[    0.80272    -0.59424   -0.050105],0.8895910039470645,-36.638138295459235,0.49321460221611546,0.31966353553541593,0.32388823338662365,29.1,2.8663535535415896,9.850012211483126,2.7638298128643175
frame_405,0,255,1,1,False,False,True,3.3380861311400083,True,True,[],[    0.80346    -0.59451    0.031704],7.66692931050893,-38.2022753328399,0.34765838330133303,0.2773703028806106,0.2775976296042981,29.1,1.362969711938944,4.683744714566817,2.7638068644080573
frame_406,0,255,1,1,False,False,True,3.4271575946272197,True,True,[],[    0.79818    -0.60236   0.0088016],6.8118954231874485,-38.81736070622633,0.36861935989368,0.3121207870010081,0.32462945376512997,29.1,2.1120787001008057,7.258002405844692,2.7535866855164253
frame_407,0,255,1,1,False,False,True,3.507936196772963,True,True,[],[    0.80594    -0.57712    -0.13186],-5.071230853706504,-36.46230918926997,0.4513137318277791,0.3435281842618525,0.37046635289481805,29.1,5.252818426185247,18.050922426753424,2.75284460505277
frame_408,0,255,1,1,False,False,True,3.4685210953960723,True,True,[],[     0.7964    -0.58826     0.14034],11.348712683151774,-38.18732077256423,0.33016802863311234,0.302286407366067,0.30631648463626965,29.1,1.1286407366066953,3.878490503803076,2.748760012938094
frame_409,0,255,1,1,False,False,True,3.4967110138943984,True,True,[],[    0.78633    -0.58049     0.21147],13.337243325984593,-37.44159025302295,0.31773359089003855,0.31632395430286253,0.32043881903887583,29.1,2.5323954302862495,8.702389794798107,2.7417296856497795
frame_410,0,255,1,1,False,False,True,3.402322923423392,True,True,[],[     0.7857    -0.58703     0.19511],14.398558713514282,-37.36243074302195,0.3162235292822304,0.30420999825973144,0.31812212323421585,29.1,1.3209998259731404,4.539518302313197,2.746920787136663
frame_411,0,255,1,1,False,False,True,3.461538207601532,True,True,[],[     0.7955    -0.59572     0.11089],11.124988437251135,-37.768457328748,0.3944590274090014,0.3185790789991469,0.32938376252830637,29.1,2.7579078999146853,9.477346735102012,2.7514601466299475
frame_412,0,255,1,1,False,False,True,3.5856729921766797,True,True,[],[    0.79684    -0.60419 -0.00067936],5.635455704181781,-37.54011019375209,0.3840968885100544,0.3260019451320698,0.3453313207771212,29.1,3.500194513206978,12.028159839199235,2.759044303732403
frame_413,0,255,1,1,False,False,True,3.5450146050947677,True,True,[],[     0.7539    -0.62317     0.20807],13.738923321509743,-40.417732018295176,0.31540519055943655,0.3148424158815111,0.32838477116053666,29.1,2.3842415881511037,8.193270062374927,2.7502885916701474
frame_414,0,255,1,1,False,False,True,3.589743363448862,True,True,[],[    0.75615    -0.63766     0.14705],10.059067057018455,-41.82693103571973,0.34510690047104253,0.3316003569453513,0.3435899634736774,29.1,4.060035694535125,13.95201269599699,2.7531199315109767
frame_415,0,255,1,1,False,False,True,3.6134911164840484,True,True,[],[    0.74231    -0.64702     0.17418],11.465288785506674,-42.87917102721901,0.33340235328498186,0.32027777500257365,0.32409553204611097,29.1,2.9277775002573616,10.0610910661765,2.751239910394281
frame_416,0,255,1,1,False,False,True,3.6746803876446914,True,True,[],[    0.74651    -0.64734     0.15386],10.465826377607817,-41.776334908602465,0.32549347672640294,0.3247954128189994,0.34070886666475797,29.1,3.3795412818999337,11.613543924054754,2.7535319105718146
frame_417,0,255,1,1,False,False,True,3.593895696039263,True,True,[],[    0.73186    -0.64053     0.23261],14.082891984115145,-42.03373373051851,0.3158902946395781,0.31407992005515195,0.32526567332437195,29.1,2.3079920055151915,7.931244005206843,2.754555555364559
frame_418,0,255,1,1,False,False,True,3.6994819171234146,True,True,[],[    0.75895    -0.63154     0.15861],12.66727726306307,-39.87451260259923,0.34533964751318946,0.3204112273887631,0.3250089446485787,29.1,2.941122738876306,10.106950992702082,2.757369215205564
frame_419,0,255,1,1,False,False,True,3.5421562423831974,True,True,[],[    0.77381    -0.62638    0.094114],8.139816664505487,-41.76716536972463,0.37828091992055846,0.3261073567964113,0.3334150846159487,29.1,3.510735679641125,12.06438377883548,2.759120723247189
frame_420,0,255,1,1,False,False,True,3.6182197103716023,True,True,[],[    0.77128    -0.62568     0.11681],4.616648360861522,-37.991345324489075,0.32761765737686677,0.32656298517099913,0.33470666671645055,29.1,3.5562985170999095,12.220957103436113,2.7716636359469713
frame_421,0,255,1,1,False,False,True,3.552592161850751,True,True,[],[    0.78021    -0.62414    0.041395],2.6595810529166592,-38.668658050861374,0.36975792168495303,0.33460551495736646,0.3378414318366466,29.1,4.360551495736642,14.984713043768528,2.7710862684807775
frame_422,0,255,1,1,False,False,True,3.421693114314173,True,True,[],[      0.786    -0.61795   -0.018545],0.49185006200657283,-38.9063225623623,0.3978789035232698,0.3334200456292762,0.3391234251065218,29.1,4.242004562927615,14.57733526779249,2.7724122702076004
frame_423,0,255,1,1,False,False,True,3.4632567361155107,True,True,[],[    0.77327    -0.62945     0.07646],5.249747659431161,-38.87197292201513,0.38589882332339276,0.3361142321024624,0.33871770050616645,29.1,4.511423210246235,15.503172543801494,2.7783868280331454
frame_424,0,255,1,1,False,False,True,3.487480718925372,True,True,[],[    0.77893    -0.62283    0.073165],7.772741854694207,-39.75869296107458,0.3588461907087357,0.3183697456723609,0.32329794501369225,29.1,2.7369745672360892,9.405410883972815,2.776809140100871
frame_425,0,255,1,1,False,False,True,3.405831969499613,True,True,[],[    0.76319    -0.62724     0.15529],10.042175677321113,-39.46586708833086,0.3644283277148581,0.32028902656985314,0.33031187588986766,29.1,2.9289026569853105,10.064957584141961,2.7819516518251683
frame_426,0,255,1,1,False,False,True,3.4503492796919453,True,True,[],[    0.76204    -0.60765     0.22373],13.211977514988174,-38.525977811239315,0.328178776679515,0.32816822405314744,0.33728553160544184,29.1,3.7168224053147405,12.77258558527402,2.791956392092484
frame_427,0,255,1,1,False,False,True,3.3840616218081316,True,True,[],[    0.78784    -0.60689     0.10483],7.542986864114293,-37.86002107983943,0.38095987013349764,0.32234712025073947,0.3329596109602702,29.1,3.1347120250739433,10.772206271731763,2.7874708418389416
frame_428,0,255,1,1,False,False,True,3.423467338384072,True,True,[],[    0.80043    -0.59792   -0.042462],1.2221229974964145,-36.51698906436951,0.4247562583344858,0.33587284123543737,0.34300375322348226,29.1,4.487284123543733,15.420220355820389,2.7806128871750735
frame_429,0,255,1,1,False,False,True,3.344383199650862,True,True,[],[    0.77729    -0.59709     0.19822],12.555043218721437,-37.8518902030949,0.3295637936539871,0.32578522549611444,0.3315375787277711,29.1,3.4785225496114403,11.953685737496357,2.798929606510325
frame_430,0,255,1,1,False,False,True,3.4311049517150503,True,True,[],[    0.75219    -0.57969     0.31333],19.27648429246473,-37.59024028846823,0.32690706235871625,0.32291004929834155,0.3351836985563631,29.1,3.1910049298341514,10.965652679842444,2.805198260439121
frame_431,0,255,1,1,False,False,True,3.3845440893535828,True,True,[],[    0.73608    -0.58032     0.34845],20.509681516021168,-38.84388340622568,0.32662113470280674,0.31905856143466355,0.33339348712750216,29.1,2.805856143466351,9.642117331499488,2.8046692839840004
frame_432,0,255,1,1,False,False,True,3.4164713050890394,True,True,[],[    0.73043    -0.57053     0.37546],24.748927232637246,-40.93822461934646,0.32338053693947943,0.30170685224766997,0.30606244609666844,29.1,1.070685224766993,3.679330669302381,2.806025401055355
frame_433,0,255,1,1,False,False,True,3.4074584244219164,True,True,[],[    0.71481    -0.58058     0.38984],23.546747818015806,-39.02088509291403,0.3234310070128425,0.3218593331327584,0.3334057626138201,29.1,3.085933313275835,10.604581832563007,2.819137008095715
frame_434,0,255,1,1,False,False,True,3.380111730960161,True,True,[],[    0.73457     -0.5878     0.33895],20.746241799136037,-38.47107894647239,0.33019449455958194,0.32777338260092037,0.3359120652149035,29.1,3.6773382600920335,12.636901237429669,2.814734396819806
frame_435,0,255,1,1,False,False,True,3.3963834653451865,True,True,[],[    0.71319    -0.58365     0.38821],22.873668651177972,-39.46679444649024,0.3239246124556232,0.3234116258879329,0.33189163301941615,29.1,3.2411625887932836,11.138015769049083,2.817179049263481
frame_436,0,255,1,1,False,False,True,3.389142618434415,True,True,[],[    0.73828    -0.60712     0.29384],19.19326440635229,-37.12695769208629,0.33016762872111827,0.3255534295175739,0.3283691828865198,29.1,3.455342951757384,11.874030762052865,2.8252243980492686
frame_437,0,255,1,1,False,False,True,3.38871474066236,True,True,[],[    0.71799    -0.59252     0.36526],21.18494276793976,-39.72429311680685,0.32839624625958735,0.3285503358623724,0.3369219191859314,29.1,3.7550335862372384,12.903895485351333,2.8136789359544454
frame_438,0,255,1,1,False,False,True,3.368421187682527,True,True,[],[    0.74251    -0.61154     0.27331],25.04889723775067,-42.44666206959975,0.3417908211610015,0.2898531793895762,0.29543156775724233,29.1,0.11468206104238154,0.3940964296989057,2.818724519337516
frame_439,0,255,1,1,False,False,True,3.344339825159929,True,True,[],[    0.73724    -0.60986     0.29077],18.47775087093139,-39.38226005417251,0.3381735271757021,0.324665860499717,0.34282691940339916,29.1,3.366586049971698,11.569024226706865,2.8303225581621216
frame_440,0,255,1,1,False,False,True,3.368015299845351,True,True,[],[    0.72666     -0.6043     0.32679],20.87364969959259,-38.67442054441453,0.32909570493960566,0.32732500339325277,0.3355379966352015,29.1,3.632500339325273,12.482819035482038,2.8265788570683044
frame_441,0,255,1,1,False,False,True,3.3113075669732748,True,True,[],[    0.69825    -0.61059     0.37366],21.67581541885296,-40.60246365909081,0.32362154114156527,0.32303312701612297,0.3345077180502134,29.1,3.203312701612293,11.007947428220938,2.827380288809215
frame_442,0,255,1,1,False,False,True,3.30225044007691,True,True,[],[    0.71788    -0.61683     0.32276],18.791441254616487,-40.187062919245236,0.32747085693902417,0.32049018841995297,0.3523820695411398,29.1,2.9490188419952936,10.13408536768142,2.8397019597907702
frame_443,0,255,1,1,False,False,True,3.2622376888660014,True,True,[],[    0.68553    -0.59742     0.41611],25.152568531570754,-41.60396028077191,0.3298158744629445,0.32990317940787334,0.33825932386082436,29.1,3.8903179407873303,13.368790174526907,2.8394799580212533
frame_444,0,255,1,1,False,False,True,3.278239187655713,True,True,[],[    0.69673    -0.61669     0.36642],18.815460452783693,-40.70644953485697,0.31844017864340457,0.3188546240397956,0.33211679063764665,29.1,2.785462403979555,9.572035752507063,2.8401285843777537
frame_445,0,255,1,1,False,False,True,3.240626243177164,True,True,[],[    0.74167    -0.62665     0.23923],12.066534934551209,-39.228517112955664,0.328714058983927,0.3312081778967642,0.35343043020934195,29.1,4.020817789676418,13.817243263492843,2.84913341803367
frame_446,0,255,1,1,False,False,True,3.21933607788176,True,True,[],[    0.73119    -0.62102      0.2823],17.92528327017504,-40.449262211341804,0.3205202069756611,0.3162515203154684,0.3314963914030269,29.1,2.5251520315468348,8.677498390195309,2.841713359039567
frame_447,0,255,1,1,False,False,True,3.21605202193689,True,True,[],[    0.70613    -0.61108     0.35773],21.678842121683868,-40.91106649602728,0.31604320140245235,0.31469338954489035,0.3302770122896981,29.1,2.369338954489031,8.142058262848902,2.8407819764967126
frame_448,0,255,1,1,False,False,True,3.2869647951716385,True,True,[],[    0.71961    -0.62004     0.31259],18.79695654329115,-41.29773546084099,0.32400683706556366,0.3228403678547167,0.33369305799209975,29.1,3.1840367854716667,10.9417071665693,2.8541758194183693
frame_449,0,255,1,1,False,False,True,3.188491772187362,True,True,[],[    0.72331    -0.65114     0.22987],16.939272768892295,-42.08752006444692,0.322361403929842,0.3173881695251769,0.32976354260574603,29.1,2.6388169525176863,9.068099493187926,2.854992016518322
frame_450,0,255,1,1,False,False,True,3.1578951403311,True,True,[],[    0.67676    -0.63921     0.36525],22.27000454610696,-43.415126312451335,0.3209225756196293,0.3095680727534973,0.3184035743489891,29.1,1.8568072753497256,6.380781014947511,2.8558515538159894
frame_451,0,255,1,1,False,False,True,3.1758890218839473,True,True,[],[    0.67923    -0.63558     0.36699],20.04476868004544,-43.167691585069534,0.33118309702576854,0.32207734448030123,0.3353418707831247,29.1,3.1077344480301194,10.679499821409346,2.8542308280225686
frame_452,0,255,1,1,False,False,True,3.1842109615608627,True,True,[],[    0.70791    -0.65882     0.25461],16.00655730610732,-43.16041880352374,0.32593895083149504,0.3189385750545276,0.3437474034591298,29.1,2.793857505452757,9.600884898463082,2.869454107328093
frame_453,0,255,1,1,False,False,True,3.1784647252188045,True,True,[],[    0.70064     -0.6717     0.24068],13.585921260667359,-44.264914624155786,0.3176058374777125,0.3159464893148365,0.3337598068030463,29.1,2.494648931483645,8.572676740493625,2.8814500997023433
frame_454,0,255,1,1,False,False,True,3.1774677378954608,True,True,[],[    0.68868    -0.67035     0.27632],-17.246189177336493,134.96019082635218,0.3154886500118954,0.31252712649149206,0.3440837537754733,29.1,2.152712649149202,7.3976379695848875,2.8797276338584994
frame_455,0,255,1,1,False,False,True,3.092292151977778,True,True,[],[    0.66849    -0.65188     0.35802],21.14652094445087,-44.16785608327254,0.3104396251010095,0.3105345644975653,0.3324537422000966,29.1,1.9534564497565243,6.712908762049912,2.887116390012699
frame_456,0,255,1,1,False,False,True,3.1716914268479246,True,True,[],[    0.66567    -0.64832     0.36956],22.23791771856546,-44.57915202366213,0.30791702897492884,0.3071931479263175,0.3254064104623737,29.1,1.6193147926317486,5.564655644782641,2.8869854810270756
frame_457,0,255,1,1,False,False,True,3.1293562386133558,True,True,[],[   -0.65248     0.66033    -0.37178],-23.01242480265889,132.83792164068103,0.30392955389704107,0.3032516579611721,0.3284292412101337,29.1,1.2251657961172058,4.210191739234384,2.8927639805464853
frame_458,0,255,1,1,False,False,True,3.2761509081562816,True,True,[],[   -0.64771     0.64811    -0.40054],-24.169232306077873,134.9141882658536,0.3108421910333898,0.3091234770332957,0.3213932485518845,29.1,1.8123477033295643,6.227998980513966,2.89873137885402
frame_459,0,255,1,1,False,False,True,3.2434824507574453,True,True,[],[   -0.62148     0.66099    -0.42054],13.060288054595224,-32.80664760084683,0.3210043216987312,0.26787992303827013,0.26385117339006764,29.1,2.3120076961729907,7.945043629460449,2.8678031769665804
frame_460,0,255,1,1,False,False,True,3.2284940474793062,True,True,[],[   -0.63969     0.67216    -0.37283],-22.249032151258145,133.03662459381766,0.3076792577043334,0.3077630925561773,0.32085563576660436,29.1,1.676309255617725,5.760512905902835,2.9062102023068794
frame_461,0,255,1,1,False,False,True,3.4482173279686954,True,True,[],[   -0.60596     0.63238    -0.48261],-24.571509524544744,134.76654576741257,0.3710101672830205,0.29999265995584873,0.3107907462845252,29.1,0.8992659955848692,3.0902611532126087,2.9012608593951774
frame_462,0,255,1,1,False,False,True,3.312068950123097,True,True,[],[   -0.62455     0.66087    -0.41615],-25.206401870922104,132.49066022283623,0.3115299238318999,0.31175285469992287,0.3196060699563872,29.1,2.075285469992283,7.131565188976917,2.906804773493875
frame_463,0,255,1,1,False,False,True,3.2028199459696105,True,True,[],[   -0.62208     0.66929    -0.40628],-24.55128916535091,133.13550848300588,0.30999068179435335,0.30966401036123115,0.32181731288133475,29.1,1.866401036123111,6.413749265027873,2.9206824714912236
frame_464,0,255,1,1,False,False,True,3.220503994937023,True,True,[],[   -0.63537     0.65078    -0.41569],-24.517979414201406,133.69260273042195,0.30737674020977795,0.30747293381269925,0.316128734715489,29.1,1.6472933812699209,5.660801997491137,2.9119358698819466
frame_465,0,255,1,1,False,False,True,3.212192411982168,True,True,[],[   -0.59907     0.65477    -0.46087],-29.03604645118713,132.62306497990107,0.30883556438240767,0.30916387223084607,0.3234345275338776,29.1,1.8163872230846034,6.241880491699668,2.9163513366992655
frame_466,0,255,1,1,False,False,True,3.214117786053239,True,True,[],[   -0.62073     0.65534    -0.43038],-26.237468922419232,133.3501561390608,0.29415950045738604,0.29362637332730357,0.31036264451314316,29.1,0.2626373327303533,0.9025337894513858,2.917475376998522
frame_467,0,255,1,1,False,False,True,3.2701919777472233,True,True,[],[   -0.58211     0.61062    -0.53692],25.702871225045225,-40.849107450867145,0.35056008823343376,0.2877541280849656,0.2837535719552622,29.1,0.32458719150344484,1.1154199020736935,2.898429787230349
frame_468,0,255,1,1,False,False,True,3.2471504766013997,True,True,[],[    -0.6009     0.62954    -0.49255],-29.068933916815855,133.06171864950798,0.316398734638522,0.3113424987420641,0.32877124849374884,29.1,2.0342498742064063,6.990549395898303,2.8978827445217914
frame_469,0,255,1,1,False,False,True,3.2479954231986774,True,True,[],[   -0.62048     0.65696    -0.42826],-26.560140963483377,132.94741796914857,0.315502416059921,0.3155190633778756,0.33116185608904475,29.1,2.451906337787557,8.425794975214973,2.9261428995615875
frame_470,0,255,1,1,False,False,True,3.254451268764454,True,True,[],[   -0.61062     0.64016    -0.46618],-27.97961675639771,133.38069135321734,0.30749978678246925,0.3074277053195429,0.3231855539386573,29.1,1.6427705319542851,5.645259559980361,2.920053447718206
frame_471,0,255,1,1,False,False,True,3.248422454882018,True,True,[],[    0.62951    -0.61307     0.47735],27.811030339316662,-44.47026168839129,0.317594743053099,0.30634673988246197,0.3186746296124445,29.1,1.5346739882461935,5.273793774041902,2.927560078025839
frame_472,0,255,1,1,False,False,True,3.189065977330255,True,True,[],[    0.64136    -0.59339     0.48636],28.340609341925095,-43.810305658879834,0.3178036933369336,0.29972346715474685,0.31552401847870415,29.1,0.8723467154746811,2.9977550359954677,2.9039962182622276
frame_473,0,255,1,1,False,False,True,3.152459088822837,True,True,[],[    0.65678    -0.60127     0.45509],27.090718100551033,-42.98827409090305,0.3525182999566233,0.30175983843520204,0.30751793294309127,29.1,1.0759838435202007,3.6975389811690746,2.918684914694302
frame_474,0,255,1,1,False,False,True,3.194444677552968,True,True,[],[    0.66152    -0.58349      0.4711],26.292214121000203,-41.39828379062244,0.38541817685872914,0.32123881126380605,0.34104291419548427,29.1,3.023881126380601,10.39134407690928,2.9185549684365593
frame_475,0,255,1,1,False,False,True,3.2093921157739334,True,True,[],[    0.69746     -0.5785     0.42295],24.966457920400337,-38.97800500172228,0.3536995341543463,0.30474143192964775,0.3140523403600358,29.1,1.3741431929647718,4.722141556579971,2.909141828902334
frame_476,0,255,1,1,False,False,True,3.170280676457381,True,True,[],[    0.69531    -0.59372     0.40502],24.8661450704191,-40.0258358014529,0.36649703174951187,0.31472410548657437,0.3202963659283039,29.1,2.372410548657433,8.15261356926953,2.9125808355265206
frame_477,0,255,1,1,False,False,True,3.1156944399628066,True,True,[],[    0.73099    -0.58733     0.34742],24.79825705606945,-39.997525060455814,0.3291295688268618,0.3017660560969432,0.31539808987130347,29.1,1.0766056096943144,3.699675634688365,2.9153866182190016
frame_478,0,255,1,1,False,False,True,3.192029066687608,True,True,[],[    0.72825    -0.57495     0.37293],22.89298120077023,-37.782068402372275,0.3359899650597251,0.3204704758341185,0.3283587840676397,29.1,2.9470475834118437,10.12731128320221,2.920345642768465
frame_479,0,255,1,1,False,False,True,3.2877940785211393,True,True,[],[    0.73543    -0.55978     0.38183],23.555919984489098,-37.58939142550138,0.3530191420998225,0.31031991247618596,0.3175873586261892,29.1,1.9319912476185919,6.639145180819902,2.9206816886901854
frame_480,0,255,1,1,False,False,True,3.2539184506024377,True,True,[],[    0.72849    -0.55445     0.40236],25.21653017505901,-37.63618729210318,0.3493453611232805,0.3040931645419238,0.31733694946470536,29.1,1.3093164541923774,4.49936925839305,2.91689288854599
frame_481,0,255,1,1,False,False,True,3.278536430191733,True,True,[],[    0.73991    -0.55963     0.37329],24.259272520510688,-38.17609551266351,0.33647017525236605,0.30401434956968365,0.3134852902333857,29.1,1.3014349569683614,4.472285075492651,2.9164217446354908
frame_482,0,255,1,1,False,False,True,3.2596601105890612,True,True,[],[    0.73548    -0.54944     0.39646],22.642088040564705,-36.14260509390306,0.3724166008639431,0.33359124550118985,0.3384545998600704,29.1,4.259124550118981,14.636166838896841,2.9098124176106124
frame_483,0,255,1,1,False,False,True,3.2965876118365487,True,True,[],[    0.74167    -0.54489     0.39117],22.131105133487523,-37.3557133114507,0.3808512564569175,0.3258281946353195,0.31380090151079487,29.1,3.4828194635319445,11.968451764714585,2.9149312571083246
frame_484,0,255,1,1,False,False,True,3.331785795365374,True,True,[],[    0.77363    -0.56491       0.287],17.58055513927492,-36.35931132348177,0.3418822355750277,0.32431422419446937,0.33529495978195384,29.1,3.331422419446933,11.448187008408704,2.9193475426683553
frame_485,0,255,1,1,False,False,True,3.307533972907791,True,True,[],[    0.73751    -0.54937     0.39277],21.963601423503093,-36.75745051563925,0.35104653977948747,0.3350991459326557,0.337950809934343,29.1,4.409914593265568,15.154345681324974,2.9124741685686644
frame_486,0,255,1,1,False,False,True,3.3674898477069855,True,True,[],[    0.75574    -0.56516     0.33083],22.57970553950618,-38.83411355135227,0.3280169964961402,0.3083600879475751,0.31550673732582746,29.1,1.7360087947575042,5.9656659613659935,2.9174770629846796
frame_487,0,255,1,1,False,False,True,3.4181529008377733,True,True,[],[    0.78895    -0.58504     0.18785],11.104624374157114,-36.36985018055263,0.3477995672536648,0.33200513780042973,0.3361671663888963,29.1,4.100513780042969,14.09111264619577,2.925162938686391
frame_488,0,255,1,1,False,False,True,3.4592317567697775,True,True,[],[    0.74414    -0.54716     0.38323],20.934223018683312,-36.209891097643975,0.36369295090093157,0.32505687083192364,0.34135459639906535,29.1,3.40568708319236,11.703392038461716,2.8988178681323795
frame_489,0,255,1,1,False,False,True,3.3603808770419374,True,True,[],[    0.79532    -0.58508     0.15858],8.777150581241207,-36.46607839993806,0.33667644014540105,0.32793852450234245,0.3413932837611096,29.1,3.6938524502342416,12.693651031732788,2.927229460462371
frame_490,0,255,1,1,False,False,True,3.311282146442167,True,True,[],[    0.77485    -0.57437     0.26402],15.817323419567943,-37.597631847975784,0.33487053504473896,0.32507610806225984,0.3250292265496665,29.1,3.4076108062259802,11.710002770536015,2.9079192054492458
frame_491,0,255,1,1,False,False,True,3.3508411338274944,True,True,[],[    0.77397    -0.58854     0.23367],13.733301855711789,-37.26529256922425,0.32986696229337176,0.3299685555278441,0.34055782938419604,29.1,3.896855552784406,13.391256195135416,2.897704265507455
frame_492,0,255,1,1,False,False,True,3.3292306988539044,True,True,[],[    0.76457    -0.58796     0.26409],19.732092798248964,-39.17121157512935,0.3314747964118395,0.3214304876391338,0.3255132563036133,29.1,3.043048763913375,10.457212247125,2.905853785621295
frame_493,0,255,1,1,False,False,True,3.4072882045109756,True,True,[],[     0.7607    -0.58384     0.28367],21.390039879197534,-38.87823522013651,0.3319904552309023,0.3064902018000841,0.31138607278076225,29.1,1.5490201800084091,5.323093402090753,2.9086102637661595
frame_494,0,255,1,1,False,False,True,3.313755966961782,True,True,[],[    0.77542    -0.59911     0.19948],15.909310132326892,-40.80576154469569,0.3408696928210854,0.30846126418752046,0.3140450827904854,29.1,1.746126418752042,6.000434428701175,2.8925858290068587
frame_495,0,255,1,1,False,False,True,3.4130198365117854,True,True,[],[    0.75705    -0.58582      0.2893],18.347135185052494,-37.36240978116944,0.33884306660183205,0.32544219316871803,0.3578669883329044,29.1,3.4442193168717994,11.835805212617867,2.8885770051531208
frame_496,0,255,1,1,False,False,True,3.4453511062152575,True,True,[],[    0.75496    -0.55926     0.34244],20.079834026965983,-36.51956743948714,0.32407587120993975,0.3191312107821899,0.3238074117838085,29.1,2.8131210782189884,9.667082743020577,2.897874535166307
frame_497,0,255,1,1,False,False,True,3.4357363866415134,True,True,[],[    0.76798    -0.57715     0.27768],15.61421038645999,-36.906491558565286,0.3529327515149252,0.3118632582722317,0.31721742091828214,29.1,2.0863258272231677,7.169504560904357,2.912216715543471
frame_498,0,255,1,1,False,False,True,3.3796446425125577,True,True,[],[    0.79203    -0.59595     0.13242],7.460778504949612,-37.46679958348379,0.3266199447502747,0.32601776977309754,0.3363884669717,29.1,3.501776977309751,12.033597860170966,2.895894881188644
frame_499,0,255,1,1,False,False,True,3.435015498878248,True,True,[],[    0.77528    -0.58918     0.22761],13.032110072743055,-37.42261570565648,0.3440785296209279,0.3285611302350998,0.33446888051982254,29.1,3.756113023509977,12.90760489178686,2.8976275228284973
frame_500,0,255,1,1,False,False,True,3.4320984192019552,True,True,[],[    0.75636    -0.59255     0.27714],17.59895575182261,-37.72709824016369,0.34563387565328374,0.3315972683086913,0.3370643164090893,29.1,4.059726830869126,13.95095130882861,2.90278945933114
frame_501,0,255,1,1,False,False,True,3.454592750059282,True,True,[],[    0.76976    -0.58626     0.25251],15.67519441501936,-38.539306415985166,0.34418404772845895,0.3243020099339183,0.3364055062297915,29.1,3.3302009933918244,11.443989668013142,2.915370786057086
frame_502,0,255,1,1,False,False,True,3.420802765372253,True,True,[],[    0.78085    -0.60634     0.15042],15.068970230301511,-38.649316986035316,0.3409201180750602,0.3057508290138693,0.311797171322558,29.1,1.475082901386926,5.069013406827924,2.903730994539711
frame_503,0,255,1,1,False,False,True,3.4499999465681728,True,True,[],[    0.76966    -0.58772     0.24939],16.568276095415982,-37.433768266958566,0.3314377729062685,0.3217984715276614,0.33009797658513085,29.1,3.0798471527661353,10.583667191636204,2.9034796914927363
frame_504,0,255,1,1,False,False,True,3.338204611674674,True,True,[],[    0.75367    -0.56301     0.33912],18.42263309807049,-36.34367900477631,0.3406508800681629,0.3321717142879837,0.3463865760911091,29.1,4.1171714287983665,14.148355425423938,2.8911794971017275
frame_505,0,255,1,1,False,False,True,3.4223601641092083,True,True,[],[    0.76415    -0.58471     0.27239],14.923793083119394,-37.115770074438544,0.34156189513766366,0.32701983675569857,0.3399909072231509,29.1,3.601983675569853,12.377950775154133,2.8883537188653023
frame_506,0,255,1,1,False,False,True,3.4074076307817105,True,True,[],[    0.74163    -0.57139     0.35142],21.477532315937218,-37.620218204776315,0.3320501848175727,0.3314263597273251,0.3436029205213289,29.1,4.042635972732506,13.892219837568748,2.9004781771890866
frame_507,0,255,1,1,False,False,True,3.356352419074966,True,True,[],[    0.74088    -0.58043     0.33793],18.744844085017863,-38.397971325137874,0.34996670345366465,0.33321559076261975,0.34893661641924695,29.1,4.221559076261972,14.507075863443204,2.888559941845086
frame_508,0,255,1,1,False,False,True,3.4233873083533943,True,True,[],[    0.74233    -0.58117     0.33343],19.543778274984405,-38.16785981476915,0.33243289684320176,0.3319821756920294,0.35051528463865045,29.1,4.098217569202939,14.083221887295322,2.8921708109908835
frame_509,0,255,1,1,False,False,True,3.433982167023413,True,True,[],[    0.73157    -0.57162     0.37155],22.67056828555713,-38.01671111345938,0.3385995854690373,0.33568210332718335,0.34853459371938644,29.1,4.468210332718331,15.354674682880862,2.888982853764946
frame_510,0,255,1,1,False,False,True,3.4109800347175314,True,True,[],[    0.73608    -0.58906     0.33346],14.73242221607937,-38.12308639994479,0.3826517817787944,0.327420926594621,0.35411902729149425,29.1,3.642092659462098,12.5157823349213,2.8804571613599217
frame_511,0,255,1,1,False,False,True,3.4068047945210562,True,True,[],[    0.75484     -0.5883     0.29004],19.192868475996033,-38.80293556024165,0.35345992598791387,0.32126733765212295,0.34322600945737913,29.1,3.026733765212292,10.401146959492412,2.8873407715442134
frame_512,0,255,1,1,False,False,True,3.4320414458795305,True,True,[],[    0.77685    -0.60413     0.17757],9.369008510232904,-37.93307801776457,0.3485965884978269,0.3249010997496895,0.34370019560241893,29.1,3.3901099749689467,11.64986245693796,2.868434061229862
frame_513,0,255,1,1,False,False,True,3.393459349475371,True,True,[],[     0.7805    -0.57996     0.23337],13.41952049062101,-36.35260932364021,0.3330905040012807,0.3301814148242724,0.35691390484635027,29.1,3.9181414824272345,13.464403719681217,2.872470043436782
frame_514,0,255,1,1,False,False,True,3.373493958175368,True,True,[],[    0.76237    -0.57684     0.29334],14.107873471219431,-36.41641511656078,0.3531428881626688,0.3280490157463723,0.36120548371291006,29.1,3.7049015746372262,12.7316205313994,2.8684129401304874
frame_515,0,255,1,1,False,False,True,3.3630952251137445,True,True,[],[    0.78805    -0.59856     0.14387],8.60729574972372,-37.087353263879976,0.3412886411571957,0.33623429141991745,0.351770283026433,29.1,4.523429141991741,15.54443004120873,2.8700908558148526
frame_516,0,255,1,1,False,False,True,3.381135478727923,True,True,[],[    0.75705    -0.56941     0.32038],15.616857799500696,-36.38917601745259,0.37547860188915716,0.32979294522198865,0.34901152532536117,29.1,3.8792945221988617,13.33090901099265,2.86651079877932
frame_517,0,255,1,1,False,False,True,3.3514852916276054,True,True,[],[    0.77926    -0.61317     0.12955],8.284488094808752,-38.89705593008478,0.3361471585932198,0.31845664409722935,0.32711602235787207,29.1,2.745664409722931,9.43527288564581,2.8566693986853418
frame_518,0,255,1,1,False,False,True,3.3640731123824152,True,True,[],[    0.76733    -0.59125     0.24826],13.532366873319331,-37.58955164229604,0.34499890952385265,0.3333563330141952,0.3427542830530048,29.1,4.235633301419517,14.555440898348854,2.8525640193367297
frame_519,0,255,1,1,False,False,True,3.372549099790918,True,True,[],[    0.77771    -0.60527     0.16977],9.925645685621221,-37.101822632713436,0.34159059927781554,0.32712184959998214,0.3378525853825206,29.1,3.6121849599982103,12.413006735389038,2.852085502893194
frame_520,0,255,1,1,False,False,True,3.312380069354942,True,True,[],[    0.77139    -0.58124     0.25908],13.773641413936588,-36.46163930695722,0.34962742923139034,0.3226521694285506,0.33013487634575733,29.1,3.1652169428550536,10.877034167886782,2.8455185359358235
frame_521,0,255,1,1,False,False,True,3.3482397395321435,True,True,[],[    0.75929    -0.57091     0.31229],12.126370497486512,-36.09680192754726,0.3694536008233381,0.32134013297829905,0.3309499064776429,29.1,3.034013297829902,10.426162535497944,2.8505806176929
frame_522,0,255,1,1,False,False,True,3.345119669063331,True,True,[],[    0.76709    -0.59562     0.23835],12.006460284835745,-36.84557658264401,0.33540837338858925,0.3230699468867382,0.333370218242092,29.1,3.2069946886738143,11.020600304721011,2.843986214149079
frame_523,0,255,1,1,False,False,True,3.3739560370254664,True,True,[],[    0.78517    -0.59626     0.16729],9.676847813658485,-37.483077154361844,0.3351459871285386,0.32871136088911934,0.3382743454292671,29.1,3.7711360889119305,12.959230546089106,2.8468307128850965
frame_524,0,255,1,1,False,False,True,3.3491121301288955,True,True,[],[    0.77242    -0.57207     0.27588],17.8511002107799,-36.29766538329144,0.3407840260357205,0.3266814150105599,0.3446524258423603,29.1,3.568141501055988,12.261654642804082,2.8413068879528867
frame_525,0,255,1,1,False,False,True,3.331423573458393,True,True,[],[    0.74897    -0.55377     0.36384],20.18236929435526,-36.84608284284842,0.3731978872441005,0.3265147678744615,0.33398690918698537,29.1,3.551476787446145,12.204387585725582,2.8304594134860883
frame_526,0,255,1,1,False,False,True,3.349951264536301,True,True,[],[    0.75816    -0.56193      0.3308],18.63979838118093,-36.047901504562425,0.3369163077887529,0.3239138710360061,0.33539105704607336,29.1,3.291387103600607,11.310608603438512,2.830549182195422
frame_527,0,255,1,1,False,False,True,3.3663364402504437,True,True,[],[    0.75092    -0.57272     0.32881],19.994006554168017,-38.05527880845254,0.345589879142247,0.32286501703168596,0.3221758103651832,29.1,3.1865017031685925,10.950177674118875,2.8260086310742336
frame_528,0,255,1,1,False,False,True,3.411821210551655,True,True,[],[    0.76715    -0.56051     0.31195],19.814424049566814,-38.72603197240303,0.3734232062299876,0.30715189692674394,0.31220091290048835,29.1,1.6151896926743903,5.550480043554606,2.8249758874519824
frame_529,0,255,1,1,False,False,True,3.4167467810819927,True,True,[],[    0.75747    -0.55492     0.34395],19.916610905057894,-36.73107588687785,0.3611271485558654,0.3222076635066641,0.3246189891830893,29.1,3.120766350666404,10.72428299198077,2.825607695343335
frame_530,0,255,1,1,False,False,True,3.4573172348239436,True,True,[],[    0.75108    -0.55952     0.35044],20.667213346479645,-36.7441783574333,0.33872787752921674,0.3387824571801521,0.3449170424304505,29.1,4.7782457180152065,16.420088378059127,2.833470663522781
frame_531,0,255,1,1,False,False,True,3.3777354158793376,True,True,[],[     0.7603    -0.57342     0.30519],19.628163245958536,-38.05407259325701,0.3695585141872036,0.3133174467722325,0.3058025124672961,29.1,2.2317446772232463,7.669225694925244,2.8197226357075476
frame_532,0,255,1,1,False,False,True,3.4242988055015005,True,True,[],[    0.71992    -0.55378     0.41838],23.318972735424218,-37.314456110644834,0.36246523540567077,0.3307902010624409,0.33482416446053553,29.1,3.9790201062440858,13.673608612522631,2.8180660765788277
frame_533,0,255,1,1,False,False,True,3.4583123755886063,True,True,[],[    0.74496    -0.56669     0.35198],19.916876929445365,-36.536204164690574,0.3493632579999452,0.33110717811977575,0.33809470930364827,29.1,4.010717811977571,13.782535436349042,2.8197418440254247
frame_534,0,255,1,1,False,False,True,3.392156885654548,True,True,[],[    0.74575     -0.5824     0.32352],19.720751712687452,-38.20059864262205,0.33717752880032736,0.33746657930965257,0.3439153102605651,29.1,4.646657930965254,15.96789666998369,2.8315203768149093
frame_535,0,255,1,1,False,False,True,3.4730124516056846,True,True,[],[    0.73359    -0.56996     0.37012],22.75197880619801,-38.471377350343644,0.3378467711239507,0.3379633922763427,0.3448194970627477,29.1,4.696339227634266,16.138622775375485,2.8202996957700934
frame_536,0,255,1,1,False,False,True,3.463194860445012,True,True,[],[    0.76356    -0.58469     0.27407],16.318501976245255,-37.56827665848463,0.33114458496983895,0.33107513843498737,0.34211480140028705,29.1,4.007513843498733,13.771525235390836,2.8341971673772237
frame_537,0,255,1,1,False,False,True,3.5562132048065695,True,True,[],[    0.74755    -0.56767     0.34486],19.886427021692825,-38.14672336409155,0.3474172199015672,0.3267440335856105,0.3301338077216581,29.1,3.574403358561046,12.283173053474385,2.818775128970181
frame_538,0,255,1,1,False,False,True,3.423924406273683,True,True,[],[    0.75739    -0.58422     0.29164],15.7480478649673,-37.27404794892823,0.3447030601598274,0.3233332585950197,0.3361577671891226,29.1,3.2333258595019676,11.111085427841813,2.8380481770623733
frame_539,0,255,1,1,False,False,True,3.3879443603921673,True,True,[],[    0.77499    -0.58668     0.23493],13.695051158202181,-37.53619030946601,0.3431386077240425,0.3231094130437553,0.32935748138342213,29.1,3.2109413043755253,11.034162557991495,2.8273508214207164
frame_540,0,255,1,1,False,False,True,3.4126823094532286,True,True,[],[    0.74101    -0.56544     0.36219],22.357389242533003,-38.590686218821695,0.3466324888407738,0.31390485007006563,0.31497565530480853,29.1,2.2904850070065597,7.871082498304329,2.8272969390240665
frame_541,0,255,1,1,False,False,True,3.5049017665781466,True,True,[],[    0.76753     -0.5958     0.23647],14.103507473676402,-37.95021800317398,0.3461211170574437,0.3309073784671657,0.34911391251735036,29.1,3.990737846716569,13.713875761912607,2.8457032045920987
frame_542,0,255,1,1,False,False,True,3.4289851494003676,True,True,[],[    0.74898    -0.57494     0.32936],17.45871282726941,-37.30251867828776,0.3760067788492222,0.3300225164442193,0.3358540159732322,29.1,3.902251644421928,13.40979946536745,2.842265812544105
frame_543,0,255,1,1,False,False,True,3.4413437072985973,True,True,[],[    0.77105    -0.59782      0.2193],12.057879239367713,-37.62669057473697,0.3366487227603697,0.32860982089143065,0.3430652997942628,29.1,3.760982089143061,12.924337076092993,2.845028433926712
frame_544,0,255,1,1,False,False,True,3.385192836880948,True,True,[],[     0.7632    -0.59246     0.25791],12.631946833194325,-37.47731216997307,0.3300410683413947,0.3320240365629983,0.34471756206310133,29.1,4.102403656299824,14.097607066322418,2.845697578401056
frame_545,0,255,1,1,False,False,True,3.4196079599529945,True,True,[],[    0.78057    -0.59225     0.19987],11.735431972709003,-37.49771458484315,0.33136084150206346,0.33117047998424787,0.3379017897829587,29.1,4.017047998424783,13.804288654380695,2.849644449082288
frame_546,0,255,1,1,False,False,True,3.4153543418060934,True,True,[],[    0.76145    -0.57871     0.29205],23.02007336691576,-39.923426429628606,0.3272376772116772,0.28985052060607813,0.2998141584145957,29.1,0.11494793939219039,0.3950101010040907,2.8315085163880642
frame_547,0,255,1,1,False,False,True,3.3908777797075538,True,True,[],[    0.75987    -0.59043     0.27201],16.42674451291789,-39.001298307962585,0.3491757873086433,0.31456618881476495,0.3240476590980641,29.1,2.356618881476491,8.098346671740519,2.841320146013189
frame_548,0,255,1,1,False,False,True,3.462694165151129,True,True,[],[    0.75562    -0.57827     0.30764],16.450684726578512,-37.19670447508255,0.360896063838676,0.3241738749704594,0.33295705148420607,29.1,3.317387497045937,11.399957034522119,2.824929630170103
frame_549,0,255,1,1,False,False,True,3.3703893564673426,True,True,[],[    0.78116    -0.60337     0.16038],8.568563110820314,-37.18976887834116,0.3299897931973268,0.3283709948839846,0.3361633765768882,29.1,3.7370994883984543,12.842266283156201,2.84886681573681
frame_550,0,255,1,1,False,False,True,3.4298245159437073,True,True,[],[    0.78753    -0.59472     0.16158],8.737432365310234,-36.69189447624046,0.33782831589024537,0.32669535311733156,0.33553751527701847,29.1,3.569535311733152,12.266444370217016,2.8444958180189133
frame_551,0,255,1,1,False,False,True,3.3660885334260655,True,True,[],[    0.78004     -0.5991     0.18058],10.455557199432226,-37.695190205811066,0.3319549343359669,0.33211073978098854,0.34156755921803905,29.1,4.11107397809885,14.127401986593984,2.844297930428542
frame_552,0,255,1,1,False,False,True,3.390749380709507,True,True,[],[    0.76916    -0.56004     0.30781],17.115307703171116,-36.11590388434296,0.3387769464227791,0.3237493549744911,0.3323751347044521,29.1,3.274935497449105,11.25407387439555,2.829683668618736
frame_553,0,255,1,1,False,False,True,3.3974038537513693,True,True,[],[    0.77536    -0.57136       0.269],15.52432243416248,-36.779163431936475,0.3434918415772391,0.32430281706654646,0.3381477295456622,29.1,3.3302817066546417,11.444267033177463,2.837758487305551
frame_554,0,255,1,1,False,False,True,3.3918406746998717,True,True,[],[     0.7892    -0.58623     0.18299],11.754947363122605,-37.53682276740321,0.33250584680971046,0.32593070602602947,0.3334328723880601,29.1,3.4930706026029434,12.003679046745509,2.835150528916329
frame_555,0,255,1,1,False,False,True,3.3756146308106345,True,True,[],[    0.75912    -0.56943     0.31541],22.144054818388003,-39.38994148466532,0.32204240577454013,0.29400680794723577,0.30058069270585813,29.1,0.30068079472357345,1.03326733581984,2.8228920539034057
frame_556,0,255,1,1,False,False,True,3.401734436311126,True,True,[],[    0.77406    -0.58711     0.23692],14.361982611492296,-38.08957226223228,0.3373718335694117,0.3325263466665761,0.3436664665228084,29.1,4.152634666657606,14.270222222191087,2.8447786487534166
frame_557,0,255,1,1,False,False,True,3.412124067871402,True,True,[],[    0.76881    -0.58044     0.26837],17.200955354881668,-37.64453868825665,0.35174234565299545,0.32674307245437456,0.3350070647494843,29.1,3.5743072454374527,12.282842767826297,2.828554287319482
frame_558,0,255,1,1,False,False,True,3.4216864136969116,True,True,[],[    0.78376    -0.58413     0.21097],10.619234512289472,-36.390564453441705,0.3475132394131777,0.3263160877722955,0.33181391025509543,29.1,3.5316087772295446,12.136112636527644,2.839965600624022
frame_559,0,255,1,1,False,False,True,3.403333414907555,True,True,[],[    0.75026    -0.56844     0.33762],19.83834294351462,-37.03535033319895,0.3528411660798382,0.334081991452896,0.3435520986781275,29.1,4.308199145289598,14.804808059414427,2.820093207697447
frame_560,0,255,1,1,False,False,True,3.3855991023692886,True,True,[],[    0.75711    -0.57409     0.31178],19.336040628310958,-37.450710906764655,0.33134794267092577,0.32194044435140856,0.33284549985405537,29.1,3.0940444351408525,10.632455103576813,2.816522009814227
frame_561,0,255,1,1,False,False,True,3.3829996148280617,True,True,[],[     0.7559    -0.56576     0.32944],18.999831354327643,-37.841351014164566,0.34692443840761045,0.3321384802329309,0.3349178076128364,29.1,4.113848023293087,14.136934787948755,2.813512382137793
frame_562,0,255,1,1,False,False,True,3.3719400147774605,True,True,[],[    0.75418    -0.57387     0.31918],18.27835801115471,-37.45899168585033,0.3594739040705078,0.32371756371643623,0.332361638790084,29.1,3.2717563716436193,11.243149043448863,2.8208338409297498
frame_563,0,255,1,1,False,False,True,3.4657668492204916,True,True,[],[    0.76077    -0.56808     0.31386],23.68198983046033,-41.43206083660496,0.34957663682834506,0.3016166100003395,0.30540721583227326,29.1,1.0616610000339477,3.648319587745524,2.8097919538526193
frame_564,0,255,1,1,False,False,True,3.404069423385494,True,True,[],[    0.74302    -0.57583      0.3411],21.142069907746563,-38.46177519855381,0.3274487700410672,0.3262575921697047,0.34310696443668975,29.1,3.5257592169704646,12.116011054881321,2.809308085052844
frame_565,0,255,1,1,False,False,True,3.396715074731708,True,True,[],[     0.7357    -0.56731     0.37002],21.290995411719045,-38.256020956871325,0.3218995641469738,0.3185592373912279,0.3272709883112956,29.1,2.7559237391227844,9.470528313136715,2.8135340706930414
frame_566,0,255,1,1,False,False,True,3.4276639603890056,True,True,[],[    0.74152     -0.5736     0.34803],18.750225727255046,-37.98945865385701,0.33222840467969655,0.33157073880852245,0.348201996854141,29.1,4.057073880852241,13.94183464210392,2.7994066107500246
frame_567,0,255,1,1,False,False,True,3.399705047647278,True,True,[],[    0.75003    -0.57598     0.32513],17.746255681926147,-37.88323725570078,0.338488319613373,0.32865795208208076,0.3378490159796087,29.1,3.765795208208073,12.940877004151453,2.800432316289432
frame_568,0,255,1,1,False,False,True,3.4357538127819742,True,True,[],[    0.74332    -0.58036     0.33264],18.529600207847658,-37.66744024088356,0.3438259623019393,0.3291336930277605,0.3426476874842255,29.1,3.8133693027760485,13.104361865209787,2.806053811205664
frame_569,0,255,1,1,False,False,True,3.4723920156428147,True,True,[],[    0.74508    -0.57026     0.34593],18.04188183124482,-37.390493300584396,0.37365760066052617,0.32372454919146776,0.3286551818948489,29.1,3.2724549191467722,11.24554955033255,2.799932642599662
frame_570,0,255,1,1,False,False,True,3.4518071766173346,True,True,[],[     0.7384    -0.56841     0.36286],20.585171960857675,-37.59322260190044,0.34466707741706837,0.33449385089368483,0.3449403791566651,29.1,4.34938508936848,14.946340513293743,2.8003583129636427
frame_571,0,255,1,1,False,False,True,3.4271429578496257,True,True,[],[    0.74839    -0.57648       0.328],18.476480096884274,-37.595884974611536,0.3465365011644129,0.33512936543219307,0.3556225747669241,29.1,4.4129365432193035,15.164730389069772,2.794181056022644
frame_572,0,255,1,1,False,False,True,3.4424778345508065,True,True,[],[    0.75034    -0.57592     0.32452],17.149633487068318,-37.269219273095416,0.37941589051067975,0.32689803565355713,0.3399625351688259,29.1,3.589803565355709,12.336094726308279,2.7944142507835172
frame_573,0,255,1,1,False,False,True,3.4349072230677655,True,True,[],[    0.74045    -0.57633     0.34579],20.517602906517734,-38.53871102880543,0.33404494573425975,0.3319341604095628,0.3514211328192495,29.1,4.093416040956277,14.066721790227755,2.801900027222341
frame_574,0,255,1,1,False,False,True,3.4178958304596265,True,True,[],[    0.74796    -0.58161     0.31982],18.08459969134607,-37.61784771070983,0.34433763449439314,0.330806761340054,0.34451294675489796,29.1,3.980676134005395,13.679299429571804,2.794305756266693
frame_575,0,255,1,1,False,False,True,3.448275520858685,True,True,[],[    0.75452    -0.57824     0.31039],13.647135795135465,-37.39788580678539,0.3773412776394126,0.3282783958273852,0.33918839270932777,29.1,3.7278395827385182,12.810445301506935,2.78611571386843
frame_576,0,255,1,1,False,False,True,3.400779966133999,True,True,[],[    0.74655    -0.57054     0.34227],20.919360924792652,-38.34568958329994,0.3293264316103979,0.32852446953839015,0.3455039367864824,29.1,3.7524469538390113,12.895006714223406,2.7876031514695145
frame_577,0,255,1,1,False,False,True,3.40160096378511,True,True,[],[    0.76937    -0.58539     0.25569],12.395001666789891,-37.10627590435535,0.34537851376205364,0.3240015527301884,0.34561623340409875,29.1,3.3001552730188344,11.340739769824172,2.7826364968504222
frame_578,0,255,1,1,False,False,True,3.462273173283716,True,True,[],[    0.76226    -0.57559     0.29607],16.727903494495756,-37.02140904325909,0.33801651531179483,0.32940720761521713,0.34365923091188316,29.1,3.84072076152171,13.198353132377008,2.7771127058641754
frame_579,0,255,1,1,False,False,True,3.4595840790993595,True,True,[],[     0.7881    -0.59861      0.1434],6.840071500947243,-36.83988948645861,0.3264570181215472,0.3217875371648646,0.3282809725591267,29.1,3.078753716486454,10.579909678647608,2.7745165046414804
frame_580,0,255,1,1,False,False,True,3.451504798767149,True,True,[],[    0.78811    -0.59717     0.14924],7.652619821599179,-37.21536242015896,0.33206505044514995,0.3311716251030148,0.3411854507234182,29.1,4.017162510301475,13.804682165984449,2.7761121947189857
frame_581,0,255,1,1,False,False,True,3.4337854006341497,True,True,[],[    0.75654    -0.57896     0.30406],14.494348896652708,-36.567148879753454,0.36138407245887505,0.32670849414363634,0.3334567290763133,29.1,3.5708494143636305,12.270960186816598,2.775157135551896
frame_582,0,255,1,1,False,False,True,3.499763310943435,True,True,[],[    0.73949    -0.56211     0.37038],20.544341297675402,-36.98478757442402,0.3656871353205306,0.34504724565339995,0.35636438853358815,29.1,5.404724565339992,18.572936650652892,2.77858156463894
frame_583,0,255,1,1,False,False,True,3.4232177152536094,True,True,[],[    0.79071    -0.60403    0.099632],6.578298489727536,-37.419284215980376,0.38172680192510816,0.33400488577792237,0.34094178259632024,29.1,4.300488577792233,14.778311263890837,2.772425833600493
frame_584,0,255,1,1,False,False,True,3.3809075894572014,True,True,[],[    0.78176     -0.5907     0.19983],11.596156601505529,-36.78455845549907,0.33112577882055455,0.3300744497552125,0.3431693139928541,29.1,3.907444975521246,13.427645963990534,2.7731384352016986
frame_585,0,255,1,1,False,False,True,3.43345988155751,True,True,[],[    0.78773    -0.59699     0.15195],8.81090813682085,-37.22473119111797,0.338058934732132,0.3309088598843468,0.3404710617967873,29.1,3.990885988434678,13.714384839981712,2.7601430043782273
frame_586,0,255,1,1,False,False,True,3.4697985049074056,True,True,[],[    0.77585    -0.57715     0.25488],14.725867812120269,-36.487176159109374,0.3349063329267416,0.32967107260436646,0.3349594214656022,29.1,3.867107260436642,13.289028386380211,2.7677105922956726
frame_587,0,255,1,1,False,False,True,3.467960091324993,True,True,[],[    0.79495    -0.60477    0.047985],4.773017161007742,-37.29610495339569,0.3787233424602696,0.33719482731245154,0.34163658231980276,29.1,4.61948273124515,15.874511103935223,2.7668002933918774
frame_588,0,255,1,1,False,False,True,3.3904235659141184,True,True,[],[    0.79217    -0.59821     0.12088],6.564483835514765,-37.02976144789454,0.3300022183209614,0.32916358345759095,0.33593136740476326,29.1,3.816358345759091,13.114633490581069,2.7670407104694523
frame_589,0,255,1,1,False,False,True,3.398579572081051,True,True,[],[    0.78804    -0.59962     0.13947],8.116787337315628,-37.72931344092544,0.3404404095984275,0.3366639223200994,0.3482119081298843,29.1,4.566392232009936,15.692069525807339,2.762658070704229
frame_590,0,255,1,1,False,False,True,3.484463370893314,True,True,[],[    0.77474    -0.59329     0.21857],11.219057534475724,-37.656085727270046,0.33383377264967273,0.329867169618858,0.3417106935534898,29.1,3.8867169618857944,13.356415676583486,2.7613116959744457
frame_591,0,255,1,1,False,False,True,3.3956499645975557,True,True,[],[    0.74539    -0.57473     0.33777],20.519601130946285,-38.067094241513836,0.33615806213265864,0.328258841427378,0.33450183916484155,29.1,3.7258841427377956,12.80372557641854,2.758464700537301
frame_592,0,255,1,1,False,False,True,3.4701984179763126,True,True,[],[     0.7835    -0.59857     0.16686],8.023441406155014,-37.188719298403875,0.337082899791011,0.32966211839246296,0.3371035079235466,29.1,3.866211839246292,13.285951337616122,2.764902965222217
frame_593,0,255,1,1,False,False,True,3.4162011093386475,True,True,[],[    0.76367    -0.58128     0.28094],16.796924310015225,-37.39862971799438,0.3299385017635442,0.32866310579940533,0.34223225819844305,29.1,3.766310579940529,12.942648041032745,2.7495067031176124
frame_594,0,255,1,1,False,False,True,3.434496163456552,True,True,[],[    0.73439    -0.55735     0.38734],22.56086873939557,-37.43599751714963,0.32971820791322143,0.3279738551250032,0.33200953018070967,29.1,3.6973855125003174,12.705792139176348,2.744054713940031
frame_595,0,255,1,1,False,False,True,3.4464450468102616,True,True,[],[    0.76131    -0.57238      0.3046],17.19522623688742,-37.13903459399358,0.33456302175940933,0.32385062454958236,0.3400309867243529,29.1,3.285062454958232,11.288874415664027,2.7477586728960754
frame_596,0,255,1,1,False,False,True,3.4593238476351753,True,True,[],[    0.76483    -0.58002     0.28039],16.67354165866123,-37.78952626277981,0.34208571183264647,0.32730028710147396,0.34748677421767976,29.1,3.6300287101473927,12.47432546442403,2.75591952846373
frame_597,0,255,1,1,False,False,True,3.4536420915341997,True,True,[],[    0.74963    -0.56313     0.34777],20.82129021120951,-37.646715108884706,0.33062015866963645,0.33033237616914646,0.33947013822885397,29.1,3.933237616914642,13.516280470497053,2.7539757087312897
frame_598,0,255,1,1,False,False,True,3.430463407340027,True,True,[],[    0.75721     -0.5746     0.31059],18.798374301884696,-38.081949160591314,0.34404280545960386,0.32411032515085364,0.33537147014199487,29.1,3.31103251508536,11.378118608540756,2.7555734869483466
frame_599,0,255,1,1,False,False,True,3.452446733802871,True,True,[],[    0.75835    -0.57941     0.29865],18.10549234237904,-36.82705685753675,0.3285312061608247,0.3284958550589294,0.3412069794324417,29.1,3.7495855058929384,12.885173559769548,2.749383408330264
frame_600,0,255,1,1,False,False,True,3.428832579381423,True,True,[],[    0.75951    -0.58536     0.28372],17.36155065041127,-38.210997484881226,0.3346892036611643,0.3272670348300568,0.34393910217200685,29.1,3.6267034830056777,12.46289856702982,2.751827806050521
frame_601,0,255,1,1,False,False,True,3.437642204909284,True,True,[],[     0.7566     -0.5766     0.30835],16.946438183780753,-37.590335835860365,0.32954606469804115,0.32950701387610154,0.34294264658355084,29.1,3.85070138761015,13.232650816529725,2.7502454300449317
frame_602,0,255,1,1,False,False,True,3.5190347976838066,True,True,[],[    0.73117    -0.55668     0.39433],20.967407116065388,-36.42274918591662,0.3590833055869217,0.33803827414961835,0.349165534967557,29.1,4.703827414961831,16.164355377875705,2.7555397075301404
frame_603,0,255,1,1,False,False,True,3.478343219882979,True,True,[],[    0.76443    -0.58966     0.26069],16.780151173821046,-37.95970168630617,0.3308196218911345,0.3310705144407508,0.3411292303688616,29.1,4.007051444075077,13.76993623393497,2.749577678628519
frame_604,0,255,1,1,False,False,True,3.4772932466852886,True,True,[],[     0.7482    -0.56372     0.34988],19.275511572136818,-37.167529595108675,0.3437190499579809,0.32959232898072727,0.3345897994413969,29.1,3.8592328980727233,13.261968721899391,2.740550748156097
frame_605,0,255,1,1,False,False,True,3.4652462138817888,True,True,[],[    0.75574    -0.57425     0.31479],18.432492359776543,-37.2853281018933,0.34396209131152455,0.33120080606145474,0.3432854617006582,29.1,4.020080606145471,13.814709986754195,2.749335347025837
frame_606,0,255,1,1,False,False,True,3.5196303572325416,True,True,[],[    0.72087    -0.54991     0.42183],23.361809317020004,-37.32093373893026,0.4065091871355298,0.3425465641105281,0.3389558456439692,29.1,5.154656411052805,17.713595914270808,2.7451691099632543
frame_607,0,255,1,1,False,False,True,3.488479120505254,True,True,[],[    0.74054    -0.55126     0.38433],23.097876550747685,-37.14278097928738,0.3424160706258027,0.3295743001355434,0.33775221196442196,29.1,3.8574300135543362,13.255773242454763,2.7396102242872336
frame_608,0,255,1,1,False,False,True,3.500936729205449,True,True,[],[    0.75437    -0.57287     0.32054],19.179930473995153,-38.171535479496,0.35529671930131296,0.3371476352787043,0.348473038307483,29.1,4.614763527870425,15.858293910207644,2.7556302917557134
frame_609,0,255,1,1,False,False,True,3.4317463863618634,True,True,[],[    0.74577    -0.57919     0.32919],18.96424158509778,-37.85155368798848,0.33474520381302963,0.3347793216922029,0.35592437176261116,29.1,4.377932169220289,15.044440444055976,2.749000742585952
frame_610,0,255,1,1,False,False,True,3.4040875483810438,True,True,[],[    0.74114    -0.59814     0.30487],18.393356511722015,-38.65159411720436,0.32676251347785484,0.32419857116080086,0.34531108969106317,29.1,3.3198571160800827,11.4084436978697,2.751531315836413
frame_611,0,255,1,1,False,False,True,3.425070678330443,True,True,[],[    0.75826    -0.62162     0.19653],10.122711876353778,-39.89476776809435,0.3284889421575413,0.31704565461611517,0.33322100251485853,29.1,2.6045654616115135,8.950396775297296,2.7621876080382526
frame_612,0,255,1,1,False,False,True,3.400943716742473,True,True,[],[    0.74455     -0.6025     0.28748],17.023675460169322,-39.52832768290573,0.32707574347557467,0.3268261807505519,0.3432712556812091,29.1,3.5826180750551884,12.31140231977728,2.7481055269543044
frame_613,0,255,1,1,False,False,True,3.3900377334480947,True,True,[],[    0.74972     -0.6133     0.24855],15.154208049358573,-39.471316063962156,0.3283189137558477,0.31882594609938275,0.33352202710880763,29.1,2.7825946099382715,9.56218079016588,2.7509712906894657
frame_614,0,255,1,1,False,False,True,3.4277783464768996,True,True,[],[    0.75465    -0.61735     0.22221],13.937772459323858,-39.576642198997966,0.3286316927403774,0.3260498300807567,0.3362931576789956,29.1,3.5049830080756683,12.04461514802635,2.7514029559219138
frame_615,0,255,1,1,False,False,True,3.4539199222401478,True,True,[],[    0.76824    -0.61892     0.16356],9.444840481919634,-39.000747330834216,0.33061970728590845,0.3285119822055581,0.33824974202996494,29.1,3.751198220555807,12.890715534556039,2.758531398179999
frame_616,0,255,1,1,False,False,True,3.408654107840739,True,True,[],[    0.76573    -0.62739     0.14158],6.504468904667538,-38.54740761820259,0.33478069822718,0.3364213849709188,0.34269433213186706,29.1,4.542138497091875,15.608723357704035,2.7682824859362163
frame_617,0,255,1,1,False,False,True,3.4010368299173273,True,True,[],[     0.7439    -0.60454     0.28485],13.73213562539807,-38.458543397092484,0.33877530700504843,0.32368415185474475,0.3372182236580038,29.1,3.2684151854744714,11.231667304035984,2.7659938070703953
frame_618,0,255,1,1,False,False,True,3.385027148682845,True,True,[],[    0.75438     -0.6077     0.24822],13.763172542997113,-39.0684286154312,0.32986664570077084,0.3256624834327341,0.3422339176231731,29.1,3.4662483432734037,11.911506334272865,2.7645520821933087
frame_619,0,255,1,1,False,False,True,3.369836743126403,True,True,[],[    0.77577    -0.63015    0.033186],2.4298350770904866,-39.57501921075854,0.3399723047922649,0.33970640452715284,0.34698564594076375,29.1,4.87064045271528,16.737596057440822,2.769887507168353
frame_620,0,255,1,1,False,False,True,3.385973137789286,True,True,[],[    0.78207    -0.61938    0.068785],4.019460313428062,-38.43018513399867,0.3389847536198547,0.33897237126123936,0.3460259694306185,29.1,4.797237126123932,16.48535094887949,2.7700899562016748
frame_621,0,255,1,1,False,False,True,3.4301519588979024,True,True,[],[    0.76177    -0.60036     0.24345],10.873107309703405,-38.241078198061146,0.3395037520180161,0.3199997015142906,0.3266174716779499,29.1,2.8999701514290543,9.965533166422867,2.774971772652587
frame_622,0,255,1,1,False,False,True,3.465645653253317,True,True,[],[    0.78461    -0.60349     0.14208],7.128560992570472,-37.28244055651283,0.3347173292621745,0.32964194838405175,0.3394240811823077,29.1,3.8641948384051714,13.279020063248012,2.7739557918801316
frame_623,0,255,1,1,False,False,True,3.4277021939385732,True,True,[],[    0.79136    -0.60884    0.055304],5.522165682317447,-38.607298595259145,0.36574582796656907,0.33065639059028984,0.3361662469546891,29.1,3.9656390590289803,13.627625632401994,2.7809261536698524
frame_624,0,255,1,1,False,False,True,3.42418328121384,True,True,[],[    0.78738    -0.60315     0.12747],5.814462004884303,-37.34852882089191,0.3523343224841354,0.32552268556762354,0.33572744878330574,29.1,3.45226855676235,11.863465830798454,2.778776694454605
frame_625,0,255,1,1,False,False,True,3.36028665889156,True,True,[],[    0.78311    -0.60355     0.14988],8.273698565604668,-37.75013006663241,0.3279479616359108,0.32603861798306516,0.34130580753147977,29.1,3.503861798306512,12.040762193493167,2.7784881837008477
frame_626,0,255,1,1,False,False,True,3.439024215868471,True,True,[],[    0.79069     -0.6034     0.10355],3.436765585827736,-37.12107036425431,0.33479156887844547,0.3199639609146209,0.33400587799564185,29.1,2.8963960914620888,9.953251173409239,2.7758775017697657
frame_627,0,255,1,1,False,False,True,3.439024215868471,True,True,[],[    0.78861    -0.59241     0.16476],10.282463918289915,-37.06850191102146,0.3354776562775775,0.3276486074892041,0.34242957083187686,29.1,3.6648607489204066,12.594023192166345,2.786671445083892
frame_628,0,255,1,1,False,False,True,3.456501021503006,True,True,[],[    0.79359    -0.58993     0.14902],10.105915279034768,-36.44407223698683,0.33412592377277806,0.33217961407427066,0.3492443236803072,29.1,4.117961407427062,14.151070128615334,2.7840099885935237
frame_629,0,255,1,1,False,False,True,3.4837479606684596,True,True,[],[     0.7669    -0.56302     0.30802],16.888365477999685,-36.14632629324568,0.3590690295882385,0.3393656751764118,0.3513056538346636,29.1,4.836567517641177,16.620506933474832,2.799647240979331
frame_630,0,255,1,1,False,False,True,3.5135897044231146,True,True,[],[     0.7922     -0.5722     0.21216],12.063772340550125,-36.12298518955442,0.3575350894539729,0.32535125537037995,0.34148944446037893,29.1,3.435125537037992,11.804555110096192,2.7863673641746294
frame_631,0,255,1,1,False,False,True,3.4610776846853426,True,True,[],[    0.76804    -0.55501     0.31949],16.583628843846075,-35.585001343101936,0.3654958550634604,0.3296816978637982,0.3524602824406209,29.1,3.868169786379816,13.292679678281152,2.7882119243026624
frame_632,0,255,1,1,False,False,True,3.4141363044844275,True,True,[],[    0.78785     -0.5702     0.23274],10.715613701122601,-34.953289017009354,0.35010326595026503,0.3279858983123225,0.3362957922917379,29.1,3.6985898312322463,12.709930691519746,2.784577611903896
frame_633,0,255,1,1,False,False,True,3.503346120493261,True,True,[],[     0.8057    -0.58977    0.054933],1.7159964315419975,-36.02185762542933,0.33735820234368835,0.33180332864932743,0.3350506916701532,29.1,4.08033286493274,14.021762422449276,2.778647522337277
frame_634,0,255,1,1,False,False,True,3.484967337048619,True,True,[],[    0.77413     -0.5929      0.2218],13.140921209918874,-38.248765881698795,0.3412109193376417,0.3311451488138495,0.35576427362900176,29.1,4.014514881384946,13.795583784827992,2.792682579882086
frame_635,0,255,1,1,False,False,True,3.4752904074633797,True,True,[],[    0.79189    -0.59598     0.13311],6.640775787915623,-36.71826382755583,0.33560092456247154,0.32902096381872364,0.3366076541435858,29.1,3.802096381872361,13.065623305403301,2.7801485553832217
frame_636,0,255,1,1,False,False,True,3.5153285001328323,True,True,[],[    0.79281    -0.60877    0.029232],1.8802726879023512,-37.1235024757559,0.33996050021655744,0.3382763387760433,0.34442116170598264,29.1,4.727633877604326,16.246164527849917,2.7774308837866517
frame_637,0,255,1,1,False,False,True,3.4869435898123644,True,True,[],[    0.78788     -0.6147     0.03721],2.4471853811437554,-37.715983020348396,0.34738580503985256,0.34074466148036114,0.34443198762111754,29.1,4.974466148036111,17.09438538844024,2.775864227546309
frame_638,0,255,1,1,False,False,True,3.474567777902392,True,True,[],[    0.79151    -0.60809    0.061207],4.472198854232755,-37.389934896869185,0.3377840664113731,0.33674759663748777,0.342012354571238,29.1,4.5747596637487735,15.720823586765546,2.7757700697125913
frame_639,0,255,1,1,False,False,True,3.4224730856519066,True,True,[],[    0.78844    -0.60446     0.11395],6.089840472564267,-36.26462496078798,0.3276231033377121,0.3280825856893373,0.3345025554854315,29.1,3.7082585689337257,12.743156594273971,2.7748661137641744
frame_640,0,255,1,1,False,False,True,3.410688803600141,True,True,[],[    0.78622    -0.61494     0.06088],4.028723203037296,-38.339577368775586,0.3351716919429799,0.3350527981997482,0.3439997684241175,29.1,4.405279819974817,15.138418625343014,2.7772096630588226
frame_641,0,255,1,1,False,False,True,3.462936768991491,True,True,[],[    0.77987    -0.61944    0.089929],3.503043277402495,-37.86569308723522,0.3346908149263954,0.32855003162775326,0.3362022690606788,29.1,3.7550031627753224,12.903790937372243,2.774087974003383
frame_642,0,255,1,1,False,False,True,3.5232011659069307,True,True,[],[    0.77409     -0.6328    0.018812],0.8299591851658779,-38.86184394444609,0.3495841665927647,0.3498170110804605,0.35065826163842306,29.1,5.881701108046045,20.2120312991273,2.7722973861142934
frame_643,0,255,1,1,False,False,True,3.490935781853409,True,True,[],[    0.75996    -0.63621     0.13302],5.622030823355601,-39.60310910169505,0.32666469134769205,0.32790727429368477,0.33343622508169307,29.1,3.690727429368473,12.682912128413996,2.7692891962054063
frame_644,0,255,1,1,False,False,True,3.433397309425582,True,True,[],[    0.76604    -0.64077    0.051034],4.5581259602791775,-39.60797275896276,0.3740321163338846,0.3328440773247297,0.33829119291970455,29.1,4.184407732472967,14.37940801537102,2.7730458779345004
frame_645,0,255,1,1,False,False,True,3.441389514850221,True,True,[],[    0.76093    -0.63239     0.14514],6.883573537576958,-39.36001958081321,0.3332735157969106,0.33163548818967675,0.3425999473148442,29.1,4.063548818967671,13.964085288548697,2.770040004744734
frame_646,0,255,1,1,False,False,True,3.414113346149795,True,True,[],[     0.7538    -0.61844     0.22207],11.356899642995847,-38.37030914326424,0.3356904586929949,0.32393688980064794,0.3398900665344219,29.1,3.2936889800647906,11.318518831837768,2.776115023453465
frame_647,0,255,1,1,False,False,True,3.414113346149795,True,True,[],[     0.7674    -0.62501     0.14304],7.007735994635032,-38.8662621525683,0.36713682394783376,0.3254427556672257,0.3340337901611275,29.1,3.4442755667225655,11.83599851107411,2.771934963943725
frame_648,0,255,1,1,False,False,True,3.540716758681253,True,True,[],[     0.7283    -0.59516     0.33964],18.133190378579254,-38.727469408485476,0.38440749435458765,0.3400654932183218,0.35769495875667856,29.1,4.906549321832177,16.860994233100264,2.793556302532596
frame_649,0,255,1,1,False,False,True,3.5218644393392293,True,True,[],[    0.76177    -0.62102     0.18451],13.940406267859938,-39.62226822919892,0.3556931265126492,0.3264947543566809,0.33363376518725546,29.1,3.5494754356680867,12.197510088206483,2.7791267408719826
frame_650,0,255,1,1,False,False,True,3.369836743126403,True,True,[],[    0.76526    -0.62251     0.16389],13.838113411170701,-39.628308757168384,0.3662961724195694,0.3255608214227626,0.3529460230342713,29.1,3.456082142276257,11.87657093565724,2.7833878909919427
frame_651,0,255,1,1,False,False,True,3.376190348503028,True,True,[],[    0.73011    -0.58784     0.34839],21.407583587103,-39.57057786990405,0.3436476786532055,0.34388247633804225,0.3552932103935964,29.1,5.288247633804222,18.172672281114163,2.793088716459444
frame_652,0,255,1,1,False,False,True,3.392741180600767,True,True,[],[    0.73029    -0.57894     0.36265],21.100973404322886,-38.926529838397556,0.3368490783421121,0.33700168610212144,0.35091398393202095,29.1,4.60016861021214,15.808139553993609,2.7976856569334263
frame_653,0,255,1,1,False,False,True,3.314780333797574,True,True,[],[    0.72267    -0.56992     0.39107],22.405932507292395,-38.74817924600641,0.3430727801983974,0.3330004609570889,0.3552832568986245,29.1,4.2000460957088865,14.433148095219542,2.79666708278242
frame_654,0,255,1,1,False,False,True,3.3024859397996433,True,True,[],[     0.7505    -0.56451     0.34362],21.02381340270626,-37.77092667625682,0.3280499205103179,0.3242256913253153,0.3441183594137446,29.1,3.3225691325315276,11.41776334203274,2.8005328535593743
frame_655,0,255,1,1,False,False,True,3.3980534461634733,True,True,[],[    0.72704    -0.52564     0.44173],22.121171296797232,-35.989318595526925,0.39932640917091755,0.32804713842794375,0.3390429945893958,29.1,3.7047138427943715,12.730975404791653,2.7997460160988745
frame_656,0,255,1,1,False,False,True,3.3716685063903635,True,True,[],[    0.76748    -0.56349     0.30572],19.81701750879911,-36.98589583239041,0.3235814472775051,0.3191752786999195,0.33495258201478506,29.1,2.817527869991948,9.682226357360646,2.807882579213822
frame_657,0,255,1,1,False,False,True,3.3879595733433567,True,True,[],[    0.76198     -0.5476     0.34572],20.679178221126538,-36.58765516704889,0.36237780307941414,0.3229015212138804,0.33449837482135836,29.1,3.1901521213880346,10.962722066625547,2.8067973272197007
frame_658,0,255,1,1,False,False,True,3.3621853171471376,True,True,[],[    0.75686    -0.55182     0.35023],19.365354217918153,-35.70708030752367,0.37788693079141394,0.33120833699377994,0.3355661660061521,29.1,4.02083369937799,13.817297936006836,2.8128708231934283
frame_659,0,255,1,1,False,False,True,3.398821126581065,True,True,[],[    0.77348    -0.54735     0.31959],19.327683300509282,-35.03159352390603,0.32536606803803214,0.32531413435716056,0.3361991970809688,29.1,3.4314134357160517,11.791798748165126,2.8198069032177453
frame_660,0,255,1,1,False,False,True,3.3950733476042183,True,True,[],[    0.76825    -0.54756     0.33162],19.810505545023464,-35.412666388108356,0.32494669176327107,0.3229233131435563,0.3328461396199921,29.1,3.192331314355629,10.97021070225302,2.8183144160415994
frame_661,0,255,1,1,False,False,True,3.4501494478327013,True,True,[],[    0.77639    -0.55966     0.28982],20.679749547297124,-37.93761506034161,0.36365060989299314,0.2954996882424659,0.30133411935703414,29.1,0.44996882424658824,1.5462846194040833,2.819867489281602
frame_662,0,255,1,1,False,False,True,3.4833163490421835,True,True,[],[    0.77023    -0.53944     0.34021],20.64416685011279,-34.87774234584408,0.3281257337431097,0.32586484430616425,0.3333083621625377,29.1,3.486484430616421,11.981046153321035,2.821971271070905
frame_663,0,255,1,1,False,False,True,3.5019622513521735,True,True,[],[    0.78488    -0.54662     0.29183],18.061060621016424,-35.06396855561872,0.3353980170168499,0.33398412732228067,0.35286529938628297,29.1,4.298412732228063,14.771177773979597,2.8130609856295625
frame_664,0,255,1,1,False,False,True,3.518348699808076,True,True,[],[    0.79369    -0.54763     0.26489],17.40166404898792,-36.444482393272125,0.33667211187785906,0.31111234667045684,0.31186824493208215,29.1,2.0112346670456804,6.911459336926737,2.814300935240103
frame_665,0,255,1,1,False,False,True,3.4890738258749345,True,True,[],[    0.77657    -0.53944     0.32549],18.146364494281592,-35.31974189809896,0.343487046293868,0.3206933230252741,0.32734080465980087,29.1,2.9693323025274054,10.203891073977339,2.810849490692345
frame_666,0,255,1,1,False,False,True,3.426356749611692,True,True,[],[    0.79953    -0.56698     0.19822],13.462331487326104,-36.33228149288462,0.33950914605524185,0.3160955940554535,0.3213231784907695,29.1,2.5095594055453474,8.623915482973702,2.8072970142630385
