frame_id,class_name,object_id,track_id,is_3D_complete,in_image_borders,does_overlap,is_front_fish,aspect_ratio,pointcloud_size_ok,fish_3d_ok,overlapping_fish_ids,fish_direction,elevation_deg,azimuth_deg,raw_length,filtered_length,spine_length,gt,abs_error_cm,rel_error_%,fish_dist_from_camera
frame_0,0,255,2,1,False,False,True,4.338028,True,True,[],[    0.42721   -0.067251     0.90165],-10.341977914575496,-10.63336126929808,2.1142475568088352,0.19773921465256947,0.1815833803493786,33.5,13.726078534743055,40.97336876042703,1.4100332778851339
frame_0,0,127,1,1,False,False,True,1.1071428,True,True,[],[   -0.26717    -0.35893     0.89431],63.516067870778535,-126.6921614538373,0.20099961648613873,0.2010399296497123,0.2014960926281169,33.5,13.396007035028774,39.988080701578426,2.389195618400494
frame_1,0,255,2,1,False,False,True,3.6240113,True,True,[],[    0.47144   -0.087522     0.87754],-32.82225012178117,-8.935830164270945,2.1083859601917534,0.2945523269553445,0.3027710330867322,33.5,4.044767304465552,12.073932252135975,1.4466171289801293
frame_1,0,127,1,1,False,False,True,1.3457519,True,True,[],[  -0.067533    -0.25149      0.9655],56.80893414521135,-121.88969580956574,0.5068986214095323,0.1940091274132294,0.19483063192757905,33.5,14.099087258677063,42.08682763784198,2.3749381301167247
frame_2,0,255,2,1,False,False,True,3.1680493,True,True,[],[    0.43782    -0.10232     0.89322],-28.36033395846584,-13.022550194784795,1.9132120093110014,0.287632842599983,0.37413126539669983,33.5,4.736715740001701,14.139449970154331,1.4295175744783157
frame_2,0,127,1,1,False,False,True,1.5361091,True,True,[],[    -0.2508    -0.56002      0.7896],51.30853493837563,-114.28319339960285,0.17897620960149507,0.17878984432292255,0.17986340794380723,33.5,15.621015567707747,46.62989721703805,2.370973672764459
frame_3,0,255,2,1,False,False,True,2.659919,True,False,[],,-24.702595348519623,-17.71073210140678,-1.0,0.2834871452380231,0.3607404989207636,33.5,5.1512854761976925,15.37697157073938,1.4440754652838979
frame_3,0,127,1,1,False,False,True,1.7869661,True,False,[],,-34.78994770521399,67.16071001885605,-1.0,0.18831040809544808,0.18865500270260263,33.5,14.668959190455194,43.7879378819558,2.3873198617854516
frame_4,0,255,2,1,False,False,True,2.5245209,True,False,[],,-25.431627185902936,-17.411689374225272,-1.0,0.29409389971316713,0.3493358359610559,33.5,4.090610028683289,12.210776205024745,1.4494027461866699
frame_4,0,127,1,1,False,False,True,1.6856443,True,False,[],,-29.49442470972489,62.426114914908716,-1.0,0.1899094491913944,0.19354780253865272,33.5,14.509055080860561,43.310612181673314,2.406368257360612
frame_5,0,255,2,1,False,False,True,2.52427,False,False,[],,-1.0,-1.0,-1.0,-1.0,0.40119905863350447,33.5,,,1.4338860736270131
frame_5,0,127,1,1,False,False,True,1.1234787,True,True,[],[   -0.62277    -0.46993     0.62556],39.56911296660816,-143.27269967793916,0.2110813306104251,0.21112799041819885,0.2080383689024904,33.5,12.387200958180117,36.9767192781496,2.4325471911969045
frame_6,0,255,2,1,False,False,True,3.052107,False,False,[],[    0.36762   -0.051013     0.92858],-1.0,-1.0,-1.0,-1.0,0.3824331374066735,33.5,,,1.4441926784795587
frame_6,0,127,1,1,False,False,True,1.2170585,True,True,[],[   -0.22608    -0.45792     0.85977],47.59720760520141,-122.84409123991918,0.3127790337533052,0.19603417823339853,0.1928722831619209,33.5,13.89658217666015,41.48233485570194,2.421160147908856
frame_7,0,255,2,1,False,False,True,4.199158,True,False,[],,-31.84632644841228,6.051230721637066,-1.0,0.28531380761979963,0.28435354118154255,33.5,4.968619238020039,14.831699217970264,1.491134941630242
frame_7,0,127,1,1,False,False,True,1.6061966,True,True,[],[  -0.095362    -0.59995     0.79433],50.734671406600334,-100.73214353319007,0.20197633544933136,0.17758808290268147,0.17680924695191175,33.5,15.741191709731856,46.98863196934882,2.443298266081515
frame_8,0,255,2,1,False,False,True,4.43444,True,True,[],[    0.32969   -0.066969     0.94171],-32.88139144284139,7.86886840805829,2.2004828442953306,0.2857155188042215,0.28637063646672356,33.5,4.928448119577849,14.711785431575668,1.5008458495140076
frame_8,0,127,1,1,False,False,True,2.0563643,True,True,[],[   0.046668    -0.54766      0.8354],57.047970043000504,-84.93262660920088,0.1958833957611419,0.17526934972083308,0.17017085695485373,33.5,15.973065027916695,47.68079112810953,2.435862167461498
frame_9,0,255,2,1,False,False,True,4.8646383,True,True,[],[    0.45813   -0.048131     0.88758],-0.7529469633419491,-8.427925128461984,1.9655965544234348,0.21069293639947123,0.20345526214431017,33.5,12.430706360052879,37.106586149411584,1.4699739539403223
frame_10,0,255,1,1,False,False,True,2.2769728,True,True,[],[    0.12451    -0.58048      0.8047],53.92013742630931,-77.99156894150586,0.18877796101102495,0.18881360015647597,0.19004553557084283,33.5,14.618639984352406,43.637731296574344,2.4281860274830085
frame_10,0,127,2,1,False,False,True,5.2525215,True,True,[],[     0.3155   -0.041483     0.94802],-30.422950695224856,8.185619960126049,1.7717340965213448,0.2749022945387989,0.26418357826521743,33.5,6.009770546120113,17.939613570507802,1.502222480723018
frame_11,0,255,1,1,False,False,True,2.4975693,True,True,[],[   0.074942     -0.6529     0.75372],48.982635126648844,-83.4841265701566,0.1894173005740898,0.18944770099379915,0.1879204413900927,33.5,14.555229900620088,43.44844746453758,2.4246314538263642
frame_11,0,127,2,1,False,False,True,5.36804,True,True,[],[    0.41669   -0.076639     0.90581],-25.708474552104114,-3.0018701697578813,2.002830774801108,0.2815887456957904,0.279581528356337,33.5,5.341125430420962,15.943658001256603,1.524167854496927
frame_12,0,255,1,1,False,False,True,2.1345363,True,True,[],[   -0.11187    -0.43779     0.89209],54.89504126491811,-106.11259155646826,0.33362808728559434,0.17270398535679132,0.17513724894820504,33.5,16.22960146432087,48.446571535286175,2.441568819099459
frame_12,0,127,2,1,False,False,True,3.1346695,True,False,[],,-17.29380354380531,-17.021650956936316,-1.0,0.27245832606951365,0.3537890605209263,33.5,6.254167393048638,18.669156397160116,1.5083540783958307
frame_13,0,255,1,1,False,False,True,2.3649426,True,False,[],,-28.357846458459903,73.53349622389543,-1.0,0.17639440884625768,0.1827951180542396,33.5,15.860559115374235,47.34495258320667,2.4621149419324673
frame_13,0,127,2,1,False,False,True,2.3523312,True,False,[],,-15.336296153305907,-23.562770507486665,-1.0,0.28155455408635194,0.34120416690399813,33.5,5.344544591364809,15.953864451835251,1.5170098547157012
frame_14,0,255,1,1,False,False,True,2.9436586,True,True,[],[    0.17405     0.96298    -0.20584],-13.125708086431475,79.9163434523018,0.19461631101528792,0.19447614332815066,0.19315923619789013,33.5,14.052385667184936,41.94741990204459,2.4688019350262507
frame_14,0,127,2,1,False,False,True,2.456835,True,False,[],,-24.83692572252681,-16.67365407541581,-1.0,0.28782905972308787,0.3507300480159494,33.5,4.717094027691216,14.080877694600643,1.523279880331912
frame_15,0,255,1,1,False,False,True,2.4036574,True,True,[],[    0.30647      0.8254    -0.47411],-28.57318042206658,69.4893414074063,0.21989156269396493,0.21474054901215167,0.21656224586351125,33.5,12.025945098784835,35.898343578462196,2.486804735911143
frame_15,0,127,2,1,False,False,True,2.8830218,False,False,[],[    0.44332   -0.082628     0.89255],-1.0,-1.0,-1.0,-1.0,0.39551824022444904,33.5,,,1.5229922609246427
frame_16,0,255,1,1,False,False,True,1.4604844,True,True,[],[    0.56352     0.60434    -0.56322],-33.29204406702882,47.35684752518891,0.23734785199600528,0.22238515422167748,0.21960868184031232,33.5,11.261484577832254,33.61637187412613,2.50836989384019
frame_16,0,127,2,1,False,False,True,3.4631734,False,False,[],[    0.45347   -0.061342     0.88916],-1.0,-1.0,-1.0,-1.0,0.5600478941770396,33.5,,,1.5408965451939183
frame_17,0,255,1,1,False,False,True,1.1515521,True,True,[],[   -0.45831     -0.5225     0.71899],39.482939068376744,-136.1117307062391,0.2431222486165101,0.21915238486535094,0.2163629042086321,33.5,11.584761513464908,34.58137765213405,2.49873011081924
frame_17,0,127,2,1,False,False,True,3.202398,False,False,[],[    0.51018    -0.10522     0.85361],-1.0,-1.0,-1.0,-1.0,0.3687036300395287,33.5,,,1.5521624716533189
frame_18,0,255,1,1,False,False,True,1.0599731,True,True,[],[   -0.44275    -0.50963     0.73773],47.57844364275676,-130.98155085174352,0.24510718081148242,0.2451288550646935,0.2415574639350522,33.5,8.987114493530651,26.82720744337508,2.529515367531814
frame_18,0,127,2,1,False,False,True,4.259862,True,False,[],,-22.884695546183252,-2.2271863611580645,-1.0,0.28462475407976146,0.28239863842769164,33.5,5.037524592023857,15.03738684186226,1.577681779317426
frame_19,0,255,1,1,False,False,True,1.0502877,True,True,[],[    0.54092     0.62534    -0.56246],-35.74554297386419,49.64998999996942,0.2088146311364718,0.2088168597394029,0.2062838619114456,33.5,12.618314026059712,37.66660903301406,2.5193512209554227
frame_19,0,127,2,1,False,False,True,4.399534,True,True,[],[    0.37609   -0.072057     0.92378],-25.44901469363633,8.976970776378565,1.6139703775745724,0.29030733550109106,0.28987846403253126,33.5,4.469266449890896,13.341093880271332,1.5989284568802948
frame_20,0,255,1,1,False,False,True,1.2488205,True,True,[],[   -0.39077     -0.6376      0.6639],42.387850045298684,-121.64554379737966,0.22639449364196484,0.22650838875434554,0.22210688534030887,33.5,10.849161124565448,32.385555595717754,2.5086838035637453
frame_20,0,127,2,1,False,False,True,3.963743,True,True,[],[     0.3354   -0.070854     0.93941],-35.573548468229305,10.747049651126074,1.6229628992971539,0.28823927825251744,0.2856863957981598,33.5,4.676072174748258,13.958424402233607,1.6282944994370814
frame_21,0,255,1,1,False,False,True,1.4573338,True,False,[],,-25.96782029491907,62.86365440984272,-1.0,0.2187417176387787,0.22372932543111917,33.5,11.625828236122132,34.70396488394666,2.513345248987102
frame_21,0,127,2,1,False,False,True,5.142842,True,True,[],[    0.44992   -0.061502     0.89095],-17.551625626763403,3.5090127643036713,2.147159642852609,0.2803342006028848,0.27538215897544865,33.5,5.466579939711524,16.318149073765742,1.617740934374101
frame_22,0,255,1,1,False,False,True,1.0614498,True,False,[],,-9.689792287431455,39.18251000131763,-1.0,0.18617064446421205,0.1872778189079421,33.5,14.882935553578797,44.426673294265065,2.5754771593971117
frame_22,0,127,2,1,False,False,True,5.8644624,True,False,[],,-23.53665334485113,4.802388012916361,-1.0,0.28279664561814555,0.2787990257004054,33.5,5.220335438185447,15.583090860255066,1.6393760440242453
frame_23,0,255,1,1,False,False,True,1.3199258,True,True,[],[    0.67049     0.33589    -0.66153],-41.176328009852554,26.753469323775786,0.21779840432449094,0.21784522193719114,0.2152012070025877,33.5,11.715477806280889,34.971575541136986,2.54335666368174
frame_23,0,127,2,1,False,False,True,5.8460793,True,True,[],[    0.39713   -0.055984     0.91605],-36.77043923034525,4.2707928559390576,1.7553996781428558,0.2843981651468309,0.27735067631459703,33.5,5.0601834853169105,15.105025329304212,1.6748417281027013
frame_24,0,255,1,1,False,False,True,1.6459439,True,True,[],[   -0.59448    -0.26103     0.76056],-19.789085924225624,26.062851518948957,0.2653969711398736,0.18132275352325516,0.17925805498142022,33.5,15.367724647674486,45.8738049184313,2.581245719017714
frame_24,0,127,2,1,False,False,True,5.279167,True,True,[],[    0.45313   -0.052886     0.88987],-23.73477949395324,-6.089197963823683,0.6916252812271009,0.28506066047462997,0.2941037407081215,33.5,4.993933952537005,14.907265529961208,1.6526308619546257
frame_25,0,255,1,1,False,False,True,1.797582,True,True,[],[   -0.55878    -0.18756     0.80783],51.52032501755278,-160.6499123215278,0.31278276386618664,0.2678711336414845,0.2647515462667945,33.5,6.71288663585155,20.03846756970612,2.561115621817147
frame_25,0,127,2,1,False,False,True,4.8077416,True,True,[],[    0.31888   -0.073561     0.94494],-4.651178286061709,-7.600177504179316,1.9044253089044745,0.23269865558160774,0.22996984320108405,33.5,10.230134441839228,30.537714751758887,1.6513287541067105
frame_26,0,255,1,1,False,False,True,1.3686645,True,True,[],[   -0.47145    -0.37519      0.7981],49.12709965079888,-142.66477801560484,0.264865586699502,0.2351150829816997,0.23371819360536839,33.5,9.988491701830032,29.816393139791142,2.5605119745547955
frame_26,0,127,2,1,False,False,True,3.7069254,False,False,[],,-1.0,-1.0,-1.0,-1.0,0.3617315456699762,33.5,,,1.651209918441918
frame_27,0,255,1,1,False,False,True,1.2045964,True,True,[],[   -0.47507    -0.41088     0.77813],52.86169417169001,-140.4326304749962,0.2417952611123224,0.23778632312097225,0.23325013787101473,33.5,9.721367687902777,29.01900802359038,2.5744312152363897
frame_27,0,127,2,1,False,False,True,2.887694,True,False,[],,-6.718737675416286,-17.092198449982853,-1.0,0.2760635232316454,0.3566400392047274,33.5,5.893647676835462,17.59297813980735,1.667159267344577
frame_28,0,255,1,1,False,False,True,1.2095293,True,True,[],[   -0.55811    -0.44487     0.70043],45.76430773048781,-141.57138389878588,0.24942872967105334,0.24157989933416313,0.2358254918150403,33.5,9.34201006658369,27.886597213682656,2.589619861451553
frame_28,0,127,2,1,False,False,True,2.8955765,True,False,[],,66.46111236451513,164.63495528787274,-1.0,0.2771295365218873,0.27037905925651295,33.5,5.78704634781127,17.274765217347074,1.6586101850358452
frame_29,0,255,1,1,False,False,True,1.5027531,True,True,[],[   -0.34237    -0.10123      0.9341],63.048178644260325,-161.801606550994,0.4294292026037594,0.2844757876686326,0.37715888214490034,33.5,5.052421233136744,15.081854427273864,2.5920445337528135
frame_29,0,127,2,1,False,False,True,3.13924,True,False,[],,-16.235033487577088,-10.24647873502201,-1.0,0.2831223874923863,0.3130259985291376,33.5,5.187761250761374,15.4858544798847,1.7345511570755316
frame_30,0,255,1,1,False,False,True,2.4775062,True,True,[],[   -0.55105   -0.042302      0.8334],52.46160659697684,-175.64336457658894,0.2510521132879995,0.21324845658927805,0.23231390660624063,33.5,12.175154341072197,36.34374430170805,2.5943220847070556
frame_30,0,127,2,1,False,False,True,3.5267265,False,False,[],,-1.0,-1.0,-1.0,-1.0,0.3540182078717805,33.5,,,1.7098379216942132
frame_31,0,255,1,1,False,False,True,3.8797245,True,True,[],[     0.1579      0.1861     0.96976],76.53259590779956,52.63813164662713,0.6155491615840178,0.5310110662581637,0.4773145555615719,33.5,19.60110662581637,58.510766047213046,2.6166357645514418
frame_31,0,127,2,1,False,False,True,3.569982,False,False,[],[     0.4236   -0.067057     0.90336],-1.0,-1.0,-1.0,-1.0,0.15888427465281063,33.5,,,1.6045949035908753
frame_32,0,255,1,1,False,False,True,3.330944,True,True,[],[   -0.24145   -0.014063     0.97031],-0.6694546971564976,6.0929764996898985,0.3586636583473708,0.1027708493404324,0.11119402435230433,33.5,23.222915065956762,69.32213452524407,2.5103135179828953
frame_32,0,127,2,1,False,False,True,3.9238634,True,False,[],,-23.443934837960796,-7.0770268242656025,-1.0,0.2922190211835396,0.2873642189882402,33.5,4.278097881646042,12.77044143774938,1.7705765562596114
frame_33,0,255,1,1,False,False,True,4.027373,False,False,[],[   0.070179     0.15894     0.98479],-1.0,-1.0,-1.0,-1.0,0.6370435969694945,33.5,,,2.519661469893022
frame_33,0,127,2,1,False,False,True,4.8374906,True,False,[],,-31.363961189203142,4.94418614798279,-1.0,0.2946019541999459,0.29657007947686176,33.5,4.039804580005413,12.059118149269889,1.7902245053677737
frame_34,0,255,1,1,False,False,True,4.2777333,True,True,[],[    0.92562   -0.088773    -0.36789],-21.379260277297025,-5.681203295234679,0.2136718039120521,0.21378755238865543,0.21039440049472852,33.5,12.12124476113446,36.18282018249092,2.5395732994515994
frame_34,0,127,2,1,False,False,True,4.7815614,True,True,[],[    0.27651    -0.08656      0.9571],-31.835728831488296,-3.70088639925092,1.6985368853810137,0.30808298811947155,0.29907429157182064,33.5,2.691701188052847,8.034928919560738,1.790814836576185
frame_35,0,255,1,1,False,False,True,4.353457,True,True,[],[  -0.075216     0.20932     0.97495],77.43553857309325,105.46917073618147,0.4020087650953088,0.3976251325007931,0.3933646001733442,33.5,6.26251325007931,18.69406940322182,2.5260613730719856
frame_35,0,127,2,1,False,False,True,3.2788315,False,False,[],[    0.44575   -0.090208      0.8906],-1.0,-1.0,-1.0,-1.0,0.2961729547317369,33.5,,,1.7368433224864122
frame_36,0,255,1,1,False,False,True,4.4644465,True,True,[],[    0.72015   -0.045203    -0.69234],-43.92392820538246,-3.72146888288717,0.23350927650231812,0.2335280630176768,0.23735766807242212,33.5,10.147193698232321,30.290130442484543,2.5222474074258057
frame_36,0,127,2,1,False,False,True,3.5703032,False,False,[],,-1.0,-1.0,-1.0,-1.0,0.41426164226543083,33.5,,,1.7597871606657542
frame_37,0,255,1,1,False,False,True,4.290923,True,True,[],[    0.77378   -0.014621    -0.63329],-35.59189639752285,-0.889697762865784,0.2326167132427026,0.20754747533034457,0.22354671432153211,33.5,12.745252466965546,38.04552975213596,2.556775720258204
frame_37,0,127,2,1,False,False,True,4.7166333,True,True,[],[   -0.69139   -0.048035     0.72088],-41.66751269025994,4.432892196580418,0.28355817911357495,0.27813766146369656,0.2834713590461049,33.5,5.686233853630346,16.973832398896555,1.856162411816671
frame_38,0,255,1,1,False,False,True,3.704289,True,True,[],[    0.16111     0.14119     0.97678],83.30879560552133,52.85538998287848,0.6517259127850838,0.5992015227438521,0.6250980958757677,33.5,26.420152274385206,78.86612619219464,2.695444939071185
frame_38,0,127,2,1,False,False,True,2.7327569,False,False,[],,-1.0,-1.0,-1.0,-1.0,0.40838098682148655,33.5,,,1.7936353810316275
frame_39,0,255,1,1,False,False,True,4.1139684,True,False,[],,-10.547575299724313,-0.25360371687838223,-1.0,0.2085771171455555,0.2101389214555383,33.5,12.642288285444453,37.73817398640135,2.545882708276806
frame_39,0,127,2,1,False,False,True,2.3139992,True,False,[],,-14.813589545577154,-21.740993627975538,-1.0,0.27888182220260227,0.3514542178810336,33.5,5.611817779739775,16.75169486489485,1.810158939654346
frame_40,0,255,2,1,False,False,True,3.4293437,False,False,[],,-1.0,-1.0,-1.0,-1.0,0.28249149088304026,33.5,,,1.8691711188288824
frame_41,0,255,3,1,False,False,True,4.555322,True,True,[],[    0.71143    0.071885     0.69907],43.78499208446702,5.81109302102388,0.3581101736655121,0.34301135509907543,0.34248590736175,33.5,0.8011355099075412,2.391449283306093,2.5553916814891693
frame_41,0,127,2,1,False,False,True,3.6721842,True,True,[],[    0.38234   -0.068908     0.92145],78.8227933556145,-44.70357186149333,1.4565696103747046,0.4437101068173286,0.45058850482611723,33.5,10.871010681732857,32.45077815442644,1.9489229048672396
frame_42,0,255,3,1,False,False,True,4.741487,True,True,[],[    0.87851     0.01843     0.47737],28.988494643710474,0.6122346204289159,0.24325650160142365,0.24337309085360803,0.23792169499061258,33.5,9.1626909146392,27.35131616310209,2.5991998710463533
frame_42,0,127,2,1,False,False,True,3.5116441,True,True,[],[    0.22378    -0.10731     0.96871],-29.75535388642472,14.112925462215077,0.8976767663067333,0.28439805417391717,0.31687106138484666,33.5,5.060194582608285,15.105058455547121,1.911357929297856
frame_43,0,255,3,1,False,False,True,4.5986447,True,True,[],[    0.34951    0.096255     0.93197],57.98970312384945,9.524203837860854,0.7383004039419174,0.6370035587341176,0.6385208756259702,33.5,30.20035587341176,90.15031604003511,2.6356051435657575
frame_43,0,127,2,1,False,False,True,3.8776302,True,False,[],,-17.24477202328218,7.844738246247117,-1.0,0.29049044309331074,0.285595403959604,33.5,4.450955690668929,13.28643489751919,1.8844319032465084
frame_44,0,255,3,1,False,False,True,3.5813754,True,True,[],[    0.20832    0.087447     0.97414],75.2089727698561,22.11336229484738,0.7179200581244127,0.719154583066274,0.7301280027018433,33.5,38.4154583066274,114.67300987052955,2.8023249435086623
frame_44,0,127,2,1,False,False,True,2.908177,False,False,[],,-1.0,-1.0,-1.0,-1.0,0.3357686617946728,33.5,,,1.8294205650638469
frame_45,0,255,3,1,False,False,True,3.3045142,False,False,[],,-1.0,-1.0,-1.0,-1.0,0.41462140950111825,33.5,,,2.7017319317786925
frame_45,0,127,2,1,False,False,True,2.362455,True,False,[],,6.48608376985839,-21.355454748703917,-1.0,0.3136319146886295,0.3365203722092993,33.5,2.136808531137052,6.378532928767319,1.8307844242919677
frame_46,0,255,3,1,False,False,True,2.364646,True,True,[],[   -0.55203    -0.19129     0.81159],55.53692223870619,-161.4657726803046,0.28688710505643633,0.2871575700322817,0.2862982619692589,33.5,4.784242996771831,14.281322378423377,2.6935519239956274
frame_46,0,127,2,1,False,False,True,2.7027192,False,False,[],,-1.0,-1.0,-1.0,-1.0,0.3267730362434636,33.5,,,1.8270156380619218
frame_47,0,255,3,1,False,False,True,1.7416048,True,True,[],[    0.71593     0.47756    -0.50929],-26.7640355687342,34.50548205222749,0.279991749339507,0.21963952579176194,0.22546979526693,33.5,11.536047420823808,34.43596245022032,2.69309972197853
frame_47,0,127,2,1,False,False,True,3.7821147,True,False,[],,7.173956907122746,-7.165793149564115,-1.0,0.2838059195958481,0.26037753762095894,33.5,5.119408040415191,15.281815046015495,1.8693165984070093
frame_48,0,255,3,1,False,False,True,1.4975184,True,True,[],[    0.68372      0.5146     -0.5174],-31.10167844803149,37.04745415437711,0.20813864452583009,0.1994885791836064,0.2156600871575107,33.5,13.55114208163936,40.451170392953316,2.6827873516576894
frame_48,0,127,2,1,False,False,True,3.80997,True,False,[],,4.3707992057072635,-6.586863325320114,-1.0,0.24050276423911043,0.2341076858263812,33.5,9.449723576088958,28.208130077877485,1.867049955765211
frame_49,0,255,2,1,False,False,True,4.1862445,True,False,[],,-1.700372701819893,-11.35744233885619,-1.0,0.21334532961640307,0.18462578330793467,33.5,12.165467038359695,36.314826980178196,1.8755097221267425
frame_50,0,255,3,1,False,False,True,2.3567753,True,True,[],[   -0.17294   -0.011168     0.98487],78.68053215086451,-176.2476677676595,0.3690259954879358,0.36952382583323873,0.40335079398686713,33.5,3.452382583323871,10.305619651713048,2.730716859614169
frame_50,0,127,2,1,False,False,True,3.1633904,False,False,[],[    0.51229   -0.099002     0.85308],-1.0,-1.0,-1.0,-1.0,0.35256185040215504,33.5,,,1.8450519577958262
frame_51,0,255,2,1,False,False,True,3.5803895,False,False,[],[    0.54113   -0.083319      0.8368],-1.0,-1.0,-1.0,-1.0,0.25992747864572896,33.5,,,1.8814190158644106
frame_52,0,255,3,1,False,False,True,2.431292,False,False,[],,-1.0,-1.0,-1.0,-1.0,0.4063807201057484,33.5,,,2.6945712456937696
frame_52,0,127,2,1,False,False,True,3.559255,False,False,[],,-1.0,-1.0,-1.0,-1.0,0.42712836194449855,33.5,,,2.0137082076174257
frame_53,0,255,3,1,False,False,True,2.4906032,True,True,[],[   -0.24341    -0.02243     0.96966],73.25775342897272,-173.6176610946082,0.46579382849135564,0.33014085968988915,0.3293684134776462,33.5,0.48591403101108654,1.4504896448092137,2.7605526462628527
frame_53,0,127,2,1,False,False,True,4.605608,False,False,[],[    0.37857   -0.028312     0.92514],-1.0,-1.0,-1.0,-1.0,0.8162666306944013,33.5,,,1.9543186367794116
frame_54,0,255,3,1,False,False,True,3.012254,True,True,[],[    0.46399     0.17452     0.86848],54.615162917040976,20.55196603054799,0.6227362204187066,0.31876063043811964,0.3150687284634698,33.5,1.623936956188038,4.847573003546382,2.7401575001135265
frame_54,0,127,2,1,False,False,True,4.531701,False,False,[],[    0.66714   -0.069937     0.74165],-1.0,-1.0,-1.0,-1.0,0.5201865392531673,33.5,,,1.9040081119508507
frame_55,0,255,3,1,False,False,True,3.462952,True,True,[],[    0.26237    0.089831     0.96078],75.6396755362323,18.371246189107787,0.6196673271172881,0.6050369905814796,0.6098656916479437,33.5,27.003699058147962,80.60805688999392,2.831674261963798
frame_55,0,127,2,1,False,False,True,3.6419723,True,True,[],[    0.48205    -0.08958     0.87155],28.8913665680696,-10.08894754616999,1.4006837624780142,0.29525609731283864,0.2939604045823764,33.5,3.974390268716138,11.863851548406382,1.873714304227046
frame_56,0,255,3,1,False,False,True,3.5906425,True,True,[],[     0.4408     0.19561     0.87603],58.25114413645082,22.194610420992376,0.40948458561607426,0.4091110572186456,0.4686337746626479,33.5,7.411105721864558,22.12270364735689,2.714402630295552
frame_56,0,127,2,1,False,False,True,3.018179,True,True,[],[    0.68904     -0.1242       0.714],31.641837369435418,-15.599152570270045,1.0411171525945357,0.2901222118824236,0.2939929332150125,33.5,4.487778811757642,13.39635466196311,1.8228419278969608
frame_57,0,255,3,1,False,False,True,3.6688461,True,True,[],[    0.99011     0.12273   -0.067953],-2.956615982903061,6.668131941226619,0.20879733333386521,0.2091085675998585,0.2112130429939498,33.5,12.589143240014153,37.579532059743734,2.657071471943403
frame_57,0,127,2,1,False,False,True,2.9253721,False,False,[],[    0.53095   -0.078468     0.84376],-1.0,-1.0,-1.0,-1.0,0.36507106534484246,33.5,,,1.8662011978014528
frame_58,0,255,3,1,False,False,True,4.1655974,True,True,[],[     0.8331    0.074055     0.54815],8.912829462849384,3.6774690799972327,0.426458814873101,0.21183175775645313,0.2051786965328064,33.5,12.316824224354688,36.766639475685636,2.6419882460053583
frame_58,0,127,2,1,False,False,True,3.1438856,True,False,[],,22.95460220503841,-12.45131920841353,-1.0,0.28959023311419907,0.2827759862968302,33.5,4.540976688580095,13.55515429426894,1.8838907096998372
frame_59,0,255,3,1,False,False,True,4.406618,True,True,[],[    0.99524    0.038501    0.089493],0.9727620377439586,3.2386735873825825,0.23686919263061101,0.20560188653021466,0.2010825736334757,33.5,12.939811346978535,38.62630252829414,2.6559814225445995
frame_59,0,127,2,1,False,False,True,2.6972587,True,True,[],[    0.46001   -0.064245     0.88558],63.257414361646404,-5.178744426311639,1.9533142097361236,0.8362444730862482,0.8360100395182399,33.5,50.12444730862482,149.62521584664125,1.861324926550384
frame_60,0,255,2,1,False,False,True,3.461564,False,False,[],[    0.62851   -0.032611     0.77712],-1.0,-1.0,-1.0,-1.0,0.5450441969903135,33.5,,,1.8920317852244997
frame_61,0,255,2,1,False,False,True,4.235619,True,True,[],[    0.44316   -0.035411     0.89574],70.65419214372007,-10.858176588285819,1.3947041910639522,1.3692693330203918,1.253254849871288,33.5,103.42693330203917,308.73711433444527,2.0036040570914553
frame_62,0,255,2,1,False,False,True,4.7193813,True,True,[],[    0.40164   -0.051269     0.91436],14.161880585612602,-2.8218265806276883,1.1622129928346219,0.30946881277883476,0.30846102875503717,33.5,2.553118722116526,7.62124991676575,1.9143311589728784
frame_63,0,255,2,1,False,False,True,3.6422076,False,False,[],,-1.0,-1.0,-1.0,-1.0,0.43270735872084654,33.5,,,1.871515224208531
frame_64,0,255,2,1,False,False,True,4.6327567,True,True,[],[    0.39872    0.021238     0.91683],-13.587745499262498,-1.6255576453593579,1.4065820394703588,0.2924025101881167,0.29689414430430994,33.5,4.2597489811883325,12.715668600562186,1.9570537461211297
frame_65,0,255,2,1,False,False,True,5.391179,True,True,[],[    0.99994    0.009815   0.0052973],-12.665022876654026,0.7098241510425056,0.4946109984130105,0.29234115578236103,0.28780862832637655,33.5,4.265884421763899,12.733983348548952,1.9834641951997325
frame_66,0,255,2,1,False,False,True,4.8339343,True,True,[],[    0.61416   -0.051408      0.7875],45.43504769026434,-4.02600099750409,1.7910140110713633,0.7584787499475145,0.7679147787378743,33.5,42.34787499475145,126.41156714851178,1.8990430382627939
frame_67,0,255,6,1,False,False,True,3.388758,True,True,[],[   0.052315    0.046165     0.99756],86.5396414897711,51.4248745770414,0.41848586957357803,0.4165749251306541,0.43379160930179633,33.5,8.157492513065407,24.350723919598227,2.8470332825277733
frame_67,0,127,2,1,False,False,True,4.55346,True,True,[],[    0.66841   -0.046451     0.74234],33.79847714513385,-3.5015899969910462,1.4327803306706672,0.42773315938625833,0.530324599760083,33.5,9.273315938625831,27.68154011530099,1.9479872643368916
frame_68,0,255,6,1,False,False,True,3.9915051,True,True,[],[    0.49403     0.13657     0.85865],52.61031879124659,17.11824575308932,0.5283040386343325,0.3566887687894824,0.4156545066981352,33.5,2.1688768789482396,6.474259340143999,2.7918571374126686
frame_68,0,127,2,1,False,False,True,4.2459974,False,False,[],,-1.0,-1.0,-1.0,-1.0,0.40683776851821696,33.5,,,1.9816601658084505
frame_69,0,255,6,1,False,False,True,3.9788394,True,True,[],[    0.37125     0.12508     0.92007],65.92958273796728,17.28824411147739,0.619720739201127,0.62140968232324,0.61802691591912,33.5,28.640968232324,85.49542755917612,2.9398559479979993
frame_69,0,127,2,1,False,False,True,3.7874684,False,False,[],,-1.0,-1.0,-1.0,-1.0,0.2390379608439199,33.5,,,1.9230619802645275
frame_70,0,255,6,1,False,False,True,3.4841013,True,True,[],[    0.17595    0.051654     0.98304],79.85533289576395,16.624011221446313,0.5041186190011566,0.5029571067157161,0.5147960208217951,33.5,16.795710671571612,50.1364497658854,2.974948012285667
frame_70,0,127,2,1,False,False,True,3.5527933,True,True,[],[    0.57362    -0.10983     0.81172],22.512168588453612,-6.718915324184486,1.3292274948192522,0.30641794035514214,0.3080827992597127,33.5,2.858205964485788,8.531958102942651,1.9730114153215101
frame_71,0,255,6,1,False,False,True,3.1973855,True,True,[],[    0.15812    0.056021     0.98583],81.61992095058876,21.997846801038303,0.5558209773056859,0.5173312002993131,0.5161410916008992,33.5,18.23312002993131,54.42722396994421,2.839402472229311
frame_71,0,127,2,1,False,False,True,3.666249,False,False,[],,-1.0,-1.0,-1.0,-1.0,0.487799906809965,33.5,,,1.9561695344986454
frame_72,0,255,6,1,False,False,True,2.628771,True,True,[],[    0.94726     0.26137    -0.18542],-6.333269013157951,16.495559115250288,0.20753125225272917,0.21003691309003975,0.2061770294658869,33.5,12.496308690996027,37.302414002973215,2.8135687597866714
frame_72,0,127,2,1,False,False,True,2.905627,True,True,[],[    0.53251   -0.075543     0.84304],49.665210369333394,-10.928769065010737,1.441801030684297,1.332763906225227,0.34586140932393517,33.5,99.7763906225227,297.83997200753043,1.964913967671325
frame_73,0,255,6,1,False,False,True,3.2132163,True,True,[],[    0.69942    0.096721     0.70813],42.84177510202915,8.346547094877042,0.409296200758845,0.40685717432904456,0.4651826872625262,33.5,7.185717432904454,21.449902784789415,2.7721770944646154
frame_73,0,127,2,1,False,False,True,2.919121,False,False,[],[    0.58535    -0.08874     0.80591],-1.0,-1.0,-1.0,-1.0,0.5221980706804552,33.5,,,1.957547865100821
frame_74,0,255,6,1,False,False,True,3.886445,True,True,[],[    0.78125    0.079458     0.61914],37.62264586793958,5.498043532751781,0.23760964847474408,0.2323084538505753,0.26105609442801037,33.5,10.269154614942472,30.654192880425292,2.7131104195472036
frame_74,0,127,2,1,False,False,True,4.0742016,True,True,[],[    0.45633   -0.005462     0.88979],0.6927517088741628,-1.8730318849541978,1.3461855969459484,0.28929717046030523,0.2909769242742394,33.5,4.570282953969479,13.642635683490983,2.043191511847756
frame_75,0,255,6,1,False,False,True,4.100324,True,True,[],[    0.61337    0.084407     0.78527],48.6964235306999,5.380174930983262,0.3621685085281192,0.3223912977241783,0.32326229688739816,33.5,1.2608702275821726,3.763791724125888,2.753726277673295
frame_75,0,127,2,1,False,False,True,4.121969,True,False,[],,-16.007477367201137,6.8810953972161775,-1.0,0.2855151735229496,0.2813970059647162,33.5,4.948482647705044,14.771589993149384,2.0559704714276275
frame_76,0,255,2,1,False,False,True,3.5677617,False,False,[],[     0.5293   -0.034627     0.84773],-1.0,-1.0,-1.0,-1.0,0.4566312373134188,33.5,,,2.013405831423553
frame_77,0,255,2,1,False,False,True,3.8834646,True,True,[],[     0.5522   -0.034501       0.833],46.93611444364408,-2.7426981349861133,1.4910368543314485,0.5367814378247802,0.5876000485109094,33.5,20.178143782478013,60.23326502232243,2.0171077115169354
frame_78,0,255,6,1,False,False,True,3.5635982,False,False,[],,-1.0,-1.0,-1.0,-1.0,0.2413712582719883,33.5,,,2.7987756670360833
frame_78,0,127,2,1,False,False,True,4.5939627,True,False,[],,-6.495768952189563,3.2572604213079552,-1.0,0.2950840869446383,0.29401857585269053,33.5,3.991591305536174,11.915197926973653,2.0925121867924075
frame_79,0,255,2,1,False,False,True,3.35537,False,False,[],[    0.54244   -0.059856     0.83796],-1.0,-1.0,-1.0,-1.0,0.2723063285569627,33.5,,,1.9580636168519656
frame_80,0,255,2,1,False,False,True,2.970071,False,False,[],,-1.0,-1.0,-1.0,-1.0,0.2851515464409521,33.5,,,2.0343432541695767
frame_81,0,255,2,1,False,False,True,3.6953952,True,True,[],[    0.53552   -0.022107     0.84423],0.7785693627914924,-5.700897496507827,1.5726721573440259,0.3301561313536686,0.32755192787990006,33.5,0.4843868646331406,1.4459309392034048,2.0835650687187255
frame_82,0,255,2,1,False,False,True,3.3521955,False,False,[],[    0.74916    -0.12129     0.65119],-1.0,-1.0,-1.0,-1.0,0.3637405329567145,33.5,,,2.0371058628187706
frame_83,0,255,2,1,False,False,True,3.0030494,False,False,[],[    0.59212     -0.1136      0.7978],-1.0,-1.0,-1.0,-1.0,0.4457141946295258,33.5,,,2.0267537035431857
frame_84,0,255,2,1,False,False,True,3.7045429,False,False,[],[     0.5253   -0.026203     0.85052],-1.0,-1.0,-1.0,-1.0,0.4797711939002636,33.5,,,2.0785056332476035
frame_85,0,255,2,1,False,False,True,3.9939632,False,False,[],,-1.0,-1.0,-1.0,-1.0,0.5565446491713605,33.5,,,2.113694433859963
frame_86,0,255,2,1,False,False,True,2.9054189,True,True,[],[       0.71    -0.14712     0.68866],42.14952995615762,-11.867166855716414,0.6583102122590316,0.39466732739965105,0.43323325099411186,33.5,5.966732739965103,17.811142507358515,2.069143937922072
frame_87,0,255,2,1,False,False,True,3.3917117,False,False,[],[    0.52595   -0.007203     0.85049],-1.0,-1.0,-1.0,-1.0,0.5216779305754353,33.5,,,2.16305471405335
frame_88,0,255,2,1,False,False,True,4.122996,True,False,[],,1.077852223000806,-2.940956751879227,-1.0,0.31019903782853664,0.3486479675992906,33.5,2.480096217146338,7.403272289989069,2.1514400480561338
frame_89,0,255,2,1,False,False,True,4.1509647,True,True,[],[    0.54486  -0.0097787     0.83847],55.71173378195722,-1.2017168956035649,1.1312670885079172,0.7110100947216254,0.8713007033732885,33.5,37.60100947216253,112.24181931988815,2.1344263237484253
frame_90,0,255,2,1,False,False,True,4.3485246,True,True,[],[    0.99577   -0.078896    0.047081],-4.32865310403725,-4.431930419099742,0.5142730172106781,0.2865600828705819,0.2903405258711065,33.5,4.843991712941814,14.459676755050191,2.182094603605654
frame_91,0,255,2,1,False,False,True,3.3270993,True,True,[],[    0.70858   -0.092164     0.69958],38.33250080201272,-10.962675483432557,0.8183176219404209,0.34364962065323,0.3276654634870885,33.5,0.8649620653229995,2.5819763143970134,2.1221685095161873
frame_92,0,255,7,1,False,False,True,2.6211681,True,True,[],[    0.68639     0.22579     0.69129],42.00883706285538,16.988004401304842,0.37799649072120367,0.3139091545077264,0.3106446809676493,33.5,2.1090845492273633,6.295774773813025,3.0122199861680046
frame_92,0,127,2,1,False,False,True,3.9846427,False,False,[],,-1.0,-1.0,-1.0,-1.0,0.43102688704320335,33.5,,,2.222072894536117
frame_93,0,255,2,1,False,False,True,4.221135,True,True,[],[     0.9569    0.039567     -0.2877],-16.107466669180074,2.504672984599322,0.27522640192719044,0.2742018622853679,0.2697153393455672,33.5,6.07981377146321,18.148697825263316,2.216660026822771
frame_94,0,255,2,1,False,False,True,3.6132565,True,True,[],[    0.56893   -0.072138     0.81922],63.45851879339273,-3.9629224555909572,0.7596841704940307,0.43898038244673687,0.46256118991285555,33.5,10.398038244673685,31.038920133354285,2.088952447658728
frame_95,0,255,2,1,False,False,True,3.1307287,False,False,[],,-1.0,-1.0,-1.0,-1.0,0.43783693716031874,33.5,,,2.1125330162523817
frame_96,0,255,2,1,False,False,True,3.6342473,False,False,[],,-1.0,-1.0,-1.0,-1.0,0.5076278586478193,33.5,,,2.1843303693245684
frame_97,0,255,2,1,False,False,True,2.855282,True,False,[],,40.33093135647094,-20.622827667899596,-1.0,0.2673416512267279,0.25378148301219455,33.5,6.765834877327209,20.196522021872266,2.08075883991747
frame_98,0,255,2,1,False,False,True,2.916885,True,True,[],[     0.6612   -0.091559      0.7446],78.3558526860093,166.8661309835181,0.616274383294181,0.3331625085542116,0.32104826163181466,33.5,0.18374914457884306,0.5485049091905763,2.08710365040184
frame_99,0,255,2,1,False,False,True,3.8551438,True,False,[],,18.877835707920486,1.0442386352375843,-1.0,0.27152552967608146,0.2655546438250761,33.5,6.347447032391856,18.947603081766733,2.2231594448165213
frame_100,0,255,2,1,False,False,True,2.9367483,True,True,[],[    0.56559    -0.10086      0.8185],42.776388679181196,-14.527801899992037,1.2602591847292688,0.4524987115160808,0.41093903892987826,33.5,11.749871151608076,35.07424224360619,2.132139838569105
frame_101,0,255,2,1,False,False,True,2.9198616,False,False,[],[    0.71067    -0.11688     0.69375],-1.0,-1.0,-1.0,-1.0,0.39721645213658596,33.5,,,2.174295838029993
frame_102,0,255,2,1,False,False,True,3.629155,True,True,[],[     0.2531   -0.038041     0.96669],-3.810521461444258,4.526088439750564,1.0304252471462108,0.28895966873587764,0.2909884316679411,33.5,4.604033126412238,13.743382466902204,2.2523881686498166
frame_103,0,255,7,1,False,False,True,1.7533755,True,True,[],[    0.84842     0.46984     0.24379],-13.820564510200915,29.979140893110756,0.23447577112748097,0.18420776051900356,0.1930509341753362,33.5,15.079223948099646,45.01260880029745,3.0827149651682797
frame_103,0,127,2,1,False,False,True,3.6578224,True,True,[],[     0.6126   -0.024054     0.79003],21.213589289786906,-5.71006987643053,1.2097104411947899,0.36718248647915064,0.4415767707817235,33.5,3.218248647915062,9.606712381836006,2.221069597466119
frame_104,0,255,2,1,False,False,True,2.9290714,True,True,[],[    0.55212    -0.09651     0.82816],46.63755429259417,-14.695760983063751,1.2644909009626395,0.44125859856935,0.424427354510752,33.5,10.625859856935,31.71898464756716,2.1540109544631374
frame_105,0,255,2,1,False,False,True,3.9007423,False,False,[],[    0.41687    -0.01569     0.90883],-1.0,-1.0,-1.0,-1.0,0.6629325237104756,33.5,,,2.264825123017281
frame_106,0,255,7,0,False,False,True,1.9348271,True,True,[],[   -0.10922    0.020259     0.99381],83.05599199230181,173.3753097668354,0.19565985623540394,0.16854546861530917,0.169815693158623,33.5,16.645453138469087,49.68791981632563,3.0583501058620413
frame_106,0,127,2,1,False,False,True,4.678292,True,False,[],,-2.804855972836876,0.05806168548063047,-1.0,0.2909254847726902,0.2850273109245214,33.5,4.407451522730982,13.156571709644723,2.248052086645953
frame_107,0,255,7,1,False,False,True,1.463444,True,True,[],[    0.68733     0.48438    -0.54125],-29.359579428379842,33.673512673741186,0.1813684932152938,0.17908288529460648,0.17763461106142492,33.5,15.591711470539355,46.54242230011747,3.0993887408026333
frame_107,0,127,2,1,False,False,True,3.1952472,True,True,[],[     0.4759   -0.057354     0.87763],50.758296896482726,-13.162232086697724,1.3648794375263216,0.5367718942179995,0.49663200435234134,33.5,20.17718942179995,60.23041618447746,2.1185757864378494
frame_108,0,255,2,1,False,False,True,3.8938026,False,False,[],[    0.39303   0.0080518     0.91949],-1.0,-1.0,-1.0,-1.0,0.6337937207787395,33.5,,,2.2588670859968247
frame_109,0,255,7,0,False,False,True,2.1451237,True,True,[],[    0.88162     0.15148      -0.447],-26.551095037440486,9.749611415169488,0.13007364535771826,0.13007364535771826,0.0,33.5,20.492635464228176,61.17204616187515,3.177480705853166
frame_109,0,127,2,1,False,False,True,4.4609976,True,True,[],[    0.39615    0.028527     0.91774],17.078984440324064,-7.04893132160185,0.745620181413646,0.29228471457485505,0.2770075238760126,33.5,4.271528542514496,12.750831470192528,2.23026979802952
frame_110,0,255,2,1,False,False,True,2.69319,False,False,[],,-1.0,-1.0,-1.0,-1.0,0.4268868513715388,33.5,,,2.1681992895734647
frame_111,0,255,7,0,False,False,True,1.6918306,False,False,[],[    0.62346     0.44988     0.63946],-1.0,-1.0,-1.0,-1.0,0.11229233723187737,33.5,,,3.159100104550846
frame_111,0,127,2,1,False,False,True,3.5432467,True,False,[],,-4.526843796353583,-2.703116246209722,-1.0,0.29059482688886185,0.30462673798273476,33.5,4.440517311113817,13.255275555563633,2.2373608899816664
frame_112,0,255,7,0,False,False,True,1.7918755,True,False,[],,69.99339564573737,162.9708078805673,-1.0,0.132735094674024,0.14562708468861824,33.5,20.2264905325976,60.377583679395826,3.1412281658560195
frame_112,0,127,2,1,False,False,True,3.5041757,False,False,[],,-1.0,-1.0,-1.0,-1.0,0.279623528051599,33.5,,,2.2923926499204814
frame_113,0,255,7,0,False,False,True,1.7183119,True,True,[],[    0.80173     0.32673     0.50048],27.952747533353904,21.649096223034437,0.22447986932370867,0.22480033114254372,0.2216817799986187,33.5,11.01996688574563,32.895423539539195,3.1518886288699375
frame_113,0,127,2,1,False,False,True,3.5752184,True,True,[],[    0.62584    -0.10977     0.77219],44.70251045282784,-14.625626391187941,0.959926522755961,0.32475381531442693,0.3162973659442388,33.5,1.024618468557309,3.058562592708385,2.09756730448368
frame_114,0,255,2,1,False,False,True,2.5013955,True,False,[],,28.426914531301477,-20.328435583967604,-1.0,0.32676675051953663,0.32231024988695756,33.5,0.8233249480463389,2.4576864120786235,2.1374655076657523
frame_115,0,255,2,1,False,False,True,2.2798364,True,False,[],,29.849686826373286,-18.409259468197053,-1.0,0.42619911965610235,0.36429363031062595,33.5,9.119911965610234,27.223617807791744,2.135382105195473
frame_116,0,255,2,1,False,False,True,2.6787076,True,True,[],[    0.50779   -0.046391     0.86023],59.58824425717353,-5.467574113313599,1.3860404900335306,1.386278745116357,1.3915269079522923,33.5,105.1278745116357,313.8145507810021,2.1492347475977684
frame_117,0,255,2,1,False,False,True,2.6678438,True,False,[],,11.710815545635258,13.080412928712066,-1.0,0.32574309148930536,0.3112547833775759,33.5,0.9256908510694661,2.7632562718491527,2.2999191381188813
frame_118,0,255,7,0,False,False,True,1.8525438,False,False,[],,-1.0,-1.0,-1.0,-1.0,0.16742780772811494,33.5,,,3.1274918631011364
frame_118,0,127,2,1,False,False,True,2.5711775,False,False,[],,-1.0,-1.0,-1.0,-1.0,0.3065035455580372,33.5,,,2.3252443306693835
frame_119,0,255,7,0,False,False,True,1.6722993,False,False,[],[    0.24606     0.13343     0.96003],-1.0,-1.0,-1.0,-1.0,0.1391544733901537,33.5,,,3.149320349764468
frame_119,0,127,2,1,False,False,True,2.6736684,False,False,[],,-1.0,-1.0,-1.0,-1.0,0.3867431536262831,33.5,,,2.2995428806705416
frame_120,0,255,7,0,False,False,True,1.6566124,True,False,[],,13.555253564311363,17.958240869838782,-1.0,0.19539768475920738,0.23032368313696427,33.5,13.960231524079264,41.67233290769929,3.133519542551486
frame_120,0,127,2,1,False,False,True,2.5842366,False,False,[],,-1.0,-1.0,-1.0,-1.0,0.3877453462492786,33.5,,,2.3235188180418147
frame_121,0,255,7,1,False,False,True,2.3615127,True,True,[],[    0.71262     0.14707     0.68596],30.921748976908706,6.839028019630791,0.26175620554218293,0.2077350362712238,0.217270344147698,33.5,12.726496372877621,37.98954141157499,2.984430153377772
frame_121,0,127,2,1,False,False,True,2.1883316,False,False,[],,-1.0,-1.0,-1.0,-1.0,0.37235908312149063,33.5,,,2.3249748770870378
frame_122,0,255,2,1,False,False,True,2.6677127,False,False,[],,-1.0,-1.0,-1.0,-1.0,0.38499836057718495,33.5,,,2.311662146277519
frame_123,0,255,2,1,False,False,True,3.6254919,True,True,[],[    0.92305     0.11256    -0.36784],-21.313359229022456,6.857565481819798,0.28929030220762364,0.2875369412720654,0.34966131603604866,33.5,4.74630587279346,14.168077232219284,2.2565524552347336
frame_124,0,255,2,1,False,False,True,2.4097466,False,False,[],,-1.0,-1.0,-1.0,-1.0,0.4050367477732849,33.5,,,2.297150696901714
frame_125,0,255,7,1,False,False,True,1.1619866,True,False,[],,-36.14888083231884,51.83508175274042,-1.0,0.18451744399708603,0.1854320363474412,33.5,15.0482556002914,44.9201659710191,3.1149535061762883
frame_125,0,127,2,1,False,False,True,2.102886,False,False,[],,-1.0,-1.0,-1.0,-1.0,0.3082130624631324,33.5,,,2.2428905181058747
frame_126,0,255,2,1,False,False,True,2.03245,True,False,[],,5.713056646666254,20.38660497319231,-1.0,0.26305281657661816,0.3080128044739239,33.5,7.194718342338185,21.476771171158763,2.25043855114987
frame_127,0,255,2,1,False,False,True,2.2735443,False,False,[],,-1.0,-1.0,-1.0,-1.0,0.39192764978183525,33.5,,,2.2369068668370637
frame_128,0,255,2,1,False,False,True,2.4701076,True,True,[],[    0.19542   -0.052597     0.97931],73.79022991994934,-129.28826265637625,1.7643452799118378,0.5641795385961901,0.5615210542100402,33.5,22.917953859619004,68.41180256602688,2.327855296949061
frame_129,0,255,2,1,False,False,True,2.8796353,True,False,[],,55.8121841981236,-168.78764487367664,-1.0,0.323689833108467,0.3366744888175781,33.5,1.1310166891533024,3.3761692213531416,2.11985814056117
frame_130,0,255,2,1,False,False,True,2.3688562,True,True,[],[   -0.52138     0.17301      0.8356],53.91904037672451,163.28449120735064,0.31986458237403337,0.31951954378769276,0.33749066866440297,33.5,1.5480456212307259,4.621031705166346,2.0414147783495205
frame_131,0,255,10,0,False,False,True,2.2473965,False,False,[],[    0.31758     0.15666      0.9352],-1.0,-1.0,-1.0,-1.0,0.0,33.5,,,3.1740097101183906
frame_131,0,127,2,1,False,False,True,1.7410809,True,False,[],,-25.474756106499445,-31.913022368378467,-1.0,0.23263116446250975,0.23298254265137777,33.5,10.236883553749026,30.557861354474703,2.03997633255239
frame_132,0,255,10,0,False,False,True,2.1210852,True,True,[],[    0.84288     0.46024     0.27879],16.304345417163624,28.57289733750237,0.21986917449892207,0.2198431931806617,0.2537153952582115,33.5,11.515680681933832,34.375166214727855,3.1613005898522992
frame_132,0,127,2,1,False,False,True,1.2898933,True,True,[],[    0.70201      -0.624    -0.34322],-21.728513326780966,-42.09052380183084,0.25855131947645954,0.2587108348806362,0.256013567768286,33.5,7.628916511936384,22.772885110257864,2.0550344687241773
frame_133,0,255,10,0,False,False,True,2.0163753,True,False,[],,82.07294426251256,-141.4630193657357,-1.0,0.15943308892001706,0.15894486139826658,33.5,17.556691107998297,52.40803315820387,3.1269400330771386
frame_133,0,127,2,1,False,False,True,1.0430648,True,True,[],[   -0.64508     0.69186     0.32433],19.259536780871333,133.00333360096414,0.2793993757325107,0.27947641177409427,0.2711533249848126,33.5,5.552358822590575,16.574205440568882,2.0613988115570763
frame_134,0,255,10,0,False,False,True,1.8592242,True,True,[],[   -0.30849    -0.10889     0.94498],55.77485925506028,-163.56250374100725,0.15956069156835406,0.10889528830819062,0.0,33.5,22.61047116918094,67.49394378859982,3.173462448539315
frame_134,0,127,2,1,False,False,True,1.0725297,True,False,[],,20.77401945274452,131.70176665526213,-1.0,0.28125904579497235,0.28007244684662413,33.5,5.374095420502767,16.042075882097816,2.066668163217155
frame_135,0,255,10,1,False,False,True,1.680338,True,True,[],[    0.75919      0.4655    -0.45491],-25.747663270367628,31.89882915386806,0.2364563239244709,0.22127108554044828,0.24623200512371896,33.5,11.372891445955174,33.94892968941843,3.118059076329388
frame_135,0,127,2,1,False,False,True,1.0690267,True,True,[],[    0.31546    -0.19923     0.92779],14.497803946742376,134.9717863679251,1.1304817978153228,0.2678058584798042,0.2609808504858824,33.5,6.719414152019581,20.057952692595766,2.0568633761059325
frame_136,0,255,10,1,False,False,True,1.2407315,True,True,[],[    0.72014     0.67723    -0.15089],-24.521574254718196,49.12027405062662,0.2219881234089218,0.20921846265280164,0.20221407983724365,33.5,12.578153734719837,37.54672756632787,3.078550128112162
frame_136,0,127,2,1,False,False,True,1.0164762,True,False,[],,-16.868916362576865,-42.27963228750779,-1.0,0.2701500445781494,0.2683380376962119,33.5,6.484995542185063,19.358195648313618,2.05352159423184
frame_137,0,255,10,1,False,False,True,1.0096629,True,True,[],[    0.65173     0.73706     0.17888],19.24617770320452,47.80112439571987,0.23571126294893308,0.22159281523251662,0.2231542246385586,33.5,11.340718476748341,33.85289097536818,3.027768343327993
frame_137,0,127,2,1,False,False,True,1.0444155,True,True,[],[    0.26234    -0.15887     0.95181],-22.397300873208934,-42.875541408526146,1.2603408168964374,0.28610350701931275,0.30185725807646396,33.5,4.8896492980687265,14.595968053936497,2.0351410685745006
frame_138,0,255,10,1,False,False,True,1.1367705,True,True,[],[    0.64669      0.7451     0.16315],9.714790126458624,49.0338560197359,0.1992314178023762,0.1992788181485825,0.1964932117827266,33.5,13.572118185141752,40.51378562728881,3.005411302556797
frame_138,0,127,2,1,False,False,True,1.0076919,True,False,[],,23.65933614851749,134.90426811144113,-1.0,0.2828046857369699,0.3001078250821848,33.5,5.219531426303014,15.580690824785117,2.0137079061253766
frame_139,0,255,10,1,False,False,True,1.1271267,True,True,[],[    0.63976     0.71445    -0.28332],-12.83141143925533,47.29333953367322,0.20147740237847617,0.20052463463330505,0.20022029637653405,33.5,13.447536536669496,40.14190010946118,3.0008126497268677
frame_139,0,127,2,1,False,False,True,1.0498091,True,False,[],,18.996431094093293,132.9547646315533,-1.0,0.28344449010734735,0.28391304983811816,33.5,5.155550989265267,15.389704445567961,1.9902793593508632
frame_140,0,255,10,1,False,False,True,1.0015715,True,True,[],[     0.6947     0.65806     0.29042],12.00019092896984,41.271557155224684,0.23403180985815486,0.2317806355989822,0.2290522403463266,33.5,10.321936440101782,30.811750567468003,3.007412451461069
frame_140,0,127,2,1,False,False,True,1.0343769,True,False,[],,17.18663119073651,133.85074750912727,-1.0,0.2763597681499272,0.2760200017165547,33.5,5.864023185007284,17.504546820917266,1.9757403142593957
frame_141,0,255,2,1,False,False,True,1.0707192,True,False,[],,-8.984499367544197,-39.08924082440144,-1.0,0.2617313792864429,0.24152309876681355,33.5,7.326862071355711,21.87123006374839,1.9533662828532132
frame_142,0,255,2,1,False,False,True,1.4002584,True,True,[],[    0.23516   -0.070297     0.96941],-3.0906147628464034,-26.404427004823646,1.3721394837532528,0.2360714306838791,0.23068444530535637,33.5,9.892856931612092,29.530916213767437,1.9174527351539659
frame_143,0,255,2,0,False,False,True,2.1601925,True,True,[],[    0.28081    -0.10308     0.95421],6.647402024450379,-14.800301212962307,1.4325460170398117,0.25719737626301487,0.28908824850249215,33.5,7.780262373698515,23.22466380208512,1.867693968708553
frame_144,0,255,2,1,False,False,True,3.8528461,True,True,[],[    0.28771    -0.10192     0.95228],-11.347121194487128,-4.030852773641963,1.3953120734882019,0.2653656083842103,0.2594128674848297,33.5,6.963439161578972,20.786385556952155,1.9707449994348745
frame_145,0,255,2,1,False,False,True,3.446393,True,True,[],[    0.18501    -0.13447     0.97349],-26.5708592444332,15.361461306872775,1.2769584055879437,0.27381203695148276,0.2656618176036226,33.5,6.118796304851726,18.265063596572315,2.002948976998247
frame_146,0,255,2,1,False,False,True,3.4701767,True,True,[],[    0.29288   -0.073051     0.95336],8.77447277220344,5.76571219970933,1.287035322181827,0.28544492891323103,0.28005677552155483,33.5,4.9555071086768985,14.792558533363875,1.9667495996635806
frame_147,0,255,11,1,False,False,True,2.1199913,False,False,[],[    0.29869     0.18561     0.93613],-1.0,-1.0,-1.0,-1.0,0.18591424958331515,33.5,,,2.9624483016229446
frame_147,0,127,2,1,False,False,True,2.7922385,False,False,[],[    0.23005    -0.17194     0.95787],-1.0,-1.0,-1.0,-1.0,0.9139921584132948,33.5,,,1.9881471641237696
frame_148,0,255,11,1,False,False,True,2.737152,True,True,[],[    0.70257    0.055782     0.70943],27.030950656581215,-0.9243790967714681,0.28869510652639585,0.1724037623722816,0.17032514391155418,33.5,16.25962376277184,48.53619033663236,2.8471463268153223
frame_148,0,127,2,1,False,False,True,2.3684256,True,True,[],[    0.34472    -0.14454     0.92751],4.745640605666157,18.428876017039947,1.4120319583137972,0.27808471220766295,0.29149201596546,33.5,5.691528779233707,16.98963814696629,1.950794261555339
frame_149,0,255,11,1,False,False,True,2.8018017,True,True,[],[   -0.35833   0.0052201     0.93358],60.0719874460194,-179.10030282147844,0.33823281929251614,0.2467805014939053,0.24123606073448972,33.5,8.821949850609473,26.33417865853574,2.922827271256111
frame_149,0,127,2,1,False,False,True,1.4799942,True,True,[],[    0.44399   -0.035607     0.89532],22.298185072860612,26.114292238925266,1.3754399645813824,0.2728904348283486,0.24698273982709726,33.5,6.2109565171651395,18.54016870795564,1.9196583841661674
frame_150,0,255,11,1,False,False,True,3.2245245,True,False,[],,-7.38826204555743,-3.7157936304869006,-1.0,0.15882063527172835,0.16509325155140192,33.5,17.617936472827168,52.590855142767666,2.8895122154305377
frame_150,0,127,2,1,False,False,True,1.2195833,True,True,[],[    0.40451   -0.045434      0.9134],23.392822850682265,28.413947671421564,1.5490487312350942,0.2638500796605252,0.2664008288115274,33.5,7.114992033947481,21.238782190888003,1.845590785025265
frame_151,0,255,11,1,False,False,True,2.8469272,True,True,[],[    0.39442   -0.052464     0.91743],65.98500219056812,-7.5353970126646175,0.33162637889898994,0.33176591978166314,0.35308629134329816,33.5,0.32340802183368766,0.9653970801005601,2.6076943717438197
frame_151,0,127,2,1,False,False,True,1.9961207,True,True,[],[    0.20791    -0.25454     0.94445],-15.075482577197429,13.756390772525277,0.7233588304747236,0.2705216179223998,0.2743553271802885,33.5,6.447838207760021,19.247278232119463,1.7888324984525406
frame_152,0,255,11,1,False,False,True,2.8753943,True,True,[],[   0.016741     0.13505      0.9907],-10.137432575934705,-14.063833429657539,1.022786181209882,0.18923295409448784,0.18843628841394994,33.5,14.576704590551218,43.5125510165708,2.7140854925663978
frame_152,0,127,2,1,False,False,True,3.8325808,True,True,[],[    0.47314    -0.22578     0.85156],57.216168375167626,-26.170216217759837,1.594164480008107,0.9309289737861028,0.9295636996757117,33.5,59.59289737861029,177.88924590629938,1.7729320653406273
frame_153,0,255,11,1,False,False,True,2.4853122,True,True,[],[    0.58701    -0.11551      0.8013],29.802208013449395,-16.234567779717395,0.521163199334644,0.2284637964795626,0.22062964258682638,33.5,10.653620352043742,31.801851797145495,2.615737683801766
frame_153,0,127,2,1,False,False,True,4.9355774,False,False,[],[     0.5097    -0.22198     0.83122],-1.0,-1.0,-1.0,-1.0,0.3701813041793476,33.5,,,1.6609318818801488
frame_154,0,255,11,1,False,False,True,2.3348222,True,True,[],[    0.85911    -0.28872     0.42257],17.036287669668127,-16.823449689078736,0.23883868664359342,0.2155097292949606,0.24995620154040527,33.5,11.949027070503943,35.66873752389237,2.620396765489732
frame_154,0,127,2,1,False,False,True,5.392822,True,True,[],[    0.43652    -0.21334     0.87404],26.628561053408944,-13.327199945857444,0.9890102541712626,0.32258770104994716,0.32875112156838693,33.5,1.2412298950052858,3.7051638656874206,1.5088234566975915
frame_155,0,255,11,1,False,False,True,2.9827116,True,True,[],[    0.29829    0.033287     0.95389],17.7712300472539,-7.229460082870463,1.4371655164588204,0.20654063822985558,0.2260797123428776,33.5,12.845936177014444,38.346078140341625,2.7702789889441597
frame_155,0,127,2,1,False,False,True,4.6108007,True,True,[],[    0.25354    -0.26073     0.93152],4.549041480100938,4.43919932863429,0.6563174375076761,0.2529887904408017,0.24965639599337103,33.5,8.201120955919833,24.480958077372637,1.6291284155260566
frame_156,0,255,2,1,False,False,True,2.4121962,False,False,[],[    0.45653    -0.18083     0.87114],-1.0,-1.0,-1.0,-1.0,0.6704425077087106,33.5,,,1.6420704095517817
frame_157,0,255,2,1,False,False,True,2.4592655,True,True,[],[    0.39578     -0.2164     0.89249],62.80543948773219,-28.08337953426876,0.7990238294461651,0.8002108763850422,0.7946842866803656,33.5,46.52108763850421,138.86891832389315,1.6734331935970452
frame_158,0,255,2,1,False,False,True,2.5859885,True,True,[],[     0.2637    -0.31475     0.91181],-1.7587486629927132,12.873427374093223,0.7573102583747027,0.278846003826189,0.28099599436980355,33.5,5.615399617381101,16.762386917555524,1.5126499503363215
frame_159,0,255,-1,1,False,False,True,3.6470587,True,True,[],[   -0.38799   -0.079374     0.91824],-44.38492164504433,9.743853841891394,0.30777175056228767,0.30188744493693553,0.4036274663662611,33.5,3.3112555063064484,9.88434479494462,2.8698283980136314
frame_160,0,255,2,1,False,False,True,4.0707903,True,True,[],[    0.18202    -0.25079     0.95077],73.28761517907799,-60.22501636650738,0.5467131682052633,0.5243213865296799,0.5971516377728613,33.5,18.932138652967982,56.51384672527756,1.4619938665797616
frame_161,0,255,-1,1,False,False,True,4.133333,True,True,[],[  0.0077858   -0.016401     0.99984],71.05199625588257,-162.52510989618767,0.406910155252743,0.376280007333996,0.3696706078215793,33.5,4.128000733399601,12.322390248954033,2.6869942787934713
frame_162,0,255,2,1,False,False,True,3.6688044,True,True,[],[    0.37741    -0.26674      0.8868],-9.68998918550683,9.471848683594404,0.668958806687515,0.2668791916211665,0.26240965039205005,33.5,6.81208083788335,20.334569665323432,1.3468437827979611
frame_163,0,255,2,1,False,False,True,4.338291,False,False,[],,-1.0,-1.0,-1.0,-1.0,0.6067415482926852,33.5,,,1.3393607351747345
frame_164,0,255,19,1,False,False,True,1.2184412,True,True,[],[    0.82647     0.46215     0.32151],18.71629013247737,29.282084963120766,0.2548164591257549,0.24633474886814044,0.2592002463042457,33.5,8.866525113185958,26.46723914383868,2.4992538377585096
frame_164,0,127,2,1,False,False,True,3.863834,True,False,[],,-4.645168265105553,6.939962358745136,-1.0,0.2716512480782699,0.26924608312718723,33.5,6.334875192173012,18.910075200516456,1.2842101297355752
frame_165,0,255,19,1,False,False,True,1.1550599,True,True,[],[    0.80033     0.50878     0.31719],2.7841857529878173,37.09657518796265,0.4564333407746426,0.20839502782950975,0.21321098985419568,33.5,12.660497217049027,37.792529006116496,2.4763837189989797
frame_166,0,255,2,1,False,False,True,3.621666,True,False,[],,-8.607924998843036,9.039905395985066,-1.0,0.279003451139605,0.27390408377324094,33.5,5.5996548860395015,16.715387719520898,1.2108842732215033
frame_166,0,127,19,1,False,False,True,1.020715,True,False,[],,-1.3790609870687291,43.22834789962885,-1.0,0.19824148396828076,0.19692283931878557,33.5,13.675851603171926,40.823437621408736,2.4221559814981535
frame_167,0,255,2,1,False,False,True,4.4330072,True,False,[],,-11.13029623134467,6.137858298642683,-1.0,0.27850779655026536,0.27652779166726316,33.5,5.6492203449734655,16.86334431335363,1.1790617629694686
frame_167,0,127,19,1,False,False,True,1.4345617,False,False,[],,-1.0,-1.0,-1.0,-1.0,0.29222148078802934,33.5,,,2.457110565844496
frame_168,0,255,2,1,False,False,True,4.939128,True,False,[],,-14.591848873310395,5.1773560926739775,-1.0,0.2848440489271,0.28200022624557747,33.5,5.015595107289999,14.971925693402982,1.163136386392751
frame_168,0,127,19,1,False,False,True,2.0027177,True,True,[],[    0.40902   -0.056717     0.91076],49.53011935713107,1.9628447903647621,0.6891947079267302,0.3554871489941669,0.3783515281438035,33.5,2.0487148994166873,6.11556686393041,2.481486299138892
frame_169,0,255,19,1,False,False,True,1.4532686,True,True,[],[    0.83516     0.52276     0.17095],-0.9900623899961334,32.97777538365661,0.2426279525431605,0.17485321172314833,0.179481813055136,33.5,16.01467882768517,47.80501142592588,2.311886504220733
frame_170,0,255,20,1,False,False,True,5.1998496,True,False,[],,7.976406711648243,-5.400383934301256,-1.0,0.2621804906233828,0.23030589563707596,33.5,7.281950937661724,21.7371669780947,1.123140288717786
frame_170,0,127,19,1,False,False,True,1.0477885,True,False,[],,17.893880973145368,43.63116937424763,-1.0,0.21252545216684648,0.2204687732108974,33.5,12.247454783315353,36.559566517359265,2.2435797761423517
frame_171,0,255,20,1,False,False,True,5.1281123,True,True,[],[    0.29739     -0.2911      0.9093],-12.271224697947753,4.145287672214085,1.163642175657987,0.27833246136370965,0.27545367137040533,33.5,5.666753863629037,16.91568317501205,1.1334462491461232
frame_171,0,127,19,1,False,False,True,1.4155266,True,True,[],[    0.42482    0.067228     0.90278],12.008666885480238,46.98530939560937,2.101364472362655,0.17584648515430323,0.177664618102069,33.5,15.915351484569678,47.50851189423784,2.190973537308829
frame_172,0,255,20,1,False,False,True,4.2949176,True,False,[],,-5.550511982438712,6.6409748970011035,-1.0,0.2808980079314888,0.278532276628638,33.5,5.410199206851124,16.149848378660074,1.115306764801669
frame_172,0,127,19,1,False,False,True,1.72237,True,True,[],[    0.39218   -0.042989     0.91888],12.238598127329903,56.365708097970064,1.0144429644916628,0.18336311052696286,0.18270572328565193,33.5,15.163688947303717,45.26474312627975,2.1408364986493424
frame_173,0,255,20,1,False,False,True,3.7674348,True,True,[],[    0.38913    -0.28569     0.87576],-4.153354570770812,8.175769208452524,1.1676686492632335,0.28185017566391835,0.27626557242127425,33.5,5.314982433608168,15.865619204800502,1.1010308843806274
frame_173,0,127,19,1,False,False,True,2.0815637,True,True,[],[    0.43061    0.088515     0.89819],22.65954072470728,55.979284303686775,1.091294890944246,0.1920707242176689,0.1891932215788775,33.5,14.292927578233112,42.66545545741227,2.0890086611440357
frame_174,0,255,20,1,False,False,True,3.5227654,True,True,[],[    0.46642    -0.19958     0.86175],-6.908716049144065,8.412007954746977,1.519711986246708,0.27733210060878255,0.2713754918390898,33.5,5.766789939121747,17.214298325736557,1.0966079579062693
frame_174,0,127,19,1,False,False,True,2.42292,True,True,[],[    0.46822     0.71928     0.51322],17.867684858378663,59.20497807559288,0.2366996384713813,0.17756871770352134,0.17266807222002611,33.5,15.743128229647867,46.99441262581453,2.048037535402955
frame_175,0,255,20,1,False,False,True,3.8864965,True,True,[],[    0.47029    -0.21464     0.85601],-4.913086179823731,4.239225816141175,2.4550945441864513,0.28218265283144495,0.277340982008918,33.5,5.2817347168555075,15.766372289120916,1.0713802617618924
frame_175,0,127,19,1,False,False,True,3.2973623,True,True,[],[     0.3091     0.92749      0.2103],15.092708437905745,70.00676041406068,0.18385821285973403,0.1827705611060501,0.17980917068876667,33.5,15.22294388939499,45.44162355043281,2.0083668335703493
frame_176,0,255,20,1,False,False,True,4.400966,True,True,[],[    0.49404    -0.20247     0.84554],-7.569213261162678,-4.025957821241822,1.935464571180581,0.2779578194744742,0.2767464407154925,33.5,5.7042180525525845,17.027516574783835,1.0570708151870245
frame_176,0,127,19,1,False,False,True,3.0095675,True,True,[],[    0.36057    0.041462     0.93181],24.181041495164706,63.05838501644563,1.7789337258523916,0.18921881725359402,0.18695725169394234,33.5,14.5781182746406,43.51677096907642,1.9903277175840381
frame_177,0,255,20,1,False,False,True,3.6850514,True,True,[],[    0.54447    -0.27028     0.79404],-5.571084192671355,-11.557203346516978,1.7246195634783237,0.27845956171079633,0.3011807924595238,33.5,5.6540438289203685,16.877742772896625,1.0192763618970195
frame_177,0,127,19,1,False,False,True,2.436703,True,True,[],[    0.38895    0.025773      0.9209],21.544200745256852,55.07552948373713,1.1789869240479118,0.18089622758547452,0.18203279943189432,33.5,15.410377241452549,46.0011260938882,1.9790756928451945
frame_178,0,255,20,1,False,False,True,2.9929485,True,True,[],[    0.53859     -0.2895     0.79127],28.310868584920662,-20.550354105315403,1.4051665023977313,1.2890976776194414,0.27953444505440606,33.5,95.40976776194414,284.8052769013258,0.9978625972924208
frame_178,0,127,19,1,False,False,True,2.300937,True,True,[],[    0.50714     0.61491     0.60389],20.504800888683725,56.90832637476564,0.4369698239686628,0.1833717738622056,0.17807804965196475,33.5,15.162822613779442,45.26215705605804,1.9563853403651947
frame_179,0,255,20,1,False,False,True,2.7499902,True,True,[],[    0.54447     -0.2273     0.80739],-0.33863143640310084,-15.136736957823578,2.0146772399027544,0.28031672335088254,0.30858133698463697,33.5,5.468327664911748,16.32336616391567,0.9829726593281696
frame_179,0,127,19,1,False,False,True,3.0663388,True,True,[],[    0.33234     0.72237     0.60641],24.86263352822632,66.8628417395061,0.19627321820490584,0.1513222488699223,0.15176770445050763,33.5,18.367775113007774,54.82917944181425,1.9338561093241553
frame_180,0,255,20,1,False,False,True,2.7617226,True,False,[],,-0.1102426671539659,-15.733219164023852,-1.0,0.2789822129379563,0.27601231002262283,33.5,5.6017787062043745,16.72172748120709,0.9868316334121081
frame_180,0,127,19,1,False,False,True,4.496585,True,True,[],[    0.25976  0.00093611     0.96567],30.07200307055041,81.87645878665182,0.9553900035470964,0.17998896881442938,0.1768415424802919,33.5,15.501103118557063,46.271949607633026,1.9058322127272442
frame_181,0,255,20,1,False,False,True,2.6598597,True,False,[],,-3.740783356107595,-20.935646836064873,-1.0,0.3054097231617721,0.2752799077051425,33.5,2.9590276838227902,8.832918459172507,0.9710270541000969
frame_181,0,127,19,1,False,False,True,4.712919,True,True,[],[    0.20147      0.5039     0.83994],21.47083179873386,81.46498961230856,0.6915608046227846,0.16330027262158608,0.15823233047252944,33.5,17.169972737841395,51.25364996370566,1.9001415055059516
frame_182,0,255,20,1,False,False,True,2.4828928,True,False,[],,-8.549415088072243,-20.64688208611545,-1.0,0.2755128724654559,0.275424940025639,33.5,5.94871275345441,17.757351502848987,0.9715234161933642
frame_182,0,127,19,1,False,False,True,3.5574162,True,True,[],[    0.35593      0.7445     0.56483],20.88790610794403,65.80586047262737,0.18813848245170206,0.14382833277277884,0.14535154179638854,33.5,19.117166722722118,57.066169321558554,1.9034946713583325
frame_183,0,255,20,1,False,False,True,2.0635874,True,False,[],,-13.136286454716119,-26.19230547017384,-1.0,0.28345442744960625,0.2803471461268251,33.5,5.154557255039377,15.386738074744407,0.9667313657694887
frame_183,0,127,19,1,False,False,True,2.6518397,True,False,[],,21.022687364748375,58.422658177446664,-1.0,0.1709580020072724,0.1687400434025052,33.5,16.40419979927276,48.96776059484406,1.9104796100307155
frame_184,0,255,20,1,False,False,True,2.0297873,True,False,[],,-2.360423399619009,-25.016161603515386,-1.0,0.2539054595726698,0.24601585613810228,33.5,8.109454042733022,24.207325500695585,0.9517795380715716
frame_184,0,127,19,1,False,False,True,2.2320411,True,True,[],[    0.28028   -0.027745     0.95952],20.91371655594425,54.178773571786095,1.288030722128532,0.1805290019900272,0.17631062055701485,33.5,15.447099800997282,46.110745674618755,1.9140772649220057
frame_185,0,255,20,1,False,False,True,2.1842058,True,True,[],[    0.44599     -0.1601      0.8806],-13.01484289694981,-21.498030083022854,2.0486767974188487,0.2825436680315826,0.296838435922819,33.5,5.245633196841743,15.658606557736546,0.9446156914502182
frame_185,0,127,19,1,False,False,True,1.7990419,True,True,[],[    0.31239   -0.027024     0.94957],27.97700013477668,46.486195665301246,1.1391858437930116,0.18396901366066376,0.1813351942285965,33.5,15.103098633933627,45.08387651920486,1.915168781986943
frame_186,0,255,20,1,False,False,True,1.9580903,True,True,[],[    0.33091     -0.1042     0.93789],-8.936788748687912,-30.385897894061177,2.2929945142110872,0.2493658013723598,0.24160425024505683,33.5,8.563419862764022,25.562447351534395,0.9276912979798958
frame_186,0,127,19,1,False,False,True,1.4521531,True,True,[],[    0.23415    -0.12152     0.96458],16.827014531201726,42.41913975368288,0.941087178375831,0.19427960387128718,0.1921691850942276,33.5,14.072039612871285,42.006088396630695,1.9098472246507399
frame_187,0,255,20,1,True,False,True,1.6935465,,False,[],,,,,,,33.5,,,
frame_187,0,127,19,1,False,False,True,1.1999668,True,True,[],[    0.18398    -0.17341     0.96751],-0.22173678356655863,41.41098929309535,1.383821178368102,0.18681502355886895,0.1903917664060596,33.5,14.818497644113107,44.234321325710766,1.8810719980133905
frame_188,0,255,20,1,True,False,True,1.3845344,,False,[],,,,,,,33.5,,,
frame_188,0,127,19,1,False,False,True,1.0036231,True,True,[],[    0.15681    -0.16668     0.97346],-1.6436492677522214,36.728197764171306,1.1184301005652455,0.18864888634212706,0.19869385015611338,33.5,14.635111365787296,43.68689959936506,1.8799378625724628
frame_189,0,255,20,1,True,False,True,1.1502787,,False,[],,,,,,,33.5,,,
frame_189,0,127,19,1,False,False,True,1.150108,True,False,[],,0.24939065669317087,33.81418964719842,-1.0,0.1915094511017742,0.20338090368954576,33.5,14.349054889822582,42.83299967111219,1.8678788155209458
frame_190,0,255,20,1,True,False,True,1.0086784,,False,[],,,,,,,33.5,,,
frame_190,0,127,19,1,False,False,True,1.3415831,True,False,[],,-13.07704098283312,33.48750328310277,-1.0,0.19620433737968151,0.1801738833764419,33.5,13.879566262031851,41.43154108069209,1.8748383613185358
frame_191,0,255,20,1,True,False,True,1.0314378,,False,[],,,,,,,33.5,,,
frame_191,0,127,19,1,False,False,True,1.5867971,True,True,[],[    0.90396     0.41531     0.10186],4.990670949378962,25.05584208010639,0.24029714910235234,0.20332878334331694,0.225518593164385,33.5,13.167121665668308,39.30484079303972,1.8811696948884409
frame_192,0,255,20,1,True,False,True,1.0145477,,False,[],,,,,,,33.5,,,
frame_192,0,127,19,1,False,False,True,1.71668,True,True,[],[    0.89891     0.42181     0.11847],7.284269185704095,25.189643760377844,0.22774923010152426,0.22792856374478176,0.2678222256336592,33.5,10.707143625521825,31.961622762751716,1.8794202690454704
frame_193,0,255,20,1,True,False,True,1.1034127,,False,[],,,,,,,33.5,,,
frame_193,0,127,19,1,False,False,True,1.3986015,True,True,[],[    0.42711     0.10816     0.89771],8.729981010284506,35.41633482802065,0.9599197724113351,0.19568112407572336,0.19931027876282503,33.5,13.931887592427666,41.58772415650049,1.8318179843069493
frame_194,0,255,20,1,True,False,True,1.2333515,,False,[],,,,,,,33.5,,,
frame_194,0,127,19,1,False,False,True,1.0391842,True,True,[],[    0.63944     0.73603     0.22219],12.574434531867265,48.868258787811044,0.21227801893117249,0.21089339293646214,0.21318897974229734,33.5,12.410660706353788,37.04674837717549,1.7962773007168105
frame_195,0,255,19,1,False,False,True,1.392832,True,True,[],[    0.55475     0.82214     0.12784],7.204267121891205,55.967072185922625,0.2026817220158697,0.20271208782223382,0.20029419845203306,33.5,13.22879121777662,39.488929008288416,1.7761650695418887
frame_196,0,255,19,1,False,False,True,1.4703429,True,True,[],[    0.59763     0.79096     0.13126],7.420177310233022,52.855053145911455,0.2076814650269294,0.20769335176741743,0.20367023386413888,33.5,12.730664823258259,38.001984547039584,1.7655895128379535
frame_197,0,255,19,1,False,False,True,1.4047805,True,True,[],[    0.64377     0.72567     0.24283],14.00829507196361,48.41788053747877,0.23312396300806337,0.22717012090849664,0.2245754237707012,33.5,10.782987909150338,32.18802360940399,1.7439721000970467
frame_198,0,255,19,1,False,False,True,1.3617204,True,True,[],[    0.65066     0.74905     0.12475],6.918805890277161,48.99971324149325,0.22114867274340755,0.21926794219186174,0.21776232437625626,33.5,11.573205780813828,34.54688292780247,1.7246608544945945
frame_199,0,255,19,1,False,False,True,1.3950514,True,True,[],[    0.62649     0.75095     0.20877],10.50502950453666,50.64551639636257,0.3329079223882493,0.21685191304724805,0.2144133205105775,33.5,11.814808695275197,35.2680856575379,1.7111129060211667
frame_200,0,255,19,1,False,False,True,1.4374226,True,True,[],[    0.54627     0.42063     0.72433],5.071047109766911,51.81200995760754,0.9385784512733983,0.20585263557197375,0.20268867979274208,33.5,12.914736442802626,38.55145206806754,1.7022944183897597
frame_201,0,255,19,1,False,False,True,1.4480534,True,True,[],[    0.40893     0.19057     0.89245],5.2874990560829715,52.11795262388534,1.8758175420057612,0.21421238988417401,0.2130748964164048,33.5,12.0787610115826,36.05600301964955,1.6897859279926006
frame_202,0,255,19,1,False,False,True,1.5368345,True,True,[],[    0.42986     0.23176     0.87264],7.065010632262612,53.9304620331612,1.6396594855519124,0.21785106340139104,0.22153238122275792,33.5,11.714893659860898,34.969831820480294,1.6892076906324633
frame_203,0,255,19,1,False,False,True,1.6124549,True,True,[],[    0.43964     0.27804     0.85406],5.0675223650058525,56.0865051591023,1.636389083954191,0.21608776438439842,0.21271782588909566,33.5,11.89122356156016,35.496189736000474,1.677991924156289
frame_204,0,255,19,1,False,False,True,1.9098634,True,True,[],[    0.47382     0.87211     0.12215],6.028167918791676,61.76688970345072,0.2429745925193183,0.21208308110764562,0.20886822151221657,33.5,12.29169188923544,36.69161757980728,1.6666070009980882
frame_205,0,255,19,1,False,False,True,2.0523667,True,False,[],,5.416887351939828,62.305655807883205,-1.0,0.21688999290640698,0.21468786348995683,33.5,11.811000709359304,35.25671853540091,1.659345478318923
frame_206,0,255,19,1,False,False,True,1.5398502,True,False,[],,-4.006546264847241,54.12148307639357,-1.0,0.21270631754512775,0.20949184159164003,33.5,12.229368245487226,36.505576852200676,1.6605421825295235
frame_207,0,255,19,1,False,False,True,1.2595336,True,True,[],[     0.4983     0.28652     0.81829],-7.677321540960193,49.12443294523727,1.4657635359068673,0.22494060944805824,0.21937368076420038,33.5,11.005939055194178,32.85354941849008,1.6589354463068477
frame_208,0,255,19,1,False,False,True,1.1968489,True,False,[],,-8.65016300550104,50.40994265748777,-1.0,0.21989819298749125,0.21578407358022245,33.5,11.510180701250878,34.35874836194292,1.6505150180104724
frame_209,0,255,19,1,False,False,True,1.7446839,True,False,[],,5.203550910289005,66.4842355940898,-1.0,0.2151957202757987,0.2118208290391556,33.5,11.980427972420133,35.76247155946308,1.612694960411149
frame_210,0,255,19,1,False,False,True,2.6087146,True,True,[],[    0.38384     0.40841     0.82817],5.846207581921053,76.60972978351154,1.3656231711134081,0.21366588840478434,0.21436748332235217,33.5,12.133411159521568,36.219137789616624,1.584571655137731
frame_211,0,255,19,1,False,False,True,3.6916962,True,True,[],[    0.16431     0.97753     0.13205],7.236615533483364,80.30751734093198,0.20574396001691003,0.2050803968367519,0.20430862686089002,33.5,12.991960316324814,38.781971093506904,1.570010023870889
frame_212,0,255,-1,1,False,False,True,2.9333334,True,True,[],[    0.35217     0.87537     0.33123],19.333654756436847,67.9535783468756,0.2111053754602653,0.21118372653884587,0.22184272561651117,33.5,12.381627346115415,36.96008163019527,1.565131002664566
frame_213,0,255,-1,1,False,False,True,1.6071428,True,True,[],[    0.55874     0.64137     0.52579],25.96457434018339,48.55972326693476,0.21657880538983487,0.18617538542446033,0.1865932751129374,33.5,14.882461457553969,44.42525808225065,1.5535882856407943
frame_214,0,255,-1,1,False,False,True,1.0909091,True,True,[],[    0.71467     0.43633     0.54669],31.04613925822502,32.3536848204185,0.19841638814963702,0.18012826948832594,0.17852461604065595,33.5,15.487173051167408,46.230367316917636,1.5309613253478205
frame_215,0,255,-1,1,False,False,True,2.0,True,True,[],[    0.59464    0.092084      0.7987],52.75851547033444,8.523192144393509,0.22533243128265767,0.22444142752694018,0.22370147937604554,33.5,11.055857247305983,33.002558947182045,1.4964560167678933
frame_216,0,255,24,1,False,False,True,2.89969,True,True,[],[    0.69943    0.007959     0.71465],45.44792740505137,0.5373441969325226,0.2383717699188055,0.23853109616841905,0.23415705778798362,33.5,9.646890383158096,28.796687710919688,1.4803798766671747
frame_217,0,255,24,1,False,False,True,3.4456358,True,True,[],[    0.69328   -0.065696     0.71766],44.75299894386032,-5.156557387875679,0.29352252813505597,0.2922932464498238,0.2876860653745512,33.5,4.270675355017622,12.748284641843648,1.495226761691448
frame_218,0,255,24,1,False,False,True,4.1060553,True,True,[],[    0.77257    0.011661     0.63483],36.1389630832546,1.786284896143542,0.24427016678448155,0.23850854564945156,0.2420628976936942,33.5,9.649145435054846,28.803419209118946,1.4917401929496334
frame_219,0,255,24,1,False,False,True,3.8392735,True,True,[],[    0.89097     0.10432     0.44192],26.079844847977764,6.707845042203992,0.22430713590667928,0.22426687938410295,0.22314462859274783,33.5,11.073312061589707,33.05466287041703,1.4997136566095184
frame_220,0,255,24,1,False,False,True,3.1007843,True,True,[],[    0.90969     0.25785     0.32553],18.4929390358394,15.955114476853472,0.21851825436140138,0.21831863730559192,0.22225217206959266,33.5,11.66813626944081,34.83025752071883,1.5045395415382867
frame_221,0,255,24,1,False,False,True,2.212243,True,True,[],[    0.88917     0.45695    0.023931],4.62557236391301,26.399793702301245,0.20816763142792227,0.2109263584124317,0.20970158518434884,33.5,12.407364158756831,37.03690793658755,1.5168451312659443
frame_222,0,255,24,1,False,False,True,1.6135782,True,True,[],[    0.79091     0.60642   -0.081943],-4.325393322009667,37.923828718008984,0.20852576528450048,0.20404747269234866,0.20512512138229724,33.5,13.095252730765136,39.090306659000404,1.5380607041256937
frame_223,0,255,24,1,False,False,True,1.2256615,True,True,[],[    0.71271     0.69398    -0.10218],-5.6731420458327415,44.0139411003842,0.21203896434874078,0.21172419351023689,0.21291031074102468,33.5,12.327580648976314,36.79874820589944,1.5532517636364156
frame_224,0,255,24,1,False,False,True,1.0065006,True,False,[],,-7.399224791536642,47.44207392037114,-1.0,0.20988637629420964,0.21225798211202565,33.5,12.511362370579038,37.34735035993742,1.558607783223957
frame_225,0,255,24,1,False,False,True,1.1065867,True,True,[],[   -0.27652    -0.31653     0.90738],-13.807087018896148,45.69651935023816,0.9783504726262324,0.19306522257857697,0.19109815980483985,33.5,14.193477742142305,42.36859027505165,1.5632642536899366
frame_226,0,255,24,1,False,False,True,1.1704807,True,False,[],,-16.70541366219982,47.716203804381784,-1.0,0.1960343988420425,0.18749164960792442,33.5,13.896560115795753,41.48226900237538,1.5567487911522022
frame_227,0,255,24,1,False,False,True,1.2401636,True,True,[],[  -0.026983   0.0040542     0.99963],-17.372811049883776,50.088299214179166,1.3521745349147383,0.19302947906894907,0.1911200663092918,33.5,14.197052093105095,42.379259979418194,1.5544922148584512
frame_228,0,255,24,1,False,False,True,1.2226366,True,True,[],[   -0.10945   -0.049535     0.99276],-13.055026579578893,50.189048188624525,1.493014976280731,0.22463707692251106,0.21434699534117616,33.5,11.036292307748896,32.94415614253402,1.5587023109839746
frame_229,0,255,24,1,False,False,True,1.2293267,True,True,[],[  -0.084516   0.0050197     0.99641],-10.351546443804441,49.074743023659785,1.4130658264371678,0.2148011345714887,0.2108024563514317,33.5,12.019886542851133,35.880258336869055,1.566003421967353
frame_230,0,255,24,1,False,False,True,1.2793344,True,False,[],,-8.50938564351887,51.17352700475971,-1.0,0.20871400476222945,0.20670725208026014,33.5,12.628599523777057,37.697312011274796,1.5737666235725236
frame_231,0,255,24,1,False,False,True,1.3833774,True,False,[],,-0.2872813003569706,54.284806791531445,-1.0,0.21201224964720933,0.20738779411663308,33.5,12.29877503527907,36.71276129934051,1.5856826228072989
frame_232,0,255,24,1,False,False,True,1.4860376,True,False,[],,0.7323694332032112,54.27029700312697,-1.0,0.2097502195702328,0.20863967891458152,33.5,12.524978042976723,37.38799415813947,1.6032262607054277
frame_233,0,255,24,1,False,False,True,1.6939627,True,True,[],[  -0.008526     0.24289     0.97002],-2.223123197874184,58.69541011613546,1.5859124914653917,0.20366792088377214,0.19959449476273247,33.5,13.133207911622788,39.20360570633668,1.6071689258004878
frame_234,0,255,24,1,False,False,True,1.9536958,True,True,[],[     0.4469     0.88638    -0.12088],-7.016047036845125,63.197284853356166,0.21075306628155133,0.2102277747410324,0.2079546274120671,33.5,12.477222525896762,37.24544037581123,1.609918887446625
frame_235,0,255,24,1,False,False,True,2.0961936,True,True,[],[  -0.052422     0.24325     0.96855],-10.111637167968189,63.02362014278025,1.6202289116530595,0.21057820969263802,0.2074755775427603,33.5,12.4421790307362,37.14083292757075,1.61681610014243
frame_236,0,255,24,1,False,False,True,2.054306,True,True,[],[  -0.072856     0.19773     0.97755],-9.477480940172029,61.36112602601266,1.5002699657128784,0.20676536635597711,0.2044249356390468,33.5,12.82346336440229,38.27899511761878,1.6191524412732101
frame_237,0,255,24,1,False,False,True,2.0150664,True,False,[],,-6.3224513063151475,60.723451709053876,-1.0,0.20907821866242723,0.2050310146768256,33.5,12.592178133757278,37.58859144405158,1.6296713951079151
frame_238,0,255,24,1,False,False,True,1.8325176,True,True,[],[  -0.089368     0.23128     0.96877],-1.40273416330558,59.7716128147225,1.593581254848919,0.21106306249412243,0.2070596283425165,33.5,12.393693750587758,36.99610074802316,1.634303703742318
frame_239,0,255,24,1,False,False,True,1.9114281,True,True,[],[  -0.094092     0.25321     0.96283],-6.353544589935645,61.378106930879504,1.5654946651705979,0.20586864716506292,0.20362122572269545,33.5,12.913135283493709,38.546672488040926,1.6414161850551063
frame_240,0,255,24,1,False,False,True,2.4941719,True,True,[],[   -0.13716     0.23966     0.96112],-15.85982148020946,68.36394718321813,1.5367590274189122,0.2012471004801195,0.1995045305804639,33.5,13.375289951988051,39.926238662650896,1.6525679518181364
frame_241,0,255,24,1,False,False,True,3.3279715,True,True,[],[   -0.14677     0.25195     0.95655],-20.692924409677985,73.49049756500752,1.6039662966785928,0.1936528384568727,0.19212113380779072,33.5,14.134716154312732,42.19318255018727,1.665191153664916
frame_242,0,255,24,1,False,False,True,3.5999098,True,True,[],[   -0.15013     0.25055     0.95639],-21.818161694076853,74.47281562737236,1.5217234978956367,0.19387507043220836,0.19190072569101327,33.5,14.112492956779166,42.12684464710198,1.6726888815966168
frame_243,0,255,24,1,False,False,True,2.8521745,True,True,[],[   -0.14381      0.2427     0.95938],-24.917990406060696,66.39822332240007,1.4132037903931671,0.1782717787055607,0.1745832213814345,33.5,15.672822129443931,46.78454366998188,1.681626509091449
frame_244,0,255,24,1,False,False,True,2.2854445,True,True,[],[   -0.14747     0.21521     0.96537],-34.28805636146837,56.34546990283444,1.4758625922811,0.19316954844125733,0.19168004000404026,33.5,14.183045155874268,42.33744822649035,1.6958659320490763
frame_245,0,255,28,1,True,False,True,1.33333,,False,[],,,,,,,33.5,,,
frame_245,0,127,24,1,False,False,True,2.1768048,True,True,[],[   -0.14632     0.18746     0.97131],-30.86255380645508,58.318113458006955,1.5288617420282218,0.1980790438571527,0.19467197450083415,33.5,13.692095614284733,40.871927206820104,1.7153977143458832
frame_246,0,255,28,1,True,False,True,1.3235931,,False,[],,,,,,,33.5,,,
frame_246,0,127,24,1,False,False,True,2.238838,True,True,[],[   -0.13311      0.1994     0.97083],-25.709290832260983,60.67174763215792,1.4295453043748705,0.19265567914620652,0.19123582057038346,33.5,14.23443208537935,42.49084204590851,1.7325007144222195
frame_247,0,255,24,1,False,False,True,2.218867,True,True,[],[   -0.12294     0.24492     0.96172],-19.984604911192008,60.5141826774492,1.4947123499874377,0.1993058560822173,0.19542407356154992,33.5,13.569414391778272,40.5057146023232,1.738635588282273
frame_248,0,255,24,1,False,False,True,1.8593248,False,False,[],[   -0.15246      0.2024     0.96736],-1.0,-1.0,-1.0,-1.0,0.612250087256535,33.5,,,1.7590661447112625
frame_249,0,255,30,1,True,False,True,2.120384,,False,[],,,,,,,33.5,,,
frame_249,0,127,24,1,False,False,True,1.5119114,True,True,[],[   -0.11675     0.21413      0.9698],-27.10800906437832,46.349218430452716,1.426120608351035,0.19914199516411546,0.194622489247383,33.5,13.585800483588455,40.55462830921927,1.7629251436674747
frame_250,0,255,30,1,True,False,True,2.7337823,,False,[],,,,,,,33.5,,,
frame_250,0,127,24,1,False,False,True,1.4918144,True,True,[],[   -0.12904     0.21085     0.96896],-15.501741107359186,51.48612586119248,1.4685382774374085,0.2027320370965579,0.1991778379230401,33.5,13.226796290344211,39.48297400102749,1.7793256035585443
frame_251,0,255,30,1,True,False,True,3.6536765,,False,[],,,,,,,33.5,,,
frame_251,0,127,24,1,False,False,True,1.4787498,True,True,[],[   -0.18914    0.092638     0.97757],-8.383367329608935,51.028636918716714,1.1470474292560315,0.20467414421488178,0.19995160776962273,33.5,13.032585578511824,38.903240532871116,1.7919207763909109
frame_252,0,255,30,1,True,False,True,3.5204146,,False,[],,,,,,,33.5,,,
frame_252,0,127,24,1,False,False,True,1.4491565,True,True,[],[  -0.094888     0.22325     0.97013],-0.2594908352197875,54.625467648730975,1.4531728608866936,0.19876691293715865,0.19413583407387563,33.5,13.623308706284137,40.66659315308698,1.8007850097689504
frame_253,0,255,30,1,True,False,True,2.8556006,,False,[],,,,,,,33.5,,,
frame_253,0,127,24,1,False,False,True,1.5572568,True,True,[],[  -0.073688     0.22373     0.97186],-5.56367347725485,56.217297958814065,1.1162355688533734,0.20623793992330225,0.2008199555065205,33.5,12.876206007669778,38.43643584379038,1.821757606139015
frame_254,0,255,30,1,True,False,True,2.161946,,False,[],,,,,,,33.5,,,
frame_254,0,127,24,1,False,False,True,1.6444793,True,True,[],[ -0.0037366     0.33111     0.94358],-1.6620721123606972,58.82056974706806,1.0457888866910507,0.19699342544343168,0.19153688089228388,33.5,13.800657455656834,41.19599240494578,1.8354821010543019
frame_255,0,255,30,1,False,False,True,2.151826,True,True,[],[    0.63546    -0.22096     0.73984],-12.775662956494449,-21.670289860371582,1.6712155968210478,0.2874397970015605,0.2821081095516663,33.5,4.756020299843949,14.197075521922237,0.8864610619671729
frame_255,0,127,24,1,False,False,True,1.7249966,True,True,[],[   -0.10388     0.22611     0.96855],-5.407086889526661,56.34029896561339,1.125572948723348,0.19038965264303248,0.18538735182081062,33.5,14.461034735696753,43.167267867751505,1.8510951969289218
frame_256,0,255,30,1,False,False,True,2.1147466,True,True,[],[    0.55828    -0.20223     0.80463],-8.820683195746636,-21.932983959571644,2.544268860417834,0.28438095903468313,0.2809552987694288,33.5,5.061904096531689,15.110161482184145,0.9024443058785787
frame_256,0,127,24,1,False,False,True,1.4576718,True,True,[],[   -0.11807     0.20936     0.97068],-17.870205948534444,48.497209555289004,1.4062274292377697,0.2116545573454921,0.2096262048423158,33.5,12.334544265450791,36.81953512074863,1.8662267121522786
frame_257,0,255,30,1,False,False,True,2.0309446,True,True,[],[    0.91128    -0.40381   -0.080696],-4.7116233886158945,-23.91296943426258,0.28426018258599545,0.2842914617011883,0.28090203857992985,33.5,5.070853829881172,15.136877104122902,0.9129901834059302
frame_257,0,127,24,1,False,False,True,1.309984,True,True,[],[   -0.09474      0.2179     0.97136],-21.975609197151037,46.11041857253843,1.3656403932261434,0.20944336457164348,0.2062435761243524,33.5,12.555663542835655,37.47959266518106,1.876452445102487
frame_258,0,255,30,1,False,False,True,1.9155878,True,True,[],[    0.90388    -0.42753   -0.014894],-1.0255446269733655,-25.33732497671947,0.285561208288709,0.2851199143423811,0.28623708350651306,33.5,4.988008565761892,14.889577808244455,0.9196570419732518
frame_258,0,127,24,1,False,False,True,1.3175633,True,False,[],,-15.328664982688338,49.081284383078454,-1.0,0.2079663905134288,0.20425455016915617,33.5,12.703360948657123,37.9204804437526,1.8903682313802588
frame_259,0,255,30,1,False,False,True,1.771129,True,False,[],,-2.896594240040586,-28.770071703704854,-1.0,0.28852452121694866,0.28590009584807047,33.5,4.6475478783051365,13.87327724867205,0.9320213253849617
frame_259,0,127,24,1,False,False,True,1.3798279,True,True,[],[   -0.17537     0.12071     0.97707],-16.633406040866873,50.38853116316925,1.340128070269881,0.18742825827407883,0.185701483662857,33.5,14.75717417259212,44.05126618684215,1.8999111622571945
frame_260,0,255,30,1,False,False,True,2.0205352,True,True,[],[    0.56265     -0.1736     0.80826],-9.674293858875956,-20.99781628025299,2.7033916982863357,0.2893468800951273,0.28572130476182445,33.5,4.565311990487269,13.627796986529162,0.9415555207319755
frame_260,0,127,24,1,False,False,True,1.4319155,True,True,[],[  -0.036079     0.26969     0.96227],-7.406924806681947,53.55903462884977,1.2947679177016422,0.200821599696788,0.19996348682114867,33.5,13.417840030321202,40.053253821854334,1.9147491895699802
frame_261,0,255,30,1,False,False,True,2.9144633,False,False,[],[     0.4476   -0.081334     0.89053],-1.0,-1.0,-1.0,-1.0,0.27778166894307665,33.5,,,0.9472047804675721
frame_261,0,127,24,1,False,False,True,1.4340557,True,True,[],[  -0.073025     0.20387     0.97627],-15.224319249879152,51.250071598913735,1.2873540613286032,0.20247554583165783,0.19813059947696027,33.5,13.252445416834219,39.559538557714085,1.9250522687613407
frame_262,0,255,30,1,False,False,True,3.7449996,True,True,[],[    0.52873    -0.12859     0.83899],2.4201820277581736,-6.783571050730119,2.549789293124504,0.23979819106465966,0.23473939389103557,33.5,9.520180893534036,28.418450428459806,0.932036562852608
frame_262,0,127,24,1,False,False,True,1.4844394,True,True,[],[   -0.19463    0.029674     0.98043],-17.154197867725117,50.20851061479678,1.2583882860193192,0.2203318625644139,0.21239722012300633,33.5,11.466813743558612,34.229294756891385,1.9418477703983656
frame_263,0,255,30,1,False,False,True,4.51634,True,True,[],[    0.52382    -0.12898     0.84201],-13.490326349727777,-5.316408547276949,2.6353195388649957,0.2886549545940488,0.28357440613233653,33.5,4.634504540595125,13.834341912224254,0.9540164630396791
frame_263,0,127,24,1,False,False,True,1.5195575,True,True,[],[  -0.096053     0.18211     0.97857],-15.262648126645749,52.39444184449988,1.1636225950505328,0.20760212160685332,0.2046152617170144,33.5,12.73978783931467,38.02921743079006,1.9457683071728151
frame_264,0,255,30,1,False,False,True,4.9846063,True,True,[],[    0.52301    -0.12456     0.84317],-6.562693738069658,-5.3998461332551395,2.6022719645716865,0.28979698750895755,0.2752741630827116,33.5,4.520301249104247,13.493436564490292,0.9546551548524599
frame_264,0,127,24,1,False,False,True,1.4026287,True,True,[],[   -0.15737     0.11598     0.98071],-22.07023871458625,46.47887699526199,1.2556171615691232,0.19569390229199057,0.1912235758076325,33.5,13.930609770800945,41.583909763584906,1.9626784686781127
frame_265,0,255,30,1,False,False,True,4.4927382,True,True,[],[    0.49932    -0.11446     0.85883],-15.488923743439063,-5.700000639233351,2.74380395550323,0.282389830936958,0.2808951324453047,33.5,5.2610169063042,15.70452807852,0.9601556249697136
frame_265,0,127,24,1,False,False,True,1.3356779,True,True,[],[  -0.049935     0.23749     0.97011],-15.377237930264013,49.32246195223263,1.1882017144578323,0.20245064541697422,0.19888756126796514,33.5,13.25493545830258,39.56697151732113,1.962064652420728
frame_266,0,255,30,1,False,False,True,5.4980555,True,True,[],[    0.49072   -0.080129     0.86763],64.0612540548356,-7.066457805007518,2.651693328901782,1.7502191770834032,2.008947815834262,33.5,141.52191770834034,422.45348569653834,0.9932844619430936
frame_266,0,127,24,1,False,False,True,1.4558848,True,True,[],[  -0.055484      0.2454     0.96783],-7.964552629791606,53.225912930454975,1.2866339508285622,0.20724933473516455,0.20341414085425624,33.5,12.775066526483547,38.13452694472701,1.9680030701899318
frame_267,0,255,30,1,False,False,True,4.5698357,True,True,[],[    0.35996     -0.1337     0.92334],-24.072245656058875,11.413829240896659,2.258887556992377,0.2870439583010109,0.2787742164914928,33.5,4.795604169898909,14.315236328056447,1.0161033727473496
frame_267,0,127,24,1,False,False,True,1.5490211,True,True,[],[   -0.10696      0.1437     0.98382],-13.393851298861458,52.871667012713644,1.2463103476674111,0.20456803257637163,0.2009442945413012,33.5,13.04319674236284,38.934915648844296,1.975100345171614
frame_268,0,255,30,1,False,False,True,4.282917,True,True,[],[    0.42054   -0.098654      0.9019],-29.637263148721495,13.6757096844061,2.6310873808089403,0.24370685784421647,0.20476650952714637,33.5,9.129314215578354,27.251684225607026,1.027963461922951
frame_268,0,127,24,1,False,False,True,1.6113074,True,True,[],[  -0.023284     0.27837     0.96019],-9.496802375001892,56.067967673691825,1.139339148587577,0.195028171732002,0.1948499609765057,33.5,13.997182826799804,41.782635303880014,1.9771059090548222
frame_269,0,255,30,1,False,False,True,3.7467883,True,True,[],[  -0.031016    -0.21323     0.97651],-39.87158204204246,23.366349853838127,1.2863764272138034,0.23429854215300178,0.22895574142007502,33.5,10.070145784699825,30.060136670745745,1.0593674446181192
frame_269,0,127,24,1,False,False,True,1.7543219,True,True,[],[  -0.047989     0.25369     0.96609],-8.011926036215105,58.542826106030624,1.2196373040504631,0.19697082123980175,0.19271737474721842,33.5,13.802917876019826,41.202739928417394,1.9865686967528078
frame_270,0,255,30,1,False,False,True,2.7579663,True,True,[],[    0.10249    -0.18888     0.97664],52.96524506060687,-142.7949087115462,1.978099203439885,0.2543563779043869,0.25092479341313556,33.5,8.06436220956131,24.07272301361585,1.1075562363949374
frame_270,0,127,24,1,False,False,True,1.6534523,True,True,[],[  -0.049938     0.22792      0.9724],-19.638131610375407,53.13565704297535,1.2496506645857652,0.21532609023744287,0.21086413324651143,33.5,11.967390976255714,35.72355515300213,1.9857134593160528
frame_271,0,255,30,1,False,False,True,1.9630381,True,True,[],[   -0.33715    -0.37536     0.86338],55.03507411093195,-136.11902710923275,0.49851577067256625,0.25389372866174353,0.25278033411854867,33.5,8.110627133825648,24.210827265151188,1.1508732113043467
frame_271,0,127,24,1,False,False,True,1.5150883,True,True,[],[   -0.11397     0.11987     0.98623],-17.32376897024376,51.474201203002494,1.2678651504913752,0.18585639964586664,0.18366950785425817,33.5,14.914360035413338,44.52047771765176,1.9817005024477041
frame_272,0,255,30,1,False,False,True,1.3220369,True,True,[],[   -0.16853     -0.2946     0.94064],48.52901301708632,-138.98653562534938,1.2097941914752695,0.282310635206409,0.27331355501399535,33.5,5.2689364793591045,15.728168595101804,1.1965874995346866
frame_272,0,127,24,1,False,False,True,1.4875256,True,True,[],[  -0.055052     0.20032     0.97818],-17.701652550831696,52.33532533626623,1.2227876632232693,0.21511298997854272,0.2033963319036148,33.5,11.98870100214573,35.78716717058427,1.991642417454296
frame_273,0,255,30,1,False,False,True,1.3616651,True,True,[],[   -0.36357    -0.31802      0.8756],48.29126605231636,-145.5447833419128,0.5665802099712193,0.26378817133245425,0.26191647626820147,33.5,7.121182866754578,21.257262288819632,1.2484275014211947
frame_273,0,127,24,1,False,False,True,1.4500976,True,True,[],[    -0.0553     0.21735     0.97452],-14.726743384275618,51.82918055839711,1.234916872987283,0.19699872173793337,0.19299250962233844,33.5,13.800127826206666,41.194411421512434,2.008485680297891
frame_274,0,255,30,1,False,False,True,1.6482574,True,True,[],[   -0.47439    -0.30089     0.82729],50.291441286091946,-149.9547869607961,0.35898055907687654,0.25967064414570074,0.25643165027682296,33.5,7.532935585429929,22.486374881880383,1.2870440519372328
frame_274,0,127,24,1,False,False,True,1.4936105,True,True,[],[    0.60325     0.77255    -0.19814],-11.400618252690654,52.128146827475916,0.2003658356770513,0.20060755827836926,0.19480520622847708,33.5,13.439244172163075,40.11714678257635,2.0115700223392112
frame_275,0,255,30,1,False,False,True,2.1104143,True,True,[],[   -0.44762    -0.22771     0.86475],49.785646673713515,-156.79341233169228,0.5192329668656395,0.2720767533009919,0.26332411861091637,33.5,6.292324669900812,18.783058716121825,1.3142345273055327
frame_275,0,127,24,1,False,False,True,1.5859544,True,True,[],[ -0.0074213     0.23141     0.97283],-17.268519855118683,54.352809744723075,0.7424447559508631,0.20603492890447483,0.19697735336307676,33.5,12.896507109552518,38.49703614791796,2.0191501610206837
frame_276,0,255,30,1,False,False,True,2.8784404,True,True,[],[  -0.061529   -0.064596     0.99601],46.010459916409985,-171.64023778019308,1.7452730654250357,0.2586508233816178,0.2705205227599433,33.5,7.6349176618382195,22.79079899056185,1.3159939684478306
frame_276,0,127,24,1,False,False,True,1.7683225,True,True,[],[   -0.01506     0.27839     0.96035],-7.257378596629995,59.76625778068539,1.1932917556894869,0.20058803536023964,0.20100333352893823,33.5,13.441196463976038,40.12297451933146,2.025232859085061
frame_277,0,255,30,1,False,False,True,3.0410025,True,True,[],[   -0.17094   -0.026581     0.98492],-35.84912828718179,-5.240095588215388,1.2393527731245144,0.21355548511375166,0.1910586689071102,33.5,12.144451488624835,36.25209399589503,1.323066564874371
frame_277,0,127,24,1,False,False,True,1.8403031,True,True,[],[   -0.16354    0.015152     0.98642],-21.904426392037102,55.696948740770054,1.1540347362168881,0.20487500796117408,0.19486543515061866,33.5,13.012499203882594,38.84328120561968,2.026109654643191
frame_278,0,255,30,1,False,False,True,2.6310701,True,True,[],[   -0.20835   -0.010902     0.97799],-34.477474157434266,-14.05254655130005,1.5571757188929878,0.21920133086023696,0.20022443515053884,33.5,11.579866913976305,34.56676690739195,1.350434770605924
frame_278,0,127,24,1,False,False,True,1.7418535,True,False,[],,-23.822025373163708,54.995589437586176,-1.0,0.19324466266489804,0.18751102181604562,33.5,14.175533733510198,42.3150260701797,2.018677131174928
frame_279,0,255,30,1,False,False,True,2.1849072,True,True,[],[   -0.19429  0.00010001     0.98094],-32.62385471649791,-21.017799847972583,1.7266170046168186,0.22156833889301064,0.21613449491287198,33.5,11.343166110698938,33.86019734536996,1.3712170039477711
frame_279,0,127,24,1,False,False,True,1.6380978,True,True,[],[  -0.093977     0.16213     0.98228],-24.767448611396073,54.25762762042123,1.2002805384253952,0.20241607356131408,0.1999484598774579,33.5,13.258392643868595,39.57729147423461,2.0243733932041845
frame_280,0,255,30,1,False,False,True,1.7335534,True,True,[],[   -0.13698  -0.0090656     0.99053],-31.733656614497065,-28.061343247102922,2.165479950611067,0.23579457381442837,0.22380929427508728,33.5,9.920542618557166,29.613560055394522,1.3930284427543345
frame_280,0,127,24,1,False,False,True,1.4663022,True,False,[],,-13.267199238996813,49.72144716490781,-1.0,0.1839470169150259,0.1842229156636083,33.5,15.105298308497412,45.090442711932575,2.039277703189001
frame_281,0,255,30,1,False,False,True,1.7903796,True,True,[],[   -0.22499    0.023233     0.97408],-30.192462978151692,-21.270463005300442,1.801157318504815,0.2179364002997587,0.21735903724876426,33.5,11.706359970024133,34.94435811947502,1.4048437327618584
frame_281,0,127,24,1,False,False,True,1.4668412,True,True,[],[    0.61098     0.76993    -0.18416],-10.482220476928507,50.94330292737859,0.1903529996812036,0.1840260357416305,0.18492144430463098,33.5,15.097396425836951,45.066855002498365,2.0513005016734764
frame_282,0,255,30,1,False,False,True,1.631125,True,True,[],[   -0.59433     0.21695     0.77441],-27.76433609691472,-25.037294519387043,0.701689986701892,0.21142417630215815,0.20595976070947786,33.5,12.357582369784186,36.88830558144533,1.4196819182284763
frame_282,0,127,24,1,False,False,True,1.723903,True,False,[],,-7.89741768078224,60.99362785051919,-1.0,0.19702242588755836,0.19388821656969285,33.5,13.797757411244167,41.187335555952735,2.046544928124497
frame_283,0,255,30,1,False,False,True,1.6997222,True,True,[],[   -0.18569   -0.031791     0.98209],-26.116138955527987,-20.702382229363838,1.7582453886039864,0.2157746811918133,0.21026033659733812,33.5,11.92253188081867,35.58964740542887,1.4289989709979676
frame_283,0,127,24,1,False,False,True,2.0288496,True,True,[],[  -0.045914     0.21307     0.97596],-19.32848652958362,62.857757438018915,1.0369713686036217,0.19833739753297103,0.19852970992546004,33.5,13.6662602467029,40.79480670657582,2.0662241558695946
frame_284,0,255,30,1,False,False,True,1.9121734,True,True,[],[   -0.51438    0.086251     0.85321],-35.42208960901091,-15.420039473391427,0.9525394068305924,0.24182501720934824,0.24134859059042568,33.5,9.317498279065179,27.813427698702025,1.4427548075013206
frame_284,0,127,24,1,False,False,True,2.1515956,True,True,[],[  -0.042399     0.22214     0.97409],-15.786983157008748,62.485745747511785,1.0684828833634135,0.20413590987897745,0.20152337485469157,33.5,13.086409012102257,39.0639074988127,2.0670993620763998
frame_285,0,255,30,1,False,False,True,1.9173428,True,True,[],[    0.69455    -0.20465    -0.68972],-30.3975553682026,-20.364712122004374,0.28933450783479264,0.22417079297071696,0.20348075057291864,33.5,11.082920702928305,33.08334538187554,1.445926878397043
frame_285,0,127,24,1,False,False,True,1.8989693,True,True,[],[  -0.083508     0.19161     0.97791],-23.351557401387062,55.150135860912435,1.1714448924308818,0.1999373829810579,0.1887496689736642,33.5,13.506261701894212,40.31719911013198,2.0728615686226797
frame_286,0,255,30,1,False,False,True,2.0093071,True,True,[],[   -0.39611     0.02834     0.91777],-32.591239836784055,-16.685792474447336,1.6548577046298094,0.22927002491927695,0.21234893833196736,33.5,10.572997508072307,31.561186591260615,1.4585813086874344
frame_286,0,127,24,1,False,False,True,1.5837846,True,True,[],[  -0.063273     0.22707     0.97182],-19.794524970695004,49.1050298396927,1.141135494931342,0.17856488499333073,0.1750339652141379,33.5,15.643511500666929,46.69704925572217,2.092964068312473
frame_287,0,255,30,1,False,False,True,2.1171634,True,True,[],[   -0.66669     0.15385     0.72928],-28.44440605374113,-16.594230392704223,0.2985873720817924,0.19441383952177516,0.17901545119905984,33.5,14.058616047822486,41.96601805320145,1.463638153754736
frame_287,0,127,24,1,False,False,True,1.0319897,True,True,[],[  -0.057688     0.17854     0.98224],-37.89344793617745,25.946985151968974,0.9848476892737561,0.1619662273820932,0.16134736445144998,33.5,17.303377261790683,51.651872423255774,2.1314747185542666
frame_288,0,255,30,1,False,False,True,2.0076044,True,True,[],[   -0.64895     0.16603      0.7425],-25.850101020309456,-18.33545539075148,0.8677229399332156,0.19763403732304619,0.18879686913409865,33.5,13.736596267695383,41.004764978195176,1.4727082962843867
frame_288,0,127,24,1,False,False,True,1.938494,True,True,[],[   -0.26346     0.17469     0.94872],44.78525388635652,170.25313160396757,0.9991616746393963,0.17948440298945156,0.18168163757115652,33.5,15.551559701054845,46.42256627180551,2.0485052842021174
frame_289,0,255,30,1,False,False,True,1.9287288,True,True,[],[    -0.3122  -0.0052885        0.95],-25.540097414962084,-20.49802663791627,1.6254492622666825,0.1962339495748583,0.17247122552038302,33.5,13.876605042514173,41.4227016194453,1.4837152031893996
frame_289,0,127,24,1,False,False,True,1.172217,True,True,[],[     0.5992    -0.56983    -0.56236],-33.56663168150803,-43.491184717401005,0.2369789209583708,0.2122742515749927,0.2086256875165441,33.5,12.272574842500733,36.6345517686589,2.050286497531077
frame_290,0,255,30,1,False,False,True,1.7701242,True,True,[],[   -0.44175     0.10585     0.89087],-31.809775153807127,-22.24993902350227,1.241554564085865,0.22787796961791817,0.2173106535083,33.5,10.712203038208184,31.976725487188606,1.501864059423721
frame_290,0,127,24,1,False,False,True,1.0210986,True,False,[],,25.61333796010582,133.9741172181304,-1.0,0.20410216421917093,0.2029945497328628,33.5,13.089783578082908,39.07398083009823,2.0268477339010973
frame_291,0,255,30,1,False,False,True,1.6026789,True,True,[],[   -0.48798     0.10503     0.86651],-35.904609134400445,-22.06522369052461,0.9790175126675138,0.26733203639388825,0.24886926438895624,33.5,6.766796360611177,20.199392121227394,1.5229524226002042
frame_292,0,255,30,1,False,False,True,1.5091952,True,True,[],[   -0.56549     0.22656     0.79303],-29.594165269747705,-27.176824503317327,0.7592376516586274,0.21198336977296206,0.20851192527523135,33.5,12.301663022703796,36.72138215732476,1.5250983404227847
frame_293,0,255,30,1,False,False,True,1.4185853,True,True,[],[   -0.43163    0.097446     0.89677],-32.346822947388254,-27.92025506341204,1.3666368240381808,0.2264451342584608,0.22180021475291822,33.5,10.855486574153922,32.404437534787824,1.5414988246895152
frame_294,0,255,30,1,False,False,True,1.5122876,True,True,[],[   -0.53668     0.16266     0.82796],-28.234752351247803,-24.42357080846939,1.1571124247271927,0.21549554874907206,0.20835930478020023,33.5,11.950445125092795,35.67297052266506,1.5421473205562282
frame_295,0,255,33,1,False,False,True,1.8698103,True,True,[],[    -0.2156     0.15624      0.9639],-25.41168520345751,-26.082610448587378,1.2895016396470245,0.22804092691454958,0.2907926613299301,33.5,10.695907308545044,31.92808151804491,1.8254213840337519
frame_295,0,127,30,1,False,False,True,1.039189,True,True,[],[   -0.62705     0.41905     0.65666],-35.67910989867114,-35.43130465239438,0.3209656933507823,0.2921103917616028,0.28788476268397867,33.5,4.288960823839721,12.802868130864839,1.5666608224392828
frame_296,0,255,33,1,False,False,True,1.380149,True,True,[],[    0.65299    -0.54266    -0.52832],-32.1017696661178,-39.61323225470162,0.2250251045417525,0.22052450458615114,0.23295660734682652,33.5,11.447549541384888,34.171789675775784,1.7953585632708895
frame_296,0,127,30,1,False,False,True,1.1707674,True,True,[],[   -0.58757     0.48237     0.64968],-32.37747661479587,-42.72095418113141,0.2874072223505575,0.288274269546934,0.3018252484234608,33.5,4.672573045306599,13.947979239721192,1.563687672517268
frame_297,0,255,33,1,False,False,True,1.0273474,True,True,[],[   -0.55352     0.72817     0.40421],23.853685963663917,127.33882403050842,0.2172862323996308,0.21409565327055957,0.2140575007735092,33.5,12.090434672944046,36.09084976998223,1.7699921221177175
frame_297,0,127,30,1,False,False,True,1.1734565,True,True,[],[    0.64268    -0.50135    -0.57932],-34.94709823590138,-37.95687480067358,0.29605654592457165,0.2960201479627187,0.30431962219426556,33.5,3.8979852037281324,11.635776727546663,1.5698557154783208
frame_298,0,255,33,1,False,False,True,1.3698466,True,True,[],[   -0.39475     0.79094     0.46753],27.605201690318736,116.40324594415281,0.1981357588074515,0.1982855555573828,0.1960512703151832,33.5,13.671444444261722,40.81028192316932,1.7367907362950672
frame_298,0,127,30,1,False,False,True,1.2231476,True,True,[],[   -0.59533     0.42301     0.68311],-35.75546745353949,-38.76786519145967,0.29372305326861303,0.2979543175721191,0.3016592323509753,33.5,3.704568242788092,11.05841266503908,1.5842650507024663
frame_299,0,255,33,1,False,False,True,1.6513522,True,False,[],,33.077886306392145,114.62443697389995,-1.0,0.21992444804608013,0.21624419974484643,33.5,11.507555195391989,34.350911031020864,1.7110624245877535
frame_299,0,127,30,1,False,False,True,1.3177824,True,True,[],[    -0.3933     0.12885     0.91034],-33.478158434980585,-40.68163808238227,1.4041695161716825,0.2825173893341183,0.2834018042273313,33.5,5.248261066588173,15.66645094503932,1.5732329037802735
frame_300,0,255,33,1,False,False,True,1.5505663,True,True,[],[  -0.053817     0.31842     0.94642],42.7837498941779,116.24693667780979,1.0456407072569007,0.22744242525955138,0.2222033133260158,33.5,10.755757474044863,32.10673872849213,1.671568974149463
frame_300,0,127,30,1,False,False,True,1.3316362,True,True,[],[    0.62896    -0.54186     -0.5575],-33.471507609879076,-40.82723791153172,0.29709330099454623,0.2971387429319057,0.30389222067656574,33.5,3.7861257068094343,11.3018677815207,1.5674283899950254
frame_301,0,255,33,1,False,False,True,1.4580485,True,True,[],[   -0.29925     0.58349     0.75498],48.60870213713968,117.20955739519539,0.21165997771933687,0.2115197395650582,0.20905438258560474,33.5,12.348026043494182,36.85977923431099,1.6280278233295316
frame_301,0,127,30,1,False,False,True,1.0120581,True,True,[],[   -0.59643     0.22057     0.77177],-33.4890934357536,-28.98758615348377,0.7590583993157658,0.2845637702326196,0.2815769204146482,33.5,5.043622976738043,15.055590975337443,1.553738403951885
frame_302,0,255,33,1,False,False,True,1.4818605,True,True,[],[   -0.14649     0.42021     0.89553],46.101605559332825,115.712396345238,0.6880939361870806,0.2049971084445864,0.2024600924405937,33.5,13.000289155541362,38.806833300123465,1.5888560634955233
frame_302,0,127,30,1,False,False,True,1.6068382,True,True,[],[   -0.55714    0.066676     0.82774],-30.161463577617656,-11.726034740730022,1.0227580254542934,0.21747309595920106,0.21642468329050554,33.5,11.752690404079896,35.08265792262655,1.5446352599418327
frame_303,0,255,33,1,False,False,True,1.623321,True,True,[],[   -0.19416     0.59643     0.77882],42.01282104497401,110.78824759881614,0.2907177997049387,0.21839038594733495,0.21259224847163613,33.5,11.660961405266507,34.80884001572092,1.548877926752529
frame_303,0,127,30,1,False,False,True,1.7262331,True,True,[],[    0.72069    -0.17656     -0.6704],-41.87541313273633,-13.63418913451092,0.29658970088146086,0.2966840009160763,0.3002087291188036,33.5,3.8315999083923744,11.437611666842908,1.5631923939115437
frame_304,0,255,33,1,False,False,True,1.6592689,True,True,[],[   0.070829     0.23022     0.97056],41.19357109245789,109.8672237842565,1.2758536895108503,0.2206676552189466,0.2153045425688679,33.5,11.433234478105343,34.12905814359804,1.52179917250456
frame_304,0,127,30,1,False,False,True,1.7564583,True,True,[],[   -0.67557     0.15065     0.72174],-38.15937192266304,-15.130101881394705,0.6951522846569864,0.3178301972577233,0.3095415312831803,33.5,1.7169802742276696,5.12531425142588,1.5617802470338111
frame_305,0,255,33,1,False,False,True,1.5531483,True,True,[],[    0.20958      0.0583     0.97605],41.37227122545417,112.04577409741658,1.5698916177169528,0.22246687729808112,0.21706463636805473,33.5,11.25331227019189,33.591976925945936,1.4872926493953256
frame_305,0,127,30,1,False,False,True,1.9543262,True,True,[],[   -0.42068  -0.0088445     0.90717],-38.333692765445115,-10.862236236664272,1.3666844315553206,0.299062190202837,0.30869169553773956,33.5,3.5937809797163043,10.727704417063595,1.5654046102197023
frame_306,0,255,33,1,False,False,True,1.4200121,True,True,[],[   -0.29744      0.6695     0.68066],41.3883862060723,114.4299271766279,0.21771627959298756,0.21735923367887333,0.21097796340125802,33.5,11.764076632112669,35.11664666302289,1.4496764156716002
frame_306,0,127,30,1,False,False,True,2.2663505,True,True,[],[   -0.61607    0.055229     0.78575],-20.279869465882985,-10.245898558423034,1.0476821203403777,0.22209498408762174,0.21040390753117322,33.5,11.290501591237827,33.70298982459053,1.5492875506087507
frame_307,0,255,33,1,False,False,True,1.2753844,True,False,[],,35.02586082400491,120.67203925208862,-1.0,0.21411834645455907,0.20907454017102184,33.5,12.088165354544095,36.08407568520626,1.4108705711666383
frame_307,0,127,30,1,False,False,True,1.5971911,True,True,[],[   -0.35665    0.037391     0.93349],-35.26430845093413,-21.501283859625794,1.4947479681807072,0.29870088268803663,0.2947040482814823,33.5,3.629911731196339,10.835557406556235,1.5736168820352454
frame_308,0,255,33,1,False,False,True,1.0931073,True,True,[],[    0.42002    -0.11917     0.89965],34.20808820006072,126.68822113540502,1.5677731841535143,0.21718913341035667,0.21188902786600458,33.5,11.781086658964334,35.167422862580096,1.368729301935469
frame_308,0,127,30,1,False,False,True,1.4354687,True,True,[],[   -0.50621     0.11318     0.85495],-36.500151108951194,-22.555904748892956,1.6353879673227028,0.28625537505440257,0.28694702774456626,33.5,4.874462494559745,14.55063431211864,1.576959313466711
frame_309,0,255,33,1,False,False,True,1.0228087,True,True,[],[    0.39843   -0.068174     0.91466],66.0639721620002,-8.44201700845217,1.6831081495766544,1.6829982160544965,1.6772681308490727,33.5,134.79982160544967,402.38752718044674,1.413046434132272
frame_309,0,127,30,1,False,False,True,1.4859767,True,True,[],[   -0.57796     0.12899      0.8058],-39.133797311464356,-19.554290348512048,1.2679430667651592,0.30193628408645923,0.30393163555225255,33.5,3.306371591354079,9.869765944340534,1.5883905346345049
frame_310,0,255,33,1,False,False,True,1.0517086,True,True,[],[    0.31973    0.012954     0.94742],70.47662115147068,4.482426549255611,1.4457004276222645,1.1312355052054213,1.1230631122999877,33.5,79.62355052054212,237.68224035982723,1.3809511334823972
frame_310,0,127,30,1,False,False,True,1.0549402,True,True,[],[    0.66779    -0.49441    -0.55642],-33.08530266149421,-36.82182204996516,0.29654666394897644,0.28884546472531114,0.2955294252284203,33.5,4.615453527468888,13.777473216325037,1.5845120658032694
frame_311,0,255,33,1,False,False,True,1.031414,True,True,[],[    0.29818    0.053735       0.953],41.760077482597524,121.69396724848824,1.8202672166447047,0.1837416492044046,0.17855981013092853,33.5,15.125835079559542,45.15174650614788,1.2505407702126587
frame_311,0,127,30,1,False,False,True,1.0428984,True,True,[],[   -0.34539  -0.0069982     0.93843],-37.788302558306945,-32.94472977042168,1.6242442450462062,0.29081527727458356,0.29681726286941673,33.5,4.418472272541646,13.189469470273568,1.5862706049826392
frame_312,0,255,33,1,False,False,True,1.0216054,True,True,[],[    0.32154    0.066473     0.94456],47.13468687001512,115.57408041766519,1.4593473628681284,0.1952256074913088,0.18895648581884902,33.5,13.977439250869123,41.723699256325744,1.2299126398319233
frame_312,0,127,30,1,False,False,True,1.0740012,True,True,[],[   -0.37695    0.039959     0.92537],-28.987199997708213,-27.67299794080751,1.6301524298740344,0.20070894290421581,0.19229964895498247,33.5,13.42910570957842,40.08688271515947,1.580611020111866
frame_313,0,255,33,1,False,False,True,1.0355937,True,True,[],[   -0.22358     0.54018      0.8113],54.41535967861714,112.17429679347366,0.2085006157213246,0.20817979413121235,0.2098143987489548,33.5,12.682020586878767,37.8567778712799,1.2173671642391162
frame_313,0,127,30,1,False,False,True,1.0312358,True,True,[],[   -0.36303    0.027801     0.93136],44.27798511929784,152.01804810788784,1.6449075590054958,0.2915856587552328,0.29443663686444677,33.5,4.341434124476723,12.959504849184247,1.6108661033041467
frame_314,0,255,33,1,False,False,True,1.203132,True,True,[],[    0.41181  -0.0054573     0.91125],60.09838588615081,115.45704064980231,1.7564480356994638,0.21659465951902346,0.21606580909147732,33.5,11.840534048097656,35.34487775551539,1.2023698464554933
frame_315,0,255,30,1,False,False,True,1.1007286,True,True,[],[   -0.46653     0.16603     0.86878],43.890869990744,148.09299484637413,1.240044173006802,0.2752653727787713,0.2779908118965271,33.5,5.973462722122874,17.831232006336936,1.6009394652652045
frame_315,0,127,33,1,False,False,True,1.4656638,True,True,[],[     -0.199     0.38074     0.90302],62.43589103289217,120.86697206267228,0.41594978607766186,0.2157875844353071,0.21205466947191143,33.5,11.921241556469292,35.58579569095311,1.1865709869030914
frame_316,0,255,30,1,False,False,True,1.1099644,True,True,[],[   -0.35276      0.0614      0.9337],41.48418996183261,148.452404573315,1.5569005939467533,0.2589078578681656,0.23513592776116934,33.5,7.60921421318344,22.714072278159524,1.5912490481138228
frame_316,0,127,33,1,False,False,True,1.821284,True,True,[],[   -0.04378     0.23887     0.97006],65.03048056359215,128.98187640558882,0.599345987389345,0.22374738122699045,0.22543807438835856,33.5,11.125261877300957,33.20973694716704,1.1769777744087933
frame_317,0,255,30,1,False,False,True,1.0830241,True,True,[],[   -0.54609     0.27717     0.79055],45.48848270972571,151.06439173305964,0.7007263000380566,0.287832396231098,0.2924213089667095,33.5,4.7167603768902,14.079881722060298,1.5847857760389645
frame_317,0,127,33,1,False,False,True,2.4248405,True,True,[],[    0.53002   -0.047846     0.84663],63.93460922700237,140.90542558767208,2.3883574666037832,0.20947310126467622,0.18879547547398992,33.5,12.55268987353238,37.47071604039516,1.162930397935676
frame_318,0,255,30,1,False,False,True,1.0070742,True,True,[],[   -0.48295     0.13393     0.86535],-36.24263076638893,-30.132703907173656,1.3047874010740461,0.2571438318766237,0.21977577385898678,33.5,7.785616812337631,23.240647201007857,1.5789596041043599
frame_318,0,127,33,1,False,False,True,3.0567498,True,True,[],[    0.56144   -0.029226       0.827],61.235685853097635,149.03493134119165,2.550884774446989,0.17146182882694527,0.1740151392454552,33.5,16.353817117305475,48.81736452927007,1.150043176273082
frame_319,0,255,30,1,False,False,True,1.0546796,True,True,[],[   -0.50995      0.2038     0.83571],42.633291437718476,152.17352487343496,1.016903314969195,0.25913639382446463,0.25874134458962755,33.5,7.586360617553539,22.645852589712057,1.5837372855599878
frame_319,0,127,33,1,True,False,True,3.6962209,,False,[],,,,,,,33.5,,,
frame_320,0,255,30,1,False,False,True,1.3342171,True,True,[],[   -0.47782    0.087499     0.87409],-41.954470684753794,-17.144353086421017,1.4579490604334946,0.226778525816687,0.223076328425202,33.5,10.822147418331301,32.3049176666606,1.5807205207087267
frame_320,0,127,33,1,True,False,True,3.1529474,,False,[],,,,,,,33.5,,,
frame_321,0,255,30,1,False,False,True,1.1684968,True,True,[],[   -0.60016     0.29227     0.74457],-37.80560090903921,-30.42083236192182,0.2914128811565275,0.21510629244918045,0.21548217917983,33.5,11.989370755081957,35.789166433080474,1.5717634523616117
frame_321,0,127,33,1,True,False,True,2.8131125,,False,[],,,,,,,33.5,,,
frame_322,0,255,30,1,False,False,True,1.0463157,True,True,[],[   -0.41795     0.15667     0.89486],38.84895492511081,141.9987608715755,0.9910280351526339,0.2522881345521435,0.25797144491707413,33.5,8.271186544785653,24.690109088912397,1.5784081896115876
frame_322,0,127,33,1,True,False,True,2.6221201,,False,[],,,,,,,33.5,,,
frame_323,0,255,30,1,False,False,True,1.0781639,True,True,[],[    -0.2647   -0.029971     0.96386],46.69820154235729,153.05822843037964,1.244496553856219,0.23464240519780177,0.23857550613617218,33.5,10.035759480219825,29.95749098573082,1.5794427459444023
frame_323,0,127,33,1,True,False,True,2.2822948,,False,[],,,,,,,33.5,,,
frame_324,0,255,-1,1,True,False,True,1.7826087,,False,[],,,,,,,33.5,,,
frame_326,0,255,-1,1,True,False,True,1.2896725,,False,[],,,,,,,33.5,,,
frame_327,0,255,30,1,False,False,True,2.742143,True,True,[],[   -0.24282   -0.055241      0.9685],33.04405981719673,120.31212227701317,1.3045363591608368,0.2259396638734812,0.21865852909685807,33.5,10.906033612651884,32.5553242168713,1.5616511207945802
frame_328,0,255,30,1,False,False,True,3.0678954,True,True,[],[   -0.20863    -0.18813     0.95973],23.988355680884418,113.05425971424059,1.6111268973690773,0.24791014526696586,0.23991982946930107,33.5,8.708985473303416,25.996971562099752,1.5256904184266373
frame_329,0,255,36,1,True,False,True,1.0539074,,False,[],,,,,,,33.5,,,
frame_329,0,127,30,1,False,False,True,2.6516805,True,True,[],[   -0.30407     0.20766     0.92974],24.055463589887697,114.49645760922266,1.3006385590622962,0.2888103645241756,0.2843578238663557,33.5,4.618963547582444,13.787950888305803,1.491930391286022
frame_330,0,255,36,1,True,False,True,1.1729424,,False,[],,,,,,,33.5,,,
frame_330,0,127,30,1,False,False,True,2.6055508,True,True,[],[   -0.23007   -0.066627     0.97089],28.195454005801967,114.5829378811128,1.6785754440952068,0.2920197167844863,0.29051449779167915,33.5,4.298028321551373,12.82993528821305,1.4387740346756046
frame_331,0,255,30,1,False,False,True,2.7405634,True,False,[],,25.394701112490115,113.68617370367338,-1.0,0.28581175036339246,0.2810341518734637,33.5,4.918824963660756,14.683059593017184,1.3809135787077063
frame_332,0,255,30,1,False,False,True,2.6601758,True,True,[],[    -0.1233    -0.20566     0.97083],19.211346453743804,112.26059453726555,1.2664492050364802,0.28405800275004417,0.27997289272165654,33.5,5.094199724995585,15.206566343270403,1.3329152608201618
frame_333,0,255,30,1,False,False,True,2.392028,True,False,[],,14.567651194720478,115.534219306636,-1.0,0.2829409873871872,0.27946011178342167,33.5,5.205901261281282,15.540003765018751,1.2945682365848064
frame_334,0,255,30,1,False,False,True,1.8606577,True,True,[],[   -0.18406    -0.12862     0.97446],14.059437361115874,123.202187263747,1.8831234859771235,0.28890232729031595,0.28620722423768696,33.5,4.6097672709684065,13.760499316323601,1.2626978101923658
frame_335,0,255,30,1,False,False,True,1.5175766,True,True,[],[   -0.60856     0.74415     0.27549],13.688270823785363,128.81484374081813,0.2975191293715362,0.2905254526514913,0.2833562839858088,33.5,4.4474547348508695,13.275984283136925,1.240702624381871
frame_336,0,255,30,1,False,False,True,1.3579866,True,False,[],,12.475480971025359,130.40762464792365,-1.0,0.28669819997331497,0.28129769977422053,33.5,4.830180002668505,14.418447769159718,1.2237427029949643
frame_337,0,255,30,1,False,False,True,1.364887,True,False,[],,18.86384830064988,128.19775461063057,-1.0,0.2877985088022793,0.28169350785245206,33.5,4.7201491197720715,14.089997372453944,1.2196550028118018
frame_338,0,255,30,1,False,False,True,1.4415525,True,False,[],,25.2987145805534,124.77477849076243,-1.0,0.28530517506036046,0.2808347171256328,33.5,4.969482493963956,14.834276101384944,1.2123493828214003
frame_339,0,255,30,1,False,False,True,1.5359735,True,True,[],[  -0.029778    -0.13187     0.99082],27.162417809564833,121.83448989130174,1.2588835138122803,0.28105850089851486,0.2738536513904023,33.5,5.394149910148515,16.101940030294077,1.1976237942849919
frame_340,0,255,30,1,False,False,True,1.5318851,True,True,[],[  0.0069632    -0.16775     0.98581],23.775839314266786,122.00093807992342,1.536570561422626,0.2528069751098977,0.24556676594439728,33.5,8.219302489010232,24.535231310478306,1.1718896998791024
frame_341,0,255,30,1,False,False,True,1.3319885,True,True,[],[-0.00094009    -0.16125     0.98691],21.331659081096937,128.0555531202908,1.4479514687349702,0.2473474118338613,0.23944580697796725,33.5,8.765258816613871,26.16495169138469,1.1468615933657818
frame_342,0,255,30,1,False,False,True,1.0813435,True,False,[],,-13.919951589485292,-39.59923672313384,-1.0,0.2843391495850844,0.2793098369646674,33.5,5.066085041491563,15.12264191490019,1.1155544227578573
frame_343,0,255,30,1,False,False,True,1.0401205,False,False,[],,-1.0,-1.0,-1.0,-1.0,0.8868981171351441,33.5,,,1.1097052284978728
frame_344,0,255,30,1,False,False,True,1.0934293,True,True,[],[  0.0050229    -0.17113     0.98524],-16.915029138607384,-37.74773799088218,0.8879466819256712,0.28254413253903815,0.2776100947171546,33.5,5.245586746096187,15.658467898794587,1.0829478339533432
frame_345,0,255,30,1,False,False,True,1.155903,True,True,[],[   0.088953    -0.21991     0.97146],-20.48095586556263,-36.24164821022945,0.8890011880481421,0.27937628779509055,0.2741508674854921,33.5,5.562371220490947,16.604093195495366,1.0737794638266136
frame_346,0,255,30,1,False,False,True,1.2216855,True,True,[],[  0.0012195      -0.166     0.98612],81.63505044985759,-106.15533073950067,0.9590334976563213,0.9587531426721867,0.9904851036684708,33.5,62.37531426721867,186.19496796184677,1.080686143753811
frame_347,0,255,30,1,False,False,True,1.2856693,True,True,[],[    0.71297    -0.44395    -0.54276],-28.17120696230506,-32.54059024419024,0.268171063589873,0.2635837899907817,0.2524480935878735,33.5,7.141621000921833,21.318271644542786,1.06678873938052
frame_348,0,255,30,1,False,False,True,1.3892251,True,True,[],[    0.76302    -0.41927    -0.49195],-29.583081414891527,-28.77800210549922,0.2760203273126821,0.275981244938995,0.26571045570937196,33.5,5.9018755061005015,17.6175388241806,1.0788793187475685
frame_349,0,255,30,1,False,False,True,1.5568728,True,True,[],[    0.43282    -0.34427     0.83315],-29.274855421289878,-25.817830821555486,0.802415993363518,0.27865854724956773,0.27153572511701607,33.5,5.634145275043228,16.818344104606652,1.09552544674279
frame_350,0,255,30,1,False,False,True,1.7733197,True,True,[],[    0.83697    -0.34702    -0.42315],-23.14883912999102,-22.817441997598443,0.2767448567543447,0.2768978079288583,0.2709465107599057,33.5,5.81021920711417,17.34393793168409,1.105066141533979
frame_351,0,255,30,1,False,False,True,1.9179012,True,True,[],[    0.89338    -0.36674    -0.25956],-17.19749501713698,-21.940759840352154,0.34481429730697166,0.2850896153867584,0.28199791760885323,33.5,4.99103846132416,14.898622272609433,1.1103393891850255
frame_352,0,255,30,1,False,False,True,1.9067975,True,True,[],[    0.84077    -0.35903    -0.40523],-25.937991732562665,-22.852845280138517,0.3064236827898398,0.2866850758118261,0.28293652444369444,33.5,4.83149241881739,14.422365429305643,1.1008805447834855
frame_353,0,255,30,1,False,False,True,1.9288297,True,True,[],[    0.75901    -0.38327    -0.52631],-27.932719575115453,-27.2168705965269,0.38734750067442514,0.2697854125439261,0.26482674547020957,33.5,6.5214587456073945,19.467041031663864,1.0721544711661848
frame_354,0,255,30,1,False,False,True,1.9347624,True,True,[],[    0.75745    -0.37021    -0.53779],-32.58554721716332,-26.18874476098494,0.2773024130938013,0.27723655633600325,0.2700091110731385,33.5,5.776344366399677,17.242819004178138,1.0631748393232703
frame_355,0,255,30,1,False,False,True,1.88296,True,False,[],,-28.740393780834857,-28.040416390757763,-1.0,0.2741864276412398,0.2676497035563312,33.5,6.081357235876022,18.15330518171947,1.0518895043715601
frame_356,0,255,30,1,False,False,True,1.8451307,True,False,[],,-23.64381404382142,-30.373114756284814,-1.0,0.26598662289164104,0.25721371410255967,33.5,6.9013377108358975,20.601008092047454,1.0391557169595516
frame_357,0,255,30,1,False,False,True,1.8842889,True,False,[],,-19.172425576147685,-29.75751482371401,-1.0,0.2834038053059368,0.27584880277873214,33.5,5.159619469406324,15.401849162406936,1.036028589683068
frame_358,0,255,30,1,False,False,True,2.0282319,True,True,[],[    0.55061    -0.28639      0.7841],-18.956805890045263,-26.391171570883717,1.6475616099634816,0.27757389258869136,0.2737383667153509,33.5,5.742610741130866,17.142121615316018,1.0355390113484877
frame_359,0,255,30,1,False,False,True,2.3048763,True,True,[],[    0.56643     -0.2623     0.78125],-18.930021307897267,-21.73575279338345,1.2334288358329195,0.2823350976168484,0.2770168138937906,33.5,5.266490238315163,15.720866383030337,1.0341958005955998
frame_360,0,255,30,1,False,False,True,2.3726742,True,True,[],[    0.43864    -0.19156     0.87801],-10.702961305109302,-25.054829196611536,1.9426445139297517,0.2459565912734297,0.23951481444923592,33.5,8.904340872657032,26.58012200793144,1.0243542208490102
frame_361,0,255,30,1,False,False,True,2.3241525,True,True,[],[     0.4546    -0.19814     0.86838],-8.893647328910143,-21.836456067545424,1.9425410594443107,0.28025719471508026,0.29317658113141176,33.5,5.474280528491976,16.341135905946196,1.0270358691708887
frame_362,0,255,30,1,False,False,True,2.3195937,True,False,[],,-2.2528358003729387,-21.764993829501503,-1.0,0.2788127913009458,0.27505907238346583,33.5,5.618720869905425,16.772301104195297,1.018416878465665
frame_363,0,255,30,1,False,False,True,2.0783405,True,True,[],[     0.5822    -0.18202     0.79241],-7.748845798343049,-26.4072690254249,2.4217802917225346,0.31774267441400617,0.2894816384523857,33.5,1.7257325585993855,5.151440473431002,1.0115111870007159
frame_364,0,255,30,1,False,False,True,1.8553137,True,True,[],[    0.56231    -0.16891     0.80949],-2.5488801916550035,-31.886914972562867,2.084708066132479,0.2501196491159127,0.24123736123169082,33.5,8.48803508840873,25.337418174354415,0.9968307339465041
frame_365,0,255,30,1,False,False,True,1.7649263,True,True,[],[    0.39816   -0.052241     0.91583],-11.33819749114963,-35.01137415392628,1.8994141092084162,0.25998141416299014,0.2527501396018184,33.5,7.5018585837009875,22.393607712540263,0.9886790979040885
frame_366,0,255,30,1,True,False,True,1.5158846,,False,[],,,,,,,33.5,,,
frame_367,0,255,30,1,True,False,True,1.4594401,,False,[],,,,,,,33.5,,,
frame_368,0,255,30,1,True,False,True,1.6394265,,False,[],,,,,,,33.5,,,
frame_369,0,255,30,1,True,False,True,1.8056439,,False,[],,,,,,,33.5,,,
frame_370,0,255,30,1,True,False,True,2.6253872,,False,[],,,,,,,33.5,,,
frame_371,0,255,30,1,True,False,True,3.2523873,,False,[],,,,,,,33.5,,,
frame_372,0,255,30,1,True,False,True,3.0069642,,False,[],,,,,,,33.5,,,
frame_373,0,255,30,1,True,False,True,2.6642444,,False,[],,,,,,,33.5,,,
frame_374,0,255,30,1,True,False,True,2.5281126,,False,[],,,,,,,33.5,,,
frame_375,0,255,30,1,True,False,True,2.3298268,,False,[],,,,,,,33.5,,,
frame_376,0,255,30,1,True,False,True,1.8240008,,False,[],,,,,,,33.5,,,
frame_377,0,255,30,1,True,False,True,1.5860895,,False,[],,,,,,,33.5,,,
frame_378,0,255,30,1,True,False,True,1.6633451,,False,[],,,,,,,33.5,,,
frame_379,0,255,30,1,True,False,True,1.6539537,,False,[],,,,,,,33.5,,,
frame_380,0,255,30,1,True,False,True,1.6531962,,False,[],,,,,,,33.5,,,
frame_381,0,255,30,1,True,False,True,1.7552358,,False,[],,,,,,,33.5,,,
frame_382,0,255,30,1,True,False,True,1.7912792,,False,[],,,,,,,33.5,,,
frame_383,0,255,30,1,True,False,True,2.069235,,False,[],,,,,,,33.5,,,
frame_384,0,255,30,1,True,False,True,2.5006142,,False,[],,,,,,,33.5,,,
frame_385,0,255,30,1,True,False,True,3.150643,,False,[],,,,,,,33.5,,,
frame_386,0,255,30,1,True,False,True,3.5183892,,False,[],,,,,,,33.5,,,
frame_387,0,255,30,1,True,False,True,3.041112,,False,[],,,,,,,33.5,,,
frame_388,0,255,30,1,True,False,True,3.1322718,,False,[],,,,,,,33.5,,,
frame_389,0,255,30,1,True,False,True,2.870283,,False,[],,,,,,,33.5,,,
frame_390,0,255,30,1,False,False,True,2.2404141,True,True,[],[    0.55874   -0.083915     0.82508],-14.133338139108174,-25.459338762612873,2.378855297642965,0.28459154575725604,0.2959477025600622,33.5,5.040845424274398,15.047299773953426,1.0158628854413478
frame_391,0,255,30,1,False,False,True,2.106244,True,True,[],[    0.54358    -0.06988     0.83645],-19.273352100750653,-25.393398844015632,2.4735075012317242,0.28682176578776214,0.29027705671076043,33.5,4.817823421223788,14.381562451414293,1.0282420198932674
frame_392,0,255,30,1,False,False,True,2.1317453,True,True,[],[    0.61549    -0.11608     0.77955],-12.565616379513788,-23.82787912109107,2.183169826260424,0.24209604215339575,0.23448809705387963,33.5,9.290395784660427,27.732524730329633,1.0245114400830946
frame_393,0,255,30,1,False,False,True,2.0126004,True,True,[],[    0.53534   -0.070366      0.8417],-21.42658109784043,-27.620388062344272,2.4101163434300474,0.28911678183261974,0.29694486848506463,33.5,4.588321816738028,13.69648303503889,1.041251567727814
frame_394,0,255,30,1,False,False,True,1.9512857,True,True,[],[    0.56522   -0.090627     0.81995],-16.0832581344879,-27.371410492059894,2.5389297075017128,0.27919562657529995,0.2807949414267511,33.5,5.580437342470007,16.658021917820918,1.035816159609579
frame_395,0,255,30,1,False,False,True,2.1548119,True,True,[],[    0.44532   -0.042648     0.89436],-7.022151872026066,-21.057120923210967,2.5743645902573684,0.24403658311052717,0.23426874015640833,33.5,9.096341688947284,27.15325877297697,1.0279760247007388
frame_396,0,255,30,1,False,False,True,2.339542,True,True,[],[    0.43304    -0.04647     0.90018],-18.545122184622006,-20.898516115242327,2.529656941139166,0.27594323017313027,0.29978853072809497,33.5,5.905676982686975,17.628886515483508,1.0377352727736584
frame_397,0,255,30,1,False,False,True,2.554272,True,True,[],[     0.3852   -0.037234     0.92208],-14.75659089384305,-19.11941580604708,2.2046864743806744,0.27535004806358554,0.28988791641837386,33.5,5.964995193641448,17.80595580191477,1.0341504324338062
frame_398,0,255,30,1,False,False,True,2.8619049,True,True,[],[    0.38875   -0.026866     0.92095],-3.423621458930932,-14.206240081880255,2.5525579194770582,0.247206148212275,0.24463346302129693,33.5,8.779385178772504,26.20711993663434,1.029774951744548
frame_399,0,255,30,1,False,False,True,2.9031157,True,True,[],[    0.39357   -0.044061     0.91824],-21.497136885473022,-17.7685835926076,2.4925436031372006,0.2831100428736951,0.3166658435615539,33.5,5.18899571263049,15.48953944068803,1.0471438986232777
frame_400,0,255,30,1,False,False,True,3.0162327,True,True,[],[     0.4519    -0.05492     0.89038],-10.715234529478465,-10.254244056807723,2.5508878808049005,0.21162063447353785,0.20581343135470317,33.5,12.337936552646218,36.82966135118274,1.0467915751879735
frame_401,0,255,30,1,False,False,True,3.2139459,True,True,[],[    0.46068   -0.052206     0.88603],-33.592525584996785,-14.461032185272272,2.471666751741223,0.2829282079140617,0.29718900420263006,33.5,5.207179208593832,15.543818533115916,1.0662782959649422
frame_402,0,255,30,1,False,False,True,3.0727072,True,True,[],[    0.50317   -0.062977     0.86189],-32.71912338240851,-15.826351169951414,2.49973371561736,0.2849789693958189,0.32330991115746877,33.5,5.002103060418111,14.931650926621229,1.0739407541019428
frame_403,0,255,30,1,False,False,True,2.5568614,True,True,[],[    0.53294   -0.069797     0.84327],-15.310239647606128,-21.31598570876291,2.5313575400868134,0.2366664148908692,0.22936731584952819,33.5,9.833358510913081,29.35330898780024,1.0797153060665983
frame_404,0,255,30,1,False,False,True,2.3124948,True,True,[],[    0.54393   -0.092183     0.83405],-26.054249842089266,-23.916565544826486,2.3055160185843047,0.28535225599967207,0.316320961662377,33.5,4.964774400032796,14.820222089650137,1.09435876371945
frame_405,0,255,30,1,False,False,True,2.651833,True,True,[],[    0.43596   -0.075663     0.89678],50.814963032266974,159.79440602959295,2.361444781219859,0.24475566342058458,0.2512657396671321,33.5,9.024433657941543,26.938607934153858,1.0997568140063194
frame_406,0,255,30,1,False,False,True,3.2987828,True,False,[],,-32.814422801946215,-9.795906801379768,-1.0,0.2902827777681943,0.34426225616421613,33.5,4.471722223180574,13.348424546807683,1.1084586425359808
frame_407,0,255,30,1,False,False,True,3.1406236,True,False,[],,-21.63367886165278,-14.338457361574271,-1.0,0.2818589420183688,0.33416522875900234,33.5,5.314105798163121,15.86300238257648,1.1118877401094653
frame_408,0,255,30,1,False,False,True,2.5061257,True,True,[],[    0.20398    0.046786     0.97786],-16.512128499638465,-21.367483426205606,1.8246788055668612,0.2636028860241885,0.24674681144672184,33.5,7.13971139758115,21.312571336063137,1.129269131560761
frame_409,0,255,30,1,False,False,True,2.3713694,True,True,[],[    0.19453    0.050485      0.9796],-13.704115682383133,-20.538363290522653,1.5663016745268936,0.2530878320291434,0.24339476488172107,33.5,8.19121679708566,24.4513934241363,1.1331828283819008
frame_410,0,255,30,1,False,False,True,2.4175155,True,True,[],[    0.21003    0.047538     0.97654],-16.522787073491042,-18.74893462668752,2.0329351085743195,0.2746530309921022,0.2713020095089794,33.5,6.034696900789783,18.014020599372486,1.1345663471914338
frame_411,0,255,30,1,False,False,True,2.4848578,True,True,[],[    0.18283    0.044383     0.98214],-11.896631835223424,-18.07637656878427,2.084336511696656,0.2493595430182028,0.24120286297156424,33.5,8.564045698179722,25.564315516954395,1.1361789593744942
frame_412,0,255,30,1,False,False,True,3.272478,True,True,[],[      0.166    0.023613     0.98584],-4.375347795217279,-8.852863754191608,1.487246783354529,0.2530607272172468,0.250119927588713,33.5,8.19392727827532,24.459484412762148,1.1373874125344348
frame_413,0,255,30,1,False,False,True,4.620471,True,True,[],[    0.15547   0.0021402     0.98784],84.88922759011031,13.430014630179265,1.6176166882474907,1.6008078149906315,1.4386080394765446,33.5,126.58078149906315,377.8530791016811,1.2074957476538224
frame_414,0,255,30,1,False,False,True,5.46655,True,True,[],[    0.19914  -0.0063189     0.97995],-28.364932932652653,0.5134360175528437,1.7080925627032453,0.25066996680113784,0.25194218816209324,33.5,8.433003319886218,25.17314423846632,1.1601667953435488
frame_415,0,255,30,1,False,False,True,5.380036,True,True,[],[    0.16541    0.014487     0.98612],74.66340169616802,166.75251803665913,1.776820267428253,0.31735338376116806,0.3422451442209813,33.5,1.7646616238831958,5.267646638457301,1.20623680522569
frame_416,0,255,30,1,False,False,True,4.7717757,True,True,[],[    0.17455    0.026285      0.9843],-29.30731196219966,-9.280048559385598,1.819321681102857,0.2670386483738878,0.26726295426755753,33.5,6.796135162611222,20.286970634660364,1.1779614098582682
frame_417,0,255,30,1,False,False,True,5.116422,True,True,[],[    0.21064    0.010895      0.9775],85.36796498911663,132.8029259692399,1.667178155618023,1.4274355062922042,0.34762683393540905,33.5,109.24355062922042,326.10015113200126,1.2143140343624867
frame_418,0,255,30,1,False,False,True,4.6658607,True,True,[],[    0.27812   0.0073577     0.96052],-30.689919101447515,-8.767489657722482,1.7271208861722147,0.2795410510479243,0.2764752037965472,33.5,5.545894895207571,16.554910134947974,1.2153827404720312
frame_419,0,255,30,1,False,False,True,3.2591164,True,True,[],[    0.30448    0.014928      0.9524],-11.211149424920464,-15.131886937849929,1.8521637380222342,0.23280394279783795,0.22456249247166143,33.5,10.219605720216208,30.50628573198868,1.2032480708035556
frame_420,0,255,30,1,False,False,True,3.0090845,True,True,[],[    0.32185   0.0045869     0.94678],71.56849671070141,8.788239154658436,1.7739292323347606,1.6449040060315048,1.847573361336614,33.5,130.99040060315048,391.01612120343424,1.273621714372198
frame_421,0,255,30,1,False,False,True,3.210332,True,True,[],[    0.35339  -0.0080944     0.93544],-39.26048071547885,-12.661782464481082,1.7544326356256912,0.28843860460477017,0.29565114183531127,33.5,4.656139539522986,13.898923998576077,1.2467562733751685
frame_422,0,255,30,1,False,False,True,3.559273,True,True,[],[    0.36907   0.0038401     0.92939],71.31660289639457,-3.8143039056176207,1.8153236444199456,1.6332936337088895,1.8153236444199456,33.5,129.82936337088896,387.55033842056406,1.293427747005279
frame_423,0,255,30,1,False,False,True,3.283933,True,True,[],[    0.36354  -0.0020642     0.93158],65.51286613220398,-1.3130466215232475,2.18144911671195,2.1693511775226093,2.1343890888283994,33.5,183.43511775226094,547.5675156783908,1.2796673995893706
frame_424,0,255,30,1,False,False,True,3.1526392,True,True,[],[    0.38399    -0.01026     0.92328],-9.76673406861882,-12.43223597643291,2.2570710442792636,0.19052701613295375,0.18606253714025628,33.5,14.447298386704627,43.12626384090933,1.2394833457840364
frame_425,0,255,30,1,False,False,True,3.534993,True,True,[],[     0.3862  -0.0077856     0.92238],-38.44568388241531,-12.178475210895533,2.178366263998061,0.28222611712922424,0.28436368030076553,33.5,5.277388287077578,15.753397871873368,1.2763702116613314
frame_426,0,255,30,1,False,False,True,4.3319426,True,True,[],[    0.37413   0.0058084     0.92736],-37.767622363090666,-6.519898530330195,2.1156988818973836,0.28685981911710556,0.28201886263514453,33.5,4.814018088289446,14.370203248625213,1.2829618283829631
frame_427,0,255,30,1,False,False,True,4.875006,True,True,[],[    0.37571   0.0071653     0.92671],70.37286444569227,-1.4457733213552266,2.0924537886013463,2.0914907543606045,1.6684393899396817,33.5,175.64907543606046,524.3255983165984,1.366488436828538
frame_428,0,255,30,1,False,False,True,5.095175,True,True,[],[    0.38521    0.013177     0.92273],-44.710557784756816,-3.7077555081423785,1.9169262543312158,0.28980666265396227,0.28352699540608645,33.5,4.519333734603776,13.490548461503806,1.3242849216099686
frame_429,0,255,30,1,False,False,True,5.13001,True,True,[],[    0.36265   0.0088393     0.93188],-37.06579892165083,2.624454668929089,2.0256408547233073,0.2574025561592882,0.2520617750974985,33.5,7.759744384071182,23.163416071854275,1.3174658648660456
frame_430,0,255,30,1,False,False,True,5.2317176,True,True,[],[    0.35422    0.015844     0.93503],-43.59013263793157,-3.21518932783397,2.021774074589386,0.30429675709979676,0.2976430639381258,33.5,3.0703242900203263,9.165147134389033,1.3456436747854406
frame_431,0,255,30,1,False,False,True,5.1784725,True,True,[],[    0.19492    0.040126        0.98],47.65126666462022,176.23691955534383,1.9872828081928136,0.2953679461326002,0.29134873405787165,33.5,3.9632053867399817,11.830463841014872,1.369191499859673
frame_432,0,255,30,1,False,False,True,5.0952334,True,True,[],[   -0.20679    0.081493     0.97499],52.28080428805545,172.76640553799712,0.8811900113011758,0.30102608359112104,0.2982158512192394,33.5,3.397391640887898,10.141467584739994,1.378276572945136
frame_433,0,255,30,1,False,False,True,4.3799944,True,False,[],,-9.33350902749405,-8.949111448067741,-1.0,0.19229051295682048,0.18346690642644775,33.5,14.270948704317954,42.59984687856105,1.3331077219497773
frame_434,0,255,30,1,False,False,True,3.652836,True,True,[],[    0.19187    0.053946     0.97994],65.0531837358233,156.2640008745302,1.9007941607130652,0.5716802797778152,0.7281196122714271,33.5,23.66802797778152,70.65082978442246,1.3707634604468588
frame_435,0,255,30,1,False,False,True,4.2394876,True,True,[],[   -0.62538    0.078118      0.7764],-38.174872912116804,-4.870723131195052,0.30489157428354186,0.2993579549914398,0.29834683799320816,33.5,3.5642045008560217,10.639416420465736,1.3907687514666984
frame_436,0,255,30,1,False,False,True,4.6470275,True,False,[],,-43.370383997295,-3.3780589740413536,-1.0,0.3034063691193386,0.29845192447081936,33.5,3.159363088066142,9.430934591242215,1.4145068952532744
frame_437,0,255,30,1,False,False,True,4.223774,True,True,[],[    0.71898    -0.13081    -0.68261],-39.99498716653173,-9.935014593632843,0.32412153921582865,0.289160770466543,0.2877457453244291,33.5,4.583922953345704,13.683352099539414,1.409755611354647
frame_438,0,255,30,1,False,False,True,4.216492,True,True,[],[    0.72142    -0.12303    -0.68149],-40.782085112530915,-9.447881454599653,0.2925056138986727,0.2922801790362878,0.30040020038845633,33.5,4.271982096371224,12.752185362302162,1.4183851021674414
frame_439,0,255,30,1,False,False,True,4.500071,True,True,[],[   -0.54572   0.0016363     0.83797],-37.939235801447616,1.2797470516459366,0.5215193866369032,0.29915204060954736,0.2945955192987021,33.5,3.5847959390452653,10.70088340013512,1.4301495985265247
frame_440,0,255,30,1,False,False,True,4.5584693,True,True,[],[   -0.39846   0.0057291     0.91717],60.25296721137289,179.8490064742559,0.6688114758993817,0.5931745012377947,0.812120028650369,33.5,25.817450123779466,77.06701529486408,1.451524102875182
frame_441,0,255,30,1,False,False,True,4.686976,True,True,[],[    -0.4974      0.0323     0.86692],45.43265686483157,177.8206689266163,0.8325831826506392,0.30209429092578843,0.2965650029763732,33.5,3.2905709074211584,9.822599723645249,1.460102266160791
frame_442,0,255,30,1,False,False,True,4.9030805,True,True,[],[   -0.63929    0.035146     0.76817],-36.0454303067341,-1.8281567873738007,0.5172875917167878,0.2953359623762626,0.28992247246765945,33.5,3.9664037623737434,11.840011230966399,1.460610534442287
frame_443,0,255,30,1,False,False,True,5.0330853,True,True,[],[   -0.51836    0.059608     0.85308],-43.09923742997312,-3.469067877528903,0.6013996715927583,0.29469008906224914,0.28888055464307083,33.5,4.030991093775088,12.032809235149518,1.488687387222387
frame_444,0,255,30,1,False,False,True,4.161123,True,True,[],[   -0.70542   -0.044681     0.70738],-44.74835251175683,3.680850697569604,0.30173642296551706,0.300893147581054,0.2933110460946442,33.5,3.410685241894601,10.181149975804779,1.5038615791199175
frame_445,0,255,30,1,False,False,True,4.034599,True,True,[],[    0.76927    0.040526    -0.63764],-39.33389126566825,3.262927945279681,0.2975034766270105,0.29745454396686666,0.2905217040870457,33.5,3.7545456033133364,11.207598815860706,1.5060651386357835
frame_446,0,255,30,1,False,False,True,4.5680747,True,True,[],[   -0.68633    0.073977     0.72352],-38.49265880329998,-4.687042577582857,0.29406466974154055,0.29456322225285325,0.28961253980819596,33.5,4.043677774714677,12.070679924521425,1.496356040495026
frame_447,0,255,30,1,False,False,True,3.527724,True,True,[],[    0.70314    -0.19781    -0.68298],-22.071043078226815,-15.250812409138794,0.2980401059031016,0.2818774609634326,0.29869276382590143,33.5,5.312253903656744,15.857474339273864,1.4676408345947032
frame_448,0,255,40,1,False,False,True,1.1694006,True,True,[],[     0.4025    0.038291     0.91462],66.18286030205147,5.424149793187818,1.1595204129065406,1.0954883607107515,1.074364689127599,33.5,76.04883607107516,227.0114509584333,2.3620089548737258
frame_448,0,127,30,1,False,False,True,3.410962,True,True,[],[   -0.63009   -0.074117     0.77298],45.19642956593616,-174.02276307521512,0.31612057471266397,0.2993876933534305,0.28970460190639613,33.5,3.56123066465695,10.630539297483432,1.541352343869277
frame_449,0,255,40,1,False,False,True,1.1947843,True,True,[],[    0.39044    0.014974     0.92051],67.03671565609066,2.506192995792349,0.8392274166292513,0.8081695215811004,0.7846706478531096,33.5,47.31695215811004,141.2446333077912,2.2739893115505683
frame_449,0,127,30,1,False,False,True,2.8797445,True,True,[],[   -0.56418    -0.15664     0.81066],47.24515109920268,-168.0441945941393,0.2839703158180584,0.28328365372243247,0.30246012281872225,33.5,5.171634627756755,15.437715306736582,1.587085271607378
frame_450,0,255,30,1,False,False,True,3.2398844,True,True,[],[   -0.67085   -0.065649     0.73869],-41.15228918911034,5.481888358832846,0.30434776799619034,0.29668110147978055,0.29005339789333745,33.5,3.8318898520219467,11.438477170214766,1.5509690063135315
frame_451,0,255,40,1,False,False,True,1.3033292,True,True,[],[    0.40281    0.029138     0.91482],66.36993030498391,3.990058853648347,1.0960941355400213,0.9905763972561021,0.9824912042759792,33.5,65.55763972561022,195.69444694212004,2.398031657833164
frame_451,0,127,30,1,False,False,True,4.055716,True,True,[],[    0.71989   -0.059666    -0.69152],-42.651520103836646,-4.3647575056860095,0.3003058550570057,0.299844046246717,0.29751541850901064,33.5,3.515595375328301,10.494314553218809,1.5463993533648972
frame_452,0,255,40,1,False,False,True,1.3922287,True,True,[],[    0.40997    0.030323     0.91159],65.76401115669597,4.213358218536926,1.1260134508575406,1.0619589086365684,1.0504614768145926,33.5,72.69589086365684,217.00265929449802,2.416848120470755
frame_452,0,127,30,1,False,False,True,2.9761255,True,True,[],[    -0.6615    -0.14445      0.7359],46.535294273568745,-167.95230216128752,0.2944757974465767,0.29484424541881393,0.3100127794461317,33.5,4.015575458118609,11.986792412294355,1.5938827554867228
frame_453,0,255,40,1,False,False,True,1.3777567,True,True,[],[    0.41054    0.035266     0.91116],65.69299800187176,4.925598177060396,1.1802698295261265,1.1076078942497767,1.0988956385789725,33.5,77.26078942497767,230.62922216411246,2.4067984390573534
frame_453,0,127,30,1,False,False,True,2.7663069,True,True,[],[    0.70127     0.13953     -0.6991],-41.35358783153038,11.043604390268547,0.3097439802140468,0.29824445571749614,0.29458755843681045,33.5,3.675554428250388,10.971804263433995,1.5889684998095543
frame_454,0,255,40,1,False,False,True,1.346562,True,True,[],[    0.40974    0.026315     0.91182],65.82981912106192,3.655525763735081,1.090578510351862,1.0552496800472642,1.0388478530338516,33.5,72.02496800472642,214.99990449172066,2.419064169024685
frame_454,0,127,30,1,False,False,True,2.7439373,True,True,[],[   -0.55576   -0.095991     0.82578],53.85704676888886,-169.55419109793263,0.3126661547837126,0.29046528635745095,0.2902429612474716,33.5,4.4534713642549075,13.293944370910172,1.611093533629338
frame_455,0,255,40,1,False,False,True,1.3173426,True,True,[],[    0.40603    0.020733     0.91363],66.22453157422864,2.7413178435133516,1.139518797718467,1.1138696893934759,0.9343651663526882,33.5,77.88696893934758,232.49841474432117,2.3900492509041937
frame_455,0,127,30,1,False,False,True,1.9974881,True,True,[],[    0.69742     0.31542    -0.64351],-14.60348003968396,27.78245111235453,0.33094689188034976,0.2238971437679921,0.21778115094753034,33.5,11.110285623200792,33.165031711047135,1.6551287177758027
frame_456,0,255,40,1,False,False,True,1.3235099,True,True,[],[     0.4057    0.016013     0.91386],66.16824799315958,2.244037636347232,1.0981803768266034,0.9455280902268957,0.9306182343662915,33.5,61.05280902268957,182.2471911125062,2.4064022811669408
frame_456,0,127,30,1,False,False,True,1.919134,True,False,[],,-13.177772646508066,23.88451661117933,-1.0,0.21478455806525296,0.21855525066354875,33.5,12.021544193474707,35.88520654768569,1.6653160500526427
frame_457,0,255,40,1,False,False,True,1.4616709,True,True,[],[    0.42164    0.012731     0.90668],65.6047442132129,0.8571174686502688,1.098043098482608,1.0508468874979897,1.0469181770481826,33.5,71.58468874979897,213.68563805910142,2.3886110203263473
frame_457,0,127,30,1,False,False,True,1.7408801,True,False,[],,-35.44851096295187,23.880463244645302,-1.0,0.286925912127847,0.3073563219435266,33.5,4.807408787215301,14.350473991687466,1.6316988382169548
frame_458,0,255,30,1,False,False,True,1.7250595,True,False,[],,-35.586272804200455,22.39076045350806,-1.0,0.2719151421650273,0.29515560553506176,33.5,6.30848578349727,18.831300846260508,1.6432427268513359
frame_459,0,255,41,1,False,False,True,1.893917,True,True,[],[   -0.40963    0.055553     0.91056],-15.842922764557098,-10.918324398414512,2.326467429805582,0.03921870722518128,0.05239379385420021,33.5,29.578129277481874,88.2929232163638,0.7835326797621591
frame_459,0,127,30,1,False,False,True,1.3574109,True,True,[],[    0.21849     0.21801     0.95118],-23.18432880387452,38.01613456961513,1.1240823792135293,0.284513674294125,0.2868779528825305,33.5,5.048632570587502,15.070544986828367,1.6624257147971737
frame_460,0,255,42,1,False,False,True,1.5181826,True,True,[],[    0.55238    0.014201     0.83347],56.44903789906125,1.4357544508147932,0.9916396338484157,0.9901467992684592,0.9830549924047569,33.5,65.51467992684591,195.5662087368535,2.27401188691842
frame_460,0,170,41,1,False,False,True,1.8272433,True,True,[],[   -0.42189    0.051525     0.90518],-3.0953066113834367,-12.158406336774675,2.2181886238775075,0.042430123315618795,0.04508114467588,33.5,29.25698766843812,87.33429154757648,0.7818918018198725
frame_460,0,85,30,1,False,False,True,1.3056984,True,True,[],[    0.24476      0.2377     0.93999],-33.3216757493324,32.29655769753969,1.1790224364609427,0.2837979344167405,0.2931508209848753,33.5,5.120206558325951,15.284198681570004,1.647966126150532
frame_461,0,255,42,1,False,False,True,1.5220468,True,True,[],[    0.55395   0.0086047      0.8325],56.336776858507875,0.829566108068047,1.0573622941866292,0.9929111043071503,0.9806274865901935,33.5,65.79111043071504,196.39137442004488,2.284808730682995
frame_461,0,170,41,1,False,False,True,1.7174836,True,True,[],[   -0.40122    0.051518     0.91453],24.492288694574317,-15.884350248796881,2.634084958226528,0.03026524134002788,0.032987721745965676,33.5,30.473475865997212,90.96559959999168,0.7876783260984885
frame_461,0,85,30,1,False,False,True,1.3921038,True,True,[],[     0.2153      0.2041     0.95498],-38.10400733323077,28.221324849972824,1.4652430300710573,0.2755008584532932,0.29257273109235515,33.5,5.949914154670682,17.760937775136366,1.648572928813748
frame_462,0,255,42,1,False,False,True,1.71595,True,True,[],[    0.55934   -0.011502     0.82886],55.4747262167482,-3.205516558407038,0.8871025597407494,0.7465104947940664,0.7125393551681611,33.5,41.15104947940664,122.83895366987056,2.23796201608852
frame_462,0,170,41,1,False,False,True,1.5806638,True,False,[],,33.65333002983419,-22.014358589182816,-1.0,0.031735237642783354,0.032597286877469794,33.5,30.326476235721668,90.52679473349752,0.7976844143122435
frame_462,0,85,30,1,False,False,True,1.2775054,True,True,[],[    0.21469     0.21988     0.95161],-28.639925057084135,35.055313396818306,1.5286472816343424,0.2795956130850663,0.2837683059625527,33.5,5.540438691493371,16.538622959681703,1.6542364732083423
frame_463,0,255,41,1,False,False,True,1.4814786,True,True,[],[    -0.3796    0.061298     0.92312],21.226404840866874,-20.913417963532545,2.5679362598224307,0.031157746821001375,0.034347384761594574,33.5,30.384225317899865,90.69918005343244,0.8093722089656494
frame_463,0,127,30,1,False,False,True,1.1383458,True,True,[],[    0.22535     0.24776     0.94225],-27.37796427756463,39.435092953511365,0.9138398703819406,0.28191488816803106,0.2778334435913784,33.5,5.308511183196895,15.846302039393716,1.6454932755807332
frame_464,0,255,42,1,False,False,True,1.6843882,True,True,[],[    0.55942    0.007429     0.82885],55.8363482824245,0.1538410900595594,1.6738337091383708,1.0146134762606054,0.9896218812193833,33.5,67.96134762606054,202.86969440615087,2.282619768072647
frame_464,0,170,41,1,False,False,True,1.4657972,True,True,[],[   -0.38392     0.06682     0.92094],12.513923461349238,-19.71900946066983,2.517433952708923,0.033631205901566874,0.03875511718019843,33.5,30.136879409843313,89.96083405923378,0.8204138489665499
frame_464,0,85,30,1,False,False,True,1.0230943,True,True,[],[    0.20084     0.22437     0.95358],-24.643267926608083,42.273938264260806,0.8490608361329257,0.2862508773622143,0.2877460558791099,33.5,4.874912263778574,14.551976906801714,1.65820274354096
frame_465,0,255,42,1,False,False,True,1.6268537,True,True,[],[    0.56386  -0.0036145     0.82586],55.60637967748343,-0.4064808515711411,0.9734923129259294,0.9281090054455468,0.918902962721648,33.5,59.31090054455468,177.04746431210353,2.288035176529869
frame_465,0,170,41,1,False,False,True,1.4842255,False,False,[],[   -0.36631    0.053753     0.92894],-1.0,-1.0,-1.0,-1.0,0.10326660174969343,33.5,,,0.8296683037091815
frame_465,0,85,30,1,False,False,True,1.2195246,True,False,[],,-23.073323458730954,52.16139879338507,-1.0,0.28659010194316215,0.27965821560411763,33.5,4.840989805683788,14.450715837862052,1.6493253954287086
frame_466,0,255,42,1,False,False,True,1.4764137,True,True,[],[    0.56873   -0.014554     0.82239],51.569432940842916,-7.616134626424946,1.2916754405593034,0.7075507791613225,0.7030951714546738,33.5,37.255077916132244,111.20918780934998,2.124395167892748
frame_466,0,170,41,1,False,False,True,1.4946507,True,True,[],[   -0.37453    0.066497     0.92483],-39.90063102630282,-13.06945125027179,2.2767012688797754,0.10706247655176504,0.13068687766630233,33.5,22.7937523448235,68.04105177559254,0.8338002569973468
frame_466,0,85,30,1,False,False,True,1.2540435,True,True,[],[    0.14814     0.20302      0.9679],-22.256715503560443,49.21406838565772,1.401730160094186,0.28449157361417243,0.2774617478505562,33.5,5.0508426385827585,15.077142204724653,1.6577216105017702
frame_467,0,255,30,1,False,False,True,1.1521999,True,True,[],[   0.068754     0.14136     0.98757],-20.764051624478636,43.254769766098825,1.4018003600194222,0.28861634430011607,0.27811994818522845,33.5,4.638365569988395,13.845867373099688,1.658314405815077
frame_468,0,255,41,0,False,False,True,1.5452973,True,True,[],[   -0.36337    0.067387     0.92921],-2.9000551139805637,-17.256329565567434,2.5094565127458908,0.03312706079054056,0.031553462504870254,33.5,30.187293920945947,90.1113251371521,0.8500396270643581
frame_469,0,255,30,1,False,False,True,1.3232826,True,True,[],[  -0.069825   0.0087936     0.99752],-12.835592273049544,52.40808804172497,1.6794108065348807,0.28993503375247387,0.2885833964450362,33.5,4.506496624752615,13.452228730604821,1.6620515054419245
frame_469,0,127,41,1,False,False,True,1.6227067,True,True,[],[   -0.35388    0.071499     0.93256],5.084378272504783,-21.2360733248908,2.4219869592412686,0.03240303307593009,0.040362763897040806,33.5,30.25969669240699,90.32745281315519,0.8574085579824078
frame_470,0,255,42,1,False,False,True,1.7010916,True,True,[],[    0.55717  -0.0017358      0.8304],55.20461442953446,-3.3636926434245034,1.1098994286268051,1.0281695980708712,0.6428884172958501,33.5,69.31695980708712,206.9162979316033,2.2576924673504704
frame_470,0,170,30,1,False,False,True,1.665175,True,True,[],[   0.012605    0.066563      0.9977],-14.399613954410286,63.35249002339028,1.544416265520453,0.29395997973383503,0.2884913964438224,33.5,4.104002026616499,12.250752318258206,1.6555939262516353
frame_470,0,85,41,1,False,False,True,1.6379288,True,True,[],[   -0.36685    0.066996     0.92787],-16.87657512777291,-14.478006478619772,2.5020641181987266,0.04668565976159156,0.040759829203271675,33.5,28.831434023840846,86.06398216071895,0.8680103523599589
frame_471,0,255,42,1,False,False,True,1.6905802,True,True,[],[    0.55651   0.0074379     0.83081],55.50760248125781,-2.134814430925196,2.03074096150962,0.9822234289730445,0.9592218802685506,33.5,64.72234289730446,193.20102357404318,2.2765977447097367
frame_471,0,170,30,1,False,False,True,2.2760704,True,False,[],,-17.43618605877728,72.10503597140865,-1.0,0.2871534049217053,0.28489641385837483,33.5,4.78465950782947,14.282565695013341,1.6540228208569525
frame_471,0,85,41,1,False,False,True,1.6923331,True,True,[],[   -0.36989    0.070945     0.92636],-5.9626113444112745,-14.00924644940653,2.394250663702599,0.02869876284916245,0.029854814264873082,33.5,30.630123715083755,91.43320511965301,0.8750185873601344
frame_472,0,255,42,1,False,False,True,1.7089959,True,True,[],[    0.55873  -0.0014909     0.82935],55.63382200443988,-1.8054022598672452,1.9825852028044326,1.0094236269531156,0.9740687582502006,33.5,67.44236269531156,201.32048565764643,2.280212106172782
frame_472,0,127,30,1,False,False,True,2.050469,False,False,[],[  -0.064629   -0.053187     0.99649],-1.0,-1.0,-1.0,-1.0,0.6078273701077426,33.5,,,1.6770020713906804
frame_473,0,255,42,1,False,False,True,1.7560517,True,True,[],[    0.54952    0.022235     0.83518],55.94717973099256,-0.8781920028496498,2.0109402369159133,0.9876097399574637,0.9739382333989688,33.5,65.26097399574637,194.8088775992429,2.2846027918588687
frame_473,0,127,30,1,False,False,True,1.7218419,True,True,[],[   -0.13529   -0.069234     0.98838],-28.554486492941887,50.55879347290309,1.2914660861035612,0.2719083597791382,0.26429915048233193,33.5,6.3091640220861835,18.833325439063234,1.6700609851197488
frame_474,0,255,42,1,False,False,True,1.7306248,True,True,[],[    0.55987   0.0046588     0.82857],55.41638778381427,-1.5880255040577196,2.0107810271023427,0.9843050505830386,0.9737707532302003,33.5,64.93050505830386,193.82240315911602,2.2654420318085045
frame_475,0,255,30,1,False,False,True,1.2651671,True,True,[],[   -0.51762    -0.39906     0.75685],-33.76469118572821,39.25702056517418,0.47782940605762614,0.2864819241371512,0.2804783434886218,33.5,4.851807586284885,14.483007720253388,1.689794655104543
frame_475,0,127,42,1,False,False,True,1.7656003,True,True,[],[    0.55375    0.014171     0.83256],55.73289049484239,-1.1279950985060532,2.0084610910256795,1.0178365006415735,1.015453567042428,33.5,68.28365006415736,203.83179123629063,2.277624436030006
frame_476,0,255,30,1,False,False,True,1.13479,True,True,[],[    0.73561      0.3649    -0.57072],-34.01365696006714,26.813770710402146,0.3276790057151615,0.31943977607453755,0.2909386935703488,33.5,1.5560223925462469,4.644842962824618,1.70563491562502
frame_476,0,127,42,1,False,False,True,1.7190126,True,True,[],[    0.54514    0.037396     0.83751],55.582508197055425,-1.8609741890289593,1.9928605662702041,0.9806421145742235,0.964046005851295,33.5,64.56421145742235,192.72898942514135,2.2669681301078644
frame_477,0,255,30,1,False,False,True,1.6145371,True,True,[],[    0.86336     0.22396    -0.45216],-26.37505145537677,14.356033447185728,0.3084447277971438,0.3029293211207144,0.3132137324830321,33.5,3.207067887928561,9.573336978891227,1.7320696300078915
frame_477,0,127,42,1,False,False,True,1.7441145,True,True,[],[    0.55779   0.0033765     0.82997],55.1967243947623,-3.2217575672483765,2.000166038252405,0.9739454659258535,0.9583551364254053,33.5,63.89454659258536,190.729989828613,2.2729033336785562
frame_478,0,255,30,1,False,False,True,2.3055103,True,True,[],[    0.86978      0.1118     -0.4806],-28.90831331932321,7.310570072039749,0.2900668939962454,0.2900073609789833,0.3169585563203957,33.5,4.499263902101674,13.43063851373634,1.7286571908326058
frame_479,0,255,42,1,False,False,True,1.7536622,True,True,[],[    0.56458   -0.018169     0.82518],55.2754989245449,-2.999650039431549,1.7395054143926747,0.8488335226445667,0.8412258407405625,33.5,51.383352264456676,153.3831410879304,2.271862372590803
frame_479,0,127,30,1,False,False,True,2.5954518,True,True,[],[    0.85913     0.12056    -0.49736],-29.946503806681395,7.914506665187463,0.29699990226228146,0.29599785815031787,0.3201481414513171,33.5,3.900214184968215,11.642430402890195,1.728780795437421
frame_480,0,255,30,1,False,False,True,2.9282038,True,True,[],[    0.86088    0.080843    -0.50235],-30.56402088275897,5.202142653277333,0.2975886022400056,0.29327135134202553,0.34394806010693757,33.5,4.1728648657974485,12.45631303223119,1.7186825597868123
frame_481,0,255,30,1,False,False,True,2.7276685,True,True,[],[    0.87552     0.10097    -0.47252],-28.05640720874661,6.530744401507587,0.3140655537333777,0.298128190329576,0.29318085069305055,33.5,3.6871809670424027,11.006510349380306,1.6836741604856886
frame_482,0,255,42,1,False,False,True,1.4484472,True,True,[],[    0.56206    0.034241     0.82639],52.44149793621011,1.6335735975439063,1.149545587688241,0.46926017321019975,0.46165897144008405,33.5,13.426017321019973,40.077663644835745,2.087019672098848
frame_482,0,127,30,1,False,False,True,2.948538,True,True,[],[    0.86331    0.057262    -0.50142],-30.447453313901004,3.7696833251933484,0.2838757897546498,0.28364550303452285,0.2986326682843091,33.5,5.135449696547717,15.329700586709603,1.6872377125263627
