frame_id,class_name,object_id,track_id,is_3D_complete,in_image_borders,does_overlap,is_front_fish,aspect_ratio,pointcloud_size_ok,fish_3d_ok,overlapping_fish_ids,fish_direction,elevation_deg,azimuth_deg,raw_length,filtered_length,spine_length,gt,abs_error_cm,rel_error_%,fish_dist_from_camera
frame_1,0,255,-1,1,False,False,True,4.13513471455826,True,True,[],[  -0.097695    0.044593     0.99422],46.70406905984077,-156.8196703756239,0.9299483501567228,0.271962034495449,0.2603270105659307,33.5,6.303796550455104,18.81730313568688,2.2867078308532016
frame_2,0,255,1,1,False,False,True,4.131578533868055,False,True,[],[   -0.21301    0.011907     0.97698],-1.0,-1.0,-1.0,-1.0,0.391444929445604,33.5,,,2.28924565553112
frame_4,0,255,-1,1,False,False,True,3.39473688050173,True,True,[],[   -0.18986    -0.17856     0.96544],35.913838536076845,72.7265819294288,0.906084055100965,0.1659626096035763,0.1648070991376163,33.5,16.903739039642367,50.45892250639513,2.220640613381143
frame_5,0,255,1,1,False,False,True,4.21341506578144,True,True,[],,-30.90005647663066,18.27110537227181,-1.0,0.2134385793253319,0.2140621282110478,33.5,12.156142067466808,36.28699124616958,2.229308548869702
frame_6,0,255,3,1,False,False,True,7.9742702760727155,True,True,[],[  -0.082628    0.057041     0.99495],84.24989279822213,145.7392397795266,1.3292810090243454,1.3182063499262089,1.2741398736801195,33.5,98.3206349926209,293.4944328137937,2.147395123750436
frame_8,0,255,1,1,False,False,True,4.014492466210726,True,True,[],[   -0.37918   -0.016123     0.92518],55.72385576426144,-171.21779099089676,0.5817347171027747,0.2160769213618605,0.2225663514273708,33.5,11.89230786381395,35.49942645914612,2.246583860437825
frame_9,0,255,1,1,False,False,True,3.9661020031079572,True,True,[],,41.20983317677504,-149.20534026841412,-1.0,0.2106038674931962,0.2044474477457094,33.5,12.439613250680376,37.13317388262799,2.243585249578845
frame_16,0,255,1,1,False,False,True,4.466666666666667,True,True,[],[   0.023136     0.17889      0.9836],-43.08011627454302,-5.476441392353179,0.982147526723586,0.2979882930925934,0.3874875812341664,33.5,3.701170690740657,11.048270718628826,2.200779360085365
frame_17,0,255,1,1,False,False,True,4.191489910548755,True,True,[],[   0.028293     0.15727     0.98715],60.17421378046063,-178.06744747397738,0.856353080735667,0.2897341061364238,0.295013405544241,33.5,4.526589386357621,13.512207123455584,2.246982784599313
frame_18,0,255,1,1,False,False,True,4.457143198339785,True,True,[],,44.15884522617562,-159.00434528282435,-1.0,0.2152288919296046,0.2371979982895822,33.5,11.977110807039542,35.752569573252366,2.2434908860740395
frame_20,0,255,-1,1,False,False,True,3.261380345143698,True,True,[],[   -0.24297    -0.11874     0.96274],64.8573366324398,-151.59935078445574,1.0960508855427022,0.8180241231013436,0.8241066821464949,33.5,48.302412310134365,144.18630540338617,1.9213204931605743
frame_21,0,255,4,1,False,False,True,3.599057089035758,True,True,[],[   -0.22977   -0.096631     0.96844],72.66031941621806,-150.73794915497146,1.4212412003630488,0.7902308967814289,0.7832720512483238,33.5,45.52308967814289,135.88981993475488,1.9581356976844213
frame_23,0,255,4,1,False,False,True,3.80645139396766,True,True,[],[   -0.27033   -0.021134     0.96254],71.87093813898719,175.87033824347932,1.325062532206696,0.6833558467596752,0.711728254567828,33.5,34.83558467596752,103.98681992826124,1.8244840306797248
frame_23,0,127,1,1,False,False,True,3.9741379419259717,True,True,[],[    0.21576     0.21608     0.95224],-26.65626829411057,37.19044603764584,0.9935934836944892,0.205441096254881,0.2042607158465942,33.5,12.955890374511904,38.674299625408665,2.226804837827713
frame_24,0,255,4,1,False,False,True,4.125748453928885,True,True,[],[   -0.25476   -0.014706     0.96689],69.07315686003666,156.7459655125514,0.9240105936597468,0.6771419537527092,0.6771390970171878,33.5,34.214195375270926,102.13192649334604,1.784306713305442
frame_25,0,255,4,1,False,False,True,3.6607144312343203,True,True,[],[   -0.23353   -0.033867     0.97176],28.76158538568941,127.97497554245756,1.49329109713826,0.2614556174983027,0.2665509754229989,33.5,7.354438250169731,21.953547015432036,1.7267511128393394
frame_26,0,255,4,1,False,False,True,3.8451279436688597,True,True,[],[   -0.27631    0.032534     0.96052],34.834372687886585,127.89984842816692,1.4307483777973389,0.3301492856782293,0.3408433068644217,33.5,0.4850714321770699,1.447974424409164,1.69448535002318
frame_27,0,255,4,1,False,False,True,4.229674514028637,True,True,[],[   -0.24517    0.038267     0.96872],71.1046446759788,162.72671714215122,1.5683851532417246,0.8076391274522339,0.8098840226909938,33.5,47.26391274522339,141.08630670215936,1.7133491588910617
frame_28,0,255,1,1,False,False,True,4.20000013404165,True,True,[],[   -0.18957   -0.002639     0.98186],58.3017579699204,-162.99761113308995,0.7190872594911415,0.2422485592478478,0.2438277772728535,33.5,9.27514407521522,27.68699723944842,2.245945921239927
frame_28,0,127,4,1,False,False,True,4.184278518609099,True,True,[],[   -0.29514    0.073503     0.95262],63.53872670545823,155.24420751595682,1.4894233020736705,0.7601603543442179,0.770912215995363,33.5,42.51603543442179,126.91353861021427,1.6899756324334474
frame_29,0,255,1,1,False,False,True,4.0795453870457195,True,True,[],[   -0.46624    -0.22583     0.85535],53.45605935371524,-156.81412179050403,0.2638870400150024,0.2524905398328525,0.2593831806433827,33.5,8.25094601671475,24.62968960213358,2.2553967420175693
frame_29,0,127,4,1,False,False,True,4.181818731701113,True,True,[],[   -0.25007    0.082526      0.9647],38.13884980714065,138.9221059618546,1.4106975530573196,0.2815925178011188,0.2896948661532212,33.5,5.34074821988812,15.942531999666029,1.6494483586300723
frame_30,0,255,1,1,False,False,True,3.803571727907051,True,True,[],[   -0.24154   -0.087185     0.96647],57.05867271093312,-151.09628609746102,0.5491464642929589,0.2425553899903283,0.2484283821876464,33.5,9.244461000967169,27.595405973036325,2.25562248492645
frame_30,0,127,4,1,False,False,True,4.234234432384236,True,True,[],[   -0.29401    0.045828      0.9547],-36.343416590550085,-30.117753646024763,1.239256689999707,0.2465521755354789,0.2455554809088002,33.5,8.84478244645211,26.402335661051072,1.6192851934070454
frame_31,0,255,1,1,False,False,True,3.790322934873732,True,True,[],,-28.11084977028978,36.06482964440631,-1.0,0.2059089006435938,0.2032077313727169,33.5,12.909109935640622,38.53465652430037,2.2570535444444224
frame_32,0,255,1,1,False,False,True,4.079070245180777,True,True,[],[    0.72767     0.46551    -0.50377],-28.95083202975349,32.395893419428475,0.209798815681396,0.2095093375490705,0.2236899251252693,33.5,12.549066245092948,37.45989923908343,2.2793036305679464
frame_34,0,255,1,1,False,False,True,4.309278409616634,True,True,[],[    0.84636     0.53016   -0.051073],-8.65836024277837,31.179541985224684,0.2606249847676741,0.2140370659599665,0.2298724605037456,33.5,12.09629340400335,36.10833851941298,2.298248572612372
frame_35,0,255,1,1,False,False,True,3.7962958795115904,False,True,[],[   0.091899     0.18122     0.97914],-1.0,-1.0,-1.0,-1.0,0.3342489126888721,33.5,,,2.280582131769638
frame_36,0,255,-1,1,False,False,True,3.8109757777853788,True,True,[],[   -0.44817    0.010417     0.89389],-38.785219634669055,-11.438544591490322,0.8222636876198781,0.2161754379329918,0.2034579334360113,33.5,11.882456206700814,35.47001852746512,1.5101377806205345
frame_36,0,127,-1,1,False,False,True,3.8109757777853788,True,True,[],[    0.70604    0.060039    -0.70563],-44.85648882911498,4.726725473954907,0.2588195947772007,0.2550282280955438,0.2489798470408601,33.5,7.99717719044562,23.87217071774812,2.2433243902902755
frame_37,0,255,6,1,False,False,True,2.991071322042066,True,True,[],[    -0.3355   -0.011811     0.94197],-40.12719838748615,-13.261919529742746,1.3167911290025822,0.2196226777318883,0.2154357046333645,33.5,11.537732226811166,34.440991721824375,1.5034569895553294
frame_38,0,255,6,1,False,False,True,2.8894233076003553,True,True,[],[    -0.3678    -0.01165     0.92983],45.27897770990721,159.8738668276907,1.1615048227411675,0.2553218917469575,0.233174574942295,33.5,7.96781082530425,23.784509926281345,1.5036061647583372
frame_39,0,255,6,1,False,False,True,3.1500000390954783,True,True,[],[   -0.35653      0.2828     0.89045],48.90109744665567,131.01953058858402,0.5197307896943614,0.2525201306432501,0.234287752908914,33.5,8.247986935674994,24.620856524402967,1.4938430983380433
frame_40,0,255,6,1,False,False,True,3.654320671413087,True,True,[],[   -0.24806    0.073204     0.96597],47.26140359589503,125.68719427446494,1.1633554467243137,0.2494267205628686,0.25124196580953,33.5,8.557327943713139,25.544262518546685,1.4593721474547654
frame_41,0,255,6,1,False,False,True,3.243842646421429,True,True,[],[   -0.21164    -0.12074     0.96986],47.24864260215637,151.45212305814832,1.007244155625468,0.2471183649464501,0.2984525586530532,33.5,8.78816350535499,26.23332389658206,1.4184455166918686
frame_42,0,255,6,1,False,False,True,2.2203390369601554,True,True,[],[   -0.13577    -0.17828     0.97457],74.79450003184803,-135.99467920382656,0.6339795247676674,0.6191401813400488,0.621514782698219,33.5,28.41401813400488,84.81796457911904,0.9048968207292042
frame_43,0,255,6,1,False,False,True,2.8619971087982363,True,True,[],[   -0.35131    -0.21245     0.91184],49.86146250261175,-148.94456257996166,1.3046003990581667,0.2705321643371321,0.2758994903442439,33.5,6.44678356628679,19.244130048617283,1.470234680195867
frame_44,0,255,6,1,False,False,True,2.05122722029685,True,True,[],[   -0.24713     -0.1417     0.95857],-41.97496120973683,20.6636159131698,1.5517639498674105,0.1981719934627432,0.1989204899183249,33.5,13.682800653725677,40.844181055897536,1.4436730455107674
frame_45,0,255,6,1,False,False,True,1.1785714285714286,True,False,[],[   -0.23492    -0.14114     0.96171],48.42791986207297,158.53198183918002,1.8630293610736104,0.1157659576555594,0.1192136301311998,33.5,21.92340423444406,65.44299771475839,1.4327865883618771
frame_46,0,255,6,1,False,False,True,2.0456138995130044,True,True,[],[   -0.22054    -0.12239     0.96767],39.412076120402,119.51582755546072,1.781198579490813,0.1382767780722534,0.1309725410769387,33.5,19.67232219277465,58.72334982917808,1.4414925956141824
frame_47,0,255,6,1,False,False,True,2.644067865222016,True,True,[],[   -0.27643   -0.084177     0.95734],42.343566112680485,132.53589823607984,1.4583540545446894,0.1864158080110903,0.1630166196554328,33.5,14.858419198890966,44.353490145943184,1.4307848390271685
frame_48,0,255,6,1,False,False,True,2.8117641933035995,True,True,[],[   -0.25078    -0.13642     0.95838],41.67460158050162,124.08747961449802,1.8477106970064927,0.162927910022967,0.1569949909039834,33.5,17.2072089977033,51.364802978218805,1.4032177409529687
frame_49,0,255,6,1,False,False,True,2.7777777777777777,True,True,[],[   -0.24577    -0.15382     0.95705],52.99432973965706,126.61766595816788,1.913859781440931,0.1909050219617174,0.1892341530445793,33.5,14.40949780382826,43.01342628008435,1.388514549154831
frame_50,0,255,6,1,False,False,True,2.7037037037037037,True,True,[],[   -0.26325    -0.11972     0.95727],55.87802705265381,127.20423726226856,1.945127743205078,0.2287645784133702,0.1959075703757008,33.5,10.623542158662977,31.71206614526261,1.3753495527605706
frame_51,0,255,6,1,False,False,True,2.3333333333333335,True,True,[],[   -0.27727   -0.086151     0.95692],57.21864849598809,130.23833456177317,1.809445330023432,0.2057482940137334,0.2022737531660528,33.5,12.925170598626664,38.58259880187063,1.361531217811704
frame_52,0,255,6,1,False,False,True,2.4862744465226787,True,True,[],[   -0.25608    -0.15184     0.95466],56.97178734181583,143.29060927690355,1.919097818872865,0.2198087362253959,0.2178973652864829,33.5,11.519126377460404,34.38545187301613,1.3420458274328115
frame_53,0,255,6,1,False,False,True,1.9830338489969774,True,True,[],[   -0.30341    -0.14451     0.94184],49.122120459150366,174.4686382917273,1.87209547410772,0.2533514699840304,0.2231160122510009,33.5,8.164853001596956,24.37269552715509,1.3160481812120173
frame_54,0,255,6,1,False,False,True,1.8855999464459363,True,True,[],[   -0.58333   -0.037177     0.81138],45.51995292802008,175.12471965703432,0.6027725233806938,0.2210163156500619,0.2165441797468247,33.5,11.398368434993806,34.024980402966584,1.2838544431822552
frame_55,0,255,17,0,False,False,True,4.308219297824587,True,False,[],[    0.26651    -0.13171     0.95479],53.42587073158159,-19.43602691031094,1.9284119324478155,0.5417143561608617,0.5055771860007151,33.5,20.67143561608617,61.70577795846618,1.4371994662091014
frame_55,0,127,6,1,False,False,True,2.0944351972564244,True,True,[],[   -0.33115    -0.18263     0.92573],48.53650256895843,166.29064990980953,1.5001291900864433,0.2413337292416753,0.2185790536747802,33.5,9.366627075832474,27.96008082338052,1.2849145906878967
frame_56,0,255,17,0,False,False,True,4.6786701205543215,False,False,[],[    0.23883    -0.12553     0.96291],-1.0,-1.0,-1.0,-1.0,0.3284629236169663,33.5,,,1.4382746869669196
frame_56,0,127,6,1,False,False,True,2.5939004075090373,True,True,[],[   -0.35265    -0.17839     0.91859],49.660368887482925,154.7530518967668,2.0610941109140533,0.2104964325175646,0.2050032271586178,33.5,12.450356748243536,37.16524402460757,1.3030507280422856
frame_57,0,255,17,0,False,False,True,4.904761904761905,True,False,[],[    0.27289    -0.11265     0.95543],-37.18272731670445,4.474087864921166,1.8476748188362675,0.2360174035763493,0.2657216063862694,33.5,9.898259642365066,29.547043708552437,1.4869109147431834
frame_57,0,127,6,1,False,False,True,2.630522164991843,True,True,[],[   -0.34801    -0.19133     0.91776],42.34447447338625,146.08476741208972,2.0953547880406163,0.2018719612288824,0.1765730607924225,33.5,13.312803877111762,39.73971306600526,1.3129782062012458
frame_58,0,255,17,0,False,False,True,4.590909090909091,True,False,[],[    0.27689    -0.12222      0.9531],-32.5183012096526,6.869680530487819,1.803682598664056,0.2104309523262306,0.2298768333244292,33.5,12.456904767376942,37.18479035037893,1.4875445003934236
frame_58,0,127,6,1,False,False,True,4.035714285714286,True,True,[],[   -0.33096    -0.23407     0.91415],43.26502634155979,120.66255342634176,2.02492100404033,0.2465235924468883,0.2248287186317006,33.5,8.847640755311165,26.410867926301982,1.3180060928622728
frame_59,0,255,17,0,False,False,True,4.3290045553599565,True,False,[],[    0.16847    -0.11939     0.97845],-42.84122282923855,13.31016070965735,1.7278202261728868,0.336100429057396,0.2917042860409916,33.5,0.110042905739599,0.3284862857898479,1.490865202351506
frame_59,0,127,6,1,False,False,True,5.210727964717012,True,True,[],[   -0.33351    -0.14148     0.93207],68.96067851585113,165.02812089967645,2.0606674505748925,0.629065387382711,0.6228962191728951,33.5,29.4065387382711,87.78071265155552,1.3229301695156408
frame_60,0,255,17,1,False,False,True,4.844952344097249,True,True,[],[    0.26542    -0.10885     0.95797],73.30635657463904,-23.26112044838432,1.8187006298890875,1.8189467297679025,1.8184688042221904,33.5,148.39467297679022,442.9691730650454,1.5855761228482357
frame_61,0,255,17,1,False,False,True,4.795719523553399,True,True,[],[    0.23687    -0.10342     0.96602],-21.497576865121616,28.1259183971903,1.7889609083927338,0.2199907875297371,0.2157249796849522,33.5,11.50092124702629,34.331108200078475,1.5028654722655337
frame_62,0,255,17,1,False,False,True,5.2614620095140285,True,True,[],[    0.27602   -0.066356     0.95886],-16.82447444633355,31.640396350906748,1.811399543668196,0.2233577819949508,0.2199927226655942,33.5,11.164221800504915,33.326035225387805,1.493891178443029
frame_63,0,255,18,1,False,False,True,5.8727679445418115,True,True,[],[   -0.38363    -0.22673     0.89522],63.2199112280689,-150.3437774119023,0.7068888094606935,0.7076123246925712,0.7514931369322483,33.5,37.26123246925712,111.22755960972272,1.392109061636106
frame_63,0,127,17,1,False,False,True,5.139785038281945,True,True,[],[    0.16056    -0.14086     0.97692],-15.457945365977066,33.70119678381839,1.7788619314597762,0.211662946593739,0.2096876437935236,33.5,12.3337053406261,36.8170308675406,1.475106727763449
frame_64,0,255,17,1,False,False,True,5.327032090453701,True,True,[],[   0.091006    -0.19713     0.97614],-4.504826207455315,38.70257213411182,1.4365645625907526,0.2069870302009651,0.2035231654732647,33.5,12.801296979903489,38.21282680568205,1.44735732820226
frame_65,0,255,19,1,False,False,True,4.50784780371206,True,True,[],[   -0.22575    -0.26381     0.93779],47.30158426079869,-36.82893186488532,0.6562314637714497,0.2369834668308212,0.2417570767755065,33.5,9.801653316917877,29.2586666176653,1.4803674742128516
frame_65,0,127,17,1,False,False,True,5.506373333530004,True,True,[],,-3.19286849575704,45.18472962061754,-1.0,0.2101093419011502,0.2073031867703584,33.5,12.489065809884975,37.28079346234321,1.4336503054804477
frame_66,0,255,19,1,False,False,True,3.2999998649428925,True,True,[],[ -0.0063988    -0.31184     0.95011],49.11012846910776,-48.40344652437543,0.5907661636513784,0.298267639879779,0.2865020231366124,33.5,3.6732360120221017,10.964883617976422,1.594411655374948
frame_66,0,127,17,1,False,False,True,5.536962577167228,True,True,[],[    0.66625     0.73783    -0.10821],-4.894825833901626,47.55061564069931,0.2136939593479817,0.2116058597664082,0.2093783057619407,33.5,12.33941402335918,36.83407171151994,1.418711224611105
frame_67,0,255,17,1,False,False,True,5.328909249458126,True,True,[],[   0.075211    -0.19634     0.97765],-4.056365876157462,46.29993765874319,1.766603817209229,0.2096330346839179,0.2069969066903749,33.5,12.53669653160821,37.42297472121854,1.4013052109613005
frame_68,0,255,17,1,False,False,True,5.0659629710405065,True,True,[],[      0.709     0.70514   0.0095894],0.8965701286496818,44.63237799745155,0.2139002406023931,0.2139058812899413,0.2092954080079616,33.5,12.109411871005872,36.14749812240559,1.384246132732661
frame_69,0,255,17,1,False,False,True,5.093881633013837,True,True,[],[    0.70003     0.71358    0.027606],1.619323049784588,45.53877942546908,0.2137229840846252,0.2136077895513048,0.2094315906047639,33.5,12.139221044869522,36.236480730953794,1.3638237235970694
frame_70,0,255,17,1,False,False,True,5.316641543916216,True,True,[],[    0.66879     0.74325    0.017126],0.9644653401408873,48.0591306066731,0.2140020837382962,0.214050541524753,0.2120543316682851,33.5,12.094945847524702,36.1043159627603,1.346842271987001
frame_71,0,255,-1,1,False,False,True,5.988763972502101,True,True,[],[   -0.62877    -0.32691     0.70554],44.0206732094828,-153.2671511601442,0.3406674890818983,0.3368455399281476,0.3976559520291549,33.5,0.1845539928147566,0.5509074412380793,2.0199480694436334
frame_72,0,255,17,1,False,False,True,5.341681078363449,True,True,[],[     0.1048    -0.13996      0.9846],-3.772988763680672,47.22679909868115,1.794318355600392,0.2101887766257695,0.2059640680094457,33.5,12.481122337423049,37.25708160424791,1.320283030625936
frame_73,0,255,17,1,False,False,True,5.280527762543089,True,True,[],[    0.70618     0.70178   -0.093844],-5.237917694294926,44.62259468864946,0.2137437806934362,0.2136812374145843,0.2112721629305733,33.5,12.131876258541563,36.214555995646464,1.3155725189342748
frame_73,0,127,24,1,False,False,True,4.972084985330584,False,True,[],,-1.0,-1.0,-1.0,-1.0,0.2204333078339489,33.5,,,1.9931420283170524
frame_74,0,255,17,1,False,False,True,5.42561940933828,True,True,[],[    0.68531     0.65591    -0.31643],-14.396784925847813,42.89113715105646,0.3167290726786116,0.2229478456997747,0.2190914684607452,33.5,11.205215430022523,33.448404268723955,1.3075559213118284
frame_74,0,127,24,1,False,False,True,4.442597692419172,True,True,[],[    0.53412    0.012061     0.84533],33.699960049872004,9.85009511118088,1.1737861933636902,0.3310945862658635,0.3700105972609651,33.5,0.3905413734136498,1.1657951445183576,1.969300453989269
frame_75,0,255,17,1,False,False,True,5.418983905079735,True,True,[],[    0.72454     0.55616     -0.4071],-21.003031557308454,36.98857278370421,0.2198550232043724,0.2199241938100171,0.2155257919417533,33.5,11.507580618998286,34.350986922382944,1.3028046442064345
frame_75,0,127,24,1,False,False,True,4.292207816389382,True,True,[],[    0.59477     0.09322     0.79847],36.41840695976882,14.895963283444829,1.0949442110424714,0.3728203869392616,0.3212893756999219,33.5,3.782038693926165,11.28966774306318,1.9771499455680508
frame_76,0,255,17,1,False,False,True,5.016042921343184,True,True,[],[    0.77155     0.56436    -0.29362],-17.092262669366118,36.15675584869621,0.2133786544093389,0.2124914035690027,0.2099010431426441,33.5,12.250859643099732,36.56973027790965,1.292932409835958
frame_76,0,127,24,1,False,False,True,4.188575908780583,True,True,[],[    0.36757   -0.013013      0.9299],38.97046468588235,16.919833662849662,1.3058665856083769,0.3269070404386589,0.3147364879214093,33.5,0.8092959561341095,2.415808824280924,2.0075802565590157
frame_77,0,255,17,1,False,False,True,4.732703054295817,True,True,[],[    0.56561     0.81428    -0.13053],-7.819799463977293,55.07971904936525,0.2100886018916079,0.2085631477565335,0.2059147174990496,33.5,12.643685224346646,37.74234395327357,1.277580712499951
frame_78,0,255,17,1,False,False,True,4.942085064374715,True,True,[],[    0.26103      0.2236     0.93908],0.7134964577364168,68.19928448305666,1.846056341697665,0.2113634024275384,0.2082799593796939,33.5,12.363659757246154,36.90644703655568,1.2688852014809098
frame_79,0,255,25,1,False,False,True,5.99055759538632,True,True,[],[  -0.078798    -0.20845     0.97485],-40.70226814402771,25.241585446122365,1.142805910082755,0.3655461612686981,0.3459189921329673,33.5,3.054616126869808,9.118257095133757,2.141928304968496
frame_79,0,127,17,1,False,False,True,5.487940686067061,True,True,[],[    0.25644     0.32644     0.90977],12.309164056618478,70.563895794897,1.3297634678220267,0.2157483057437976,0.2083880344497448,33.5,11.925169425620236,35.59752067349324,1.2705390432185286
frame_80,0,255,25,1,False,False,True,5.824999669465477,True,True,[],,-26.80955354980517,31.072844351318302,-1.0,0.3112403189219249,0.3009844922159895,33.5,2.375968107807508,7.092442112858233,2.0909929355451866
frame_80,0,127,17,1,False,False,True,4.9781027222887335,True,True,[],[    0.39876     0.87364     0.27883],10.716360747055994,66.14390036505621,0.3299789436299423,0.207382586025726,0.2084935278372957,33.5,12.7617413974274,38.0947504400818,1.2791399590936998
frame_81,0,255,25,1,False,False,True,5.253521530570299,True,True,[],,-16.965658339048808,35.34109653391444,-1.0,0.2856116488745528,0.2828105799131366,33.5,4.938835112544715,14.742791380730491,2.0809685798718576
frame_81,0,127,17,1,False,False,True,5.247059310072813,True,True,[],[    0.42248     0.83933     0.34209],6.431576600403907,65.12176919802482,0.6275868191388803,0.2099821797604014,0.2056192366852472,33.5,12.501782023959857,37.31875231032793,1.282073002793043
frame_82,0,255,25,1,False,False,True,4.991403942134582,True,True,[],,-19.96867833219371,37.85346181128576,-1.0,0.2801970567028456,0.2531466155862708,33.5,5.480294329715435,16.359087551389358,2.0939219944542886
frame_82,0,127,17,1,False,False,True,4.819964474750846,True,True,[],[    0.24425     0.24495     0.93827],-7.413963478252545,62.54210418861193,1.7927895443818995,0.2104520594128404,0.2078341473622703,33.5,12.454794058715962,37.17848972751033,1.2775392491626696
frame_83,0,255,25,1,False,False,True,5.56769192468047,True,True,[],[    -0.1207     -0.1854     0.97522],-21.7788434382263,30.36504498948651,1.004631238035983,0.3008444026113859,0.3003532225004728,33.5,3.415559738861412,10.19570071301914,2.127635444345928
frame_83,0,127,17,1,False,False,True,4.6196215971307,True,True,[],[    0.51898     0.67613    -0.52297],-19.070861110491357,50.82667224170565,0.5417363763909401,0.2015875933599214,0.198277273710352,33.5,13.341240664007856,39.82459899703837,1.2736362068786231
frame_84,0,255,25,1,False,False,True,6.470588825600205,True,True,[],,-12.924140695714009,27.755234046521824,-1.0,0.2880393308265007,0.2799739020301899,33.5,4.696066917349934,14.018110201044578,2.151730086236791
frame_84,0,127,17,1,False,False,True,4.682414628484363,True,True,[],[    0.61767     0.70475    -0.34902],-19.82112847195223,48.40504730184148,0.2237633407040476,0.2017934635010755,0.1991199600940063,33.5,13.32065364989245,39.76314522355955,1.26370035444472
frame_85,0,255,25,1,False,False,True,5.430906658730779,True,True,[],,-15.471686411197352,30.21026806357598,-1.0,0.303384205808444,0.292819951300538,33.5,3.161579419155597,9.43755050494208,2.159044533989153
frame_85,0,127,17,1,False,False,True,4.659874419420362,True,True,[],[     0.6211      0.5094    -0.59561],-34.66037227115472,38.71040825113637,0.2672099368884287,0.2160998617627774,0.2021032285533054,33.5,11.890013823722256,35.49257857827539,1.2513109909408997
frame_86,0,255,17,1,False,False,True,4.606250073945838,True,True,[],[  -0.034545    -0.13617     0.99008],-30.025237120406867,36.290891714431794,1.021787393140508,0.2005821757009796,0.1896763790454521,33.5,13.441782429902036,40.124723671349365,1.2348301961556825
frame_87,0,255,25,1,False,False,True,4.966613684766538,True,True,[],,0.8859461716102864,27.30654800247812,-1.0,0.2856989700834041,0.3153813037331322,33.5,4.930102991659585,14.716725348237569,2.170315927018112
frame_87,0,170,26,0,False,False,True,1.8424242341442623,,False,[],,,,,,,33.5,,,
frame_87,0,85,17,1,False,False,True,4.967741637956051,True,True,[],[   -0.22595    -0.34416     0.91132],-18.832782992561096,47.22721637373967,0.8860706525248958,0.1791523658283088,0.1755125040457874,33.5,15.584763417169114,46.52168184229586,1.214318450634219
frame_88,0,255,17,1,False,False,True,5.371969072744549,True,True,[],[   0.073921   -0.093108     0.99291],-18.619332560601773,52.16447194818964,2.008301032074169,0.179057592105145,0.1742454318774581,33.5,15.594240789485504,46.54997250592688,1.1959501143289812
frame_89,0,255,17,1,False,False,True,5.082644553191345,True,True,[],[   0.045359    -0.12406     0.99124],-12.188886126256955,50.47951507965925,1.8728251893329837,0.1890341778193539,0.181525649158118,33.5,14.596582218064604,43.57188721810329,1.1786584684946766
frame_90,0,255,25,1,False,False,True,4.0618017324991404,True,True,[],[ -0.0056106    -0.03816     0.99926],-2.629540266387172,0.336565130014266,1.8290085848202575,0.2035488086312031,0.1978904682489808,33.5,13.145119136879686,39.23916160262593,2.1952702109165454
frame_90,0,127,17,1,False,False,True,4.7331535812813925,True,True,[],[    0.05874    -0.15294     0.98649],8.92149288836002,61.52665812419485,1.8398519102043176,0.1813057430164687,0.1768530120022471,33.5,15.369425698353128,45.87888268165113,1.146100488215982
frame_91,0,255,17,1,False,False,True,4.622297699256406,True,True,[],[   0.083537    -0.11655     0.98967],24.716257797251885,75.714034735349,1.778286077855812,0.2067038731003811,0.2040750642341868,33.5,12.82961268996189,38.29735131331907,1.113130384334804
frame_92,0,255,17,1,False,False,True,3.949003815076653,True,True,[],[   0.084708   -0.019806     0.99621],28.660700846001056,79.96025492483567,2.0446625951195188,0.2105120521706646,0.2025493182938936,33.5,12.44879478293354,37.16058144159266,1.0835271527897423
frame_93,0,255,17,1,False,False,True,4.166666749791523,True,True,[],[   0.030799    -0.14351     0.98917],28.011873491129226,76.47498596455507,2.2247988132680803,0.2044349565537597,0.1903516004187899,33.5,13.056504344624026,38.974639834698586,1.059996976672851
frame_94,0,255,17,1,False,False,True,4.213740260494737,True,True,[],[  0.0025568    -0.17855     0.98393],29.363952163130264,67.3848752672023,2.263764858412696,0.2311183450777251,0.196870569447098,33.5,10.388165492227492,31.009449230529825,1.0462557427689982
frame_95,0,255,17,1,False,False,True,3.9266728882363484,True,True,[],[   0.054523   -0.005567      0.9985],18.810970799199048,49.86207013119648,2.0036766838944597,0.1763663704791893,0.1707032959815231,33.5,15.863362952081063,47.353322245018106,1.0330662537218551
frame_96,0,255,17,1,False,False,True,4.166666853986002,True,True,[],[   0.053421   -0.038115     0.99784],27.757240185094822,45.10386444034303,1.6864102279176063,0.2024671633853333,0.2027797631433279,33.5,13.253283661466664,39.562040780497504,1.0017613770020788
frame_97,0,255,17,1,False,False,True,4.083950987459051,True,True,[],[    0.03164   0.0066068     0.99948],30.84493640517184,51.97521832376789,1.904208653420424,0.2103414445512041,0.1943339786328009,33.5,12.465855544879584,37.21150908919279,0.9688185920370648
frame_98,0,255,17,1,False,False,True,4.253846277551553,True,True,[],[ -0.0017139  -0.0031939     0.99999],25.44091327207938,56.43000171027592,2.2278852456042717,0.2009423901022378,0.1964841074932984,33.5,13.405760989776214,40.0171969844066,0.9496853104232968
frame_99,0,255,28,1,False,False,True,4.972837715361641,True,True,[],,43.004277803648336,17.72707084163417,-1.0,0.4200069576819438,0.4593662022143193,33.5,8.500695768194383,25.37521124834144,2.1442942849736446
frame_99,0,127,17,1,False,False,True,4.36842128123134,True,True,[],[  -0.021863  -0.0072768     0.99973],20.291720139097126,55.909511368400686,1.999801311480902,0.2048060200760431,0.2006147050559217,33.5,13.019397992395689,38.86387460416624,0.941379204763073
frame_100,0,255,28,1,False,False,True,4.980721484508525,True,True,[],,-19.425301835175212,19.781874572275427,-1.0,0.3043307212419756,0.3805654294501929,33.5,3.0669278758024445,9.155008584484907,2.1040898474431278
frame_100,0,127,17,1,False,False,True,4.489510209770803,True,True,[],[  -0.039385    0.010695     0.99917],15.805023230843656,51.39898227155361,2.156464200077112,0.2053257833888291,0.2016247176062019,33.5,12.96742166111709,38.70872137646892,0.9362013259985352
frame_101,0,255,28,1,False,False,True,4.912484513139307,True,True,[],[      0.809    0.094784    -0.58012],-25.18646558582462,6.730545793026039,0.4064549830881132,0.289372269485997,0.2849135512461637,33.5,4.562773051400298,13.620218063881486,2.034801413602491
frame_101,0,127,17,1,False,False,True,4.9828375442883655,True,True,[],,12.523878991351252,48.41313978276055,-1.0,0.2039135065925932,0.1993571277852166,33.5,13.108649340740676,39.1302965395244,0.9350922282459362
frame_102,0,255,28,1,False,False,True,4.797851146412964,True,True,[],,-14.057091399567016,-12.911892767815557,-1.0,0.2942235371386658,0.4150318757850673,33.5,4.077646286133424,12.172078466069925,1.957384059082244
frame_102,0,127,17,1,False,False,True,4.7530754323778535,True,True,[],[    -0.2547    -0.16879     0.95218],12.32880858089876,46.76971391697087,2.136001501938052,0.2058809689100569,0.2009272925687209,33.5,12.911903108994306,38.542994355206886,0.9324420005630726
frame_103,0,255,28,1,False,False,True,5.095440680955343,True,True,[],,12.450017488365257,-28.81969664656456,-1.0,0.2479070550264484,0.2390244057667807,33.5,8.709294497355158,25.997894021955695,1.952473498067112
frame_103,0,127,17,1,False,False,True,5.410794494940225,True,True,[],[    0.66096     0.71541     0.22653],13.22112350561538,47.08004377611503,0.2093327419761201,0.2090225742752978,0.2053299273512696,33.5,12.597742572470215,37.60520170886632,0.9276475336876432
frame_104,0,255,28,1,False,False,True,4.849018147969002,True,True,[],[    0.78899    -0.48808    -0.37321],0.2121265788899148,-33.55846407326217,0.2916707242211842,0.2512751003169184,0.2448134596382648,33.5,8.37248996830816,24.99250736808406,1.9629230492336804
frame_104,0,127,17,1,False,False,True,5.789977127314111,True,True,[],[    0.60692     0.75247      0.2558],13.748429334216848,50.92955518161476,0.2517472063910776,0.2116889919884872,0.207953002974918,33.5,12.33110080115128,36.80925612283964,0.91847929331227
frame_105,0,255,28,1,False,False,True,4.905325524839134,True,True,[],,-3.1711634407754,-36.65348721507264,-1.0,0.2336488876409941,0.2336559687282265,33.5,10.13511123590059,30.25406339074803,1.9639787841155083
frame_105,0,127,17,1,False,False,True,5.6655756604986465,True,True,[],[   0.012606     0.24276        0.97],15.343063042161935,53.68921644251657,2.3117545522125327,0.2105039385228352,0.2054879242114299,33.5,12.449606147716477,37.16300342601933,0.9076607910697896
frame_106,0,255,28,1,False,False,True,4.912838172399515,True,True,[],,-15.629291251216417,-36.040032432045685,-1.0,0.3052410104877783,0.3246232264959934,33.5,2.9758989512221667,8.883280451409453,1.9720283355063608
frame_106,0,127,17,1,False,False,True,5.554387122566551,True,True,[],[   -0.01469     0.23866     0.97099],13.946989914955372,54.414482515928405,2.3865525236126146,0.2090065010932371,0.2037940333331417,33.5,12.599349890676288,37.60999967366055,0.8934953880690208
frame_107,0,255,28,1,False,False,True,5.029080713102581,True,True,[],,8.63431760228344,-35.95809787667253,-1.0,0.2509971528124705,0.2474455865466089,33.5,8.400284718752948,25.07547677239686,1.9580950541149895
frame_107,0,127,17,1,False,False,True,5.138862950337928,True,True,[],[  -0.017598     0.24827     0.96853],6.581163097819495,60.72103097783853,2.379105740518024,0.2069369842063481,0.2054713640753545,33.5,12.806301579365186,38.2277659085528,0.8791893714803298
frame_108,0,255,28,1,False,False,True,5.0998719277641955,True,True,[],,-3.820212234777579,-33.90662414174848,-1.0,0.2879101339828085,0.3003248922968932,33.5,4.708986601719145,14.056676423042225,1.9584351019093804
frame_108,0,127,17,1,False,False,True,5.135790293209586,True,True,[],[  -0.037349      0.2599     0.96491],0.5166350572595868,69.48748669682521,2.3415281836274127,0.2068721070757524,0.2045847991764895,33.5,12.81278929242476,38.24713221619331,0.865964180369433
frame_109,0,255,28,1,False,False,True,5.216417453054105,True,True,[],,-4.428142053730809,-35.12938975259569,-1.0,0.2956907473035322,0.3241339638819401,33.5,3.930925269646779,11.7341052825277,1.9468430997464603
frame_109,0,127,17,1,False,False,True,5.901966528817875,True,True,[],[  -0.048766     0.24469     0.96837],-1.8941077518639176,76.37155660677631,2.400216243292122,0.2004825834699466,0.1968385070843925,33.5,13.45174165300534,40.154452695538325,0.8468232020311492
frame_110,0,255,28,1,False,False,True,5.146296390901625,True,True,[],[     0.8421    -0.53924  -0.0091748],0.5257207565124941,-32.79976863754327,0.2880032920897563,0.2849761433757973,0.3223444953931962,33.5,5.002385662420272,14.932494514687376,1.94135335300787
frame_110,0,127,17,1,False,False,True,5.656321979966291,True,True,[],[  -0.057013     0.22743     0.97212],-7.351443245710563,79.92341372830491,2.3900669191103168,0.2081525622785414,0.2134354580306849,33.5,12.684743772145854,37.86490678252494,0.8312463692880564
frame_111,0,255,28,1,False,False,True,4.941281809688667,True,True,[],[    0.77338    -0.63394   0.0010319],1.1565183517167694,-39.3564087558866,0.2862996058774938,0.2833476914964213,0.3290929960376871,33.5,5.165230850357871,15.41859955330708,1.949861668880125
frame_111,0,127,17,1,False,False,True,4.68266670652803,True,True,[],[  -0.050721     0.24244     0.96884],70.94600644384916,100.68665692427231,2.4689770381381395,1.493186775314698,1.2743709626633084,33.5,115.8186775314698,345.7273956163277,0.826053766519978
frame_112,0,255,28,1,False,False,True,5.2170180829944375,True,True,[],[    0.74916    -0.66215    0.017579],2.2467011615156807,-41.33733289747399,0.2855053277651873,0.2849228246357174,0.3318370853224034,33.5,5.007717536428258,14.948410556502262,1.955146955488955
frame_112,0,127,17,1,False,False,True,4.528972812119573,True,True,[],[-0.00011812     0.26089     0.96537],-14.919131583433217,56.36563721406936,2.3163017689598595,0.2106708951565109,0.2102409039160787,33.5,12.432910484348906,37.1131656249221,0.8085934770114008
frame_113,0,255,28,1,False,False,True,5.0923261499468895,True,True,[],[    0.78959    -0.61012    0.065516],5.274548883686597,-37.38001154737509,0.2852163455490525,0.2848831089995807,0.316690715986656,33.5,5.011689100041933,14.960265970274426,1.9416221697937768
frame_113,0,127,17,1,False,False,True,4.710526422115466,True,True,[],[ -0.0037187     0.22816     0.97362],-15.145910564438934,36.61984954012646,2.361556687438368,0.2064588013397182,0.2044745997321601,33.5,12.854119866028183,38.3705070627707,0.7983555590677442
frame_114,0,255,28,1,False,False,True,4.9754305828450285,True,True,[],[    0.79435    -0.60733    -0.01251],-0.1344209426045561,-37.4731814216681,0.2891748074281758,0.284073487809694,0.3043453904365151,33.5,5.092651219030597,15.201943937404767,1.9385743925351295
frame_114,0,127,17,1,False,False,True,4.451707430576932,True,True,[],[  -0.045573      0.2142     0.97573],-10.338708096303831,23.025024269183756,2.4623370241794964,0.1944338770106368,0.1940205617110792,33.5,14.05661229893632,41.96003671324274,0.7886326492081747
frame_115,0,255,28,1,False,False,True,4.967741637956051,True,True,[],[   -0.70093     0.71174   -0.046084],-3.062745838083444,134.68133604827824,0.2882579528762325,0.2880684467096229,0.3148596027250956,33.5,4.693155329037713,14.009418892649888,1.9428245557286727
frame_115,0,127,17,1,False,False,True,4.459546908720582,True,True,[],[  -0.097811     0.20916     0.97298],-1.1777955231279271,18.202669613977783,2.475875571286129,0.1872258326575778,0.1795966828316135,33.5,14.777416734242216,44.11169174400661,0.7845716116002759
frame_116,0,255,28,1,False,False,True,4.981173496599243,True,True,[],[   -0.68412     0.71794    -0.12863],-20.250412277616576,134.47595839798396,0.2885682328228706,0.2648609253332847,0.2671114593744063,33.5,7.013907466671526,20.93703721394485,1.933271690078129
frame_116,0,127,17,1,False,False,True,4.568026816990599,True,True,[],[  -0.047047     0.22242     0.97382],9.121133839186127,15.006709219824272,2.247572471985654,0.206227631137949,0.19661762457474,33.5,12.8772368862051,38.43951309314955,0.7936679954208224
frame_117,0,255,28,1,False,False,True,5.166666127187006,True,True,[],[    0.70333    -0.68957     0.17265],10.225664945923588,-44.53673919337965,0.2886337251138601,0.286899684558211,0.309737119464896,33.5,4.8100315441789,14.35830311695194,1.9305867069495648
frame_117,0,127,17,1,False,False,True,4.334020188938515,True,True,[],[   0.042374     0.23089     0.97206],9.93987566746169,11.224255661048636,2.120969229411489,0.2212244980447292,0.2190455826778394,33.5,11.377550195527077,33.96283640455843,0.7933307697096416
frame_118,0,255,28,1,False,False,True,4.9093919229471314,True,True,[],[   -0.66357     0.73892    -0.11693],-6.911025021850479,131.81397977503028,0.2833822277489486,0.283393477038161,0.2898961982260588,33.5,5.1606522961838985,15.404932227414625,1.9272417235665205
frame_118,0,127,17,1,False,False,True,4.7555555555555555,True,True,[],[    0.20565     0.25355     0.94521],18.24185103527683,6.513964551508,1.8232799454131023,0.2923621895136293,0.2516494303192177,33.5,4.263781048637072,12.727704622797228,0.8067272926129422
frame_119,0,255,28,1,False,False,True,4.900000085610062,True,True,[],[   -0.59024     0.79946    -0.11177],-6.598939891973748,126.31067029144556,0.2873626294761421,0.2873219853157739,0.2961334549421201,33.5,4.767801468422611,14.232243189321228,1.9302351087331773
frame_119,0,127,17,1,False,False,True,5.028238306670618,True,True,[],[    0.19521     0.25198     0.94784],0.4493886882873218,-8.15970338089552,1.923504599158384,0.2259271854337709,0.2205259408633633,33.5,10.907281456622911,32.559049124247494,0.7835904485908288
frame_120,0,255,28,1,False,False,True,4.849137514556227,True,True,[],[   -0.55984     0.81022    -0.17356],-11.122281801487128,124.52396401850996,0.2897508503584945,0.2804085276747635,0.2833788806446704,33.5,5.459147232523648,16.295961888130293,1.9262509680280004
frame_120,0,127,17,1,False,False,True,4.451178801042816,True,True,[],[     0.2183     0.25991     0.94064],3.4271833158705576,-5.9226110594420085,1.825494071961532,0.2312913533236357,0.2250210219311595,33.5,10.370864667636427,30.957804978019198,0.7883503510038887
frame_121,0,255,28,1,False,False,True,4.779613050797477,True,True,[],[   -0.60292     0.76665    -0.22075],-13.240160448262488,128.185284056261,0.2811504768013515,0.2809821269095509,0.2832321471886095,33.5,5.401787309044915,16.12473823595497,1.91830802954874
frame_121,0,127,17,1,False,False,True,4.5512405939403875,True,True,[],[     0.2949     0.26681     0.91752],7.304078886836531,-2.605001723018782,1.9470745332713424,0.2442247345723245,0.23761984271202,33.5,9.07752654276755,27.09709415751508,0.7935552519821062
frame_122,0,255,28,1,False,False,True,4.9314539016063925,True,True,[],[   -0.60254     0.75868     -0.2477],-16.225304200932438,128.59938828017468,0.2826853018654385,0.2808980751594174,0.2768034309704748,33.5,5.410192484058262,16.14982831062168,1.9155225321395384
frame_122,0,127,17,1,False,False,True,4.71881276058311,True,True,[],[    0.21425     0.27482     0.93732],4.024079487857601,2.9467791338789047,1.520432238584284,0.2382966541530471,0.2370981677343258,33.5,9.670334584695286,28.866670402075485,0.7960611790545109
frame_123,0,255,28,1,False,False,True,4.898734493464415,True,True,[],[    -0.5542     0.80031    -0.22885],-13.957094467756168,124.0303982093873,0.2829000532036164,0.2770977089213717,0.2765686298841269,33.5,5.790229107862826,17.284265993620377,1.9183293155962489
frame_123,0,127,17,1,False,False,True,4.673469387755102,True,True,[],[    0.32209     0.27068     0.90719],-2.7969484290642983,-0.0475767447782309,1.508385925748437,0.2394324570783527,0.2346475391273506,33.5,9.556754292164731,28.52762475273054,0.7949314316744701
frame_124,0,255,28,1,False,False,True,4.802734901258186,True,True,[],[   -0.54704     0.80382    -0.23372],-13.795710778428774,123.98080002553723,0.2821051149585626,0.2808081394572821,0.2808680570325419,33.5,5.419186054271791,16.176674788871015,1.920412181287949
frame_124,0,127,17,1,False,False,True,4.591836734693878,True,True,[],[    0.34155     0.26466     0.90183],1.508015693550394,-1.7554968234091153,1.527150413607832,0.2372462096087738,0.2345135317958804,33.5,9.775379039122615,29.180235937679456,0.7917741139783566
frame_125,0,255,28,1,False,False,True,4.79349621925519,True,True,[],[   -0.59102     0.76951    -0.24199],-15.076580792438552,127.30951406112668,0.2804929867507191,0.2789353811204622,0.2795394873646023,33.5,5.606461887953778,16.735707128220234,1.9148635523659845
frame_125,0,127,17,1,False,False,True,4.62,True,True,[],[     0.3047     0.27074     0.91316],2.7101781867360346,-1.541218593857697,1.6220547029949408,0.247495616249484,0.2406779448498947,33.5,8.7504383750516,26.120711567318207,0.7858509445450632
frame_126,0,255,28,1,False,False,True,4.796242068390552,True,True,[],[   -0.59216     0.75655    -0.27746],-16.501141892499678,128.3432583866075,0.2894255688609871,0.2895112900183477,0.2830388115917392,33.5,4.548870998165233,13.578719397508156,1.914418109741077
frame_126,0,127,17,1,False,False,True,4.730547670764,True,True,[],[    0.42922     0.22237      0.8754],0.9112096859846054,-15.792820241346236,2.005848353210633,0.236249739274828,0.2313134478850432,33.5,9.875026072517196,29.47768976870805,0.7826640516995116
frame_127,0,255,28,1,False,False,True,4.7443178694535915,True,True,[],[   -0.60966      0.7342    -0.29876],-17.473121472262026,129.33356640609617,0.2798943784866008,0.2797849961711913,0.2816856433528443,33.5,5.521500382880867,16.482090695166768,1.9142206386138836
frame_127,0,127,17,1,False,False,True,4.151315678354596,True,True,[],[    0.48825     0.16135     0.85766],4.433525640961972,-28.81640451703915,2.8682063111448883,0.2255344690111639,0.2429597737497046,33.5,10.946553098883609,32.67627790711524,0.7834019742498898
frame_128,0,255,28,1,False,False,True,4.8375668511321575,True,True,[],[   -0.63471     0.71437    -0.29466],-16.778188149400105,131.69381649690797,0.2830283737094503,0.2766718052969938,0.2872948117084701,33.5,5.832819470300615,17.411401403882433,1.9088024038534896
frame_128,0,127,17,0,False,False,True,4.679860921935429,True,False,[],[    0.62867  0.00053513     0.77768],40.607844416434304,-8.892935246669959,2.476954041766761,1.530416091621471,1.505372356064624,33.5,119.54160916214713,356.84062436461824,2.6130632765584942
frame_129,0,255,28,1,False,False,True,4.781512505329843,True,True,[],[      -0.61     0.71147    -0.34887],-21.18409771408804,130.65441372064734,0.2941976271193658,0.2899656570211641,0.2930524488539009,33.5,4.503434297883585,13.443087456368913,1.905995435250232
frame_129,0,127,17,0,True,False,True,4.708932182505183,,False,[],,,,,,,33.5,,,
frame_130,0,255,28,1,False,False,True,4.7125005566107045,True,True,[],[   -0.55034     0.76062    -0.34436],-27.298196910940216,126.0882357923054,0.2809002133591503,0.2520402146255912,0.2464594707795805,33.5,8.29597853744088,24.764115037136957,1.9131923035440463
frame_130,0,127,17,1,True,False,True,4.231974606716994,,False,[],,,,,,,33.5,,,
frame_131,0,255,28,1,False,False,True,4.845528125949975,True,True,[],[    -0.5095     0.79038    -0.34017],-20.849617216258803,123.41851486603676,0.275661057669838,0.2744272740422471,0.2729858779378947,33.5,6.057272595775292,18.081410733657588,1.909120712950236
frame_131,0,127,17,1,True,False,True,3.3472805988146783,,False,[],,,,,,,33.5,,,
frame_132,0,255,28,1,False,False,True,4.677987807835971,True,True,[],[   -0.52692     0.72924    -0.43653],-26.307068626340644,125.73403273933366,0.2737424162460258,0.2723126559150639,0.2713935008177617,33.5,6.268734408493609,18.71264002535406,1.8995434797727144
frame_133,0,255,28,1,False,False,True,4.643442512510791,True,True,[],[   -0.49612     0.73183    -0.46721],-27.56026459357852,123.87631918385514,0.266642053506908,0.2669749145372833,0.2620505489748922,33.5,6.802508546271674,20.30599566051246,1.894742123614902
frame_134,0,255,28,1,False,False,True,4.94348525963079,True,True,[],[   -0.40769      0.7988    -0.44238],-26.74193480939965,116.68105873467157,0.2705655227047667,0.2692318948965769,0.2655027164370062,33.5,6.576810510342307,19.63227018012629,1.897279369509381
frame_135,0,255,28,1,False,False,True,5.033699509848373,True,True,[],[   -0.36308     0.81035     -0.4599],-27.315328105774626,114.13005956564638,0.2784845551539974,0.2785341838377624,0.2759832156924731,33.5,5.646581616223761,16.855467511115705,1.8881172901579848
frame_136,0,255,28,1,False,False,True,5.0117470521272205,True,True,[],[   -0.39142     0.81531    -0.42669],-25.921644172313368,115.66047897722562,0.2728406369301591,0.272587336103401,0.2687091110248225,33.5,6.241266389659899,18.630645939283283,1.88254108915692
frame_137,0,255,28,1,False,False,True,4.826684222429415,True,True,[],,-27.209623407454007,119.73867492436642,-1.0,0.276111167553781,0.2734451040294332,33.5,5.888883244621895,17.57875595409521,1.87487473514
frame_138,0,255,28,1,False,False,True,5.066666944678991,True,True,[],[   -0.43258     0.77103    -0.46732],-27.695261264428943,119.11340670176276,0.2814765432961313,0.2767197137193466,0.2718478073838097,33.5,5.828028628065335,17.39710038228458,1.865967386223344
frame_139,0,255,28,1,False,False,True,5.077155426260399,True,True,[],[   -0.41658     0.82208    -0.38813],-22.553239506870003,116.58821869858664,0.2740023273444542,0.2701426477086057,0.2691900219267068,33.5,6.485735229139428,19.36040366907292,1.8631736332531172
frame_140,0,255,28,1,False,False,True,5.16620869445302,True,True,[],,-21.93047905265996,113.82328946455486,-1.0,0.2772526012821691,0.271501719112986,33.5,5.774739871783091,17.238029468009227,1.8594297370754305
frame_141,0,255,28,1,False,False,True,5.276924383167844,True,True,[],[   -0.33654     0.90139    -0.27246],-16.512553942511794,110.38342123414772,0.2816829588026251,0.2816606372705413,0.2766523959693235,33.5,5.333936272945866,15.922197829689152,1.858456513569104
frame_142,0,255,28,1,False,False,True,5.343471275715608,True,True,[],,-17.629264390191064,109.47187578139766,-1.0,0.2749913106546125,0.2691079097358966,33.5,6.00086893453875,17.91304159563806,1.8526998094546043
frame_143,0,255,28,1,False,False,True,5.40367650379026,True,True,[],[   -0.32149      0.8728    -0.36724],-21.98023642116681,110.2061235461656,0.2861043724497917,0.2859739875432463,0.2815819296306322,33.5,4.90260124567537,14.63463058410558,1.8514826490365444
frame_144,0,255,28,1,False,False,True,5.500000972833432,True,True,[],[    -0.3361     0.87929    -0.33747],-19.993878531148003,110.87182144745478,0.2816668302831337,0.2777651637286831,0.2743776566008399,33.5,5.723483627131687,17.085025752631903,1.849678554823804
frame_145,0,255,28,1,False,False,True,5.4328998718586945,True,True,[],[   -0.35557      0.8572    -0.37253],-21.92068476149609,112.49336305815432,0.275746115905195,0.2721878793097637,0.2675315092440767,33.5,6.281212069023629,18.74988677320486,1.8457583494139589
frame_146,0,255,28,1,False,False,True,4.9869058524276895,True,True,[],[    -0.3696     0.80862    -0.45774],-27.51770806911497,114.34833144476914,0.2776739114688766,0.2776536264899835,0.2737526892419164,33.5,5.734637351001654,17.118320450751202,1.850853732701233
frame_147,0,255,28,1,False,False,True,4.627358506866834,True,True,[],[   -0.39623     0.76462    -0.50829],-30.23072182695387,117.06581679291548,0.284750308570539,0.2760995798537972,0.2685970144874102,33.5,5.890042014620284,17.582214969015773,1.8523782166863008
frame_148,0,255,28,1,False,False,True,4.690042311806729,True,True,[],[   -0.46817     0.74135    -0.48085],-28.529309541019977,122.07795438079778,0.2716115270248875,0.2629204366971595,0.2600016470238177,33.5,7.207956330284055,21.51628755308673,1.852316537219235
frame_149,0,255,28,1,False,False,True,5.189210614661692,True,True,[],[   -0.47549     0.74057    -0.47484],-28.19602115894368,122.5443403978762,0.2805007542590935,0.2806361912870864,0.2805036843359318,33.5,5.436380871291363,16.22800260086974,1.862567918770241
frame_150,0,255,28,1,False,False,True,4.727777519844255,True,True,[],[   -0.49213     0.71223    -0.50054],-29.943811762882465,124.29709790542898,0.2843406871795764,0.278309929470514,0.2812420674517488,33.5,5.669007052948599,16.9224091132794,1.8678453093237448
frame_151,0,255,28,1,False,False,True,4.284875041307957,True,True,[],[   -0.47373     0.67249    -0.56864],-34.79411243032797,125.12075062085594,0.2770162136770264,0.2769812414803707,0.2767440273601204,33.5,5.8018758519629285,17.31903239391919,1.865387583408716
frame_152,0,255,28,1,False,False,True,4.103956253320483,True,True,[],[   -0.47371     0.68164    -0.55765],-33.910806338709314,124.63080107718952,0.2792909492878479,0.2746839950650551,0.274621437730806,33.5,6.031600493494488,18.00477759252086,1.8600308293295011
frame_153,0,255,28,1,False,False,True,4.000720450317147,True,True,[],[   -0.48793     0.63876     -0.5949],-36.23353181479088,127.29366268916668,0.281954094024772,0.2820276524663661,0.2864337720499659,33.5,5.297234753363394,15.8126410548161,1.848533607632716
frame_154,0,255,28,1,False,False,True,3.8435582342541914,True,True,[],[    0.53902    -0.56624     0.62356],38.52490385373559,-46.15088071552272,0.2868142844742689,0.2869245687374826,0.2882555487367442,33.5,4.80754312625174,14.350875003736537,1.824960593657424
frame_155,0,255,28,1,False,False,True,4.3990146134681885,True,True,[],[   -0.49492     0.66101    -0.56402],-34.47053780182915,126.98763099519432,0.2615122878342726,0.2614893438512732,0.2606468813632193,33.5,7.351065614872682,21.94347944738114,1.826444030476151
frame_156,0,255,28,1,False,False,True,4.440945162613505,True,True,[],[    0.43494    -0.60991     0.66244],41.33101850467581,-54.79630950127391,0.3144178221071536,0.3102536537411993,0.3026080865825654,33.5,2.474634625880073,7.386969032477831,1.8363469027256087
frame_157,0,255,28,1,False,False,True,3.7796354775326635,True,True,[],[    0.48768    -0.58518     0.64787],40.22229087916066,-50.16398601593562,0.2703108597955168,0.2695645793965653,0.271988657236301,33.5,6.543542060343471,19.532961374159616,1.844032710758465
frame_158,0,255,28,1,False,False,True,3.499247741432164,True,True,[],[    0.55525    -0.45496     0.69621],43.850442889097785,-39.0068866324801,0.2766547253192331,0.2766361847680392,0.2843285070047532,33.5,5.836381523196082,17.422034397600246,1.842906564843251
frame_159,0,255,28,1,False,False,True,3.272727146621556,True,True,[],[     0.7705   -0.052909     0.63525],39.692916807924966,-3.289220775090524,0.2793809574112194,0.2797223405110249,0.2781713764340292,33.5,5.527765948897506,16.500793877305988,1.869849467005168
frame_160,0,255,28,1,False,False,True,2.965872932307724,True,True,[],[    0.66081    -0.30592     0.68537],43.38046507605452,-24.853769072978466,0.2563700614301201,0.2564363365666986,0.2649303117838185,33.5,7.85636634333014,23.45183983083624,1.874338671316048
frame_161,0,255,28,1,False,False,True,3.6651583611884173,True,True,[],[    0.69232    -0.29994      0.6563],41.027946854222215,-23.388205664558587,0.2622359309466413,0.2622875443021488,0.2774611690015572,33.5,7.271245569785117,21.70521065607498,1.8865663009247655
frame_162,0,255,28,1,False,False,True,4.5587938744327134,True,True,[],[    0.34642    -0.44801     0.82419],-33.98070812773225,127.4887065172729,1.1162965613162374,0.2707818217810114,0.2744272585297411,33.5,6.421817821898862,19.169605438504064,1.9310490869735617
frame_163,0,255,28,1,False,False,True,5.440992854832487,True,True,[],[   -0.35207     0.81585    -0.45873],-24.24600382394938,112.77764264698476,0.3395667935675616,0.2836627182670032,0.2817986921898449,33.5,5.1337281732996844,15.32456171134234,1.9659290318789124
frame_164,0,255,28,1,False,False,True,4.884288194665244,True,True,[],[    0.22434    -0.16205     0.96094],67.9271046512347,-33.90992170358953,1.2952254924655704,0.9774521827372512,0.9702148089575728,33.5,64.24521827372511,191.77677096634363,1.9769344554680728
frame_165,0,255,28,1,False,False,True,3.7055337150267387,True,True,[],[    0.16981   -0.099374     0.98045],67.15557545132457,-15.480638092975289,1.3445777936439252,0.5140226701915758,0.5137435747660599,33.5,17.902267019157573,53.43960304226142,1.9121206386079048
frame_166,0,255,28,1,False,False,True,3.9473684210526314,True,True,[],[    0.20543     -0.1004     0.97351],48.11301245056295,-12.539780406218416,1.457066042681605,0.2771533947903886,0.2745685101921155,33.5,5.784660520961143,17.267643346152667,1.9572520347085371
frame_167,0,255,28,1,False,False,True,4.12962942645512,True,True,[],[    0.40304    0.004037     0.91517],23.07767489860708,15.539683115976052,1.0980154237361592,0.2915984362705524,0.3262348340221342,33.5,4.340156372944764,12.955690665506758,2.065862764716665
frame_168,0,255,28,1,False,False,True,4.556683015311032,True,True,[],[   -0.23126    -0.19357     0.95344],-21.50738988966188,31.293776880642294,1.2611733114203398,0.2219147696428871,0.2337449025977902,33.5,11.308523035711287,33.75678518122772,2.0441370423227747
frame_169,0,255,28,1,False,False,True,4.7960830590659915,False,True,[],[  -0.047054    -0.12653     0.99085],-1.0,-1.0,-1.0,-1.0,0.3714100900948097,33.5,,,2.017870726062555
frame_170,0,255,28,1,False,False,True,4.835065754894773,False,True,[],[-0.00099357     -0.1678     0.98582],-1.0,-1.0,-1.0,-1.0,0.2748972592081366,33.5,,,1.9653063601613856
frame_171,0,255,-1,1,False,False,True,5.10000020980839,True,True,[],,-7.918325945472698,-1.1868098597023256,-1.0,0.2869586628956515,0.280123490879465,33.5,4.804133710434849,14.3406976430891,1.937477620288392
frame_172,0,255,30,1,False,False,True,4.809523809523809,True,True,[],,-15.694133246882846,-2.0162324516136536,-1.0,0.2970091671491046,0.297688913716202,33.5,3.799083285089538,11.340547119670264,1.926815107778499
frame_173,0,255,30,1,False,False,True,5.1,True,True,[],,-12.312915164619543,0.0264326672911305,-1.0,0.2990533196650495,0.2893152582656561,33.5,3.5946680334950463,10.730352338791182,1.9534098703614384
frame_174,0,255,30,1,False,False,True,5.2,True,True,[],,-8.533356408667062,-2.0376472492523043,-1.0,0.3142470414439642,0.3342563719933369,33.5,2.075295855603576,6.194913001801719,1.9385514885426611
frame_175,0,255,30,1,False,False,True,5.5,True,True,[],[   0.041297    -0.12791     0.99092],0.8749600546504084,-2.322262009451489,1.2707422210959882,0.2852268443587402,0.277912267907657,33.5,4.977315564125978,14.857658400376051,1.9452106755560967
frame_176,0,255,30,1,False,False,True,5.028080236961338,True,True,[],[    0.99704    0.048643   -0.059468],-3.097610069648713,2.8123595795128504,0.2885628740695744,0.2888287986656018,0.2840564128142513,33.5,4.617120133439817,13.782448159521843,1.9645108426271896
frame_178,0,255,30,1,False,False,True,5.35,True,True,[],,9.434200581368726,0.2953491719472352,-1.0,0.2813191298407999,0.2771788022835348,33.5,5.368087015920015,16.024140346029895,1.9489044074047528
frame_182,0,255,-1,1,False,False,True,4.952457848360115,True,True,[],[    0.40999     0.08562     0.90806],64.99122434220054,11.78573507752854,0.4056800148169581,0.4057616047528876,0.4204709092129677,33.5,7.076160475288757,21.1228670904142,1.6745535543978125
frame_183,0,255,-1,1,False,False,True,4.991735416320078,False,True,[],[  -0.090605    -0.14362     0.98548],-1.0,-1.0,-1.0,-1.0,0.5560791320384673,33.5,,,1.985431876013384
frame_184,0,255,32,1,False,False,True,5.130681978033538,True,True,[],[  -0.092848    -0.13098     0.98703],-7.544128420679417,8.328197980384838,1.2345969091987117,0.3103957242981243,0.2821387561995288,33.5,2.4604275701875675,7.344559911007664,1.9460893357986384
frame_185,0,255,32,1,False,False,True,4.952848674777009,True,True,[],[  -0.031723    -0.14298     0.98922],-19.035090364335,12.34836872659765,1.258213461741775,0.2791510117048579,0.268406902606267,33.5,5.584898829514212,16.671339789594665,1.9491834685915992
frame_186,0,255,32,1,False,False,True,5.081553511618785,True,True,[],,-2.5878510207013647,8.805892698274906,-1.0,0.2911473280475473,0.2866783261368827,33.5,4.385267195245274,13.090349836553056,1.9275831202482847
frame_189,0,255,-1,1,False,False,True,5.079595091946684,True,True,[],,2.142321373953225,4.5388127688050295,-1.0,0.2895649647950448,0.2854003155460143,33.5,4.543503520495523,13.56269707610604,1.8971591309460216
frame_191,0,255,-1,1,False,False,True,5.406060314607596,True,True,[],[   -0.34116    -0.15284      0.9275],47.70893998134346,-163.00749037475202,1.3680241988514017,0.5038688098874455,0.4645738680767188,33.5,16.88688098874455,50.408599966401646,1.9911856909272487
frame_192,0,255,-1,1,False,False,True,5.126648990328982,True,True,[],,-17.8784066312613,14.185292960619645,-1.0,0.2901596845434202,0.2886880791608753,33.5,4.484031545657979,13.385168793008893,1.9256056755530733
frame_193,0,255,35,1,False,False,True,5.096354437521517,True,True,[],,-9.463587474492735,12.499224094416556,-1.0,0.2888201652324193,0.2809173343793604,33.5,4.61798347675807,13.785025303755432,1.915597559940959
frame_194,0,255,35,1,False,False,True,5.347150394463153,True,True,[],[  -0.030794    -0.15525      0.9874],0.961829698200578,8.407448681813486,1.2721448103337942,0.2839525586439838,0.2777108802653455,33.5,5.104744135601619,15.238042195825727,1.9135586453111548
frame_195,0,255,35,1,False,False,True,5.469878928774962,False,True,[],,-1.0,-1.0,-1.0,-1.0,0.567592374924777,33.5,,,1.9340116653546109
frame_196,0,255,35,1,False,False,True,5.507518646210816,True,True,[],,1.358882967832798,6.354500196914271,-1.0,0.2862750394173895,0.2898050727506297,33.5,4.87249605826105,14.544764353018062,1.9127333744386208
frame_197,0,255,35,1,False,False,True,5.401826807167008,True,True,[],,1.3043433619111071,4.395770894388506,-1.0,0.293328798773753,0.2816700065933267,33.5,4.167120122624696,12.439164545148346,1.908043151916223
frame_198,0,255,35,1,False,False,True,5.65,True,True,[],,5.3216634613443,1.2002146728007617,-1.0,0.2880649328908946,0.2829066320594343,33.5,4.693506710910539,14.0104677937628,1.8949473744836347
frame_199,0,255,-1,1,False,False,True,5.65,True,True,[],,6.664482223823203,-0.2176869400517581,-1.0,0.2879305775619849,0.284270170119151,33.5,4.706942243801509,14.050573862094057,1.88229594607248
frame_200,0,255,-1,1,False,False,True,6.999999880790696,True,True,[],,10.786613270569749,-0.8039543131286279,-1.0,0.2807682289709592,0.279025780843494,33.5,5.423177102904075,16.188588366877838,1.8603117688857125
frame_201,0,255,-1,1,False,False,True,7.0,True,True,[],[  -0.062827    -0.13143     0.98933],2.420835616867455,1.3987320270217205,1.380727013324235,0.27283786905745,0.2634588512076669,33.5,6.216213094255002,18.555859982850752,1.843203763077162
frame_202,0,255,38,1,False,False,True,6.588235294117647,True,True,[],[  -0.083383    -0.10841      0.9906],8.238266870159551,2.261419083628936,1.6019707763946571,0.2473933253099779,0.2393092176958736,33.5,8.760667469002204,26.15124617612598,1.8399422307087137
frame_203,0,255,38,1,False,False,True,5.391489133877131,False,True,[],[    0.26916   -0.062403     0.96107],-1.0,-1.0,-1.0,-1.0,0.3761514150589054,33.5,,,1.852046781402724
frame_204,0,255,38,1,False,False,True,5.610491339362046,True,True,[],[ 0.00072427   -0.060422     0.99817],13.845952555198338,14.976487698674234,1.3396356014467832,0.2876719615596525,0.3203572349514682,33.5,4.73280384403475,14.12777266876045,1.8520488587495323
frame_205,0,255,38,1,False,False,True,5.982990911029072,True,True,[],,-12.134112480115688,23.19168482658144,-1.0,0.3113673538441864,0.3027743142630199,33.5,2.3632646155813566,7.054521240541363,1.85093524259857
frame_206,0,255,38,1,False,False,True,6.787878515539428,True,True,[],[   -0.24771    -0.17517     0.95287],-13.935089379027763,30.34060726261188,1.2871025814078227,0.2910056741426898,0.2881615320404473,33.5,4.399432585731017,13.13263458427169,1.8365198595860184
frame_210,0,255,-1,1,False,False,True,6.711111704508464,True,True,[],[  0.0044089    0.048742      0.9988],-5.811423462540452,37.30447176275097,1.3480878587275162,0.2977259096082623,0.2805510652833508,33.5,3.727409039173768,11.126594146787369,1.800612448842157
frame_211,0,255,39,1,False,False,True,6.726618668027033,True,True,[],,-4.9983927553557495,41.64077690995519,-1.0,0.2808563564059908,0.2705079273393738,33.5,5.41436435940092,16.162281669853492,1.7902617922301851
frame_212,0,255,39,1,False,False,True,6.278931753118857,True,True,[],[    0.71437     0.67987     -0.1657],-10.224310127312767,43.60831302440772,0.2953315139475642,0.2953826554797449,0.2904873684901499,33.5,3.961734452025506,11.826072991120911,1.78193734902379
frame_213,0,255,39,1,False,False,True,6.03731360647034,True,True,[],,-11.909566498269696,42.87290613955071,-1.0,0.2962476644649018,0.2793265417385503,33.5,3.8752335535098217,11.56786135376066,1.7781513474854291
frame_214,0,255,39,1,False,False,True,5.937888382662635,True,True,[],[    0.75385     0.62516    -0.20221],-11.502706925071584,39.68185252249318,0.2907425028809738,0.2908756933625222,0.2872629331681254,33.5,4.412430663747779,13.171434817157548,1.778031831645489
frame_227,0,255,-1,1,False,False,True,6.237013356101845,True,True,[],[    0.74857      0.5867     0.30892],13.901763232365855,37.45339156034331,0.3443516027152847,0.2894397868047306,0.2849703528165762,33.5,4.556021319526943,13.600063640378934,1.810690638034084
frame_228,0,255,40,1,False,False,True,6.838710035225992,True,True,[],[    0.75453     0.55248     0.35419],20.88312416332251,36.045753937753055,0.2862021924428491,0.284921156570988,0.2806367236455269,33.5,5.007884342901198,14.948908486272233,1.816158467573477
frame_229,0,255,40,1,False,False,True,6.072463303001919,True,True,[],[    0.71543     0.58059     0.38868],22.23019693481501,38.886605992110574,0.3158399597371061,0.294716737954021,0.2913715987385313,33.5,4.028326204597904,12.024854342083296,1.822700255438396
frame_230,0,255,40,1,False,False,True,5.590120121677069,True,True,[],[    0.89904     0.25692     0.35458],20.07580261982087,15.982454177562778,0.2935209702033308,0.2925383842190727,0.3280316645163506,33.5,4.2461615780927335,12.675109188336515,1.86491705201106
frame_231,0,255,40,1,False,False,True,5.230391991222729,False,True,[],,-1.0,-1.0,-1.0,-1.0,0.3238415971998152,33.5,,,1.866473456552996
frame_232,0,255,-1,1,False,False,True,4.966536545195667,True,True,[],[     -0.248    -0.06862     0.96633],-30.994941197309547,5.327159342897133,1.2476017031780289,0.2844981878227184,0.2879457489308843,33.5,5.050181217728161,15.075167814113913,1.9083760985514011
frame_233,0,255,-1,1,False,False,True,4.632926520676258,True,True,[],[  -0.079718   -0.053395     0.99539],3.959225558032805,-3.300346353867513,1.2928620119489933,0.28667640655423,0.2812106667029876,33.5,4.8323593445769975,14.424953267394022,1.9098554086981352
frame_234,0,255,-1,1,False,False,True,4.869264407806879,True,True,[],,4.270281536305917,4.310665051258912,-1.0,0.2758623401451944,0.2693242347270946,33.5,5.913765985480563,17.65303279247929,1.9534778594970703
frame_235,0,255,-1,1,False,False,True,4.837377031652399,False,True,[],,-1.0,-1.0,-1.0,-1.0,0.3598386107151851,33.5,,,2.0357952642562984
frame_236,0,255,44,1,False,False,True,4.903273844682024,False,True,[],,-1.0,-1.0,-1.0,-1.0,0.3910413992554341,33.5,,,2.0511042814913805
frame_237,0,255,44,1,False,False,True,4.763662944560962,False,True,[],[   0.071684    -0.10553     0.99183],-1.0,-1.0,-1.0,-1.0,0.391544134020308,33.5,,,2.0943832909802467
frame_238,0,255,44,1,False,False,True,4.391426461166371,True,True,[],[  -0.047368     -0.1207     0.99156],-36.73843215726236,15.196773869314011,1.1657729256025924,0.3754775129612679,0.3593991068866786,33.5,4.047751296126795,12.082839689930733,2.091034784404364
frame_239,0,255,44,1,False,False,True,4.438735312665505,False,True,[],[    0.29365    -0.10128     0.95053],-1.0,-1.0,-1.0,-1.0,0.2791088975296939,33.5,,,2.059263797433164
frame_240,0,255,44,1,False,False,True,4.493624974052697,True,True,[],[    0.22951       -0.13     0.96458],6.953784488424366,-13.220128162070129,1.3103874996185514,0.2522428190143798,0.34604630012737,33.5,8.275718098562018,24.703636115110506,1.9903987288203904
frame_241,0,255,44,1,False,False,True,4.830056341412064,True,True,[],,11.504691397581936,-23.71496216415408,-1.0,0.3585010690687819,0.4805211228311953,33.5,2.350106906878185,7.015244498143837,2.0043399839064504
frame_242,0,255,44,1,False,False,True,4.964133629131819,True,True,[],,8.942071529635355,-25.91241110892926,-1.0,0.2818601483371535,0.3147569252921643,33.5,5.313985166284646,15.862642287416854,1.992306699673224
frame_243,0,255,44,1,False,False,True,5.2325576759020915,True,True,[],[    0.33249     -0.1939     0.92296],11.35442134875358,-26.78518531029464,1.353491233690863,0.2730207012863529,0.301166171720765,33.5,6.19792987136471,18.50128319810361,1.9882884602141533
frame_244,0,255,44,1,False,False,True,5.295041501682385,True,True,[],[     0.2743    -0.15099     0.94972],14.098265423810505,-26.23953850407513,1.292692843945465,0.2984439062585884,0.3334991728672747,33.5,3.655609374141161,10.912266788481077,1.9836672829774769
frame_245,0,255,44,1,False,False,True,5.100512818176497,True,True,[],,14.372026044918126,-24.978892186873672,-1.0,0.3333707581586348,0.3275954720459934,33.5,0.1629241841365203,0.4863408481687174,1.977394085608524
frame_246,0,255,44,1,False,False,True,5.21932549279338,True,True,[],[    0.29998    -0.14564     0.94276],9.310268307052588,-25.24584278261284,1.3024005329262465,0.2867209663547974,0.3020511050223535,33.5,4.827903364520264,14.411651834388849,1.982431053110466
frame_247,0,255,44,1,False,False,True,5.146041133348212,True,True,[],[    0.68441     -0.2974     0.66569],18.894165779487896,-23.407280243002027,0.9554233649517708,0.3150979241626679,0.2781645210949393,33.5,1.9902075837332112,5.940918160397645,1.9715541327298127
frame_248,0,255,44,1,False,False,True,5.267441581794654,True,True,[],[    0.56586    -0.18992     0.80233],17.355035670862577,-20.0489933264244,1.267213197913326,0.3102398074082211,0.2839127314148158,33.5,2.476019259177892,7.391102266202661,1.9567772677529864
frame_249,0,255,44,1,False,False,True,4.836671464594218,True,True,[],[    0.94718    -0.18337     0.26309],2.9287428519000684,-9.964329561212152,0.4745114084789037,0.2751200902156657,0.292257468350146,33.5,5.987990978433428,17.87459993562217,1.9770208389356712
frame_250,0,255,44,1,False,False,True,4.831710735687443,True,True,[],[    0.51961   -0.093282     0.84929],0.2706864341764296,4.722205750969532,1.358899228693545,0.2882257200278127,0.2803312377730829,33.5,4.677427997218725,13.962471633488732,2.002700791707052
frame_251,0,255,44,1,False,False,True,4.604294862945306,True,True,[],,-19.504884661236574,15.88388901996706,-1.0,0.2796962747326708,0.2960244154941369,33.5,5.530372526732919,16.508574706665428,2.033557018472089
frame_252,0,255,44,1,False,False,True,4.815217434044571,False,True,[],[    0.43206     -0.0787     0.89841],-1.0,-1.0,-1.0,-1.0,0.428470475404613,33.5,,,2.0591349753912334
frame_253,0,255,44,1,False,False,True,4.910149252090958,False,True,[],,-1.0,-1.0,-1.0,-1.0,0.4091444959094383,33.5,,,2.0348243473648733
frame_254,0,255,44,1,False,False,True,5.086956803919907,True,True,[],[    0.91044     0.40896   -0.062037],-5.017925924244016,24.66957614233304,0.3221971036654631,0.2782853531714925,0.3669830381488249,33.5,5.671464682850752,16.929745321942544,2.030551698151777
frame_255,0,255,44,1,False,False,True,4.673378255397286,True,True,[],[    0.76057     0.37256     0.53172],21.5114984923958,29.36581313050267,0.6023844980787776,0.2932697007746357,0.3175638940806655,33.5,4.173029922536426,12.456805738914705,1.9935799022288732
frame_256,0,255,44,1,False,False,True,4.066743081162967,True,True,[],[    0.42737     0.12935     0.89478],34.85002723423997,35.82752599480257,1.047464079630568,0.2998582230352355,0.3141902857052122,33.5,3.5141776964764446,10.490082676049088,1.9367501188788496
frame_257,0,255,-1,1,False,False,True,4.245202869052657,True,True,[],[    0.48991     0.35363     0.79683],42.56389528733234,41.75668961896177,0.935258092110965,0.2760850599194686,0.2814146250057546,33.5,5.891494008053138,17.586549277770562,1.892689471460801
frame_258,0,255,-1,1,False,False,True,3.3403880724372566,True,True,[],[    0.41098     0.12872     0.90251],33.58428797660189,39.24904911925923,1.3147876921488384,0.2393731424037927,0.2565552807975013,33.5,9.56268575962073,28.545330625733524,1.849615662193149
frame_260,0,255,-1,1,False,False,True,2.2571430002701254,True,True,[],[    0.20391    -0.13955     0.96899],43.43082619855523,25.498491529116382,1.5852230799032476,0.2076088631531207,0.1915878542148769,33.5,12.739113684687926,38.027205028919184,1.7601249887112
frame_262,0,255,-1,1,False,False,True,3.379584877726537,True,True,[],[    0.18505    -0.19349     0.96349],57.43773591465219,-21.46891139905711,1.7413414423116322,0.3344548600204464,0.297954892477107,33.5,0.0545139979553577,0.1627283521055454,1.6527086771221686
frame_263,0,255,-1,1,False,False,True,4.923774330196789,True,True,[],[    0.15307    -0.19004     0.96977],75.4223017954461,-48.174876012154414,1.7487366273646578,1.7481390224444882,1.7164422253265124,33.5,141.31390224444883,421.83254401328,1.6376789694136762
frame_264,0,255,-1,1,False,False,True,4.812564993258155,True,True,[],[    0.17198    -0.18035     0.96845],46.06070446470561,-10.953341257343356,1.7672601676027992,0.4888128578130994,0.3237570705876667,33.5,15.381285781309945,45.91428591435805,1.5794560621438622
frame_265,0,255,-1,1,False,False,True,5.121387419601632,False,True,[],[   0.067934    -0.16115     0.98459],-1.0,-1.0,-1.0,-1.0,0.3280590260550237,33.5,,,1.635499737224319
frame_266,0,255,52,1,False,False,True,5.255813856285138,True,True,[],[    0.24801   -0.088299     0.96472],27.56435960516725,8.777474109424872,1.4747251907510042,0.2951219701184727,0.3303863525221951,33.5,3.987802988152728,11.903889516873816,1.5988352937627073
frame_267,0,255,52,1,False,False,True,6.057030015560203,True,True,[],[    0.13005    -0.11544     0.98476],19.39094721658388,18.943190684464657,1.2608387665912135,0.2853809292616472,0.2814425696725655,33.5,4.961907073835281,14.811662906970987,1.5721945731688298
frame_268,0,255,52,1,False,False,True,6.271091066692449,True,True,[],[    0.13391   -0.069927     0.98852],18.49850991926213,22.251192849969566,1.6592565657851135,0.2778798657269987,0.2803853621191551,33.5,5.712013427300134,17.050786350149654,1.5446488357845105
frame_269,0,255,52,1,False,False,True,4.985507211594891,True,True,[],[     0.3817   -0.064892     0.92201],31.585718264971245,6.343559669315611,1.2514237606606673,0.2729037046446753,0.2688873997267349,33.5,6.209629535532468,18.536207568753635,1.5000886983407409
frame_270,0,255,52,1,False,False,True,4.6489011032795124,True,True,[],[ -0.0082912    -0.13147     0.99129],36.8227706981852,-10.12846036561386,1.5493710126348046,0.2695357503652781,0.2683177837094269,33.5,6.546424963472192,19.54156705514087,1.4810903102721236
frame_271,0,255,52,1,False,False,True,4.679999421194899,True,True,[],[   0.013213     -0.1484     0.98884],42.91664174886808,-22.149082363279668,1.6044407430204484,0.3071047189498457,0.2883202664892397,33.5,2.789528105015432,8.326949567210244,1.4698964672699686
frame_272,0,255,52,1,False,False,True,5.391304347826087,True,True,[],[    0.01167    -0.11952     0.99276],35.50961145921942,-3.4792883440615103,1.5734882329419788,0.2870678282215274,0.274556284726804,33.5,4.793217177847259,14.308110978648534,1.514458800048462
frame_273,0,255,52,1,False,False,True,5.593078781801806,True,True,[],[    0.23876  -0.0043253     0.97107],26.39994220593672,15.877229510659983,1.441984739721374,0.2853102741078641,0.2927213044741626,33.5,4.968972589213594,14.83275399765252,1.5265729715104133
frame_274,0,255,52,1,False,False,True,5.633306226677509,True,True,[],,20.033442198161083,21.362887667924216,-1.0,0.2766519519782607,0.27295354751562,33.5,5.834804802173932,17.41732776768338,1.4970282556341707
frame_275,0,255,52,1,False,False,True,5.771236324465614,True,True,[],,19.088081062671417,20.69581112775932,-1.0,0.2760001646387295,0.2776620973245365,33.5,5.899983536127051,17.61189115261806,1.4752377491644129
frame_276,0,255,52,1,False,False,True,6.680555463639334,True,True,[],[   -0.39397    -0.16851     0.90354],15.645186737778456,17.171202485014366,1.8518962168232027,0.2774997553893029,0.2759454534540001,33.5,5.750024461069714,17.16425212259616,1.455195668755029
frame_277,0,255,52,1,False,False,True,5.95933747804332,True,True,[],[   -0.39508    -0.16361     0.90396],33.9001446731368,11.242870977119932,2.0315217789687576,0.2755373140595012,0.2875470841019391,33.5,5.94626859404988,17.75005550462651,1.4272487997400756
frame_278,0,255,52,1,False,False,True,5.107491945371549,True,True,[],[   -0.12171    -0.11217     0.98621],63.210691892310514,0.7125719519010243,1.7226640594412144,0.5489376789847193,0.5335647262174299,33.5,21.39376789847193,63.86199372678188,1.3979794363428868
frame_279,0,255,52,1,False,False,True,3.840624878751736,True,True,[],[   -0.32764    -0.11305     0.93802],72.43507861673307,-48.798021864995576,2.04887651568802,0.6712432236915484,0.6746231469025747,33.5,33.62432236915484,100.37111154971596,1.3830351338901663
frame_280,0,255,52,1,False,False,True,3.7689750777687805,True,True,[],[   -0.32914    -0.11195     0.93762],52.699085377945146,-49.16129225142298,1.97453371439864,0.2699567239132973,0.2771975444160303,33.5,6.504327608670274,19.415903309463506,1.4099819553285562
frame_281,0,255,52,1,False,False,True,3.647486412730783,True,True,[],[   -0.28448    -0.16839     0.94378],52.08531164784024,-52.05927390428759,1.7970346927553518,0.2756670077298424,0.2807138784945492,33.5,5.933299227015759,17.711340976166447,1.4501430956973242
frame_282,0,255,52,1,False,False,True,3.785714165416168,True,True,[],[   0.021549     -0.3101     0.95046],50.498160966327056,-55.93698807766062,1.4111876377677222,0.2737672061928708,0.2773744257289906,33.5,6.123279380712915,18.278445912575865,1.4839374430097214
frame_283,0,255,52,1,False,False,True,3.6995955596383636,True,True,[],[    0.30614    -0.50207     0.80883],49.00576649305759,-56.638670383214944,0.5033596069377226,0.2717229357602673,0.269420101047671,33.5,6.3277064239732725,18.888675892457528,1.5294674754888242
frame_284,0,255,52,1,False,False,True,3.4562808963186975,True,True,[],[  -0.087875     -0.2512     0.96394],50.26519531140504,-59.12720842247479,1.5947710214050983,0.2720197412156233,0.2785373929356226,33.5,6.298025878437668,18.800077249067662,1.5623004995309968
frame_285,0,255,52,1,False,False,True,3.326657812031703,True,True,[],[   -0.06095    -0.25802     0.96422],52.96006768685154,-57.17568732583654,1.3095773298401574,0.2653232454223573,0.2711930654068157,33.5,6.967675457764272,20.79903121720678,1.5881959460445283
frame_286,0,255,52,1,False,False,True,3.3584612515920647,True,True,[],[    0.37215    -0.43949     0.81753],54.83360583308112,-49.5251637886009,0.2643911472994409,0.2643859745334547,0.2634902583318839,33.5,7.0614025466545325,21.078813572103083,1.6082302764688674
frame_287,0,255,52,1,False,False,True,3.6050034512279607,True,True,[],[    0.39427    -0.41467     0.82013],54.49167595600916,-46.01716784766936,0.3279724209425803,0.2772326308551358,0.2817038271281752,33.5,5.776736914486419,17.2439907895117,1.6250118083522298
frame_288,0,255,52,1,False,False,True,4.276799648972899,True,True,[],[    0.14729    -0.30931     0.93949],51.28080591150752,-47.07091758205385,1.4280894116338845,0.2906938203021227,0.2714447855088199,33.5,4.4306179697877255,13.225725282948432,1.651819300931572
frame_289,0,255,52,1,False,False,True,3.941176940985552,True,True,[],[   0.076606    -0.25597     0.96364],51.35875642019319,-48.49154051886187,1.4314421057676796,0.2728339873310947,0.26949822734045,33.5,6.2166012668905255,18.557018707135896,1.681142136493153
frame_291,0,255,52,1,False,False,True,3.8260873067415786,True,True,[],[    0.13694    -0.29757     0.94483],52.48147291313487,-47.42382826482922,1.4973295180960529,0.2655207959821182,0.2616903306763602,33.5,6.947920401788182,20.740060900860247,1.7351186287479452
frame_292,0,255,52,1,False,False,True,4.4681773706953685,True,True,[],[   0.022706    -0.21813     0.97566],46.840578889421934,-51.57921850969456,1.4524211866780363,0.2750058613718982,0.2748380462794493,33.5,5.999413862810182,17.908698097940842,1.780484014271415
frame_293,0,255,52,1,False,False,True,5.324579837370977,True,True,[],[    0.14672    -0.31782     0.93673],42.07438379604132,-50.23290331829951,1.0944342056125038,0.2797477750611155,0.2745571753225403,33.5,5.525222493888454,16.49320147429389,1.820546004367704
frame_294,0,255,52,1,False,False,True,5.10816078037133,True,True,[],[    0.11645    -0.25842     0.95899],37.82149388684769,-44.86490267390511,1.2626606464629098,0.2608067557320161,0.2551407804891537,33.5,7.419324426798385,22.147237094920552,1.8517392317218195
frame_295,0,255,52,1,False,False,True,5.39814796805263,True,True,[],[    0.07608    -0.22255     0.97195],34.157692906573686,-43.431734401997005,1.149415586784626,0.2555442594445353,0.2487603138083987,33.5,7.945574055546473,23.718131509093947,1.895680941596176
frame_296,0,255,52,1,False,False,True,5.431818333146558,True,True,[],[    0.15368    -0.30316     0.94047],33.33945463323633,-44.54165569422063,1.2808506889376332,0.2774718646726433,0.2698019389831312,33.5,5.752813532735673,17.172577709658725,1.9317446601475727
frame_297,0,255,52,1,False,False,True,5.853608075903017,True,True,[],[ -0.0018466    -0.13917     0.99027],31.44435438156483,-43.17310648358088,1.2377156837206276,0.2693910985620841,0.2656200169355207,33.5,6.5608901437915925,19.58474669788535,1.961946188000354
frame_298,0,255,52,1,False,False,True,5.827586595314576,True,True,[],[ -0.0017307    -0.12484     0.99218],32.422439207451795,-39.37800456146388,1.0887338564200983,0.2551436189291483,0.2473428820881462,33.5,7.985638107085174,23.837725692791565,1.9759649948885207
frame_299,0,255,52,1,False,False,True,5.375953978413309,True,True,[],[  -0.016624    -0.11704     0.99299],32.818761266513526,-35.71433525826063,1.2240691859374817,0.2515985174647726,0.2504877892719086,33.5,8.340148253522745,24.89596493588879,1.992564613410253
frame_300,0,255,52,1,False,False,True,4.500742006404209,True,True,[],[ -0.0026776    -0.13666     0.99061],44.196611027610665,-28.37720273719016,1.160026180091238,0.4268543389150487,0.4318365317980316,33.5,9.185433891504871,27.419205646283203,2.002117079582767
frame_301,0,255,52,1,False,False,True,4.722222222222222,False,True,[],[   0.046499    -0.12279     0.99134],-1.0,-1.0,-1.0,-1.0,0.3179544395963345,33.5,,,2.052663279155602
frame_302,0,255,52,1,False,False,True,4.628062445797476,True,True,[],[   0.097539    -0.13638     0.98584],40.7312437886772,-8.9572040526536,1.2557713791673215,0.4968789634073172,0.6038008460691424,33.5,16.187896340731715,48.3220786290499,2.0359772173927984
frame_310,0,255,-1,1,False,False,True,4.656346745709002,True,True,[],[   0.074041    -0.13536     0.98803],81.36225277576992,-65.93993368901207,1.3680291868238823,1.3682719787037192,1.4161337851309503,33.5,103.32719787037192,308.4393966279759,2.114610706167451
frame_311,0,255,53,0,False,False,True,4.714285714285714,True,False,[],[   0.020009    -0.12467       0.992],6.28096971652604,-4.743009973587617,1.2483761012451404,0.2554234724527701,0.2497874847321744,33.5,7.957652754722988,23.754187327531305,1.975706303317244
frame_312,0,255,53,1,False,False,True,4.6,False,True,[],[   0.056194    -0.12727     0.99027],-1.0,-1.0,-1.0,-1.0,0.4134102199397473,33.5,,,2.0365763350522945
frame_313,0,255,53,1,False,False,True,4.359999915643225,True,True,[],[   0.083142    -0.14461     0.98599],52.53352430421353,-167.22730059169817,1.2728053032683206,0.3222471160126272,0.3929427365023792,33.5,1.2752883987372787,3.806831041006802,2.0247093742686757
frame_314,0,255,53,1,False,False,True,4.95,False,True,[],[    0.11244    -0.12619     0.98561],-1.0,-1.0,-1.0,-1.0,0.4398842509603154,33.5,,,1.9836376160104696
frame_315,0,255,53,1,False,False,True,4.423962650944949,True,True,[],[   0.055305    -0.13271     0.98961],14.941518201126224,-5.594846388865335,1.388614026752394,0.3241493530895912,0.4058235513052142,33.5,1.0850646910408768,3.2389990777339603,1.8746734146751571
frame_316,0,255,53,1,False,False,True,4.666498624244916,True,True,[],[   0.048054    -0.12478     0.99102],40.17001516230884,-13.069113021656475,1.5430827713626465,0.3963367864816116,0.4041080296363768,33.5,6.133678648161162,18.309488501973615,1.7976231747766838
frame_317,0,255,53,1,False,False,True,3.1556696692028696,True,True,[],[   0.057621    -0.12738     0.99018],2.2246906906814763,-19.13326331598921,1.4735561427758246,0.1837401572426724,0.1830163357579529,33.5,15.125984275732757,45.152191867858974,1.7732845327137463
frame_318,0,255,53,0,False,False,True,2.7366535524369713,True,False,[],[   0.096858    -0.07991     0.99209],2.7963400312852054,-26.89567222463925,1.4520514745069693,0.2209922070037275,0.22017762526309,33.5,11.400779299627246,34.03217701381268,1.7804215202147766
frame_319,0,255,53,1,False,False,True,3.162721998775093,True,True,[],[   0.088985   -0.086074     0.99231],11.820490600044703,-32.15275021337877,1.476051065005524,0.239272101947259,0.2346058119532533,33.5,9.572789805274102,28.575491956042093,1.7726820129049463
frame_320,0,255,53,1,False,False,True,3.515337597758924,True,True,[],[   0.081274   -0.096746     0.99199],12.130282118871769,-34.92379633181736,1.4823667365729165,0.2381338508010557,0.2350316566662771,33.5,9.686614919894426,28.915268417595303,1.7686017116587878
frame_321,0,255,53,1,False,False,True,4.859890044100836,True,True,[],[   0.093653    -0.11231     0.98925],9.585025242968095,-34.8050007602393,1.4704202638886283,0.2457915412261863,0.2409221150214035,33.5,8.920845877381373,26.629390678750365,1.761863007072986
frame_322,0,255,53,1,False,False,True,5.093705193219921,True,True,[],[    0.15762    -0.14389     0.97696],12.258238241528192,-30.982367411677277,1.5342006132570734,0.2501317884258588,0.2443986888528704,33.5,8.48682115741412,25.33379449974364,1.7394692679536774
frame_323,0,255,53,1,False,False,True,5.033227959503219,True,True,[],[    0.15052    -0.12376     0.98083],17.72777353159122,-23.641833414622678,1.559316531323826,0.2599381106983894,0.252654558134199,33.5,7.506188930161056,22.40653411988375,1.7256906640824496
frame_324,0,255,53,1,False,False,True,4.963087843804789,True,True,[],[    0.21211    -0.13905      0.9673],20.846869150415163,-17.50441593970812,1.510547088456427,0.3803716549153485,0.5365269282468371,33.5,4.53716549153485,13.543777586671194,1.7378209403626987
frame_325,0,255,53,1,False,False,True,5.015682249334713,True,True,[],,4.888018224093676,-12.812465670047423,-1.0,0.3250205990545073,0.3104773328118489,33.5,0.9979400945492656,2.978925655370942,1.7418265611523922
frame_326,0,255,53,1,False,False,True,4.991319820168217,True,True,[],[    0.14576    -0.12284     0.98166],2.152225035537125,-7.078503217832031,1.4635413792112908,0.2866107703867167,0.2936870773837148,33.5,4.838922961328334,14.44454615321891,1.7535020808378856
frame_327,0,255,53,1,False,False,True,4.676238327915577,True,True,[],[   0.070783    -0.14024     0.98758],1.1084466501960917,2.4456523046354857,1.4832649345089062,0.2684115961750967,0.320835904085648,33.5,6.658840382490327,19.87713547012038,1.762520579993725
frame_328,0,255,53,1,False,False,True,4.972494626022947,True,True,[],[   0.036441     -0.1605     0.98636],80.57938015065972,-82.03396656014583,1.491761612592607,1.490005069477227,1.499895363097283,33.5,115.50050694772274,344.7776326797694,1.8617186737295184
frame_329,0,255,53,1,False,False,True,4.668341545237202,True,True,[],[   0.057384    -0.13842     0.98871],-14.588579086311585,7.8708272773709105,1.5108159142932966,0.2707843926040496,0.2675824288342921,33.5,6.421560739595044,19.168838028641925,1.7244963422569384
frame_330,0,255,53,1,False,False,True,5.107143138865607,True,True,[],[   0.045052    -0.11187      0.9927],5.297206848310568,-5.514438679928361,1.609144077076054,0.2881095606906704,0.2696418404497323,33.5,4.689043930932963,13.997146062486454,1.695705091037235
frame_331,0,255,53,1,False,False,True,5.244718560417549,True,True,[],[     0.2369    -0.12976     0.96283],26.320594369723427,-16.395440918876137,1.612799634305971,0.2826701842087218,0.2701415763947316,33.5,5.232981579127821,15.620840534709911,1.650685144979578
frame_332,0,255,53,1,False,False,True,5.015012175257464,True,True,[],[    0.18234    -0.12909     0.97472],21.21196342718819,-22.100577452136537,1.6356005836247018,0.2601260622527297,0.2517902385183137,33.5,7.48739377472703,22.35042917828964,1.636755777897972
frame_333,0,255,53,1,False,False,True,4.981566751753364,True,True,[],[    0.27001    -0.15413     0.95044],19.08874223098752,-25.614667946327792,1.6023611334632313,0.2630416770729027,0.2590831348376545,33.5,7.1958322927097305,21.480096396148447,1.643678236034876
frame_334,0,255,53,1,False,False,True,5.27616294785594,True,True,[],[    0.19522    -0.13734      0.9711],5.3593766793209445,-26.150485315832743,1.6126335068092292,0.3131898275421156,0.3070308388596294,33.5,2.1810172457884414,6.5104992411595255,1.643568456905187
frame_335,0,255,53,1,False,False,True,4.998788594381006,True,True,[],[    0.30669    -0.14951     0.93999],18.378244753207607,-25.330378867244324,1.685862555746959,0.2522917068782038,0.2459132021255189,33.5,8.270829312179623,24.68904272292425,1.6274883326816163
frame_336,0,255,53,1,False,False,True,5.291821522482037,True,True,[],[    0.13196    -0.11142     0.98497],18.31408761927578,-18.7707544334836,1.599273904263714,0.2501788133145376,0.2459572167215691,33.5,8.48211866854624,25.319757219541017,1.621851773914595
frame_337,0,255,53,1,False,False,True,5.367763904825102,True,True,[],[    0.17807    -0.13189     0.97514],-1.5102282999294825,-13.28332144556006,1.6266488643380566,0.2985061755642416,0.3459869758907816,33.5,3.6493824435758384,10.893678936047278,1.6168931008297425
frame_338,0,255,53,1,False,False,True,5.054245412686149,True,True,[],[    0.20707    -0.11821     0.97116],2.6901955813631933,-7.458423139852237,1.6400492579924424,0.3079482261973125,0.2793073079468331,33.5,2.705177380268753,8.075156359011203,1.6273242134354209
frame_339,0,255,53,1,False,False,True,5.291666666666667,True,True,[],[     0.0495    -0.12311     0.99116],4.172402836870819,-3.36055048502498,1.7334239731905874,0.2885019423268397,0.2616415834229157,33.5,4.649805767316028,13.880017215868742,1.624213120372025
frame_340,0,255,53,1,False,False,True,5.095815915266674,True,True,[],[    0.22658    -0.12092     0.96646],2.607885391936372,-4.231018914923233,1.6655746424349684,0.2806419065889489,0.2862692421191459,33.5,5.435809341105113,16.226296540612278,1.61644870402678
frame_341,0,255,53,1,False,False,True,5.076445913525426,True,True,[],[    0.21414     -0.1096     0.97064],4.22374963587914,-9.107027118926196,1.6787822123525,0.272922033959283,0.2721567089466051,33.5,6.207796604071697,18.530736131557305,1.6034360805991352
frame_342,0,255,53,1,False,False,True,5.140625072419688,False,True,[],[    0.17949    -0.10673     0.97795],-1.0,-1.0,-1.0,-1.0,0.2934674386278869,33.5,,,1.5846678316456777
frame_343,0,255,53,1,False,False,True,5.311713146000568,True,True,[],[   0.093359    -0.11047     0.98948],9.323819126787855,-15.731809498677784,1.6731864126100184,0.3117523961009605,0.3065212982126123,33.5,2.3247603899039517,6.939583253444631,1.5725271620382606
frame_344,0,255,53,1,False,False,True,4.924981734275811,True,True,[],[    0.28746    -0.16388     0.94367],21.458080784039005,-23.183875622362308,1.7690665434245936,0.2529968215950765,0.2463206569536973,33.5,8.20031784049235,24.47856071788761,1.5518800441588303
frame_345,0,255,53,1,False,False,True,5.121442461746095,True,True,[],[    0.26413    -0.14027     0.95423],15.64654675014717,-21.39928256605208,1.6506729978156316,0.2489966910056882,0.2415905739773984,33.5,8.60033089943118,25.67262955054084,1.5555176684411909
frame_346,0,255,53,1,False,False,True,5.287234167386447,True,True,[],[    0.35284    -0.15595      0.9226],10.208224088154,-14.332144645906125,1.6438784051640407,0.3494538189170806,0.3026292388986675,33.5,1.445381891708064,4.314572811068848,1.558837540319695
frame_347,0,255,53,1,False,False,True,5.373905793457921,True,True,[],[    0.21243    -0.13112     0.96834],-0.9081293756555944,-8.862973698134823,1.7352407665382477,0.2100786318813947,0.2425791884927805,33.5,12.492136811860528,37.289960632419486,1.5101628712132051
frame_348,0,255,53,1,False,False,True,5.140510634580742,True,True,[],[    0.35299    -0.14955      0.9236],10.12309383202292,-10.541428755326152,1.6917165512337269,0.2820927356878706,0.2781341171531241,33.5,5.290726431212944,15.793213227501324,1.5602017783480815
frame_349,0,255,53,1,False,False,True,5.200179727237487,True,True,[],[   0.032133    -0.10961     0.99345],4.883372980614243,-6.130082908999274,1.688776431572954,0.2708289949752113,0.2626173099449295,33.5,6.417100502478873,19.15552388799664,1.5560655435433044
frame_350,0,255,53,1,False,False,True,5.217616224285098,True,True,[],[   0.028266    -0.10884     0.99366],-5.342250658848191,-4.037936887736234,1.7782216212291653,0.265077276129742,0.2552728325268424,33.5,6.9922723870258,20.872454886644174,1.5509778618927963
frame_351,0,255,53,1,False,False,True,5.1349477730093955,True,True,[],[    0.21976    -0.12642     0.96733],5.782895845870375,-4.812628448631654,1.7862495157156555,0.2857658942092128,0.2843530380150789,33.5,4.923410579078724,14.696747997249924,1.528180132434856
frame_352,0,255,53,1,False,False,True,5.098639001836247,True,True,[],[    0.22445    -0.12549     0.96637],1.126101009300405,-5.685545627574169,1.74450671074077,0.2850591817415696,0.278978614196301,33.5,4.994081825843039,14.90770694281504,1.5284972633052925
frame_353,0,255,53,1,False,False,True,5.1326950105776135,True,True,[],[    0.19569    -0.13069     0.97192],15.653716291807909,-11.199777665227964,1.715781019042454,0.2353984302293238,0.2295974314024351,33.5,9.96015697706762,29.73181187184364,1.5011390368292683
frame_354,0,255,53,1,False,False,True,5.196501040536007,True,True,[],[    0.15219    -0.11087     0.98211],6.505483505894997,-10.57470908786454,1.8141230053172344,0.276931847469041,0.3032164148548228,33.5,5.806815253095904,17.333776874913145,1.4900670453531897
frame_355,0,255,53,1,False,False,True,5.1851853754778245,True,True,[],[    0.20549     -0.1014     0.97339],4.8167691143955125,-7.709062012421595,1.7994689742784689,0.2878469204751682,0.3052733498938426,33.5,4.715307952483178,14.075546126815455,1.4927073080606992
frame_356,0,255,53,1,False,False,True,5.168383134396601,True,True,[],,0.172117957973442,-4.728093277410742,-1.0,0.2935233031189613,0.3068012934614352,33.5,4.147669688103867,12.381103546578707,1.4907151229665914
frame_357,0,255,53,1,False,False,True,5.1837269177879675,True,True,[],[    0.99631   -0.066017   -0.054868],-1.3041210021420149,-3.885067171945183,0.2841608335746346,0.2834226701158404,0.2844215516759745,33.5,5.157732988415958,15.396217875868532,1.486215138392713
frame_358,0,255,53,1,False,False,True,5.64,True,True,[],[    0.99303    0.005262    -0.11776],-4.237384521578419,0.5368559701841304,0.2864317238087652,0.2868666229091646,0.2807793054711692,33.5,4.813337709083537,14.368172265921006,1.4990815522085943
frame_360,0,255,53,1,False,False,True,5.046977166371594,True,True,[],[    0.98258     0.16166   -0.091677],-5.186747102691911,9.355682664758127,0.2865235052733789,0.2867223242560594,0.284063611746223,33.5,4.827767574394059,14.411246490728535,1.5086998520903503
frame_361,0,255,53,1,False,False,True,5.0888381524775825,True,True,[],[    0.98962     0.14363   0.0046369],-2.5284913324059426,8.328524729998392,0.2898770238776692,0.2897069938351642,0.2825541008285983,33.5,4.529300616483583,13.520300347712189,1.5025535207132847
frame_363,0,255,53,1,False,False,True,5.175619998663454,True,True,[],,1.216663814256992,13.55595050983125,-1.0,0.2942947157952136,0.3023353611242607,33.5,4.070528420478642,12.150831105906391,1.5216842777598862
frame_364,0,255,53,1,False,False,True,5.076305164190522,True,True,[],,-4.5409614345583424,16.82113986289188,-1.0,0.2915005369115732,0.3304181125424905,33.5,4.349946308842679,12.984914354754263,1.5310684387749427
frame_371,0,255,-1,1,False,False,True,5.254893391574156,True,True,[],[    0.30883     0.28466     0.90752],3.339932164430336,37.40965515194377,1.580702617817617,0.2966224637137236,0.290745345860741,33.5,3.837753628627638,11.455980980978024,1.5056202103871674
frame_373,0,255,53,1,False,False,True,4.942431362570127,True,True,[],[    0.26149     0.28411     0.92244],2.6915678725927554,59.1077974600505,1.8182878873485255,0.2937577853874626,0.284902230636842,33.5,4.124221461253735,12.311108839563389,1.503750016056936
frame_374,0,255,53,1,False,False,True,4.954771539436806,True,True,[],[    0.24568     0.29915     0.92204],1.3780513745559089,67.90510470908521,1.8252125991789323,0.2849370639694098,0.2795410249037362,33.5,5.00629360305902,14.944160009131402,1.492144625090854
frame_375,0,255,53,1,False,False,True,5.0981346152660505,True,True,[],[    0.22577     0.28068     0.93287],2.132854071501124,73.694368468362,1.8048200984396907,0.2930217677477354,0.2873162492525515,33.5,4.19782322522646,12.530815597690925,1.4844852575160628
frame_376,0,255,53,1,False,False,True,5.449541488273179,True,True,[],[    0.21336     0.28312     0.93505],-0.3114722148982823,77.55946817947648,1.7149316951418423,0.2942133313711711,0.2868461096927877,33.5,4.078666862882891,12.175124963829523,1.4797250362763923
frame_377,0,255,53,1,False,False,True,5.300885133126294,True,True,[],[    0.21706     0.31069     0.92539],-1.3727783925544912,76.86813463636484,1.7323809045998897,0.2907513950089795,0.2849730181733071,33.5,4.424860499102051,13.208538803289704,1.478386522343376
frame_378,0,255,53,1,False,False,True,5.065934235642436,True,True,[],[    0.21957      0.2929     0.93059],-0.791539582144395,72.39431645165477,1.8288512064374975,0.2950512369599941,0.2879886183116649,33.5,3.994876304000589,11.92500389253907,1.4804340424439446
frame_379,0,255,53,1,False,False,True,5.180590919222203,True,True,[],[    0.21908     0.29636     0.92961],0.6551050706682677,70.6184841411978,1.7687331207210717,0.287887008384222,0.2808290253460058,33.5,4.711299161577803,14.063579586799412,1.4826072656883384
frame_380,0,255,53,1,False,False,True,5.127358353347191,True,True,[],[    0.22838     0.31195     0.92224],-1.7384794475650014,71.55708091139365,1.823164728253148,0.2889635800098123,0.282651292255052,33.5,4.6036419990187705,13.74221492244409,1.486621611559584
frame_381,0,255,53,1,False,False,True,5.152220294304272,True,True,[],[    0.22875     0.30533     0.92436],-2.348313055610804,74.77194034961595,1.82065275873252,0.2896090351996152,0.2828181817434072,33.5,4.539096480038479,13.549541731458143,1.4874245826666954
frame_382,0,255,53,1,False,False,True,5.408758244228064,True,True,[],[    0.22231     0.30912     0.92467],-1.4579628960165727,78.64775853167453,1.7603722105984745,0.2928918011972661,0.2855169243232511,33.5,4.2108198802733865,12.569611582905631,1.489423200125184
frame_383,0,255,53,1,False,False,True,5.4308505864581,True,True,[],[    0.21842     0.32728     0.91934],-4.436802938191222,82.69596136055328,1.511958292017571,0.287603359439556,0.2819278244698065,33.5,4.739664056044396,14.14825091356536,1.4876307324828388
frame_384,0,255,53,1,False,False,True,5.521985459604868,True,True,[],[    0.21718     0.34679     0.91245],-2.777086633600072,83.81323361838554,1.436680588530211,0.2881965526777587,0.2828456414823962,33.5,4.680344732224135,13.971178305146667,1.4881918321344707
frame_385,0,255,53,1,False,False,True,5.458471055022111,True,True,[],[     0.2125     0.28616     0.93432],-2.8449628370422646,82.40713096356608,1.662059496522141,0.2896037340182942,0.2833786737097997,33.5,4.539626598170582,13.551124173643528,1.4865929579861523
frame_386,0,255,53,1,False,False,True,5.395739197063383,True,True,[],[    0.20956     0.27132      0.9394],-0.2127095478541321,79.0883624379746,1.8183827561539605,0.295015942593281,0.2879175464343086,33.5,3.998405740671896,11.935539524393718,1.4829847706608892
frame_387,0,255,53,1,False,False,True,5.307319502756546,True,True,[],[    0.22203     0.28884     0.93128],-1.7395544981034865,77.14288861544149,1.7280271358588042,0.2899651334161093,0.2843161581948574,33.5,4.503486658389072,13.44324375638529,1.4840098858772592
frame_388,0,255,53,1,False,False,True,5.470000171802262,True,True,[],[    0.22975     0.33061     0.91538],1.307157741298815,76.3977374651218,1.7026263490103637,0.2967300593032951,0.2913385896892139,33.5,3.8269940696704863,11.423862894538765,1.4870270659533675
frame_389,0,255,53,1,False,False,True,5.532710258393362,True,True,[],[    0.21573     0.27829     0.93596],65.39778795268242,55.65505056205551,1.793334383598542,1.439993228593481,1.4194140348904511,33.5,110.49932285934808,329.84872495327784,1.5135716702163735
frame_390,0,255,53,1,False,False,True,5.408352875475682,True,True,[],[    0.21172     0.30496     0.92853],-2.0643709406869477,79.63390069076345,1.7110384580109712,0.288050491366922,0.2849203989969087,33.5,4.694950863307801,14.014778696441196,1.485211988725331
frame_391,0,255,53,1,False,False,True,5.323084719635634,True,True,[],[    0.21599     0.29662     0.93025],-4.609529169881363,81.40466492735564,1.7744959493920378,0.2871318766599048,0.2824330706942429,33.5,4.786812334009522,14.288992041819467,1.49077606671677
frame_392,0,255,53,1,False,False,True,5.1690138259806355,True,True,[],[    0.22147     0.34032     0.91386],-2.3089102549752982,80.30615927950741,1.6693474588758466,0.2888859229899255,0.2832189352843745,33.5,4.611407701007453,13.765396122410309,1.4934587186887525
frame_393,0,255,53,1,False,False,True,5.0765530848936145,True,True,[],[    0.22394     0.29859     0.92774],-1.6416170182606005,79.56477617037949,1.7499855761501162,0.2938039251292296,0.2872447490579521,33.5,4.119607487077043,12.29733578231953,1.4949404246892248
frame_394,0,255,53,1,False,False,True,5.133201649149897,True,True,[],[    0.20941     0.31505     0.92568],-2.5829745011222127,78.80991801287107,1.630427276674584,0.2899637980942741,0.2822486146513493,33.5,4.5036201905725886,13.443642359918176,1.4921366294476552
frame_395,0,255,53,1,False,False,True,5.297077871613232,True,True,[],[    0.22533     0.29765      0.9277],-2.2707809840839746,79.27096198796295,1.6458235790612128,0.2923882768526706,0.2842459363661601,33.5,4.261172314732936,12.71991735741175,1.4890312794757925
frame_396,0,255,53,1,False,False,True,5.533834511691862,True,True,[],[    0.22114       0.297     0.92892],-2.60216340874446,80.55104911738256,1.7375548859388152,0.2911630020612565,0.2842127748931707,33.5,4.383699793874346,13.085671026490584,1.4874759657488177
frame_397,0,255,53,1,False,False,True,5.617834604830594,True,True,[],[    0.22325     0.33107     0.91682],-2.42198902440112,81.19911029667432,1.5542041552381918,0.2920064560542038,0.2896980989529371,33.5,4.299354394579619,12.83389371516304,1.4831713799577892
frame_398,0,255,53,1,False,False,True,5.776922988299196,True,True,[],[    0.21371     0.31686     0.92408],-1.332611125140204,81.12892654510124,1.6202839529833857,0.2948790713963112,0.2907534142933831,33.5,4.012092860368882,11.976396598116064,1.481355632931698
frame_399,0,255,53,1,False,False,True,5.777888013218353,True,True,[],[    0.21468     0.29523       0.931],0.2785069975079649,80.29737357711565,1.7711846800300226,0.2897717866948679,0.2844546288545112,33.5,4.52282133051321,13.50095919556182,1.478333758758998
frame_400,0,255,53,1,False,False,True,5.6581192110790175,True,True,[],[    0.20042     0.26552     0.94304],-0.6065692992364268,79.41177323843837,1.8042606832336927,0.2898295790345054,0.2862197522914348,33.5,4.517042096549456,13.4837077508939,1.4802050684501544
frame_401,0,255,53,1,False,False,True,5.7543097743904985,True,True,[],[    0.21105      0.3088     0.92742],0.077612093775872,78.2046352536897,1.73373635695486,0.291039738205179,0.2843547340732443,33.5,4.396026179482105,13.122466207409268,1.4775888297418471
frame_402,0,255,53,1,False,False,True,5.499542359300327,True,True,[],[    0.21241     0.29741     0.93082],18.210348285596243,75.39495093002998,1.7238108617603365,0.7232324143144717,0.3035493097896051,33.5,38.82324143144717,115.89027292969304,1.4826515142664765
frame_403,0,255,53,1,False,False,True,5.398373383977798,True,True,[],[    0.20759     0.28542     0.93565],-1.3311378909719636,78.9367965747714,1.7078679287984162,0.2913429647052209,0.2863711066649749,33.5,4.36570352947791,13.031950834262418,1.4820807542107064
frame_404,0,255,53,1,False,False,True,5.333621564058113,True,True,[],[    0.22251     0.32468     0.91928],-2.43196139058672,79.80445686302826,1.5894388679127518,0.2925814222977268,0.2879442802683693,33.5,4.24185777022732,12.662262000678568,1.4805468500347576
frame_405,0,255,53,1,False,False,True,5.299492626445016,True,True,[],[    0.21867     0.29733      0.9294],-2.089492750750852,80.01168360102169,1.826640756196744,0.2895825832633129,0.2835501158791933,33.5,4.541741673668715,13.557437831846908,1.4796966379433762
frame_406,0,255,53,1,False,False,True,5.320866701740299,True,True,[],[     0.2273     0.31727     0.92069],-2.76152363397536,80.55026221752841,1.4835846832702726,0.2962136456851665,0.2899652502705825,33.5,3.878635431483346,11.578016213383124,1.4798120295600945
frame_407,0,255,53,1,False,False,True,5.423356961589673,True,True,[],[    0.22485     0.31366     0.92253],-3.185138115457604,80.60627298736222,1.7905315318218038,0.2937755651237301,0.2868264483291119,33.5,4.122443487626992,12.30580145560296,1.4783686983413866
frame_408,0,255,53,1,False,False,True,5.512173878685657,True,True,[],[    0.22163     0.32711     0.91863],-3.037775445061633,80.64565377880112,1.8315573781001944,0.2887727520537623,0.2846144532511337,33.5,4.622724794623768,13.799178491414231,1.4758995868548208
frame_409,0,255,53,1,False,False,True,5.603003595791224,True,True,[],[      0.228     0.32599     0.91747],0.7820231711425191,79.97383810596153,1.4944594120702863,0.2949968224332072,0.2883078923357083,33.5,4.000317756679278,11.941247034863515,1.4735553080153938
frame_410,0,255,53,1,False,False,True,5.751938185542288,True,True,[],[    0.22283     0.29763     0.92831],-1.5017663668471752,80.16750467713838,1.8097407709433824,0.2894876146413936,0.2845180643663493,33.5,4.551238535860641,13.585786674210867,1.4688537348230937
frame_411,0,255,53,1,False,False,True,5.767820279900194,True,True,[],[    0.22694     0.28488     0.93131],-0.7743852522855622,79.53511559957055,1.7240982792048738,0.2907918433210955,0.2863940547777064,33.5,4.420815667890449,13.196464680269996,1.4649589536362373
frame_412,0,255,53,1,False,False,True,5.628787507602737,False,True,[],[    0.22582     0.27801     0.93366],-1.0,-1.0,-1.0,-1.0,1.0191859222999553,33.5,,,1.4727473550027428
frame_413,0,255,53,1,False,False,True,5.738888979079305,True,True,[],[    0.23013     0.30428     0.92437],-3.6089056881385,79.95526580712392,1.550421872159503,0.2877077762633416,0.2853310464949887,33.5,4.729222373665842,14.11708171243535,1.462152304161048
frame_414,0,255,53,1,False,False,True,5.680952192966309,True,True,[],[    0.22819     0.29505     0.92783],-2.0143701105967398,80.07279511337585,1.6428866568437186,0.2903164235360058,0.2851752221064892,33.5,4.468357646399418,13.338381034028114,1.4627882929966345
frame_415,0,255,53,1,False,False,True,5.700637346053405,True,True,[],[    0.22321     0.29952     0.92761],-1.758160770386476,80.78492021520772,1.7672870746665916,0.2896098316109344,0.284169340441854,33.5,4.539016838906557,13.54930399673599,1.4620475677204996
frame_416,0,255,53,1,False,False,True,5.493826760853479,True,True,[],[    0.22686     0.29965     0.92669],-2.459855824553979,80.83267888532895,1.7861618891131974,0.2920761182024281,0.285303941085726,33.5,4.292388179757189,12.813099044051311,1.4634237756240955
frame_417,0,255,53,1,False,False,True,5.326454410122167,True,True,[],[    0.22487     0.27028     0.93615],-2.6090394138941018,80.1808319633221,1.7955422504258824,0.2901640083899294,0.2845064551090069,33.5,4.483599161007063,13.383878092558396,1.4640548080098483
frame_418,0,255,53,1,False,False,True,5.328755821916889,True,True,[],[    0.22641     0.30827     0.92396],-2.9100737030384405,79.75228626626561,1.797176116193529,0.2913884429311476,0.2846253677249399,33.5,4.361155706885239,13.01837524443355,1.4636530844678342
frame_419,0,255,53,1,False,False,True,5.3698342022487004,True,True,[],[    0.22993     0.28231     0.93136],-4.309102403496151,79.62559646313017,1.8039782159793205,0.2915264526120965,0.2843950934307544,33.5,4.347354738790349,12.97717832474731,1.460883694484767
frame_420,0,255,53,1,False,False,True,5.543478824672937,True,True,[],[    0.22993     0.28325     0.93108],-2.6031158710740665,79.89363247302447,1.8054667112978788,0.2950417160197868,0.2893763688800272,33.5,3.995828398021317,11.92784596424274,1.461418173138226
frame_421,0,255,53,1,False,False,True,5.573529353924258,True,True,[],[    0.22288     0.27484      0.9353],-3.900435666454099,81.01419841102681,1.780415885005554,0.290996969341704,0.2879769976754332,33.5,4.400303065829602,13.13523303232717,1.4570900132281157
frame_422,0,255,53,1,False,False,True,5.6830470438830005,True,True,[],[    0.22761     0.28569      0.9309],-2.3281331381350188,81.16513065390347,1.7550141504392425,0.2888200383697439,0.2862283596540669,33.5,4.617996163025606,13.785063173210766,1.4532866701483729
frame_423,0,255,53,1,False,False,True,5.614121636254654,True,True,[],[    0.22495     0.28007     0.93325],-2.0581882437497687,80.92811286084479,1.7851408863900515,0.2894839850915902,0.2843779217394531,33.5,4.551601490840978,13.58687012191337,1.4514641620845
frame_424,0,255,53,1,False,False,True,5.645410607559721,True,True,[],[    0.21514     0.27804     0.93617],-1.639432069358137,80.01442552669106,1.8197078880836832,0.2885463778020689,0.2830577655144857,33.5,4.645362219793109,13.866752894904804,1.451897008410825
frame_425,0,255,53,1,False,False,True,5.707133361162215,True,True,[],[    0.21471      0.2669      0.9395],10.42994823502094,78.32726210020982,1.7411470495005257,0.6118232183398695,0.2840869723939058,33.5,27.68232183398695,82.63379651936404,1.4574820324721025
frame_426,0,255,53,1,False,False,True,5.717557081890207,True,True,[],[    0.21882     0.26267     0.93975],-0.7651651739773854,79.30137149895333,1.812172397215191,0.2902321113091144,0.2848388860111707,33.5,4.476788869088555,13.36354886295091,1.4512268834540816
frame_427,0,255,53,1,False,False,True,5.7829461385264365,True,True,[],[    0.21826     0.26601     0.93894],63.84778737337091,56.94077021948866,1.8118835689542243,1.498951594587927,1.3493571352590417,33.5,116.3951594587927,347.448237190426,1.4787113415306372
frame_428,0,255,53,1,False,False,True,5.534412950565604,True,True,[],[    0.22222     0.28582     0.93216],-3.631860114659625,80.20444459903136,1.7714208803798603,0.2880729474080943,0.2828446968967675,33.5,4.692705259190571,14.00807540056887,1.454378523431392
frame_429,0,255,53,1,False,False,True,5.37262193979447,True,True,[],[     0.2301     0.29127     0.92856],-1.9430174096422483,80.05946324931993,1.812399543357294,0.2921043666223007,0.2869936021282629,33.5,4.289563337769925,12.804666679910223,1.4533321058783923
frame_430,0,255,53,1,False,False,True,5.293706355059094,True,True,[],[     0.2329     0.29578     0.92643],-1.6823494852230618,80.0263321444216,1.7975644442662806,0.2939556439702652,0.2882793320973759,33.5,4.104435602973483,12.252046576040248,1.454172513872573
frame_431,0,255,53,1,False,False,True,5.284289232651791,True,True,[],[    0.23194      0.2838     0.93041],-2.513551187323353,80.13348150587959,1.825805394517432,0.2929752756205371,0.2860871366608759,33.5,4.202472437946287,12.54469384461578,1.450885864913973
frame_432,0,255,53,1,False,False,True,5.398130716909245,True,True,[],[     0.2297     0.29156     0.92856],-0.8780659038240528,79.93125615157483,1.7913994693419344,0.2922060375161108,0.2869798693323972,33.5,4.279396248388917,12.7743171593699,1.4510061468543678
frame_433,0,255,53,1,False,False,True,5.46972099377244,True,True,[],[    0.22897      0.2932     0.92823],-3.164566538230514,80.2676621552462,1.72966090082093,0.2907602140071511,0.2855592022267338,33.5,4.423978599284895,13.205906266522074,1.446319834111019
frame_434,0,255,53,1,False,False,True,5.467511969322742,True,True,[],[    0.21845     0.27288     0.93692],-1.1577790314624024,80.0525001606429,1.7707871337215706,0.2896728815458095,0.2829950589214333,33.5,4.532711845419052,13.530483120653884,1.4486966370653225
frame_435,0,255,53,1,False,False,True,5.616692024318669,True,True,[],[    0.20933     0.25532     0.94392],-1.8819157082582276,80.18314847314066,1.8312405260284996,0.2895214194905724,0.284317173348435,33.5,4.54785805094276,13.575695674456,1.445422666583808
frame_436,0,255,53,1,False,False,True,5.5728840788423115,True,True,[],[    0.22302     0.27692     0.93465],-0.9441457091357331,79.87940952754026,1.8532241746710472,0.2892225713248435,0.2826214478228724,33.5,4.577742867515649,13.664904082136268,1.4442866592197956
frame_437,0,255,53,1,False,False,True,5.64305828195486,False,True,[],[    0.22377     0.26329     0.93841],-1.0,-1.0,-1.0,-1.0,1.0169309658873216,33.5,,,1.4497699016781065
frame_438,0,255,53,1,False,False,True,5.626603307692846,True,True,[],[    0.22337     0.29003     0.93059],-1.2170979926156424,80.23061965897277,1.865193373542212,0.2871984863855018,0.2826001983774978,33.5,4.7801513614498194,14.269108541641252,1.443893510658378
frame_439,0,255,53,1,False,False,True,5.537454797064197,True,True,[],[    0.23085     0.29201     0.92814],-2.594602593996311,80.76244164192268,1.809301199817801,0.2907375056211179,0.2842782364943802,33.5,4.426249437888213,13.212684889218544,1.4456619856308917
frame_440,0,255,53,1,False,False,True,5.465011512453432,True,True,[],[    0.23041     0.28118     0.93159],-2.488966954221832,80.84737916884953,1.819048816703,0.290518237838916,0.2840530653946173,33.5,4.448176216108396,13.278137958532527,1.4455987537440194
frame_441,0,255,53,1,False,False,True,5.441132746796558,True,True,[],[     0.2232     0.27751     0.93443],-2.141995897510692,80.67997730066736,1.7881430508832157,0.2912322172829842,0.286365828751528,33.5,4.376778271701581,13.065009766273375,1.4493879977941684
frame_442,0,255,53,1,False,False,True,5.360172722792011,True,True,[],[    0.23036     0.28908     0.92918],-1.3571036996546797,80.09567988569198,1.8496069720313757,0.2918042971482737,0.2869178089144564,33.5,4.31957028517263,12.894239657231733,1.451986021521379
frame_443,0,255,53,1,False,False,True,5.395502257257467,True,True,[],[    0.23278     0.28743     0.92909],-3.7078089961590703,80.12360188765777,1.7833383270390266,0.290665575624152,0.285944843786444,33.5,4.4334424375848,13.23415653010388,1.4465995044643585
frame_444,0,255,53,1,False,False,True,5.409090292257796,True,True,[],[     0.2332     0.28297     0.93034],-2.780726215290244,79.91611049079845,1.852178789814264,0.2904754014984205,0.2857515054298968,33.5,4.452459850157952,13.290924925844632,1.445399916215694
frame_445,0,255,53,1,False,False,True,5.585185605694395,True,True,[],[     0.2236     0.25732      0.9401],62.21106243338215,57.56299005329475,1.827562341377085,1.3248132195049942,1.17263112276749,33.5,98.98132195049942,295.4666326880579,1.4668187807603508
frame_446,0,255,53,1,False,False,True,5.634584662651153,True,True,[],[    0.22458     0.27725     0.93418],-1.8988944817292628,80.57072916733074,1.8215195483677007,0.2912275025433231,0.2868308684024694,33.5,4.377249745667694,13.066417151246847,1.4407286942680948
frame_447,0,255,53,1,False,False,True,5.789647098486882,False,True,[],[    0.21892     0.25189     0.94267],-1.0,-1.0,-1.0,-1.0,0.8843191497021106,33.5,,,1.4481865328600505
frame_448,0,255,53,1,False,False,True,5.8924592070356505,True,True,[],[    0.21671     0.26446     0.93973],-2.3798523810833,81.19257449664657,1.8606351882721888,0.2906358618113008,0.2866683799559158,33.5,4.436413818869922,13.24302632498484,1.4390494103779798
frame_449,0,255,53,1,False,False,True,5.868838461592983,True,True,[],[    0.22662     0.28286       0.932],-2.367100892885282,81.43051243046642,1.7368661242852876,0.291289450864542,0.2864167061189816,33.5,4.371054913545802,13.047925115062094,1.4386699751828067
frame_450,0,255,53,1,False,False,True,5.971245879711092,True,True,[],[    0.22709     0.27904     0.93304],13.982404974683565,78.69799225454123,1.81499814226511,0.6405889838485529,0.2911362570636131,33.5,30.558898384855286,91.22059219359788,1.447026145186866
frame_451,0,255,53,1,False,False,True,5.445783367369617,True,True,[],[     0.2364      0.2766     0.93145],-0.4754320207692766,77.28064189461979,1.8144314388654,0.2893857201864755,0.2854106143215257,33.5,4.561427981352445,13.616202929410282,1.4439624981687615
frame_452,0,255,53,1,False,False,True,4.949261753780038,True,True,[],[    0.25211     0.24428     0.93636],6.640391149524885,61.01152031401395,1.8642894706999469,0.2940832527207462,0.2885815609448459,33.5,4.091674727925382,12.213954411717555,1.4579531530065275
frame_453,0,255,53,1,False,False,True,4.895522198041377,True,True,[],[    0.25817      0.2399     0.93584],3.406978164341972,63.327601009005015,1.698723970329426,0.3024338463265246,0.2937301356239463,33.5,3.2566153673475373,9.72123990252996,1.4602482478541157
frame_454,0,255,53,1,False,False,True,4.755263412782555,True,True,[],[    0.35357      0.2522     0.90077],9.099301077769498,34.37834313062302,1.8376470157382807,0.3020042278793657,0.2758827467313568,33.5,3.2995772120634257,9.849484215114703,1.4886607299134822
frame_455,0,255,-1,1,False,False,True,4.141971145240041,True,True,[],[    0.72531     0.26175     0.63672],14.91737337284006,17.104218545398947,0.886124755031312,0.3366897840194219,0.3077981803164774,33.5,0.1689784019421936,0.5044131401259511,1.5322473661689826
frame_456,0,255,-1,1,False,False,True,4.290689188319301,True,True,[],[    0.97278     0.17905     0.14713],4.312758596976111,10.125212891751769,0.3806392035931529,0.2885045450662823,0.2781589311176026,33.5,4.649545493371771,13.879240278721705,1.5638510466074356
frame_457,0,255,-1,1,False,False,True,4.392202277238329,True,True,[],[    0.99559    0.038322    0.085668],4.6873016913755485,2.0287274846256165,0.2849574329642471,0.2836519780195481,0.2791186489113755,33.5,5.134802198045191,15.327767755358778,1.6011139855961425
frame_458,0,255,-1,1,False,False,True,4.402707578967848,True,True,[],[    0.98148   -0.034691      0.1884],10.427878624251152,-1.863711949685717,0.3026107085107777,0.2923326096983898,0.2948977076515905,33.5,4.266739030161021,12.736534418391107,1.6161593108510774
frame_459,0,255,-1,1,False,False,True,4.1263158881283095,True,True,[],[    0.54028    -0.13887     0.82995],11.213825496346091,-12.534502210716983,1.7220541642703169,0.2761864035581415,0.2805183808384055,33.5,5.881359644185852,17.5562974453309,1.6046779120072647
frame_460,0,255,-1,1,False,False,True,4.56848307559625,True,True,[],[    0.35875    -0.12918     0.92445],16.86597981091058,-11.813084703150675,1.7371701929962478,0.2844688374905544,0.314500863267969,33.5,5.053116250944561,15.083929107297198,1.6064046162523722
frame_462,0,255,-1,1,False,False,True,4.391304139724876,True,True,[],[    0.69328    0.037887     0.71968],19.011448806896123,11.4652220800848,1.40901905708755,0.2968027963837221,0.3021411732089918,33.5,3.819720361627793,11.402150333217293,1.6964013941362024
frame_463,0,255,67,1,False,False,True,4.313433085421373,True,True,[],[    0.46711    -0.02384     0.88388],23.44484175964329,22.32127525479976,1.6986291150723916,0.2808893269153166,0.2846899232941281,33.5,5.411067308468337,16.152439726771156,1.6794977862217704
frame_464,0,255,67,1,False,False,True,4.070237647810711,True,True,[],[    0.81705     0.28343     0.50209],25.320774947333994,20.367836261148675,0.6172095665691087,0.2870692421432435,0.2861148284512252,33.5,4.793075785675654,14.30768891246464,1.6737185998330493
frame_466,0,255,67,1,False,False,True,5.18595022179831,True,True,[],[    0.19549     -0.1344     0.97145],9.17084799104486,-31.616821381822465,1.611568823286515,0.2710893091751246,0.2839334922934939,33.5,6.3910690824875385,19.077818156679218,1.613964424327177
frame_467,0,255,67,1,False,False,True,5.088435321066844,True,True,[],[    0.89745    -0.43454    0.075887],3.71519317389021,-25.780635944696343,0.2819205651633639,0.2812124880579129,0.2910867970754616,33.5,5.378751194208714,16.055973714055863,1.6072240959019422
frame_468,0,255,67,1,False,False,True,5.908919518981849,True,True,[],[    0.82659    -0.33118     0.45504],3.3180101301972624,-19.056177582018844,0.6734826529458784,0.2700086250459491,0.2853759633385893,33.5,6.499137495405089,19.40041043404504,1.5757932584400012
frame_469,0,255,67,1,False,False,True,5.887640719487763,True,True,[],[    0.94801     -0.3175    0.021486],-2.9492181792086862,-17.93118141985068,0.3822136360549851,0.2746287899515685,0.274196253334864,33.5,6.037121004843154,18.021256730875088,1.5605615014987733
frame_470,0,255,67,1,False,False,True,6.142856084255804,True,True,[],[    0.93665    -0.34766    0.042606],-4.11924520020002,-19.554312526350877,0.4379014475406594,0.2848513036872654,0.2920925881246755,33.5,5.014869631273461,14.969760093353615,1.5628766158941707
frame_471,0,255,67,1,False,False,True,5.810149615851193,True,True,[],[    0.94227    -0.28863     0.16974],2.205172688348284,-15.132559779120756,0.3955605674146206,0.2747895254809361,0.2715477596491796,33.5,6.021047451906386,17.973275975839957,1.561076566280237
frame_472,0,255,67,1,False,False,True,5.8839285530912475,True,True,[],[    0.96093    -0.17881      0.2113],11.70966107403918,-10.398484445576544,0.3060346110539688,0.2811461638781498,0.275343384840119,33.5,5.385383612185018,16.075771976671696,1.5585622521737017
frame_473,0,255,67,1,False,False,True,5.636363636363637,True,True,[],[    0.62296    -0.21473      0.7522],7.805713230011444,-3.980337343646342,0.7879397260304724,0.2864834697810149,0.274858243743227,33.5,4.851653021898511,14.482546334025406,1.564490104172072
frame_474,0,255,67,1,False,False,True,5.333333754199521,True,True,[],[    0.92801    -0.37105    0.033396],1.9088673528208857,-21.81339607201365,0.2812089178797329,0.2812836205223711,0.3190143869945252,33.5,5.371637947762892,16.034740142575796,1.5243290065113904
frame_475,0,255,67,1,False,False,True,6.34713413356109,True,True,[],[    0.87796    -0.47863    0.010497],1.794754790627668,-28.828280433692623,0.2775515923926407,0.2775342676766962,0.2686071931181401,33.5,5.746573232330382,17.153949947254873,1.5287989095387706
frame_476,0,255,67,1,False,False,True,5.703703194716566,True,True,[],[    0.89298    -0.44081   -0.090914],-4.384718472191042,-26.53340878205968,0.2805266423701706,0.2794782743738016,0.2794115801247415,33.5,5.552172562619839,16.573649440656236,1.5331095399460903
frame_477,0,255,67,1,False,False,True,5.696792898139709,True,True,[],[    0.93003    -0.35696   -0.087344],-4.973954128297248,-20.934233722443675,0.2843953826961858,0.2840729884495131,0.3058534905972506,33.5,5.09270115504869,15.202093000145345,1.5284177275209858
frame_478,0,255,67,1,False,False,True,5.891891349976163,True,True,[],[    0.94778    -0.31855    0.015218],1.493341654803194,-18.500703701128945,0.2761909271790435,0.2758506256089532,0.2832910172722262,33.5,5.914937439104678,17.65652966896919,1.5285291781792274
frame_479,0,255,67,1,False,False,True,5.789473171349642,True,True,[],[    0.32727    -0.19787     0.92398],5.797616210249662,-15.59994704541771,1.7128387979341992,0.2663784104561607,0.2678402668883272,33.5,6.862158954383929,20.48405658025053,1.5192039665416814
frame_480,0,255,67,1,False,False,True,5.170626886827227,True,True,[],[     0.2045    -0.19863      0.9585],12.52045539533754,-27.51661568644421,1.4338560202092572,0.2806401173999905,0.271178388046201,33.5,5.435988260000952,16.226830626868512,1.5192934449393405
frame_481,0,255,67,1,False,False,True,5.308593648565594,True,True,[],[    0.97175    -0.18247    -0.14967],-1.022468547964326,-13.478713286576586,0.2835376200177952,0.2612343281108298,0.3331449451482596,33.5,7.376567188917016,22.019603549006018,1.5158730713884532
frame_482,0,255,67,1,False,False,True,5.087788170484981,True,True,[],[    0.91917    -0.35636    -0.16772],5.793527582929645,-24.75783932327128,0.2833809177797118,0.2486810920750057,0.2439523033396021,33.5,8.631890792499425,25.766838186565444,1.526597060421405
frame_483,0,255,67,1,False,False,True,5.297618802287486,True,True,[],[    0.93458    -0.29527    -0.19843],-11.311570673563784,-17.393403875805152,0.2851967114641857,0.2852447123648702,0.3095732837731846,33.5,4.975528763512976,14.852324667202913,1.5380738270439305
