frame_id,class_name,object_id,track_id,is_3D_complete,in_image_borders,does_overlap,is_front_fish,aspect_ratio,pointcloud_size_ok,fish_3d_ok,overlapping_fish_ids,fish_direction,elevation_deg,azimuth_deg,raw_length,filtered_length,spine_length,gt,abs_error_cm,rel_error_%,fish_dist_from_camera
frame_0,0,255,1,1,False,False,True,3.4504720095830885,True,False,[],,36.89598020462201,-3.668749630139386,-1.0,0.2811517785402531,0.2833472077027505,33.5,5.384822145974693,16.074095958133412,1.629217591362753
frame_1,0,255,1,1,False,False,True,3.242096496165255,True,True,[],[    0.48171    -0.02485     0.87598],39.787046658097196,-5.523304347617449,0.4097395529527603,0.2598034528087698,0.2652793213400073,33.5,7.51965471912302,22.446730504844837,1.6370839655226304
frame_2,0,255,1,1,False,False,True,3.076190760600033,True,False,[],,31.28825630310746,-1.4274669428135738,-1.0,0.2458283225766819,0.25276857146168463,33.5,8.917167742331811,26.618411171139734,1.6206291454373203
frame_3,0,255,1,1,False,False,True,3.3226888176357607,True,False,[],,21.976588718061844,-0.9267743535437184,-1.0,0.2543793264220188,0.2719202449952854,33.5,8.062067357798119,24.06587270984513,1.614529758002596
frame_4,0,255,1,1,False,False,True,3.6582877148233415,True,False,[],,19.702256830692363,-0.13004362430222052,-1.0,0.2728266102588802,0.2756050433488333,33.5,6.21733897411198,18.559220818244718,1.6118047445001433
frame_5,0,255,1,1,False,False,True,3.8528520382981566,True,False,[],,18.46551370826522,1.1078905280418432,-1.0,0.2833525932930927,0.2732663430531016,33.5,5.1647406706907315,15.417136330420094,1.6144527770951391
frame_6,0,255,1,1,False,False,True,4.004139779351139,True,True,[],[     0.3216   0.0010289     0.94687],17.371575769071793,0.6403108571048004,0.5018902793982845,0.2818766597229339,0.26337924602245216,33.5,5.312334027706611,15.857713515542123,1.600065548481837
frame_7,0,255,1,1,False,False,True,3.8637408643303384,True,False,[],,11.886045798540797,-0.7888070807033998,-1.0,0.27312499362589165,0.27286535593977773,33.5,6.187500637410837,18.47015115645026,1.59898240278343
frame_8,0,255,1,1,False,False,True,3.7503198954223693,True,False,[],,12.109989614641595,-0.42274703076492,-1.0,0.2636446789956542,0.2672470849017144,33.5,7.135532100434583,21.300095822192784,1.5999716875772638
frame_9,0,255,1,1,False,False,True,4.0,True,False,[],,23.942130849683053,-0.1479404763113784,-1.0,0.27013324327405147,0.25987885442836445,33.5,6.4866756725948544,19.363210962969717,1.6078807245147622
frame_10,0,255,1,1,False,False,True,3.8532365934344313,True,True,[],[   -0.25059    0.067049     0.96577],15.89963770686543,0.2523670972019831,0.6132611733069984,0.23597985936777152,0.2371016612857509,33.5,9.90201406322285,29.558250934993584,1.5828171029313993
frame_11,0,255,1,1,False,False,True,3.7027027027027026,True,True,[],[   -0.34914    0.039867     0.93622],17.817028790564795,-0.8907688672805981,1.721779493474289,0.2610617816989498,0.25600686140170625,33.5,7.393821830105024,22.07110994061201,1.5770537287583561
frame_12,0,255,1,1,False,False,True,3.750380972448032,True,False,[],,32.39680463821784,-0.6201401962270308,-1.0,0.30261015618175247,0.2860487565471401,33.5,3.2389843818247552,9.66861009499927,1.5821533529135177
frame_13,0,255,1,1,False,False,True,2.7058823529411766,False,False,[],[   -0.15175    0.027604     0.98803],-1.0,-1.0,-1.0,-1.0,0.19424683384447247,33.5,,,1.607418980071688
frame_14,0,255,1,1,False,False,True,2.230172450168904,True,True,[],[   -0.22973     0.01029      0.9732],11.798620050652,-3.6527433980314727,1.6995924685731052,0.12306544908001255,0.12374353154473491,33.5,21.193455091998747,63.264045050742524,1.6330474342959005
frame_15,0,255,1,1,False,False,True,1.808118098429461,True,True,[],[   -0.21527    0.015352     0.97643],67.26057479531924,23.947092599271777,1.7523877069129257,0.2110282440127127,0.19422791608177015,33.5,12.397175598728733,37.006494324563384,1.6642418112889874
frame_17,0,255,1,1,False,False,True,1.3846153846153846,True,True,[],[     -0.328    0.073153     0.94184],-12.029736305715403,89.90155146372724,1.851230846350563,0.07212867814042223,0.07862484682716221,33.5,26.28713218595778,78.4690513013665,1.463654292821884
frame_18,0,255,1,0,False,False,True,1.2333333333333334,True,True,[],[   -0.33153    0.066348     0.94111],-0.9880997224241298,-25.909598847273113,2.5268820447131013,0.10664796191235837,0.10404824586553721,33.5,22.835203808764167,68.16478748884826,3.017366759748344
frame_18,0,127,5,1,False,False,True,1.2121212121212122,True,True,[],[   0.067874   -0.017523     0.99754],85.92819383267145,-13.935050707441249,0.35416909355307147,0.3542894757876711,0.3464829975776402,33.5,1.9289475787671095,5.758052473931671,1.7630742030336677
frame_19,0,255,1,0,False,False,True,1.0285714285714285,False,False,[],[   -0.32051    0.050664     0.94589],-1.0,-1.0,-1.0,-1.0,0.09077596851685485,33.5,,,2.1668966630330453
frame_19,0,127,5,1,False,False,True,1.46875,True,True,[],[    0.10207    -0.02987     0.99433],83.89055882239904,-16.080396846014665,0.34305156915170376,0.34307467773244094,0.33743005969728557,33.5,0.8074677732440916,2.410351561922661,1.778212084911456
frame_20,0,255,1,1,False,False,True,1.4049586443835542,False,False,[],[   -0.31957    0.084008     0.94383],-1.0,-1.0,-1.0,-1.0,0.10642139075833366,33.5,,,1.323461385969501
frame_20,0,127,5,1,False,False,True,1.5,True,True,[],[    0.10478  -0.0020499     0.99449],83.45976986224404,0.978755316699181,0.3675016834333684,0.34837591390025757,0.33272194775748576,33.5,1.3375913900257552,3.9928101194798664,1.7811011806143355
frame_21,0,255,1,1,False,False,True,1.4307691490031114,False,False,[],[   -0.32109    0.067075     0.94467],-1.0,-1.0,-1.0,-1.0,0.09760858996624083,33.5,,,1.3128505354515243
frame_21,0,127,5,1,False,False,True,1.46875,True,True,[],[   0.097391   -0.009311      0.9952],84.29001042507016,-5.902861667477129,0.3664536732483423,0.36668903616737736,0.3549478402021535,33.5,3.168903616737734,9.459413781306669,1.7884433609266623
frame_22,0,255,1,1,False,False,True,1.3,False,False,[],[   -0.33204    0.081534     0.93974],-1.0,-1.0,-1.0,-1.0,0.09025625655273449,33.5,,,1.2920672459542684
frame_22,0,127,5,1,False,False,True,1.21875,True,True,[],[   0.071789    -0.02335     0.99715],85.5954686719991,-15.088338922967642,0.3624502349963139,0.3272523614465974,0.31474512673749055,33.5,0.7747638553402603,2.3127279263888365,1.7542287867825788
frame_23,0,255,1,1,False,False,True,1.28125,True,True,[],[   -0.34954    0.028813     0.93648],42.41915805386618,137.13101629303827,1.7934059486066367,0.09687183207283057,0.10674494776635074,33.5,23.812816792716944,71.08303520214014,1.2766887778339306
frame_24,0,255,5,1,False,False,True,1.096774193548387,True,True,[],[   0.043601    -0.03097     0.99857],86.7831779731212,-32.17324652865633,0.3319607645755256,0.3319816922780363,0.330547765483618,33.5,0.3018307721963709,0.9009873796906595,1.7362650735345901
frame_24,0,127,1,1,False,False,True,1.1180555117327842,True,True,[],[    -0.3104    0.064149     0.94844],58.22500015757258,-173.80973431438053,2.0609816148380613,0.19130464056959373,0.16692728292366749,33.5,14.36953594304063,42.89413714340486,1.287190758210988
frame_25,0,255,5,1,False,False,True,1.1176470588235294,True,True,[],[   0.058012   -0.034258     0.99773],85.61530962206726,-29.72274073729486,0.34335349197730447,0.34341361533107584,0.3385553640545198,33.5,0.8413615331075819,2.5115269645002445,1.7528651461049427
frame_25,0,127,1,1,False,False,True,1.3055555555555556,False,False,[],[   -0.31255    0.051053     0.94853],-1.0,-1.0,-1.0,-1.0,0.059202652568688285,33.5,,,1.241963234406635
frame_26,0,255,5,1,False,False,True,1.125,True,True,[],[   0.054256   -0.013411     0.99844],86.7176127484995,-13.457786015685926,0.32632586772612937,0.30696351697018653,0.3135667390615562,33.5,2.8036483029813484,8.369099411884621,1.7521807168578278
frame_26,0,127,1,1,False,False,True,1.5384615384615385,True,True,[],[   -0.29186    0.059983     0.95458],47.68503065121112,-176.9054856519154,2.0967567487434193,0.27947352609460285,0.22844041782760893,33.5,5.5526473905397165,16.57506683743199,1.2503186525151804
frame_27,0,255,5,1,False,False,True,1.303030303030303,True,True,[],[   0.055929   0.0040151     0.99843],86.49258081701474,1.3480325155776438,0.3623833563904002,0.3623641579971357,0.35779527148289003,33.5,2.736415799713571,8.168405372279317,1.774407499606933
frame_27,0,127,1,1,False,False,True,1.9473684210526316,False,False,[],[   -0.32827    0.078392     0.94132],-1.0,-1.0,-1.0,-1.0,0.15768324140685314,33.5,,,1.2892892771201148
frame_28,0,255,5,1,False,False,True,1.9166666973217623,True,True,[],[    0.11142     0.04743     0.99264],83.15600640418448,21.1237521452148,0.3619144582724598,0.3622764704486938,0.359969392353941,33.5,2.7276470448693804,8.142229984684718,1.7975091882335092
frame_28,0,127,1,1,False,False,True,2.2564102564102564,True,True,[],[    -0.2845    0.021946     0.95843],-23.287298225547577,-6.605466440790277,0.9285105239726583,0.17177982088474486,0.1757765252468039,33.5,16.322017911525517,48.72244152694184,1.2033572730349724
frame_29,0,255,1,1,False,False,True,2.473825415843975,True,True,[],[   -0.31305     0.01958     0.94954],-10.728228467050592,-8.556838137784071,2.0896040317584377,0.12162582854439441,0.1159303252460628,33.5,21.33741714556056,63.69378252406138,1.195698069446862
frame_30,0,255,1,1,False,False,True,3.0214258661895497,True,True,[],[   -0.36678    0.026169     0.92994],-8.19343020968483,-9.08936417758028,2.0451451206990683,0.13123847533654254,0.12836648396462116,33.5,20.376152466345747,60.824335720435066,1.188615802212373
frame_31,0,255,5,1,False,False,True,1.3384351588509211,True,True,[],[    0.04326   0.0036924     0.99906],69.69650351166823,166.19197255968393,0.43502962524144895,0.17369103216638515,0.20982900972112514,33.5,16.130896783361486,48.151930696601454,1.6004205980816404
frame_31,0,127,1,1,False,False,True,3.112749760715536,True,True,[],[   -0.35362    0.007261     0.93536],-22.624233235806148,-7.373419305879442,1.0561874879661122,0.20184139934048417,0.20148934629775178,33.5,13.315860065951584,39.748836017765925,1.1916740297648825
frame_32,0,255,5,1,False,False,True,1.18723416611222,True,True,[],[   -0.11549    0.023497     0.99303],74.44145037772866,-165.74976745787,0.43167076564508156,0.2982449946044925,0.29803186003605925,33.5,3.675500539550752,10.971643401644036,1.587543809571282
frame_32,0,127,1,1,False,False,True,3.0459818604559032,True,True,[],[   -0.30248    0.049267     0.95188],-13.2930899274372,13.943616767181924,2.0077974063144066,0.23076477079473878,0.22600357714170483,33.5,10.423522920526123,31.11499379261529,1.2568272550900776
frame_33,0,255,5,1,False,False,True,1.2343749493469973,True,True,[],[    -0.1347    0.026082     0.99054],66.29963802584722,-163.9175657963189,0.512261498564935,0.14479957124386322,0.15938653107436324,33.5,19.02004287561368,56.77624738989158,1.537717628400318
frame_33,0,127,1,1,False,False,True,3.3506165900738973,True,True,[],[   -0.32071    0.056829     0.94547],-22.67811131654661,2.0954351957234127,2.0264469227415614,0.252508568079565,0.25036944731307637,33.5,8.249143192043501,24.62430803595075,1.1846120765465284
frame_34,0,255,5,1,False,False,True,1.3703703703703705,True,True,[],[   -0.17442    0.047523     0.98352],68.24717789221484,170.53013356808447,0.5453143425929237,0.3168969159086741,0.32313691239309306,33.5,1.8103084091325938,5.403905698903265,1.5165041646102753
frame_34,0,127,1,1,False,False,True,3.2444444444444445,True,True,[],[   -0.31692    0.041907     0.94752],-18.686493647574657,2.373109140428086,2.4462900336963935,0.2736155938303959,0.2710617089373468,33.5,6.138440616960411,18.32370333421018,1.171258448812573
frame_35,0,255,5,1,False,True,False,1.0,False,False,[1],[   -0.12639    0.047861     0.99083],-1.0,-1.0,-1.0,-1.0,0.11877221119960135,33.5,,,1.4496387551128436
frame_35,0,127,1,1,False,True,True,2.7358490566037736,True,True,[5],[   -0.31476    0.064913     0.94695],-22.172305284132182,3.7569418978788316,2.1004028932366055,0.2756019732479814,0.27706960492399163,33.5,5.939802675201861,17.730754254333913,1.179591044131642
frame_36,0,255,5,1,False,True,False,1.1891891891891893,False,False,[1],[    -0.1661    0.029569     0.98566],-1.0,-1.0,-1.0,-1.0,0.07400835400572016,33.5,,,1.3913021412014304
frame_36,0,127,1,1,False,True,True,3.106382978723404,True,True,[5],[    -0.3559     0.05465     0.93293],-21.94771200875278,2.9620558468678255,2.079627602413269,0.27555374100377983,0.27112465428377513,33.5,5.944625899622019,17.745151939170206,1.1793203078332057
frame_37,0,255,5,1,False,True,False,1.0526315789473684,True,True,[1],[    -0.1386    0.031332     0.98985],58.06281284202239,173.80675616653713,0.9003162697742659,0.21545992274896997,0.21248906404140322,33.5,11.954007725103006,35.68360514956121,1.3632985752768734
frame_37,0,127,1,1,False,True,True,3.0144486689553847,True,True,[5],[   -0.35034  -0.0039402     0.93661],-25.553794210829533,1.861232567087117,0.9187215003962399,0.27870281764601423,0.2727875365273206,33.5,5.629718235398578,16.80512906089128,1.176296666073982
frame_38,0,255,5,1,False,True,False,1.3,True,True,[1],[   -0.12709    0.043384     0.99094],50.551490450866886,173.548739737446,0.9089534063797284,0.15723356267213506,0.15953051463186024,33.5,17.776643732786496,53.064608157571634,1.3201202685794522
frame_38,0,127,1,1,False,True,True,2.9976779326502854,True,True,[5],[   -0.34355   -0.012958     0.93905],-27.734583575856316,2.592498392752434,0.9149255744317273,0.2720131869507657,0.2654656216962995,33.5,6.298681304923432,18.802033746040095,1.1652441336771175
frame_39,0,255,5,1,False,True,False,1.5454545454545454,True,True,[1],[   -0.17885   -0.019179     0.98369],-41.00542814434223,-7.05599081663716,0.893449794194866,0.14500567330775993,0.1471500196492031,33.5,18.99943266922401,56.71472438574331,1.2707202890840041
frame_39,0,127,1,1,False,True,True,3.098955992105193,True,True,[5],[   -0.39035   -0.013226     0.92057],-28.102453482662913,3.8172369111621727,1.196739299846691,0.2686369565784923,0.2678300486471896,33.5,6.636304342150773,19.809863707912754,1.1618392757827056
frame_40,0,255,5,1,False,True,False,1.8636363636363635,True,True,[1],[   -0.28551   -0.016361     0.95823],57.40036861478297,177.3196150977241,0.9560335081434901,0.29688482865500254,0.3001582084102967,33.5,3.8115171344997476,11.377663088058949,1.2592925455061916
frame_40,0,127,1,1,False,True,True,2.895329869889227,True,True,[5],[    -0.4452   -0.023888     0.89511],-34.87613319132922,3.2293937453614796,0.9248681204027185,0.27205382138294265,0.27197456305748363,33.5,6.294617861705737,18.789904064793244,1.1569669511644969
frame_41,0,255,5,1,False,False,True,1.9170732948208469,True,True,[],[   -0.38651   -0.005445     0.92227],47.467974362020975,-178.1156328875821,0.7512264903100099,0.19925266615338122,0.18692716116987798,33.5,13.57473338466188,40.52159219302053,1.1727813703512187
frame_41,0,127,1,1,False,False,True,2.5887571301527146,True,True,[],[   -0.42072   0.0080626     0.90716],-40.46183869634459,4.149041040038091,1.8855789936583864,0.2658055946065905,0.2693439269440481,33.5,6.919440539340954,20.655046386092398,1.1552054695594827
frame_42,0,255,5,1,False,False,True,1.8222221894830355,True,True,[],[   -0.19256    0.076275     0.97832],60.02503015842175,178.86961185578036,1.5286908746785317,0.33715429633513205,0.32584798721920555,33.5,0.21542963351320332,0.6430735328752337,1.1940141363505308
frame_42,0,127,1,1,False,False,True,2.4923737405468507,True,True,[],[   -0.32431  -0.0072083     0.94592],-44.789735261981164,3.48293608584799,2.1835120553259983,0.3869604646563062,0.339398891160151,33.5,5.196046465630616,15.510586464569002,1.1471280429241646
frame_43,0,255,5,1,False,False,True,1.7642278668365665,True,True,[],[     -0.274   -0.013809     0.96163],64.10888041493837,-174.8269024675023,1.0584911455634889,0.32472960942465623,0.3127052418268254,33.5,1.027039057534379,3.0657882314459077,1.1532395898633965
frame_43,0,127,1,1,False,False,True,2.1458047190363683,True,True,[],[   -0.29043    0.029301     0.95645],-29.67188877879765,7.130241323458962,1.953510335861292,0.17165718484712633,0.16715096920393266,33.5,16.33428151528737,48.75904929936528,1.1949784990523071
frame_44,0,255,5,1,False,False,True,1.3223350215579655,False,False,[],[   -0.25834   -0.031717     0.96553],-1.0,-1.0,-1.0,-1.0,0.11403556096984489,33.5,,,1.033582025403964
frame_44,0,127,1,1,False,False,True,1.9633605459804404,True,True,[],[    -0.2613   0.0020431     0.96526],57.27944163629635,-173.29224353644656,1.044819571645238,0.275366419195203,0.27165133869227404,33.5,5.963358080479702,17.801068896954337,1.1065933291964467
frame_45,0,255,5,1,False,False,True,1.0793650793650793,True,True,[],[  -0.066057  -0.0058449      0.9978],64.73406051470897,-37.607378949898106,1.1665437089727513,0.2119081856549796,0.21791953597451003,33.5,12.309181434502042,36.743825177618035,1.0219659231999514
frame_45,0,127,1,1,False,False,True,1.8282163638091402,True,True,[],[   -0.27436    0.019412     0.96143],58.058847246535784,-138.42937850912276,2.2665886993104127,0.15236579422708985,0.1506919726331863,33.5,18.26342057729102,54.51767336504781,1.031441538998511
frame_46,0,255,5,1,False,False,True,1.9590908378979017,True,True,[],[   0.074125   -0.037303     0.99655],54.653353678125754,-27.622205461058908,1.048173923098991,0.2216392368570108,0.21710266736323122,33.5,11.336076314298921,33.83903377402663,0.9941090834372251
frame_46,0,127,1,1,False,False,True,1.6835319768773418,True,True,[],[   -0.21782   0.0097994     0.97594],51.51196970662549,-155.34844670287254,2.15885980763895,0.20977645733337535,0.17489243494968795,33.5,12.522354266662466,37.380161990037216,1.0290192195740981
frame_47,0,255,5,1,False,True,False,2.375661250355697,True,True,[1],[    0.13742   -0.036268     0.98985],59.863844813303075,-16.666895863313297,1.0985622691219767,0.32080383320385797,0.3251343252001649,33.5,1.4196166796142051,4.2376617301916575,0.994165203075936
frame_47,0,127,1,1,False,True,False,2.0129868380680334,True,True,[5],[   -0.21212    0.019656     0.97705],-39.74339843271399,31.782611358749445,1.151180094658398,0.1754316651726231,0.17483179012606706,33.5,15.956833482737693,47.63233875444087,1.0184986012217787
frame_48,0,255,5,1,False,True,True,2.817916154110257,True,True,[1],[    0.35032   -0.088535     0.93244],55.158049095697,-13.723305007020656,0.9736075799976041,0.3106801635192866,0.3102155891625878,33.5,2.4319836480713395,7.259652680809969,0.9718175770141712
frame_48,0,127,1,1,False,True,False,1.2772860200450298,False,False,[5],[   -0.20959    0.015185     0.97767],-1.0,-1.0,-1.0,-1.0,0.09585483504996764,33.5,,,1.0262414847157504
frame_49,0,255,5,1,False,False,True,2.96738356544496,True,True,[],[    0.40696   -0.099057     0.90806],53.649377014409396,-13.310316467522053,0.9448323789711005,0.30600969985590676,0.3053548292982645,33.5,2.899030014409326,8.653820938535302,0.9487784759011447
frame_50,0,255,5,1,False,False,True,2.6111109108653183,True,True,[],[  -0.030658  -0.0072383      0.9995],42.28366764497206,-10.000586586004964,1.2301295765300972,0.25699140051866853,0.26290589974382284,33.5,7.800859948133149,23.28614909890492,0.9093506821640291
frame_51,0,255,5,1,False,False,True,2.9581515566196095,True,True,[],[   -0.14136   0.0077116     0.98993],27.624114477598262,-8.95880504157367,1.1877824390232583,0.25553784959328574,0.25479093107629636,33.5,7.9462150406714285,23.720044897526652,0.8880503824515429
frame_52,0,255,5,1,False,False,True,3.1439943243891664,True,True,[],[   -0.12598 -0.00013991     0.99203],23.321081752106174,-7.493032105020477,1.1648053639638127,0.2818927310089375,0.28455300741991546,33.5,5.31072689910625,15.852916116735075,0.8781156633319978
frame_53,0,255,5,1,False,False,True,3.505166116989529,True,True,[],[    -0.2055     0.01177     0.97859],19.0236871448468,-7.857914922019671,1.3633087304525298,0.3027179348503767,0.30668321365932383,33.5,3.2282065149623342,9.63643735809652,0.871271073278589
frame_54,0,255,5,1,False,False,True,3.5971123384422166,True,True,[],[   -0.22044  -0.0012562      0.9754],13.749806662819479,-7.66943495891702,1.1494658728429257,0.3071845481027122,0.30568522744917964,33.5,2.7815451897287846,8.303119969339656,0.861131902052704
frame_55,0,255,5,1,False,False,True,3.8612391100039387,True,True,[],[   -0.13021   0.0013442     0.99149],8.847853380968441,-6.398353124361435,1.1945959402964033,0.3128589498087717,0.3052987309145419,33.5,2.2141050191228304,6.609268713799493,0.8538148511791649
frame_56,0,255,1,1,False,True,False,2.055865864725857,True,True,[5],[   -0.36623    0.035809     0.92983],55.03044185641567,-142.47787863191743,0.5140713052679906,0.11550936315581029,0.11422845165419027,33.5,21.949063684418974,65.51959308781782,0.8638308369551803
frame_56,0,127,5,1,False,True,True,3.946049089900979,True,True,[1],[   -0.16821   0.0074676     0.98572],3.9175657541965196,-6.323534296244699,1.957742133716195,0.2961711082895181,0.2878961001288369,33.5,3.882889171048193,11.590713943427442,0.8477170490733263
frame_57,0,255,1,1,False,False,True,1.8262799154183638,True,True,[],[   -0.28663    0.034403     0.95742],50.37313875218341,-174.5633398391906,0.9887406723652495,0.1144276923888683,0.1232119711485979,33.5,22.05723076111317,65.8424798839199,1.0199262201786041
frame_57,0,127,5,1,False,False,True,3.636693184773351,True,True,[],[   -0.13641   0.0028379     0.99065],4.055858981892586,-5.2278582244927305,1.6005607164907687,0.30481925114507596,0.29746336067884677,33.5,3.0180748854924055,9.009178762663897,0.8469384243367428
frame_58,0,255,1,1,False,False,True,1.2307692307692308,True,True,[],[   -0.17409     0.02766     0.98434],52.96577704737696,141.66168662156252,1.2608353680819682,0.17069942172058505,0.16715151230951497,33.5,16.430057827941496,49.044948740123864,0.982683330168415
frame_58,0,127,5,1,False,False,True,3.8874002774105705,True,True,[],[   -0.17613    0.036268      0.9837],6.904510842204696,-5.496737555999476,2.41559502155454,0.3118449811706263,0.3038315434822033,33.5,2.3155018829373706,6.911945919216031,0.8476021360052853
frame_59,0,255,1,1,False,False,True,1.474879863895425,True,True,[],[   -0.12715    0.028766     0.99147],44.64532553834678,0.00034508399849167036,1.2620589189822105,0.12872919598817772,0.15048088113548602,33.5,20.62708040118223,61.57337433188725,0.8121071306026613
frame_59,0,127,5,1,False,False,True,3.4553461886029417,True,True,[],[   -0.17284    0.020642     0.98473],5.515373995626185,-4.0262785338572495,1.5433606333068879,0.3045011554770927,0.2967527466322636,33.5,3.04988445229073,9.104132693405163,0.8444444556074331
frame_60,0,255,1,1,False,False,True,1.3910634575061598,True,True,[],[  -0.093775    0.025974     0.99525],40.564098324630336,-2.0631651637784767,1.3138336862922675,0.1394097868332102,0.15672461044303268,33.5,19.559021316678983,58.38513825874323,0.8180613261007087
frame_60,0,127,5,1,False,False,True,3.352622855993108,True,True,[],[   -0.16288    0.013793     0.98655],5.794423941922296,-5.120142659350785,1.159616011433621,0.2894219856723159,0.29309445664347344,33.5,4.55780143276841,13.605377411248984,0.8447312735608083
frame_61,0,255,1,1,False,False,True,2.032258064516129,True,True,[],[   -0.13947    0.054068     0.98875],20.570007028364284,-4.070853551504028,1.2405889236346703,0.14701360012861434,0.15196471782973586,33.5,18.798639987138568,56.115343245189756,0.8180248077438097
frame_61,0,127,5,1,False,False,True,2.8248960850746583,True,True,[],[   -0.17356    0.035092      0.9842],-14.114730145794196,-6.678702327443007,2.440985472524072,0.21612910651933087,0.2073988463717436,33.5,11.887089348066915,35.483848800199745,0.8390834006218892
frame_62,0,255,1,1,False,False,True,2.793103448275862,True,True,[],[   -0.16273    0.056495     0.98505],21.940205317181054,-3.0909283884303846,1.2575591827747594,0.19502125405052637,0.19183448504772976,33.5,13.997874594947366,41.78470028342497,0.8182226469056963
frame_62,0,127,5,1,False,False,True,2.7162981272831015,True,True,[],[   -0.23185    0.025245     0.97242],-20.674728116323877,-7.985475594734282,2.448562404178335,0.21958608282337544,0.21329376013133866,33.5,11.541391717662458,34.45191557511181,0.8370982363818288
frame_63,0,255,1,1,False,False,True,3.4499999300638744,True,True,[],[   -0.12988    0.033456     0.99097],29.021560420061054,-0.13454293382788476,1.2808239059676936,0.2672669567289089,0.2682533373554244,33.5,6.7733043271091145,20.21881888689288,0.8168887800362953
frame_63,0,127,5,1,False,False,True,2.6446920119607005,True,True,[],[   -0.27282    0.016575     0.96192],-21.68294173629484,-8.943797031364769,1.1833326795379946,0.2521892773146224,0.2444655188816659,33.5,8.281072268537764,24.71961871205303,0.835203910926454
frame_64,0,255,1,1,False,False,True,3.6265757063439477,True,True,[],[   -0.17858    0.033545     0.98335],27.523491840436183,-1.5931433950296447,1.260133455832655,0.25670630554378937,0.25732180205720356,33.5,7.829369445621065,23.371252076480793,0.8058008920985968
frame_64,0,127,5,1,False,False,True,2.416666448588671,True,True,[],[    0.88993    -0.17352    -0.42179],-24.52790687685976,-10.73665961417119,0.22287273914384376,0.22211547635598827,0.22276452544055939,33.5,11.288452364401175,33.69687272955575,0.8333643154912886
frame_65,0,255,1,1,False,False,True,3.5168282370001176,True,True,[],[   -0.18289    0.023881     0.98284],11.343112141802953,-1.512039658539181,1.280053343046022,0.23829596095748012,0.23939819599048034,33.5,9.67040390425199,28.86687732612534,0.7802510390883146
frame_65,0,127,5,0,False,False,True,2.2026768092233877,True,True,[],[    0.80273    -0.18266    -0.56768],-34.51481321914883,-12.683884191463164,0.2244202652000905,0.2243939588758984,0.22723253233543972,33.5,11.06060411241016,33.01672869376168,0.8402712167213613
frame_66,0,255,1,1,False,False,True,3.763094549235602,True,True,[],[   -0.27375    0.020495     0.96158],6.907967801147194,-2.4143279597999596,1.2591616632473255,0.27248526748604246,0.26777734858229574,33.5,6.2514732513957565,18.661114183270914,0.7740999651684196
frame_66,0,127,5,0,False,False,True,2.0497943971538537,True,True,[],[    0.77601     -0.1911    -0.60107],-36.81383668416887,-13.617050326439617,0.22628001922328167,0.22613839036975458,0.22220435894489465,33.5,10.886160963024544,32.49600287470013,0.8405360845960224
frame_67,0,255,1,1,False,False,True,3.794904492869357,True,True,[],[   -0.19686    0.027017     0.98006],7.900982108722147,-1.3574510743616481,1.2858628204683047,0.26565244739955207,0.26217152993197734,33.5,6.934755260044795,20.70076197028297,0.7750286819687764
frame_67,0,127,5,0,False,False,True,2.0154360267599016,True,True,[],[    0.75097    -0.18012    -0.63529],-39.49129617959334,-13.235603788981813,0.15112486786745127,0.15098956091191673,0.1468166080822641,33.5,18.40104390880833,54.92848928002486,0.8485193520197554
frame_68,0,255,1,1,False,False,True,3.7077626140257145,True,True,[],[   -0.21233    0.032934     0.97664],5.338854939517066,-0.3626967433552812,1.7182699950694702,0.2565925015378949,0.2609390739245073,33.5,7.840749846210509,23.405223421523907,0.7757615158305179
frame_68,0,127,5,0,False,False,True,1.959006314955285,True,True,[],[    0.70049    -0.20938    -0.68225],-42.94954572447657,-16.785524676432647,0.13545525182985962,0.13558505254246633,0.1400643517560818,33.5,19.941494745753367,59.52684998732348,0.8594440600737803
frame_69,0,255,1,1,False,False,True,3.3105389622195394,True,True,[],[    -0.2581    0.050269     0.96481],-7.171177390928744,2.5058394764688896,2.412641367655142,0.2662905369264297,0.25902398930737547,33.5,6.870946307357034,20.51028748464786,0.7855606566884085
frame_69,0,127,5,0,False,False,True,1.4891304528282778,True,True,[],[   -0.60988     0.35484     0.70862],45.211828647110735,149.98148056629208,0.117704598187233,0.11629969006997454,0.11043315128285985,33.5,21.870030993002548,65.28367460597777,0.8752409140980005
frame_70,0,255,1,1,False,False,True,2.9176619959201724,True,True,[],[   -0.18896    0.038213     0.98124],-13.297206124550188,-3.5304164948180308,2.2588798385882196,0.21005218602232206,0.2035018260775009,33.5,12.494781397767795,37.29785491870984,0.7931591457494546
frame_70,0,127,5,0,False,False,True,1.6591748059081268,True,False,[],,4.01321805661551,-40.043050471462024,-1.0,0.07479298976592191,0.07134349254289588,33.5,26.02070102340781,77.67373439823227,0.9033825499066844
frame_71,0,255,1,1,False,True,True,2.9722369061743548,True,True,[5],[   -0.39502    0.060607     0.91667],-17.6229613256872,-5.326271236686359,1.510200709785289,0.20955354692574463,0.2049817185272716,33.5,12.54464530742554,37.44670241022549,0.7895295307988599
frame_71,0,127,5,0,False,True,True,1.337116187490731,,True,[1],,,,,,,33.5,,,
frame_72,0,255,1,1,False,False,True,2.982643776728473,True,True,[],[   -0.34531    0.023827     0.93819],-18.824605032041173,2.712475324840969,1.5751370265497462,0.19133323853057538,0.19378654969458103,33.5,14.366676146942464,42.88560043863422,0.7877728052955844
frame_72,0,127,5,0,False,False,True,2.1407061785272377,,True,[],,,,,,,33.5,,,
frame_73,0,255,1,0,False,False,True,2.003710755911425,True,True,[],[    0.97261   -0.088881    -0.21478],-12.27489741134727,-5.125163739817163,0.11655058191250012,0.11626448106358617,0.11652865271227827,33.5,21.873551893641384,65.29418475713847,0.7979654528791023
frame_74,0,255,1,0,False,False,True,2.0207650216801842,False,False,[],,-1.0,-1.0,-1.0,-1.0,0.06671554708333038,33.5,,,0.7988722496877768
frame_75,0,255,1,0,False,False,True,1.0148861371861138,,True,[],,,,,,,33.5,,,
frame_76,0,255,1,0,False,False,True,2.5623816556873065,,True,[],,,,,,,33.5,,,
frame_77,0,255,-1,0,False,False,True,1.3020324573723305,True,True,[],[    0.34485     0.73462     -0.5843],-35.75351936498479,64.85344468356735,0.024256773387893227,0.024256773387893227,0.0,33.5,31.07432266121068,92.75917212301695,1.0513974117196125
frame_78,0,255,7,0,False,False,True,1.0508137581700898,,True,[],,,,,,,33.5,,,
frame_81,0,255,7,0,False,False,True,1.4545454545454546,,True,[],,,,,,,33.5,,,
frame_82,0,255,7,0,False,False,True,1.1486486657593498,,True,[],,,,,,,33.5,,,
frame_83,0,255,7,0,False,False,True,1.3741006446100925,True,True,[],[   -0.12075     0.95922     0.25556],13.464395513374226,96.91482255156313,0.07683631228952048,0.07617776838854601,0.07930354300828292,33.5,25.8822231611454,77.26036764521015,1.171059900714505
frame_84,0,255,7,0,False,False,True,1.408107803489027,,True,[],,,,,,,33.5,,,
frame_85,0,255,-1,0,False,False,True,1.1894737856539892,True,True,[],[   -0.44693    0.038157     0.89375],0.9572347981424905,90.04710327701041,0.5958244782617133,0.06291784421885604,0.06399130503241385,33.5,27.208215578114398,81.2185539645206,1.157450800867223
frame_88,0,255,7,0,False,False,True,2.1026013907955337,True,True,[],[   -0.42243     0.16792     0.89071],62.626812149952556,151.91031850493377,0.35234419418535556,0.1809823917087472,0.189378670117344,33.5,15.401760829125283,45.97540546007547,1.4055542046860319
frame_89,0,255,7,0,False,False,True,4.364705893687269,True,True,[],[  -0.083925    0.032038     0.99596],28.33914304006146,9.841516255547916,0.38768645050775086,0.20286951480503437,0.20772813330617065,33.5,13.213048519496565,39.441935879094224,1.6854947934176776
frame_90,0,255,7,0,False,False,True,2.4601770909586897,True,True,[],[   -0.33308     0.11459     0.93591],75.1761209905492,-82.63205731572859,0.22607825394593029,0.118976130925873,0.11796015673355573,33.5,21.6023869074127,64.48473703705284,1.5434751958063204
frame_91,0,255,7,0,False,False,True,4.488648479860444,False,False,[],,-1.0,-1.0,-1.0,-1.0,0.3619247613072687,33.5,,,1.6795616482936893
frame_92,0,255,7,1,False,False,True,4.538071341772866,True,False,[],,29.394953290417657,10.93813015276636,-1.0,0.29472449814759755,0.29975083313587414,33.5,4.027550185240248,12.022537866388799,1.6903749128582848
frame_93,0,255,7,1,False,False,True,4.469344585088782,True,False,[],,28.198233355731254,12.51573228588405,-1.0,0.3174332052302723,0.3161796303334321,33.5,1.7566794769727723,5.243819334247082,1.7062516240082566
frame_94,0,255,10,0,False,True,True,3.9333331888234704,True,True,[7],[    0.97673    0.075757     0.20067],11.429779795582467,4.420907712229364,0.18847899666049633,0.1884935118662267,0.1833535962737628,33.5,14.650648813377332,43.73328003993233,1.609478094067636
frame_94,0,127,7,1,False,True,False,4.3715820593397945,True,False,[10],,27.606695673272547,12.978023084962501,-1.0,0.3135020682854505,0.3179167530969044,33.5,2.14979317145495,6.4172930491192535,1.7117220172007603
frame_95,0,255,10,0,False,True,True,4.287014373585373,True,True,[7],[    0.95576    0.094342     0.27862],16.82329251436452,5.677312968380964,0.213197807455686,0.2120899301374808,0.22472019450466996,33.5,12.291006986251924,36.689573093289326,1.5945921026926702
frame_95,0,127,7,1,False,True,False,4.387317128543817,True,False,[10],,24.985096462705457,13.2583596864906,-1.0,0.3133146440958484,0.3110837968139367,33.5,2.1685355904151606,6.473240568403464,1.7229565496326016
frame_96,0,255,10,0,False,True,True,4.4916861700230335,True,True,[7],[    0.99387    0.049821    0.098678],6.393382307528813,2.816858216423015,0.24243220255782694,0.23790192925958137,0.2320427007591459,33.5,9.709807074041866,28.98449872848318,1.6296334476560075
frame_96,0,127,7,1,False,True,False,4.055276259725755,True,True,[10],[    -0.2538    0.016709     0.96711],19.318709456486168,13.541128638116671,1.6039016234881875,0.2883920656895994,0.2867118593875685,33.5,4.660793431040061,13.912816212059884,1.7479367492849662
frame_97,0,255,10,1,False,False,True,4.294117570071775,True,True,[],[    0.95008     0.08056     0.30143],17.41493633189419,5.290614581379326,0.2660872399158187,0.2661251460925631,0.2627202670546761,33.5,6.8874853907436915,20.55965788281699,1.629990838731992
frame_97,0,127,7,1,False,False,True,3.2566843665664846,False,False,[],[   -0.40667  -0.0077033     0.91354],-1.0,-1.0,-1.0,-1.0,0.30687017092897784,33.5,,,1.7631233645498645
frame_98,0,255,10,1,False,False,True,4.1875,True,True,[],[    0.94523    0.064162     0.32002],18.407306417286648,3.915997481921728,0.2735736682920511,0.27361004887192236,0.2678801178670499,33.5,6.138995112807766,18.325358545694826,1.6322041243181782
frame_98,0,127,7,1,False,False,True,2.999999755152809,True,True,[],[   -0.48399   -0.033553     0.87443],4.46879996701727,15.591371512818746,1.4313737048849822,0.20025174482731706,0.2112520180932923,33.5,13.474825517268297,40.22335975303969,1.7718934607815136
frame_99,0,255,10,1,False,False,True,4.15625,True,True,[],[    0.97506    0.032054      0.2196],14.833336042433892,2.7984937183936145,0.2877255123603765,0.27493078554618444,0.270133338718234,33.5,6.006921445381558,17.931108792183753,1.6460842070561768
frame_99,0,127,7,1,False,False,True,2.891117571827161,True,True,[],[   -0.48725   -0.047458     0.87197],-0.7997421287872427,11.86036205876657,1.5024510730899034,0.20057980858688085,0.17582130996723933,33.5,13.442019141311917,40.125430272572885,1.7650796630325707
frame_100,0,255,10,1,False,False,True,4.290322580645161,True,False,[],,17.351175503165155,1.6738281021043717,-1.0,0.2765120387156701,0.27185205625387665,33.5,5.848796128432992,17.4590929206955,1.6437472737752474
frame_100,0,127,7,1,False,False,True,2.877272734239148,True,False,[],,-3.519037747471816,13.85228037948966,-1.0,0.18234928465838274,0.16277079300322528,33.5,15.265071534161729,45.567377713915604,1.7696534961749966
frame_101,0,255,10,1,False,False,True,4.39999954223627,True,True,[],[    0.94592    0.037949     0.32218],18.275141994338217,2.0759342042129165,0.27894177356803596,0.2772785726332467,0.277838124419503,33.5,5.772142736675335,17.23027682589652,1.6483298472893715
frame_101,0,127,7,1,False,False,True,2.7753304743820735,True,True,[],[    0.96989     0.24001    0.041347],-4.595039210857632,15.197362498563134,0.20658032049826303,0.20695629560618134,0.20575132765538118,33.5,12.804370439381868,38.22200131158767,1.7739016593765122
frame_102,0,255,11,1,False,True,False,1.8333333333333333,True,True,"[10, 7]",[    0.61469    0.092273     0.78335],49.8587625263479,10.16539031628067,0.08916732697585272,0.08261435563495434,0.08397287523782132,33.5,25.238564436504568,75.3389983179241,1.6990804891724018
frame_102,0,170,10,1,False,True,False,3.747608912336679,True,True,[11],[     0.9772     0.05134     0.20601],10.772082826301698,3.313382767346331,0.22311272227254228,0.22304972329837985,0.2173286298642626,33.5,11.195027670162016,33.41799304525975,1.6459407908499508
frame_102,0,85,7,1,False,True,False,3.0883533097470726,True,False,[11],,10.247307173946123,8.050083060714362,-1.0,0.18401458104773263,0.18308844394284818,33.5,15.098541895226738,45.07027431410967,1.763087206086825
frame_103,0,255,10,1,False,False,True,4.448275862068965,True,True,[],[    0.97903    0.027233     0.20189],11.643834177952872,2.4353676781859206,0.273876005761749,0.2748049797934774,0.27139166044943397,33.5,6.019502020652262,17.968662748215706,1.6709744467773908
frame_103,0,127,7,1,False,False,True,2.8458784406273754,True,False,[],,9.404771875383691,12.405372746820579,-1.0,0.19300204680944288,0.1997549462814563,33.5,14.199795319055713,42.38744871359915,1.7647943459716087
frame_104,0,255,11,1,False,True,False,1.9444444444444444,True,True,"[10, 7]",[    0.62567   -0.059238     0.77783],42.537404393714986,-8.92770636997931,0.09486993650173237,0.08609632369062359,0.0876462100457226,33.5,24.890367630937643,74.29960486847058,1.707166051596738
frame_104,0,170,10,1,False,True,False,4.225806451612903,True,True,[11],[     0.9724    0.040563     0.22977],9.580460838591707,2.9663146840123535,0.28203218769648064,0.2805628047101244,0.2855636508213374,33.5,5.443719528987562,16.249909041753916,1.6745505914273144
frame_104,0,85,7,1,False,True,False,2.63829823659738,False,False,[11],,-1.0,-1.0,-1.0,-1.0,0.2031438974501335,33.5,,,1.7974461746552168
frame_105,0,255,10,1,False,False,True,4.331058515211891,True,True,[],[    0.94636    0.071986       0.315],13.045624592513937,5.104199536418331,0.27333539807418067,0.2736223216539352,0.2723882226781843,33.5,6.137767834606484,18.32169502867607,1.6786160752477186
frame_105,0,127,7,1,False,False,True,2.5502395553022246,False,False,[],,-1.0,-1.0,-1.0,-1.0,0.24243420086711037,33.5,,,1.7956704179147132
frame_106,0,255,10,1,False,False,True,3.7787984660149228,True,True,[],[    0.97994    0.076174     0.18418],10.767338238005973,4.696419581318107,0.2693943901245526,0.2693551873628609,0.267212216332587,33.5,6.564481263713912,19.5954664588475,1.6954712885684993
frame_106,0,127,7,1,False,False,True,2.7027026107534087,False,False,[],,-1.0,-1.0,-1.0,-1.0,0.20345299247173482,33.5,,,1.7971489982710358
frame_107,0,255,10,1,False,True,True,3.3864453874969986,True,True,[7],[    0.95722    0.088535     0.27548],11.519659414068162,3.3219828134353704,0.23098109658299393,0.22889572938414404,0.22703517815725519,33.5,10.610427061585598,31.672916601748053,1.6735884366312535
frame_107,0,127,7,1,False,True,False,3.0676051984972035,False,False,[10],,-1.0,-1.0,-1.0,-1.0,0.26343070809409663,33.5,,,1.7935145607738063
frame_108,0,255,10,1,False,True,True,3.487148219310767,True,True,[7],[    0.94908    0.097865     0.29946],14.990221074370943,4.311009294907,0.25354011457973696,0.25467765653431046,0.2511768255790718,33.5,8.032234346568956,23.976818944981957,1.6822165711587216
frame_108,0,127,7,1,False,True,False,3.1676588840093975,True,True,[10],[    0.83384     0.15383     0.53013],28.474390865530673,11.424209559626522,0.24894225472632892,0.24622544368951715,0.25382673757378943,33.5,8.877455631048287,26.499867555368024,1.78328201645588
frame_109,0,255,10,1,False,False,True,3.526941778577477,True,True,[],[     0.9655    0.067594     0.25148],13.759605095912212,4.084536361986338,0.2644947522551261,0.26436109607184055,0.26442566143086854,33.5,7.063890392815947,21.086239978555067,1.688063461561155
frame_109,0,127,7,1,False,False,True,2.9181819658699433,False,False,[],,-1.0,-1.0,-1.0,-1.0,0.20635961777169504,33.5,,,1.7982454487910637
frame_110,0,255,10,1,False,True,True,3.5294117647058822,True,True,[7],[    0.99083    0.037266     0.12986],6.709803230648595,2.6550608898073675,0.25822138342481354,0.2581278033080253,0.2529071536551538,33.5,7.687219669197471,22.94692438566409,1.6942399719505445
frame_110,0,127,7,1,False,True,False,2.8556152287311916,False,False,[10],,-1.0,-1.0,-1.0,-1.0,0.2045832166425754,33.5,,,1.7935362177863066
frame_111,0,255,10,1,False,False,True,4.033333333333333,True,False,[],,0.6588981491174709,1.5834365210577437,-1.0,0.2652480904263099,0.26446526534142223,33.5,6.975190957369009,20.821465544385102,1.6970393220985556
frame_111,0,127,7,1,False,False,True,2.5961537586329584,True,True,[],[    0.91028     0.16118    -0.38132],-13.603361855234855,7.607329011701074,0.22077046229513253,0.21273453672754217,0.22262182910272973,33.5,12.226546327245785,36.49715321565906,1.78230183986644
frame_112,0,255,10,1,False,False,True,3.9561264569513166,True,True,[],[    0.99851    0.023544    0.049282],1.6300380703459727,1.4754351978584934,0.2621227663347601,0.26127189961189745,0.25660745576213206,33.5,7.372810038810257,22.008388175553005,1.699302590514314
frame_112,0,127,7,1,False,False,True,2.484127017315533,True,True,[],[    0.90407     0.12499     -0.4087],-22.341594123564736,6.422462803344402,0.19892088477574799,0.20045490831194712,0.2066039133834673,33.5,13.45450916880529,40.16271393673221,1.7892242937765286
frame_113,0,255,10,1,False,True,True,3.3929021418352194,True,True,[7],[    0.99931    0.025522    0.027072],1.1273800767557594,1.4433240911153322,0.25558434745593767,0.25546749608705244,0.2521808381775588,33.5,7.953250391294758,23.741045944163456,1.711801919473517
frame_113,0,127,7,1,False,True,False,2.330188589989532,True,False,[10],,-14.404620087181973,10.631441388197318,-1.0,0.20479695656628205,0.2526029754345634,33.5,13.020304343371796,38.86658012946805,1.7733250248362538
frame_114,0,255,10,1,False,True,True,3.4528076941076824,True,False,[7],,5.799945515788774,-1.147087371422626,-1.0,0.2307763613823846,0.23134863979896014,33.5,10.422363861761541,31.11153391570609,1.7110601686849827
frame_114,0,127,7,1,False,True,False,2.6141729474612627,True,True,[10],[    0.78694     0.23488    -0.57057],-33.68074038682221,16.01070565479007,0.21686004888041377,0.21491174739799668,0.24189245801406672,33.5,12.008825260200334,35.847239582687564,1.7903180076525762
frame_115,0,255,10,1,False,True,True,2.4411764705882355,True,False,[7],,10.538117798064802,-2.958078052786653,-1.0,0.18365134536188163,0.20812506516037743,33.5,15.134865463811838,45.17870287705026,1.689646601676941
frame_115,0,127,7,1,False,True,False,2.7368422125646004,True,True,[10],[    0.83297     0.25299     -0.4921],-26.633886406943642,16.311046142287463,0.2334639381129826,0.22601950681908,0.22636321108603696,33.5,10.898049318092001,32.531490501767166,1.790398495971777
frame_116,0,255,10,1,False,True,True,2.8546684453934885,True,True,[7],[    0.86323    -0.18413     0.47002],25.297025721569973,-11.671782228049782,0.2294027420815376,0.20277691025588895,0.20387940594121803,33.5,13.222308974411106,39.46957902809285,1.6903174332874578
frame_116,0,127,7,1,False,True,False,2.731193772763388,True,True,[10],[    0.87794     0.30077    -0.37249],-21.633104925730542,18.44704897641945,0.21773017177973475,0.20154998344945507,0.1994964027208119,33.5,13.345001655054494,39.83582583598356,1.7800097573760245
frame_117,0,255,10,1,False,True,True,3.0227594959586503,True,True,[7],[    0.76349     -0.2009     0.61378],33.598220734953514,-13.091792795650143,0.27929244859394037,0.22077624396334922,0.22265317652572747,33.5,11.422375603665081,34.09664359303009,1.686060269134344
frame_117,0,127,7,1,False,True,False,2.626865713445817,True,True,[10],[    0.85398     0.30054    -0.42473],-19.92665083112826,21.868549677812624,0.2109840074471524,0.196569141813976,0.1914275671793,33.5,13.843085818602402,41.32264423463404,1.7802129159721944
frame_118,0,255,10,1,False,True,True,3.180110870801536,True,True,[7],[    0.70689    -0.23159     0.66834],40.913106907393654,-17.847671885109524,0.29587873808696274,0.2568736791005002,0.252596948703782,33.5,7.812632089949983,23.32128982074622,1.6998708396741788
frame_118,0,127,7,1,False,True,False,2.52531671764301,True,True,[10],[    0.87148     0.29116    -0.39464],-21.404752111922758,17.805487906863437,0.21911624614596747,0.21166622373612298,0.2089860162401007,33.5,12.333377626387703,36.81605261608269,1.7817918263362524
frame_119,0,255,10,1,False,True,True,3.2865168663261484,True,True,[7],[    0.52147    -0.25181     0.81527],49.449078501392506,-24.53271383509931,0.39020232667197297,0.26280575024118025,0.25515495295443286,33.5,7.219424975881977,21.550522316065603,1.7023255706536895
frame_119,0,127,7,1,False,True,False,2.608695662923658,True,True,[10],[    0.85057     0.26708      -0.453],-16.336444893688046,16.442385627262475,0.23532492849406084,0.20645677535234508,0.2037064387267043,33.5,12.854322464765493,38.37111183512087,1.7758275068377796
frame_120,0,255,10,1,False,False,True,2.9508972585660347,True,True,[],[    0.49173    -0.13759     0.85981],45.09554973085805,-12.485797814617147,0.6157430394793004,0.247321074782192,0.2428961106365079,33.5,8.767892521780801,26.172813497853138,1.7354017066349738
frame_121,0,255,7,1,False,True,False,2.8520709972860443,True,True,[10],[    0.83665     0.16554    -0.52213],-31.03638109996678,10.615060182994984,0.2570331964307735,0.25756091013731863,0.2515235402830053,33.5,7.7439089862681385,23.116146227666086,1.7850454219954504
frame_121,0,127,10,1,False,True,True,2.838095333513417,True,True,[7],[    0.57306    -0.13608     0.80813],52.38968718132372,-13.346146325780706,0.2660475957246169,0.24803578359150513,0.2573060229365209,33.5,8.696421640849488,25.95946758462534,1.7394554343234336
frame_122,0,255,7,1,False,True,False,3.340000184565933,True,True,[10],[    0.89783     0.22372    -0.37928],-23.125539730231548,14.114741030934017,0.2518090263443038,0.2517663550406891,0.24765161754770598,33.5,8.32336449593109,24.845864166958474,1.7857698880057284
frame_122,0,127,10,1,False,True,False,2.5176713583317274,True,True,[7],[    0.34457    -0.02574     0.93841],67.74423225887195,-5.035808100481815,0.39990012704858136,0.27132879573523394,0.261802779245924,33.5,6.367120426476608,19.006329631273456,1.7671288699500645
frame_123,0,255,7,1,False,True,False,3.391752684373647,True,True,[10],[    0.86247     0.24347     -0.4437],-29.27200434381257,14.981930087309589,0.29595676524609504,0.2950175326007589,0.2885230754817612,33.5,3.9982467399241104,11.935064895295852,1.7949382356000603
frame_123,0,127,10,1,False,True,False,2.4782608695652173,True,True,[7],[    0.47309   0.0080271     0.88098],61.46652006467116,0.1729098279844611,0.23042464415352581,0.21772632589281837,0.21262757538224175,33.5,11.727367410718164,35.007066897666164,1.8251578768439916
frame_124,0,255,7,1,False,True,True,3.306122680093344,True,True,[10],[    0.83896     0.25174    -0.48246],-29.97485188316154,16.55094731435467,0.30300318006615057,0.3029159916816191,0.29650309935643177,33.5,3.2084008318380928,9.577315915934605,1.8013219932008044
frame_124,0,127,10,1,False,True,False,2.6363636363636362,True,True,[7],[    0.64513    0.012184     0.76398],41.47888555925702,1.4221162179376172,0.2110439280988845,0.1533401403103466,0.16158773365658533,33.5,18.16598596896534,54.22682378795625,1.856376255597047
frame_125,0,255,7,1,False,True,True,3.2225031568970928,True,True,[10],[    0.81562     0.27987     -0.5064],-31.10671913955171,19.017818111857515,0.2888868174242709,0.28877451401092613,0.2824643058823296,33.5,4.622548598907389,13.798652534051906,1.7983788032023633
frame_125,0,127,10,1,False,True,False,2.6818181818181817,True,True,[7],[    0.75252    0.085338     0.65302],41.33293674949857,6.3325182551347785,0.1491145012519015,0.14902247381339817,0.15118694686470324,33.5,18.597752618660184,55.51567945868712,1.8546441741611646
frame_126,0,255,7,1,False,False,True,3.292929553860245,True,True,[],[    0.79346     0.25679    -0.55179],-34.35698077030478,17.222144676139383,0.30508783955325125,0.30410278434190796,0.30492686170207783,33.5,3.0897215658092057,9.223049450176733,1.8048579095482984
frame_127,0,255,7,1,False,False,True,3.273077041201671,True,True,[],[    0.79015     0.23853    -0.56459],-34.47117575988385,16.627317357256523,0.2988899814160282,0.2988785056696639,0.29383616755221603,33.5,3.612149433033612,10.782535620995857,1.8085218144599502
frame_128,0,255,10,1,False,False,True,1.700336825506729,True,True,[],[    0.92399     0.14452     0.35405],21.532098903229294,9.96818440425471,0.12748280229248662,0.12799085296591442,0.16453880391494177,33.5,20.70091470340856,61.7937752340554,1.9233596655501037
frame_128,0,127,7,1,False,False,True,3.3159364643959126,True,True,[],[    0.73773     0.26244      -0.622],-37.266882620586586,19.085002218307988,0.30996915563809324,0.3105812263848202,0.3087935782169551,33.5,2.44187736151798,7.289186153785014,1.8102525535033995
frame_129,0,255,7,1,False,False,True,3.2537313318824825,True,True,[],[    0.74723      0.2483    -0.61643],-38.2932729441511,18.31316307002101,0.2975873020984774,0.29756821651666643,0.29722752918212125,33.5,3.743178348333359,11.173666711442863,1.8185658499859458
frame_130,0,255,7,1,False,False,True,3.2089550946681364,True,True,[],[    0.73529     0.23245    -0.63664],-39.61548869447796,17.49298396422675,0.3045531137976307,0.30450005523521995,0.3006214678001792,33.5,3.049994476478007,9.104461123814946,1.8122754462103865
frame_131,0,255,7,1,False,False,True,3.1590909004739216,True,True,[],[     0.7548     0.24276    -0.60939],-37.67280205873836,17.164223362881913,0.2990597836160711,0.2991102997531101,0.29860343490475205,33.5,3.588970024688992,10.713343357280573,1.8073522626636291
frame_132,0,255,12,1,False,False,True,2.195402210284181,True,True,[],[    0.59405      0.5627     0.57487],10.621710391605617,37.56910857713385,0.16135670664902702,0.1137550983932619,0.11185753909164084,33.5,22.124490160673812,66.04325421096661,1.9619301023969569
frame_132,0,127,7,1,False,False,True,3.132353491821403,True,True,[],[    0.69801     0.22136    -0.68102],-42.93712565057025,17.522262586740663,0.30773725789485273,0.3077601391701079,0.30165736602338045,33.5,2.72398608298921,8.131301740266299,1.8143640694695917
frame_133,0,255,12,1,False,False,True,2.2458101516418014,True,True,[],[    0.67524     0.68869     0.26412],11.424402375189526,44.776090119642305,0.14645387292566725,0.13209443363828474,0.13707192905131868,33.5,20.290556636171527,60.568825779616496,1.9526646592502168
frame_133,0,127,7,1,False,False,True,3.0879120650805225,True,True,[],[    0.71999     0.24971     -0.6475],-40.21834870674268,18.97887420084518,0.3133429199982254,0.31344277327383163,0.30940335735222424,33.5,2.1557226726168386,6.434993052587577,1.8139699393534565
frame_134,0,255,12,1,False,False,True,2.0,True,True,[],[    0.63341     0.76508     0.11595],2.312535232147107,49.16243407318118,0.12973487412435775,0.12463644877117987,0.13033265149782616,33.5,21.036355122882018,62.795089919050795,1.9554333594520534
frame_134,0,127,7,1,False,False,True,2.8963415731060485,True,True,[],[    0.71716     0.22261    -0.66039],-41.55312899177502,17.19621524540173,0.3074804526808308,0.30748360356103,0.30332612110580526,33.5,2.7516396438970023,8.213849683274633,1.8046835510392942
frame_135,0,255,12,1,False,False,True,2.580645387132898,True,True,[],[     0.5572     0.83032    0.010267],-10.47795626658051,54.86779975504626,0.14669364207313254,0.14924212113811008,0.1466618250145441,33.5,18.575787886188994,55.45011309310147,1.9488790271599916
frame_135,0,127,7,1,False,False,True,3.0900901877674265,True,True,[],[      0.712     0.29188    -0.63864],-39.134036447852694,22.136680742198998,0.3062229502889655,0.30656827671562636,0.3032806620482516,33.5,2.8431723284373653,8.48708157742497,1.8100777592884718
frame_136,0,255,12,1,False,False,True,2.7412935106716,True,True,[],[     0.4933     0.69645    -0.52117],-32.59808207581705,54.338718825980365,0.18220815413019964,0.18232875701516393,0.17708876178557506,33.5,15.267124298483608,45.57350536860778,1.9649378121536374
frame_136,0,127,7,1,False,False,True,3.046594760238296,True,True,[],[    0.69783     0.27096    -0.66303],-41.428177559048216,21.123505199380045,0.3136923216500489,0.31384211240096094,0.31203761150417186,33.5,2.115788759903908,6.31578734299674,1.8154314236914215
frame_137,0,255,7,1,False,False,True,3.1090907886005628,True,True,[],[    0.70472     0.29506    -0.64522],-40.110624114539974,22.36416392978854,0.30023218415277375,0.30036705259942575,0.2960165275838893,33.5,3.4632947400574263,10.338193253902766,1.8215730026211605
frame_138,0,255,12,1,False,False,True,1.8647686265877197,True,True,[],[   -0.23457    -0.64808     0.72455],47.39450096233227,-109.25409361928837,0.20014383089943322,0.1937255610562718,0.20226535643888954,33.5,14.12744389437282,42.17147431156066,1.9628937318053967
frame_138,0,127,7,1,False,False,True,3.0224719360877015,True,True,[],[    0.68685     0.25704    -0.67983],43.28960789041274,-159.8993229699576,0.30391998064190173,0.3036912023508711,0.2907475222757512,33.5,3.1308797649128914,9.345909746008632,1.8253947311740408
frame_139,0,255,12,1,False,False,True,2.0248286437741645,True,True,[],[   -0.15693     -0.5872     0.79409],53.36917934383298,-105.3060143453976,0.2163102498206808,0.21611746219301775,0.22491581150279938,33.5,11.888253780698227,35.487324718502165,1.9515371576631935
frame_139,0,127,7,1,False,False,True,3.022346331921732,True,True,[],[    0.70976     0.26782    -0.65154],-40.692289566555885,20.591064653123784,0.30496265479874163,0.30505054213858096,0.3021715878313994,33.5,2.9949457861419058,8.940136675050466,1.8215682802904207
frame_140,0,255,12,1,False,False,True,2.1724137931034484,True,True,[],[  -0.082137    -0.57251     0.81577],55.08555261608242,-99.32577047508636,0.22544684756786948,0.22561107499172328,0.23945640315386407,33.5,10.938892500827674,32.65341045023186,1.9576440448015051
frame_140,0,127,7,1,False,False,True,2.9565214381375693,True,True,[],[   -0.68375    -0.25389     0.68412],43.26548892782191,-159.61353544008162,0.30398399022610256,0.30397750773097676,0.3055705846044433,33.5,3.102249226902326,9.260445453439779,1.8298024785921299
frame_141,0,255,12,1,False,False,True,2.3569129188114686,True,True,[],[  -0.015146    -0.56724     0.82342],55.888429688650255,-92.11577616775263,0.25982455817161587,0.25982064401468286,0.2788934604231874,33.5,7.517935598531716,22.44159880158721,1.9345526214534077
frame_141,0,127,7,1,False,False,True,2.736330569477112,True,True,[],[   -0.68219    -0.24379     0.68934],44.08663597291106,-160.4354566646935,0.2895398056611369,0.2893614604337871,0.29203885972656807,33.5,4.563853956621294,13.623444646630729,1.8264691011790923
frame_142,0,255,12,1,False,False,True,2.805555361250242,True,True,[],[   0.071166    -0.58576     0.80735],54.60255396814857,-82.94184230394632,0.25460958140962564,0.25436924078840106,0.2598465502228948,33.5,8.063075921159896,24.06888334674596,1.9259864053280233
frame_142,0,127,7,1,False,False,True,2.8611450937396663,True,True,[],[    0.70579     0.27027    -0.65484],-40.59948798841908,20.849960550925346,0.292905026078246,0.285440333280476,0.2894406622868097,33.5,4.9559666719524,14.793930364037013,1.8178025203145993
frame_143,0,255,12,1,False,False,True,2.8827640811769277,True,True,[],[    0.11175    -0.47603      0.8723],60.818760040073656,-76.89596869381259,0.292282071886351,0.29227498453561584,0.29770590633605054,33.5,4.272501546438417,12.753735959517664,1.9150972896021574
frame_143,0,127,7,1,False,False,True,2.8279817406918633,True,True,[],[   -0.63808    -0.24133     0.73117],46.851542172689996,-159.4239139192288,0.31540855537026635,0.31549730258804476,0.31112600474683383,33.5,1.950269741195526,5.821700719986645,1.8320865549187548
frame_144,0,255,12,1,False,False,True,2.8851290599917307,True,True,[],[    0.15435    -0.44025     0.88451],62.483303535736844,-70.71044466311126,0.2620578135530873,0.2620549540781163,0.2618240763115679,33.5,7.294504592188372,21.774640573696633,1.8939468092228993
frame_144,0,127,7,1,False,False,True,2.7710012149391154,True,True,[],[   -0.63873    -0.24911     0.72799],46.824412160386785,-158.77057363444638,0.29016732308137505,0.2901524749493136,0.29195511572464794,33.5,4.48475250506864,13.387320910652656,1.8241352137503968
frame_145,0,255,12,1,False,False,True,2.9302326263090688,True,True,[],[    0.15131    -0.39172     0.90756],65.20006084967419,-68.45724642657291,0.2546763794295315,0.2547100782906775,0.25132590763006535,33.5,8.028992170932254,23.967140808752994,1.890123781418418
frame_145,0,127,7,1,False,False,True,2.768627423728962,True,True,[],[   -0.61635    -0.25563     0.74482],48.147624715621326,-157.44654564729737,0.2978750133065322,0.29792103800248526,0.2986196658411471,33.5,3.7078961997514757,11.068346864929778,1.8279087728229217
frame_146,0,255,12,1,False,False,True,2.7755101721077424,True,True,[],[    0.11861    -0.31277     0.94239],69.82600777617614,-67.88792647050198,0.25869800320640635,0.25897816257884476,0.26108929160151434,33.5,7.602183742115526,22.693085797359778,1.8911101199086655
frame_146,0,127,7,1,False,False,True,2.920114521609576,True,True,[],[   -0.64048    -0.28334     0.71379],45.709772455238905,-156.31194167478182,0.288811731773865,0.2887287982508424,0.288198200034657,33.5,4.627120174915761,13.812299029599284,1.814462659729232
frame_147,0,255,12,1,False,False,True,2.5804414515423253,True,True,[],[    0.11594    -0.27503     0.95442],72.70803339397187,-66.65341036429577,0.28413466201213167,0.28335230653297727,0.2853692756828402,33.5,5.164769346702275,15.41722193045455,1.8902231450681086
frame_147,0,127,7,1,False,False,True,2.9352051694273364,True,True,[],[   -0.61143    -0.29712      0.7334],47.33167428637985,-154.2176248337047,0.2833915853295579,0.2833164434311721,0.2812182398892924,33.5,5.168355656882789,15.427927333978475,1.8184663533138026
frame_148,0,255,12,1,False,False,True,2.3893128385452527,True,True,[],[   0.099727    -0.24442     0.96453],74.8217471315141,-67.28329697528022,0.25946485600263136,0.2594012927923328,0.2588262390232018,33.5,7.55987072076672,22.566778270945434,1.8848701996957102
frame_148,0,127,7,1,False,False,True,2.9743589459839748,True,True,[],[   -0.59096    -0.31104     0.74433],48.129507156317864,-152.28095723689023,0.3142860492938415,0.314280175332311,0.3107827878948288,33.5,2.071982466768901,6.185022288862392,1.8218459859664882
frame_149,0,255,12,1,False,False,True,2.0326409006705393,True,True,[],[    0.11825    -0.20489     0.97162],76.227474074819,-58.80470463898433,0.2500831426605554,0.2500852604174626,0.252565294416215,33.5,8.491473958253742,25.347683457473856,1.8892185126609433
frame_149,0,127,7,1,False,False,True,2.8974357839359,True,True,[],[   -0.59123    -0.31358     0.74304],48.04698167930613,-152.04893885086443,0.30592578802407644,0.30591151294677865,0.30029748254953925,33.5,2.9088487053221366,8.683130463648169,1.8078759183271897
frame_150,0,255,12,1,False,False,True,1.6374999044179739,True,True,[],[   0.076599    -0.16581     0.98318],79.33186522578254,-64.98944182775655,0.2944452157916715,0.2945237093956381,0.30586155243703506,33.5,4.047629060436192,12.082474807272215,1.8971875411131716
frame_150,0,127,7,1,False,False,True,2.9736843917227627,True,True,[],[   -0.60314    -0.30883     0.73542],47.39118111319345,-152.90021625402824,0.29911775851886535,0.29910912904350817,0.2959149568254175,33.5,3.5890870956491847,10.713692822833387,1.8140330658341846
frame_151,0,255,12,1,False,False,True,1.4224683917527685,True,True,[],[   0.016485    -0.19819     0.98003],77.94920718153882,-85.29141759261152,0.2828151540610624,0.2828962453334565,0.2810343375828584,33.5,5.210375466654354,15.553359601953295,1.8700290668421777
frame_151,0,127,7,1,False,False,True,2.9599999830393715,True,True,[],[   -0.59701    -0.29401     0.74641],48.37782096996872,-153.73018741970705,0.30119397288518246,0.3011572605133759,0.2968232324907699,33.5,3.384273948662414,10.102310294514668,1.8168236545598644
frame_152,0,255,12,1,False,False,True,1.5338982950111528,True,True,[],[  -0.038745    -0.17618      0.9836],79.13127865682188,-101.08691033730842,0.29459762763463826,0.27461421332548785,0.2815036098200736,33.5,6.038578667451216,18.025607962540942,1.8716017083955607
frame_152,0,127,7,1,False,False,True,3.0219780095830213,True,True,[],[   -0.59629    -0.29543     0.74643],48.44346814872271,-153.62165831779248,0.32143026712508305,0.3214233312681134,0.31695929588647576,33.5,1.357666873188662,4.052736934891529,1.815429287837102
frame_153,0,255,12,1,False,False,True,1.3846153846153846,True,True,[],[  -0.068381    -0.20994     0.97532],76.8904561272027,-107.84076992738204,0.2810187692350212,0.2753605776731569,0.27296775026491293,33.5,5.96394223268431,17.80281263487854,1.851807013739272
frame_153,0,127,7,1,False,False,True,3.0,True,True,[],[   -0.58449    -0.31358     0.74836],48.47682326979891,-151.77347871571797,0.3162723714771418,0.31632595020154586,0.30790831512349726,33.5,1.8674049798454162,5.574343223419153,1.8092090764332338
frame_154,0,255,12,1,False,False,True,1.6534091112486355,True,True,[],[  -0.080237    -0.17957     0.98047],78.0656611074203,-113.21456991598053,0.28618967645759263,0.2865470536943959,0.2901547132541975,33.5,4.845294630560409,14.463566061374355,1.872401792937094
frame_154,0,127,7,1,False,False,True,2.981566671273025,True,True,[],[    -0.5917    -0.30285     0.74711],48.37082933863564,-152.93229314360985,0.3086049114924896,0.3086022690287846,0.30472668610029713,33.5,2.639773097121539,7.879919692900117,1.8131944500563437
frame_155,0,255,12,1,False,False,True,1.3666666666666667,True,True,[],[  -0.077461      -0.235      0.9689],75.18428586303618,-108.4122530766432,0.2693835167133518,0.26946670245386994,0.28427285999511864,33.5,6.553329754613007,19.562178371979126,1.84931218609506
frame_155,0,127,7,1,False,False,True,2.8659217061396403,True,True,[],[   -0.60128    -0.29254     0.74356],48.16444601613305,-154.12497770611856,0.31403698351595755,0.31405153639201644,0.30807114130848257,33.5,2.094846360798358,6.253272718801068,1.8030322574521835
frame_156,0,255,12,1,False,False,True,1.3016984480004992,True,True,[],[   -0.10298    -0.26531     0.95865],73.0248903114388,-111.98078836419572,0.28256181090370003,0.2828215977097537,0.28604143775229296,33.5,5.217840229024634,15.575642474700398,1.8681003457999654
frame_156,0,127,7,1,False,False,True,2.8066665495199463,True,True,[],[   -0.58357    -0.30415     0.75296],48.94138210334017,-152.4843359741056,0.30571351012294445,0.3056641746303912,0.3021426905554787,33.5,2.9335825369608823,8.756962796898156,1.810214920344706
frame_157,0,255,12,1,False,False,True,1.3793103448275863,True,True,[],[   -0.19131    -0.23553     0.95285],70.88467460584657,-128.54851731765646,0.29303768507738637,0.29351178280808066,0.29441679286938083,33.5,4.148821719191936,12.384542445349062,1.8428284895252174
frame_157,0,127,7,1,False,False,True,2.779605408834629,True,True,[],[   -0.59853    -0.31447      0.7368],47.55083983958339,-152.26650763689295,0.2954370625365923,0.2954509269550707,0.2899780726858058,33.5,3.9549073044929326,11.80569344624756,1.803577263281428
frame_158,0,255,12,1,False,False,True,1.6071428571428572,True,True,[],[    -0.1417    -0.24332     0.95954],72.48186028621056,-119.49339674230609,0.3209887471390531,0.3212831401538083,0.31684263614220814,33.5,1.3716859846191698,4.094585028713939,1.8588642788269545
frame_158,0,127,7,1,False,False,True,2.7340824187107393,True,True,[],[   -0.59663    -0.28248     0.75116],48.78530100698076,-154.76835919037933,0.3091505288394476,0.30377751846181056,0.29671046466967843,33.5,3.122248153818946,9.320143742743122,1.8088312640348176
frame_159,0,255,12,1,False,False,True,2.1645811018364727,True,True,[],[   -0.19786    -0.33123     0.92257],64.67811377188978,-120.83138191157387,0.2960250842046688,0.2964514876041848,0.29927066934679125,33.5,3.854851239581519,11.507018625616475,1.8590817638769777
frame_159,0,127,7,1,False,False,True,2.731707394095855,True,True,[],[   -0.56551    -0.27836     0.77635],50.92726185909861,-153.81029631980755,0.3178511415899392,0.3179428766690833,0.31279416625016393,33.5,1.7057123330916746,5.091678606243804,1.804471360027719
frame_160,0,255,7,1,False,False,True,2.698689771686961,True,True,[],[   -0.59445    -0.29289      0.7489],48.62411949750579,-153.76508843046554,0.3088201203261367,0.30877641341577267,0.3028423372844766,33.5,2.622358658422735,7.827936293799209,1.801700892810833
frame_161,0,255,7,1,False,False,True,2.658536489087511,True,True,[],[    -0.5843    -0.27728      0.7627],49.63955426251488,-154.7186055072348,0.29547255906348235,0.2955256289297479,0.28910524773920787,33.5,3.9474371070252143,11.783394349328997,1.801269711703062
frame_162,0,255,12,1,False,False,True,2.1570729992424873,True,True,[],[   -0.19825    -0.27445     0.94094],68.25609098748721,-125.69342741434964,0.298957536676808,0.2995652392220667,0.3024016993143287,33.5,3.5434760777933336,10.577540530726369,1.853107375330797
frame_162,0,127,7,1,False,False,True,2.6675324226943165,True,True,[],[   -0.59012    -0.27571     0.75877],49.44591658027569,-154.97478651954475,0.2923024343902447,0.29228694899367524,0.2873646311215202,33.5,4.271305100632477,12.750164479499931,1.797912084663633
frame_163,0,255,12,1,False,False,True,1.84,True,True,[],[   -0.24044    -0.27086     0.93211],67.8634254517427,-131.01707389340189,0.2632149164226514,0.2636093329917173,0.2711521103854271,33.5,7.139066700828272,21.310646868144097,1.854033465962857
frame_163,0,127,7,1,False,False,True,2.6888889250717805,True,True,[],[    -0.5849    -0.27966     0.76137],49.71035866776041,-154.48636494675316,0.3166921065824837,0.3166808328171522,0.30977102064263995,33.5,1.8319167182847818,5.468408114282931,1.803868472433033
frame_164,0,255,12,1,False,False,True,2.2814814765816314,True,True,[],[   -0.22494    -0.25207      0.9412],69.75295029087803,-131.18889616596064,0.31794223108638264,0.3182217434631338,0.3204802347387888,33.5,1.677825653686621,5.008434787124242,1.8685037350446765
frame_164,0,127,7,1,False,False,True,2.6367713903167282,True,True,[],[   -0.58445     -0.2723     0.76438],49.751800883193134,-155.09173981250186,0.3091278199724654,0.3091532670739723,0.2981324984252978,33.5,2.5846732926027736,7.7154426644858916,1.79908463491875
frame_165,0,255,12,1,False,False,True,2.3804779932892903,True,True,[],[   -0.24226    -0.28325     0.92794],68.18812606246571,-130.5543987965602,0.27791287507517515,0.27796699406448355,0.28501711335006297,33.5,5.7033005935516465,17.024777891198944,1.870516878534553
frame_165,0,127,7,1,False,False,True,2.6190473957935616,True,True,[],[   -0.58504    -0.27351     0.76349],49.880982883960954,-155.08353094991966,0.31086164333369437,0.31056527680428725,0.30335614691864227,33.5,2.443472319571277,7.293947222600826,1.8033253302759709
frame_166,0,255,12,1,False,False,True,1.8687393604814735,True,True,[],[   -0.26011    -0.25623     0.93096],66.5860963096502,-134.05482400792533,0.3096456751417147,0.31046493563396727,0.3217817309875844,33.5,2.4535064366032753,7.323899810756046,1.856411312830076
frame_166,0,127,7,1,False,False,True,2.805877506511752,True,True,[],[   -0.57947    -0.26779     0.76974],50.33255299662564,-155.21132838223434,0.31334092608738473,0.31343051847689085,0.3093177081214323,33.5,2.1569481523109166,6.43865120092811,1.8121287623215854
frame_167,0,255,12,1,False,False,True,1.3055555555555556,True,True,[],[   -0.32235    -0.22165     0.92031],65.7656072809711,-143.38863020356723,0.2450388952008069,0.24564398326202164,0.274880213776726,33.5,8.935601673797839,26.673437832232356,1.8654257816634154
frame_167,0,127,7,1,False,False,True,2.679884571839821,True,True,[],[   -0.58184    -0.24979     0.77399],50.79140907000169,-156.7896231308068,0.29925034476003054,0.2992709220749281,0.2975948943403413,33.5,3.5729077925071904,10.665396395543853,1.8070009467787107
frame_168,0,255,12,1,False,False,True,1.9846153008303486,True,True,[],[    -0.2729    -0.31491     0.90904],65.2156179724558,-130.60374797661373,0.31433759492233415,0.3073930912560223,0.3161474407770169,33.5,2.7606908743977696,8.240868281784387,1.8674959651613516
frame_168,0,127,7,1,False,False,True,2.7993194088743873,True,True,[],[   -0.57848    -0.25407     0.77512],50.86885941124961,-156.2744322749876,0.32082255067521714,0.32090116372636035,0.3165988368118713,33.5,1.409883627363967,4.208607842877513,1.8108618570244672
frame_169,0,255,7,1,False,False,True,2.7901908530542374,True,True,[],[   -0.57576    -0.25253     0.77764],50.88669713288364,-156.33052024570017,0.31356538501913556,0.31361945851074613,0.3100956472346162,33.5,2.138054148925389,6.382251190822057,1.8107673250085436
frame_170,0,255,7,1,False,False,True,2.661399453277734,True,True,[],[   -0.57243    -0.24654     0.78201],51.473567172913256,-156.77409283285917,0.3048122893700953,0.30482254596999847,0.30346296350517954,33.5,3.0177454030001547,9.008195232836282,1.8032969724579155
frame_171,0,255,12,1,False,False,True,1.9900988834898758,True,True,[],[   -0.29292    -0.31642     0.90226],63.8889579414088,-132.48642971996733,0.2793855109907468,0.279415130530986,0.2921196542681036,33.5,5.558486946901403,16.59249834895941,1.8646195099745428
frame_171,0,127,7,1,False,False,True,2.7300956682383126,True,True,[],[   -0.55445    -0.25964     0.79068],52.24101228355145,-154.9235155023045,0.31280902941457867,0.3128561455369525,0.30865837439135224,33.5,2.2143854463047505,6.610105809864927,1.8059759889241542
frame_172,0,255,12,1,False,False,True,1.8498583466478704,True,True,[],[    -0.3422    -0.21527     0.91464],54.55123128348899,-150.7201033704509,0.26716183690212203,0.22226612605685525,0.20043124290253223,33.5,11.273387394314478,33.65190266959546,1.8268183616443454
frame_172,0,127,7,1,False,False,True,2.6836891256641824,True,True,[],[    -0.5615    -0.26824     0.78279],51.48371432748904,-154.50477791161754,0.31015003589598433,0.3102210900914031,0.304593497468334,33.5,2.4778909908596933,7.396689524954309,1.8002505165721299
frame_173,0,255,12,1,False,False,True,1.966613694172055,True,True,[],[   -0.28036     -0.3191      0.9053],65.17320550614812,-131.90636183976642,0.282680107855416,0.28280889717209834,0.2901066641413223,33.5,5.219110282790168,15.57943367997065,1.8605775441323127
frame_173,0,127,7,1,False,False,True,2.753531967459834,True,True,[],[   -0.55949    -0.25685     0.78804],52.00246182899831,-155.410312967361,0.33327341498979024,0.3311078924570674,0.32457133065905075,33.5,0.38921075429326213,1.161823147144066,1.802483475003293
frame_174,0,255,12,1,False,False,True,2.0713324899757435,True,True,[],[   -0.27958     -0.2251     0.93336],53.78642765692085,-158.12614771904416,0.2944258333357572,0.14876101753914073,0.1438561953245182,33.5,18.62389824608593,55.593726107719185,1.8159652050072548
frame_174,0,127,7,1,False,False,True,2.837795222584909,True,True,[],[   -0.56152    -0.26174     0.78498],52.19777399012569,-155.84945677386,0.3165012568662726,0.3086220541719531,0.30287459750306855,33.5,2.637794582804692,7.874013680014007,1.8016167228299107
frame_175,0,255,12,1,False,False,True,2.0983603393901835,True,True,[],[   -0.25962    -0.29143     0.92069],53.22958328891461,-152.37168867672727,0.2938462051506632,0.2100598247563874,0.20679515979915175,33.5,12.494017524361261,37.295574699585856,1.831417551072868
frame_175,0,127,7,1,False,False,True,2.8447153632443976,True,True,[],[   -0.56061    -0.26589     0.78423],51.610135540260174,-154.60242194284388,0.32737632604312217,0.3256601104066206,0.3205759551640419,33.5,0.9339889593379447,2.788026744292372,1.8057949866344727
frame_176,0,255,12,1,False,False,True,2.2155172458670833,True,True,[],[   -0.26445    -0.32397     0.90836],39.614337620206754,-142.07414908761757,0.25921839127200297,0.18104031747254612,0.18787443058398534,33.5,15.39596825274539,45.95811418729968,1.8191020673546712
frame_176,0,127,7,1,False,False,True,2.7602905685518384,True,True,[],[   -0.55455    -0.25244     0.79294],52.436669974909485,-155.51247895954032,0.3034220177398359,0.30354594269512836,0.2986508417310947,33.5,3.145405730487166,9.389270837275122,1.8031652846883555
frame_177,0,255,12,1,False,False,True,2.2142858362194366,True,True,[],[   -0.28581    -0.32361     0.90199],64.58538849226206,-131.7659232984321,0.2650934331960295,0.2652166451176037,0.27907916201274924,33.5,6.978335488239634,20.830852203700402,1.8599308296078465
frame_177,0,127,7,1,False,False,True,2.746031612415676,True,True,[],[   -0.54538    -0.26033     0.79674],52.70497863940242,-154.4004488979046,0.33496674826114003,0.33506354487441015,0.3302601018262947,33.5,0.006354487441012635,0.018968619226903388,1.807410392817573
frame_178,0,255,7,1,False,False,True,2.583606685535414,True,True,[],[   -0.57669    -0.25187     0.77717],51.14008385353448,-156.3662194664017,0.30167842645357146,0.30167124584161575,0.2985728096310033,33.5,3.3328754158384264,9.94888183832366,1.79046643623987
frame_179,0,255,12,1,False,False,True,2.3154471209902217,True,True,[],[   -0.24746    -0.38142     0.89066],62.818410894720444,-123.0725647758885,0.27059120698023387,0.26912892861085935,0.30112159453777365,33.5,6.5871071389140665,19.66300638481811,1.8632469648790408
frame_179,0,127,7,1,False,False,True,2.476190512889776,True,True,[],[   -0.56685    -0.25558     0.78318],51.26954691938397,-155.6674467516216,0.33074702842875325,0.3308682324648011,0.32371440514571964,33.5,0.41317675351988936,1.2333634433429532,1.7968380627976623
frame_180,0,255,7,1,False,False,True,2.662921195872307,True,True,[],[   -0.57331    -0.25825     0.77758],50.78115832138148,-155.64038449538083,0.3125826923649273,0.31275933880969875,0.30897648576557524,33.5,2.2240661190301267,6.639003340388438,1.794956684684639
frame_181,0,255,7,1,False,False,True,2.6325878552857755,True,True,[],[   -0.56158    -0.25886     0.78589],51.48908462818483,-155.15983731368075,0.32013505291982614,0.32029344320432007,0.30829850282904725,33.5,1.4706556795679948,4.390016953934313,1.7990955146915704
frame_182,0,255,7,1,False,False,True,2.6647396963800403,True,True,[],[   -0.58041    -0.26103     0.77136],50.492202724795575,-155.844359230971,0.29807970832784525,0.29731900117278576,0.29025365996886343,33.5,3.768099882721426,11.24805935140724,1.7953622038367343
frame_183,0,255,7,1,False,False,True,2.791602048599233,True,True,[],[   -0.57357    -0.26443     0.77531],50.98917199349342,-155.16687525343434,0.33691582049534974,0.33696250039314934,0.3292464454255845,33.5,0.19625003931493246,0.5858210128803953,1.8068449436872753
frame_184,0,255,7,1,False,False,True,2.7932960375466873,True,True,[],[   -0.58162    -0.24581     0.77543],50.514548944638776,-157.00547185591194,0.30466440381564075,0.3047997337250892,0.3017407639483596,33.5,3.0200266274910845,9.015004858182342,1.8010296905698953
frame_185,0,255,12,1,False,False,True,2.2380951970641783,True,True,[],[   -0.20868    -0.37409     0.90361],64.72302305852074,-118.48701801231284,0.27569610487509766,0.2757298730023032,0.2988410821869951,33.5,5.927012699769679,17.69257522319307,1.8700402740038804
frame_185,0,127,7,1,False,False,True,2.6874997589234564,True,True,[],[    -0.5912    -0.25634      0.7647],50.03424369353318,-156.53846527551846,0.2982016199162767,0.29812447734997516,0.2947157312547549,33.5,3.687552265002486,11.007618701499958,1.7951646944496529
frame_186,0,255,7,1,False,False,True,2.702970371895548,True,True,[],[   -0.56856    -0.23381     0.78872],51.7313104138426,-157.49851517148122,0.30186302235344065,0.3021347027002961,0.30321402601055253,33.5,3.286529729970394,9.81053650737431,1.7983316611231006
frame_187,0,255,7,1,False,False,True,2.7043191397388995,True,True,[],[   -0.60888     -0.2611     0.74906],48.37372694430253,-156.75433160993722,0.30530888910995047,0.3053966347288115,0.2986888287276712,33.5,2.9603365271188506,8.83682545408612,1.791663960528598
frame_188,0,255,7,1,False,False,True,2.80821928896774,True,True,[],[   -0.58597    -0.27157     0.76347],49.89476180521283,-155.19714913556587,0.3302149757053585,0.3287422268767872,0.3165515592578798,33.5,0.6257773123212795,1.8679919770784463,1.8042709545734885
frame_189,0,255,7,1,False,False,True,2.6619386366502007,True,True,[],[   -0.58631     -0.2375     0.77449],50.727174464356274,-157.96497317675227,0.306502073995671,0.3065392917943577,0.30438565704145637,33.5,2.8460708205642335,8.495733792729055,1.7894004104674595
frame_190,0,255,7,1,False,False,True,2.816666605601718,True,True,[],[   -0.59542    -0.26536     0.75833],47.72854054809146,-155.82674870937473,0.31092219641222996,0.31237720666804125,0.3058209446927217,33.5,2.2622793331958766,6.753072636405602,1.8171186423642063
frame_191,0,255,7,1,False,False,True,2.829374037697788,True,True,[],[   -0.57743    -0.26094     0.77362],50.647621687956416,-155.64095716292096,0.3352295695560452,0.33529756769538466,0.33029973204981555,33.5,0.029756769538463734,0.08882617772675742,1.799998490063112
frame_192,0,255,7,1,False,False,True,2.701130894649146,True,True,[],[   -0.57267    -0.23264     0.78608],51.48284918967345,-157.80962536383157,0.3372672440993565,0.33743945352643845,0.3222248256089773,33.5,0.24394535264384287,0.728195082518934,1.795776801127376
frame_193,0,255,7,1,False,False,True,2.8848916598651626,True,True,[],[   -0.57333    -0.23734     0.78419],51.312645442278,-157.54441505551262,0.3078718902420665,0.30706802027544966,0.30562206397857455,33.5,2.7931979724550358,8.337904395388167,1.8034035849689256
frame_194,0,255,7,1,False,False,True,2.75206627707802,True,True,[],[   -0.58221    -0.23342     0.77881],50.62273133570977,-157.87401375837695,0.3128390007393429,0.3131842968769667,0.3089174921502422,33.5,2.1815703123033323,6.512150185980096,1.7899721286166634
frame_195,0,255,7,1,False,False,True,2.758196873713741,True,True,[],[   -0.58557    -0.24083     0.77402],50.08037348005701,-157.8274883645607,0.3161030759363832,0.3164561090722333,0.30982624811264736,33.5,1.8543890927766704,5.53548982918409,1.7895823814446412
frame_196,0,255,7,1,False,False,True,2.711934088579612,True,True,[],[   -0.59719     -0.2443     0.76399],49.599315170598565,-157.70119986207965,0.31448475531607767,0.31463263435398225,0.30943858442533245,33.5,2.0367365646017763,6.079810640602317,1.7970439571417525
frame_197,0,255,7,1,False,False,True,2.747573188264666,True,True,[],[   -0.57133    -0.22295     0.78986],52.164982222847584,-158.5437055079125,0.3383227599447223,0.33839936374812685,0.32606709669137707,33.5,0.3399363748126827,1.0147354472020378,1.7944317978660338
frame_198,0,255,7,1,False,False,True,2.7061224046974317,True,True,[],[   -0.58178    -0.22604     0.78131],51.07910869165355,-158.70412199229898,0.3224482962893629,0.3226762967560426,0.3178296350739299,33.5,1.232370324395743,3.678717386255949,1.791757970675826
frame_199,0,255,7,1,False,False,True,2.7256096752412207,True,True,[],[   -0.57641    -0.23104     0.78382],51.185456132085584,-158.1727666362473,0.3146058311972919,0.31485925477299004,0.3117318590492625,33.5,2.014074522700998,6.012162754331337,1.7970692250383906
frame_200,0,255,7,1,False,False,True,2.7152775639185283,True,True,[],[    -0.6014     -0.2601     0.75542],48.951439885058875,-156.54656429389087,0.3156385362217615,0.31570676461786884,0.3143589842593061,33.5,1.929323538213118,5.7591747409346805,1.803480265964574
frame_201,0,255,7,1,False,False,True,2.720279609284332,True,True,[],[   -0.59114    -0.25049     0.76669],50.165089237358124,-157.12935729266923,0.30784337444013476,0.30788981994407605,0.30124830350263854,33.5,2.711018005592397,8.092591061469841,1.8000478906560433
frame_202,0,255,7,1,False,False,True,2.7322404109010345,True,True,[],[   -0.58372    -0.22325     0.78066],51.45748258519356,-159.1364102192255,0.3089075818445808,0.3088798153627639,0.3039883511564674,33.5,2.612018463723614,7.7970700409660125,1.804003068087884
frame_203,0,255,7,1,False,False,True,2.8014181744470363,True,True,[],[   -0.59623    -0.22776     0.76983],50.44751468722998,-159.11271269513867,0.3054463767127438,0.30539814072946236,0.3034080914803129,33.5,2.9601859270537654,8.83637590165303,1.7975635694440089
frame_204,0,255,7,1,False,False,True,2.8126980541366615,True,True,[],[   -0.59625    -0.22987     0.76918],50.23407603285313,-158.95554940129807,0.305001015809087,0.3050530173117263,0.2994491658993017,33.5,2.9946982688273724,8.939397817395141,1.7906253662907632
frame_205,0,255,7,1,False,False,True,2.780219547935545,True,True,[],[   -0.59694    -0.24318     0.76454],49.75707407759026,-157.80092065968222,0.31991477694583437,0.31993901526752544,0.3149873555044042,33.5,1.506098473247458,4.495816338052114,1.797127723257716
frame_206,0,255,7,1,False,False,True,2.907103728859348,True,True,[],[   -0.59584    -0.25861     0.76033],50.17430684265602,-156.75134835148884,0.32255799037044874,0.3227895374882952,0.3158327736315941,33.5,1.2210462511704823,3.644914182598454,1.7998171179606441
frame_207,0,255,7,1,False,False,True,2.7319281241855062,True,True,[],[   -0.57915    -0.24698     0.77691],50.89132314710177,-156.8515242122749,0.32557403128550355,0.32563589566985995,0.3195351508757913,33.5,0.9364104330140066,2.7952550239224077,1.7937470757947132
frame_208,0,255,7,1,False,False,True,2.5637583420097423,True,True,[],[    -0.5849    -0.23224     0.77715],50.808894338747166,-158.38825904560386,0.31627274184753285,0.3104503490715067,0.3071220035469019,33.5,2.4549650928493314,7.328254008505467,1.7880418416804071
frame_209,0,255,7,1,False,False,True,2.684210746575969,True,True,[],[   -0.56712    -0.22479     0.79236],51.69124477026898,-158.39860289029195,0.3114892491897341,0.3120465060753512,0.3072219245389185,33.5,2.295349392464879,6.8517892312384445,1.788693438645891
frame_210,0,255,7,1,False,False,True,2.652509645661011,True,True,[],[   -0.58596    -0.24705     0.77176],50.35295189741886,-157.02377804598382,0.3219152094058817,0.32206215912395586,0.31353822442512735,33.5,1.293784087604416,3.8620420525504953,1.7877176543366458
frame_211,0,255,7,1,False,False,True,2.646825669665878,True,True,[],[   -0.58902    -0.23356     0.77363],50.163102295641124,-158.35852000866842,0.32008278627153475,0.3201678814957065,0.31138317919463276,33.5,1.48321185042935,4.427498060983134,1.7888517921818787
frame_212,0,255,7,1,False,False,True,2.7142857610683233,True,True,[],[    -0.5868    -0.23113     0.77604],50.249960905567264,-158.53998054803026,0.3067444433171824,0.3071001788111949,0.3036613009924619,33.5,2.7899821188805127,8.328304832479143,1.7900953699143225
frame_213,0,255,7,1,False,False,True,2.6000000392973917,True,True,[],[   -0.61487    -0.23185     0.75378],48.34965084787599,-159.23359526953757,0.3040142107728532,0.3042706635715793,0.3012911198651238,33.5,3.0729336428420737,9.17293624728977,1.784215274149353
frame_214,0,255,7,1,False,False,True,2.5185183487149865,True,True,[],[   -0.58871    -0.22583     0.77616],49.24135575099286,-158.90986915386958,0.30860898436991224,0.3093954796867284,0.30469729737482676,33.5,2.5604520313271593,7.643140392021371,1.7844839467820834
frame_215,0,255,7,1,False,False,True,2.427631709796902,True,True,[],[   -0.58372    -0.21515     0.78293],51.27636474494766,-159.68501758829328,0.3146865642308516,0.3148174583884502,0.3094443576114841,33.5,2.0182541611549807,6.024639287029793,1.7909652885390268
frame_216,0,255,7,1,False,False,True,2.4799999847474394,True,True,[],[   -0.58624     -0.2189        0.78],50.72734434289273,-159.92891348481317,0.3240448191554437,0.31068167110341194,0.30449177477585776,33.5,2.431832889658808,7.259202655697934,1.7809265694047651
frame_217,0,255,7,1,False,False,True,2.647618784388902,True,True,[],[   -0.58881    -0.22953       0.775],50.60835759395688,-158.69818922428385,0.32960404040336,0.32965776632282795,0.31797585040557597,33.5,0.534223367717207,1.5946966200513644,1.7906674397133646
frame_218,0,255,7,1,False,False,True,2.6698116812547568,True,True,[],[   -0.59767    -0.23077     0.76782],49.91045833282554,-158.77084097754278,0.30532567151128553,0.30554911552988173,0.30231309310313403,33.5,2.9450884470118286,8.791308797050235,1.7974284698237788
frame_219,0,255,7,1,False,False,True,2.638888929570988,True,True,[],[   -0.57988    -0.21703     0.78527],51.26826163209723,-159.52004333194864,0.3049625693568423,0.30525797946428557,0.30296674768617743,33.5,2.974202053571445,8.878215085287895,1.79431994908164
frame_220,0,255,7,1,False,False,True,2.613656880919654,True,True,[],[   -0.59903    -0.22522      0.7684],49.68439347864923,-159.23931208783014,0.31071471362301173,0.3110406822215799,0.30767358049623084,33.5,2.395931777842014,7.152035157737354,1.7866993233937765
frame_221,0,255,7,1,False,False,True,2.7003890141380813,True,True,[],[   -0.57396    -0.22848     0.78636],51.72608735076945,-158.23839489602165,0.328796024313075,0.3288240037112098,0.3274800777677078,33.5,0.6175996288790231,1.8435809817284272,1.7925952565606866
frame_222,0,255,7,1,False,False,True,2.7528957255011868,True,True,[],[   -0.58963    -0.23393     0.77306],50.40214225331391,-158.25549439366424,0.3208544300780074,0.3200608190981502,0.3169162144519704,33.5,1.4939180901849813,4.45945698562681,1.7927483812578051
frame_223,0,255,7,1,False,False,True,2.805555814946129,True,True,[],[   -0.56765     -0.2158     0.79449],51.20694870789138,-159.30326305091927,0.32419732831886283,0.3243281266316207,0.31830172636217485,33.5,1.0671873368379325,3.1856338413072613,1.7796105472388113
frame_224,0,255,7,1,False,False,True,2.6737966140238947,True,True,[],[   -0.59594    -0.22945     0.76955],49.802590013082096,-158.92409423138062,0.3117281117022912,0.3119213402043126,0.30717253178763493,33.5,2.3078659795687404,6.889152177817135,1.7852965610604294
frame_225,0,255,7,1,False,False,True,2.8000002367742973,True,True,[],[   -0.58933    -0.23089      0.7742],50.444733210628364,-158.51456384877804,0.316153040907051,0.31639061725033923,0.3118919689014015,33.5,1.8609382749660786,5.5550396267644135,1.789304520696943
frame_226,0,255,7,1,False,False,True,2.809523775216563,True,True,[],[    -0.6049    -0.23497     0.76084],49.09227952935753,-158.71695827852938,0.33226554811198006,0.33251258579411336,0.31783545351135545,33.5,0.24874142058866622,0.7425117032497499,1.7832538887687113
frame_227,0,255,7,1,False,False,True,2.6418919297706602,True,True,[],[   -0.56882    -0.22665     0.79062],51.422259706904676,-158.4611074595205,0.33903233987930004,0.3391727064327954,0.32857582163325844,33.5,0.4172706432795381,1.245584009789666,1.7873158094102302
frame_228,0,255,7,1,False,False,True,2.8349516974512277,True,True,[],[   -0.58107    -0.22902     0.78097],51.00045627164223,-158.5261687509525,0.3272584135018657,0.3273073603604315,0.31990437921008497,33.5,0.769263963956851,2.2963103401697045,1.7863479481402835
frame_229,0,255,7,1,False,False,True,2.5986842431355055,True,True,[],[   -0.58843     -0.2313     0.77476],50.01840908799322,-158.7292442187509,0.32911424365439457,0.32920628837441424,0.31636640737806226,33.5,0.5793711625585785,1.729466156891279,1.7748154616455414
frame_230,0,255,7,1,False,False,True,2.7162162327609676,True,True,[],[   -0.56377    -0.20935     0.79896],53.15162520979287,-160.08835992313345,0.34558626724906705,0.3303408783147408,0.3232238339209317,33.5,0.46591216852592265,1.3907825926146944,1.7958154117481575
frame_231,0,255,7,1,False,False,True,2.7904763295764807,True,True,[],[   -0.60098    -0.23553     0.76377],49.106431749158126,-158.66732712193777,0.3192456893015272,0.31961247628332234,0.3162625023582921,33.5,1.5387523716677676,4.593290661694828,1.7888756008464421
frame_232,0,255,7,1,False,False,True,2.8018869828017476,True,True,[],[   -0.59384    -0.23465     0.76961],49.890024918371786,-158.4809792998922,0.3250431351742131,0.3252054821924295,0.3231103798327945,33.5,0.9794517807570513,2.9237366589762726,1.7846714055299076
frame_233,0,255,7,1,False,False,True,2.7539683035756144,True,True,[],[   -0.59397     -0.2254     0.77226],50.179317316791106,-159.20135660343726,0.31596001159258247,0.31614584146369995,0.31271677915701934,33.5,1.885415853630007,5.628107025761215,1.7879467520606125
frame_234,0,255,7,1,False,False,True,2.7075471851126807,True,True,[],[   -0.58954    -0.22375     0.77613],50.640658161040676,-159.16685203875562,0.3244976105601356,0.3246637739522007,0.3134800843919109,33.5,1.0336226047799324,3.08544061128338,1.7841872544249504
frame_235,0,255,7,1,False,False,True,2.64330630565239,True,True,[],[   -0.58339    -0.20833     0.78502],51.41796015011303,-160.28555765325126,0.312292471497579,0.31254408113058973,0.30966229427698766,33.5,2.2455918869410283,6.7032593640030695,1.7841233994872276
frame_236,0,255,7,1,False,False,True,2.7924527175706704,True,True,[],[   -0.57925    -0.22601     0.78319],50.57726935216525,-158.94107299089728,0.32874891935516404,0.3294229199426333,0.32280794298115745,33.5,0.5577080057366735,1.6648000171243984,1.7785529613778537
frame_237,0,255,7,1,False,False,True,2.6994219437650377,True,True,[],[   -0.58778     -0.2209     0.77828],49.45743870571087,-159.55570720858043,0.32653317943939886,0.32682239834272986,0.3241756056659043,33.5,0.8177601657270162,2.4410751215731827,1.7765415457152423
frame_238,0,255,7,1,False,False,True,2.703703873507236,True,True,[],[   -0.57798    -0.21935     0.78602],50.9658909849329,-159.2812026554465,0.31580616420708973,0.3161521787754451,0.31375301450521154,33.5,1.8847821224554917,5.626215290911916,1.782711956084287
frame_239,0,255,7,1,False,False,True,2.6477269036329782,True,True,[],[   -0.57663    -0.20798     0.79009],51.203400086559654,-160.416805266229,0.32992763030813443,0.3300594646511754,0.3181985336333962,33.5,0.4940535348824604,1.4747866712909266,1.7761797506204793
frame_240,0,255,7,1,False,False,True,2.7222221408580247,True,True,[],[   -0.59937    -0.22334     0.76868],49.73630865066574,-159.772977952132,0.3201874748431297,0.3205641732366573,0.3147629689027901,33.5,1.4435826763342707,4.309202018908271,1.7793610135232143
frame_241,0,255,7,1,False,False,True,2.6342413522035164,True,True,[],[    -0.5824    -0.22047     0.78243],50.815548782450186,-159.17669002742582,0.32736640999364175,0.32752288429003973,0.3232767986205798,33.5,0.7477115709960291,2.231974838794117,1.7736568217752156
frame_242,0,255,7,1,False,False,True,2.688073408966087,True,True,[],[   -0.59369    -0.22865     0.77153],49.60990558801137,-159.1807896134263,0.337610387289911,0.33770607456095125,0.3355270903579797,33.5,0.27060745609512327,0.8077834510302186,1.7755632068511782
frame_243,0,255,7,1,False,False,True,2.7102273380727606,True,True,[],[   -0.59919    -0.21956     0.76991],49.72467678202635,-159.97394957091254,0.31900930113724324,0.3193652791419894,0.31622145186608286,33.5,1.5634720858010598,4.667080853137492,1.7759155665297766
frame_244,0,255,7,1,False,False,True,2.6382112197394583,True,True,[],[    -0.5822    -0.20566      0.7866],51.62804616424577,-160.60698651883638,0.3357949764183905,0.3359238390389332,0.33237425413738647,33.5,0.09238390389331719,0.27577284744273783,1.7839005536755415
frame_245,0,255,7,1,False,False,True,2.567901347458093,True,True,[],[   -0.59849    -0.21468     0.77183],49.90984272265889,-160.53211048368135,0.30329338967914077,0.3031567386585601,0.3011029698407012,33.5,3.184326134143994,9.50545114669849,1.7857544198931805
frame_246,0,255,7,1,False,False,True,2.5882356925742815,True,True,[],[   -0.58858    -0.19812     0.78379],50.89659210647998,-161.64610605236751,0.3099978483992831,0.3101434997458661,0.30826729280334164,33.5,2.4856500254133937,7.419850822129534,1.780507906565169
frame_247,0,255,7,1,False,False,True,2.5767197224449125,True,True,[],[   -0.58511    -0.19985     0.78594],51.241510602506466,-161.3674628944342,0.31795998616807686,0.3182029785121696,0.3156789486288135,33.5,1.679702148783041,5.014036265024003,1.7784281114400444
frame_248,0,255,7,1,False,False,True,2.563636310211402,True,True,[],[   -0.58563    -0.20528     0.78415],51.235281188396904,-160.87381468096336,0.32036013911437067,0.32043238881740055,0.31534103115496237,33.5,1.4567611182599471,4.34854065152223,1.7770215968404497
frame_249,0,255,7,1,False,False,True,2.5404041661182424,True,True,[],[     -0.585    -0.20657     0.78429],51.52367254778812,-160.09167358054262,0.3289134291401461,0.3293358872648138,0.32109124889200275,33.5,0.5664112735186244,1.6907799209511176,1.7736165363579164
frame_250,0,255,7,1,False,False,True,2.6666666666666665,True,True,[],[   -0.59362    -0.21882     0.77443],50.4900045392952,-159.75739139681846,0.34676819013003235,0.34676220345718956,0.33569186379311555,33.5,1.1762203457189535,3.5111055096088166,1.7772788885949362
frame_251,0,255,7,1,False,False,True,2.6479005046073736,True,True,[],[   -0.59364     -0.2255     0.77249],49.62224696411409,-159.4358045510414,0.32191042823480576,0.32237754259185425,0.3191578835013258,33.5,1.262245740814577,3.767897733774857,1.7875388896847209
frame_252,0,255,7,1,False,False,True,2.643220291917188,True,True,[],[   -0.59347    -0.20813     0.77748],50.601698641599334,-160.79286799562803,0.3223741053757474,0.3225684336501784,0.3172367924557269,33.5,1.2431566349821621,3.710915328304962,1.7811031370560788
frame_253,0,255,7,1,False,False,True,2.636363601895687,True,True,[],[   -0.60103    -0.21716     0.76916],49.95071493788306,-160.49348637765056,0.3362718969995597,0.33541674252310627,0.3252529802000975,33.5,0.04167425231062505,0.12440075316604493,1.782172687556127
frame_254,0,255,7,1,False,False,True,2.6388892709468363,True,True,[],[   -0.62035    -0.21314     0.75481],48.58330986295591,-160.92790714489638,0.31408994489658504,0.3142537279150457,0.30608882537321125,33.5,2.074627208495433,6.1929170402848746,1.7737408752556372
frame_255,0,255,7,1,False,False,True,2.6323532095812867,True,True,[],[   -0.61603    -0.20878     0.75955],48.85085795062298,-161.37107749589194,0.3036015738248421,0.30298851213502687,0.30081612473583946,33.5,3.201148786497315,9.555668019394972,1.7792544250873048
frame_256,0,255,7,1,False,False,True,2.553571242171991,True,True,[],[   -0.60997    -0.22518     0.75976],49.10269332905322,-159.63201870685052,0.33045327157036963,0.3307109233084564,0.3224034191930748,33.5,0.4289076691543603,1.280321400460777,1.7796072467769448
frame_257,0,255,7,1,False,False,True,2.468937883987344,True,True,[],[   -0.58478    -0.21473     0.78225],51.391651221805844,-159.89568217233798,0.3309017436062205,0.3309425223328113,0.32348724037369636,33.5,0.40574776671887247,1.211187363339918,1.7763221402940501
frame_258,0,255,7,1,False,False,True,2.444155544146292,True,True,[],[   -0.58432    -0.20248     0.78586],51.031305173916415,-160.79031020833818,0.32093328401242105,0.32113086871677554,0.3175258547319432,33.5,1.3869131283224478,4.140039189022232,1.7739024090414297
frame_259,0,255,7,1,False,False,True,2.474566300778067,True,True,[],[   -0.57675    -0.23164     0.78339],51.475187195766175,-158.40709867111053,0.3677006845353896,0.35676094858405305,0.3512250202117904,33.5,2.1760948584053033,6.495805547478517,1.7816013508874018
frame_260,0,255,7,1,False,False,True,2.426229221263322,True,True,[],[   -0.57173    -0.19192     0.79768],50.961882228484406,-161.94882365703955,0.32878692500106443,0.32898180059763527,0.3244476301116218,33.5,0.6018199402364754,1.7964774335417175,1.767049594091064
frame_261,0,255,7,1,False,False,True,2.3857142308790653,True,True,[],[   -0.59708    -0.18482      0.7806],50.89491566152744,-162.753911871475,0.3205999264215018,0.32083675826291413,0.31464341760692777,33.5,1.4163241737085885,4.227833354353995,1.7739079571353467
frame_262,0,255,7,1,False,False,True,2.4035086914965724,True,True,[],[   -0.61767    -0.20435     0.75942],49.056652764946236,-161.76566817940756,0.3097629698408839,0.3098016607308227,0.30400183340918263,33.5,2.5198339269177303,7.521892319157404,1.7738257059122633
frame_263,0,255,7,1,False,False,True,2.31944417130264,True,True,[],[   -0.60888    -0.20364     0.76668],49.747114374348946,-161.59933757005243,0.3253522182900743,0.32328782926732136,0.3102646339096303,33.5,1.1712170732678662,3.4961703679637792,1.7713359553004748
frame_264,0,255,7,1,False,False,True,2.327586298890294,True,True,[],[   -0.59821     -0.1889     0.77876],51.004623416711816,-162.4319677218465,0.31984316662230783,0.31991348389890994,0.31224164701386914,33.5,1.5086516101090075,4.50343764211644,1.772115230492222
frame_265,0,255,7,1,False,False,True,2.358974358974359,True,True,[],[   -0.60236     -0.2014      0.7724],49.955619298257474,-161.46262696364167,0.32943041651427474,0.32963102222022345,0.3186858191005517,33.5,0.5368977779776574,1.6026799342616638,1.7728581852052323
frame_266,0,255,7,1,False,False,True,2.31944417130264,True,True,[],[   -0.62088    -0.20443     0.75678],48.53687295451529,-161.90737134059782,0.3218067069493611,0.32163806921578475,0.318590736849876,33.5,1.336193078421527,3.9886360549896325,1.7691145950110159
frame_267,0,255,7,1,False,False,True,2.3055555621372856,True,True,[],[   -0.60986    -0.18651     0.77025],49.758337049031795,-163.054245706772,0.3144706034554534,0.31449797945603764,0.3098139341461703,33.5,2.0502020543962383,6.120006132526084,1.771197806616867
frame_268,0,255,7,1,False,False,True,2.301369882221631,True,True,[],[     -0.598    -0.18932     0.77881],50.801837069568386,-162.54437977934575,0.3278291346718014,0.32785471039195335,0.32515349391367987,33.5,0.7145289608046668,2.132922271058707,1.775269712730269
frame_269,0,255,7,1,False,False,True,2.338028214701033,True,True,[],[   -0.61035    -0.19331     0.76818],49.70942411883252,-162.4777713998614,0.3046168177184565,0.3046159328846141,0.3001922611188035,33.5,3.0384067115385935,9.069870780712218,1.7735644604015741
frame_270,0,255,7,1,False,False,True,2.365217137542769,True,True,[],[   -0.61656    -0.20568     0.75996],48.485230297558765,-162.38554105739186,0.3216378454753346,0.31239588930365114,0.3090699857774404,33.5,2.2604110696348876,6.747495730253396,1.7692414356662012
frame_271,0,255,7,1,False,False,True,2.37664779877178,True,True,[],[   -0.60709    -0.20222     0.76847],49.78448607929952,-161.4327931653995,0.3198636371000436,0.32002242566600936,0.31608046402941126,33.5,1.4977574333990662,4.470917711639003,1.776838226757902
frame_272,0,255,7,1,False,False,True,2.3512546253060993,True,True,[],[   -0.60911    -0.21417     0.76362],49.758465056816945,-160.6222650268985,0.3249087276684408,0.32496318439877614,0.31201472775929795,33.5,1.003681560122388,2.996064358574293,1.7711046773284624
frame_273,0,255,7,1,False,False,True,2.396551897903889,True,True,[],[   -0.59694    -0.19457     0.77833],50.65059473731929,-161.98949772753792,0.32576069494680193,0.3258786905926778,0.3216449992072886,33.5,0.9121309407322198,2.722778927558865,1.7758905698136507
frame_274,0,255,7,1,False,False,True,2.3333332543525707,True,True,[],[   -0.60652    -0.19447     0.77092],50.19254881282456,-162.37104360426525,0.3190987187033698,0.3193396041567951,0.3161823035482084,33.5,1.5660395843204944,4.674745027822371,1.780334378938255
frame_275,0,255,7,1,False,False,True,2.3943663105544157,True,True,[],[   -0.60189    -0.18656     0.77648],50.69930694958247,-162.94354427550135,0.3262940560741787,0.32328671772177575,0.317863170422243,33.5,1.1713282278224268,3.4965021726042593,1.7744303676056354
frame_276,0,255,7,1,False,False,True,2.469767500508749,True,True,[],[   -0.61587    -0.20738     0.76007],49.27310775046307,-161.47446942407208,0.3347365043760788,0.33395011623320436,0.32704381718503894,33.5,0.10498837667956562,0.3133981393419869,1.7735309471240013
frame_277,0,255,7,1,False,False,True,2.5132742759629685,True,True,[],[   -0.59289    -0.19375     0.78163],51.04191387057248,-161.9924644777772,0.3146885120767964,0.31486469909335746,0.3112064420859798,33.5,2.013530090664256,6.010537584072406,1.7796287247815084
frame_278,0,255,7,1,False,False,True,2.5,True,True,[],[   -0.60689    -0.19777     0.76979],50.512839511582044,-162.01988980805447,0.3171978248579663,0.317232348717454,0.3123611766092961,33.5,1.7767651282546038,5.303776502252548,1.7788196477814964
frame_279,0,255,7,1,False,False,True,2.548672669777768,True,True,[],[   -0.60628    -0.20026     0.76962],50.100488578863384,-161.85938289909498,0.31791603739679064,0.31796965586769055,0.31561896253472493,33.5,1.7030344132309472,5.083684815614768,1.778334341699053
frame_280,0,255,7,1,False,False,True,2.554545609705183,True,True,[],[   -0.58377    -0.18644     0.79023],51.31829032126161,-162.47806168181492,0.31822044037998687,0.31871921039739703,0.31356365108979056,33.5,1.6280789602602985,4.859937194806861,1.7755324627442066
frame_281,0,255,7,1,False,False,True,2.514706088960072,True,True,[],[    -0.5985    -0.19836     0.77618],50.45583531815568,-162.0279019825319,0.3424632103149772,0.3333939202270997,0.31974901224358065,33.5,0.16060797729003373,0.4794267978806977,1.7751503434998017
frame_282,0,255,7,1,False,False,True,2.509090856802649,True,True,[],[   -0.59941    -0.20818      0.7729],50.47751075432624,-161.03639204208727,0.30473349240315817,0.3048667011269284,0.3009885172759759,33.5,3.0133298873071643,8.99501458897661,1.7741699320626187
frame_283,0,255,7,1,False,False,True,2.452879410035141,True,True,[],[   -0.60005    -0.21643     0.77013],50.30097339080623,-160.1987439912329,0.317011259805301,0.31636562393803436,0.310387011822265,33.5,1.8634376061965663,5.562500317004675,1.779927915490192
frame_284,0,255,7,1,False,False,True,2.4262947304060467,True,True,[],[   -0.57914    -0.20509     0.78901],51.944674458140085,-160.83874937709066,0.3291488827695144,0.32168375751409983,0.3189942127767423,33.5,1.3316242485900187,3.9749977569851302,1.7839625309495364
frame_285,0,255,7,1,False,False,True,2.4496528572462846,True,True,[],[   -0.58221    -0.21644      0.7837],51.591722893261036,-159.72220017692166,0.33449890129177096,0.3345187192749126,0.3298176873027463,33.5,0.04812807250874074,0.14366588808579325,1.775145991047796
frame_286,0,255,7,1,False,False,True,2.434782651694633,True,True,[],[   -0.57778    -0.19762      0.7919],51.85041158004173,-161.41116930395492,0.31651474644248756,0.31678272375685435,0.31128488647146524,33.5,1.8217276243145675,5.437992908401694,1.7699597688975486
frame_287,0,255,7,1,False,False,True,2.4264709617883886,True,True,[],[   -0.56712    -0.16495     0.80695],51.04955478338602,-169.03493536101558,0.3225568890124022,0.2985492397704488,0.3004203028660074,33.5,3.6450760229551236,10.880823949119772,1.7574139436086018
frame_288,0,255,7,1,False,False,True,2.3478260009585656,True,True,[],[   -0.58786    -0.17854     0.78902],51.41261763836184,-163.5739978975691,0.32217619040283796,0.32227872183527917,0.32173605821154505,33.5,1.272127816472085,3.7973964670808513,1.7683733790386014
frame_289,0,255,7,1,False,False,True,2.300000201062475,True,True,[],[   -0.58891    -0.17952     0.78801],51.51240725296389,-163.4824251903076,0.30691096323286615,0.3072755739483637,0.300674101955249,33.5,2.772442605163633,8.275948075115322,1.766792091075613
frame_290,0,255,7,1,False,False,True,2.3142858726985733,True,True,[],[   -0.58273    -0.18305     0.79179],52.313662607385936,-162.69540528815233,0.3239206165512085,0.32305485644697995,0.31892539173698164,33.5,1.1945143553020066,3.5657144934388256,1.7751767912006267
frame_291,0,255,7,1,False,False,True,2.3214284906374782,True,True,[],[   -0.59809     -0.1852     0.77974],50.253068958854556,-163.15781164433926,0.31442305176963736,0.31450458712550566,0.3121996377380376,33.5,2.0495412874494354,6.118033693878912,1.7682397957276372
frame_292,0,255,7,1,False,False,True,2.351201095881774,True,True,[],[   -0.59623    -0.17927     0.78254],51.105656276560836,-163.61179140979385,0.3293239715417573,0.3292263213871869,0.3236013251146659,33.5,0.5773678612813138,1.7234861530785486,1.7682894404844594
frame_293,0,255,7,1,False,False,True,2.4411766476800616,True,True,[],[   -0.59301    -0.17993     0.78483],51.54179249445845,-163.26307764232894,0.31797277919602895,0.31799219209786833,0.3150794395570428,33.5,1.7007807902131689,5.0769575827258775,1.779146659637251
frame_294,0,255,7,1,False,False,True,2.4705884787953942,True,True,[],[    -0.5878    -0.17849     0.78907],52.23819044389681,-163.32330621696164,0.3160646791317159,0.3159659387420868,0.31409056561659177,33.5,1.9034061257913237,5.68180933072037,1.779659111079552
frame_295,0,255,7,1,False,False,True,2.5147062466825028,True,True,[],[    -0.5936    -0.19877     0.77983],50.85783913883019,-162.03399117280858,0.323263862111254,0.30888471826245323,0.30446803239173825,33.5,2.611528173754679,7.795606488819937,1.7740661995731097
frame_296,0,255,7,1,False,False,True,2.4637681661075033,True,True,[],[   -0.58235    -0.18527     0.79154],51.71534506302386,-162.5563668625758,0.31007798809913867,0.3083746514214698,0.3059983677786511,33.5,2.6625348578530215,7.9478652473224525,1.7800862360369152
frame_297,0,255,7,1,False,False,True,2.414286061575444,True,True,[],[   -0.59829    -0.19863     0.77627],50.3358761575969,-161.93694421158975,0.32835711517700994,0.32830992493470923,0.32185858787421495,33.5,0.669007506529079,1.9970373329226239,1.7696925025686996
frame_298,0,255,7,1,False,False,True,2.5221089895514908,True,True,[],[   -0.58849    -0.19507     0.78462],51.54485543855872,-161.80431643730182,0.32263624941257185,0.32263399170352214,0.3209555090499868,33.5,1.2366008296477882,3.691345760142651,1.7720112799210377
frame_299,0,255,7,1,False,False,True,2.455882388912956,True,True,[],[   -0.58968    -0.18684     0.78573],51.71208742782666,-162.6234171192046,0.31972402390723764,0.31635837698471425,0.31413760670640045,33.5,1.8641623015285769,5.564663586652468,1.7741103419945354
frame_300,0,255,7,1,False,False,True,2.3500002874924153,True,True,[],[   -0.58226    -0.17812     0.79325],51.3116663738956,-163.36587537069957,0.31727733206510855,0.3173377963299153,0.3141925912619459,33.5,1.7662203670084697,5.2722996030103575,1.77357070765325
frame_301,0,255,7,1,False,False,True,2.3913043747004483,True,True,[],[   -0.60785    -0.19133     0.77065],50.33208461192264,-162.66666825871718,0.3094171573172346,0.30943172007451847,0.30543297345445786,33.5,2.556827992548155,7.632322365815387,1.7724997154182607
frame_302,0,255,7,1,False,False,True,2.3750001765312643,True,True,[],[   -0.58501    -0.18559     0.78951],51.47193094047428,-162.5254430851661,0.30811284009382667,0.30825892364700436,0.3039695857717507,33.5,2.674107635299566,7.982410851640495,1.7675809484390101
frame_303,0,255,7,1,False,False,True,2.3804348266275475,True,True,[],[    -0.5991    -0.19074     0.77762],50.964315775082646,-162.3949421846056,0.3206558933378787,0.32079653798373875,0.31910120529295904,33.5,1.420346201626127,4.2398394078391854,1.767064287449558
frame_304,0,255,7,1,False,False,True,2.3928569630365093,True,True,[],[   -0.59379    -0.18527       0.783],51.30434974435741,-162.91139438245096,0.3147897969932185,0.31481623606001485,0.3128131040916336,33.5,2.0183763939985164,6.025004161189601,1.7624106805488484
frame_305,0,255,7,1,False,False,True,2.3864406829285074,True,True,[],[   -0.55952    -0.16302     0.81262],52.39825966290757,-159.4513612027286,0.3285395703483438,0.328971882958192,0.3253462221304647,33.5,0.6028117041808001,1.7994379229277615,1.7555271535791377
frame_306,0,255,7,1,False,False,True,2.362831832555558,True,True,[],[   -0.59621    -0.17089     0.78443],50.10704165717874,-164.17972529716138,0.3163929030702257,0.3091862142027435,0.30373828051087853,33.5,2.5813785797256514,7.705607700673586,1.7551604757009542
frame_307,0,255,7,1,False,False,True,2.3749999846494583,True,True,[],[   -0.59743    -0.17178     0.78331],51.26769366617442,-164.13499727317878,0.3226576810267334,0.32263432478882415,0.3164653309319558,33.5,1.2365675211175875,3.6912463316942907,1.7670605399784047
frame_308,0,255,7,1,False,False,True,2.3285715443346717,True,True,[],[   -0.58799    -0.17356     0.79003],51.77958383200111,-163.6126406504493,0.32505366583432505,0.3246132667175998,0.32368000215623155,33.5,1.0386733282400196,3.100517397731402,1.7664869968577213
frame_309,0,255,7,1,False,False,True,2.331521772308823,True,True,[],[   -0.58888     -0.1705     0.79003],51.40728037036479,-163.9550233310688,0.33236750902167067,0.3324016811378905,0.3209450177706182,33.5,0.2598318862109539,0.7756175707789668,1.7627227015107905
frame_310,0,255,7,1,False,False,True,2.3521124383149945,True,True,[],[   -0.58079    -0.18221      0.7934],51.748265016095715,-162.95980870429216,0.3246215133446817,0.3249682137471346,0.31964993530368724,33.5,1.0031786252865438,2.994563060556847,1.7668065495274157
frame_311,0,255,7,1,False,False,True,2.317646972813997,True,True,[],[   -0.58573    -0.16307     0.79393],52.23239828655629,-164.6122515465054,0.32396959027388617,0.32395409304117995,0.3184029920486136,33.5,1.1045906958820073,3.2972856593492756,1.7699936901559588
frame_312,0,255,7,1,False,False,True,2.4057969348282455,True,True,[],[   -0.59223    -0.18389      0.7845],51.24722992199031,-162.9424318136267,0.317349939989934,0.31741260087014456,0.31416098943469184,33.5,1.7587399129855463,5.249969889509094,1.7749941855492677
frame_313,0,255,7,1,False,False,True,2.3729259965694416,True,True,[],[   -0.59988    -0.16982     0.78186],51.18447770315349,-164.40618752799227,0.35282041000583364,0.35274478138804377,0.3450974733066058,33.5,1.774478138804375,5.296949668072762,1.7674993194045034
frame_314,0,255,7,1,False,False,True,2.463768071151424,True,True,[],[   -0.59427    -0.16262     0.78766],50.82668437369925,-165.20371183891478,0.30861922974562783,0.308887827816676,0.30757640926704755,33.5,2.611217218332401,7.794678263678809,1.7648045539407802
frame_315,0,255,7,1,False,False,True,2.514706088960072,True,True,[],[   -0.59274    -0.17189     0.78684],50.50325125996608,-164.82204265424417,0.32478954719382513,0.3249570864281559,0.3226430978535194,33.5,1.0042913571844114,2.997884648311676,1.7666385193926755
frame_316,0,255,7,1,False,False,True,2.4857144197559355,True,True,[],[   -0.60388    -0.17947     0.77661],50.993787877536136,-163.5116882214098,0.3274836179209377,0.32690624966790094,0.3179615499385517,33.5,0.8093750332099081,2.416044875253457,1.7799893085372187
frame_317,0,255,7,1,False,False,True,2.500000335104125,True,True,[],[   -0.59715    -0.16848     0.78423],50.90212419047963,-164.49267341981712,0.3194009509078679,0.3189408086958234,0.31557264119360706,33.5,1.60591913041766,4.793788449007941,1.7735858249911516
frame_318,0,255,7,1,False,False,True,2.626865793253519,True,True,[],[   -0.59597    -0.15196      0.7885],51.706840261835175,-165.92854931184226,0.3267054830433844,0.32682828922764084,0.32235091727897236,33.5,0.8171710772359175,2.4393166484654256,1.7722020368716296
frame_319,0,255,7,1,False,False,True,2.507246292605262,True,True,[],[   -0.61828    -0.16747     0.76791],49.59529178151659,-165.3094394868431,0.315248064790393,0.31429547163711935,0.3091706478986327,33.5,2.0704528362880668,6.180456227725573,1.7684883622155674
frame_320,0,255,7,1,False,False,True,2.57352935181174,True,True,[],[   -0.60464    -0.16411     0.77941],49.22597211262614,-165.62813909227964,0.3236914692066286,0.32360634259066146,0.31802824625040915,33.5,1.1393657409338565,3.401091763981661,1.7618427735664688
frame_321,0,255,7,1,False,False,True,2.5735296921600974,True,True,[],[   -0.61199    -0.16632     0.77318],49.30115739238626,-165.16325438462093,0.3262856988978011,0.3263521425443925,0.3216072265011681,33.5,0.8647857455607533,2.5814499867485172,1.7665703099393335
frame_322,0,255,7,1,False,False,True,2.5362316197934014,True,True,[],[   -0.59652    -0.16618     0.78521],50.78294191474008,-164.92731495692644,0.31318978718325785,0.31361235747822813,0.3079511508543984,33.5,2.1387642521771886,6.384370902021458,1.768335032505247
frame_323,0,255,7,1,False,False,True,2.4399997563247156,True,True,[],[   -0.58633    -0.15308     0.79548],48.8852246158539,-155.72475992579376,0.3273141032529303,0.20548702268036267,0.20389470969984547,33.5,12.951297731963734,38.660590244667866,1.7155616924488286
frame_324,0,255,7,1,False,False,True,2.5889571750585265,True,True,[],[   -0.57913    -0.14304     0.80259],49.973101733069385,-164.14258738405886,0.31888538960170076,0.32257258987027737,0.3196762787727865,33.5,1.242741012972265,3.7096746655888504,1.7560468594754899
frame_325,0,255,7,1,False,False,True,2.602941368320067,True,True,[],[   -0.60538    -0.16376     0.77891],49.63638092014951,-165.259988817965,0.33910452757718157,0.33963055746733173,0.3338299697110373,33.5,0.46305574673317085,1.382255960397525,1.7635807406187898
frame_326,0,255,7,1,False,False,True,2.573529190399923,True,True,[],[   -0.61351    -0.16746     0.77173],49.1030516953042,-165.10514659849431,0.3226530484289203,0.3197833688959675,0.31552311946575806,33.5,1.521663110403254,4.542277941502252,1.762123935771753
frame_327,0,255,7,1,False,False,True,2.507246292605262,True,True,[],[   -0.59772    -0.17281     0.78286],49.321260257131826,-164.65891092766097,0.3499860625568769,0.3265945851399692,0.3170154593525304,33.5,0.8405414860030824,2.5090790626957684,1.76462918481965
frame_328,0,255,7,1,False,False,True,2.5359115261667418,True,True,[],[   -0.61152    -0.17151     0.77242],49.049578090273286,-164.63369338105167,0.32698351760023403,0.3272545081403502,0.3182433055873637,33.5,0.7745491859649845,2.3120871222835357,1.7655800589162098
frame_329,0,255,7,1,False,False,True,2.5571430216485185,True,True,[],[   -0.59023    -0.15894     0.79143],50.959919531172595,-165.31739250797975,0.33771647064408494,0.3383281220143437,0.3291778494617237,33.5,0.3328122014343682,0.9934692580130393,1.7653169799329216
frame_330,0,255,7,1,False,False,True,2.514285790880929,True,True,[],[   -0.60647     -0.1583     0.77919],49.81035864842136,-165.55340184435713,0.310017579613584,0.3108718389924068,0.3027195917154086,33.5,2.412816100759324,7.202436121669624,1.7687350214888515
frame_331,0,255,7,1,False,False,True,2.54285735001242,True,True,[],[   -0.59983    -0.16092     0.78377],49.490263952959836,-165.31447751288493,0.33974963016553095,0.3399817634546205,0.3335344684507954,33.5,0.49817634546204803,1.487093568543427,1.756633540700882
frame_332,0,255,7,1,False,False,True,2.492957947839881,True,True,[],[   -0.58462     -0.1344      0.8001],51.0603940852318,-167.00601469851674,0.34128378027552353,0.34204385636952983,0.32313818874215405,33.5,0.7043856369529811,2.1026436923969585,1.7573727716801137
frame_333,0,255,7,1,False,False,True,2.5285716783763217,True,True,[],[   -0.62088    -0.15675     0.76807],48.76833424035166,-166.3225513200389,0.3403122778950003,0.32627941836116015,0.3136533803805327,33.5,0.8720581638839875,2.6031586981611565,1.7657962358528014
frame_334,0,255,7,1,False,False,True,2.5142860067402233,True,True,[],[   -0.59644    -0.14981     0.78855],50.90600927136255,-166.61947868130574,0.3390503893368586,0.3391564790194852,0.3323995173380688,33.5,0.4156479019485182,1.2407400058164721,1.7654816578355357
frame_335,0,255,7,1,False,False,True,2.5571430216485185,True,True,[],[   -0.62444    -0.16886     0.76261],49.00991354915821,-164.86039924330228,0.3203847200591252,0.32070239973531955,0.3093263593056751,33.5,1.4297600264680466,4.267940377516557,1.7626613511734706
frame_336,0,255,7,1,False,False,True,2.5142860067402233,True,True,[],[   -0.61377    -0.15272     0.77457],49.876047678040266,-165.8278786642878,0.35164907764679465,0.35182729812898783,0.3408574253099048,33.5,1.682729812898781,5.02307406835457,1.7640136931699928
frame_337,0,255,7,1,False,False,True,2.499999849210839,True,True,[],[   -0.58945    -0.13201     0.79694],50.12518535563241,-168.13989952762628,0.3360982236067478,0.31632266946292353,0.3056363162972853,33.5,1.8677330537076486,5.575322548381041,1.7608006991160456
frame_338,0,255,7,1,False,False,True,2.54285735001242,True,True,[],[   -0.63163    -0.15922     0.75875],47.92186796063899,-166.38490833321785,0.32993911211331794,0.32948021863552057,0.3249087806955442,33.5,0.5519781364479448,1.6476959296953575,1.763379051093667
frame_339,0,255,7,1,False,False,True,2.623188210510076,True,True,[],[   -0.62057    -0.15207     0.76927],49.11301315865576,-166.5098688179262,0.31441835492632153,0.31323626895383594,0.30816568377865367,33.5,2.176373104616408,6.496636133183308,1.764768794995119
frame_340,0,255,7,1,False,False,True,2.5247523847828948,True,True,[],[   -0.60165    -0.14286     0.78588],49.17640816437515,-167.37210724534611,0.31773217896105854,0.31798027299369,0.3138005191318919,33.5,1.7019727006309993,5.0805155242716395,1.7621915867273834
frame_341,0,255,7,1,False,False,True,2.6000000365568137,True,True,[],[   -0.63649    -0.14035     0.75841],48.22282321753121,-167.55537124930686,0.31528382177953795,0.3153726424868326,0.30819208876648807,33.5,1.962735751316741,5.858912690497734,1.7671081067346635
frame_342,0,255,7,1,False,False,True,2.5049504530691866,True,True,[],[    -0.6122     -0.1313     0.77973],49.126478434942534,-168.2831137725711,0.3401529730430417,0.33241654958355404,0.30969050878909254,33.5,0.2583450416445976,0.7711792287898436,1.7647242731261021
frame_343,0,255,7,1,False,False,True,2.54285735001242,True,True,[],[    -0.6108    -0.13742     0.77977],49.25907357756033,-167.51063031436976,0.33232061543202374,0.3327082649947568,0.3226393069027389,33.5,0.22917350052432117,0.6841000015651378,1.7650559382575217
frame_344,0,255,7,1,False,False,True,2.594202792844903,True,True,[],[   -0.61102    -0.12555      0.7816],49.7597674486576,-168.386869830596,0.3044880599115789,0.30350060941247703,0.3010312383712347,33.5,3.149939058752299,9.402803160454622,1.7640156456746612
frame_345,0,255,7,1,False,False,True,2.608695415679519,True,True,[],[    -0.6248    -0.13872     0.76836],49.91487145536403,-167.61809614232618,0.33553005518060863,0.3356942378774679,0.33317826587342014,33.5,0.06942378774678626,0.2072351873038396,1.7730353708839526
frame_346,0,255,7,1,False,False,True,2.594202953195263,True,True,[],[   -0.59656    -0.12582     0.79265],49.761925364622186,-167.935279419008,0.3257413005801202,0.3266308380075773,0.3217881883565483,33.5,0.8369161992422713,2.4982573111709594,1.7673923411632708
frame_347,0,255,7,1,False,False,True,2.579710243466867,True,True,[],[   -0.58354    -0.12741     0.80203],49.7807281412797,-168.85893626604053,0.3174927553786875,0.3185285740116708,0.3126388695246297,33.5,1.6471425988329236,4.916843578605742,1.753208933232911
frame_348,0,255,7,1,False,False,True,2.54285735001242,True,True,[],[   -0.60121    -0.14154     0.78646],50.28762234486049,-167.07252108363727,0.3329616913040363,0.33309506060722716,0.32400689500129626,33.5,0.19049393927728642,0.5686386247083177,1.771714917976748
frame_349,0,255,7,1,False,False,True,2.579710243466867,True,True,[],[    -0.6072    -0.12659      0.7844],50.384982618596915,-168.18305217038952,0.32436752907938216,0.3252625240062721,0.3213445005054395,33.5,0.9737475993727929,2.906709251859083,1.7686193840940614
frame_350,0,255,7,1,False,False,True,2.550724666347145,True,True,[],[   -0.58509    -0.13011     0.80047],50.41467110436533,-167.99952033786826,0.3273594507556117,0.32247762282236647,0.3111026698748167,33.5,1.2522377177633548,3.7380230380995667,1.7652523084252962
frame_351,0,255,7,1,False,False,True,2.550724666347145,True,True,[],[    -0.6184    -0.13426     0.77431],50.29124675673523,-167.84190641694835,0.34564564103579176,0.34585955505138233,0.3409296638594598,33.5,1.0859555051382308,3.2416582242932264,1.7676462285658892
frame_352,0,255,7,1,False,False,True,2.4701491126036363,True,True,[],[   -0.61114    -0.12923      0.7809],49.962826823141484,-168.17964038456813,0.311247205761789,0.3118296339744955,0.3049732255322186,33.5,2.317036602550454,6.9165271717924,1.7608013859475966
frame_353,0,255,7,1,False,False,True,2.499999847679943,True,True,[],[    -0.6186    -0.13669     0.77372],49.62138991285977,-167.8422596055739,0.33160946970220073,0.32874958084754535,0.31893584445580736,33.5,0.6250419152454667,1.8657967619267661,1.7619312709090353
frame_354,0,255,7,1,False,False,True,2.5156818959811815,True,True,[],[    -0.6168    -0.13415     0.77561],49.907418272908444,-167.821131526758,0.3132442305934191,0.31328386914972683,0.3100996492989522,33.5,2.1716130850273183,6.482427119484532,1.7662274397977995
frame_355,0,255,7,1,False,False,True,2.5443786521922362,True,True,[],[   -0.61728    -0.13849     0.77446],49.52289114510594,-167.7406725656271,0.3383670853363381,0.3386314611499073,0.33156633740205343,33.5,0.3631461149907256,1.0840182537036585,1.761863229584528
frame_356,0,255,7,1,False,False,True,2.5362316197934014,True,True,[],[   -0.60693    -0.12322     0.78514],50.10506852141196,-168.47999531456065,0.33258288099190314,0.32764416478767866,0.3113308290541322,33.5,0.735583521232136,2.195771705170555,1.75998917532717
frame_357,0,255,7,1,False,False,True,2.550724666347145,True,True,[],[   -0.60386    -0.13179     0.78612],50.19142751783381,-167.78819537536742,0.3395789121504684,0.3306338421384052,0.32253116600068577,33.5,0.43661578615948327,1.3033307049536813,1.769751271515695
frame_358,0,255,7,1,False,False,True,2.545454434681971,True,True,[],[   -0.61813    -0.12746     0.77567],49.604618140454434,-168.4292134383374,0.32829112197643595,0.3290381436137253,0.3247542183819559,33.5,0.5961856386274722,1.7796586227685738,1.7678067135454185
frame_359,0,255,7,1,False,False,True,2.6764705587199895,True,True,[],[   -0.61736    -0.14048     0.77404],49.95817857923635,-167.367614098301,0.3438922514772127,0.34424630000747825,0.33732362586799913,33.5,0.9246300007478225,2.760089554471112,1.7722765576367998
frame_360,0,255,7,1,False,False,True,2.6376810823804493,True,True,[],[   -0.64405    -0.14844     0.75044],48.19673625703706,-167.43319558607087,0.31935015375779874,0.31739023354411167,0.3118029015084455,33.5,1.7609766455888354,5.256646703250254,1.7646613555939685
frame_361,0,255,7,1,False,False,True,2.637573749353405,True,True,[],[   -0.62824     -0.1395     0.76541],49.16447218121959,-167.53062722393142,0.32192907662629033,0.3106363626420965,0.30800418838037213,33.5,2.436363735790353,7.272727569523442,1.766795989453045
frame_362,0,255,7,1,False,False,True,2.5757575129864505,True,True,[],[   -0.60284    -0.13374     0.78657],49.970096820253985,-168.41003701383792,0.3218940174474081,0.3165155476812027,0.31236923028494656,33.5,1.8484452318797306,5.517746960835017,1.7573943871718187
frame_363,0,255,7,1,False,False,True,2.5774649765565276,True,True,[],[     -0.632    -0.13805     0.76257],48.81934208869187,-167.86425881827992,0.3219456401490586,0.31279259982173735,0.30796758304550076,33.5,2.220740017826267,6.629074680078409,1.7581614296303856
frame_364,0,255,7,1,False,False,True,2.6353910248132717,True,True,[],[   -0.61234    -0.13004     0.77983],50.562484153616346,-168.38966613202138,0.3125272570964628,0.313025149130874,0.3082212187479812,33.5,2.1974850869126037,6.559656975858519,1.7691633089959065
frame_365,0,255,7,1,False,False,True,2.637680919342662,True,True,[],[   -0.60933    -0.14169     0.78015],49.56426084490316,-167.21465711936267,0.3456500905365081,0.33809055544699995,0.3189556501893307,33.5,0.3090555446999932,0.9225538647760991,1.7666640923468382
frame_366,0,255,7,1,False,False,True,2.701492596219106,True,True,[],[   -0.62638    -0.14585     0.76575],49.48264608944118,-166.87031145674283,0.3266162886219339,0.32354243597099264,0.31907383382667676,33.5,1.1457564029007383,3.4201683668678755,1.7766284658986444
frame_367,0,255,7,1,False,False,True,2.66176513846606,True,True,[],[   -0.62134    -0.13269     0.77222],49.556704365145876,-168.17290566170723,0.326465361717454,0.31996717662110497,0.3130878546986119,33.5,1.5032823378895055,4.48740996384927,1.7652252666544845
frame_368,0,255,7,1,False,False,True,2.6376810823804493,True,True,[],[   -0.60983    -0.14116     0.77986],49.73980326496357,-167.43189007275612,0.3354915597675998,0.3289633416690574,0.32026676455894376,33.5,0.6036658330942635,1.8019875614754135,1.761365425285943
frame_369,0,255,7,1,False,False,True,2.642208884046331,True,True,[],[   -0.60204    -0.12557     0.78853],51.31873622749152,-168.32742227168902,0.3403448475271922,0.3398491162288191,0.33404033180063475,33.5,0.48491162288190615,1.4474973817370334,1.7653071797565771
frame_370,0,255,7,1,False,False,True,2.6807368553807707,True,True,[],[   -0.59083    -0.13206     0.79591],50.94258863195627,-168.1781004340064,0.3405202049035698,0.3388919480247945,0.3306314490955705,33.5,0.3891948024794478,1.1617755297893966,1.7588349215695096
frame_371,0,255,7,1,False,False,True,2.6764707265882923,True,True,[],[   -0.60436    -0.14514     0.78338],50.64284239490913,-166.9330851870513,0.3474678404152296,0.34126006853436075,0.33716392549924,33.5,0.626006853436073,1.8686771744360386,1.764474219936259
frame_372,0,255,7,1,False,False,True,2.6521740393529845,True,True,[],[    -0.5847    -0.13693     0.79961],53.54338761444293,-167.43565268818466,0.33623895172669416,0.3362070394931016,0.33238414019742746,33.5,0.12070394931015804,0.3603102964482329,1.7731924460607793
frame_373,0,255,7,1,False,False,True,2.6666668326688887,True,True,[],[   -0.61588    -0.13734     0.77578],50.03267492969217,-167.3005595148537,0.3504111817546989,0.34034820611384986,0.33149369878707813,33.5,0.534820611384984,1.5964794369701016,1.770637719433191
frame_374,0,255,7,1,False,False,True,2.608695415679519,True,True,[],[   -0.61116    -0.13102     0.78059],50.215791772447055,-168.20397538219413,0.33473214812353835,0.33412717684152593,0.31901033262471334,33.5,0.08728231584740898,0.26054422641017605,1.7651039294527666
frame_375,0,255,7,1,False,False,True,2.661764887585957,True,True,[],[   -0.62945    -0.14633     0.76314],48.38934047741798,-167.35592617989596,0.3308277821007024,0.33159338030949037,0.3183420429325644,33.5,0.3406619690509649,1.0169014001521341,1.7586437042625978
frame_376,0,255,7,1,False,False,True,2.6122451140003,True,True,[],[   -0.58899    -0.12929     0.79773],51.10068321141876,-168.26459455603202,0.3437379729440344,0.34516240962650135,0.3311921438652945,33.5,1.0162409626501334,3.033555112388458,1.7645353861024815
frame_377,0,255,7,1,False,False,True,2.6086952544333655,True,True,[],[   -0.62607    -0.13391     0.76818],49.05757591770511,-168.34604498741186,0.3204745509520943,0.31677611152577456,0.30953223728945645,33.5,1.8223888474225458,5.439966708724017,1.758431171022913
frame_378,0,255,7,1,False,False,True,2.5757575129864505,True,True,[],[   -0.59645    -0.11821      0.7939],50.65427233911195,-169.4452394453847,0.332057095435738,0.3325770612947754,0.3267203723671048,33.5,0.2422938705224642,0.7232652851416842,1.7531953586943774
frame_379,0,255,7,1,False,False,True,2.608247277804868,True,True,[],[   -0.59619    -0.12784      0.7926],50.76898949703286,-168.56372050711508,0.3406984010351579,0.3418197453701419,0.3333449355337429,33.5,0.6819745370141905,2.0357448866095242,1.7634259957745027
frame_380,0,255,7,1,False,False,True,2.5384611708450877,True,True,[],[   -0.62832    -0.14104     0.76507],48.617196369921345,-167.69477528527509,0.3249248650264118,0.325691748965661,0.32321023874732213,33.5,0.9308251034339021,2.7785823983101556,1.7617380073604143
frame_381,0,255,7,1,False,False,True,2.609375146877768,True,True,[],[   -0.62599    -0.12701     0.76942],49.699659130808065,-168.8008599532779,0.35355979898382217,0.3538293418025058,0.3490549935452307,33.5,1.8829341802505783,5.620699045524114,1.7660928246462826
frame_382,0,255,7,1,False,False,True,2.6161616986256435,True,True,[],[   -0.61674    -0.12156     0.77772],49.07953851075075,-169.6118984403293,0.3315622483211058,0.32241295488972077,0.31886832010742994,33.5,1.258704511027925,3.757326898590821,1.75457362770967
frame_383,0,255,7,1,False,False,True,2.6122451140003,True,True,[],[   -0.63014    -0.13822     0.76408],48.95726024677005,-168.11894319362975,0.32996075638012323,0.32953558887600787,0.32945699430901243,33.5,0.5464411123992152,1.6311674996991499,1.7688427178957837
frame_384,0,255,7,1,False,False,True,2.615044023228211,True,True,[],[   -0.62814     -0.1327      0.7667],49.259707123076126,-168.33598429028427,0.3616101125728888,0.36154132770927716,0.35723508184950353,33.5,2.6541327709277143,7.922784390828998,1.761572097623071
frame_385,0,255,7,1,False,False,True,2.584070781235811,True,True,[],[   -0.63456    -0.14064     0.75997],48.20647035823292,-168.04103958848484,0.31660683475812035,0.3169681434526619,0.31350564908380246,33.5,1.8031856547338132,5.38264374547407,1.7568352942068006
frame_386,0,255,7,1,False,False,True,2.5987654981122312,True,True,[],[   -0.61642    -0.13154     0.77635],48.825949735746036,-168.6301511734989,0.333672738121797,0.3342812358284766,0.32150651857629403,33.5,0.0718764171523445,0.21455646911147608,1.7565557190399257
frame_387,0,255,7,1,False,False,True,2.6764707265882923,True,True,[],[   -0.61673    -0.12132     0.77777],49.36284951216002,-169.2969832192686,0.3365851567810967,0.33473741161130577,0.31003881472472583,33.5,0.02625883886942515,0.07838459364007506,1.7536143419239347
frame_388,0,255,7,1,False,False,True,2.6391753295286797,True,True,[],[   -0.58392    -0.11807     0.80318],51.877743630660326,-168.4705371401143,0.330038370690412,0.330153644830129,0.3246106852161673,33.5,0.48463551698710305,1.4466731850361285,1.7661166943263278
frame_389,0,255,7,1,False,False,True,2.7392937470186327,True,True,[],[   -0.64006    -0.13417     0.75652],48.39282489524876,-168.37882054870337,0.3334453998992446,0.33119111998816186,0.32730792007434906,33.5,0.3808880011838156,1.1369791080113898,1.7611742899834206
frame_390,0,255,7,1,False,False,True,2.6111111284484125,True,True,[],[   -0.60611    -0.12083     0.78615],50.8988949447454,-168.93824286489618,0.3252197960607133,0.32253503775995296,0.31707879508639225,33.5,1.2464962240047062,3.720884250760317,1.7649816748074123
frame_391,0,255,7,1,False,False,True,2.6764707265882923,True,True,[],[   -0.61557     -0.1282     0.77758],48.742994471264446,-168.9046373060766,0.33212816782302457,0.3195288553422364,0.31311082841713755,33.5,1.5471144657763614,4.618252136645855,1.7521781529768
frame_392,0,255,7,1,False,False,True,2.6521738754193724,True,True,[],[   -0.62297    -0.12844     0.77163],48.69717607845267,-169.07091400081472,0.3252851273063211,0.3205664035127327,0.30890845333772265,33.5,1.443359648726733,4.30853626485592,1.7547291155000986
frame_393,0,255,7,1,False,False,True,2.6376811665867863,True,True,[],[   -0.63997    -0.13305     0.75679],48.333237848886206,-168.6799574649491,0.32323225854399085,0.32378399963599236,0.3187601732328055,33.5,1.121600036400766,3.3480598101515406,1.7497355576596272
frame_394,0,255,7,1,False,False,True,2.6376811665867863,True,True,[],[   -0.63298    -0.13618     0.76209],48.14487250113656,-168.33167036665938,0.3156051716139274,0.31501610972099225,0.3030469152193631,33.5,1.9983890279007765,5.9653403817933635,1.752265473801426
frame_395,0,255,7,1,False,False,True,2.550387543497712,True,True,[],[   -0.60328    -0.11676     0.78893],50.46885254500607,-169.80408324846417,0.34031196945532804,0.3413507105318454,0.33530118114401075,33.5,0.6350710531845383,1.8957344871180246,1.74916327618568
frame_396,0,255,7,1,False,False,True,2.581249955661782,True,True,[],[    -0.6349     -0.1323     0.76118],49.020185735986345,-168.53846630069995,0.32576168306758513,0.3253306354702665,0.31869997098080216,33.5,0.9669364529733493,2.8863774715622363,1.755900712005126
frame_397,0,255,7,1,False,False,True,2.623053179813542,True,True,[],[   -0.61855    -0.12703     0.77541],49.60212945604114,-169.3356997803453,0.3344074460434754,0.3235511090834189,0.31699836755079436,33.5,1.1448890916581134,3.41757937808392,1.7541520094069152
frame_398,0,255,17,1,False,False,True,1.565217391304348,True,True,[],[  -0.024093    -0.19261     0.98098],78.62147466492351,-96.70680214414008,0.2500943869191363,0.24927088937983766,0.24559215918551897,33.5,8.572911062016237,25.590779289600707,1.837547733961058
frame_398,0,127,7,1,False,False,True,2.6020406882091245,True,True,[],[   -0.65691    -0.13953     0.74095],46.88062681881424,-168.53888960833368,0.3177473073066561,0.31501507719681876,0.3034585027511873,33.5,1.998492280318126,5.965648597964555,1.753507582886705
frame_399,0,255,17,1,False,False,True,1.434782608695652,True,True,[],[  -0.013865    -0.13814     0.99032],80.72604228637803,-99.33170231790271,0.2352831790251695,0.23614092087586624,0.24279306337684314,33.5,9.885907912413378,29.510172872875756,1.8442302616567559
frame_399,0,127,7,1,False,False,True,2.6231884577542,True,True,[],[   -0.63605    -0.13703     0.75938],46.96684442663821,-168.9812335012216,0.3304657446929766,0.316807043705156,0.30779688876954825,33.5,1.819295629484402,5.430733222341499,1.753857945523611
frame_400,0,255,17,1,False,False,True,1.6842105263157894,True,True,[],[  -0.029411    -0.19463     0.98044],78.75661502403692,-98.26448008650321,0.22340824913750246,0.22334846168959288,0.22212570767827927,33.5,11.165153831040714,33.32881740609168,1.8575628737836962
frame_400,0,127,7,1,False,False,True,2.5757575129864505,True,True,[],[   -0.61682    -0.12716     0.77676],49.02857492379327,-169.13710755800602,0.319656150108961,0.3207887875726938,0.31562644793772177,33.5,1.421121242730622,4.24215296337499,1.7618903814051068
frame_401,0,255,7,1,False,False,True,2.561538605327681,True,True,[],[   -0.62853    -0.12275     0.76804],49.39854276045022,-169.43265455202436,0.3335524821546423,0.3338534756824223,0.3271746741563204,33.5,0.1146524317577724,0.34224606494857435,1.762306005809803
frame_402,0,255,7,1,False,False,True,2.6285716235411014,True,True,[],[   -0.63626    -0.13783     0.75906],48.000983210589446,-168.27475000258173,0.32049874372771026,0.3209629614118463,0.31360426644891704,33.5,1.4037038588153694,4.190160772583193,1.754100618830277
frame_403,0,255,7,1,False,False,True,2.6466166297955662,True,True,[],[   -0.62456    -0.12241     0.77132],48.915158585814204,-169.699355322483,0.3285049988864741,0.314521301885093,0.3113062233921789,33.5,2.0478698114907044,6.113044213405088,1.7489924382920443
frame_404,0,255,7,1,False,False,True,2.695652249161255,True,True,[],[   -0.61071    -0.12497     0.78193],49.518672409812005,-169.0865756198515,0.32885074457482055,0.32908792495427774,0.3258941511492037,33.5,0.5912075045722276,1.7647985211111272,1.75490756791693
frame_405,0,255,7,1,False,False,True,2.711340470936025,True,True,[],[   -0.62724    -0.12023     0.76949],48.285080607144174,-170.04735343148604,0.3371705540947456,0.33522851032583434,0.3218910981360332,33.5,0.022851032583431907,0.0682120375624833,1.7543901560941615
frame_406,0,255,7,1,False,False,True,2.6947289333404054,True,True,[],[   -0.62236    -0.12606     0.77252],49.51630964953641,-169.23267517475185,0.3372192967645917,0.31656443619626606,0.31197799775193397,33.5,1.8435563803733956,5.503153374248942,1.756459014051916
frame_407,0,255,7,1,False,False,True,2.664062797115485,True,True,[],[   -0.61468    -0.12513     0.77879],48.97915845465166,-169.29265200512256,0.33566035849319475,0.33062073319562457,0.32544022459663347,33.5,0.4379266804375448,1.3072438222016263,1.7512441813081936
frame_408,0,255,7,1,False,False,True,2.636363913295072,True,True,[],[   -0.61059    -0.11561     0.78346],49.08521385108108,-170.23302417728937,0.3382091306485491,0.337427436647755,0.3207693213124571,33.5,0.24274366477549658,0.7246079545537212,1.7426730740696328
frame_409,0,255,7,1,False,False,True,2.6400002267868983,True,True,[],[   -0.62944    -0.14141     0.76407],48.1019419352305,-168.07064740184077,0.3261739406232689,0.3263901982800188,0.3178500578773003,33.5,0.8609801719981214,2.570090065666034,1.7594354158478813
frame_410,0,255,7,1,False,False,True,2.646465020629786,True,True,[],[   -0.61049    -0.12293     0.78243],49.87411693103268,-169.1090352121668,0.34022083459874874,0.3306561521890019,0.3262453574207043,33.5,0.4343847810998114,1.296670988357646,1.7603126388429944
frame_411,0,255,7,1,False,False,True,2.6548672544622587,True,True,[],[   -0.62871    -0.12526     0.76749],48.60057142746023,-169.11220098976162,0.3374311101012546,0.3381136647767886,0.3331548061743125,33.5,0.3113664776788594,0.9294521721756996,1.758190988060423
frame_412,0,255,7,1,False,False,True,2.5923077113865207,True,True,[],[   -0.63272    -0.11805     0.76533],48.933326858820756,-169.82729741325966,0.33248824819815703,0.3330504684696989,0.3275202157899466,33.5,0.19495315303011407,0.5819497105376539,1.754445457666495
frame_413,0,255,7,1,False,False,True,2.5911949731698622,True,True,[],[   -0.62997    -0.12203     0.76698],48.23260109540186,-169.67275264721647,0.33786825023811096,0.33807611197546916,0.32362310577475994,33.5,0.30761119754691424,0.9182423807370573,1.752155463913471
frame_414,0,255,7,1,False,False,True,2.624999838722451,True,True,[],[   -0.60003    -0.11168     0.79214],50.65299336671413,-170.15000957628845,0.33913802948674565,0.339806869401174,0.3239251530856465,33.5,0.48068694011739743,1.4348863884101415,1.759338353730399
frame_415,0,255,7,1,False,False,True,2.632812676157323,True,True,[],[   -0.62354    -0.10912     0.77414],48.100534579576404,-171.06797467394875,0.3346766795329219,0.3171826536479374,0.31225468069216467,33.5,1.7817346352062613,5.318610851361974,1.747807112167659
frame_416,0,255,7,1,False,False,True,2.6953126723173813,True,True,[],[   -0.62841    -0.11665     0.76909],48.29325160277724,-170.21773544617338,0.33897119456628655,0.3276628680815412,0.32381195519957945,33.5,0.7337131918458806,2.190188632375763,1.7573243429540921
frame_417,0,255,7,1,False,False,True,2.6718751430378265,True,True,[],[   -0.63589     -0.1237      0.7618],47.29455055662632,-169.91680662983953,0.3350872710989792,0.3353923049194816,0.3287596246798262,33.5,0.039230491948155644,0.11710594611389744,1.749728157640946
frame_418,0,255,7,1,False,False,True,2.641975388688133,True,True,[],[   -0.63552    -0.11956     0.76277],48.84041398833917,-169.69550142710835,0.32271441447075655,0.3233510680511902,0.31697241249902675,33.5,1.1648931948809838,3.4772931190477125,1.7610644135104454
frame_419,0,255,7,1,False,False,True,2.6538461654795857,True,True,[],[   -0.61946    -0.12242     0.77543],48.218782879052554,-169.83248486358582,0.3324351888584389,0.3342651149481961,0.3281112482594328,33.5,0.0734885051803913,0.2193686721802725,1.7457361779314406
frame_420,0,255,7,1,False,False,True,2.7054261576330685,True,True,[],[   -0.61487    -0.12707     0.77832],48.55300707018419,-169.2816324366958,0.3362571098039251,0.32368856819029146,0.31520168742154975,33.5,1.131143180970856,3.376546808868227,1.7525718683297624
frame_421,0,255,7,1,False,False,True,2.726562547519278,True,True,[],[    -0.6446    -0.11842     0.75529],48.635994017707695,-169.95495482704146,0.31736426736993906,0.31788962071845517,0.3147586495424315,33.5,1.7110379281544852,5.107575904938762,1.7646556935256614
frame_422,0,255,7,1,False,False,True,2.7031250182397226,True,True,[],[    -0.6387    -0.11212     0.76124],47.52503889624862,-170.93110976197545,0.33265119565353074,0.33169829769989434,0.32418010446926787,33.5,0.330170230010568,0.9855827761509492,1.7545672554951577
frame_423,0,255,7,1,False,False,True,2.7244094605208504,True,True,[],[   -0.62706    -0.11686     0.77015],49.36622002537136,-169.8592692926241,0.33302213328421404,0.33218725016491013,0.3246678472180259,33.5,0.28127498350898894,0.8396268164447431,1.7606672502018774
frame_424,0,255,7,1,False,False,True,2.7364340267708336,True,True,[],[   -0.63043    -0.11542     0.76762],47.561231855944875,-170.31951716866897,0.3459775213099858,0.33289566257900227,0.32760288928295894,33.5,0.21043374209977483,0.6281604241784323,1.749670075573798
frame_425,0,255,7,1,False,False,True,2.74803128737817,True,True,[],[   -0.63839    -0.11809      0.7606],47.294896886647734,-169.70005643350993,0.35493559366718563,0.3152378999050851,0.3133514620475473,33.5,1.9762100094914914,5.899134356691019,1.7527052508763648
frame_426,0,255,7,1,False,False,True,2.6744185323464595,True,True,[],[    -0.6177    -0.11922     0.77732],48.15002461486695,-170.13913706715695,0.3202008856766261,0.3154196545198691,0.3124823957461846,33.5,1.9580345480130934,5.844879247800279,1.750818234036338
frame_427,0,255,7,1,False,False,True,2.732394240981109,True,True,[],[   -0.63622    -0.12143     0.76189],48.23786158471399,-169.2793454089456,0.31622398663038287,0.317238456376566,0.3150962104264321,33.5,1.7761543623434017,5.301953320428065,1.7530921810185562
frame_428,0,255,7,1,False,False,True,2.6744185323464595,True,True,[],[   -0.60252    -0.10422     0.79127],49.9039906179141,-170.1464216544902,0.3272180888824463,0.3272392246829958,0.3145666867783097,33.5,0.7760775317004198,2.316649348359462,1.7584489610677208
frame_429,0,255,7,1,False,False,True,2.6953126723173813,True,True,[],[   -0.62779     -0.1128     0.77017],-42.396908850840546,10.001799118884573,0.3210827239483618,0.3168237801096552,0.3059191881493696,33.5,1.8176219890344847,5.425737280699954,1.8070880419549311
frame_430,0,255,7,1,False,False,True,2.6434109070598506,True,True,[],[   -0.62965     -0.1085     0.76927],48.46378723308939,-170.62208975807383,0.31973312334151394,0.3145556152302038,0.3104666467878795,33.5,2.0444384769796207,6.102801423819764,1.7530780808946682
frame_431,0,255,7,1,False,False,True,2.527607420531343,True,True,[],[   -0.63531    -0.11881     0.76306],46.81792971000225,-170.4245769727143,0.3305874297981306,0.3140088474585714,0.3072184404618092,33.5,2.0991152541428635,6.266015684008548,1.7518380797892297
frame_432,0,255,7,1,False,False,True,2.5545455672011625,True,True,[],[   -0.63416    -0.10845     0.76556],47.69645572868937,-171.02469638711904,0.3153467018496541,0.3158651632018026,0.3117704981663185,33.5,1.913483679819744,5.711891581551475,1.7492272715342727
frame_433,0,255,7,1,False,False,True,2.5757576263079893,True,True,[],[   -0.63116    -0.11704     0.76677],48.3903124888128,-170.07189297165377,0.33735574119019307,0.3377911317004998,0.3294196040849193,33.5,0.27911317004997716,0.8331736419402304,1.7483704116075793
frame_434,0,255,7,1,False,False,True,2.5333334126629032,True,True,[],[   -0.62596    -0.10128     0.77325],49.434532514784806,-171.0056504477409,0.3229808327461716,0.32248031306446623,0.318082614175345,33.5,1.2519686935533791,3.7372199807563558,1.7593195714794057
frame_435,0,255,7,1,False,False,True,2.6279068505653904,True,True,[],[    -0.6405    -0.10539     0.76069],46.61034506358254,-171.87256198961097,0.3241048307899572,0.31124009131600605,0.3055116669034448,33.5,2.3759908683993967,7.092510054923571,1.7430267451064927
frame_436,0,255,7,1,False,False,True,2.638461128499395,True,True,[],[   -0.62801    -0.10741     0.77076],49.12240813154524,-170.71020324986424,0.3229592880131229,0.3232784038813785,0.3177891812313922,33.5,1.1721596118621502,3.4989839160064187,1.7559808425258374
frame_437,0,255,7,1,False,False,True,2.6358024709887227,True,True,[],[   -0.61663      -0.114     0.77895],45.969816699626605,-170.59133551515953,0.34672920787897543,0.33140063251838914,0.32202311403500894,33.5,0.3599367481610882,1.0744380542122036,1.7460357095907613
frame_438,0,255,7,1,False,False,True,2.636363679692562,True,True,[],[   -0.62669    -0.11119      0.7713],48.86985328607452,-170.33271754162536,0.3281544990086571,0.3274974868408873,0.3224624256186578,33.5,0.7502513159112711,2.239556166899317,1.760618110050598
frame_439,0,255,7,1,False,False,True,2.535713992126658,True,True,[],[   -0.64088    -0.12584     0.75726],47.11852429050359,-169.52108122953334,0.342172341368548,0.3408585564108044,0.3359322997085508,33.5,0.5858556410804405,1.748822809195345,1.7526058067091703
frame_440,0,255,7,1,False,False,True,2.534246588147754,True,True,[],[   -0.63392    -0.11242     0.76519],48.0236979111495,-170.78236299189481,0.3215130987260595,0.3178613363269551,0.31342208615260864,33.5,1.7138663673044896,5.116019006879073,1.7499232478377684
frame_441,0,255,7,1,False,False,True,2.59521914367335,True,True,[],[   -0.64738    -0.12129     0.75246],47.664176669277126,-169.88754087762896,0.32563147185246133,0.3209059652791648,0.3155394300011797,33.5,1.4094034720835202,4.207174543532896,1.756853375044195
frame_442,0,255,7,1,False,False,True,2.6108291520808105,True,True,[],[   -0.65962    -0.12867      0.7405],46.665819228312216,-169.61711110018467,0.3188205454535129,0.3193542932950235,0.31608623594969687,33.5,1.5645706704976503,4.670360210440747,1.7508923065751822
frame_443,0,255,7,1,False,False,True,2.5462888394833434,True,True,[],[   -0.63527    -0.11551      0.7636],47.98004972383131,-170.13770678501731,0.34060579782727873,0.34144020652712115,0.3315227960072206,33.5,0.6440206527121128,1.9224497095883963,1.7624962401224418
frame_444,0,255,7,1,False,False,True,2.4630542502569,True,True,[],[   -0.64089    -0.11533     0.75892],47.46831204115879,-170.57632111825055,0.3328728465239319,0.32412689767020986,0.31479211791733663,33.5,1.0873102329790163,3.2457021879970633,1.7506782493632504
frame_445,0,255,7,1,False,False,True,2.5718771774850264,True,True,[],[   -0.63492    -0.10762     0.76505],48.134452652719936,-171.17331025619714,0.33820968366972215,0.32522229052731344,0.32217034738378725,33.5,0.977770947268658,2.9187192455780835,1.7490929908794108
frame_446,0,255,7,1,False,False,True,2.4522614764559134,True,True,[],[   -0.64783    -0.11169     0.75355],47.24157296190395,-170.90870224695632,0.3179690064525167,0.31814925433811236,0.31491566108711144,33.5,1.6850745661887656,5.030073331906762,1.7447311777502434
frame_447,0,255,7,1,False,False,True,2.411016951089772,True,True,[],[   -0.65317    -0.10655     0.74968],47.61238832619901,-170.99173193934652,0.3333997661699757,0.3334209194788802,0.32132720744348275,33.5,0.15790805211198244,0.47136731973726104,1.7547941617335583
frame_448,0,255,7,1,False,False,True,2.440594001401883,True,True,[],[   -0.63769    -0.11052     0.76232],48.152685415402914,-170.92601396196744,0.3154958089313351,0.3132481346982603,0.3102830852794224,33.5,2.1751865301739723,6.493094119922306,1.7581741725758113
frame_449,0,255,7,1,False,False,True,2.426723960022235,True,True,[],[   -0.66861    -0.11716     0.73432],46.86504985738767,-170.13607596726646,0.3198433788944255,0.3198449016534075,0.3123907969193752,33.5,1.515509834659251,4.52390995420672,1.757728148519399
frame_450,0,255,7,1,False,False,True,2.5086957669025716,True,True,[],[   -0.62655    -0.10888     0.77174],49.022084215591846,-170.68983425734834,0.33867048656456444,0.33951864269674514,0.3273361351224556,33.5,0.4518642696745123,1.3488485661925742,1.7534140453559655
frame_451,0,255,7,1,False,False,True,2.6374999741663543,True,True,[],[   -0.65467    -0.11876     0.74653],47.96172166485238,-169.93312803225737,0.3268512533904375,0.3270531642587924,0.32269651882988337,33.5,0.7946835741207636,2.3721897734948167,1.7573031881702874
frame_452,0,255,7,1,False,False,True,2.611111111111111,True,True,[],[   -0.63349    -0.11506     0.76515],48.24792256390578,-170.65172301269607,0.31716731971948064,0.3170723942618954,0.31402205197658417,33.5,1.7927605738104646,5.35152410092676,1.7488010641619645
frame_453,0,255,7,1,False,False,True,2.6434109070598506,True,True,[],[   -0.66885     -0.1296     0.73201],46.42166748542557,-169.25251518538803,0.31067401840928155,0.31056643085101676,0.303566751703386,33.5,2.4433569148983256,7.293602731039778,1.7605681088412437
frame_454,0,255,7,1,False,False,True,2.6437500535668272,True,True,[],[   -0.64183    -0.11899     0.75756],48.12420909195845,-169.72127088334435,0.3265081242122867,0.32666233400370426,0.3208419985100276,33.5,0.8337665996295762,2.4888555212823174,1.7628107929410064
frame_455,0,255,7,1,False,False,True,2.696969826204367,True,True,[],[   -0.65613    -0.13077     0.74323],46.86122072470887,-168.98882737908457,0.31007665226907677,0.3099364019587423,0.3063283748002449,33.5,2.5063598041257737,7.481671057091861,1.758969142217935
frame_456,0,255,18,1,False,False,True,1.5,True,True,[],[    -0.2233    -0.34201     0.91278],65.59444039846804,-123.80464218127693,0.27588833549387193,0.27611637748802464,0.2922562758982704,33.5,5.888362251197537,17.577200749843396,1.8904218352123683
frame_456,0,127,7,1,False,False,True,2.696969826204367,True,True,[],[   -0.62844    -0.11722     0.76897],48.71672113214191,-169.95843223280085,0.3434796871133827,0.3440258692831786,0.33720341586266567,33.5,0.9025869283178556,2.6942893382622555,1.7596997452200047
frame_457,0,255,7,1,False,False,True,2.7244898587210176,True,True,[],[   -0.63461    -0.12252     0.76305],48.390740895706855,-169.54845450947167,0.33397145129936345,0.33406960293205756,0.32867916922404206,33.5,0.09303970679424567,0.2777304680425244,1.7529593573459432
frame_458,0,255,7,1,False,False,True,2.714285432929842,True,True,[],[   -0.63106      -0.118     0.76671],48.55183358900843,-170.10911125702867,0.35226796981078,0.3344482557862414,0.3271827109867258,33.5,0.05517442137586426,0.16469976530108732,1.7625551931805663
frame_459,0,255,7,1,False,False,True,2.714285432929842,True,True,[],[   -0.64383     -0.1179     0.75603],48.22051673611803,-170.18969290001425,0.3417471985437355,0.3208115235137188,0.31073728546291285,33.5,1.4188476486281243,4.2353661153078335,1.7557964497317804
frame_460,0,255,7,1,False,False,True,2.74803128737817,True,True,[],[   -0.65047    -0.11837     0.75025],48.10889546349997,-169.80626426333922,0.354393265561884,0.3546643154691278,0.33702589339685374,33.5,1.966431546912778,5.8699449161575465,1.757201458897371
frame_461,0,255,7,1,False,False,True,2.707070933539081,True,True,[],[   -0.61718   -0.097264     0.78079],49.92797852933059,-171.83446863121662,0.3280753338156277,0.3169862846924594,0.3118551869484331,33.5,1.8013715307540645,5.377228450012133,1.7535005870195102
frame_462,0,255,7,1,False,False,True,2.6062502959472233,True,True,[],[   -0.64075    -0.10967     0.75988],48.24587027352753,-170.62797715155097,0.325257591928539,0.32229556750220434,0.31897693798560334,33.5,1.2704432497795681,3.792367909789755,1.755082646939819
frame_463,0,255,7,1,False,False,True,2.527607420531343,True,True,[],[   -0.62285   -0.098662      0.7761],49.67821400321203,-171.16396677602472,0.35441258105379103,0.35454331890233104,0.3428850770911035,33.5,1.954331890233102,5.8338265380092595,1.7563430212963598
frame_464,0,255,7,1,False,False,True,2.482412086082966,True,True,[],[   -0.61894    -0.10551     0.77832],48.224318169092186,-171.06670783903806,0.34158248223815213,0.34272097502982146,0.3352915725522386,33.5,0.7720975029821442,2.3047686656183406,1.750646238581518
frame_465,0,255,7,1,False,False,True,2.49130425645168,True,True,[],[    -0.6243   -0.092726     0.77566],47.942380646094904,-172.05755323363593,0.3422541893677995,0.3281137360641515,0.31674750410740093,33.5,0.6886263935848513,2.0556011748801533,1.7426425757427098
frame_466,0,255,7,1,False,False,True,2.4646465759191116,True,True,[],[   -0.63214    -0.10515     0.76769],48.84361379433202,-170.93015682880835,0.34520556219658216,0.3454906648404763,0.33743844653772836,33.5,1.0490664840476283,3.131541743425756,1.759209261688787
frame_467,0,255,7,1,False,False,True,2.502564030557271,True,True,[],[   -0.66335    -0.10562     0.74082],46.96920768322545,-171.21437792374206,0.32049442223455404,0.307910655678334,0.30533581589801106,33.5,2.708934432166604,8.086371439303296,1.753431805803732
frame_468,0,255,7,1,False,False,True,2.559734642799422,True,True,[],[    -0.6475   -0.099873      0.7555],48.93759772136638,-171.38109549995056,0.329882639451484,0.32185137736191805,0.3167983571623737,33.5,1.3148622638081975,3.924961981517008,1.7569117314340255
frame_469,0,255,7,1,False,False,True,2.5083796939283407,True,True,[],[   -0.64634   -0.094897     0.75713],47.601500379166,-171.8892046880266,0.3303470931014021,0.32528599404544933,0.3123676988509916,33.5,0.9714005954550686,2.8997032700151304,1.7613775158219382
frame_470,0,255,7,1,False,False,True,2.5382931470659327,True,True,[],[   -0.63343   -0.085566     0.76906],48.21279214396835,-172.40819944303152,0.3354066924513146,0.32304202113204594,0.3164461383716618,33.5,1.1957978867954078,3.569545930732561,1.7580089200328994
frame_471,0,255,7,1,False,False,True,2.5445543164966034,True,True,[],[   -0.62843   -0.091856     0.77242],49.605801309843386,-171.82903209821524,0.35520165754952093,0.3477053362897149,0.33982974608503924,33.5,1.2705336289714875,3.7926376984223507,1.7542064945985372
frame_472,0,255,7,1,False,False,True,2.419287096996552,True,True,[],[   -0.61493   -0.082316     0.78427],49.04320428617751,-172.97387781196062,0.3311803087204441,0.3305419827296072,0.3178707983840089,33.5,0.44580172703928,1.3307514239978506,1.7500193547689495
frame_473,0,255,7,1,False,False,True,2.392523518317529,True,True,[],[   -0.64069   -0.085212     0.76305],48.78330014212169,-172.43544522123625,0.32167564517096436,0.3220102041526165,0.31999575512626244,33.5,1.2989795847383523,3.877550999218962,1.7561231480448463
frame_474,0,255,7,1,False,False,True,2.340909065791303,True,True,[],[   -0.63748   -0.086991     0.76554],49.230222663399466,-172.1399719657956,0.3586696910288254,0.3588327653331129,0.34777711464445554,33.5,2.3832765333112906,7.1142583083919115,1.755695250745003
frame_475,0,255,7,1,False,False,True,2.34285728176484,True,True,[],[   -0.64491   -0.089132     0.75904],48.67245647456676,-172.39426756710128,0.3473573564372081,0.34760024619468566,0.33862226156489295,33.5,1.2600246194685638,3.7612675208016833,1.7515217248962895
frame_476,0,255,7,1,False,False,True,2.3231361731267026,True,True,[],[   -0.63852   -0.083226     0.76509],48.93881679637085,-172.43424437346948,0.32314769445729485,0.323470345692616,0.31722733201968817,33.5,1.1529654307384007,3.44168785295045,1.7555526595494673
frame_477,0,255,7,1,False,False,True,2.386274548199709,True,True,[],[    -0.6421   -0.095873      0.7606],47.57819683778,-171.554776556884,0.32655675670930884,0.3244015284307844,0.3170311716167562,33.5,1.0598471569215617,3.163722856482274,1.753805456994154
frame_478,0,255,7,1,False,False,True,2.364928903698327,True,True,[],[   -0.65583   -0.093846     0.74906],46.512663479302454,-171.65965487376698,0.3307625887326695,0.3166680452374324,0.3119946437349862,33.5,1.8331954762567604,5.472225302258986,1.7568982042990193
frame_479,0,255,7,1,False,False,True,2.408046275114427,True,True,[],[   -0.65194   -0.093737     0.75245],47.645654859031715,-171.98543562502633,0.32936601256824827,0.3214672039879263,0.31099423642254687,33.5,1.3532796012073744,4.039640600619028,1.749715941429138
frame_480,0,255,7,1,False,False,True,2.383673539490903,True,True,[],[   -0.65701    -0.08778     0.74875],46.942077268563246,-172.1533425443289,0.33775453782888576,0.3230979037797146,0.31987718750801253,33.5,1.190209622028543,3.5528645433687847,1.7503961702537143
frame_481,0,255,18,1,False,False,True,1.5529713297811707,True,True,[],[   -0.23158    -0.34191     0.91075],64.39152886945095,-123.93378172914622,0.2670436618769627,0.26768361870962143,0.28313463218858514,33.5,6.731638129037859,20.094442176232413,1.8921444943581505
frame_481,0,127,7,1,False,False,True,2.434146541339954,True,True,[],[   -0.64784   -0.083835     0.75715],47.162786390348394,-172.81487512717368,0.3234600195845063,0.32384856290943564,0.3184098187891101,33.5,1.1151437090564376,3.3287871912132463,1.7542113397481307
frame_482,0,255,18,1,False,False,True,1.890725342841798,True,True,[],[   -0.22828     -0.3876     0.89311],62.226229577054255,-120.33837982307593,0.23161543387892425,0.2317196875154559,0.24644197034149556,33.5,10.328031248454412,30.82994402523705,1.8709124300879518
frame_482,0,127,7,1,False,False,True,2.355102035423777,True,True,[],[   -0.65745   -0.081391     0.74909],47.259163080775586,-172.78245137804552,0.32604580105848124,0.32424516862453223,0.3192602194823001,33.5,1.0754831375467788,3.2103974255127725,1.7544110620094657
frame_483,0,255,18,1,False,False,True,2.0,True,True,[],[    -0.2061    -0.40045     0.89284],63.8307077786526,-117.64715933677188,0.267863686980798,0.2677376576664132,0.2753962710678254,33.5,6.72623423335868,20.07831114435427,1.8856599640820533
frame_483,0,127,7,1,False,False,True,2.4563107736608254,True,True,[],[   -0.64586    -0.10135      0.7567],48.14011483161003,-170.89791535172378,0.3510760927235308,0.35128079374705834,0.33841380201743954,33.5,1.628079374705832,4.8599384319577075,1.7533514827984498
frame_484,0,255,7,1,False,False,True,2.442576703116475,True,True,[],[   -0.63963   -0.091861     0.76317],48.22846509306481,-172.31460385667629,0.34203997222566973,0.33878051010586874,0.3254439562289311,33.5,0.37805101058687174,1.1285104793637961,1.7538268003563868
frame_485,0,255,7,1,False,False,True,2.4754464663203057,True,True,[],[   -0.65637   -0.098424     0.74799],47.36950744404021,-171.83143351871928,0.3491912479407573,0.34913214395734715,0.3290447733291764,33.5,1.4132143957347132,4.218550435028995,1.7593880944247078
frame_486,0,255,7,1,False,False,True,2.491596460127521,True,True,[],[   -0.68157   -0.087198     0.72654],45.92474003699929,-172.61749174369442,0.33142610908383996,0.33181985940978764,0.3219604781524087,33.5,0.3180140590212377,0.9492956985708588,1.7505285420171104
frame_487,0,255,7,1,False,False,True,2.5872093555823574,True,True,[],[   -0.67047    -0.10033     0.73513],47.03029779076526,-171.7507972848674,0.34324746002664663,0.3392852742893995,0.33255294865420315,33.5,0.42852742893994544,1.2791863550446132,1.7584799895810959
frame_488,0,255,7,1,False,False,True,2.5560976338587675,True,True,[],[   -0.68171    -0.10648     0.72383],45.69019389780168,-171.75295410335522,0.31698270987635246,0.31714861424438956,0.30673918902231306,33.5,1.785138575561046,5.328771867346406,1.7537024718988452
frame_489,0,255,7,1,False,False,True,2.4365756641325262,True,True,[],[   -0.64136   -0.083843     0.76264],49.066190574406626,-172.52680438064252,0.3461407783794461,0.34633377183883884,0.33937286305755665,33.5,1.1333771838838824,3.383215474280246,1.7595069250073097
frame_490,0,255,7,1,False,False,True,2.569476092418472,True,True,[],[   -0.65782    -0.10078     0.74641],47.00522220808817,-171.9057647856253,0.33210979763519366,0.3327656157930148,0.32671629904540556,33.5,0.22343842069852404,0.6669803602941016,1.7513512845461567
frame_491,0,255,18,1,False,False,True,2.0892856220468694,True,True,[],[   -0.18608    -0.32357     0.92773],68.2832603073115,-119.97761199820175,0.28472663066501647,0.2846463221426645,0.28497849681199683,33.5,5.035367785733552,15.030948614130004,1.8844842840266485
frame_491,0,127,7,1,False,False,True,2.615000091075305,True,True,[],[   -0.66958    -0.10731     0.73495],46.558837784375726,-171.11268732250954,0.3400435081558224,0.3402683511106108,0.33254957145937303,33.5,0.5268351110610803,1.572642122570389,1.7586448358949254
frame_492,0,255,7,1,False,False,True,2.5622642884598603,True,True,[],[   -0.67751   -0.099314     0.72878],45.255890750752116,-171.8199913917815,0.33949386407631454,0.33242143187189943,0.3102977232572043,33.5,0.2578568128100589,0.769721829283758,1.7485164476126371
frame_493,0,255,18,1,False,False,True,1.8518518518518519,True,True,[],[    -0.2147    -0.35652     0.90928],65.40068524106323,-120.55878360732397,0.2541432484536812,0.25414393389600387,0.2661179046195926,33.5,8.085606610399616,24.13613913552124,1.883860385095751
frame_493,0,127,7,1,False,False,True,2.495549126832537,True,True,[],[   -0.65652   -0.090467     0.74886],47.77895491076281,-172.00700181462184,0.32507188171673507,0.3253148288384946,0.32150914341646397,33.5,0.9685171161505413,2.8910958691060933,1.7585190159148174
frame_494,0,255,7,1,False,False,True,2.4926830748041646,True,True,[],[   -0.64561   -0.089765     0.75838],47.05719992955764,-172.63210202420015,0.34027039076163845,0.3301869045035366,0.31886540255792417,33.5,0.48130954964634154,1.4367449243174373,1.7486687082091987
frame_495,0,255,7,1,False,False,True,2.5128204723799157,True,True,[],[   -0.67688    -0.10603     0.72842],45.84222061628579,-171.2544017036778,0.34407003792981317,0.3438344722623299,0.3369318344623357,33.5,0.8834472262329862,2.6371558992029436,1.7474216666374054
frame_496,0,255,7,1,False,False,True,2.506276360295653,True,True,[],[   -0.66839   -0.090901     0.73824],46.86134248683666,-172.4663602731078,0.3345447681134319,0.3347988396610899,0.32196789461300446,33.5,0.02011603389101002,0.06004786236122394,1.74764810336473
frame_497,0,255,7,1,False,False,True,2.5208334106025503,True,True,[],[   -0.64916   -0.091926     0.75508],48.3884802213682,-171.90310099859462,0.339189889878857,0.3394042767264822,0.32699505393193257,33.5,0.44042767264821925,1.3147094705916993,1.7566289700219906
frame_498,0,255,7,1,False,False,True,2.427953850777242,True,True,[],[   -0.65021   -0.081991     0.75531],47.903436499823506,-173.3366230951559,0.3596909260188528,0.35555274986400054,0.34217312935264566,33.5,2.055274986400052,6.135149213134484,1.7509132527427889
frame_499,0,255,7,1,False,False,True,2.657142689736124,True,True,[],[   -0.67555   -0.093373     0.73138],46.114612937913805,-172.5325587065308,0.34972004148518776,0.34964838543524546,0.3380944797490972,33.5,1.4648385435245437,4.372652368729981,1.7535948443912277
frame_500,0,255,7,1,False,False,True,2.508196884416711,True,True,[],[   -0.66474   -0.084575     0.74227],46.35203499451797,-173.29046641151768,0.3297629110920337,0.3306295072280734,0.32078600101997445,33.5,0.43704927719266373,1.3046247080378022,1.740588372248154
frame_501,0,255,7,1,False,False,True,2.5384616328560954,True,True,[],[   -0.65807   -0.091385     0.74739],47.89129196422434,-172.53235929750477,0.3414893977393112,0.34174228044325994,0.3340429623664024,33.5,0.6742280443259918,2.0126210278387813,1.7522801479212005
frame_502,0,255,7,1,False,False,True,2.603174715143053,True,True,[],[    -0.6765   -0.085709     0.73144],46.08180193229207,-173.13056413129388,0.3469751759297015,0.34408742665607983,0.3383703976891753,33.5,0.9087426656079811,2.71266467345666,1.7526316437579665
frame_503,0,255,7,1,False,False,True,2.553719021160978,True,True,[],[   -0.67854   -0.085986     0.72951],46.117973601002234,-173.05840778901418,0.34156274157221134,0.3374813837062014,0.33158563706113475,33.5,0.24813837062013788,0.7407115540899638,1.7509535435438157
frame_504,0,255,7,1,False,False,True,2.5550239383189295,True,True,[],[   -0.64616   -0.081182     0.75887],47.1371934429046,-173.647863654698,0.3426223527258936,0.32712497807101615,0.323851035670509,33.5,0.7875021928983872,2.3507528146220515,1.7538678917213468
frame_505,0,255,7,1,False,False,True,2.3635745089196734,True,True,[],[   -0.65633   -0.083906      0.7498],46.547284097626495,-172.78557606569865,0.3372893229763514,0.3210591162290042,0.3140113689398418,33.5,1.3940883770995838,4.16145784208831,1.7459610835990713
frame_506,0,255,7,1,False,False,True,2.4589335020188687,True,True,[],[   -0.66747        -0.1     0.73789],47.07854515329333,-171.70794090670105,0.3294692923089344,0.3294711757590456,0.32399994969558754,33.5,0.5528824240954411,1.650395295807287,1.7518284630288399
frame_507,0,255,7,1,False,False,True,2.5555555680106807,True,True,[],[   -0.67272     -0.1091     0.73181],46.36464997542734,-171.1704984436408,0.33555550546280055,0.33594464599264295,0.32710471996199986,33.5,0.0944645992642934,0.28198387840087585,1.754131278615568
frame_508,0,255,7,1,False,False,True,2.608578744832452,True,True,[],[   -0.67299   -0.097885     0.73314],46.61628699561299,-172.32658630485673,0.33899850906025986,0.325095249483226,0.31922325800706375,33.5,0.990475051677403,2.9566419453056807,1.7547866946151827
frame_509,0,255,7,1,False,False,True,2.683616196898668,True,True,[],[   -0.67286    -0.10348     0.73249],46.226434075099775,-171.69948218418784,0.3385962224442409,0.3382884533916002,0.3225534785455061,33.5,0.32884533916001657,0.9816278780896017,1.7550092642672035
frame_510,0,255,7,1,False,False,True,2.5870646008040787,True,True,[],[   -0.66532   -0.096512     0.74029],46.77081817963572,-172.26750851455503,0.34217066661510964,0.3420531555742541,0.3331899281293914,33.5,0.7053155574254066,2.105419574404199,1.7571328081070416
frame_511,0,255,7,1,False,False,True,2.679104152637776,True,True,[],[   -0.66251    -0.11662     0.73992],45.371650396155474,-171.0925220312123,0.3416695259756144,0.3369746037521837,0.3223501630387544,33.5,0.1974603752183668,0.5894339558757218,1.7471814412017201
frame_512,0,255,7,1,False,False,True,2.759689867661368,True,True,[],[    -0.6893    -0.11285     0.71563],-44.27696132171643,8.634350466778947,0.3352498318054984,0.3180395826566995,0.3087573143566501,33.5,1.6960417343300505,5.062811147253882,1.7570421642824106
frame_513,0,255,7,1,False,False,True,2.770186360167051,True,True,[],[   -0.68288    -0.11495     0.72143],44.967776526796825,-171.1397772838818,0.35251312414288827,0.32183773869000687,0.31654661286237445,33.5,1.316226130999315,3.929033226863627,1.7634976314515183
frame_514,0,255,7,1,False,False,True,2.8000000241975385,True,True,[],[   -0.65728    -0.11074     0.74547],46.808526578321526,-170.98771110672644,0.3320857358193552,0.33191824596094754,0.3256637584310183,33.5,0.30817540390524756,0.9199265788216344,1.7588243706182378
frame_515,0,255,7,1,False,False,True,2.7361704536443607,True,True,[],[   -0.68444    -0.11616     0.71975],45.658395070286325,-170.7235908467216,0.35339482256852395,0.35352519819570394,0.34292231111353205,33.5,1.8525198195703918,5.529909909165349,1.758918078093381
frame_516,0,255,7,1,False,False,True,2.5943396140525934,True,True,[],[   -0.67022    -0.11163     0.73372],46.94599949323385,-170.73870689212265,0.33924780413926436,0.3392766561916978,0.3263128618457465,33.5,0.42766561916977586,1.2766137885664952,1.7676756601175947
frame_517,0,255,7,1,False,False,True,2.638832169435518,True,True,[],[   -0.66069    -0.11478     0.74183],45.70790146369999,-171.2488737752557,0.3550700067300345,0.35573383913951706,0.3451583630100391,33.5,2.0733839139517043,6.189205713288669,1.7535043865503472
frame_518,0,255,7,1,False,False,True,2.6829269927739547,True,True,[],[   -0.67077    -0.11108      0.7333],46.403178783662014,-170.82848055777302,0.3572568452906941,0.35774822413806073,0.34405672098057194,33.5,2.2748224138060715,6.790514668077825,1.7574056036403922
frame_519,0,255,7,1,False,False,True,2.804979143891733,True,True,[],[   -0.67893    -0.12471     0.72354],45.98628084864303,-169.8662285860745,0.3263041040361976,0.32639002828288755,0.31814966230158637,33.5,0.8609971717112475,2.5701408110783506,1.7621701572236699
frame_520,0,255,7,1,False,False,True,2.7803468118862624,True,True,[],[    -0.6774    -0.11697     0.72626],44.86485091629705,-170.50017955227324,0.3281127974975828,0.3289413093969844,0.3240225930478092,33.5,0.6058690603015615,1.808564359109139,1.7626572064867414
frame_521,0,255,7,1,False,False,True,2.7549018599103663,True,True,[],[   -0.68859    -0.12147      0.7149],44.6764297119673,-170.40646615588255,0.32121403834425966,0.32107349552028674,0.3164535244400093,33.5,1.3926504479713275,4.157165516332321,1.7599764539580034
frame_522,0,255,7,1,False,False,True,2.704348043940063,True,True,[],[    -0.6739    -0.11007     0.73058],46.847643230106954,-171.02029619302994,0.32112640335475273,0.32106506680927227,0.3181824656576554,33.5,1.393493319072775,4.15968154947097,1.7628874120770284
frame_523,0,255,7,1,False,False,True,2.6707314961423734,True,True,[],[   -0.68323    -0.11343     0.72134],45.377659803366775,-170.85348090064443,0.3413283664172544,0.3413780894716143,0.3362968538466849,33.5,0.6378089471614279,1.9039073049594863,1.7597469898903406
frame_524,0,255,7,1,False,False,True,2.7073168591032277,True,True,[],[   -0.68563    -0.11864     0.71822],-43.01204138436112,9.20558601523624,0.3141510568373578,0.31425897552935833,0.3030526962268843,33.5,2.0741024470641687,6.19135058825125,1.7487184921259522
frame_525,0,255,7,1,False,False,True,2.770992627162167,True,True,[],[   -0.65163    -0.10418     0.75135],46.984246354196834,-171.79627835972198,0.3243484976313824,0.32464035449033135,0.32181684826952794,33.5,1.035964550966867,3.092431495423483,1.7663338094363499
frame_526,0,255,7,1,False,False,True,2.8347825183991686,True,True,[],[   -0.65505    -0.11136     0.74734],47.07057297029501,-171.08032667839674,0.3315735384471217,0.325003047165501,0.3178151014338214,33.5,0.9996952834499029,2.9841650252235907,1.76763071880301
frame_527,0,255,7,1,False,False,True,2.7361962897343286,True,True,[],[   -0.66376    -0.10762     0.74016],46.71862608533659,-171.03883721084887,0.3489297492477508,0.3492327548889873,0.343664935028333,33.5,1.4232754888987287,4.248583548951429,1.7788437584740635
frame_528,0,255,7,1,False,False,True,2.7384615701044734,True,True,[],[   -0.69159    -0.11812     0.71257],44.93718316572065,-170.6892900099001,0.31388058135076635,0.310311329379364,0.30349894097533187,33.5,2.468867062063601,7.36975242407045,1.7640511933333223
frame_529,0,255,7,1,False,False,True,2.797251005299395,True,True,[],[   -0.66353    -0.10837     0.74026],46.42148895761229,-171.74770084173508,0.34004113518226586,0.34025729242829383,0.3332653318682385,33.5,0.5257292428293814,1.5693410233712877,1.7650794600492392
frame_530,0,255,7,1,False,False,True,2.7750001306878547,True,True,[],[   -0.65875   -0.099332     0.74577],47.075624595297086,-172.09213589919764,0.33720001249617626,0.3336867859348631,0.3286882932879323,33.5,0.1313214065136903,0.39200419854832924,1.7674699052141176
frame_531,0,255,7,1,False,False,True,2.8000000241975385,True,True,[],[   -0.68166    -0.10913     0.72348],45.10549242736274,-171.22747506740453,0.33712057337909096,0.33718008077595196,0.3314089943625852,33.5,0.21800807759519425,0.6507703808811769,1.765088359801778
frame_532,0,255,7,1,False,False,True,2.739130379627932,True,True,[],[   -0.67186    -0.10345     0.73341],45.96834696530493,-171.30387732081485,0.350965147776922,0.35104116090923076,0.3424541070600827,33.5,1.6041160909230745,4.788406241561416,1.7662421762943268
frame_533,0,255,7,1,False,False,True,2.757575982813325,True,True,[],[   -0.65768    -0.10363     0.74614],48.07920187349942,-171.04246712533865,0.3353714008020716,0.3355119046741639,0.32870110117687046,33.5,0.051190467416389884,0.15280736542205936,1.7713299430484752
frame_534,0,255,7,1,False,False,True,2.7343751391978848,True,True,[],[    -0.6819    -0.11455     0.72242],46.678609953610845,-171.17936227916766,0.32602656049197476,0.3260509008355412,0.32438827604192666,33.5,0.8949099164458796,2.6713728849130733,1.764124236023079
frame_535,0,255,7,1,False,False,True,2.638461128499395,True,True,[],[   -0.68179    -0.11046     0.72316],44.70014630001566,-171.3690234570671,0.3088763835742976,0.3076646365849116,0.3017127783056266,33.5,2.7335363415088407,8.159809974653257,1.770092232789828
frame_536,0,255,7,1,False,False,True,2.6181820539541376,True,True,[],[   -0.66348    -0.11215     0.73974],45.74235658667338,-170.63669537269095,0.31401795134770794,0.3147838644059697,0.3107439443946818,33.5,2.021613559403029,6.03466734150158,1.7590975702755034
frame_537,0,255,7,1,False,False,True,2.719512059160158,True,True,[],[   -0.68832    -0.11991     0.71543],45.187401238284764,-170.3477883152266,0.32617876027263915,0.3258510160894377,0.31377023406572335,33.5,0.9148983910562347,2.731039973302193,1.7616787383570234
frame_538,0,255,7,1,False,False,True,2.711656492964925,True,True,[],[   -0.68596    -0.11556     0.71841],45.200321279754135,-170.66677993062692,0.3233824489476673,0.3215840504009959,0.31082198673394956,33.5,1.3415949599004107,4.004761074329584,1.7646698227820041
frame_539,0,255,7,1,False,False,True,2.7623765208430937,True,True,[],[   -0.65445    -0.11551     0.74723],47.63794394312046,-170.29231126585566,0.358210982381582,0.3584967450281322,0.3522475857930811,33.5,2.3496745028132207,7.013953739740956,1.7681969345254231
frame_540,0,255,7,1,False,False,True,2.8091600523839784,True,True,[],[   -0.69987    -0.11691     0.70464],-44.23301484980565,9.27889309558833,0.3309666515616947,0.33116353920784536,0.32603417196765966,33.5,0.3836460792154661,1.1452121767625854,1.7726819876615538
frame_541,0,255,7,1,False,False,True,2.850000069363014,True,True,[],[   -0.67934    -0.11108     0.72537],45.64685780609599,-171.12935999731764,0.32070837140068775,0.3212417255364972,0.3188101771340494,33.5,1.3758274463502806,4.106947601045614,1.7655639122569204
frame_542,0,255,7,1,False,False,True,2.6987952315462156,True,True,[],[   -0.69838    -0.11316     0.70673],-44.37605180722255,8.671753930120605,0.3231420590000982,0.3191556409686287,0.3131452919550224,33.5,1.5844359031371325,4.7296594123496485,1.7632984895725512
frame_543,0,255,7,1,False,False,True,2.6646825606646933,True,True,[],[   -0.65595    -0.09909     0.74827],47.398060347872345,-172.05047213783513,0.3578746823011991,0.3577567777169397,0.34442291000111963,33.5,2.2756777716939682,6.793067975205876,1.7587452152110408
frame_544,0,255,7,1,False,False,True,2.798449277344051,True,True,[],[   -0.68018   -0.089853     0.72751],45.838485563658786,-172.43526740411147,0.3330448797820751,0.3261600562605049,0.32091298691694337,33.5,0.8839943739495093,2.6387891759686846,1.7704713705604223
frame_545,0,255,7,1,False,False,True,2.889763734670074,True,True,[],[   -0.70079    -0.11681     0.70374],-43.82612117557515,9.18498541495569,0.3248981063957377,0.3252220453664736,0.3152720198059034,33.5,0.9777954633526431,2.9187924279183375,1.7665904401528716
frame_546,0,255,7,1,False,False,True,2.889763734670074,True,True,[],[    0.72196     0.13474    -0.67869],-41.55144447068574,10.14894133000431,0.327155442652848,0.3209819222680339,0.3116089372452476,33.5,1.4018077731966117,4.184500815512274,1.7591899389625814
frame_547,0,255,7,1,False,False,True,2.887954987720795,True,True,[],[    0.71021     0.13042    -0.69181],-43.19918260566308,10.035045673096839,0.3177685159813568,0.31458193369837395,0.3086823495487918,33.5,2.0418066301626068,6.094945164664497,1.7654874738655053
frame_548,0,255,7,1,False,False,True,2.9417180319986045,True,True,[],[    0.70323      0.1313    -0.69873],-44.19546891497191,10.237443518578472,0.3569122722367222,0.33808021027837976,0.3275907222023122,33.5,0.3080210278379736,0.9194657547402196,1.7731542181449134
frame_549,0,255,7,1,False,False,True,2.9030835632784293,True,True,[],[    -0.6972    -0.14451     0.70216],-43.32668903145484,10.893873373406885,0.31436045865808837,0.3119413323636948,0.3085051691270031,33.5,2.3058667636305206,6.88318436904633,1.7666656050121228
frame_550,0,255,7,1,False,False,True,2.784194212443708,True,True,[],[   -0.68754     -0.1434     0.71185],-43.600459425334044,10.885010384889805,0.3213761936138688,0.3180089302615894,0.31167697368027036,33.5,1.6991069738410636,5.071961115943473,1.753390697891003
frame_551,0,255,7,1,False,False,True,2.7467249130718243,True,True,[],[   -0.68309    -0.13194     0.71832],-44.24912329601704,10.03109413250069,0.3216858930966786,0.3015201288093201,0.29647454721204713,33.5,3.347987119067991,9.993991400202958,1.757901870361972
frame_552,0,255,7,1,False,False,True,2.8018576460269293,True,True,[],[    0.70892     0.12787     -0.6936],-42.24678772055102,9.609103380915748,0.3091655173469481,0.30579853878692753,0.3014720063800107,33.5,2.9201461213072486,8.716854093454474,1.7683381003742458
frame_553,0,255,7,1,False,False,True,2.835555457909891,True,True,[],[     0.7238     0.16041     -0.6711],-40.73845316214233,11.808742895527239,0.30730023916276106,0.30723410848215926,0.3059234410665074,33.5,2.7765891517840755,8.288325826221122,1.764170927372738
frame_554,0,255,7,1,False,False,True,2.8181822834265726,True,True,[],[     0.7167     0.13923    -0.68335],-41.031748087180574,9.887013613790359,0.31346470241182445,0.30312286925687526,0.30434058408554754,33.5,3.1877130743124757,9.515561415858137,1.7615560631195617
frame_555,0,255,7,1,False,False,True,2.8100001682807036,True,True,[],[    0.71761     0.13262     -0.6837],-41.24377933538885,9.59483685947955,0.307879114525915,0.3067554769806988,0.30370308734771667,33.5,2.824452301930119,8.431200901283937,1.7711138189522642
frame_556,0,255,7,1,False,False,True,2.865031039100691,True,True,[],[    0.73215     0.15764    -0.66265],-39.387071715923646,11.041466193152232,0.3390960737286961,0.3390015746512185,0.3308918555746159,33.5,0.4001574651218476,1.1944998958861122,1.77510815738279
frame_557,0,255,7,1,False,False,True,2.909091130636057,True,True,[],[    0.75672     0.14915     -0.6365],-38.530289077076134,10.66543052202999,0.30824269727770637,0.3084920479785702,0.303337334684014,33.5,2.65079520214298,7.912821498934269,1.7815798610361269
frame_558,0,255,7,1,False,False,True,2.970297285132483,True,True,[],[    0.73882     0.15569    -0.65567],-40.219232383168034,11.39931121567605,0.3126853777325813,0.31291665555612447,0.3102408447881227,33.5,2.208334444387555,6.59204311757479,1.7830894993288702
frame_559,0,255,7,1,False,False,True,3.0909092238361637,True,True,[],[    0.73635     0.16478    -0.65623],-37.696712530942534,15.141382982670653,0.3386291838139972,0.3303832550085106,0.32166181861190324,33.5,0.46167449914893965,1.3781328332804168,1.7690418898402602
frame_560,0,255,7,1,False,False,True,3.2244899818142114,True,True,[],[     0.7423       0.173    -0.64735],-39.91891581905483,12.796789178498509,0.32010508727581755,0.3203622428796289,0.31983285671287875,33.5,1.463775712037113,4.369479737424218,1.793875787907363
frame_561,0,255,7,1,False,False,True,3.217977948512963,True,True,[],[    0.77593     0.18625     -0.6027],-36.46764123554047,12.98217336536915,0.30253186059799586,0.30267500428158756,0.3015657519744519,33.5,3.232499571841246,9.64925245325745,1.796819576260682
frame_562,0,255,7,1,False,False,True,3.164391624220402,True,True,[],[    0.76337     0.16162    -0.62542],-38.975367580805546,11.849633522369968,0.2829261411963033,0.2828014291894143,0.2796985566570662,33.5,5.219857081058571,15.581662928533046,1.7994287326393357
frame_563,0,255,7,1,False,False,True,3.1160805705632524,True,True,[],[     0.7433     0.18559     -0.6427],-40.04635128840487,14.029233510950249,0.29735307023685054,0.2973751984070865,0.29603277487080437,33.5,3.7624801592913535,11.23128405758613,1.8082753767323234
