video_day,source_folder,video_name,frame_id,class_name,object_id,track_id,is_3D_complete,in_image_borders,does_overlap,is_front_fish,aspect_ratio,fish_3d_ok,overlapping_fish_ids,fish_direction,elevation_deg,azimuth_deg,raw_length,filtered_length,spine_length,gt,abs_error_cm,rel_error_%,fish_dist_from_camera,especie_gt,failure_reason,unique_track,scenario
2025_05_08,11_20_56_2,11_20_56_2,frame_0,0,255,1,1,False,False,True,0.0,False,[],[   -0.23664       0.248     0.93941],10.834573878311396,-13.475692582911668,2.2414130684358606,0.3151070197229131,0.3145680357113165,33.5,1.9892980277086885,5.938203067787122,1.0356582442458175,ochoa_cinta,,2025_05_08/11_20_56_2/1,single_fish
2025_05_08,11_20_56_2,11_20_56_2,frame_1,0,255,1,1,False,False,True,0.0,False,[],[    -0.3018     0.27265     0.91355],10.489203439381818,-12.644991473448464,1.8582120920029628,0.3144605536066145,0.3100248675794039,33.5,2.0539446393385496,6.131178027876254,1.0370364475996607,ochoa_cinta,,2025_05_08/11_20_56_2/1,single_fish
2025_05_08,11_20_56_2,11_20_56_2,frame_3,0,255,1,1,False,False,True,0.0,False,[],[   -0.27505     0.22392     0.93499],11.099760630503882,-12.26255084773511,2.014264668955928,0.3172444676367054,0.3142946671435275,33.5,1.7755532363294613,5.300158914416309,1.0406092099898872,ochoa_cinta,,2025_05_08/11_20_56_2/1,single_fish
2025_05_08,11_20_56_2,11_20_56_2,frame_4,0,255,1,1,False,False,True,0.0,False,[],[   -0.32723     0.22828     0.91696],11.407719106216284,-12.765214297744304,2.3338174035210733,0.3168258280365353,0.3102339810094278,33.5,1.8174171963464687,5.425125959243198,1.0420763449003545,ochoa_cinta,,2025_05_08/11_20_56_2/1,single_fish
2025_05_08,11_20_56_2,11_20_56_2,frame_5,0,255,1,1,False,False,True,0.0,False,[],[   -0.29817     0.22551     0.92749],12.41833750123798,-13.143966437883297,2.1137006205399347,0.3163024933794052,0.3223294876507229,33.5,1.8697506620594808,5.581345259879053,1.0447619286643008,ochoa_cinta,,2025_05_08/11_20_56_2/1,single_fish
2025_05_08,11_20_56_2,11_20_56_2,frame_6,0,255,1,1,False,False,True,0.0,False,[],[    -0.3063     0.23888     0.92148],12.88758015585526,-13.285227460226576,2.266057666041156,0.3106737375725903,0.3154833552026302,33.5,2.4326262427409695,7.261570873853643,1.0447309654509995,ochoa_cinta,,2025_05_08/11_20_56_2/1,single_fish
2025_05_08,11_20_56_2,11_20_56_2,frame_7,0,255,1,1,False,False,True,0.0,False,[],[   -0.30344     0.24352     0.92121],13.320547011521231,-13.259512597301851,2.216362597083915,0.3150849830607393,0.3127614078771306,33.5,1.9915016939260717,5.944781175898709,1.0440612312961657,ochoa_cinta,,2025_05_08/11_20_56_2/1,single_fish
2025_05_08,11_20_56_2,11_20_56_2,frame_8,0,255,1,1,False,False,True,0.0,False,[],[   -0.35979     0.24027     0.90157],13.675749632367642,-12.965010164914366,1.9112379443608212,0.317098089046352,0.3183600304028723,33.5,1.7901910953648006,5.343854016014316,1.043569816270267,ochoa_cinta,,2025_05_08/11_20_56_2/1,single_fish
2025_05_08,11_20_56_2,11_20_56_2,frame_9,0,255,1,1,False,False,True,0.0,False,[],[   -0.31903     0.25248     0.91349],13.63952196038604,-13.332657240539389,2.0050385445085057,0.3150527881282159,0.3206548986987682,33.5,1.9947211871784098,5.954391603517645,1.041374053727375,ochoa_cinta,,2025_05_08/11_20_56_2/1,single_fish
2025_05_08,11_20_56_2,11_20_56_2,frame_10,0,255,1,1,False,False,True,0.0,False,[],[   -0.36226     0.19989     0.91039],13.489907881404005,-13.272531092647448,1.920398305293096,0.3044965555441431,0.303647651229439,33.5,3.0503444455856865,9.105505807718478,1.039722076228431,ochoa_cinta,,2025_05_08/11_20_56_2/1,single_fish
2025_05_08,11_20_56_2,11_20_56_2,frame_11,0,255,1,1,False,False,True,0.0,False,[],[    -0.3346     0.23688      0.9121],13.968640473765086,-13.740895578771626,2.0420594922788347,0.2929517204689009,0.2975657301954008,33.5,4.204827953109913,12.551725233163918,1.037883131155556,ochoa_cinta,,2025_05_08/11_20_56_2/1,single_fish
2025_05_08,11_20_56_2,11_20_56_2,frame_12,0,255,1,1,False,False,True,0.0,False,[],[   -0.40634     0.25221     0.87822],13.853497204916556,-14.515574816181148,1.962066541479969,0.2827260439652973,0.2874903273030467,33.5,5.227395603470267,15.604165980508268,1.0377130429908652,ochoa_cinta,,2025_05_08/11_20_56_2/1,single_fish
2025_05_08,11_20_56_2,11_20_56_2,frame_13,0,255,1,1,False,False,True,0.0,False,[],[    -0.4138     0.24212     0.87758],14.790482911114594,-15.85858243122043,1.9873778113917784,0.2698684885994647,0.272692100450507,33.5,6.513151140053527,19.44224220911501,1.037669819544232,ochoa_cinta,,2025_05_08/11_20_56_2/1,single_fish
2025_05_08,11_20_56_2,11_20_56_2,frame_14,0,255,1,1,False,False,True,0.0,False,[],[   -0.41739     0.23652     0.87741],15.51849925748104,-17.566677691103315,2.205085655127811,0.2535122089894378,0.2482215051204304,33.5,8.148779101056217,24.32471373449617,1.0370936975648752,ochoa_cinta,,2025_05_08/11_20_56_2/1,single_fish
2025_05_08,11_20_56_2,11_20_56_2,frame_15,0,255,1,1,False,False,True,0.0,False,[],[   -0.40918     0.24409      0.8792],14.62887669548708,-19.67094143591903,2.195534845035782,0.2465035744762265,0.2494837156946606,33.5,8.84964255237735,26.4168434399324,1.0376022695362306,ochoa_cinta,,2025_05_08/11_20_56_2/1,single_fish
2025_05_08,11_20_56_2,11_20_56_2,frame_16,0,255,1,0,False,False,True,2.454945802688598,False,[],,,,,,,33.5,,,,ochoa_cinta,,2025_05_08/11_20_56_2/1,single_fish
2025_05_08,11_20_56_2,11_20_56_2,frame_17,0,255,1,0,False,False,True,2.440190553665161,False,[],,,,,,,33.5,,,,ochoa_cinta,,2025_05_08/11_20_56_2/1,single_fish
2025_05_08,11_20_56_2,11_20_56_2,frame_18,0,255,1,0,False,False,True,2.4645564556121826,False,[],,,,,,,33.5,,,,ochoa_cinta,,2025_05_08/11_20_56_2/1,single_fish
2025_05_08,11_20_56_2,11_20_56_2,frame_19,0,255,1,0,False,False,True,2.5092403888702397,False,[],,,,,,,33.5,,,,ochoa_cinta,,2025_05_08/11_20_56_2/1,single_fish
2025_05_08,11_20_56_2,11_20_56_2,frame_20,0,255,1,0,False,False,True,2.4874379634857178,False,[],,,,,,,33.5,,,,ochoa_cinta,,2025_05_08/11_20_56_2/1,single_fish
2025_05_08,11_20_56_2,11_20_56_2,frame_21,0,255,1,0,True,False,True,2.4993999004364014,False,[],,,,,,,33.5,,,,ochoa_cinta,,2025_05_08/11_20_56_2/1,single_fish
2025_05_08,11_20_56_2,11_20_56_2,frame_22,0,255,1,0,True,False,True,2.45436692237854,False,[],,,,,,,33.5,,,,ochoa_cinta,,2025_05_08/11_20_56_2/1,single_fish
2025_05_08,11_20_56_2,11_20_56_2,frame_23,0,255,1,0,True,False,True,2.377612829208374,False,[],,,,,,,33.5,,,,ochoa_cinta,,2025_05_08/11_20_56_2/1,single_fish
2025_05_08,11_20_56_2,11_20_56_2,frame_24,0,255,1,0,True,False,True,2.2471556663513184,False,[],,,,,,,33.5,,,,ochoa_cinta,,2025_05_08/11_20_56_2/1,single_fish
2025_05_08,11_20_56_2,11_20_56_2,frame_25,0,255,1,0,True,False,True,2.128606081008911,False,[],,,,,,,33.5,,,,ochoa_cinta,,2025_05_08/11_20_56_2/1,single_fish
2025_05_08,11_20_56_2,11_20_56_2,frame_26,0,255,1,0,True,False,True,1.9826433658599851,False,[],,,,,,,33.5,,,,ochoa_cinta,,2025_05_08/11_20_56_2/1,single_fish
2025_05_08,11_20_56_2,11_20_56_2,frame_27,0,255,1,0,True,False,True,1.9038609266281128,False,[],,,,,,,33.5,,,,ochoa_cinta,,2025_05_08/11_20_56_2/1,single_fish
2025_05_08,11_20_56_2,11_20_56_2,frame_28,0,255,1,0,True,False,True,1.805392861366272,False,[],,,,,,,33.5,,,,ochoa_cinta,,2025_05_08/11_20_56_2/1,single_fish
2025_05_08,11_20_56_2,11_20_56_2,frame_29,0,255,1,0,True,False,True,1.6954492330551147,False,[],,,,,,,33.5,,,,ochoa_cinta,,2025_05_08/11_20_56_2/1,single_fish
2025_05_08,11_20_56_2,11_20_56_2,frame_30,0,255,14,0,True,False,True,0.0,False,[],,,,,,,33.5,,,,ochoa_cinta,,2025_05_08/11_20_56_2/14,single_fish
2025_05_08,11_20_56_2,11_20_56_2,frame_30,0,127,1,0,True,False,True,1.6211692094802856,False,[],,,,,,,33.5,,,,ochoa_cinta,,2025_05_08/11_20_56_2/1,single_fish
2025_05_08,11_20_56_2,11_20_56_2,frame_31,0,255,15,0,True,False,True,0.0,False,[],,,,,,,33.5,,,,ochoa_cinta,,2025_05_08/11_20_56_2/15,single_fish
2025_05_08,11_20_56_2,11_20_56_2,frame_31,0,170,14,0,True,False,True,0.0,False,[],,,,,,,33.5,,,,ochoa_cinta,,2025_05_08/11_20_56_2/14,single_fish
2025_05_08,11_20_56_2,11_20_56_2,frame_31,0,85,1,0,True,False,True,1.5486265420913696,False,[],,,,,,,33.5,,,,ochoa_cinta,,2025_05_08/11_20_56_2/1,single_fish
2025_05_08,11_20_56_2,11_20_56_2,frame_32,0,255,1,0,True,False,True,1.4943214654922483,False,[],,,,,,,33.5,,,,ochoa_cinta,,2025_05_08/11_20_56_2/1,single_fish
2025_05_08,11_20_56_2,11_20_56_2,frame_33,0,255,1,0,True,False,True,1.4584589004516602,False,[],,,,,,,33.5,,,,ochoa_cinta,,2025_05_08/11_20_56_2/1,single_fish
2025_05_08,11_20_56_2,11_20_56_2,frame_34,0,255,1,0,True,False,True,1.4091330766677856,False,[],,,,,,,33.5,,,,ochoa_cinta,,2025_05_08/11_20_56_2/1,single_fish
2025_05_08,11_20_56_2,11_20_56_2,frame_35,0,255,1,0,True,False,True,1.3648548126220703,False,[],,,,,,,33.5,,,,ochoa_cinta,,2025_05_08/11_20_56_2/1,single_fish
2025_05_08,11_20_56_2,11_20_56_2,frame_36,0,255,1,0,True,False,True,1.3410333395004272,False,[],,,,,,,33.5,,,,ochoa_cinta,,2025_05_08/11_20_56_2/1,single_fish
2025_05_08,11_20_56_2,11_20_56_2,frame_37,0,255,1,0,True,False,True,0.0,False,[],,,,,,,33.5,,,,ochoa_cinta,,2025_05_08/11_20_56_2/1,single_fish
2025_05_08,11_20_56_2,11_20_56_2,frame_38,0,255,1,0,True,False,True,0.0,False,[],,,,,,,33.5,,,,ochoa_cinta,,2025_05_08/11_20_56_2/1,single_fish
2025_05_08,11_20_56_2,11_20_56_2,frame_39,0,255,1,0,True,False,True,0.0,False,[],,,,,,,33.5,,,,ochoa_cinta,,2025_05_08/11_20_56_2/1,single_fish
2025_05_08,11_20_56_2,11_20_56_2,frame_40,0,255,1,0,True,False,True,0.0,False,[],,,,,,,33.5,,,,ochoa_cinta,,2025_05_08/11_20_56_2/1,single_fish
2025_05_08,11_20_56_2,11_20_56_2,frame_41,0,255,1,0,True,False,True,0.0,False,[],,,,,,,33.5,,,,ochoa_cinta,,2025_05_08/11_20_56_2/1,single_fish
2025_05_08,11_20_56_2,11_20_56_2,frame_42,0,255,1,0,True,False,True,0.0,False,[],,,,,,,33.5,,,,ochoa_cinta,,2025_05_08/11_20_56_2/1,single_fish
2025_05_08,11_20_56_2,11_20_56_2,frame_43,0,255,1,0,True,False,True,0.0,False,[],,,,,,,33.5,,,,ochoa_cinta,,2025_05_08/11_20_56_2/1,single_fish
2025_05_08,11_20_56_2,11_20_56_2,frame_44,0,255,1,0,True,False,True,0.0,False,[],,,,,,,33.5,,,,ochoa_cinta,,2025_05_08/11_20_56_2/1,single_fish
2025_05_08,11_20_56_2,11_20_56_2,frame_45,0,255,1,0,True,False,True,0.0,False,[],,,,,,,33.5,,,,ochoa_cinta,,2025_05_08/11_20_56_2/1,single_fish
2025_05_08,11_20_56_2,11_20_56_2,frame_46,0,255,1,0,True,False,True,0.0,False,[],,,,,,,33.5,,,,ochoa_cinta,,2025_05_08/11_20_56_2/1,single_fish
2025_05_08,11_20_56_2,11_20_56_2,frame_47,0,255,1,0,True,False,True,0.0,False,[],,,,,,,33.5,,,,ochoa_cinta,,2025_05_08/11_20_56_2/1,single_fish
2025_05_08,11_20_56_2,11_20_56_2,frame_48,0,255,1,0,True,False,True,0.0,False,[],,,,,,,33.5,,,,ochoa_cinta,,2025_05_08/11_20_56_2/1,single_fish
2025_05_08,11_20_56_2,11_20_56_2,frame_49,0,255,1,0,True,False,True,0.0,False,[],,,,,,,33.5,,,,ochoa_cinta,,2025_05_08/11_20_56_2/1,single_fish
2025_05_08,11_20_56_2,11_20_56_2,frame_50,0,255,1,0,True,False,True,0.0,False,[],,,,,,,33.5,,,,ochoa_cinta,,2025_05_08/11_20_56_2/1,single_fish
2025_05_08,11_20_56_2,11_20_56_2,frame_51,0,255,1,0,True,False,True,0.0,False,[],,,,,,,33.5,,,,ochoa_cinta,,2025_05_08/11_20_56_2/1,single_fish
2025_05_08,11_20_56_2,11_20_56_2,frame_52,0,255,1,0,True,False,True,0.0,False,[],,,,,,,33.5,,,,ochoa_cinta,,2025_05_08/11_20_56_2/1,single_fish
2025_05_08,11_20_56_2,11_20_56_2,frame_53,0,255,1,0,True,False,True,0.0,False,[],,,,,,,33.5,,,,ochoa_cinta,,2025_05_08/11_20_56_2/1,single_fish
2025_05_08,11_20_56_2,11_20_56_2,frame_54,0,255,1,0,True,False,True,1.1063541173934937,False,[],,,,,,,33.5,,,,ochoa_cinta,,2025_05_08/11_20_56_2/1,single_fish
2025_05_08,11_20_56_2,11_20_56_2,frame_55,0,255,1,0,True,False,True,1.217296123504639,False,[],,,,,,,33.5,,,,ochoa_cinta,,2025_05_08/11_20_56_2/1,single_fish
2025_05_08,11_20_56_2,11_20_56_2,frame_56,0,255,1,0,True,False,True,1.3211435079574585,False,[],,,,,,,33.5,,,,ochoa_cinta,,2025_05_08/11_20_56_2/1,single_fish
2025_05_08,11_20_56_2,11_20_56_2,frame_57,0,255,1,0,True,False,True,1.4252811670303345,False,[],,,,,,,33.5,,,,ochoa_cinta,,2025_05_08/11_20_56_2/1,single_fish
2025_05_08,11_20_56_2,11_20_56_2,frame_58,0,255,1,0,False,False,True,1.4560284614562988,False,[],,,,,,,33.5,,,,ochoa_cinta,,2025_05_08/11_20_56_2/1,single_fish
2025_05_08,11_20_56_2,11_20_56_2,frame_59,0,255,1,0,False,False,True,1.4003849029541016,False,[],,,,,,,33.5,,,,ochoa_cinta,,2025_05_08/11_20_56_2/1,single_fish
2025_05_08,11_20_56_2,11_20_56_2,frame_60,0,255,1,0,False,False,True,1.2898707389831543,False,[],,,,,,,33.5,,,,ochoa_cinta,,2025_05_08/11_20_56_2/1,single_fish
2025_05_08,11_20_56_2,11_20_56_2,frame_61,0,255,1,1,False,False,True,1.173903465270996,False,[],,,,,,,33.5,,,,ochoa_cinta,,2025_05_08/11_20_56_2/1,single_fish
2025_05_08,11_20_56_2,11_20_56_2,frame_62,0,255,1,1,False,False,True,1.0718685388565063,False,[],,,,,,,33.5,,,,ochoa_cinta,,2025_05_08/11_20_56_2/1,single_fish
2025_05_08,11_20_56_2,11_20_56_2,frame_63,0,255,1,1,False,False,True,1.0454963445663452,False,[],,,,,,,33.5,,,,ochoa_cinta,,2025_05_08/11_20_56_2/1,single_fish
2025_05_08,11_20_56_2,11_20_56_2,frame_64,0,255,1,1,False,False,True,1.144133687019348,False,[],,,,,,,33.5,,,,ochoa_cinta,,2025_05_08/11_20_56_2/1,single_fish
2025_05_08,11_20_56_2,11_20_56_2,frame_65,0,255,1,1,False,False,True,1.2320410013198853,False,[],,,,,,,33.5,,,,ochoa_cinta,,2025_05_08/11_20_56_2/1,single_fish
2025_05_08,11_20_56_2,11_20_56_2,frame_66,0,255,1,1,False,False,True,1.2720208168029783,False,[],,,,,,,33.5,,,,ochoa_cinta,,2025_05_08/11_20_56_2/1,single_fish
2025_05_08,11_20_56_2,11_20_56_2,frame_67,0,255,1,1,False,False,True,1.3185261487960815,False,[],,,,,,,33.5,,,,ochoa_cinta,,2025_05_08/11_20_56_2/1,single_fish
2025_05_08,11_20_56_2,11_20_56_2,frame_68,0,255,1,1,False,False,True,1.3704402446746826,False,[],,,,,,,33.5,,,,ochoa_cinta,,2025_05_08/11_20_56_2/1,single_fish
2025_05_08,11_20_56_2,11_20_56_2,frame_69,0,255,1,1,False,False,True,1.5736454725265503,False,[],,,,,,,33.5,,,,ochoa_cinta,,2025_05_08/11_20_56_2/1,single_fish
2025_05_08,11_20_56_2,11_20_56_2,frame_70,0,255,1,1,False,False,True,1.6480752229690552,False,[],,,,,,,33.5,,,,ochoa_cinta,,2025_05_08/11_20_56_2/1,single_fish
2025_05_08,11_20_56_2,11_20_56_2,frame_71,0,255,1,1,False,False,True,1.5189604759216309,False,[],,,,,,,33.5,,,,ochoa_cinta,,2025_05_08/11_20_56_2/1,single_fish
2025_05_08,11_20_56_2,11_20_56_2,frame_72,0,255,1,1,False,False,True,1.37570059299469,False,[],,,,,,,33.5,,,,ochoa_cinta,,2025_05_08/11_20_56_2/1,single_fish
2025_05_08,11_20_56_2,11_20_56_2,frame_73,0,255,1,1,False,False,True,1.2315694093704224,False,[],,,,,,,33.5,,,,ochoa_cinta,,2025_05_08/11_20_56_2/1,single_fish
2025_05_08,11_20_56_2,11_20_56_2,frame_74,0,255,1,1,False,False,True,1.0989302396774292,False,[],,,,,,,33.5,,,,ochoa_cinta,,2025_05_08/11_20_56_2/1,single_fish
2025_05_08,11_20_56_2,11_20_56_2,frame_75,0,255,1,1,False,False,True,1.036216139793396,False,[],,,,,,,33.5,,,,ochoa_cinta,,2025_05_08/11_20_56_2/1,single_fish
2025_05_08,11_20_56_2,11_20_56_2,frame_76,0,255,1,1,False,False,True,1.013313889503479,False,[],,,,,,,33.5,,,,ochoa_cinta,,2025_05_08/11_20_56_2/1,single_fish
2025_05_08,11_20_56_2,11_20_56_2,frame_77,0,255,1,1,False,False,True,1.081865906715393,False,[],,,,,,,33.5,,,,ochoa_cinta,,2025_05_08/11_20_56_2/1,single_fish
2025_05_08,11_20_56_2,11_20_56_2,frame_78,0,255,-1,1,True,False,True,2.4285714626312256,False,[],,,,,,,33.5,,,,ochoa_cinta,,2025_05_08/11_20_56_2/-1,single_fish
2025_05_08,11_20_56_2,11_20_56_2,frame_79,0,255,1,1,False,False,True,1.1518325805664062,False,[],,,,,,,33.5,,,,ochoa_cinta,,2025_05_08/11_20_56_2/1,single_fish
2025_05_08,11_20_56_2,11_20_56_2,frame_80,0,255,-1,1,True,False,True,2.7142856121063232,False,[],,,,,,,33.5,,,,ochoa_cinta,,2025_05_08/11_20_56_2/-1,single_fish
2025_05_08,11_20_56_2,11_20_56_2,frame_83,0,255,1,1,False,False,True,1.4131193161010742,False,[],,,,,,,33.5,,,,ochoa_cinta,,2025_05_08/11_20_56_2/1,single_fish
2025_05_08,11_20_56_2,11_20_56_2,frame_84,0,255,1,1,False,False,True,1.4819626808166504,False,[],,,,,,,33.5,,,,ochoa_cinta,,2025_05_08/11_20_56_2/1,single_fish
2025_05_08,11_20_56_2,11_20_56_2,frame_85,0,255,1,1,False,False,True,1.5700253248214722,False,[],,,,,,,33.5,,,,ochoa_cinta,,2025_05_08/11_20_56_2/1,single_fish
2025_05_08,11_20_56_2,11_20_56_2,frame_86,0,255,1,1,False,False,True,1.6319500207901,False,[],,,,,,,33.5,,,,ochoa_cinta,,2025_05_08/11_20_56_2/1,single_fish
2025_05_08,11_20_56_2,11_20_56_2,frame_87,0,255,1,1,False,False,True,1.6401342153549194,False,[],,,,,,,33.5,,,,ochoa_cinta,,2025_05_08/11_20_56_2/1,single_fish
2025_05_08,11_20_56_2,11_20_56_2,frame_88,0,255,1,1,False,False,True,1.6556193828582764,False,[],,,,,,,33.5,,,,ochoa_cinta,,2025_05_08/11_20_56_2/1,single_fish
2025_05_08,11_20_56_2,11_20_56_2,frame_89,0,255,1,1,False,False,True,1.5893888473510742,False,[],,,,,,,33.5,,,,ochoa_cinta,,2025_05_08/11_20_56_2/1,single_fish
2025_05_08,11_20_56_2,11_20_56_2,frame_90,0,255,1,1,False,False,True,1.5274536609649658,False,[],,,,,,,33.5,,,,ochoa_cinta,,2025_05_08/11_20_56_2/1,single_fish
2025_05_08,11_20_56_2,11_20_56_2,frame_92,0,255,1,1,False,False,True,1.4181557893753052,False,[],,,,,,,33.5,,,,ochoa_cinta,,2025_05_08/11_20_56_2/1,single_fish
2025_05_08,11_20_56_2,11_20_56_2,frame_93,0,255,1,1,False,False,True,1.4717395305633545,False,[],,,,,,,33.5,,,,ochoa_cinta,,2025_05_08/11_20_56_2/1,single_fish
2025_05_08,11_20_56_2,11_20_56_2,frame_94,0,255,1,1,False,False,True,1.4460711479187012,False,[],,,,,,,33.5,,,,ochoa_cinta,,2025_05_08/11_20_56_2/1,single_fish
2025_05_08,11_20_56_2,11_20_56_2,frame_95,0,255,1,1,False,False,True,1.4426093101501465,False,[],,,,,,,33.5,,,,ochoa_cinta,,2025_05_08/11_20_56_2/1,single_fish
2025_05_08,11_20_56_2,11_20_56_2,frame_96,0,255,1,1,False,False,True,1.459287405014038,False,[],,,,,,,33.5,,,,ochoa_cinta,,2025_05_08/11_20_56_2/1,single_fish
2025_05_08,11_20_56_2,11_20_56_2,frame_97,0,255,1,1,False,False,True,1.4206664562225342,False,[],,,,,,,33.5,,,,ochoa_cinta,,2025_05_08/11_20_56_2/1,single_fish
2025_05_08,11_20_56_2,11_20_56_2,frame_98,0,255,1,1,False,False,True,1.3674509525299072,False,[],,,,,,,33.5,,,,ochoa_cinta,,2025_05_08/11_20_56_2/1,single_fish
2025_05_08,11_20_56_2,11_20_56_2,frame_99,0,255,1,1,False,False,True,1.301053166389465,False,[],,,,,,,33.5,,,,ochoa_cinta,,2025_05_08/11_20_56_2/1,single_fish
2025_05_08,11_20_56_2,11_20_56_2,frame_100,0,255,1,1,False,False,True,1.3337308168411257,False,[],,,,,,,33.5,,,,ochoa_cinta,,2025_05_08/11_20_56_2/1,single_fish
2025_05_08,11_20_56_2,11_20_56_2,frame_101,0,255,1,1,False,False,True,1.3455153703689575,False,[],,,,,,,33.5,,,,ochoa_cinta,,2025_05_08/11_20_56_2/1,single_fish
2025_05_08,11_20_56_2,11_20_56_2,frame_102,0,255,1,1,False,False,True,1.3812862634658811,False,[],,,,,,,33.5,,,,ochoa_cinta,,2025_05_08/11_20_56_2/1,single_fish
2025_05_08,11_20_56_2,11_20_56_2,frame_103,0,255,1,1,False,False,True,1.4209532737731934,False,[],,,,,,,33.5,,,,ochoa_cinta,,2025_05_08/11_20_56_2/1,single_fish
2025_05_08,11_20_56_2,11_20_56_2,frame_104,0,255,1,1,False,False,True,1.47158682346344,False,[],,,,,,,33.5,,,,ochoa_cinta,,2025_05_08/11_20_56_2/1,single_fish
2025_05_08,11_20_56_2,11_20_56_2,frame_105,0,255,1,1,False,False,True,1.45340096950531,False,[],,,,,,,33.5,,,,ochoa_cinta,,2025_05_08/11_20_56_2/1,single_fish
2025_05_08,11_20_56_2,11_20_56_2,frame_106,0,255,1,1,False,False,True,1.4529266357421875,False,[],,,,,,,33.5,,,,ochoa_cinta,,2025_05_08/11_20_56_2/1,single_fish
2025_05_08,11_20_56_2,11_20_56_2,frame_107,0,255,1,1,False,False,True,1.4378429651260376,False,[],,,,,,,33.5,,,,ochoa_cinta,,2025_05_08/11_20_56_2/1,single_fish
2025_05_08,11_20_56_2,11_20_56_2,frame_108,0,255,1,1,False,False,True,1.3838582038879397,False,[],,,,,,,33.5,,,,ochoa_cinta,,2025_05_08/11_20_56_2/1,single_fish
2025_05_08,11_20_56_2,11_20_56_2,frame_109,0,255,1,1,False,False,True,1.3393758535385132,False,[],,,,,,,33.5,,,,ochoa_cinta,,2025_05_08/11_20_56_2/1,single_fish
2025_05_08,11_20_56_2,11_20_56_2,frame_110,0,255,1,0,False,False,True,1.3028709888458252,False,[],,,,,,,33.5,,,,ochoa_cinta,,2025_05_08/11_20_56_2/1,single_fish
2025_05_08,11_20_56_2,11_20_56_2,frame_111,0,255,1,0,False,False,True,1.3054929971694946,False,[],,,,,,,33.5,,,,ochoa_cinta,,2025_05_08/11_20_56_2/1,single_fish
2025_05_08,11_20_56_2,11_20_56_2,frame_112,0,255,1,0,False,False,True,1.3093078136444092,False,[],,,,,,,33.5,,,,ochoa_cinta,,2025_05_08/11_20_56_2/1,single_fish
2025_05_08,11_20_56_2,11_20_56_2,frame_113,0,255,1,0,False,False,True,1.317132830619812,False,[],,,,,,,33.5,,,,ochoa_cinta,,2025_05_08/11_20_56_2/1,single_fish
2025_05_08,11_20_56_2,11_20_56_2,frame_114,0,255,1,0,False,False,True,1.3608055114746094,False,[],,,,,,,33.5,,,,ochoa_cinta,,2025_05_08/11_20_56_2/1,single_fish
2025_05_08,11_20_56_2,11_20_56_2,frame_115,0,255,1,0,False,False,True,1.4011874198913574,False,[],,,,,,,33.5,,,,ochoa_cinta,,2025_05_08/11_20_56_2/1,single_fish
2025_05_08,11_20_56_2,11_20_56_2,frame_116,0,255,1,0,False,False,True,1.4392756223678589,False,[],,,,,,,33.5,,,,ochoa_cinta,,2025_05_08/11_20_56_2/1,single_fish
2025_05_08,11_20_56_2,11_20_56_2,frame_117,0,255,1,0,False,False,True,1.456149339675903,False,[],,,,,,,33.5,,,,ochoa_cinta,,2025_05_08/11_20_56_2/1,single_fish
2025_05_08,11_20_56_2,11_20_56_2,frame_118,0,255,1,1,False,False,True,1.4538615942001345,False,[],,,,,,,33.5,,,,ochoa_cinta,,2025_05_08/11_20_56_2/1,single_fish
2025_05_08,11_20_56_2,11_20_56_2,frame_119,0,255,1,1,False,False,True,1.460137963294983,False,[],,,,,,,33.5,,,,ochoa_cinta,,2025_05_08/11_20_56_2/1,single_fish
2025_05_08,11_20_56_2,11_20_56_2,frame_120,0,255,1,1,False,False,True,1.4707759618759155,False,[],,,,,,,33.5,,,,ochoa_cinta,,2025_05_08/11_20_56_2/1,single_fish
2025_05_08,11_20_56_2,11_20_56_2,frame_121,0,255,1,1,False,False,True,1.4860388040542605,False,[],,,,,,,33.5,,,,ochoa_cinta,,2025_05_08/11_20_56_2/1,single_fish
2025_05_08,11_20_56_2,11_20_56_2,frame_122,0,255,1,1,False,False,True,1.4964734315872192,False,[],,,,,,,33.5,,,,ochoa_cinta,,2025_05_08/11_20_56_2/1,single_fish
2025_05_08,11_20_56_2,11_20_56_2,frame_123,0,255,1,1,False,False,True,1.5083608627319336,False,[],,,,,,,33.5,,,,ochoa_cinta,,2025_05_08/11_20_56_2/1,single_fish
2025_05_08,11_20_56_2,11_20_56_2,frame_124,0,255,1,1,False,False,True,1.553319811820984,False,[],,,,,,,33.5,,,,ochoa_cinta,,2025_05_08/11_20_56_2/1,single_fish
2025_05_08,11_20_56_2,11_20_56_2,frame_125,0,255,1,1,False,False,True,1.593238353729248,False,[],,,,,,,33.5,,,,ochoa_cinta,,2025_05_08/11_20_56_2/1,single_fish
2025_05_08,11_20_56_2,11_20_56_2,frame_126,0,255,1,1,False,False,True,1.579145908355713,False,[],,,,,,,33.5,,,,ochoa_cinta,,2025_05_08/11_20_56_2/1,single_fish
2025_05_08,11_20_56_2,11_20_56_2,frame_127,0,255,1,1,False,False,True,1.5477488040924072,False,[],,,,,,,33.5,,,,ochoa_cinta,,2025_05_08/11_20_56_2/1,single_fish
2025_05_08,11_20_56_2,11_20_56_2,frame_128,0,255,1,1,False,False,True,1.55488920211792,False,[],,,,,,,33.5,,,,ochoa_cinta,,2025_05_08/11_20_56_2/1,single_fish
2025_05_08,11_20_56_2,11_20_56_2,frame_129,0,255,1,1,False,False,True,1.506857991218567,False,[],,,,,,,33.5,,,,ochoa_cinta,,2025_05_08/11_20_56_2/1,single_fish
2025_05_08,11_20_56_2,11_20_56_2,frame_130,0,255,1,1,False,False,True,1.5174120664596558,False,[],,,,,,,33.5,,,,ochoa_cinta,,2025_05_08/11_20_56_2/1,single_fish
2025_05_08,11_20_56_2,11_20_56_2,frame_131,0,255,1,1,False,False,True,1.4707634449005127,False,[],,,,,,,33.5,,,,ochoa_cinta,,2025_05_08/11_20_56_2/1,single_fish
2025_05_08,11_20_56_2,11_20_56_2,frame_132,0,255,1,1,False,False,True,1.466547608375549,False,[],,,,,,,33.5,,,,ochoa_cinta,,2025_05_08/11_20_56_2/1,single_fish
2025_05_08,11_20_56_2,11_20_56_2,frame_133,0,255,1,1,False,False,True,1.4631978273391724,False,[],,,,,,,33.5,,,,ochoa_cinta,,2025_05_08/11_20_56_2/1,single_fish
2025_05_08,11_20_56_2,11_20_56_2,frame_134,0,255,1,1,False,False,True,1.4824519157409668,False,[],,,,,,,33.5,,,,ochoa_cinta,,2025_05_08/11_20_56_2/1,single_fish
2025_05_08,11_20_56_2,11_20_56_2,frame_135,0,255,1,1,False,False,True,1.4858059883117676,False,[],,,,,,,33.5,,,,ochoa_cinta,,2025_05_08/11_20_56_2/1,single_fish
2025_05_08,11_20_56_2,11_20_56_2,frame_136,0,255,1,1,False,False,True,1.4758188724517822,False,[],,,,,,,33.5,,,,ochoa_cinta,,2025_05_08/11_20_56_2/1,single_fish
2025_05_08,11_20_56_2,11_20_56_2,frame_137,0,255,1,1,False,False,True,1.4606422185897827,False,[],,,,,,,33.5,,,,ochoa_cinta,,2025_05_08/11_20_56_2/1,single_fish
2025_05_08,11_20_56_2,11_20_56_2,frame_138,0,255,1,1,False,False,True,1.4622361660003662,False,[],,,,,,,33.5,,,,ochoa_cinta,,2025_05_08/11_20_56_2/1,single_fish
2025_05_08,11_20_56_2,11_20_56_2,frame_139,0,255,1,1,False,False,True,1.4638296365737915,False,[],,,,,,,33.5,,,,ochoa_cinta,,2025_05_08/11_20_56_2/1,single_fish
2025_05_08,11_20_56_2,11_20_56_2,frame_140,0,255,1,1,False,False,True,1.4863821268081665,False,[],,,,,,,33.5,,,,ochoa_cinta,,2025_05_08/11_20_56_2/1,single_fish
2025_05_08,11_20_56_2,11_20_56_2,frame_141,0,255,1,1,False,False,True,1.5244784355163574,False,[],,,,,,,33.5,,,,ochoa_cinta,,2025_05_08/11_20_56_2/1,single_fish
2025_05_08,11_20_56_2,11_20_56_2,frame_142,0,255,1,1,False,False,True,1.5063362121582031,False,[],,,,,,,33.5,,,,ochoa_cinta,,2025_05_08/11_20_56_2/1,single_fish
2025_05_08,11_20_56_2,11_20_56_2,frame_143,0,255,1,1,False,False,True,1.4890458583831787,False,[],,,,,,,33.5,,,,ochoa_cinta,,2025_05_08/11_20_56_2/1,single_fish
2025_05_08,11_20_56_1,11_20_56_1,frame_0,0,255,1,1,False,False,True,1.300847411155701,False,[],,,,,,,33.5,,,,ochoa_cinta,,2025_05_08/11_20_56_1/1,single_fish
2025_05_08,11_20_56_1,11_20_56_1,frame_1,0,255,1,1,False,False,True,1.3099453449249268,False,[],,,,,,,33.5,,,,ochoa_cinta,,2025_05_08/11_20_56_1/1,single_fish
2025_05_08,11_20_56_1,11_20_56_1,frame_2,0,255,1,1,False,False,True,1.3073234558105469,False,[],,,,,,,33.5,,,,ochoa_cinta,,2025_05_08/11_20_56_1/1,single_fish
2025_05_08,11_20_56_1,11_20_56_1,frame_3,0,255,1,1,False,False,True,1.3502730131149292,False,[],,,,,,,33.5,,,,ochoa_cinta,,2025_05_08/11_20_56_1/1,single_fish
2025_05_08,11_20_56_1,11_20_56_1,frame_4,0,255,1,1,False,False,True,1.3684029579162598,False,[],,,,,,,33.5,,,,ochoa_cinta,,2025_05_08/11_20_56_1/1,single_fish
2025_05_08,11_20_56_1,11_20_56_1,frame_5,0,255,1,1,False,False,True,1.3848401308059692,False,[],,,,,,,33.5,,,,ochoa_cinta,,2025_05_08/11_20_56_1/1,single_fish
2025_05_08,11_20_56_1,11_20_56_1,frame_6,0,255,1,1,False,False,True,1.380783200263977,False,[],,,,,,,33.5,,,,ochoa_cinta,,2025_05_08/11_20_56_1/1,single_fish
2025_05_08,11_20_56_1,11_20_56_1,frame_7,0,255,1,1,False,False,True,1.381749391555786,False,[],,,,,,,33.5,,,,ochoa_cinta,,2025_05_08/11_20_56_1/1,single_fish
2025_05_08,11_20_56_1,11_20_56_1,frame_8,0,255,1,1,False,False,True,1.3949732780456543,False,[],,,,,,,33.5,,,,ochoa_cinta,,2025_05_08/11_20_56_1/1,single_fish
2025_05_08,11_20_56_1,11_20_56_1,frame_9,0,255,1,1,False,False,True,1.4020947217941284,False,[],,,,,,,33.5,,,,ochoa_cinta,,2025_05_08/11_20_56_1/1,single_fish
2025_05_08,11_20_56_1,11_20_56_1,frame_10,0,255,1,1,False,False,True,1.4092695713043213,False,[],,,,,,,33.5,,,,ochoa_cinta,,2025_05_08/11_20_56_1/1,single_fish
2025_05_08,11_20_56_1,11_20_56_1,frame_11,0,255,1,1,False,False,True,1.4143813848495483,False,[],,,,,,,33.5,,,,ochoa_cinta,,2025_05_08/11_20_56_1/1,single_fish
2025_05_08,11_20_56_1,11_20_56_1,frame_12,0,255,1,1,False,False,True,1.4187182188034058,False,[],,,,,,,33.5,,,,ochoa_cinta,,2025_05_08/11_20_56_1/1,single_fish
2025_05_08,11_20_56_1,11_20_56_1,frame_13,0,255,1,1,False,False,True,1.4228298664093018,False,[],,,,,,,33.5,,,,ochoa_cinta,,2025_05_08/11_20_56_1/1,single_fish
2025_05_08,11_20_56_1,11_20_56_1,frame_14,0,255,1,1,False,False,True,1.4465428590774536,False,[],,,,,,,33.5,,,,ochoa_cinta,,2025_05_08/11_20_56_1/1,single_fish
2025_05_08,11_20_56_1,11_20_56_1,frame_15,0,255,1,1,False,False,True,1.4433081150054932,False,[],,,,,,,33.5,,,,ochoa_cinta,,2025_05_08/11_20_56_1/1,single_fish
2025_05_08,11_20_56_1,11_20_56_1,frame_16,0,255,1,1,False,False,True,1.4254183769226074,False,[],,,,,,,33.5,,,,ochoa_cinta,,2025_05_08/11_20_56_1/1,single_fish
2025_05_08,11_20_56_1,11_20_56_1,frame_17,0,255,1,1,False,False,True,1.408197045326233,False,[],,,,,,,33.5,,,,ochoa_cinta,,2025_05_08/11_20_56_1/1,single_fish
2025_05_08,11_20_56_1,11_20_56_1,frame_18,0,255,1,1,False,False,True,1.373160719871521,False,[],,,,,,,33.5,,,,ochoa_cinta,,2025_05_08/11_20_56_1/1,single_fish
2025_05_08,11_20_56_1,11_20_56_1,frame_19,0,255,1,1,False,False,True,1.337122678756714,False,[],,,,,,,33.5,,,,ochoa_cinta,,2025_05_08/11_20_56_1/1,single_fish
2025_05_08,11_20_56_1,11_20_56_1,frame_20,0,255,1,1,False,False,True,1.2999123334884644,False,[],,,,,,,33.5,,,,ochoa_cinta,,2025_05_08/11_20_56_1/1,single_fish
2025_05_08,11_20_56_1,11_20_56_1,frame_21,0,255,1,1,False,False,True,1.262593150138855,False,[],,,,,,,33.5,,,,ochoa_cinta,,2025_05_08/11_20_56_1/1,single_fish
2025_05_08,11_20_56_1,11_20_56_1,frame_22,0,255,1,1,False,False,True,1.2525323629379272,False,[],,,,,,,33.5,,,,ochoa_cinta,,2025_05_08/11_20_56_1/1,single_fish
2025_05_08,11_20_56_1,11_20_56_1,frame_23,0,255,1,1,False,False,True,1.2395427227020264,False,[],,,,,,,33.5,,,,ochoa_cinta,,2025_05_08/11_20_56_1/1,single_fish
2025_05_08,11_20_56_1,11_20_56_1,frame_24,0,255,1,1,False,False,True,1.2302271127700806,False,[],,,,,,,33.5,,,,ochoa_cinta,,2025_05_08/11_20_56_1/1,single_fish
2025_05_08,11_20_56_1,11_20_56_1,frame_25,0,255,1,1,False,False,True,1.2394407987594604,False,[],,,,,,,33.5,,,,ochoa_cinta,,2025_05_08/11_20_56_1/1,single_fish
2025_05_08,11_20_56_1,11_20_56_1,frame_26,0,255,1,1,False,False,True,1.236223816871643,False,[],,,,,,,33.5,,,,ochoa_cinta,,2025_05_08/11_20_56_1/1,single_fish
2025_05_08,11_20_56_1,11_20_56_1,frame_27,0,255,1,1,False,False,True,1.2265429496765137,False,[],,,,,,,33.5,,,,ochoa_cinta,,2025_05_08/11_20_56_1/1,single_fish
2025_05_08,11_20_56_1,11_20_56_1,frame_28,0,255,1,1,False,False,True,1.225764274597168,False,[],,,,,,,33.5,,,,ochoa_cinta,,2025_05_08/11_20_56_1/1,single_fish
2025_05_08,11_20_56_1,11_20_56_1,frame_29,0,255,1,1,False,False,True,1.2326056957244873,False,[],,,,,,,33.5,,,,ochoa_cinta,,2025_05_08/11_20_56_1/1,single_fish
2025_05_08,11_20_56_1,11_20_56_1,frame_30,0,255,1,1,False,False,True,1.2461689710617063,False,[],,,,,,,33.5,,,,ochoa_cinta,,2025_05_08/11_20_56_1/1,single_fish
2025_05_08,11_20_56_1,11_20_56_1,frame_31,0,255,1,1,False,False,True,1.2311835289001465,False,[],,,,,,,33.5,,,,ochoa_cinta,,2025_05_08/11_20_56_1/1,single_fish
2025_05_08,11_20_56_1,11_20_56_1,frame_32,0,255,1,1,False,False,True,1.249081015586853,False,[],,,,,,,33.5,,,,ochoa_cinta,,2025_05_08/11_20_56_1/1,single_fish
2025_05_08,11_20_56_1,11_20_56_1,frame_33,0,255,1,1,False,False,True,1.267816424369812,False,[],,,,,,,33.5,,,,ochoa_cinta,,2025_05_08/11_20_56_1/1,single_fish
2025_05_08,11_20_56_1,11_20_56_1,frame_34,0,255,1,1,False,False,True,1.2802746295928955,False,[],,,,,,,33.5,,,,ochoa_cinta,,2025_05_08/11_20_56_1/1,single_fish
2025_05_08,11_20_56_1,11_20_56_1,frame_35,0,255,1,1,False,False,True,1.2888963222503662,False,[],,,,,,,33.5,,,,ochoa_cinta,,2025_05_08/11_20_56_1/1,single_fish
2025_05_08,11_20_56_1,11_20_56_1,frame_36,0,255,1,1,False,False,True,1.3070913553237915,False,[],,,,,,,33.5,,,,ochoa_cinta,,2025_05_08/11_20_56_1/1,single_fish
2025_05_08,11_20_56_1,11_20_56_1,frame_37,0,255,1,1,False,False,True,1.3265116214752195,False,[],,,,,,,33.5,,,,ochoa_cinta,,2025_05_08/11_20_56_1/1,single_fish
2025_05_08,11_20_56_1,11_20_56_1,frame_38,0,255,1,1,False,False,True,1.354269027709961,False,[],,,,,,,33.5,,,,ochoa_cinta,,2025_05_08/11_20_56_1/1,single_fish
2025_05_08,11_20_56_1,11_20_56_1,frame_39,0,255,1,1,False,False,True,1.3644133806228638,False,[],,,,,,,33.5,,,,ochoa_cinta,,2025_05_08/11_20_56_1/1,single_fish
2025_05_08,11_20_56_1,11_20_56_1,frame_40,0,255,1,1,False,False,True,1.3578360080718994,False,[],,,,,,,33.5,,,,ochoa_cinta,,2025_05_08/11_20_56_1/1,single_fish
2025_05_08,11_20_56_1,11_20_56_1,frame_41,0,255,1,1,False,False,True,1.394775152206421,False,[],,,,,,,33.5,,,,ochoa_cinta,,2025_05_08/11_20_56_1/1,single_fish
2025_05_08,11_20_56_1,11_20_56_1,frame_42,0,255,1,1,False,False,True,1.4306352138519287,False,[],,,,,,,33.5,,,,ochoa_cinta,,2025_05_08/11_20_56_1/1,single_fish
2025_05_08,11_20_56_1,11_20_56_1,frame_43,0,255,1,1,False,False,True,1.4473717212677002,False,[],,,,,,,33.5,,,,ochoa_cinta,,2025_05_08/11_20_56_1/1,single_fish
2025_05_08,11_20_56_1,11_20_56_1,frame_44,0,255,1,1,False,False,True,1.4524691104888916,False,[],,,,,,,33.5,,,,ochoa_cinta,,2025_05_08/11_20_56_1/1,single_fish
2025_05_08,11_20_56_1,11_20_56_1,frame_45,0,255,1,1,False,False,True,1.4539602994918823,False,[],,,,,,,33.5,,,,ochoa_cinta,,2025_05_08/11_20_56_1/1,single_fish
2025_05_08,11_20_56_1,11_20_56_1,frame_46,0,255,1,1,False,False,True,1.4731383323669434,False,[],,,,,,,33.5,,,,ochoa_cinta,,2025_05_08/11_20_56_1/1,single_fish
2025_05_08,11_20_56_1,11_20_56_1,frame_47,0,255,1,1,False,False,True,1.4912549257278442,False,[],,,,,,,33.5,,,,ochoa_cinta,,2025_05_08/11_20_56_1/1,single_fish
2025_05_08,11_20_56_1,11_20_56_1,frame_48,0,255,1,1,False,False,True,1.485281467437744,False,[],,,,,,,33.5,,,,ochoa_cinta,,2025_05_08/11_20_56_1/1,single_fish
2025_05_08,11_20_56_1,11_20_56_1,frame_49,0,255,1,1,False,False,True,1.5278171300888062,False,[],,,,,,,33.5,,,,ochoa_cinta,,2025_05_08/11_20_56_1/1,single_fish
2025_05_08,11_20_56_1,11_20_56_1,frame_50,0,255,1,1,False,False,True,1.514280080795288,False,[],,,,,,,33.5,,,,ochoa_cinta,,2025_05_08/11_20_56_1/1,single_fish
2025_05_08,11_20_56_1,11_20_56_1,frame_51,0,255,1,1,False,False,True,1.5453786849975586,False,[],,,,,,,33.5,,,,ochoa_cinta,,2025_05_08/11_20_56_1/1,single_fish
2025_05_08,11_20_56_1,11_20_56_1,frame_52,0,255,1,1,False,False,True,1.5769860744476318,False,[],,,,,,,33.5,,,,ochoa_cinta,,2025_05_08/11_20_56_1/1,single_fish
2025_05_08,11_20_56_1,11_20_56_1,frame_53,0,255,1,1,False,False,True,1.5668091773986816,False,[],,,,,,,33.5,,,,ochoa_cinta,,2025_05_08/11_20_56_1/1,single_fish
2025_05_08,11_20_56_1,11_20_56_1,frame_54,0,255,1,1,False,False,True,1.5331875085830688,False,[],,,,,,,33.5,,,,ochoa_cinta,,2025_05_08/11_20_56_1/1,single_fish
2025_05_08,11_20_56_1,11_20_56_1,frame_55,0,255,1,1,False,False,True,1.508411884307861,False,[],,,,,,,33.5,,,,ochoa_cinta,,2025_05_08/11_20_56_1/1,single_fish
2025_05_08,11_20_56_1,11_20_56_1,frame_56,0,255,1,1,False,False,True,1.4800493717193604,False,[],,,,,,,33.5,,,,ochoa_cinta,,2025_05_08/11_20_56_1/1,single_fish
2025_05_08,11_20_56_1,11_20_56_1,frame_57,0,255,1,1,False,False,True,1.4427613019943235,False,[],,,,,,,33.5,,,,ochoa_cinta,,2025_05_08/11_20_56_1/1,single_fish
2025_05_08,11_20_56_1,11_20_56_1,frame_58,0,255,1,1,False,False,True,1.4229516983032229,False,[],,,,,,,33.5,,,,ochoa_cinta,,2025_05_08/11_20_56_1/1,single_fish
2025_05_08,11_20_56_1,11_20_56_1,frame_59,0,255,1,1,False,False,True,1.4315693378448486,False,[],,,,,,,33.5,,,,ochoa_cinta,,2025_05_08/11_20_56_1/1,single_fish
2025_05_08,11_20_56_1,11_20_56_1,frame_60,0,255,1,1,False,False,True,1.4493257999420166,False,[],,,,,,,33.5,,,,ochoa_cinta,,2025_05_08/11_20_56_1/1,single_fish
2025_05_08,11_20_56_1,11_20_56_1,frame_61,0,255,1,1,False,False,True,1.4604833126068115,False,[],,,,,,,33.5,,,,ochoa_cinta,,2025_05_08/11_20_56_1/1,single_fish
2025_05_08,11_20_56_1,11_20_56_1,frame_62,0,255,1,1,False,False,True,1.490012288093567,False,[],,,,,,,33.5,,,,ochoa_cinta,,2025_05_08/11_20_56_1/1,single_fish
2025_05_08,11_20_56_1,11_20_56_1,frame_63,0,255,1,1,False,False,True,1.490134596824646,False,[],,,,,,,33.5,,,,ochoa_cinta,,2025_05_08/11_20_56_1/1,single_fish
2025_05_08,11_20_56_1,11_20_56_1,frame_64,0,255,1,1,False,False,True,1.5191659927368164,False,[],,,,,,,33.5,,,,ochoa_cinta,,2025_05_08/11_20_56_1/1,single_fish
2025_05_08,11_20_56_1,11_20_56_1,frame_65,0,255,1,1,False,False,True,1.5442144870758057,False,[],,,,,,,33.5,,,,ochoa_cinta,,2025_05_08/11_20_56_1/1,single_fish
2025_05_08,11_20_56_1,11_20_56_1,frame_66,0,255,1,1,False,False,True,1.555636286735535,False,[],,,,,,,33.5,,,,ochoa_cinta,,2025_05_08/11_20_56_1/1,single_fish
2025_05_08,11_20_56_1,11_20_56_1,frame_67,0,255,1,1,False,False,True,1.562814474105835,False,[],,,,,,,33.5,,,,ochoa_cinta,,2025_05_08/11_20_56_1/1,single_fish
2025_05_08,11_20_56_1,11_20_56_1,frame_68,0,255,1,1,False,False,True,1.5730483531951904,False,[],,,,,,,33.5,,,,ochoa_cinta,,2025_05_08/11_20_56_1/1,single_fish
2025_05_08,11_20_56_1,11_20_56_1,frame_69,0,255,1,1,False,False,True,1.5569329261779783,False,[],,,,,,,33.5,,,,ochoa_cinta,,2025_05_08/11_20_56_1/1,single_fish
2025_05_08,11_20_56_1,11_20_56_1,frame_70,0,255,1,1,False,False,True,1.593425989151001,False,[],,,,,,,33.5,,,,ochoa_cinta,,2025_05_08/11_20_56_1/1,single_fish
2025_05_08,11_20_56_1,11_20_56_1,frame_71,0,255,1,1,False,False,True,1.6135424375534058,False,[],,,,,,,33.5,,,,ochoa_cinta,,2025_05_08/11_20_56_1/1,single_fish
2025_05_08,11_20_56_1,11_20_56_1,frame_72,0,255,1,1,False,False,True,1.6294828653335571,False,[],,,,,,,33.5,,,,ochoa_cinta,,2025_05_08/11_20_56_1/1,single_fish
2025_05_08,11_20_56_1,11_20_56_1,frame_73,0,255,1,1,False,False,True,1.6366695165634155,False,[],,,,,,,33.5,,,,ochoa_cinta,,2025_05_08/11_20_56_1/1,single_fish
2025_05_08,11_20_56_1,11_20_56_1,frame_74,0,255,1,1,False,False,True,1.6556459665298462,False,[],,,,,,,33.5,,,,ochoa_cinta,,2025_05_08/11_20_56_1/1,single_fish
2025_05_08,11_20_56_1,11_20_56_1,frame_75,0,255,1,1,False,False,True,1.6813124418258667,False,[],,,,,,,33.5,,,,ochoa_cinta,,2025_05_08/11_20_56_1/1,single_fish
2025_05_08,11_20_56_1,11_20_56_1,frame_76,0,255,1,1,False,False,True,1.7028566598892212,False,[],,,,,,,33.5,,,,ochoa_cinta,,2025_05_08/11_20_56_1/1,single_fish
2025_05_08,11_20_56_1,11_20_56_1,frame_77,0,255,1,1,False,False,True,1.7476853132247925,False,[],,,,,,,33.5,,,,ochoa_cinta,,2025_05_08/11_20_56_1/1,single_fish
2025_05_08,11_20_56_1,11_20_56_1,frame_78,0,255,1,1,False,False,True,1.776176929473877,False,[],,,,,,,33.5,,,,ochoa_cinta,,2025_05_08/11_20_56_1/1,single_fish
2025_05_08,11_20_56_1,11_20_56_1,frame_79,0,255,1,1,False,False,True,1.7940956354141235,False,[],,,,,,,33.5,,,,ochoa_cinta,,2025_05_08/11_20_56_1/1,single_fish
2025_05_08,11_20_56_1,11_20_56_1,frame_80,0,255,1,1,False,False,True,1.765622854232788,False,[],,,,,,,33.5,,,,ochoa_cinta,,2025_05_08/11_20_56_1/1,single_fish
2025_05_08,11_20_56_1,11_20_56_1,frame_81,0,255,1,1,False,False,True,1.7489802837371826,False,[],,,,,,,33.5,,,,ochoa_cinta,,2025_05_08/11_20_56_1/1,single_fish
2025_05_08,11_20_56_1,11_20_56_1,frame_82,0,255,1,1,False,False,True,1.7148205041885376,False,[],,,,,,,33.5,,,,ochoa_cinta,,2025_05_08/11_20_56_1/1,single_fish
2025_05_08,11_20_56_1,11_20_56_1,frame_83,0,255,1,1,False,False,True,1.6438194513320925,False,[],,,,,,,33.5,,,,ochoa_cinta,,2025_05_08/11_20_56_1/1,single_fish
2025_05_08,11_20_56_1,11_20_56_1,frame_84,0,255,1,1,False,False,True,1.5831899642944336,False,[],,,,,,,33.5,,,,ochoa_cinta,,2025_05_08/11_20_56_1/1,single_fish
2025_05_08,11_20_56_1,11_20_56_1,frame_85,0,255,1,1,False,False,True,1.522580623626709,False,[],,,,,,,33.5,,,,ochoa_cinta,,2025_05_08/11_20_56_1/1,single_fish
2025_05_08,11_20_56_1,11_20_56_1,frame_86,0,255,1,1,False,False,True,1.4489115476608276,False,[],,,,,,,33.5,,,,ochoa_cinta,,2025_05_08/11_20_56_1/1,single_fish
2025_05_08,11_20_56_1,11_20_56_1,frame_87,0,255,1,1,False,False,True,1.405887007713318,False,[],,,,,,,33.5,,,,ochoa_cinta,,2025_05_08/11_20_56_1/1,single_fish
2025_05_08,11_20_56_1,11_20_56_1,frame_88,0,255,1,1,False,False,True,1.3725165128707886,False,[],,,,,,,33.5,,,,ochoa_cinta,,2025_05_08/11_20_56_1/1,single_fish
2025_05_08,11_20_56_1,11_20_56_1,frame_89,0,255,1,1,False,False,True,1.360397219657898,False,[],,,,,,,33.5,,,,ochoa_cinta,,2025_05_08/11_20_56_1/1,single_fish
2025_05_08,11_20_56_1,11_20_56_1,frame_90,0,255,1,1,False,False,True,1.3033804893493652,False,[],,,,,,,33.5,,,,ochoa_cinta,,2025_05_08/11_20_56_1/1,single_fish
2025_05_08,11_20_56_1,11_20_56_1,frame_91,0,255,1,1,False,False,True,1.2908532619476318,False,[],,,,,,,33.5,,,,ochoa_cinta,,2025_05_08/11_20_56_1/1,single_fish
2025_05_08,11_20_56_1,11_20_56_1,frame_92,0,255,1,1,False,False,True,1.2667641639709473,False,[],,,,,,,33.5,,,,ochoa_cinta,,2025_05_08/11_20_56_1/1,single_fish
2025_05_08,11_20_56_1,11_20_56_1,frame_93,0,255,1,1,False,False,True,1.2461159229278564,False,[],,,,,,,33.5,,,,ochoa_cinta,,2025_05_08/11_20_56_1/1,single_fish
2025_05_08,11_20_56_1,11_20_56_1,frame_94,0,255,1,1,False,False,True,1.2354480028152466,False,[],,,,,,,33.5,,,,ochoa_cinta,,2025_05_08/11_20_56_1/1,single_fish
2025_05_08,11_20_56_1,11_20_56_1,frame_95,0,255,1,1,False,False,True,1.214110255241394,False,[],,,,,,,33.5,,,,ochoa_cinta,,2025_05_08/11_20_56_1/1,single_fish
2025_05_08,11_20_56_1,11_20_56_1,frame_96,0,255,1,1,False,False,True,1.1956790685653689,False,[],,,,,,,33.5,,,,ochoa_cinta,,2025_05_08/11_20_56_1/1,single_fish
2025_05_08,11_20_56_1,11_20_56_1,frame_97,0,255,1,1,False,False,True,1.189585566520691,False,[],,,,,,,33.5,,,,ochoa_cinta,,2025_05_08/11_20_56_1/1,single_fish
2025_05_08,11_20_56_1,11_20_56_1,frame_98,0,255,1,1,False,False,True,1.1789634227752686,False,[],,,,,,,33.5,,,,ochoa_cinta,,2025_05_08/11_20_56_1/1,single_fish
2025_05_08,11_20_56_1,11_20_56_1,frame_99,0,255,1,1,False,False,True,1.15371572971344,False,[],,,,,,,33.5,,,,ochoa_cinta,,2025_05_08/11_20_56_1/1,single_fish
2025_05_08,11_20_56_1,11_20_56_1,frame_100,0,255,1,1,False,False,True,1.108971357345581,False,[],,,,,,,33.5,,,,ochoa_cinta,,2025_05_08/11_20_56_1/1,single_fish
2025_05_08,11_20_56_1,11_20_56_1,frame_101,0,255,1,1,False,False,True,1.050430178642273,False,[],,,,,,,33.5,,,,ochoa_cinta,,2025_05_08/11_20_56_1/1,single_fish
2025_05_08,11_20_56_1,11_20_56_1,frame_102,0,255,1,1,False,False,True,1.0049892663955688,False,[],,,,,,,33.5,,,,ochoa_cinta,,2025_05_08/11_20_56_1/1,single_fish
2025_05_08,11_20_56_1,11_20_56_1,frame_103,0,255,1,1,False,False,True,1.0640537738800049,False,[],,,,,,,33.5,,,,ochoa_cinta,,2025_05_08/11_20_56_1/1,single_fish
2025_05_08,11_20_56_1,11_20_56_1,frame_104,0,255,1,1,False,False,True,1.130947232246399,False,[],,,,,,,33.5,,,,ochoa_cinta,,2025_05_08/11_20_56_1/1,single_fish
2025_05_08,11_20_56_1,11_20_56_1,frame_105,0,255,1,1,False,False,True,1.1822242736816406,False,[],,,,,,,33.5,,,,ochoa_cinta,,2025_05_08/11_20_56_1/1,single_fish
2025_05_08,11_20_56_1,11_20_56_1,frame_106,0,255,1,1,False,False,True,1.239777445793152,False,[],,,,,,,33.5,,,,ochoa_cinta,,2025_05_08/11_20_56_1/1,single_fish
2025_05_08,11_20_56_1,11_20_56_1,frame_107,0,255,1,1,False,False,True,1.3071918487548828,False,[],,,,,,,33.5,,,,ochoa_cinta,,2025_05_08/11_20_56_1/1,single_fish
2025_05_08,11_20_56_1,11_20_56_1,frame_108,0,255,1,1,False,False,True,1.3940417766571045,False,[],,,,,,,33.5,,,,ochoa_cinta,,2025_05_08/11_20_56_1/1,single_fish
2025_05_08,11_20_56_1,11_20_56_1,frame_109,0,255,1,1,False,False,True,1.4747782945632937,False,[],,,,,,,33.5,,,,ochoa_cinta,,2025_05_08/11_20_56_1/1,single_fish
2025_05_08,11_20_56_1,11_20_56_1,frame_110,0,255,1,1,False,False,True,1.5399510860443115,False,[],,,,,,,33.5,,,,ochoa_cinta,,2025_05_08/11_20_56_1/1,single_fish
2025_05_08,11_20_56_1,11_20_56_1,frame_111,0,255,1,1,False,False,True,1.584770441055298,False,[],,,,,,,33.5,,,,ochoa_cinta,,2025_05_08/11_20_56_1/1,single_fish
2025_05_08,11_20_56_1,11_20_56_1,frame_112,0,255,1,1,False,False,True,1.622143030166626,False,[],,,,,,,33.5,,,,ochoa_cinta,,2025_05_08/11_20_56_1/1,single_fish
2025_05_08,11_20_56_1,11_20_56_1,frame_113,0,255,1,1,True,False,True,1.6173039674758911,False,[],,,,,,,33.5,,,,ochoa_cinta,,2025_05_08/11_20_56_1/1,single_fish
2025_05_08,11_20_56_1,11_20_56_1,frame_114,0,255,1,1,True,False,True,1.6666969060897827,False,[],,,,,,,33.5,,,,ochoa_cinta,,2025_05_08/11_20_56_1/1,single_fish
2025_05_08,11_20_56_1,11_20_56_1,frame_115,0,255,1,1,True,False,True,1.7900612354278564,False,[],,,,,,,33.5,,,,ochoa_cinta,,2025_05_08/11_20_56_1/1,single_fish
2025_05_08,11_20_56_1,11_20_56_1,frame_116,0,255,1,1,True,False,True,1.9664156436920168,False,[],,,,,,,33.5,,,,ochoa_cinta,,2025_05_08/11_20_56_1/1,single_fish
2025_05_08,11_20_56_1,11_20_56_1,frame_117,0,255,1,1,True,False,True,2.105369806289673,False,[],,,,,,,33.5,,,,ochoa_cinta,,2025_05_08/11_20_56_1/1,single_fish
2025_05_08,11_20_56_1,11_20_56_1,frame_118,0,255,1,1,True,False,True,2.0294606685638428,False,[],,,,,,,33.5,,,,ochoa_cinta,,2025_05_08/11_20_56_1/1,single_fish
2025_05_08,11_20_56_1,11_20_56_1,frame_119,0,255,1,1,True,False,True,1.960126280784607,False,[],,,,,,,33.5,,,,ochoa_cinta,,2025_05_08/11_20_56_1/1,single_fish
2025_05_08,11_20_56_1,11_20_56_1,frame_120,0,255,1,1,True,False,True,1.837665557861328,False,[],,,,,,,33.5,,,,ochoa_cinta,,2025_05_08/11_20_56_1/1,single_fish
2025_05_08,11_20_56_1,11_20_56_1,frame_121,0,255,1,1,False,False,True,1.779539942741394,False,[],,,,,,,33.5,,,,ochoa_cinta,,2025_05_08/11_20_56_1/1,single_fish
2025_05_08,11_20_56_1,11_20_56_1,frame_122,0,255,1,1,False,False,True,1.7812381982803345,False,[],,,,,,,33.5,,,,ochoa_cinta,,2025_05_08/11_20_56_1/1,single_fish
2025_05_08,11_20_56_1,11_20_56_1,frame_123,0,255,1,1,True,False,True,1.8077988624572756,False,[],,,,,,,33.5,,,,ochoa_cinta,,2025_05_08/11_20_56_1/1,single_fish
2025_05_08,11_20_56_1,11_20_56_1,frame_124,0,255,1,1,True,False,True,1.8930790424346924,False,[],,,,,,,33.5,,,,ochoa_cinta,,2025_05_08/11_20_56_1/1,single_fish
2025_05_08,11_20_56_1,11_20_56_1,frame_125,0,255,1,1,True,False,True,2.082694292068481,False,[],,,,,,,33.5,,,,ochoa_cinta,,2025_05_08/11_20_56_1/1,single_fish
2025_05_08,11_20_56_1,11_20_56_1,frame_126,0,255,1,1,True,False,True,2.3808484077453613,False,[],,,,,,,33.5,,,,ochoa_cinta,,2025_05_08/11_20_56_1/1,single_fish
2025_05_08,11_20_56_1,11_20_56_1,frame_127,0,255,1,1,True,False,True,2.9340932369232178,False,[],,,,,,,33.5,,,,ochoa_cinta,,2025_05_08/11_20_56_1/1,single_fish
2025_05_08,11_20_56_1,11_20_56_1,frame_128,0,255,1,1,True,False,True,3.37097716331482,False,[],,,,,,,33.5,,,,ochoa_cinta,,2025_05_08/11_20_56_1/1,single_fish
2025_05_08,11_20_56_1,11_20_56_1,frame_129,0,255,1,1,True,False,True,3.6299915313720703,False,[],,,,,,,33.5,,,,ochoa_cinta,,2025_05_08/11_20_56_1/1,single_fish
2025_05_08,11_20_56_1,11_20_56_1,frame_130,0,255,1,1,True,False,True,3.6368870735168457,False,[],,,,,,,33.5,,,,ochoa_cinta,,2025_05_08/11_20_56_1/1,single_fish
2025_05_08,11_20_56_1,11_20_56_1,frame_131,0,255,1,1,True,False,True,3.72308349609375,False,[],,,,,,,33.5,,,,ochoa_cinta,,2025_05_08/11_20_56_1/1,single_fish
2025_05_08,11_20_56_1,11_20_56_1,frame_132,0,255,1,1,True,False,True,3.857587575912476,False,[],,,,,,,33.5,,,,ochoa_cinta,,2025_05_08/11_20_56_1/1,single_fish
2025_05_08,11_20_56_1,11_20_56_1,frame_133,0,255,1,1,True,False,True,3.8367838859558105,False,[],,,,,,,33.5,,,,ochoa_cinta,,2025_05_08/11_20_56_1/1,single_fish
2025_05_08,11_20_56_1,11_20_56_1,frame_134,0,255,1,1,True,False,True,3.6602065563201904,False,[],,,,,,,33.5,,,,ochoa_cinta,,2025_05_08/11_20_56_1/1,single_fish
2025_05_08,11_20_56_1,11_20_56_1,frame_135,0,255,1,1,True,False,True,3.588613986968994,False,[],,,,,,,33.5,,,,ochoa_cinta,,2025_05_08/11_20_56_1/1,single_fish
2025_05_08,11_20_56_1,11_20_56_1,frame_136,0,255,1,1,True,False,True,3.5208048820495605,False,[],,,,,,,33.5,,,,ochoa_cinta,,2025_05_08/11_20_56_1/1,single_fish
2025_05_08,11_20_56_1,11_20_56_1,frame_137,0,255,1,1,True,False,True,3.534554243087769,False,[],,,,,,,33.5,,,,ochoa_cinta,,2025_05_08/11_20_56_1/1,single_fish
2025_05_08,11_20_56_1,11_20_56_1,frame_139,0,255,1,1,True,False,True,3.734031200408936,False,[],,,,,,,33.5,,,,ochoa_cinta,,2025_05_08/11_20_56_1/1,single_fish
2025_05_08,11_20_56_1,11_20_56_1,frame_140,0,255,1,1,True,False,True,3.68271279335022,False,[],,,,,,,33.5,,,,ochoa_cinta,,2025_05_08/11_20_56_1/1,single_fish
2025_05_08,11_20_56_1,11_20_56_1,frame_141,0,255,1,1,True,False,True,3.8725266456604,False,[],,,,,,,33.5,,,,ochoa_cinta,,2025_05_08/11_20_56_1/1,single_fish
2025_05_08,11_20_56_1,11_20_56_1,frame_142,0,255,1,1,True,False,True,4.039586067199707,False,[],,,,,,,33.5,,,,ochoa_cinta,,2025_05_08/11_20_56_1/1,single_fish
2025_05_08,11_20_56_1,11_20_56_1,frame_143,0,255,1,1,True,False,True,3.888593435287476,False,[],,,,,,,33.5,,,,ochoa_cinta,,2025_05_08/11_20_56_1/1,single_fish
2025_05_08,11_20_56_1,11_20_56_1,frame_144,0,255,1,1,True,False,True,3.945610284805298,False,[],,,,,,,33.5,,,,ochoa_cinta,,2025_05_08/11_20_56_1/1,single_fish
2025_05_08,11_20_56_1,11_20_56_1,frame_145,0,255,1,1,True,False,True,3.742098331451416,False,[],,,,,,,33.5,,,,ochoa_cinta,,2025_05_08/11_20_56_1/1,single_fish
2025_05_08,11_20_56_1,11_20_56_1,frame_146,0,255,1,1,True,False,True,3.573251485824585,False,[],,,,,,,33.5,,,,ochoa_cinta,,2025_05_08/11_20_56_1/1,single_fish
2025_05_08,11_20_56_1,11_20_56_1,frame_147,0,255,1,1,True,False,True,3.471508026123047,False,[],,,,,,,33.5,,,,ochoa_cinta,,2025_05_08/11_20_56_1/1,single_fish
2025_05_08,11_20_56_1,11_20_56_1,frame_148,0,255,1,1,True,False,True,3.405675411224365,False,[],,,,,,,33.5,,,,ochoa_cinta,,2025_05_08/11_20_56_1/1,single_fish
2025_05_08,11_20_56_1,11_20_56_1,frame_149,0,255,1,1,True,False,True,3.285651683807373,False,[],,,,,,,33.5,,,,ochoa_cinta,,2025_05_08/11_20_56_1/1,single_fish
2025_05_08,11_20_56_1,11_20_56_1,frame_150,0,255,1,1,True,False,True,3.2450854778289795,False,[],,,,,,,33.5,,,,ochoa_cinta,,2025_05_08/11_20_56_1/1,single_fish
2025_05_08,11_20_56_1,11_20_56_1,frame_151,0,255,1,1,True,False,True,3.231827974319458,False,[],,,,,,,33.5,,,,ochoa_cinta,,2025_05_08/11_20_56_1/1,single_fish
2025_05_08,11_20_56_1,11_20_56_1,frame_152,0,255,1,1,True,False,True,3.2756617069244385,False,[],,,,,,,33.5,,,,ochoa_cinta,,2025_05_08/11_20_56_1/1,single_fish
2025_05_08,11_20_56_1,11_20_56_1,frame_153,0,255,1,1,True,False,True,3.314122438430786,False,[],,,,,,,33.5,,,,ochoa_cinta,,2025_05_08/11_20_56_1/1,single_fish
2025_05_08,11_20_56_1,11_20_56_1,frame_154,0,255,1,1,True,False,True,3.2411346435546875,False,[],,,,,,,33.5,,,,ochoa_cinta,,2025_05_08/11_20_56_1/1,single_fish
2025_05_08,11_20_56_1,11_20_56_1,frame_155,0,255,1,1,True,False,True,3.239236354827881,False,[],,,,,,,33.5,,,,ochoa_cinta,,2025_05_08/11_20_56_1/1,single_fish
2025_05_08,11_20_56_1,11_20_56_1,frame_156,0,255,1,1,True,False,True,3.253047466278076,False,[],,,,,,,33.5,,,,ochoa_cinta,,2025_05_08/11_20_56_1/1,single_fish
2025_05_08,11_20_56_1,11_20_56_1,frame_157,0,255,1,1,True,False,True,3.2345917224884038,False,[],,,,,,,33.5,,,,ochoa_cinta,,2025_05_08/11_20_56_1/1,single_fish
2025_05_08,11_20_56_1,11_20_56_1,frame_158,0,255,1,1,True,False,True,3.2503159046173096,False,[],,,,,,,33.5,,,,ochoa_cinta,,2025_05_08/11_20_56_1/1,single_fish
2025_05_08,11_20_56_1,11_20_56_1,frame_159,0,255,1,1,True,False,True,3.273542881011963,False,[],,,,,,,33.5,,,,ochoa_cinta,,2025_05_08/11_20_56_1/1,single_fish
2025_05_08,11_20_56_1,11_20_56_1,frame_160,0,255,1,1,True,False,True,3.165440320968628,False,[],,,,,,,33.5,,,,ochoa_cinta,,2025_05_08/11_20_56_1/1,single_fish
2025_05_08,11_20_56_1,11_20_56_1,frame_161,0,255,1,1,True,False,True,2.944321155548096,False,[],,,,,,,33.5,,,,ochoa_cinta,,2025_05_08/11_20_56_1/1,single_fish
2025_05_08,11_20_56_1,11_20_56_1,frame_162,0,255,1,1,True,False,True,2.427523612976074,False,[],,,,,,,33.5,,,,ochoa_cinta,,2025_05_08/11_20_56_1/1,single_fish
2025_05_08,11_20_56_1,11_20_56_1,frame_163,0,255,1,1,True,False,True,2.184406280517578,False,[],,,,,,,33.5,,,,ochoa_cinta,,2025_05_08/11_20_56_1/1,single_fish
2025_05_08,11_20_56_1,11_20_56_1,frame_164,0,255,1,1,True,False,True,2.0259504318237305,False,[],,,,,,,33.5,,,,ochoa_cinta,,2025_05_08/11_20_56_1/1,single_fish
2025_05_08,11_20_56_1,11_20_56_1,frame_165,0,255,1,1,True,False,True,1.9614956378936768,False,[],,,,,,,33.5,,,,ochoa_cinta,,2025_05_08/11_20_56_1/1,single_fish
2025_05_08,11_20_56_1,11_20_56_1,frame_166,0,255,1,1,True,False,True,1.963588833808899,False,[],,,,,,,33.5,,,,ochoa_cinta,,2025_05_08/11_20_56_1/1,single_fish
2025_05_08,11_20_56_1,11_20_56_1,frame_167,0,255,1,1,True,False,True,1.800050139427185,False,[],,,,,,,33.5,,,,ochoa_cinta,,2025_05_08/11_20_56_1/1,single_fish
2025_05_08,11_20_56_1,11_20_56_1,frame_168,0,255,1,1,False,False,True,1.593514323234558,False,[],,,,,,,33.5,,,,ochoa_cinta,,2025_05_08/11_20_56_1/1,single_fish
2025_05_08,11_20_56_1,11_20_56_1,frame_169,0,255,1,1,False,False,True,1.434790849685669,False,[],,,,,,,33.5,,,,ochoa_cinta,,2025_05_08/11_20_56_1/1,single_fish
2025_05_08,11_20_56_1,11_20_56_1,frame_170,0,255,1,1,False,False,True,1.303044080734253,False,[],,,,,,,33.5,,,,ochoa_cinta,,2025_05_08/11_20_56_1/1,single_fish
2025_05_08,11_20_56_1,11_20_56_1,frame_171,0,255,1,1,False,False,True,1.2514158487319946,False,[],,,,,,,33.5,,,,ochoa_cinta,,2025_05_08/11_20_56_1/1,single_fish
2025_05_08,11_20_56_1,11_20_56_1,frame_172,0,255,1,1,False,False,True,1.3324401378631592,False,[],,,,,,,33.5,,,,ochoa_cinta,,2025_05_08/11_20_56_1/1,single_fish
2025_05_08,11_20_56_1,11_20_56_1,frame_173,0,255,1,1,False,False,True,1.430614948272705,False,[],,,,,,,33.5,,,,ochoa_cinta,,2025_05_08/11_20_56_1/1,single_fish
2025_05_08,11_20_56_1,11_20_56_1,frame_174,0,255,1,1,False,False,True,1.5373494625091553,False,[],,,,,,,33.5,,,,ochoa_cinta,,2025_05_08/11_20_56_1/1,single_fish
2025_05_08,11_20_56_1,11_20_56_1,frame_175,0,255,1,1,False,False,True,1.5716779232025146,False,[],,,,,,,33.5,,,,ochoa_cinta,,2025_05_08/11_20_56_1/1,single_fish
2025_05_08,11_20_56_1,11_20_56_1,frame_176,0,255,1,1,False,False,True,1.573456883430481,False,[],,,,,,,33.5,,,,ochoa_cinta,,2025_05_08/11_20_56_1/1,single_fish
2025_05_08,11_20_56_1,11_20_56_1,frame_177,0,255,1,1,False,False,True,1.6406298875808716,False,[],,,,,,,33.5,,,,ochoa_cinta,,2025_05_08/11_20_56_1/1,single_fish
2025_05_08,11_20_56_1,11_20_56_1,frame_179,0,255,1,1,False,False,True,1.6925151348114014,False,[],,,,,,,33.5,,,,ochoa_cinta,,2025_05_08/11_20_56_1/1,single_fish
2025_05_08,11_20_56_1,11_20_56_1,frame_180,0,255,1,1,False,False,True,1.708703875541687,False,[],,,,,,,33.5,,,,ochoa_cinta,,2025_05_08/11_20_56_1/1,single_fish
2025_05_08,11_20_56_1,11_20_56_1,frame_181,0,255,1,1,False,False,True,1.7240270376205444,False,[],,,,,,,33.5,,,,ochoa_cinta,,2025_05_08/11_20_56_1/1,single_fish
2025_05_08,11_20_56_1,11_20_56_1,frame_182,0,255,1,1,False,False,True,1.754596710205078,False,[],,,,,,,33.5,,,,ochoa_cinta,,2025_05_08/11_20_56_1/1,single_fish
2025_05_08,11_20_56_1,11_20_56_1,frame_183,0,255,1,1,False,False,True,1.5969555377960205,False,[],,,,,,,33.5,,,,ochoa_cinta,,2025_05_08/11_20_56_1/1,single_fish
2025_05_08,11_20_56_1,11_20_56_1,frame_184,0,255,1,1,False,False,True,1.4768781661987305,False,[],,,,,,,33.5,,,,ochoa_cinta,,2025_05_08/11_20_56_1/1,single_fish
2025_05_08,11_20_56_1,11_20_56_1,frame_185,0,255,1,1,False,False,True,1.3422480821609497,False,[],,,,,,,33.5,,,,ochoa_cinta,,2025_05_08/11_20_56_1/1,single_fish
2025_05_08,11_20_56_1,11_20_56_1,frame_186,0,255,1,1,False,False,True,1.2370564937591553,False,[],,,,,,,33.5,,,,ochoa_cinta,,2025_05_08/11_20_56_1/1,single_fish
2025_05_08,11_20_56_1,11_20_56_1,frame_187,0,255,1,1,False,False,True,1.2048909664154053,False,[],,,,,,,33.5,,,,ochoa_cinta,,2025_05_08/11_20_56_1/1,single_fish
2025_05_08,11_20_56_1,11_20_56_1,frame_188,0,255,1,1,False,False,True,1.1964874267578125,False,[],,,,,,,33.5,,,,ochoa_cinta,,2025_05_08/11_20_56_1/1,single_fish
2025_05_08,11_20_56_1,11_20_56_1,frame_189,0,255,1,1,False,False,True,1.1723090410232544,False,[],,,,,,,33.5,,,,ochoa_cinta,,2025_05_08/11_20_56_1/1,single_fish
2025_05_08,11_20_56_1,11_20_56_1,frame_190,0,255,1,1,False,False,True,1.1900395154953003,False,[],,,,,,,33.5,,,,ochoa_cinta,,2025_05_08/11_20_56_1/1,single_fish
2025_05_08,11_20_56_1,11_20_56_1,frame_191,0,255,1,1,False,False,True,1.2039674520492554,False,[],,,,,,,33.5,,,,ochoa_cinta,,2025_05_08/11_20_56_1/1,single_fish
2025_05_08,11_20_56_1,11_20_56_1,frame_192,0,255,1,1,False,False,True,1.21483051776886,False,[],,,,,,,33.5,,,,ochoa_cinta,,2025_05_08/11_20_56_1/1,single_fish
2025_05_08,11_20_56_1,11_20_56_1,frame_193,0,255,1,1,False,False,True,1.243399977684021,False,[],,,,,,,33.5,,,,ochoa_cinta,,2025_05_08/11_20_56_1/1,single_fish
2025_05_08,11_20_56_1,11_20_56_1,frame_194,0,255,1,1,False,False,True,1.3005831241607666,False,[],,,,,,,33.5,,,,ochoa_cinta,,2025_05_08/11_20_56_1/1,single_fish
2025_05_08,11_20_56_1,11_20_56_1,frame_195,0,255,1,1,False,False,True,1.3135987520217896,False,[],,,,,,,33.5,,,,ochoa_cinta,,2025_05_08/11_20_56_1/1,single_fish
2025_05_08,11_20_56_1,11_20_56_1,frame_196,0,255,1,1,False,False,True,1.338736891746521,False,[],,,,,,,33.5,,,,ochoa_cinta,,2025_05_08/11_20_56_1/1,single_fish
2025_05_08,11_20_56_1,11_20_56_1,frame_197,0,255,1,1,False,False,True,1.4072719812393188,False,[],,,,,,,33.5,,,,ochoa_cinta,,2025_05_08/11_20_56_1/1,single_fish
2025_05_08,11_20_56_1,11_20_56_1,frame_198,0,255,1,1,False,False,True,1.5244961977005005,False,[],,,,,,,33.5,,,,ochoa_cinta,,2025_05_08/11_20_56_1/1,single_fish
2025_05_08,11_20_56_1,11_20_56_1,frame_199,0,255,1,1,False,False,True,1.6438482999801636,False,[],,,,,,,33.5,,,,ochoa_cinta,,2025_05_08/11_20_56_1/1,single_fish
2025_05_08,11_20_56_1,11_20_56_1,frame_200,0,255,1,1,False,False,True,1.7412244081497192,False,[],,,,,,,33.5,,,,ochoa_cinta,,2025_05_08/11_20_56_1/1,single_fish
2025_05_08,11_20_56_1,11_20_56_1,frame_201,0,255,1,1,False,False,True,1.7393652200698853,False,[],,,,,,,33.5,,,,ochoa_cinta,,2025_05_08/11_20_56_1/1,single_fish
2025_05_08,11_20_56_1,11_20_56_1,frame_202,0,255,1,1,False,False,True,1.658145546913147,False,[],,,,,,,33.5,,,,ochoa_cinta,,2025_05_08/11_20_56_1/1,single_fish
2025_05_08,11_20_56_1,11_20_56_1,frame_203,0,255,1,1,False,False,True,1.5515652894973757,False,[],,,,,,,33.5,,,,ochoa_cinta,,2025_05_08/11_20_56_1/1,single_fish
2025_05_08,11_20_56_1,11_20_56_1,frame_204,0,255,1,1,False,False,True,1.444652080535889,False,[],,,,,,,33.5,,,,ochoa_cinta,,2025_05_08/11_20_56_1/1,single_fish
2025_05_08,11_20_56_1,11_20_56_1,frame_205,0,255,1,1,False,False,True,1.351569652557373,False,[],,,,,,,33.5,,,,ochoa_cinta,,2025_05_08/11_20_56_1/1,single_fish
2025_05_08,11_20_56_1,11_20_56_1,frame_206,0,255,1,1,False,False,True,1.2265994548797607,False,[],,,,,,,33.5,,,,ochoa_cinta,,2025_05_08/11_20_56_1/1,single_fish
2025_05_08,11_20_56_1,11_20_56_1,frame_207,0,255,1,1,False,False,True,1.137992262840271,False,[],,,,,,,33.5,,,,ochoa_cinta,,2025_05_08/11_20_56_1/1,single_fish
2025_05_08,11_20_56_1,11_20_56_1,frame_208,0,255,1,1,False,False,True,1.091235637664795,False,[],,,,,,,33.5,,,,ochoa_cinta,,2025_05_08/11_20_56_1/1,single_fish
2025_05_08,11_20_56_1,11_20_56_1,frame_209,0,255,1,1,False,False,True,1.0445914268493652,False,[],,,,,,,33.5,,,,ochoa_cinta,,2025_05_08/11_20_56_1/1,single_fish
2025_05_08,11_20_56_1,11_20_56_1,frame_210,0,255,1,1,False,False,True,1.0279011726379397,False,[],,,,,,,33.5,,,,ochoa_cinta,,2025_05_08/11_20_56_1/1,single_fish
2025_05_08,11_20_56_1,11_20_56_1,frame_211,0,255,1,1,False,False,True,1.0528892278671265,False,[],,,,,,,33.5,,,,ochoa_cinta,,2025_05_08/11_20_56_1/1,single_fish
2025_05_08,11_20_56_1,11_20_56_1,frame_212,0,255,1,1,False,False,True,1.0816690921783447,False,[],,,,,,,33.5,,,,ochoa_cinta,,2025_05_08/11_20_56_1/1,single_fish
2025_05_08,11_20_56_1,11_20_56_1,frame_213,0,255,1,1,False,False,True,1.0844242572784424,False,[],,,,,,,33.5,,,,ochoa_cinta,,2025_05_08/11_20_56_1/1,single_fish
2025_05_08,11_20_56_1,11_20_56_1,frame_214,0,255,1,1,False,False,True,1.114013433456421,False,[],,,,,,,33.5,,,,ochoa_cinta,,2025_05_08/11_20_56_1/1,single_fish
2025_05_08,11_20_56_1,11_20_56_1,frame_215,0,255,1,1,False,False,True,1.106119990348816,False,[],,,,,,,33.5,,,,ochoa_cinta,,2025_05_08/11_20_56_1/1,single_fish
2025_05_08,11_20_56_1,11_20_56_1,frame_216,0,255,1,1,False,False,True,1.162407636642456,False,[],,,,,,,33.5,,,,ochoa_cinta,,2025_05_08/11_20_56_1/1,single_fish
2025_05_08,11_20_56_1,11_20_56_1,frame_217,0,255,1,1,False,False,True,1.1621718406677246,False,[],,,,,,,33.5,,,,ochoa_cinta,,2025_05_08/11_20_56_1/1,single_fish
2025_05_08,11_20_56_1,11_20_56_1,frame_218,0,255,1,1,False,False,True,1.1737046241760254,False,[],,,,,,,33.5,,,,ochoa_cinta,,2025_05_08/11_20_56_1/1,single_fish
2025_05_08,11_20_56_1,11_20_56_1,frame_219,0,255,1,1,False,False,True,1.2046329975128174,False,[],,,,,,,33.5,,,,ochoa_cinta,,2025_05_08/11_20_56_1/1,single_fish
2025_05_08,11_20_56_1,11_20_56_1,frame_220,0,255,1,1,False,False,True,1.2642966508865356,False,[],,,,,,,33.5,,,,ochoa_cinta,,2025_05_08/11_20_56_1/1,single_fish
2025_05_08,11_20_56_1,11_20_56_1,frame_221,0,255,1,1,False,False,True,1.303618311882019,False,[],,,,,,,33.5,,,,ochoa_cinta,,2025_05_08/11_20_56_1/1,single_fish
2025_05_08,11_20_56_1,11_20_56_1,frame_222,0,255,1,1,False,False,True,1.3124051094055176,False,[],,,,,,,33.5,,,,ochoa_cinta,,2025_05_08/11_20_56_1/1,single_fish
2025_05_08,11_20_56_1,11_20_56_1,frame_223,0,255,1,1,False,False,True,1.3632254600524902,False,[],,,,,,,33.5,,,,ochoa_cinta,,2025_05_08/11_20_56_1/1,single_fish
2025_05_08,11_20_56_1,11_20_56_1,frame_224,0,255,1,1,False,False,True,1.4583044052124023,False,[],,,,,,,33.5,,,,ochoa_cinta,,2025_05_08/11_20_56_1/1,single_fish
2025_05_08,11_20_56_1,11_20_56_1,frame_225,0,255,1,1,False,False,True,1.567145824432373,False,[],,,,,,,33.5,,,,ochoa_cinta,,2025_05_08/11_20_56_1/1,single_fish
2025_05_08,11_20_56_1,11_20_56_1,frame_226,0,255,1,1,False,False,True,1.648579478263855,False,[],,,,,,,33.5,,,,ochoa_cinta,,2025_05_08/11_20_56_1/1,single_fish
2025_05_08,11_20_56_1,11_20_56_1,frame_227,0,255,1,1,False,False,True,1.7241902351379397,False,[],,,,,,,33.5,,,,ochoa_cinta,,2025_05_08/11_20_56_1/1,single_fish
2025_05_08,11_20_56_1,11_20_56_1,frame_228,0,255,1,1,False,False,True,1.685739278793335,False,[],,,,,,,33.5,,,,ochoa_cinta,,2025_05_08/11_20_56_1/1,single_fish
2025_05_08,11_20_56_1,11_20_56_1,frame_229,0,255,1,1,False,False,True,1.7001699209213257,False,[],,,,,,,33.5,,,,ochoa_cinta,,2025_05_08/11_20_56_1/1,single_fish
2025_05_08,11_20_56_1,11_20_56_1,frame_230,0,255,1,1,False,False,True,1.6527713537216189,False,[],,,,,,,33.5,,,,ochoa_cinta,,2025_05_08/11_20_56_1/1,single_fish
2025_05_08,11_20_56_1,11_20_56_1,frame_231,0,255,1,1,False,False,True,1.548034429550171,False,[],,,,,,,33.5,,,,ochoa_cinta,,2025_05_08/11_20_56_1/1,single_fish
2025_05_08,11_20_56_1,11_20_56_1,frame_232,0,255,1,1,False,False,True,1.4409871101379397,False,[],,,,,,,33.5,,,,ochoa_cinta,,2025_05_08/11_20_56_1/1,single_fish
2025_05_08,11_20_56_1,11_20_56_1,frame_233,0,255,1,1,False,False,True,1.390771985054016,False,[],,,,,,,33.5,,,,ochoa_cinta,,2025_05_08/11_20_56_1/1,single_fish
2025_05_08,11_20_56_1,11_20_56_1,frame_234,0,255,1,1,False,False,True,1.3411060571670532,False,[],,,,,,,33.5,,,,ochoa_cinta,,2025_05_08/11_20_56_1/1,single_fish
2025_05_08,11_20_56_1,11_20_56_1,frame_235,0,255,1,1,False,False,True,1.3590092658996582,False,[],,,,,,,33.5,,,,ochoa_cinta,,2025_05_08/11_20_56_1/1,single_fish
2025_05_08,11_20_56_1,11_20_56_1,frame_236,0,255,1,1,False,False,True,1.4117460250854492,False,[],,,,,,,33.5,,,,ochoa_cinta,,2025_05_08/11_20_56_1/1,single_fish
2025_05_08,11_20_56_1,11_20_56_1,frame_237,0,255,1,1,False,False,True,1.4897422790527344,False,[],,,,,,,33.5,,,,ochoa_cinta,,2025_05_08/11_20_56_1/1,single_fish
2025_05_08,11_20_56_1,11_20_56_1,frame_238,0,255,1,1,False,False,True,1.516473650932312,False,[],,,,,,,33.5,,,,ochoa_cinta,,2025_05_08/11_20_56_1/1,single_fish
2025_05_08,11_20_56_1,11_20_56_1,frame_239,0,255,1,1,False,False,True,1.51763653755188,False,[],,,,,,,33.5,,,,ochoa_cinta,,2025_05_08/11_20_56_1/1,single_fish
2025_05_08,11_20_56_1,11_20_56_1,frame_240,0,255,1,1,False,False,True,1.5335204601287842,False,[],,,,,,,33.5,,,,ochoa_cinta,,2025_05_08/11_20_56_1/1,single_fish
2025_05_08,11_20_56_1,11_20_56_1,frame_241,0,255,1,1,False,False,True,1.572627305984497,False,[],,,,,,,33.5,,,,ochoa_cinta,,2025_05_08/11_20_56_1/1,single_fish
2025_05_08,11_20_56_1,11_20_56_1,frame_242,0,255,1,1,False,False,True,1.5371747016906738,False,[],,,,,,,33.5,,,,ochoa_cinta,,2025_05_08/11_20_56_1/1,single_fish
2025_05_08,11_20_56_1,11_20_56_1,frame_243,0,255,1,1,False,False,True,1.4762433767318726,False,[],,,,,,,33.5,,,,ochoa_cinta,,2025_05_08/11_20_56_1/1,single_fish
2025_05_08,11_20_56_1,11_20_56_1,frame_244,0,255,1,1,False,False,True,1.5033515691757202,False,[],,,,,,,33.5,,,,ochoa_cinta,,2025_05_08/11_20_56_1/1,single_fish
2025_05_08,11_20_56_1,11_20_56_1,frame_245,0,255,1,1,False,False,True,1.4728543758392334,False,[],,,,,,,33.5,,,,ochoa_cinta,,2025_05_08/11_20_56_1/1,single_fish
2025_05_08,11_20_56_1,11_20_56_1,frame_246,0,255,1,1,False,False,True,1.5299490690231323,False,[],,,,,,,33.5,,,,ochoa_cinta,,2025_05_08/11_20_56_1/1,single_fish
2025_05_08,11_20_56_1,11_20_56_1,frame_247,0,255,1,1,False,False,True,1.5746914148330688,False,[],,,,,,,33.5,,,,ochoa_cinta,,2025_05_08/11_20_56_1/1,single_fish
2025_05_08,11_20_56_1,11_20_56_1,frame_248,0,255,1,1,False,False,True,1.6264294385910034,False,[],,,,,,,33.5,,,,ochoa_cinta,,2025_05_08/11_20_56_1/1,single_fish
2025_05_08,11_20_56_1,11_20_56_1,frame_249,0,255,1,1,False,False,True,1.670101284980774,False,[],,,,,,,33.5,,,,ochoa_cinta,,2025_05_08/11_20_56_1/1,single_fish
2025_05_08,11_20_56_1,11_20_56_1,frame_250,0,255,1,1,False,False,True,1.7145496606826782,False,[],,,,,,,33.5,,,,ochoa_cinta,,2025_05_08/11_20_56_1/1,single_fish
2025_05_08,11_20_56_1,11_20_56_1,frame_251,0,255,1,1,False,False,True,1.7292860746383667,False,[],,,,,,,33.5,,,,ochoa_cinta,,2025_05_08/11_20_56_1/1,single_fish
2025_05_08,11_20_56_1,11_20_56_1,frame_252,0,255,1,1,False,False,True,1.7936632633209229,False,[],,,,,,,33.5,,,,ochoa_cinta,,2025_05_08/11_20_56_1/1,single_fish
2025_05_08,11_20_56_1,11_20_56_1,frame_253,0,255,1,1,False,False,True,1.9045932292938232,False,[],,,,,,,33.5,,,,ochoa_cinta,,2025_05_08/11_20_56_1/1,single_fish
2025_05_08,11_20_56_1,11_20_56_1,frame_254,0,255,1,1,False,False,True,1.9647300243377688,False,[],,,,,,,33.5,,,,ochoa_cinta,,2025_05_08/11_20_56_1/1,single_fish
2025_05_08,11_20_56_1,11_20_56_1,frame_255,0,255,1,1,False,False,True,1.9819562435150144,False,[],,,,,,,33.5,,,,ochoa_cinta,,2025_05_08/11_20_56_1/1,single_fish
2025_05_08,11_20_56_1,11_20_56_1,frame_256,0,255,1,1,False,False,True,1.98285973072052,False,[],,,,,,,33.5,,,,ochoa_cinta,,2025_05_08/11_20_56_1/1,single_fish
2025_05_08,11_20_56_1,11_20_56_1,frame_257,0,255,1,1,False,False,True,0.0,False,[],[  -0.046392      0.3197     0.94638],1.6193258756280935,108.97043470519009,1.1381589822217024,0.3226990205382544,0.3223420466620442,33.5,1.2300979461745598,3.6719341676852464,2.1623804369197392,ochoa_cinta,,2025_05_08/11_20_56_1/1,single_fish
2025_05_08,11_20_56_1,11_20_56_1,frame_258,0,255,1,1,False,False,True,1.9793376922607424,False,[],,,,,,,33.5,,,,ochoa_cinta,,2025_05_08/11_20_56_1/1,single_fish
2025_05_08,11_20_56_1,11_20_56_1,frame_259,0,255,1,1,False,False,True,1.902914047241211,False,[],,,,,,,33.5,,,,ochoa_cinta,,2025_05_08/11_20_56_1/1,single_fish
2025_05_08,11_20_56_1,11_20_56_1,frame_260,0,255,1,1,False,False,True,1.7499172687530518,False,[],,,,,,,33.5,,,,ochoa_cinta,,2025_05_08/11_20_56_1/1,single_fish
2025_05_08,11_20_56_1,11_20_56_1,frame_261,0,255,1,1,False,False,True,1.6335276365280151,False,[],,,,,,,33.5,,,,ochoa_cinta,,2025_05_08/11_20_56_1/1,single_fish
2025_05_08,11_20_56_1,11_20_56_1,frame_262,0,255,1,1,False,False,True,1.5400127172470093,False,[],,,,,,,33.5,,,,ochoa_cinta,,2025_05_08/11_20_56_1/1,single_fish
2025_05_08,11_20_56_1,11_20_56_1,frame_263,0,255,1,1,False,False,True,1.4427108764648438,False,[],,,,,,,33.5,,,,ochoa_cinta,,2025_05_08/11_20_56_1/1,single_fish
2025_05_08,11_20_56_1,11_20_56_1,frame_264,0,255,1,1,False,False,True,1.4088555574417114,False,[],,,,,,,33.5,,,,ochoa_cinta,,2025_05_08/11_20_56_1/1,single_fish
2025_05_08,11_20_56_1,11_20_56_1,frame_265,0,255,1,1,False,False,True,1.396285057067871,False,[],,,,,,,33.5,,,,ochoa_cinta,,2025_05_08/11_20_56_1/1,single_fish
2025_05_08,11_20_56_1,11_20_56_1,frame_266,0,255,1,1,False,False,True,1.4027622938156128,False,[],,,,,,,33.5,,,,ochoa_cinta,,2025_05_08/11_20_56_1/1,single_fish
2025_05_08,11_20_56_1,11_20_56_1,frame_267,0,255,1,1,False,False,True,1.369515299797058,False,[],,,,,,,33.5,,,,ochoa_cinta,,2025_05_08/11_20_56_1/1,single_fish
2025_05_08,11_20_56_1,11_20_56_1,frame_268,0,255,1,1,False,False,True,1.3231911659240725,False,[],,,,,,,33.5,,,,ochoa_cinta,,2025_05_08/11_20_56_1/1,single_fish
2025_05_08,11_20_56_1,11_20_56_1,frame_269,0,255,1,1,False,False,True,1.2974693775177002,False,[],,,,,,,33.5,,,,ochoa_cinta,,2025_05_08/11_20_56_1/1,single_fish
2025_05_08,11_20_56_1,11_20_56_1,frame_270,0,255,1,1,False,False,True,1.2981929779052734,False,[],,,,,,,33.5,,,,ochoa_cinta,,2025_05_08/11_20_56_1/1,single_fish
2025_05_08,11_20_56_1,11_20_56_1,frame_271,0,255,1,1,False,False,True,1.3447319269180298,False,[],,,,,,,33.5,,,,ochoa_cinta,,2025_05_08/11_20_56_1/1,single_fish
2025_05_08,11_20_56_1,11_20_56_1,frame_272,0,255,1,1,False,False,True,1.338248610496521,False,[],,,,,,,33.5,,,,ochoa_cinta,,2025_05_08/11_20_56_1/1,single_fish
2025_05_08,11_20_56_1,11_20_56_1,frame_273,0,255,1,1,False,False,True,1.368147611618042,False,[],,,,,,,33.5,,,,ochoa_cinta,,2025_05_08/11_20_56_1/1,single_fish
2025_05_08,11_20_56_1,11_20_56_1,frame_274,0,255,1,1,False,False,True,1.3902826309204102,False,[],,,,,,,33.5,,,,ochoa_cinta,,2025_05_08/11_20_56_1/1,single_fish
2025_05_08,11_20_56_1,11_20_56_1,frame_275,0,255,1,1,False,False,True,1.386047124862671,False,[],,,,,,,33.5,,,,ochoa_cinta,,2025_05_08/11_20_56_1/1,single_fish
2025_05_08,11_20_56_1,11_20_56_1,frame_276,0,255,1,1,False,False,True,1.35519278049469,False,[],,,,,,,33.5,,,,ochoa_cinta,,2025_05_08/11_20_56_1/1,single_fish
2025_05_08,11_20_56_1,11_20_56_1,frame_277,0,255,1,1,False,False,True,1.3693926334381104,False,[],,,,,,,33.5,,,,ochoa_cinta,,2025_05_08/11_20_56_1/1,single_fish
2025_05_08,11_20_56_1,11_20_56_1,frame_278,0,255,1,1,False,False,True,1.3815914392471311,False,[],,,,,,,33.5,,,,ochoa_cinta,,2025_05_08/11_20_56_1/1,single_fish
2025_05_08,11_20_56_1,11_20_56_1,frame_279,0,255,1,1,False,False,True,1.357179880142212,False,[],,,,,,,33.5,,,,ochoa_cinta,,2025_05_08/11_20_56_1/1,single_fish
2025_05_08,11_20_56_1,11_20_56_1,frame_280,0,255,1,1,False,False,True,1.345373034477234,False,[],,,,,,,33.5,,,,ochoa_cinta,,2025_05_08/11_20_56_1/1,single_fish
2025_05_08,11_20_56_1,11_20_56_1,frame_281,0,255,1,1,False,False,True,1.331743597984314,False,[],,,,,,,33.5,,,,ochoa_cinta,,2025_05_08/11_20_56_1/1,single_fish
2025_05_08,11_20_56_1,11_20_56_1,frame_282,0,255,1,1,False,False,True,1.292661190032959,False,[],,,,,,,33.5,,,,ochoa_cinta,,2025_05_08/11_20_56_1/1,single_fish
2025_05_08,11_20_56_1,11_20_56_1,frame_283,0,255,1,1,False,False,True,1.2559683322906494,False,[],,,,,,,33.5,,,,ochoa_cinta,,2025_05_08/11_20_56_1/1,single_fish
2025_05_08,11_20_56_1,11_20_56_1,frame_284,0,255,1,1,False,False,True,1.206452250480652,False,[],,,,,,,33.5,,,,ochoa_cinta,,2025_05_08/11_20_56_1/1,single_fish
2025_05_08,11_20_56_1,11_20_56_1,frame_285,0,255,1,1,False,False,True,1.1771013736724854,False,[],,,,,,,33.5,,,,ochoa_cinta,,2025_05_08/11_20_56_1/1,single_fish
2025_05_08,11_20_56_1,11_20_56_1,frame_286,0,255,1,1,False,False,True,1.1237173080444336,False,[],,,,,,,33.5,,,,ochoa_cinta,,2025_05_08/11_20_56_1/1,single_fish
2025_05_08,11_20_56_1,11_20_56_1,frame_287,0,255,1,1,False,False,True,1.0736525058746338,False,[],,,,,,,33.5,,,,ochoa_cinta,,2025_05_08/11_20_56_1/1,single_fish
2025_05_08,11_20_56_1,11_20_56_1,frame_288,0,255,1,1,False,False,True,1.0503367185592651,False,[],,,,,,,33.5,,,,ochoa_cinta,,2025_05_08/11_20_56_1/1,single_fish
2025_05_08,11_20_56_1,11_20_56_1,frame_289,0,255,1,1,False,False,True,1.0299032926559448,False,[],,,,,,,33.5,,,,ochoa_cinta,,2025_05_08/11_20_56_1/1,single_fish
2025_05_08,11_20_56_1,11_20_56_1,frame_290,0,255,1,1,False,False,True,1.0269725322723389,False,[],,,,,,,33.5,,,,ochoa_cinta,,2025_05_08/11_20_56_1/1,single_fish
2025_05_08,11_20_56_1,11_20_56_1,frame_291,0,255,1,1,False,False,True,1.011268138885498,False,[],,,,,,,33.5,,,,ochoa_cinta,,2025_05_08/11_20_56_1/1,single_fish
2025_05_08,11_20_56_1,11_20_56_1,frame_292,0,255,1,1,False,False,True,1.011212944984436,False,[],,,,,,,33.5,,,,ochoa_cinta,,2025_05_08/11_20_56_1/1,single_fish
2025_05_08,11_20_56_1,11_20_56_1,frame_293,0,255,1,1,False,False,True,1.014216661453247,False,[],,,,,,,33.5,,,,ochoa_cinta,,2025_05_08/11_20_56_1/1,single_fish
2025_05_08,11_20_56_1,11_20_56_1,frame_294,0,255,1,1,False,False,True,1.0346516370773315,False,[],,,,,,,33.5,,,,ochoa_cinta,,2025_05_08/11_20_56_1/1,single_fish
2025_05_08,11_20_56_1,11_20_56_1,frame_295,0,255,1,1,False,False,True,1.0522171258926392,False,[],,,,,,,33.5,,,,ochoa_cinta,,2025_05_08/11_20_56_1/1,single_fish
2025_05_08,11_20_56_1,11_20_56_1,frame_296,0,255,1,1,False,False,True,1.0849310159683228,False,[],,,,,,,33.5,,,,ochoa_cinta,,2025_05_08/11_20_56_1/1,single_fish
2025_05_08,11_20_56_1,11_20_56_1,frame_297,0,255,1,1,False,False,True,1.0973111391067505,False,[],,,,,,,33.5,,,,ochoa_cinta,,2025_05_08/11_20_56_1/1,single_fish
2025_05_08,11_20_56_1,11_20_56_1,frame_298,0,255,1,1,False,False,True,1.098521709442139,False,[],,,,,,,33.5,,,,ochoa_cinta,,2025_05_08/11_20_56_1/1,single_fish
2025_05_08,11_20_56_1,11_20_56_1,frame_299,0,255,1,1,False,False,True,1.0839183330535889,False,[],,,,,,,33.5,,,,ochoa_cinta,,2025_05_08/11_20_56_1/1,single_fish
2025_05_08,11_20_56_1,11_20_56_1,frame_300,0,255,1,1,False,False,True,1.0719125270843506,False,[],,,,,,,33.5,,,,ochoa_cinta,,2025_05_08/11_20_56_1/1,single_fish
2025_05_08,11_20_56_1,11_20_56_1,frame_301,0,255,1,1,False,False,True,1.0588845014572144,False,[],,,,,,,33.5,,,,ochoa_cinta,,2025_05_08/11_20_56_1/1,single_fish
2025_05_08,11_20_56_1,11_20_56_1,frame_302,0,255,1,1,False,False,True,1.0682151317596436,False,[],,,,,,,33.5,,,,ochoa_cinta,,2025_05_08/11_20_56_1/1,single_fish
2025_05_08,11_20_56_1,11_20_56_1,frame_303,0,255,1,1,False,False,True,1.1216384172439575,False,[],,,,,,,33.5,,,,ochoa_cinta,,2025_05_08/11_20_56_1/1,single_fish
2025_05_08,11_20_56_1,11_20_56_1,frame_304,0,255,1,1,False,False,True,1.1419612169265747,False,[],,,,,,,33.5,,,,ochoa_cinta,,2025_05_08/11_20_56_1/1,single_fish
2025_05_08,11_20_56_1,11_20_56_1,frame_305,0,255,1,1,False,False,True,1.1602925062179563,False,[],,,,,,,33.5,,,,ochoa_cinta,,2025_05_08/11_20_56_1/1,single_fish
2025_05_08,11_20_56_1,11_20_56_1,frame_306,0,255,1,1,False,False,True,1.1891425848007202,False,[],,,,,,,33.5,,,,ochoa_cinta,,2025_05_08/11_20_56_1/1,single_fish
2025_05_08,11_20_56_1,11_20_56_1,frame_307,0,255,1,1,False,False,True,1.239013910293579,False,[],,,,,,,33.5,,,,ochoa_cinta,,2025_05_08/11_20_56_1/1,single_fish
2025_05_08,11_20_56_1,11_20_56_1,frame_308,0,255,1,1,False,False,True,1.3111352920532229,False,[],,,,,,,33.5,,,,ochoa_cinta,,2025_05_08/11_20_56_1/1,single_fish
2025_05_08,11_20_56_1,11_20_56_1,frame_309,0,255,1,1,False,False,True,1.3873249292373655,False,[],,,,,,,33.5,,,,ochoa_cinta,,2025_05_08/11_20_56_1/1,single_fish
2025_05_08,11_20_56_1,11_20_56_1,frame_310,0,255,1,1,False,False,True,1.4847357273101809,False,[],,,,,,,33.5,,,,ochoa_cinta,,2025_05_08/11_20_56_1/1,single_fish
2025_05_08,11_20_56_1,11_20_56_1,frame_311,0,255,1,1,False,False,True,1.601975679397583,False,[],,,,,,,33.5,,,,ochoa_cinta,,2025_05_08/11_20_56_1/1,single_fish
2025_05_08,11_20_56_1,11_20_56_1,frame_312,0,255,1,1,False,False,True,1.6991758346557615,False,[],,,,,,,33.5,,,,ochoa_cinta,,2025_05_08/11_20_56_1/1,single_fish
2025_05_08,11_20_56_1,11_20_56_1,frame_313,0,255,1,1,False,False,True,1.660130262374878,False,[],,,,,,,33.5,,,,ochoa_cinta,,2025_05_08/11_20_56_1/1,single_fish
2025_05_08,11_20_56_1,11_20_56_1,frame_314,0,255,1,1,False,False,True,1.5613679885864258,False,[],,,,,,,33.5,,,,ochoa_cinta,,2025_05_08/11_20_56_1/1,single_fish
2025_05_08,11_20_56_1,11_20_56_1,frame_315,0,255,1,1,False,False,True,1.4312204122543335,False,[],,,,,,,33.5,,,,ochoa_cinta,,2025_05_08/11_20_56_1/1,single_fish
2025_05_08,11_20_56_1,11_20_56_1,frame_316,0,255,1,1,False,False,True,1.3500514030456543,False,[],,,,,,,33.5,,,,ochoa_cinta,,2025_05_08/11_20_56_1/1,single_fish
2025_05_08,11_20_56_1,11_20_56_1,frame_317,0,255,1,1,False,False,True,1.3480387926101685,False,[],,,,,,,33.5,,,,ochoa_cinta,,2025_05_08/11_20_56_1/1,single_fish
2025_05_08,11_20_56_1,11_20_56_1,frame_318,0,255,1,1,False,False,True,1.4016685485839844,False,[],,,,,,,33.5,,,,ochoa_cinta,,2025_05_08/11_20_56_1/1,single_fish
2025_05_08,11_20_56_1,11_20_56_1,frame_319,0,255,1,1,False,False,True,1.4967204332351685,False,[],,,,,,,33.5,,,,ochoa_cinta,,2025_05_08/11_20_56_1/1,single_fish
2025_05_08,11_20_56_1,11_20_56_1,frame_320,0,255,1,1,False,False,True,1.686290979385376,False,[],,,,,,,33.5,,,,ochoa_cinta,,2025_05_08/11_20_56_1/1,single_fish
2025_05_08,11_20_56_1,11_20_56_1,frame_321,0,255,1,1,False,False,True,1.821503758430481,False,[],,,,,,,33.5,,,,ochoa_cinta,,2025_05_08/11_20_56_1/1,single_fish
2025_05_08,11_20_56_1,11_20_56_1,frame_322,0,255,1,1,False,False,True,1.9578264951705933,False,[],,,,,,,33.5,,,,ochoa_cinta,,2025_05_08/11_20_56_1/1,single_fish
2025_05_08,11_20_56_1,11_20_56_1,frame_323,0,255,1,1,False,False,True,0.0,False,[],[   -0.12394     0.44584     0.88649],-0.3475691781491649,110.65790305095602,1.0542472557930398,0.3457436535337032,0.3409578684992035,33.5,1.0743653533703181,3.207060756329317,2.213618309286886,ochoa_cinta,,2025_05_08/11_20_56_1/1,single_fish
2025_05_08,11_20_56_1,11_20_56_1,frame_324,0,255,1,1,False,False,True,0.0,False,[],,-0.9779255093094276,112.18596887391617,-1.0,0.3418607465971855,0.3381496868318418,33.5,0.6860746597185496,2.047984058861359,2.2096569587288624,ochoa_cinta,,2025_05_08/11_20_56_1/1,single_fish
2025_05_08,11_20_56_1,11_20_56_1,frame_325,0,255,1,1,False,False,True,0.0,False,[],[ -0.0016798     0.29466      0.9556],-5.135188206553528,113.06750162798444,1.0262122842636323,0.3374457468773316,0.3399128988630613,33.5,0.24457468773315583,0.7300736947258575,2.2017851197410385,ochoa_cinta,,2025_05_08/11_20_56_1/1,single_fish
2025_05_08,11_20_56_1,11_20_56_1,frame_326,0,255,1,1,False,False,True,1.909459352493286,False,[],,,,,,,33.5,,,,ochoa_cinta,,2025_05_08/11_20_56_1/1,single_fish
2025_05_08,11_20_56_1,11_20_56_1,frame_327,0,255,1,1,False,False,True,1.8503551483154297,False,[],,,,,,,33.5,,,,ochoa_cinta,,2025_05_08/11_20_56_1/1,single_fish
2025_05_08,11_20_56_1,11_20_56_1,frame_328,0,255,1,1,False,False,True,1.794649362564087,False,[],,,,,,,33.5,,,,ochoa_cinta,,2025_05_08/11_20_56_1/1,single_fish
2025_05_08,11_20_56_1,11_20_56_1,frame_329,0,255,1,1,False,False,True,1.7341774702072144,False,[],,,,,,,33.5,,,,ochoa_cinta,,2025_05_08/11_20_56_1/1,single_fish
2025_05_08,11_20_56_1,11_20_56_1,frame_330,0,255,1,1,False,False,True,1.6950770616531372,False,[],,,,,,,33.5,,,,ochoa_cinta,,2025_05_08/11_20_56_1/1,single_fish
2025_05_08,11_20_56_1,11_20_56_1,frame_331,0,255,1,1,False,False,True,1.6672468185424805,False,[],,,,,,,33.5,,,,ochoa_cinta,,2025_05_08/11_20_56_1/1,single_fish
2025_05_08,11_20_56_1,11_20_56_1,frame_332,0,255,1,1,False,False,True,1.6669641733169556,False,[],,,,,,,33.5,,,,ochoa_cinta,,2025_05_08/11_20_56_1/1,single_fish
2025_05_08,11_20_56_1,11_20_56_1,frame_333,0,255,1,1,False,False,True,1.678244948387146,False,[],,,,,,,33.5,,,,ochoa_cinta,,2025_05_08/11_20_56_1/1,single_fish
2025_05_08,11_20_56_1,11_20_56_1,frame_334,0,255,1,1,False,False,True,1.768726110458374,False,[],,,,,,,33.5,,,,ochoa_cinta,,2025_05_08/11_20_56_1/1,single_fish
2025_05_08,11_20_56_1,11_20_56_1,frame_335,0,255,1,1,False,False,True,1.8966084718704224,False,[],,,,,,,33.5,,,,ochoa_cinta,,2025_05_08/11_20_56_1/1,single_fish
2025_05_08,11_20_56_1,11_20_56_1,frame_336,0,255,1,1,False,False,True,0.0,False,[],[  -0.030257     0.27708     0.96037],-1.1594850827869174,111.04787095054844,1.0624855584368291,0.3420422808041184,0.331908995169077,33.5,0.7042280804118448,2.1021733743637165,2.162435284537128,ochoa_cinta,,2025_05_08/11_20_56_1/1,single_fish
2025_05_08,11_20_56_1,11_20_56_1,frame_337,0,255,1,1,False,False,True,0.0,False,[],[  -0.034544     0.33047     0.94319],-1.8041509344415196,109.8498982776338,2.184458900231938,0.3564609505179698,0.343454505096667,33.5,2.1460950517969763,6.406253885961139,2.159830507923945,ochoa_cinta,,2025_05_08/11_20_56_1/1,single_fish
2025_05_08,11_20_56_1,11_20_56_1,frame_338,0,255,1,1,False,False,True,0.0,False,[],[  -0.015064     0.26072      0.9653],-5.946240550568085,108.4496148928596,1.0718088106843653,0.3328875040361739,0.3356133940133448,33.5,0.21124959638260776,0.6305958100973332,2.1524299703325545,ochoa_cinta,,2025_05_08/11_20_56_1/1,single_fish
2025_05_08,11_20_56_1,11_20_56_1,frame_339,0,255,1,1,False,False,True,0.0,False,[],[   -0.01321     0.25886     0.96583],-1.0,-1.0,-1.0,-1.0,0.8517983098347955,33.5,133.5,,2.166191140916896,ochoa_cinta,,2025_05_08/11_20_56_1/1,single_fish
2025_05_08,11_20_56_1,11_20_56_1,frame_340,0,255,1,1,False,False,True,0.0,False,[],[  -0.012145     0.26892     0.96308],-1.0,-1.0,-1.0,-1.0,0.7761387126096198,33.5,133.5,,2.1653186261457185,ochoa_cinta,,2025_05_08/11_20_56_1/1,single_fish
2025_05_08,11_20_56_1,11_20_56_1,frame_341,0,255,1,1,False,False,True,0.0,False,[],[    0.01259     0.20931     0.97777],4.95262952629006,106.18450490528562,1.0591938473720557,0.3921279654425703,0.3781701691073668,33.5,5.712796544257031,17.053124012707556,2.148228320208463,ochoa_cinta,,2025_05_08/11_20_56_1/1,single_fish
2025_05_08,11_20_56_1,11_20_56_1,frame_342,0,255,1,1,False,False,True,0.0,False,[],[  0.0018383     0.28778     0.95769],-1.0,-1.0,-1.0,-1.0,1.1072797938020569,33.5,133.5,,2.15050242152916,ochoa_cinta,,2025_05_08/11_20_56_1/1,single_fish
2025_05_08,11_20_56_1,11_20_56_1,frame_343,0,255,1,1,False,False,True,0.0,False,[],[ -0.0070237     0.27863     0.96037],8.104281794478933,101.2497842569252,1.1419766659848951,0.3921108656113958,0.3934037727165775,33.5,5.711086561139581,17.048019585491296,2.1333495120193886,ochoa_cinta,,2025_05_08/11_20_56_1/1,single_fish
2025_05_08,11_20_56_1,11_20_56_1,frame_344,0,255,1,1,False,False,True,0.0,False,[],[ -0.0083091     0.29079     0.95675],11.383782029947096,99.7493736586606,1.11928557885002,0.4866841613912781,0.4047715906663933,33.5,15.168416139127814,45.27885414665018,2.134024607295266,ochoa_cinta,,2025_05_08/11_20_56_1/1,single_fish
2025_05_08,11_20_56_1,11_20_56_1,frame_345,0,255,1,1,False,False,True,0.0,False,[],[ -0.0061562     0.32956     0.94411],9.615739093504718,99.17052718368114,1.1559169055074516,0.3977525770719926,0.4189453658815719,33.5,6.275257707199259,18.732112558803763,2.1286029504761004,ochoa_cinta,,2025_05_08/11_20_56_1/1,single_fish
2025_05_08,11_20_56_1,11_20_56_1,frame_346,0,255,1,1,False,False,True,0.0,False,[],[  -0.012627     0.34248     0.93944],0.4057665177441014,99.51114610372971,1.1398636464611624,0.3420370293560052,0.3304091381050899,33.5,0.7037029356005249,2.100605777911999,2.114116679753689,ochoa_cinta,,2025_05_08/11_20_56_1/1,single_fish
2025_05_08,11_20_56_1,11_20_56_1,frame_347,0,255,1,1,False,False,True,0.0,False,[],[-0.00025935     0.26523     0.96418],10.419897559058848,100.70396625225322,1.1632657769991406,0.4934655706511071,0.7478826756990292,33.5,15.846557065110709,47.30315541824091,2.1128706545399787,ochoa_cinta,,2025_05_08/11_20_56_1/1,single_fish
2025_05_08,11_20_56_1,11_20_56_1,frame_348,0,255,1,1,False,False,True,0.0,False,[],[  0.0022631     0.26506     0.96423],-7.30234704137198,101.91333134144746,1.130057522221509,0.3346159032930567,0.3323806359646247,33.5,0.03840967069433532,0.1146557334159216,2.09970457870024,ochoa_cinta,,2025_05_08/11_20_56_1/1,single_fish
2025_05_08,11_20_56_1,11_20_56_1,frame_349,0,255,1,1,False,False,True,0.0,False,[],[    0.01756     0.28708     0.95775],-8.495728820606091,103.86520145303272,1.144309202953552,0.347226599541668,0.3418546145274043,33.5,1.2226599541668008,3.649731206468058,2.085803965638791,ochoa_cinta,,2025_05_08/11_20_56_1/1,single_fish
2025_05_08,11_20_56_1,11_20_56_1,frame_350,0,255,1,1,False,False,True,0.0,False,[],[   0.010041     0.26849     0.96323],-6.85221897360729,105.24717786664556,1.173381899052495,0.329167412180975,0.3335318618965891,33.5,0.5832587819025008,1.7410709907537358,2.0736598306694924,ochoa_cinta,,2025_05_08/11_20_56_1/1,single_fish
2025_05_08,11_20_56_1,11_20_56_1,frame_351,0,255,1,1,False,False,True,0.0,False,[],[  -0.097834     0.50887     0.85527],-4.29397906618714,107.15042810087252,0.8466237359368793,0.3241589637113937,0.3190498669844183,33.5,1.0841036288606318,3.2361302354048584,2.0673128195543238,ochoa_cinta,,2025_05_08/11_20_56_1/1,single_fish
2025_05_08,11_20_56_1,11_20_56_1,frame_352,0,255,1,1,False,False,True,0.0,False,[],[  -0.045594     0.29744     0.95365],-1.308720229388396,108.77407616151532,1.1867382767941708,0.3310629396363818,0.3281239250419565,33.5,0.3937060363618201,1.1752418995875176,2.060106386060949,ochoa_cinta,,2025_05_08/11_20_56_1/1,single_fish
2025_05_08,11_20_56_1,11_20_56_1,frame_353,0,255,1,1,False,False,True,0.0,False,[],[  -0.086766       0.365     0.92696],-0.9226522083125354,109.87560431311424,1.1603896512541367,0.3311751908790746,0.3240632181181032,33.5,0.3824809120925394,1.141734065947887,2.0502315360211347,ochoa_cinta,,2025_05_08/11_20_56_1/1,single_fish
2025_05_08,11_20_56_1,11_20_56_1,frame_354,0,255,1,1,False,False,True,0.0,False,[],[  -0.050418     0.29765     0.95334],1.3889570614786635,110.00663194228154,1.1887944980480611,0.3326123019353947,0.3317920729209087,33.5,0.2387698064605317,0.7127456909269596,2.0375030665418468,ochoa_cinta,,2025_05_08/11_20_56_1/1,single_fish
2025_05_08,11_20_56_1,11_20_56_1,frame_355,0,255,1,1,False,False,True,1.9745057821273804,False,[],,,,,,,33.5,,,,ochoa_cinta,,2025_05_08/11_20_56_1/1,single_fish
2025_05_08,11_20_56_1,11_20_56_1,frame_356,0,255,1,1,False,False,True,1.938884139060974,False,[],,,,,,,33.5,,,,ochoa_cinta,,2025_05_08/11_20_56_1/1,single_fish
2025_05_08,11_20_56_1,11_20_56_1,frame_357,0,255,1,1,False,False,True,1.839929699897766,False,[],,,,,,,33.5,,,,ochoa_cinta,,2025_05_08/11_20_56_1/1,single_fish
2025_05_08,11_20_56_1,11_20_56_1,frame_358,0,255,1,1,False,False,True,1.725545883178711,False,[],,,,,,,33.5,,,,ochoa_cinta,,2025_05_08/11_20_56_1/1,single_fish
2025_05_08,11_20_56_1,11_20_56_1,frame_359,0,255,1,1,False,False,True,1.6603047847747805,False,[],,,,,,,33.5,,,,ochoa_cinta,,2025_05_08/11_20_56_1/1,single_fish
2025_05_08,11_20_56_1,11_20_56_1,frame_360,0,255,1,1,False,False,True,1.662710189819336,False,[],,,,,,,33.5,,,,ochoa_cinta,,2025_05_08/11_20_56_1/1,single_fish
2025_05_08,11_20_56_1,11_20_56_1,frame_361,0,255,1,1,False,False,True,1.6732271909713743,False,[],,,,,,,33.5,,,,ochoa_cinta,,2025_05_08/11_20_56_1/1,single_fish
2025_05_08,11_20_56_1,11_20_56_1,frame_362,0,255,1,1,False,False,True,1.6234220266342163,False,[],,,,,,,33.5,,,,ochoa_cinta,,2025_05_08/11_20_56_1/1,single_fish
2025_05_08,11_20_56_1,11_20_56_1,frame_363,0,255,1,1,False,False,True,1.5432531833648682,False,[],,,,,,,33.5,,,,ochoa_cinta,,2025_05_08/11_20_56_1/1,single_fish
2025_05_08,11_20_56_1,11_20_56_1,frame_364,0,255,1,1,False,False,True,1.5226911306381226,False,[],,,,,,,33.5,,,,ochoa_cinta,,2025_05_08/11_20_56_1/1,single_fish
2025_05_08,11_20_56_1,11_20_56_1,frame_365,0,255,1,1,False,False,True,1.5343106985092163,False,[],,,,,,,33.5,,,,ochoa_cinta,,2025_05_08/11_20_56_1/1,single_fish
2025_05_08,11_20_56_1,11_20_56_1,frame_366,0,255,1,1,False,False,True,1.5857118368148804,False,[],,,,,,,33.5,,,,ochoa_cinta,,2025_05_08/11_20_56_1/1,single_fish
2025_05_08,11_20_56_1,11_20_56_1,frame_367,0,255,1,1,False,False,True,1.6210402250289917,False,[],,,,,,,33.5,,,,ochoa_cinta,,2025_05_08/11_20_56_1/1,single_fish
2025_05_08,11_20_56_1,11_20_56_1,frame_368,0,255,1,1,False,False,True,1.6657642126083374,False,[],,,,,,,33.5,,,,ochoa_cinta,,2025_05_08/11_20_56_1/1,single_fish
2025_05_08,11_20_56_1,11_20_56_1,frame_369,0,255,1,1,False,False,True,1.7215737104415894,False,[],,,,,,,33.5,,,,ochoa_cinta,,2025_05_08/11_20_56_1/1,single_fish
2025_05_08,11_20_56_1,11_20_56_1,frame_370,0,255,1,1,False,False,True,1.7806888818740845,False,[],,,,,,,33.5,,,,ochoa_cinta,,2025_05_08/11_20_56_1/1,single_fish
2025_05_08,11_20_56_1,11_20_56_1,frame_371,0,255,1,1,False,False,True,1.8891836404800413,False,[],,,,,,,33.5,,,,ochoa_cinta,,2025_05_08/11_20_56_1/1,single_fish
2025_05_08,11_20_56_1,11_20_56_1,frame_372,0,255,1,1,False,False,True,0.0,False,[],[ 0.00097606     0.26575     0.96404],-2.5271037907674403,110.03618109944266,1.3372613554112542,0.3226283558304967,0.3282081775731079,33.5,1.2371644169503284,3.69302811029948,1.8768511517977609,ochoa_cinta,,2025_05_08/11_20_56_1/1,single_fish
2025_05_08,11_20_56_1,11_20_56_1,frame_373,0,255,1,1,False,False,True,0.0,False,[],[  -0.003494     0.27482     0.96149],-1.9709946268006944,109.21517999835298,1.35766021585695,0.3216835253795511,0.3390386050322565,33.5,1.3316474620448915,3.9750670508802632,1.870877655637765,ochoa_cinta,,2025_05_08/11_20_56_1/1,single_fish
2025_05_08,11_20_56_1,11_20_56_1,frame_374,0,255,1,1,False,False,True,0.0,False,[],[  -0.013338     0.29998     0.95385],-2.8713660547122988,109.7894693870719,1.3736644281112949,0.3121835839055598,0.3179752355805403,33.5,2.281641609444023,6.810870475952309,1.8637118716642764,ochoa_cinta,,2025_05_08/11_20_56_1/1,single_fish
2025_05_08,11_20_56_1,11_20_56_1,frame_375,0,255,1,1,False,False,True,0.0,False,[],[  0.0028226     0.27635     0.96105],-4.344235251983258,111.0543677774326,1.379953717810591,0.3133114172823221,0.3145676167370679,33.5,2.1688582717677924,6.474203796321752,1.860622390504119,ochoa_cinta,,2025_05_08/11_20_56_1/1,single_fish
2025_05_08,11_20_56_1,11_20_56_1,frame_376,0,255,1,1,False,False,True,1.922235369682312,False,[],,,,,,,33.5,,,,ochoa_cinta,,2025_05_08/11_20_56_1/1,single_fish
2025_05_08,11_20_56_1,11_20_56_1,frame_377,0,255,1,1,False,False,True,0.0,False,[],[   0.003923     0.26946       0.963],-7.240434441148575,110.768323212689,1.3485870211267748,0.3243752035786291,0.3231665364059116,33.5,1.0624796421370917,3.1715810213047555,1.857206209408455,ochoa_cinta,,2025_05_08/11_20_56_1/1,single_fish
2025_05_08,11_20_56_1,11_20_56_1,frame_378,0,255,1,1,False,False,True,0.0,False,[],[   0.008083     0.26742     0.96354],-5.886670345072703,108.78472852667404,1.3907595054919557,0.3303501538514053,0.3202404315768802,33.5,0.4649846148594676,1.388013775699912,1.8575374557154023,ochoa_cinta,,2025_05_08/11_20_56_1/1,single_fish
2025_05_08,11_20_56_1,11_20_56_1,frame_379,0,255,1,1,False,False,True,0.0,False,[],[   0.014548      0.2293     0.97325],-4.358938548558133,110.24551792694405,1.396154790619066,0.3291874213397351,0.3213896838780438,33.5,0.5812578660264904,1.7350981075417646,1.8558263794760663,ochoa_cinta,,2025_05_08/11_20_56_1/1,single_fish
2025_05_08,11_20_56_1,11_20_56_1,frame_380,0,255,1,1,False,False,True,1.9877363443374636,False,[],,,,,,,33.5,,,,ochoa_cinta,,2025_05_08/11_20_56_1/1,single_fish
2025_05_08,11_20_56_1,11_20_56_1,frame_381,0,255,1,1,False,False,True,1.940844178199768,False,[],,,,,,,33.5,,,,ochoa_cinta,,2025_05_08/11_20_56_1/1,single_fish
2025_05_08,11_20_56_1,11_20_56_1,frame_382,0,255,1,1,False,False,True,1.9579819440841677,False,[],,,,,,,33.5,,,,ochoa_cinta,,2025_05_08/11_20_56_1/1,single_fish
2025_05_08,11_20_56_1,11_20_56_1,frame_383,0,255,1,1,False,False,True,1.9456326961517332,False,[],,,,,,,33.5,,,,ochoa_cinta,,2025_05_08/11_20_56_1/1,single_fish
2025_05_08,11_20_56_1,11_20_56_1,frame_384,0,255,1,1,False,False,True,1.974816918373108,False,[],,,,,,,33.5,,,,ochoa_cinta,,2025_05_08/11_20_56_1/1,single_fish
2025_05_08,11_20_56_1,11_20_56_1,frame_385,0,255,1,1,False,False,True,1.962065815925598,False,[],,,,,,,33.5,,,,ochoa_cinta,,2025_05_08/11_20_56_1/1,single_fish
2025_05_08,11_20_56_1,11_20_56_1,frame_386,0,255,1,1,False,False,True,1.9332884550094604,False,[],,,,,,,33.5,,,,ochoa_cinta,,2025_05_08/11_20_56_1/1,single_fish
2025_05_08,11_20_56_1,11_20_56_1,frame_387,0,255,1,1,False,False,True,1.9387151002883911,False,[],,,,,,,33.5,,,,ochoa_cinta,,2025_05_08/11_20_56_1/1,single_fish
2025_05_08,11_20_56_1,11_20_56_1,frame_388,0,255,1,1,False,False,True,1.8974145650863647,False,[],,,,,,,33.5,,,,ochoa_cinta,,2025_05_08/11_20_56_1/1,single_fish
2025_05_08,11_20_56_1,11_20_56_1,frame_389,0,255,1,1,False,False,True,1.82647442817688,False,[],,,,,,,33.5,,,,ochoa_cinta,,2025_05_08/11_20_56_1/1,single_fish
2025_05_08,11_20_56_1,11_20_56_1,frame_390,0,255,1,1,False,False,True,1.7490237951278689,False,[],,,,,,,33.5,,,,ochoa_cinta,,2025_05_08/11_20_56_1/1,single_fish
2025_05_08,11_20_56_1,11_20_56_1,frame_391,0,255,1,1,False,False,True,1.7163478136062622,False,[],,,,,,,33.5,,,,ochoa_cinta,,2025_05_08/11_20_56_1/1,single_fish
2025_05_08,11_20_56_1,11_20_56_1,frame_392,0,255,1,1,False,False,True,1.7040497064590454,False,[],,,,,,,33.5,,,,ochoa_cinta,,2025_05_08/11_20_56_1/1,single_fish
2025_05_08,11_20_56_1,11_20_56_1,frame_393,0,255,1,1,False,False,True,1.6445192098617554,False,[],,,,,,,33.5,,,,ochoa_cinta,,2025_05_08/11_20_56_1/1,single_fish
2025_05_08,11_20_56_1,11_20_56_1,frame_394,0,255,1,1,False,False,True,1.6175551414489746,False,[],,,,,,,33.5,,,,ochoa_cinta,,2025_05_08/11_20_56_1/1,single_fish
2025_05_08,11_20_56_1,11_20_56_1,frame_395,0,255,1,1,False,False,True,1.5633901357650757,False,[],,,,,,,33.5,,,,ochoa_cinta,,2025_05_08/11_20_56_1/1,single_fish
2025_05_08,11_20_56_1,11_20_56_1,frame_396,0,255,1,1,False,False,True,1.587126851081848,False,[],,,,,,,33.5,,,,ochoa_cinta,,2025_05_08/11_20_56_1/1,single_fish
2025_05_08,11_20_56_1,11_20_56_1,frame_397,0,255,1,1,False,False,True,1.6247239112854004,False,[],,,,,,,33.5,,,,ochoa_cinta,,2025_05_08/11_20_56_1/1,single_fish
2025_05_08,11_20_56_1,11_20_56_1,frame_398,0,255,1,1,False,False,True,1.72862446308136,False,[],,,,,,,33.5,,,,ochoa_cinta,,2025_05_08/11_20_56_1/1,single_fish
2025_05_08,11_20_56_1,11_20_56_1,frame_399,0,255,1,1,False,False,True,1.828612327575684,False,[],,,,,,,33.5,,,,ochoa_cinta,,2025_05_08/11_20_56_1/1,single_fish
2025_05_08,11_20_56_1,11_20_56_1,frame_400,0,255,1,1,False,False,True,1.8416998386383057,False,[],,,,,,,33.5,,,,ochoa_cinta,,2025_05_08/11_20_56_1/1,single_fish
2025_05_08,11_20_56_1,11_20_56_1,frame_401,0,255,1,1,False,False,True,1.768300175666809,False,[],,,,,,,33.5,,,,ochoa_cinta,,2025_05_08/11_20_56_1/1,single_fish
2025_05_08,11_20_56_1,11_20_56_1,frame_402,0,255,1,1,False,False,True,1.6946494579315186,False,[],,,,,,,33.5,,,,ochoa_cinta,,2025_05_08/11_20_56_1/1,single_fish
2025_05_08,11_20_56_1,11_20_56_1,frame_403,0,255,1,1,False,False,True,1.639750838279724,False,[],,,,,,,33.5,,,,ochoa_cinta,,2025_05_08/11_20_56_1/1,single_fish
2025_05_08,11_20_56_1,11_20_56_1,frame_404,0,255,1,1,False,False,True,1.6572604179382324,False,[],,,,,,,33.5,,,,ochoa_cinta,,2025_05_08/11_20_56_1/1,single_fish
2025_05_08,11_20_56_1,11_20_56_1,frame_405,0,255,1,1,False,False,True,1.635925054550171,False,[],,,,,,,33.5,,,,ochoa_cinta,,2025_05_08/11_20_56_1/1,single_fish
2025_05_08,11_20_56_1,11_20_56_1,frame_406,0,255,1,1,False,False,True,1.601388692855835,False,[],,,,,,,33.5,,,,ochoa_cinta,,2025_05_08/11_20_56_1/1,single_fish
2025_05_08,11_20_56_1,11_20_56_1,frame_407,0,255,1,1,False,False,True,1.6130390167236328,False,[],,,,,,,33.5,,,,ochoa_cinta,,2025_05_08/11_20_56_1/1,single_fish
2025_05_08,11_20_56_1,11_20_56_1,frame_408,0,255,1,1,False,False,True,1.663358449935913,False,[],,,,,,,33.5,,,,ochoa_cinta,,2025_05_08/11_20_56_1/1,single_fish
2025_05_08,11_20_56_1,11_20_56_1,frame_409,0,255,1,1,False,False,True,1.772302508354187,False,[],,,,,,,33.5,,,,ochoa_cinta,,2025_05_08/11_20_56_1/1,single_fish
2025_05_08,11_20_56_1,11_20_56_1,frame_410,0,255,1,1,False,False,True,1.9222561120986936,False,[],,,,,,,33.5,,,,ochoa_cinta,,2025_05_08/11_20_56_1/1,single_fish
2025_05_08,11_20_56_1,11_20_56_1,frame_411,0,255,1,1,False,False,True,1.9257398843765257,False,[],,,,,,,33.5,,,,ochoa_cinta,,2025_05_08/11_20_56_1/1,single_fish
2025_05_08,11_20_56_1,11_20_56_1,frame_412,0,255,1,1,False,False,True,1.9177035093307493,False,[],,,,,,,33.5,,,,ochoa_cinta,,2025_05_08/11_20_56_1/1,single_fish
2025_05_08,11_20_56_1,11_20_56_1,frame_413,0,255,1,1,False,False,True,1.819743633270264,False,[],,,,,,,33.5,,,,ochoa_cinta,,2025_05_08/11_20_56_1/1,single_fish
2025_05_08,11_20_56_1,11_20_56_1,frame_414,0,255,1,1,False,False,True,1.7269059419631958,False,[],,,,,,,33.5,,,,ochoa_cinta,,2025_05_08/11_20_56_1/1,single_fish
2025_05_08,11_20_56_1,11_20_56_1,frame_415,0,255,1,1,False,False,True,1.6276118755340576,False,[],,,,,,,33.5,,,,ochoa_cinta,,2025_05_08/11_20_56_1/1,single_fish
2025_05_08,11_20_56_1,11_20_56_1,frame_416,0,255,1,1,False,False,True,1.5536046028137207,False,[],,,,,,,33.5,,,,ochoa_cinta,,2025_05_08/11_20_56_1/1,single_fish
2025_05_08,11_20_56_1,11_20_56_1,frame_417,0,255,1,1,False,False,True,1.5287611484527588,False,[],,,,,,,33.5,,,,ochoa_cinta,,2025_05_08/11_20_56_1/1,single_fish
2025_05_08,11_20_56_1,11_20_56_1,frame_418,0,255,7,1,False,False,True,0.0,False,[],[    0.12587      0.9727     0.19497],11.333184124424657,82.561881029444,0.2765363510787477,0.2741950362605775,0.2651149808379049,33.5,6.08049637394225,18.150735444603736,1.599697457662817,ochoa_cinta,,2025_05_08/11_20_56_1/7,single_fish
2025_05_08,11_20_56_1,11_20_56_1,frame_418,0,127,1,1,False,False,True,1.5457584857940674,False,[],,,,,,,33.5,,,,ochoa_cinta,,2025_05_08/11_20_56_1/1,single_fish
2025_05_08,11_20_56_1,11_20_56_1,frame_419,0,255,7,1,False,False,True,0.0,False,[],[   0.052005     0.99233     0.11219],6.598491269842509,86.97247677326136,0.3600672042733592,0.3596359898746664,0.3631123761299975,33.5,2.4635989874666393,7.354026828258616,1.594489811228097,ochoa_cinta,,2025_05_08/11_20_56_1/7,single_fish
2025_05_08,11_20_56_1,11_20_56_1,frame_419,0,127,1,1,False,False,True,1.545525074005127,False,[],,,,,,,33.5,,,,ochoa_cinta,,2025_05_08/11_20_56_1/1,single_fish
2025_05_08,11_20_56_1,11_20_56_1,frame_420,0,255,7,1,False,False,True,0.0,False,[],[   0.053425     0.99147     0.11888],7.093495982258407,86.87023470236248,0.3622354878994777,0.362490515346357,0.3672451162083007,33.5,2.7490515346357043,8.206123983987178,1.595559036061146,ochoa_cinta,,2025_05_08/11_20_56_1/7,single_fish
2025_05_08,11_20_56_1,11_20_56_1,frame_420,0,127,1,1,False,False,True,1.5730962753295898,False,[],,,,,,,33.5,,,,ochoa_cinta,,2025_05_08/11_20_56_1/1,single_fish
2025_05_08,11_20_56_1,11_20_56_1,frame_421,0,255,7,1,False,False,True,0.0,False,[],[    0.07123     0.98901     0.12959],7.674040026437588,85.71527878373787,0.356741942452384,0.35534315774446,0.360362314865791,33.5,2.034315774446,6.072584401331341,1.5932338891179487,ochoa_cinta,,2025_05_08/11_20_56_1/7,single_fish
2025_05_08,11_20_56_1,11_20_56_1,frame_421,0,127,1,1,False,False,True,1.6044363975524902,False,[],,,,,,,33.5,,,,ochoa_cinta,,2025_05_08/11_20_56_1/1,single_fish
2025_05_08,11_20_56_1,11_20_56_1,frame_422,0,255,7,1,False,False,True,0.0,False,[],[   0.059965     0.98927     0.13322],7.863012457789045,86.41843743190533,0.3556855225338128,0.3541065011884067,0.3618281632316938,33.5,1.910650118840671,5.703433190569173,1.5897365659690104,ochoa_cinta,,2025_05_08/11_20_56_1/7,single_fish
2025_05_08,11_20_56_1,11_20_56_1,frame_422,0,127,1,1,False,False,True,1.626237392425537,False,[],,,,,,,33.5,,,,ochoa_cinta,,2025_05_08/11_20_56_1/1,single_fish
2025_05_08,11_20_56_1,11_20_56_1,frame_423,0,255,7,1,False,False,True,0.0,False,[],[    0.11939      0.9775     0.17392],10.172261803847915,83.09526874251172,0.2764318492935126,0.2765570714119799,0.2717175589309795,33.5,5.84429285880201,17.445650324782115,1.593461884054581,ochoa_cinta,,2025_05_08/11_20_56_1/7,single_fish
2025_05_08,11_20_56_1,11_20_56_1,frame_423,0,127,1,1,False,False,True,1.6041773557662964,False,[],,,,,,,33.5,,,,ochoa_cinta,,2025_05_08/11_20_56_1/1,single_fish
2025_05_08,11_20_56_1,11_20_56_1,frame_424,0,255,7,1,False,False,True,0.0,False,[],[    0.05847     0.98942     0.13279],7.909438899677121,86.56695543034147,0.3567574603841519,0.3570800045421229,0.3512604232922448,33.5,2.2080004542122893,6.591046131977,1.586928756240626,ochoa_cinta,,2025_05_08/11_20_56_1/7,single_fish
2025_05_08,11_20_56_1,11_20_56_1,frame_424,0,127,1,1,False,False,True,1.557239651679993,False,[],,,,,,,33.5,,,,ochoa_cinta,,2025_05_08/11_20_56_1/1,single_fish
2025_05_08,11_20_56_1,11_20_56_1,frame_425,0,255,1,1,False,False,True,1.504019021987915,False,[],,,,,,,33.5,,,,ochoa_cinta,,2025_05_08/11_20_56_1/1,single_fish
2025_05_08,11_20_56_1,11_20_56_1,frame_426,0,255,1,1,False,False,True,1.4255095720291138,False,[],,,,,,,33.5,,,,ochoa_cinta,,2025_05_08/11_20_56_1/1,single_fish
2025_05_08,11_20_56_1,11_20_56_1,frame_427,0,255,1,1,False,False,True,1.3626521825790403,False,[],,,,,,,33.5,,,,ochoa_cinta,,2025_05_08/11_20_56_1/1,single_fish
2025_05_08,11_20_56_1,11_20_56_1,frame_428,0,255,1,1,False,False,True,1.330978512763977,False,[],,,,,,,33.5,,,,ochoa_cinta,,2025_05_08/11_20_56_1/1,single_fish
2025_05_08,11_20_56_1,11_20_56_1,frame_429,0,255,1,1,False,False,True,1.2856940031051636,False,[],,,,,,,33.5,,,,ochoa_cinta,,2025_05_08/11_20_56_1/1,single_fish
2025_05_08,11_20_56_1,11_20_56_1,frame_430,0,255,1,1,False,False,True,1.221277117729187,False,[],,,,,,,33.5,,,,ochoa_cinta,,2025_05_08/11_20_56_1/1,single_fish
2025_05_08,11_20_56_1,11_20_56_1,frame_431,0,255,1,1,False,False,True,1.1648849248886108,False,[],,,,,,,33.5,,,,ochoa_cinta,,2025_05_08/11_20_56_1/1,single_fish
2025_05_08,11_20_56_1,11_20_56_1,frame_432,0,255,1,1,False,False,True,1.107546091079712,False,[],,,,,,,33.5,,,,ochoa_cinta,,2025_05_08/11_20_56_1/1,single_fish
2025_05_08,11_20_56_1,11_20_56_1,frame_433,0,255,1,1,False,False,True,1.0566619634628296,False,[],,,,,,,33.5,,,,ochoa_cinta,,2025_05_08/11_20_56_1/1,single_fish
2025_05_08,11_20_56_1,11_20_56_1,frame_434,0,255,1,1,False,False,True,1.026365876197815,False,[],,,,,,,33.5,,,,ochoa_cinta,,2025_05_08/11_20_56_1/1,single_fish
2025_05_08,11_20_56_1,11_20_56_1,frame_435,0,255,1,1,False,False,True,1.009255051612854,False,[],,,,,,,33.5,,,,ochoa_cinta,,2025_05_08/11_20_56_1/1,single_fish
2025_05_08,11_20_56_1,11_20_56_1,frame_436,0,255,1,1,False,False,True,1.0524271726608276,False,[],,,,,,,33.5,,,,ochoa_cinta,,2025_05_08/11_20_56_1/1,single_fish
2025_05_08,11_20_56_1,11_20_56_1,frame_437,0,255,1,1,False,False,True,1.08663809299469,False,[],,,,,,,33.5,,,,ochoa_cinta,,2025_05_08/11_20_56_1/1,single_fish
2025_05_08,11_20_56_1,11_20_56_1,frame_438,0,255,1,1,False,False,True,1.1429784297943115,False,[],,,,,,,33.5,,,,ochoa_cinta,,2025_05_08/11_20_56_1/1,single_fish
2025_05_08,11_20_56_1,11_20_56_1,frame_439,0,255,1,1,False,False,True,1.1875351667404177,False,[],,,,,,,33.5,,,,ochoa_cinta,,2025_05_08/11_20_56_1/1,single_fish
2025_05_08,11_20_56_1,11_20_56_1,frame_440,0,255,1,1,False,False,True,1.1627542972564695,False,[],,,,,,,33.5,,,,ochoa_cinta,,2025_05_08/11_20_56_1/1,single_fish
2025_05_08,11_20_56_1,11_20_56_1,frame_441,0,255,1,1,False,False,True,1.0473469495773315,False,[],,,,,,,33.5,,,,ochoa_cinta,,2025_05_08/11_20_56_1/1,single_fish
2025_05_08,11_20_56_1,11_20_56_1,frame_442,0,255,1,1,False,False,True,1.0259166955947876,False,[],,,,,,,33.5,,,,ochoa_cinta,,2025_05_08/11_20_56_1/1,single_fish
2025_05_08,11_20_56_1,11_20_56_1,frame_443,0,255,1,1,False,False,True,1.1368262767791748,False,[],,,,,,,33.5,,,,ochoa_cinta,,2025_05_08/11_20_56_1/1,single_fish
2025_05_08,11_20_56_1,11_20_56_1,frame_444,0,255,1,1,False,False,True,1.2766696214675903,False,[],,,,,,,33.5,,,,ochoa_cinta,,2025_05_08/11_20_56_1/1,single_fish
2025_05_08,11_20_56_1,11_20_56_1,frame_445,0,255,1,1,False,False,True,1.4765454530715942,False,[],,,,,,,33.5,,,,ochoa_cinta,,2025_05_08/11_20_56_1/1,single_fish
2025_05_08,11_20_56_1,11_20_56_1,frame_446,0,255,1,1,False,False,True,1.5791637897491455,False,[],,,,,,,33.5,,,,ochoa_cinta,,2025_05_08/11_20_56_1/1,single_fish
2025_05_08,11_20_56_1,11_20_56_1,frame_447,0,255,1,1,False,False,True,1.520740628242493,False,[],,,,,,,33.5,,,,ochoa_cinta,,2025_05_08/11_20_56_1/1,single_fish
2025_05_08,11_20_56_1,11_20_56_1,frame_448,0,255,1,1,False,False,True,1.382160782814026,False,[],,,,,,,33.5,,,,ochoa_cinta,,2025_05_08/11_20_56_1/1,single_fish
2025_05_08,11_20_56_1,11_20_56_1,frame_449,0,255,1,1,False,False,True,1.225058674812317,False,[],,,,,,,33.5,,,,ochoa_cinta,,2025_05_08/11_20_56_1/1,single_fish
2025_05_08,11_20_56_1,11_20_56_1,frame_450,0,255,1,1,False,False,True,1.1652379035949707,False,[],,,,,,,33.5,,,,ochoa_cinta,,2025_05_08/11_20_56_1/1,single_fish
2025_05_08,11_20_56_1,11_20_56_1,frame_451,0,255,1,1,False,False,True,1.1720201969146729,False,[],,,,,,,33.5,,,,ochoa_cinta,,2025_05_08/11_20_56_1/1,single_fish
2025_05_08,11_20_56_1,11_20_56_1,frame_452,0,255,1,1,False,False,True,1.228601336479187,False,[],,,,,,,33.5,,,,ochoa_cinta,,2025_05_08/11_20_56_1/1,single_fish
2025_05_08,11_20_56_1,11_20_56_1,frame_453,0,255,1,1,False,False,True,1.342728853225708,False,[],,,,,,,33.5,,,,ochoa_cinta,,2025_05_08/11_20_56_1/1,single_fish
2025_05_08,11_20_56_1,11_20_56_1,frame_454,0,255,1,1,False,False,True,1.4697226285934448,False,[],,,,,,,33.5,,,,ochoa_cinta,,2025_05_08/11_20_56_1/1,single_fish
2025_05_08,11_20_56_1,11_20_56_1,frame_455,0,255,1,1,False,False,True,1.527611494064331,False,[],,,,,,,33.5,,,,ochoa_cinta,,2025_05_08/11_20_56_1/1,single_fish
2025_05_08,11_20_56_1,11_20_56_1,frame_456,0,255,1,1,False,False,True,1.5264337062835691,False,[],,,,,,,33.5,,,,ochoa_cinta,,2025_05_08/11_20_56_1/1,single_fish
2025_05_08,11_20_56_1,11_20_56_1,frame_457,0,255,1,1,False,False,True,1.474507212638855,False,[],,,,,,,33.5,,,,ochoa_cinta,,2025_05_08/11_20_56_1/1,single_fish
2025_05_08,11_20_56_1,11_20_56_1,frame_458,0,255,1,1,False,False,True,1.4551165103912354,False,[],,,,,,,33.5,,,,ochoa_cinta,,2025_05_08/11_20_56_1/1,single_fish
2025_05_08,11_20_56_1,11_20_56_1,frame_459,0,255,1,1,False,False,True,1.4588016271591189,False,[],,,,,,,33.5,,,,ochoa_cinta,,2025_05_08/11_20_56_1/1,single_fish
2025_05_08,11_20_56_1,11_20_56_1,frame_460,0,255,1,1,False,False,True,1.4245811700820925,False,[],,,,,,,33.5,,,,ochoa_cinta,,2025_05_08/11_20_56_1/1,single_fish
2025_05_08,11_20_56_1,11_20_56_1,frame_461,0,255,1,1,False,False,True,1.4110281467437744,False,[],,,,,,,33.5,,,,ochoa_cinta,,2025_05_08/11_20_56_1/1,single_fish
2025_05_08,11_20_56_1,11_20_56_1,frame_462,0,255,1,1,False,False,True,1.3722820281982422,False,[],,,,,,,33.5,,,,ochoa_cinta,,2025_05_08/11_20_56_1/1,single_fish
2025_05_08,11_20_56_1,11_20_56_1,frame_463,0,255,1,1,False,False,True,1.3304959535598757,False,[],,,,,,,33.5,,,,ochoa_cinta,,2025_05_08/11_20_56_1/1,single_fish
2025_05_08,11_20_56_1,11_20_56_1,frame_464,0,255,1,1,False,False,True,1.2972058057785034,False,[],,,,,,,33.5,,,,ochoa_cinta,,2025_05_08/11_20_56_1/1,single_fish
2025_05_08,11_20_56_1,11_20_56_1,frame_465,0,255,1,1,False,False,True,1.2683368921279907,False,[],,,,,,,33.5,,,,ochoa_cinta,,2025_05_08/11_20_56_1/1,single_fish
2025_05_08,11_20_56_1,11_20_56_1,frame_466,0,255,1,1,False,False,True,1.2569522857666016,False,[],,,,,,,33.5,,,,ochoa_cinta,,2025_05_08/11_20_56_1/1,single_fish
2025_05_08,11_20_56_1,11_20_56_1,frame_467,0,255,1,1,False,False,True,1.2536160945892334,False,[],,,,,,,33.5,,,,ochoa_cinta,,2025_05_08/11_20_56_1/1,single_fish
2025_05_08,11_20_56_1,11_20_56_1,frame_468,0,255,1,1,False,False,True,1.306840181350708,False,[],,,,,,,33.5,,,,ochoa_cinta,,2025_05_08/11_20_56_1/1,single_fish
2025_05_08,11_20_56_1,11_20_56_1,frame_469,0,255,1,1,False,False,True,1.345913052558899,False,[],,,,,,,33.5,,,,ochoa_cinta,,2025_05_08/11_20_56_1/1,single_fish
2025_05_08,11_20_56_1,11_20_56_1,frame_470,0,255,1,1,False,False,True,1.366690754890442,False,[],,,,,,,33.5,,,,ochoa_cinta,,2025_05_08/11_20_56_1/1,single_fish
2025_05_08,11_20_56_1,11_20_56_1,frame_471,0,255,1,1,False,False,True,1.4047080278396606,False,[],,,,,,,33.5,,,,ochoa_cinta,,2025_05_08/11_20_56_1/1,single_fish
2025_05_08,11_20_56_1,11_20_56_1,frame_472,0,255,1,1,False,False,True,1.4211797714233398,False,[],,,,,,,33.5,,,,ochoa_cinta,,2025_05_08/11_20_56_1/1,single_fish
2025_05_08,11_20_56_1,11_20_56_1,frame_473,0,255,1,1,False,False,True,1.485965371131897,False,[],,,,,,,33.5,,,,ochoa_cinta,,2025_05_08/11_20_56_1/1,single_fish
2025_05_08,11_20_56_1,11_20_56_1,frame_474,0,255,1,1,False,False,True,1.4879645109176636,False,[],,,,,,,33.5,,,,ochoa_cinta,,2025_05_08/11_20_56_1/1,single_fish
2025_05_08,11_20_56_1,11_20_56_1,frame_475,0,255,1,1,False,False,True,1.4882597923278809,False,[],,,,,,,33.5,,,,ochoa_cinta,,2025_05_08/11_20_56_1/1,single_fish
2025_05_08,11_20_56_1,11_20_56_1,frame_476,0,255,1,1,False,False,True,1.5669293403625488,False,[],,,,,,,33.5,,,,ochoa_cinta,,2025_05_08/11_20_56_1/1,single_fish
2025_05_08,11_20_56_1,11_20_56_1,frame_477,0,255,1,1,False,False,True,1.6038016080856323,False,[],,,,,,,33.5,,,,ochoa_cinta,,2025_05_08/11_20_56_1/1,single_fish
2025_05_08,11_20_56_1,11_20_56_1,frame_478,0,255,1,1,False,False,True,1.6192489862442017,False,[],,,,,,,33.5,,,,ochoa_cinta,,2025_05_08/11_20_56_1/1,single_fish
2025_05_08,11_20_56_1,11_20_56_1,frame_479,0,255,1,1,False,False,True,1.652997970581055,False,[],,,,,,,33.5,,,,ochoa_cinta,,2025_05_08/11_20_56_1/1,single_fish
2025_05_08,11_20_56_1,11_20_56_1,frame_480,0,255,1,1,False,False,True,1.664289474487305,False,[],,,,,,,33.5,,,,ochoa_cinta,,2025_05_08/11_20_56_1/1,single_fish
2025_05_08,11_20_56_1,11_20_56_1,frame_481,0,255,1,1,False,False,True,1.614681601524353,False,[],,,,,,,33.5,,,,ochoa_cinta,,2025_05_08/11_20_56_1/1,single_fish
2025_05_08,11_20_56_1,11_20_56_1,frame_482,0,255,1,1,False,False,True,1.5333245992660522,False,[],,,,,,,33.5,,,,ochoa_cinta,,2025_05_08/11_20_56_1/1,single_fish
2025_05_08,11_20_56_1,11_20_56_1,frame_483,0,255,1,1,False,False,True,1.457475185394287,False,[],,,,,,,33.5,,,,ochoa_cinta,,2025_05_08/11_20_56_1/1,single_fish
2025_05_08,11_20_56_1,11_20_56_1,frame_484,0,255,1,1,False,False,True,1.3917816877365112,False,[],,,,,,,33.5,,,,ochoa_cinta,,2025_05_08/11_20_56_1/1,single_fish
2025_05_08,11_20_56_1,11_20_56_1,frame_485,0,255,1,1,False,False,True,1.343004822731018,False,[],,,,,,,33.5,,,,ochoa_cinta,,2025_05_08/11_20_56_1/1,single_fish
2025_05_08,11_20_56_1,11_20_56_1,frame_486,0,255,1,1,False,False,True,1.3015501499176023,False,[],,,,,,,33.5,,,,ochoa_cinta,,2025_05_08/11_20_56_1/1,single_fish
2025_05_08,11_20_56_1,11_20_56_1,frame_487,0,255,1,1,False,False,True,1.2410681247711182,False,[],,,,,,,33.5,,,,ochoa_cinta,,2025_05_08/11_20_56_1/1,single_fish
2025_05_08,11_20_56_1,11_20_56_1,frame_488,0,255,1,1,False,False,True,1.170750856399536,False,[],,,,,,,33.5,,,,ochoa_cinta,,2025_05_08/11_20_56_1/1,single_fish
2025_05_08,11_20_56_1,11_20_56_1,frame_489,0,255,1,1,False,False,True,1.118622660636902,False,[],,,,,,,33.5,,,,ochoa_cinta,,2025_05_08/11_20_56_1/1,single_fish
2025_05_08,11_20_56_1,11_20_56_1,frame_490,0,255,1,1,False,False,True,1.0840789079666138,False,[],,,,,,,33.5,,,,ochoa_cinta,,2025_05_08/11_20_56_1/1,single_fish
2025_05_08,11_20_56_1,11_20_56_1,frame_491,0,255,1,1,False,False,True,1.0254393815994265,False,[],,,,,,,33.5,,,,ochoa_cinta,,2025_05_08/11_20_56_1/1,single_fish
2025_05_08,11_20_56_1,11_20_56_1,frame_492,0,255,1,1,False,False,True,1.0171852111816406,False,[],,,,,,,33.5,,,,ochoa_cinta,,2025_05_08/11_20_56_1/1,single_fish
2025_05_08,11_20_56_1,11_20_56_1,frame_493,0,255,1,1,False,False,True,1.037453293800354,False,[],,,,,,,33.5,,,,ochoa_cinta,,2025_05_08/11_20_56_1/1,single_fish
2025_05_08,11_20_56_1,11_20_56_1,frame_494,0,255,1,1,False,False,True,1.0327990055084229,False,[],,,,,,,33.5,,,,ochoa_cinta,,2025_05_08/11_20_56_1/1,single_fish
2025_05_08,11_20_56_1,11_20_56_1,frame_495,0,255,1,1,False,False,True,1.047218680381775,False,[],,,,,,,33.5,,,,ochoa_cinta,,2025_05_08/11_20_56_1/1,single_fish
2025_05_08,11_20_56_1,11_20_56_1,frame_496,0,255,1,1,False,False,True,1.0582836866378784,False,[],,,,,,,33.5,,,,ochoa_cinta,,2025_05_08/11_20_56_1/1,single_fish
2025_05_08,11_20_56_1,11_20_56_1,frame_497,0,255,1,1,False,False,True,1.09445059299469,False,[],,,,,,,33.5,,,,ochoa_cinta,,2025_05_08/11_20_56_1/1,single_fish
2025_05_08,11_20_56_1,11_20_56_1,frame_498,0,255,1,1,False,False,True,1.120269775390625,False,[],,,,,,,33.5,,,,ochoa_cinta,,2025_05_08/11_20_56_1/1,single_fish
2025_05_08,11_20_56_1,11_20_56_1,frame_499,0,255,1,1,False,False,True,1.1569126844406128,False,[],,,,,,,33.5,,,,ochoa_cinta,,2025_05_08/11_20_56_1/1,single_fish
2025_05_08,11_20_56_1,11_20_56_1,frame_500,0,255,1,1,False,False,True,1.2019472122192385,False,[],,,,,,,33.5,,,,ochoa_cinta,,2025_05_08/11_20_56_1/1,single_fish
2025_05_08,11_20_56_1,11_20_56_1,frame_501,0,255,1,1,False,False,True,1.21405029296875,False,[],,,,,,,33.5,,,,ochoa_cinta,,2025_05_08/11_20_56_1/1,single_fish
2025_05_08,11_20_56_1,11_20_56_1,frame_502,0,255,1,1,False,False,True,1.2521681785583496,False,[],,,,,,,33.5,,,,ochoa_cinta,,2025_05_08/11_20_56_1/1,single_fish
2025_05_08,11_20_56_1,11_20_56_1,frame_503,0,255,1,1,False,False,True,1.2378137111663818,False,[],,,,,,,33.5,,,,ochoa_cinta,,2025_05_08/11_20_56_1/1,single_fish
2025_05_08,11_20_56_1,11_20_56_1,frame_504,0,255,1,1,False,False,True,1.268031358718872,False,[],,,,,,,33.5,,,,ochoa_cinta,,2025_05_08/11_20_56_1/1,single_fish
2025_05_08,11_20_56_1,11_20_56_1,frame_505,0,255,1,1,False,False,True,1.3231030702590942,False,[],,,,,,,33.5,,,,ochoa_cinta,,2025_05_08/11_20_56_1/1,single_fish
2025_05_08,11_20_56_1,11_20_56_1,frame_506,0,255,1,1,False,False,True,1.3459556102752686,False,[],,,,,,,33.5,,,,ochoa_cinta,,2025_05_08/11_20_56_1/1,single_fish
2025_05_08,11_20_56_1,11_20_56_1,frame_507,0,255,1,1,False,False,True,1.4531899690628052,False,[],,,,,,,33.5,,,,ochoa_cinta,,2025_05_08/11_20_56_1/1,single_fish
2025_05_08,11_20_56_1,11_20_56_1,frame_508,0,255,1,1,False,False,True,1.5333796739578247,False,[],,,,,,,33.5,,,,ochoa_cinta,,2025_05_08/11_20_56_1/1,single_fish
2025_05_08,11_20_56_1,11_20_56_1,frame_509,0,255,1,1,False,False,True,1.6334151029586792,False,[],,,,,,,33.5,,,,ochoa_cinta,,2025_05_08/11_20_56_1/1,single_fish
2025_05_08,11_20_56_1,11_20_56_1,frame_510,0,255,1,1,False,False,True,1.707062602043152,False,[],,,,,,,33.5,,,,ochoa_cinta,,2025_05_08/11_20_56_1/1,single_fish
2025_05_08,11_20_56_1,11_20_56_1,frame_511,0,255,1,1,False,False,True,1.7680507898330688,False,[],,,,,,,33.5,,,,ochoa_cinta,,2025_05_08/11_20_56_1/1,single_fish
2025_05_08,11_20_56_1,11_20_56_1,frame_512,0,255,1,1,False,False,True,1.8533353805541992,False,[],,,,,,,33.5,,,,ochoa_cinta,,2025_05_08/11_20_56_1/1,single_fish
2025_05_08,11_20_56_1,11_20_56_1,frame_513,0,255,1,1,False,False,True,1.969630599021912,False,[],,,,,,,33.5,,,,ochoa_cinta,,2025_05_08/11_20_56_1/1,single_fish
2025_05_08,11_20_56_1,11_20_56_1,frame_514,0,255,1,1,False,False,True,0.0,False,[],[    0.93662    -0.32882    -0.12092],-6.7673997473300425,-19.26375371992352,0.3038058476899731,0.3038316793324682,0.3013609402617568,33.5,3.116832066753183,9.30397631866622,1.5622516179444268,ochoa_cinta,,2025_05_08/11_20_56_1/1,single_fish
2025_05_08,11_20_56_1,11_20_56_1,frame_515,0,255,1,1,False,False,True,0.0,False,[],,-8.974632178201931,-18.60054869578421,-1.0,0.3113459170167622,0.3150781372043929,33.5,2.365408298323782,7.060920293503835,1.5681501464514265,ochoa_cinta,,2025_05_08/11_20_56_1/1,single_fish
2025_05_08,11_20_56_1,11_20_56_1,frame_516,0,255,1,1,False,False,True,0.0,False,[],[    0.82936    -0.29071    -0.47713],-10.298269274309012,-16.715101443939034,0.9822619483528028,0.3086640404021884,0.3010045048628692,33.5,2.6335959597811573,7.861480476958686,1.575933671247686,ochoa_cinta,,2025_05_08/11_20_56_1/1,single_fish
2025_05_08,11_20_56_1,11_20_56_1,frame_517,0,255,1,1,False,False,True,0.0,False,[],,-11.914946603487843,-15.32164627648512,-1.0,0.3141334102284643,0.3140249840745031,33.5,2.0866589771535686,6.228832767622601,1.5800086720063624,ochoa_cinta,,2025_05_08/11_20_56_1/1,single_fish
2025_05_08,11_20_56_1,11_20_56_1,frame_518,0,255,1,1,False,False,True,0.0,False,[],[    0.90058    -0.24281    -0.36054],-13.523851142350072,-13.388866556815444,0.5669531288428411,0.3109224888571603,0.3132900128813629,33.5,2.407751114283972,7.187316759056637,1.5868758663886464,ochoa_cinta,,2025_05_08/11_20_56_1/1,single_fish
2025_05_08,11_20_56_1,11_20_56_1,frame_519,0,255,1,1,False,False,True,0.0,False,[],[    0.90809    -0.19586    -0.37016],-14.361366632609505,-11.749774811174264,0.4836286719362883,0.3129651807247107,0.313727612435027,33.5,2.20348192752893,6.57755799262368,1.587706158085208,ochoa_cinta,,2025_05_08/11_20_56_1/1,single_fish
2025_05_08,11_20_56_1,11_20_56_1,frame_520,0,255,1,1,False,False,True,0.0,False,[],,-15.278935804728189,-10.716597707159169,-1.0,0.3032595365872421,0.3058127134209648,33.5,3.1740463412757904,9.474765197838172,1.587549113006883,ochoa_cinta,,2025_05_08/11_20_56_1/1,single_fish
2025_05_08,11_20_56_1,11_20_56_1,frame_521,0,255,1,1,False,False,True,0.0,False,[],[    0.83807     -0.1582    -0.52213],-18.384093175168992,-9.583749489269454,0.8518707645723846,0.3140254144397132,0.3096902879829942,33.5,2.097458556028677,6.261070316503524,1.590814551423996,ochoa_cinta,,2025_05_08/11_20_56_1/1,single_fish
2025_05_08,11_20_56_1,11_20_56_1,frame_522,0,255,1,1,False,False,True,0.0,False,[],[    0.84536    -0.13476    -0.51693],-18.70205228590041,-8.174332390279307,0.6425814907631237,0.3133563019670069,0.3133213804316732,33.5,2.1643698032993086,6.460805382983013,1.5913676213094516,ochoa_cinta,,2025_05_08/11_20_56_1/1,single_fish
2025_05_08,11_20_56_1,11_20_56_1,frame_523,0,255,1,1,False,False,True,0.0,False,[],[    0.93569    -0.10616    -0.33648],-19.691166883084904,-6.424712615341333,0.312122994082564,0.3121478688576351,0.3139535357671197,33.5,2.2852131142364875,6.821531684288027,1.5921058888387198,ochoa_cinta,,2025_05_08/11_20_56_1/1,single_fish
2025_05_08,11_20_56_1,11_20_56_1,frame_524,0,255,1,1,False,False,True,0.0,False,[],[    0.85419   -0.090174    -0.51209],-20.734198935282738,-5.227128306070618,0.5489977133273833,0.315757601881597,0.3217694531793082,33.5,1.9242398118402981,5.743999438329238,1.5935474550471882,ochoa_cinta,,2025_05_08/11_20_56_1/1,single_fish
2025_05_08,11_20_56_1,11_20_56_1,frame_525,0,255,1,1,False,False,True,0.0,False,[],[    0.92472   -0.074497    -0.37329],-20.933283724981703,-4.503042149356248,0.3090073426307697,0.3086532361765899,0.309549737462765,33.5,2.6346763823410093,7.864705618928392,1.5880407874842306,ochoa_cinta,,2025_05_08/11_20_56_1/1,single_fish
2025_05_08,11_20_56_1,11_20_56_1,frame_526,0,255,1,1,False,False,True,0.0,False,[],[    0.94212   -0.057582    -0.33029],-18.77154436445453,-3.385529414342766,0.3097715390605546,0.3073334224147713,0.3055712509495806,33.5,2.7666577585228715,8.258679876187664,1.5833875347474902,ochoa_cinta,,2025_05_08/11_20_56_1/1,single_fish
2025_05_08,11_20_56_1,11_20_56_1,frame_527,0,255,1,1,False,False,True,0.0,False,[],[      0.874    -0.05246    -0.48309],-20.64033196662696,-3.287322200080129,0.7809274976300031,0.3169147972814718,0.3218820769469296,33.5,1.8085202718528173,5.398567975680044,1.5804736111697906,ochoa_cinta,,2025_05_08/11_20_56_1/1,single_fish
2025_05_08,11_20_56_1,11_20_56_1,frame_528,0,255,1,1,False,False,True,0.0,False,[],[    0.88632   -0.049557    -0.46041],-18.39816003609149,-2.819113753791948,0.7175196759190668,0.3172505974824214,0.3140327567680629,33.5,1.774940251757858,5.29832910972496,1.5773205600768336,ochoa_cinta,,2025_05_08/11_20_56_1/1,single_fish
2025_05_08,11_20_56_1,11_20_56_1,frame_529,0,255,1,1,False,False,True,0.0,False,[],,-15.756540801087551,-2.5183710770633017,-1.0,0.3218976357626142,0.3139303098689537,33.5,1.31023642373858,3.911153503697257,1.5769954748690498,ochoa_cinta,,2025_05_08/11_20_56_1/1,single_fish
2025_05_08,11_20_56_1,11_20_56_1,frame_530,0,255,1,1,False,False,True,0.0,False,[],,-14.122857827761583,-2.3017535188128164,-1.0,0.3145593400642271,0.3172074185863801,33.5,2.0440659935772914,6.101689533066547,1.5715459020776683,ochoa_cinta,,2025_05_08/11_20_56_1/1,single_fish
2025_05_08,11_20_56_1,11_20_56_1,frame_532,0,255,1,1,False,False,True,0.0,False,[],[    0.97525   -0.018136    -0.22036],-12.55371340399368,-1.047657466819255,0.3239956072907503,0.3239968910446428,0.3326196752753222,33.5,1.1003108955357206,3.2845101359275124,1.5627716929627238,ochoa_cinta,,2025_05_08/11_20_56_1/1,single_fish
2025_05_08,11_20_56_1,11_20_56_1,frame_534,0,255,1,1,False,False,True,0.0,False,[],[    0.98683  -0.0086086    -0.16153],-9.303581561128642,-0.4635883419452701,0.3210105938041349,0.3210982026341086,0.3163611542832358,33.5,1.3901797365891397,4.149790258475052,1.5573330130475376,ochoa_cinta,,2025_05_08/11_20_56_1/1,single_fish
2025_05_08,11_20_56_1,11_20_56_1,frame_535,0,255,1,1,False,False,True,0.0,False,[],,-9.708260864297465,-0.5940406105345553,-1.0,0.3232709453465877,0.3248133229553581,33.5,1.1729054653412305,3.501210344302192,1.5505172305795445,ochoa_cinta,,2025_05_08/11_20_56_1/1,single_fish
2025_05_08,11_20_56_1,11_20_56_1,frame_536,0,255,1,1,False,False,True,0.0,False,[],,-6.232579537716126,-0.425324397341732,-1.0,0.3201501842175015,0.3238405915224802,33.5,1.484981578249851,4.432780830596567,1.5467664253767477,ochoa_cinta,,2025_05_08/11_20_56_1/1,single_fish
2025_05_08,11_20_56_1,11_20_56_1,frame_537,0,255,1,1,False,False,True,0.0,False,[],,-4.965973204769767,-0.5713681977788783,-1.0,0.3192371863881392,0.3367717634897618,33.5,1.57628136118608,4.705317496077842,1.5415154109571938,ochoa_cinta,,2025_05_08/11_20_56_1/1,single_fish
2025_05_08,11_20_56_1,11_20_56_1,frame_538,0,255,1,1,False,False,True,0.0,False,[],[    0.99171   -0.003281    -0.12847],-6.518497459801482,-0.1686884898438073,0.3232789167294639,0.3225919858661463,0.3316145879615663,33.5,1.2408014133853698,3.70388481607574,1.5345407455348992,ochoa_cinta,,2025_05_08/11_20_56_1/1,single_fish
2025_05_08,11_20_56_1,11_20_56_1,frame_539,0,255,1,1,False,False,True,0.0,False,[],[    0.99636  -0.0030849   -0.085178],-4.83103619785481,-0.2481056406687652,0.3193892584812038,0.3175997124382856,0.3288700416215644,33.5,1.7400287561714407,5.194115690063987,1.5295407004659858,ochoa_cinta,,2025_05_08/11_20_56_1/1,single_fish
2025_05_08,11_20_56_1,11_20_56_1,frame_540,0,255,1,1,False,False,True,0.0,False,[],[     0.9941   0.0045342    -0.10839],-6.782293264590456,0.3325168803342378,0.3154229467091329,0.3121950284696347,0.3189952039061242,33.5,2.280497153036528,6.807454188168751,1.5198805515220566,ochoa_cinta,,2025_05_08/11_20_56_1/1,single_fish
2025_05_08,11_20_56_1,11_20_56_1,frame_541,0,255,1,1,False,False,True,0.0,False,[],[    0.99287   0.0019794    -0.11922],-6.732081092527097,0.0246507861882387,0.3493841520169656,0.3144340327046802,0.3187961421689364,33.5,2.0565967295319822,6.139094715020832,1.5155942142299923,ochoa_cinta,,2025_05_08/11_20_56_1/1,single_fish
2025_05_08,11_20_56_1,11_20_56_1,frame_543,0,255,1,1,False,False,True,0.0,False,[],[    0.98193    0.024106    -0.18772],-8.837386184073864,0.9971102002617424,0.4066588834841862,0.312100478283474,0.3233214395748162,33.5,2.289952171652601,6.83567812433613,1.5033366392911531,ochoa_cinta,,2025_05_08/11_20_56_1/1,single_fish
2025_05_08,11_20_56_1,11_20_56_1,frame_544,0,255,1,1,False,False,True,0.0,False,[],[    0.97913    0.026955    -0.20146],-11.662824254130834,1.7374384719721605,0.3116645238985058,0.3104469654365288,0.3239708672590912,33.5,2.4553034563471208,7.32926404879737,1.494331116843321,ochoa_cinta,,2025_05_08/11_20_56_1/1,single_fish
2025_05_08,11_20_56_1,11_20_56_1,frame_547,0,255,1,1,False,False,True,0.0,False,[],[    0.95938    0.057719    -0.27613],-16.089778659392362,3.4444861669821174,0.3095088233071599,0.3075282034148325,0.3154450713728238,33.5,2.7471796585167496,8.20053629407984,1.4755930538566746,ochoa_cinta,,2025_05_08/11_20_56_1/1,single_fish
2025_05_08,11_20_56_1,11_20_56_1,frame_552,0,255,1,1,False,False,True,0.0,False,[],[    0.94732    0.084825    -0.30885],-18.023663111923472,5.219811370925617,0.2983885836351638,0.2983011416146728,0.3114177799348999,33.5,3.6698858385327213,10.954883100097677,1.433439034622428,ochoa_cinta,,2025_05_08/11_20_56_1/1,single_fish
2025_05_08,11_20_56_1,11_20_56_1,frame_553,0,255,1,1,False,False,True,0.0,False,[],[     0.9415    0.073027    -0.32902],-18.015523903940775,4.236372976585917,0.448940293407832,0.3064382450771765,0.319157296584393,33.5,2.8561754922823503,8.525896991887604,1.4245567278712208,ochoa_cinta,,2025_05_08/11_20_56_1/1,single_fish
2025_05_08,11_20_56_1,11_20_56_1,frame_554,0,255,1,1,False,False,True,0.0,False,[],[    0.95458    0.064093    -0.29098],-16.91361413805797,3.816701545833697,0.295962555772207,0.2910820593817326,0.3120600446997124,33.5,4.39179406182674,13.109833020378336,1.4146104216449409,ochoa_cinta,,2025_05_08/11_20_56_1/1,single_fish
2025_05_08,11_20_56_1,11_20_56_1,frame_555,0,255,1,1,False,False,True,0.0,False,[],[    0.91316    0.055591     -0.4038],-15.989963065958118,3.0868263366863817,0.7604408081457928,0.30253206824281,0.3070897400967322,33.5,3.2467931757190023,9.691919927519416,1.408688847943672,ochoa_cinta,,2025_05_08/11_20_56_1/1,single_fish
2025_05_08,11_20_56_1,11_20_56_1,frame_556,0,255,1,1,False,False,True,0.0,False,[],[    0.96817    0.026932    -0.24883],-14.282564961244224,1.5075925566895696,0.2959733838036352,0.2959240033662381,0.3015564508362173,33.5,3.9075996633761925,11.664476607093098,1.402346885014303,ochoa_cinta,,2025_05_08/11_20_56_1/1,single_fish
2025_05_08,11_20_56_1,11_20_56_1,frame_557,0,255,-1,1,False,False,True,1.919999957084656,False,[],,,,,,,33.5,,,,ochoa_cinta,,2025_05_08/11_20_56_1/-1,single_fish
2025_05_08,11_20_56_1,11_20_56_1,frame_558,0,255,1,1,False,False,True,0.0,False,[],[    0.92333  -0.0032571    -0.38398],-15.371756231299525,-0.7312936726445497,0.7564662893546049,0.2923769536778945,0.2973522296155122,33.5,4.262304632210547,12.723297409583733,1.3870980955434569,ochoa_cinta,,2025_05_08/11_20_56_1/1,single_fish
2025_05_08,11_20_56_1,11_20_56_1,frame_559,0,255,1,1,False,False,True,0.0,False,[],[     -0.701    0.002291     0.71316],-16.99908234508698,-1.544367136188297,2.0314444462389623,0.2944193741645226,0.3067031892360558,33.5,4.058062583547741,12.11361965238133,1.3792405817236988,ochoa_cinta,,2025_05_08/11_20_56_1/1,single_fish
2025_05_08,11_20_56_1,11_20_56_1,frame_560,0,255,1,1,False,False,True,0.0,False,[],[   -0.56927    0.052701     0.82046],-17.03124017082994,-2.744359241184073,1.9762944378961536,0.3010142707982305,0.3041050413169486,33.5,3.3985729201769495,10.144993791572988,1.3760723915870718,ochoa_cinta,,2025_05_08/11_20_56_1/1,single_fish
2025_05_08,11_20_56_1,11_20_56_1,frame_561,0,255,1,1,False,False,True,0.0,False,[],[    0.78543   -0.056422    -0.61637],-18.51394466346453,-4.292019645652574,1.2635247669759213,0.2879658434897575,0.2970133859837098,33.5,4.7034156510242475,14.040046719475376,1.3752558508015873,ochoa_cinta,,2025_05_08/11_20_56_1/1,single_fish
2025_05_08,11_20_56_1,11_20_56_1,frame_562,0,255,1,1,False,False,True,0.0,False,[],[     0.9321   -0.066954    -0.35597],-19.517748293663388,-4.240891774695742,0.2982655896630343,0.2967785152799681,0.302822253405726,33.5,3.822148472003189,11.40939842389012,1.3758642849433853,ochoa_cinta,,2025_05_08/11_20_56_1/1,single_fish
2025_05_08,11_20_56_1,11_20_56_1,frame_563,0,255,1,1,False,False,True,0.0,False,[],[    0.88356   -0.061612    -0.46424],-22.025954673029453,-4.821317500703158,0.4644840607234166,0.3118336010908087,0.3176029387061424,33.5,2.3166398909191273,6.915342957967555,1.3776882331651157,ochoa_cinta,,2025_05_08/11_20_56_1/1,single_fish
2025_05_08,11_20_56_1,11_20_56_1,frame_564,0,255,1,1,False,False,True,0.0,False,[],[    0.90234   -0.073072    -0.42478],-23.77154927842304,-5.197743413472987,0.3147229554350692,0.3033108362799608,0.3003288296581855,33.5,3.1689163720039204,9.459451856728124,1.3846873882779651,ochoa_cinta,,2025_05_08/11_20_56_1/1,single_fish
2025_05_08,11_20_56_1,11_20_56_1,frame_565,0,255,1,1,False,False,True,0.0,False,[],[    0.90383   -0.040989    -0.42592],-24.53403871846944,-3.0054654619940777,0.3374955290449979,0.2915495838461843,0.2975917129866972,33.5,4.345041615381572,12.970273478750943,1.388373979288729,ochoa_cinta,,2025_05_08/11_20_56_1/1,single_fish
2025_05_08,11_20_56_1,11_20_56_1,frame_566,0,255,1,1,False,False,True,0.0,False,[],[      0.846   -0.047942    -0.53102],-26.473427767410328,-3.054643379800064,0.6839391997434203,0.3007832855932504,0.2984826370198757,33.5,3.4216714406749595,10.213944599029736,1.395190696474004,ochoa_cinta,,2025_05_08/11_20_56_1/1,single_fish
2025_05_08,11_20_56_1,11_20_56_1,frame_567,0,255,1,1,False,False,True,1.9606350660324097,False,[],,,,,,,33.5,,,,ochoa_cinta,,2025_05_08/11_20_56_1/1,single_fish
2025_05_08,11_20_56_1,11_20_56_1,frame_568,0,255,1,1,False,False,True,1.9139848947525024,False,[],,,,,,,33.5,,,,ochoa_cinta,,2025_05_08/11_20_56_1/1,single_fish
2025_05_08,11_20_56_1,11_20_56_1,frame_569,0,255,1,1,False,False,True,1.884190917015076,False,[],,,,,,,33.5,,,,ochoa_cinta,,2025_05_08/11_20_56_1/1,single_fish
2025_05_08,11_20_56_1,11_20_56_1,frame_570,0,255,1,1,False,False,True,1.870079040527344,False,[],,,,,,,33.5,,,,ochoa_cinta,,2025_05_08/11_20_56_1/1,single_fish
2025_05_08,11_20_56_1,11_20_56_1,frame_571,0,255,1,1,False,False,True,1.8713531494140625,False,[],,,,,,,33.5,,,,ochoa_cinta,,2025_05_08/11_20_56_1/1,single_fish
2025_05_08,11_20_56_1,11_20_56_1,frame_572,0,255,1,1,False,False,True,1.786117672920227,False,[],,,,,,,33.5,,,,ochoa_cinta,,2025_05_08/11_20_56_1/1,single_fish
2025_05_08,11_20_56_1,11_20_56_1,frame_573,0,255,1,1,False,False,True,1.770213007926941,False,[],,,,,,,33.5,,,,ochoa_cinta,,2025_05_08/11_20_56_1/1,single_fish
2025_05_08,11_20_56_1,11_20_56_1,frame_574,0,255,1,1,False,False,True,1.765378713607788,False,[],,,,,,,33.5,,,,ochoa_cinta,,2025_05_08/11_20_56_1/1,single_fish
2025_05_08,11_20_56_1,11_20_56_1,frame_576,0,255,1,1,False,False,True,1.5690317153930664,False,[],,,,,,,33.5,,,,ochoa_cinta,,2025_05_08/11_20_56_1/1,single_fish
2025_05_08,11_20_56_1,11_20_56_1,frame_577,0,255,1,1,False,False,True,1.479029893875122,False,[],,,,,,,33.5,,,,ochoa_cinta,,2025_05_08/11_20_56_1/1,single_fish
2025_05_08,11_20_56_1,11_20_56_1,frame_578,0,255,1,1,False,False,True,1.4673912525177002,False,[],,,,,,,33.5,,,,ochoa_cinta,,2025_05_08/11_20_56_1/1,single_fish
2025_05_08,11_20_56_1,11_20_56_1,frame_579,0,255,1,1,False,False,True,1.4573880434036257,False,[],,,,,,,33.5,,,,ochoa_cinta,,2025_05_08/11_20_56_1/1,single_fish
2025_05_08,11_20_56_1,11_20_56_1,frame_580,0,255,1,1,False,False,True,1.4630076885223389,False,[],,,,,,,33.5,,,,ochoa_cinta,,2025_05_08/11_20_56_1/1,single_fish
2025_05_08,11_20_56_1,11_20_56_1,frame_581,0,255,1,1,False,False,True,1.4645817279815674,False,[],,,,,,,33.5,,,,ochoa_cinta,,2025_05_08/11_20_56_1/1,single_fish
2025_05_08,11_20_56_1,11_20_56_1,frame_582,0,255,1,1,False,False,True,1.4555906057357788,False,[],,,,,,,33.5,,,,ochoa_cinta,,2025_05_08/11_20_56_1/1,single_fish
2025_05_08,11_20_56_1,11_20_56_1,frame_583,0,255,1,1,False,False,True,1.4330344200134275,False,[],,,,,,,33.5,,,,ochoa_cinta,,2025_05_08/11_20_56_1/1,single_fish
2025_05_08,11_20_56_1,11_20_56_1,frame_584,0,255,1,1,False,False,True,1.4321167469024658,False,[],,,,,,,33.5,,,,ochoa_cinta,,2025_05_08/11_20_56_1/1,single_fish
2025_05_08,11_20_56_1,11_20_56_1,frame_585,0,255,1,1,False,False,True,1.467530369758606,False,[],,,,,,,33.5,,,,ochoa_cinta,,2025_05_08/11_20_56_1/1,single_fish
2025_05_08,11_20_56_1,11_20_56_1,frame_586,0,255,1,1,False,False,True,1.5242745876312256,False,[],,,,,,,33.5,,,,ochoa_cinta,,2025_05_08/11_20_56_1/1,single_fish
2025_05_08,11_20_56_1,11_20_56_1,frame_587,0,255,1,1,False,False,True,1.5714417695999146,False,[],,,,,,,33.5,,,,ochoa_cinta,,2025_05_08/11_20_56_1/1,single_fish
2025_05_08,11_20_56_1,11_20_56_1,frame_588,0,255,1,1,False,False,True,1.5973070859909058,False,[],,,,,,,33.5,,,,ochoa_cinta,,2025_05_08/11_20_56_1/1,single_fish
2025_05_08,11_20_56_1,11_20_56_1,frame_589,0,255,1,1,False,False,True,1.6544995307922363,False,[],,,,,,,33.5,,,,ochoa_cinta,,2025_05_08/11_20_56_1/1,single_fish
2025_05_08,11_20_56_1,11_20_56_1,frame_590,0,255,1,1,False,False,True,1.7073324918746948,False,[],,,,,,,33.5,,,,ochoa_cinta,,2025_05_08/11_20_56_1/1,single_fish
2025_05_08,11_20_56_1,11_20_56_1,frame_591,0,255,1,1,False,False,True,1.7990045547485352,False,[],,,,,,,33.5,,,,ochoa_cinta,,2025_05_08/11_20_56_1/1,single_fish
2025_05_08,11_20_56_1,11_20_56_1,frame_592,0,255,1,1,False,False,True,1.90549910068512,False,[],,,,,,,33.5,,,,ochoa_cinta,,2025_05_08/11_20_56_1/1,single_fish
2025_05_08,11_20_56_1,11_20_56_1,frame_593,0,255,1,1,False,False,True,1.96420693397522,False,[],,,,,,,33.5,,,,ochoa_cinta,,2025_05_08/11_20_56_1/1,single_fish
2025_05_08,11_20_56_1,11_20_56_1,frame_594,0,255,1,1,False,False,True,0.0,False,[],[   -0.11585     0.25894     0.95892],-10.40492631170298,-19.793214766259315,1.7713777913792752,0.2946562400613686,0.2970495190447678,33.5,4.03437599386314,12.042913414516844,1.417340578688529,ochoa_cinta,,2025_05_08/11_20_56_1/1,single_fish
2025_05_08,11_20_56_1,11_20_56_1,frame_595,0,255,1,1,False,False,True,0.0,False,[],[  -0.085282     0.25355     0.96356],-12.911695783184014,-17.667147781143,1.8079846151878889,0.2983747671057878,0.2933050191866481,33.5,3.6625232894212196,10.932905341555884,1.408747654338708,ochoa_cinta,,2025_05_08/11_20_56_1/1,single_fish
2025_05_08,11_20_56_1,11_20_56_1,frame_596,0,255,1,1,False,False,True,0.0,False,[],[  -0.018064     0.24156     0.97022],-10.96189504148918,-15.761557478181162,1.861733307561576,0.3001015137237327,0.292220224928245,33.5,3.4898486276267278,10.417458589930536,1.3946848676502706,ochoa_cinta,,2025_05_08/11_20_56_1/1,single_fish
2025_05_08,11_20_56_1,11_20_56_1,frame_597,0,255,1,1,False,False,True,0.0,False,[],[  -0.029729     0.24302     0.96957],-10.773263789147196,-16.294171515747475,1.8574255781787763,0.3022103729152408,0.2903898526688843,33.5,3.278962708475923,9.78794838351022,1.3837999813527946,ochoa_cinta,,2025_05_08/11_20_56_1/1,single_fish
2025_05_08,11_20_56_1,11_20_56_1,frame_598,0,255,1,1,False,False,True,0.0,False,[],[  -0.018818     0.24754      0.9687],-10.301814753157236,-17.715254761570698,1.882016845285088,0.3048591866460215,0.2884945950304868,33.5,3.0140813353978473,8.997257717605523,1.3685310608718555,ochoa_cinta,,2025_05_08/11_20_56_1/1,single_fish
2025_05_08,11_20_56_1,11_20_56_1,frame_599,0,255,1,1,False,False,True,0.0,False,[],[  -0.058015     0.26409     0.96275],-8.641582299460453,-17.941989974053982,1.794351016397691,0.305536078794854,0.2946150002261703,33.5,2.9463921205145986,8.795200359745078,1.3528204369423638,ochoa_cinta,,2025_05_08/11_20_56_1/1,single_fish
2025_05_08,11_20_56_1,11_20_56_1,frame_600,0,255,1,1,False,False,True,0.0,False,[],[   0.011728     0.23149     0.97277],67.7901075595235,134.63001215115474,1.798572398425471,1.754844834189578,0.8147967387566597,33.5,141.98448341895778,423.8342788625606,1.351526980726128,ochoa_cinta,,2025_05_08/11_20_56_1/1,single_fish
2025_05_08,11_20_56_1,11_20_56_1,frame_601,0,255,1,1,False,False,True,0.0,False,[],[  0.0049001     0.23592     0.97176],-1.6665745796819116,-21.072651428966356,1.81099650902348,0.3134968016457796,0.3066798632363547,33.5,2.1503198354220423,6.418865180364309,1.3224235447148462,ochoa_cinta,,2025_05_08/11_20_56_1/1,single_fish
2025_05_08,11_20_56_1,11_20_56_1,frame_602,0,255,1,1,False,False,True,0.0,False,[],[  0.0032085     0.24095     0.97053],2.287071993728408,-22.5070373722027,1.8067057216662017,0.3192432055318614,0.3203394801400309,33.5,1.575679446813858,4.703520736757792,1.307808995806227,ochoa_cinta,,2025_05_08/11_20_56_1/1,single_fish
2025_05_08,11_20_56_1,11_20_56_1,frame_603,0,255,1,1,False,False,True,1.918874263763428,False,[],,,,,,,33.5,,,,ochoa_cinta,,2025_05_08/11_20_56_1/1,single_fish
2025_05_08,11_20_56_1,11_20_56_1,frame_604,0,255,1,1,False,False,True,1.7865952253341677,False,[],,,,,,,33.5,,,,ochoa_cinta,,2025_05_08/11_20_56_1/1,single_fish
2025_05_08,11_20_56_1,11_20_56_1,frame_605,0,255,1,1,False,False,True,1.6905254125595093,False,[],,,,,,,33.5,,,,ochoa_cinta,,2025_05_08/11_20_56_1/1,single_fish
2025_05_08,11_20_56_1,11_20_56_1,frame_606,0,255,1,1,False,False,True,1.5997860431671145,False,[],,,,,,,33.5,,,,ochoa_cinta,,2025_05_08/11_20_56_1/1,single_fish
2025_05_08,11_20_56_1,11_20_56_1,frame_607,0,255,1,1,False,False,True,1.4810378551483154,False,[],,,,,,,33.5,,,,ochoa_cinta,,2025_05_08/11_20_56_1/1,single_fish
2025_05_08,11_20_56_1,11_20_56_1,frame_608,0,255,1,1,False,False,True,1.421211004257202,False,[],,,,,,,33.5,,,,ochoa_cinta,,2025_05_08/11_20_56_1/1,single_fish
2025_05_08,11_20_56_1,11_20_56_1,frame_609,0,255,1,1,False,False,True,1.4081201553344729,False,[],,,,,,,33.5,,,,ochoa_cinta,,2025_05_08/11_20_56_1/1,single_fish
2025_05_08,11_20_56_1,11_20_56_1,frame_610,0,255,1,1,False,False,True,1.4072250127792358,False,[],,,,,,,33.5,,,,ochoa_cinta,,2025_05_08/11_20_56_1/1,single_fish
2025_05_08,11_20_56_1,11_20_56_1,frame_611,0,255,1,1,False,False,True,1.4307143688201904,False,[],,,,,,,33.5,,,,ochoa_cinta,,2025_05_08/11_20_56_1/1,single_fish
2025_05_08,11_20_56_1,11_20_56_1,frame_612,0,255,1,1,False,False,True,1.456680178642273,False,[],,,,,,,33.5,,,,ochoa_cinta,,2025_05_08/11_20_56_1/1,single_fish
2025_05_08,11_20_56_1,11_20_56_1,frame_614,0,255,1,1,False,False,True,1.487316012382507,False,[],,,,,,,33.5,,,,ochoa_cinta,,2025_05_08/11_20_56_1/1,single_fish
2025_05_08,11_20_56_1,11_20_56_1,frame_615,0,255,1,1,False,False,True,1.527056097984314,False,[],,,,,,,33.5,,,,ochoa_cinta,,2025_05_08/11_20_56_1/1,single_fish
2025_05_08,11_20_56_1,11_20_56_1,frame_616,0,255,1,1,False,False,True,1.5605273246765137,False,[],,,,,,,33.5,,,,ochoa_cinta,,2025_05_08/11_20_56_1/1,single_fish
2025_05_08,11_20_56_1,11_20_56_1,frame_617,0,255,1,1,False,False,True,1.585185408592224,False,[],,,,,,,33.5,,,,ochoa_cinta,,2025_05_08/11_20_56_1/1,single_fish
2025_05_08,11_20_56_1,11_20_56_1,frame_618,0,255,1,1,False,False,True,1.594315767288208,False,[],,,,,,,33.5,,,,ochoa_cinta,,2025_05_08/11_20_56_1/1,single_fish
2025_05_08,11_20_56_1,11_20_56_1,frame_619,0,255,1,1,False,False,True,1.6029044389724731,False,[],,,,,,,33.5,,,,ochoa_cinta,,2025_05_08/11_20_56_1/1,single_fish
2025_05_08,11_20_56_1,11_20_56_1,frame_620,0,255,1,1,False,False,True,1.6149423122406006,False,[],,,,,,,33.5,,,,ochoa_cinta,,2025_05_08/11_20_56_1/1,single_fish
2025_05_08,11_20_56_1,11_20_56_1,frame_621,0,255,1,1,False,False,True,1.6021603345870972,False,[],,,,,,,33.5,,,,ochoa_cinta,,2025_05_08/11_20_56_1/1,single_fish
2025_05_08,11_20_56_1,11_20_56_1,frame_622,0,255,1,1,False,False,True,1.6181174516677856,False,[],,,,,,,33.5,,,,ochoa_cinta,,2025_05_08/11_20_56_1/1,single_fish
2025_05_08,11_20_56_1,11_20_56_1,frame_623,0,255,1,1,False,False,True,1.6126630306243896,False,[],,,,,,,33.5,,,,ochoa_cinta,,2025_05_08/11_20_56_1/1,single_fish
2025_05_08,11_20_56_1,11_20_56_1,frame_624,0,255,1,1,False,False,True,1.5988038778305054,False,[],,,,,,,33.5,,,,ochoa_cinta,,2025_05_08/11_20_56_1/1,single_fish
2025_05_08,11_20_56_1,11_20_56_1,frame_625,0,255,1,1,False,False,True,1.5911624431610107,False,[],,,,,,,33.5,,,,ochoa_cinta,,2025_05_08/11_20_56_1/1,single_fish
2025_05_08,11_20_56_1,11_20_56_1,frame_626,0,255,1,1,False,False,True,1.5869126319885254,False,[],,,,,,,33.5,,,,ochoa_cinta,,2025_05_08/11_20_56_1/1,single_fish
2025_05_08,11_20_56_1,11_20_56_1,frame_627,0,255,1,1,False,False,True,1.5649956464767456,False,[],,,,,,,33.5,,,,ochoa_cinta,,2025_05_08/11_20_56_1/1,single_fish
2025_05_08,11_20_56_1,11_20_56_1,frame_628,0,255,1,1,False,False,True,1.5401289463043213,False,[],,,,,,,33.5,,,,ochoa_cinta,,2025_05_08/11_20_56_1/1,single_fish
2025_05_08,11_20_56_1,11_20_56_1,frame_629,0,255,1,1,False,False,True,1.508549690246582,False,[],,,,,,,33.5,,,,ochoa_cinta,,2025_05_08/11_20_56_1/1,single_fish
2025_05_08,11_20_56_1,11_20_56_1,frame_630,0,255,1,1,False,False,True,1.4492526054382324,False,[],,,,,,,33.5,,,,ochoa_cinta,,2025_05_08/11_20_56_1/1,single_fish
2025_05_08,11_20_56_1,11_20_56_1,frame_631,0,255,1,1,False,False,True,1.4171003103256226,False,[],,,,,,,33.5,,,,ochoa_cinta,,2025_05_08/11_20_56_1/1,single_fish
2025_05_08,11_20_56_1,11_20_56_1,frame_632,0,255,1,1,False,False,True,1.385611057281494,False,[],,,,,,,33.5,,,,ochoa_cinta,,2025_05_08/11_20_56_1/1,single_fish
2025_05_08,11_20_56_1,11_20_56_1,frame_633,0,255,1,1,False,False,True,1.3610719442367554,False,[],,,,,,,33.5,,,,ochoa_cinta,,2025_05_08/11_20_56_1/1,single_fish
2025_05_08,11_20_56_1,11_20_56_1,frame_634,0,255,1,1,False,False,True,1.3380924463272097,False,[],,,,,,,33.5,,,,ochoa_cinta,,2025_05_08/11_20_56_1/1,single_fish
2025_05_08,11_20_56_1,11_20_56_1,frame_635,0,255,1,1,False,False,True,1.3406168222427368,False,[],,,,,,,33.5,,,,ochoa_cinta,,2025_05_08/11_20_56_1/1,single_fish
2025_05_08,11_20_56_1,11_20_56_1,frame_636,0,255,1,1,False,False,True,1.3337966203689575,False,[],,,,,,,33.5,,,,ochoa_cinta,,2025_05_08/11_20_56_1/1,single_fish
2025_05_08,11_20_56_1,11_20_56_1,frame_637,0,255,1,1,False,False,True,1.314297795295715,False,[],,,,,,,33.5,,,,ochoa_cinta,,2025_05_08/11_20_56_1/1,single_fish
2025_05_08,11_20_56_1,11_20_56_1,frame_638,0,255,1,1,False,False,True,1.2669799327850342,False,[],,,,,,,33.5,,,,ochoa_cinta,,2025_05_08/11_20_56_1/1,single_fish
2025_05_08,11_20_56_1,11_20_56_1,frame_639,0,255,1,1,False,False,True,1.2382876873016355,False,[],,,,,,,33.5,,,,ochoa_cinta,,2025_05_08/11_20_56_1/1,single_fish
2025_05_08,11_20_56_1,11_20_56_1,frame_640,0,255,1,1,False,False,True,1.2313308715820312,False,[],,,,,,,33.5,,,,ochoa_cinta,,2025_05_08/11_20_56_1/1,single_fish
2025_05_08,11_20_56_1,11_20_56_1,frame_641,0,255,1,1,False,False,True,1.2617262601852417,False,[],,,,,,,33.5,,,,ochoa_cinta,,2025_05_08/11_20_56_1/1,single_fish
2025_05_08,11_20_56_1,11_20_56_1,frame_642,0,255,1,1,False,False,True,1.3193178176879885,False,[],,,,,,,33.5,,,,ochoa_cinta,,2025_05_08/11_20_56_1/1,single_fish
2025_05_08,11_20_56_1,11_20_56_1,frame_643,0,255,1,1,False,False,True,1.3777087926864624,False,[],,,,,,,33.5,,,,ochoa_cinta,,2025_05_08/11_20_56_1/1,single_fish
2025_05_08,11_20_56_1,11_20_56_1,frame_644,0,255,1,1,False,False,True,1.407393455505371,False,[],,,,,,,33.5,,,,ochoa_cinta,,2025_05_08/11_20_56_1/1,single_fish
2025_05_08,11_20_56_1,11_20_56_1,frame_646,0,255,1,1,False,False,True,1.481804132461548,False,[],,,,,,,33.5,,,,ochoa_cinta,,2025_05_08/11_20_56_1/1,single_fish
2025_05_08,11_20_56_1,11_20_56_1,frame_647,0,255,1,1,False,False,True,1.554576396942139,False,[],,,,,,,33.5,,,,ochoa_cinta,,2025_05_08/11_20_56_1/1,single_fish
2025_05_08,11_20_56_1,11_20_56_1,frame_648,0,255,1,1,False,False,True,1.631827473640442,False,[],,,,,,,33.5,,,,ochoa_cinta,,2025_05_08/11_20_56_1/1,single_fish
2025_05_08,11_20_56_1,11_20_56_1,frame_649,0,255,1,1,False,False,True,1.72221839427948,False,[],,,,,,,33.5,,,,ochoa_cinta,,2025_05_08/11_20_56_1/1,single_fish
2025_05_08,11_20_56_1,11_20_56_1,frame_650,0,255,1,1,False,False,True,1.7885465621948242,False,[],,,,,,,33.5,,,,ochoa_cinta,,2025_05_08/11_20_56_1/1,single_fish
2025_05_08,11_20_56_1,11_20_56_1,frame_651,0,255,1,1,False,False,True,1.855268597602844,False,[],,,,,,,33.5,,,,ochoa_cinta,,2025_05_08/11_20_56_1/1,single_fish
2025_05_08,11_20_56_1,11_20_56_1,frame_652,0,255,1,1,False,False,True,1.8991358280181885,False,[],,,,,,,33.5,,,,ochoa_cinta,,2025_05_08/11_20_56_1/1,single_fish
2025_05_08,11_20_56_1,11_20_56_1,frame_653,0,255,-1,1,True,False,True,1.8181818723678589,False,[],,,,,,,33.5,,,,ochoa_cinta,,2025_05_08/11_20_56_1/-1,single_fish
2025_05_08,11_20_56_1,11_20_56_1,frame_653,0,127,-1,1,False,False,True,0.0,False,[],[  -0.088786    -0.41447     0.90572],54.68179224036293,-100.7719311404234,2.3954327995406945,0.3501456497639057,0.3292148182453748,33.5,1.5145649763905737,4.521089481762895,2.4427793983966564,ochoa_cinta,,2025_05_08/11_20_56_1/-1,single_fish
2025_05_08,11_20_56_1,11_20_56_1,frame_654,0,255,-1,1,True,False,True,1.6595745086669922,False,[],,,,,,,33.5,,,,ochoa_cinta,,2025_05_08/11_20_56_1/-1,single_fish
2025_05_08,11_20_56_1,11_20_56_1,frame_658,0,255,1,1,False,False,True,0.0,False,[],[   -0.17697     0.28354     0.94249],10.143856366197609,-15.774744270380967,2.1321349408321155,0.3222382397814286,0.3217229984601907,33.5,1.2761760218571396,3.8094806622601176,1.0114081808500792,ochoa_cinta,,2025_05_08/11_20_56_1/1,single_fish
2025_05_08,11_20_56_1,11_20_56_1,frame_660,0,255,1,1,False,False,True,0.0,False,[],[   -0.24793     0.26263      0.9325],9.354423944332536,-15.76596539715466,2.3654349970238475,0.316729168482634,0.3156941885329247,33.5,1.827083151736602,5.453979557422695,1.0153091310268612,ochoa_cinta,,2025_05_08/11_20_56_1/1,single_fish
2025_05_08,11_20_56_1,11_20_56_1,frame_663,0,255,1,1,False,False,True,0.0,False,[],[   -0.31626     0.27633     0.90753],8.586992175295988,-14.41007731350204,2.343114617730476,0.3175924558301745,0.3078486201224,33.5,1.7407544169825506,5.196281841738967,1.0233216879180516,ochoa_cinta,,2025_05_08/11_20_56_1/1,single_fish
2025_05_08,11_20_56_1,11_20_56_1,frame_664,0,255,1,1,False,False,True,0.0,False,[],[   -0.28106     0.27574     0.91923],8.872321180829529,-14.269183500424358,1.9234075404417312,0.3185004008002148,0.3162880415694191,33.5,1.6499599199785209,4.925253492473184,1.0261926305478606,ochoa_cinta,,2025_05_08/11_20_56_1/1,single_fish
2025_05_08,11_20_56_1,11_20_56_1,frame_665,0,255,1,1,False,False,True,0.0,False,[],[   -0.31092     0.24094     0.91939],9.486416690945388,-14.22305587617701,2.4109619373180813,0.3155556805160839,0.312352270533349,33.5,1.9444319483916104,5.804274472810764,1.0304575011696584,ochoa_cinta,,2025_05_08/11_20_56_1/1,single_fish
2025_05_08,11_20_56_0,11_20_56_0,frame_0,0,255,1,1,False,False,True,1.1585365533828735,False,[],,,,,,,33.5,,,,ochoa_cinta,,2025_05_08/11_20_56_0/1,single_fish
2025_05_08,11_20_56_0,11_20_56_0,frame_1,0,255,1,1,False,False,True,1.1555160284042358,False,[],,,,,,,33.5,,,,ochoa_cinta,,2025_05_08/11_20_56_0/1,single_fish
2025_05_08,11_20_56_0,11_20_56_0,frame_2,0,255,1,1,False,False,True,1.1638792753219604,False,[],,,,,,,33.5,,,,ochoa_cinta,,2025_05_08/11_20_56_0/1,single_fish
2025_05_08,11_20_56_0,11_20_56_0,frame_3,0,255,1,1,False,False,True,1.163488745689392,False,[],,,,,,,33.5,,,,ochoa_cinta,,2025_05_08/11_20_56_0/1,single_fish
2025_05_08,11_20_56_0,11_20_56_0,frame_4,0,255,1,1,False,False,True,1.1718754768371582,False,[],,,,,,,33.5,,,,ochoa_cinta,,2025_05_08/11_20_56_0/1,single_fish
2025_05_08,11_20_56_0,11_20_56_0,frame_5,0,255,1,1,False,False,True,1.1856634616851809,False,[],,,,,,,33.5,,,,ochoa_cinta,,2025_05_08/11_20_56_0/1,single_fish
2025_05_08,11_20_56_0,11_20_56_0,frame_6,0,255,1,1,False,False,True,1.1952143907546997,False,[],,,,,,,33.5,,,,ochoa_cinta,,2025_05_08/11_20_56_0/1,single_fish
2025_05_08,11_20_56_0,11_20_56_0,frame_7,0,255,1,1,False,False,True,1.2051546573638916,False,[],,,,,,,33.5,,,,ochoa_cinta,,2025_05_08/11_20_56_0/1,single_fish
2025_05_08,11_20_56_0,11_20_56_0,frame_8,0,255,1,1,False,False,True,1.228892803192139,False,[],,,,,,,33.5,,,,ochoa_cinta,,2025_05_08/11_20_56_0/1,single_fish
2025_05_08,11_20_56_0,11_20_56_0,frame_9,0,255,1,1,False,False,True,1.221505880355835,False,[],,,,,,,33.5,,,,ochoa_cinta,,2025_05_08/11_20_56_0/1,single_fish
2025_05_08,11_20_56_0,11_20_56_0,frame_10,0,255,1,1,False,False,True,1.1912556886672974,False,[],,,,,,,33.5,,,,ochoa_cinta,,2025_05_08/11_20_56_0/1,single_fish
2025_05_08,11_20_56_0,11_20_56_0,frame_11,0,255,1,1,False,False,True,1.1366230249404907,False,[],,,,,,,33.5,,,,ochoa_cinta,,2025_05_08/11_20_56_0/1,single_fish
2025_05_08,11_20_56_0,11_20_56_0,frame_12,0,255,1,1,False,False,True,1.1097562313079834,False,[],,,,,,,33.5,,,,ochoa_cinta,,2025_05_08/11_20_56_0/1,single_fish
2025_05_08,11_20_56_0,11_20_56_0,frame_13,0,255,1,1,False,False,True,1.0737043619155884,False,[],,,,,,,33.5,,,,ochoa_cinta,,2025_05_08/11_20_56_0/1,single_fish
2025_05_08,11_20_56_0,11_20_56_0,frame_14,0,255,1,1,False,False,True,1.0602071285247805,False,[],,,,,,,33.5,,,,ochoa_cinta,,2025_05_08/11_20_56_0/1,single_fish
2025_05_08,11_20_56_0,11_20_56_0,frame_15,0,255,1,1,False,False,True,1.0706003904342651,False,[],,,,,,,33.5,,,,ochoa_cinta,,2025_05_08/11_20_56_0/1,single_fish
2025_05_08,11_20_56_0,11_20_56_0,frame_16,0,255,1,1,False,False,True,1.0784358978271484,False,[],,,,,,,33.5,,,,ochoa_cinta,,2025_05_08/11_20_56_0/1,single_fish
2025_05_08,11_20_56_0,11_20_56_0,frame_17,0,255,1,1,False,False,True,1.096993327140808,False,[],,,,,,,33.5,,,,ochoa_cinta,,2025_05_08/11_20_56_0/1,single_fish
2025_05_08,11_20_56_0,11_20_56_0,frame_18,0,255,1,1,False,False,True,1.1185787916183472,False,[],,,,,,,33.5,,,,ochoa_cinta,,2025_05_08/11_20_56_0/1,single_fish
2025_05_08,11_20_56_0,11_20_56_0,frame_19,0,255,1,1,False,False,True,1.1405764818191528,False,[],,,,,,,33.5,,,,ochoa_cinta,,2025_05_08/11_20_56_0/1,single_fish
2025_05_08,11_20_56_0,11_20_56_0,frame_20,0,255,1,1,False,False,True,1.154745101928711,False,[],,,,,,,33.5,,,,ochoa_cinta,,2025_05_08/11_20_56_0/1,single_fish
2025_05_08,11_20_56_0,11_20_56_0,frame_21,0,255,1,1,False,False,True,1.1706326007843018,False,[],,,,,,,33.5,,,,ochoa_cinta,,2025_05_08/11_20_56_0/1,single_fish
2025_05_08,11_20_56_0,11_20_56_0,frame_22,0,255,1,1,False,False,True,1.1775566339492798,False,[],,,,,,,33.5,,,,ochoa_cinta,,2025_05_08/11_20_56_0/1,single_fish
2025_05_08,11_20_56_0,11_20_56_0,frame_23,0,255,1,1,False,False,True,1.1928646564483645,False,[],,,,,,,33.5,,,,ochoa_cinta,,2025_05_08/11_20_56_0/1,single_fish
2025_05_08,11_20_56_0,11_20_56_0,frame_24,0,255,1,1,False,False,True,1.2276324033737185,False,[],,,,,,,33.5,,,,ochoa_cinta,,2025_05_08/11_20_56_0/1,single_fish
2025_05_08,11_20_56_0,11_20_56_0,frame_25,0,255,1,1,False,False,True,1.2611398696899414,False,[],,,,,,,33.5,,,,ochoa_cinta,,2025_05_08/11_20_56_0/1,single_fish
2025_05_08,11_20_56_0,11_20_56_0,frame_26,0,255,1,1,False,False,True,1.2791035175323486,False,[],,,,,,,33.5,,,,ochoa_cinta,,2025_05_08/11_20_56_0/1,single_fish
2025_05_08,11_20_56_0,11_20_56_0,frame_27,0,255,1,1,False,False,True,1.295708417892456,False,[],,,,,,,33.5,,,,ochoa_cinta,,2025_05_08/11_20_56_0/1,single_fish
2025_05_08,11_20_56_0,11_20_56_0,frame_28,0,255,1,1,False,False,True,1.3095104694366455,False,[],,,,,,,33.5,,,,ochoa_cinta,,2025_05_08/11_20_56_0/1,single_fish
2025_05_08,11_20_56_0,11_20_56_0,frame_29,0,255,1,1,False,False,True,1.325842261314392,False,[],,,,,,,33.5,,,,ochoa_cinta,,2025_05_08/11_20_56_0/1,single_fish
2025_05_08,11_20_56_0,11_20_56_0,frame_30,0,255,1,1,False,False,True,1.3367595672607422,False,[],,,,,,,33.5,,,,ochoa_cinta,,2025_05_08/11_20_56_0/1,single_fish
2025_05_08,11_20_56_0,11_20_56_0,frame_31,0,255,1,1,False,False,True,1.3385369777679443,False,[],,,,,,,33.5,,,,ochoa_cinta,,2025_05_08/11_20_56_0/1,single_fish
2025_05_08,11_20_56_0,11_20_56_0,frame_32,0,255,1,1,False,False,True,1.364863038063049,False,[],,,,,,,33.5,,,,ochoa_cinta,,2025_05_08/11_20_56_0/1,single_fish
2025_05_08,11_20_56_0,11_20_56_0,frame_33,0,255,1,1,False,False,True,1.3914850950241089,False,[],,,,,,,33.5,,,,ochoa_cinta,,2025_05_08/11_20_56_0/1,single_fish
2025_05_08,11_20_56_0,11_20_56_0,frame_34,0,255,1,1,False,False,True,1.404636025428772,False,[],,,,,,,33.5,,,,ochoa_cinta,,2025_05_08/11_20_56_0/1,single_fish
2025_05_08,11_20_56_0,11_20_56_0,frame_35,0,255,1,1,False,False,True,1.4068670272827148,False,[],,,,,,,33.5,,,,ochoa_cinta,,2025_05_08/11_20_56_0/1,single_fish
2025_05_08,11_20_56_0,11_20_56_0,frame_36,0,255,1,1,False,False,True,1.4110163450241089,False,[],,,,,,,33.5,,,,ochoa_cinta,,2025_05_08/11_20_56_0/1,single_fish
2025_05_08,11_20_56_0,11_20_56_0,frame_37,0,255,1,1,False,False,True,1.4124773740768433,False,[],,,,,,,33.5,,,,ochoa_cinta,,2025_05_08/11_20_56_0/1,single_fish
2025_05_08,11_20_56_0,11_20_56_0,frame_38,0,255,1,1,False,False,True,1.410253882408142,False,[],,,,,,,33.5,,,,ochoa_cinta,,2025_05_08/11_20_56_0/1,single_fish
2025_05_08,11_20_56_0,11_20_56_0,frame_39,0,255,1,1,False,False,True,1.395413160324097,False,[],,,,,,,33.5,,,,ochoa_cinta,,2025_05_08/11_20_56_0/1,single_fish
2025_05_08,11_20_56_0,11_20_56_0,frame_41,0,255,1,1,False,False,True,1.3246278762817385,False,[],,,,,,,33.5,,,,ochoa_cinta,,2025_05_08/11_20_56_0/1,single_fish
2025_05_08,11_20_56_0,11_20_56_0,frame_42,0,255,1,1,False,False,True,1.331600308418274,False,[],,,,,,,33.5,,,,ochoa_cinta,,2025_05_08/11_20_56_0/1,single_fish
2025_05_08,11_20_56_0,11_20_56_0,frame_43,0,255,1,1,False,False,True,1.3086140155792236,False,[],,,,,,,33.5,,,,ochoa_cinta,,2025_05_08/11_20_56_0/1,single_fish
2025_05_08,11_20_56_0,11_20_56_0,frame_44,0,255,1,1,False,False,True,1.2315394878387451,False,[],,,,,,,33.5,,,,ochoa_cinta,,2025_05_08/11_20_56_0/1,single_fish
2025_05_08,11_20_56_0,11_20_56_0,frame_45,0,255,1,1,False,False,True,1.106749176979065,False,[],,,,,,,33.5,,,,ochoa_cinta,,2025_05_08/11_20_56_0/1,single_fish
2025_05_08,11_20_56_0,11_20_56_0,frame_46,0,255,1,1,False,False,True,1.0753918886184692,False,[],,,,,,,33.5,,,,ochoa_cinta,,2025_05_08/11_20_56_0/1,single_fish
2025_05_08,11_20_56_0,11_20_56_0,frame_47,0,255,1,1,False,False,True,1.035010576248169,False,[],,,,,,,33.5,,,,ochoa_cinta,,2025_05_08/11_20_56_0/1,single_fish
2025_05_08,11_20_56_0,11_20_56_0,frame_48,0,255,1,1,False,False,True,1.042630314826965,False,[],,,,,,,33.5,,,,ochoa_cinta,,2025_05_08/11_20_56_0/1,single_fish
2025_05_08,11_20_56_0,11_20_56_0,frame_49,0,255,1,1,False,False,True,1.0881508588790894,False,[],,,,,,,33.5,,,,ochoa_cinta,,2025_05_08/11_20_56_0/1,single_fish
2025_05_08,11_20_56_0,11_20_56_0,frame_50,0,255,1,1,False,False,True,1.1730940341949463,False,[],,,,,,,33.5,,,,ochoa_cinta,,2025_05_08/11_20_56_0/1,single_fish
2025_05_08,11_20_56_0,11_20_56_0,frame_51,0,255,1,1,False,False,True,1.2504647970199585,False,[],,,,,,,33.5,,,,ochoa_cinta,,2025_05_08/11_20_56_0/1,single_fish
2025_05_08,11_20_56_0,11_20_56_0,frame_52,0,255,1,1,False,False,True,1.312209963798523,False,[],,,,,,,33.5,,,,ochoa_cinta,,2025_05_08/11_20_56_0/1,single_fish
2025_05_08,11_20_56_0,11_20_56_0,frame_53,0,255,1,1,False,False,True,1.41668963432312,False,[],,,,,,,33.5,,,,ochoa_cinta,,2025_05_08/11_20_56_0/1,single_fish
2025_05_08,11_20_56_0,11_20_56_0,frame_54,0,255,1,1,False,False,True,1.4315520524978638,False,[],,,,,,,33.5,,,,ochoa_cinta,,2025_05_08/11_20_56_0/1,single_fish
2025_05_08,11_20_56_0,11_20_56_0,frame_55,0,255,1,1,False,False,True,1.485113263130188,False,[],,,,,,,33.5,,,,ochoa_cinta,,2025_05_08/11_20_56_0/1,single_fish
2025_05_08,11_20_56_0,11_20_56_0,frame_56,0,255,1,1,False,False,True,1.50816547870636,False,[],,,,,,,33.5,,,,ochoa_cinta,,2025_05_08/11_20_56_0/1,single_fish
2025_05_08,11_20_56_0,11_20_56_0,frame_57,0,255,1,1,False,False,True,1.5925300121307373,False,[],,,,,,,33.5,,,,ochoa_cinta,,2025_05_08/11_20_56_0/1,single_fish
2025_05_08,11_20_56_0,11_20_56_0,frame_58,0,255,1,1,False,False,True,1.615051507949829,False,[],,,,,,,33.5,,,,ochoa_cinta,,2025_05_08/11_20_56_0/1,single_fish
2025_05_08,11_20_56_0,11_20_56_0,frame_59,0,255,1,1,False,False,True,1.608951449394226,False,[],,,,,,,33.5,,,,ochoa_cinta,,2025_05_08/11_20_56_0/1,single_fish
2025_05_08,11_20_56_0,11_20_56_0,frame_60,0,255,1,1,False,False,True,1.5269185304641724,False,[],,,,,,,33.5,,,,ochoa_cinta,,2025_05_08/11_20_56_0/1,single_fish
2025_05_08,11_20_56_0,11_20_56_0,frame_61,0,255,1,1,False,False,True,1.43957781791687,False,[],,,,,,,33.5,,,,ochoa_cinta,,2025_05_08/11_20_56_0/1,single_fish
2025_05_08,11_20_56_0,11_20_56_0,frame_62,0,255,1,1,False,False,True,1.3539564609527588,False,[],,,,,,,33.5,,,,ochoa_cinta,,2025_05_08/11_20_56_0/1,single_fish
2025_05_08,11_20_56_0,11_20_56_0,frame_63,0,255,1,1,False,False,True,1.2865570783615112,False,[],,,,,,,33.5,,,,ochoa_cinta,,2025_05_08/11_20_56_0/1,single_fish
2025_05_08,11_20_56_0,11_20_56_0,frame_64,0,255,1,1,False,False,True,1.227388620376587,False,[],,,,,,,33.5,,,,ochoa_cinta,,2025_05_08/11_20_56_0/1,single_fish
2025_05_08,11_20_56_0,11_20_56_0,frame_65,0,255,1,1,False,False,True,1.1797786951065063,False,[],,,,,,,33.5,,,,ochoa_cinta,,2025_05_08/11_20_56_0/1,single_fish
2025_05_08,11_20_56_0,11_20_56_0,frame_66,0,255,1,1,False,False,True,1.1333097219467163,False,[],,,,,,,33.5,,,,ochoa_cinta,,2025_05_08/11_20_56_0/1,single_fish
2025_05_08,11_20_56_0,11_20_56_0,frame_67,0,255,1,1,False,False,True,1.0765085220336914,False,[],,,,,,,33.5,,,,ochoa_cinta,,2025_05_08/11_20_56_0/1,single_fish
2025_05_08,11_20_56_0,11_20_56_0,frame_68,0,255,1,1,False,False,True,1.0273630619049072,False,[],,,,,,,33.5,,,,ochoa_cinta,,2025_05_08/11_20_56_0/1,single_fish
2025_05_08,11_20_56_0,11_20_56_0,frame_69,0,255,1,1,False,False,True,1.017442226409912,False,[],,,,,,,33.5,,,,ochoa_cinta,,2025_05_08/11_20_56_0/1,single_fish
2025_05_08,11_20_56_0,11_20_56_0,frame_70,0,255,1,1,False,False,True,1.0483428239822388,False,[],,,,,,,33.5,,,,ochoa_cinta,,2025_05_08/11_20_56_0/1,single_fish
2025_05_08,11_20_56_0,11_20_56_0,frame_71,0,255,1,1,False,False,True,1.1109366416931152,False,[],,,,,,,33.5,,,,ochoa_cinta,,2025_05_08/11_20_56_0/1,single_fish
2025_05_08,11_20_56_0,11_20_56_0,frame_72,0,255,1,1,False,False,True,1.158222198486328,False,[],,,,,,,33.5,,,,ochoa_cinta,,2025_05_08/11_20_56_0/1,single_fish
2025_05_08,11_20_56_0,11_20_56_0,frame_73,0,255,1,1,False,False,True,1.1754494905471802,False,[],,,,,,,33.5,,,,ochoa_cinta,,2025_05_08/11_20_56_0/1,single_fish
2025_05_08,11_20_56_0,11_20_56_0,frame_74,0,255,1,1,False,False,True,1.1875228881835938,False,[],,,,,,,33.5,,,,ochoa_cinta,,2025_05_08/11_20_56_0/1,single_fish
2025_05_08,11_20_56_0,11_20_56_0,frame_75,0,255,1,1,False,False,True,1.2358627319335938,False,[],,,,,,,33.5,,,,ochoa_cinta,,2025_05_08/11_20_56_0/1,single_fish
2025_05_08,11_20_56_0,11_20_56_0,frame_76,0,255,1,1,False,False,True,1.2016057968139648,False,[],,,,,,,33.5,,,,ochoa_cinta,,2025_05_08/11_20_56_0/1,single_fish
2025_05_08,11_20_56_0,11_20_56_0,frame_77,0,255,1,1,False,False,True,1.2965054512023926,False,[],,,,,,,33.5,,,,ochoa_cinta,,2025_05_08/11_20_56_0/1,single_fish
2025_05_08,11_20_56_0,11_20_56_0,frame_78,0,255,1,1,False,False,True,1.191825270652771,False,[],,,,,,,33.5,,,,ochoa_cinta,,2025_05_08/11_20_56_0/1,single_fish
2025_05_08,11_20_56_0,11_20_56_0,frame_79,0,255,1,1,False,False,True,1.1298390626907349,False,[],,,,,,,33.5,,,,ochoa_cinta,,2025_05_08/11_20_56_0/1,single_fish
2025_05_08,11_20_56_0,11_20_56_0,frame_80,0,255,1,1,False,False,True,1.0347447395324707,False,[],,,,,,,33.5,,,,ochoa_cinta,,2025_05_08/11_20_56_0/1,single_fish
2025_05_08,11_20_56_0,11_20_56_0,frame_81,0,255,1,1,False,False,True,1.0467498302459717,False,[],,,,,,,33.5,,,,ochoa_cinta,,2025_05_08/11_20_56_0/1,single_fish
2025_05_08,11_20_56_0,11_20_56_0,frame_82,0,255,1,1,False,False,True,1.1364340782165527,False,[],,,,,,,33.5,,,,ochoa_cinta,,2025_05_08/11_20_56_0/1,single_fish
2025_05_08,11_20_56_0,11_20_56_0,frame_83,0,255,1,1,False,False,True,1.2419615983963013,False,[],,,,,,,33.5,,,,ochoa_cinta,,2025_05_08/11_20_56_0/1,single_fish
2025_05_08,11_20_56_0,11_20_56_0,frame_84,0,255,1,1,False,False,True,1.3956668376922607,False,[],,,,,,,33.5,,,,ochoa_cinta,,2025_05_08/11_20_56_0/1,single_fish
2025_05_08,11_20_56_0,11_20_56_0,frame_85,0,255,1,1,False,False,True,1.632160186767578,False,[],,,,,,,33.5,,,,ochoa_cinta,,2025_05_08/11_20_56_0/1,single_fish
2025_05_08,11_20_56_0,11_20_56_0,frame_86,0,255,1,1,False,False,True,1.902694582939148,False,[],,,,,,,33.5,,,,ochoa_cinta,,2025_05_08/11_20_56_0/1,single_fish
2025_05_08,11_20_56_0,11_20_56_0,frame_87,0,255,1,1,False,False,True,0.0,False,[],[   -0.36194      0.2479     0.89863],26.72302373130039,116.92109436663628,1.7688159593271149,0.2371501830505979,0.2212470096296035,33.5,9.78498169494021,29.208900581911056,1.66436562771594,ochoa_cinta,,2025_05_08/11_20_56_0/1,single_fish
2025_05_08,11_20_56_0,11_20_56_0,frame_88,0,255,1,1,False,False,True,0.0,False,[],[   -0.35286     0.19323     0.91551],25.753505304796427,112.78901891585257,1.661511063803934,0.2410136456287996,0.214932248572357,33.5,9.398635437120042,28.055628170507568,1.6858541273018892,ochoa_cinta,,2025_05_08/11_20_56_0/1,single_fish
2025_05_08,11_20_56_0,11_20_56_0,frame_89,0,255,1,1,False,False,True,0.0,False,[],[   -0.36491     0.24928     0.89705],27.71355611247421,110.94010960707428,1.7180643079819218,0.2543364637810741,0.2269002682040757,33.5,8.066353621892588,24.078667528037588,1.7094118172638262,ochoa_cinta,,2025_05_08/11_20_56_0/1,single_fish
2025_05_08,11_20_56_0,11_20_56_0,frame_90,0,255,1,1,False,False,True,0.0,False,[],[    -0.3754     0.18996     0.90719],65.67148167673973,158.37789431768547,1.6839373256068788,1.5776429952640862,1.5731108379000434,33.5,124.26429952640862,370.9382075415183,1.7926695780540869,ochoa_cinta,,2025_05_08/11_20_56_0/1,single_fish
2025_05_08,11_20_56_0,11_20_56_0,frame_91,0,255,1,1,False,False,True,0.0,False,[],[   -0.35757     0.21273     0.90933],26.64557847227245,112.54722006999867,1.5932580515077397,0.2365995829719174,0.205612849051992,33.5,9.840041702808257,29.37325881435301,1.7566899434281602,ochoa_cinta,,2025_05_08/11_20_56_0/1,single_fish
2025_05_08,11_20_56_0,11_20_56_0,frame_92,0,255,1,1,False,False,True,0.0,False,[],[   -0.35609      0.2217     0.90777],27.21257007419861,116.88364707134043,1.6493345064247529,0.2331187338380742,0.2172880185422249,33.5,10.18812661619258,30.412318257291275,1.7786444618928532,ochoa_cinta,,2025_05_08/11_20_56_0/1,single_fish
2025_05_08,11_20_56_0,11_20_56_0,frame_93,0,255,1,1,False,False,True,0.0,False,[],[   -0.38556     0.24749     0.88887],28.27251912659337,117.3617501078746,1.6131066628208386,0.2696160624568577,0.2363983068334464,33.5,6.538393754314228,19.517593296460376,1.7966014683246612,ochoa_cinta,,2025_05_08/11_20_56_0/1,single_fish
2025_05_08,11_20_56_0,11_20_56_0,frame_94,0,255,1,1,False,False,True,0.0,False,[],[   -0.36593      0.2456     0.89765],27.32567135759995,121.91256649990063,1.5572161244546352,0.2327864286694181,0.2194118090945691,33.5,10.221357133058191,30.511513830024445,1.8160776824480551,ochoa_cinta,,2025_05_08/11_20_56_0/1,single_fish
2025_05_08,11_20_56_0,11_20_56_0,frame_95,0,255,1,1,False,False,True,0.0,False,[],[   -0.41009     0.33517     0.84823],24.85192609691435,122.38971555687692,1.3143899750950458,0.2455278543642316,0.2251674431471392,33.5,8.94721456357684,26.708103174856237,1.8316449756837556,ochoa_cinta,,2025_05_08/11_20_56_0/1,single_fish
2025_05_08,11_20_56_0,11_20_56_0,frame_96,0,255,1,1,False,False,True,1.9304628372192385,False,[],,,,,,,33.5,,,,ochoa_cinta,,2025_05_08/11_20_56_0/1,single_fish
2025_05_08,11_20_56_0,11_20_56_0,frame_97,0,255,1,1,False,False,True,1.6726621389389038,False,[],,,,,,,33.5,,,,ochoa_cinta,,2025_05_08/11_20_56_0/1,single_fish
2025_05_08,11_20_56_0,11_20_56_0,frame_98,0,255,1,1,False,False,True,1.5375564098358154,False,[],,,,,,,33.5,,,,ochoa_cinta,,2025_05_08/11_20_56_0/1,single_fish
2025_05_08,11_20_56_0,11_20_56_0,frame_99,0,255,1,1,False,False,True,1.3857638835906982,False,[],,,,,,,33.5,,,,ochoa_cinta,,2025_05_08/11_20_56_0/1,single_fish
2025_05_08,11_20_56_0,11_20_56_0,frame_100,0,255,1,1,False,False,True,1.2445038557052612,False,[],,,,,,,33.5,,,,ochoa_cinta,,2025_05_08/11_20_56_0/1,single_fish
2025_05_08,11_20_56_0,11_20_56_0,frame_101,0,255,1,1,False,False,True,1.1621663570404053,False,[],,,,,,,33.5,,,,ochoa_cinta,,2025_05_08/11_20_56_0/1,single_fish
2025_05_08,11_20_56_0,11_20_56_0,frame_102,0,255,1,1,False,False,True,1.140108346939087,False,[],,,,,,,33.5,,,,ochoa_cinta,,2025_05_08/11_20_56_0/1,single_fish
2025_05_08,11_20_56_0,11_20_56_0,frame_103,0,255,1,1,False,False,True,1.089461326599121,False,[],,,,,,,33.5,,,,ochoa_cinta,,2025_05_08/11_20_56_0/1,single_fish
2025_05_08,11_20_56_0,11_20_56_0,frame_104,0,255,1,1,False,False,True,1.06857168674469,False,[],,,,,,,33.5,,,,ochoa_cinta,,2025_05_08/11_20_56_0/1,single_fish
2025_05_08,11_20_56_0,11_20_56_0,frame_105,0,255,1,1,False,False,True,1.111695408821106,False,[],,,,,,,33.5,,,,ochoa_cinta,,2025_05_08/11_20_56_0/1,single_fish
2025_05_08,11_20_56_0,11_20_56_0,frame_106,0,255,1,1,False,False,True,1.1366455554962158,False,[],,,,,,,33.5,,,,ochoa_cinta,,2025_05_08/11_20_56_0/1,single_fish
2025_05_08,11_20_56_0,11_20_56_0,frame_107,0,255,1,1,False,False,True,1.1503410339355469,False,[],,,,,,,33.5,,,,ochoa_cinta,,2025_05_08/11_20_56_0/1,single_fish
2025_05_08,11_20_56_0,11_20_56_0,frame_108,0,255,1,1,False,False,True,1.204743504524231,False,[],,,,,,,33.5,,,,ochoa_cinta,,2025_05_08/11_20_56_0/1,single_fish
2025_05_08,11_20_56_0,11_20_56_0,frame_109,0,255,1,1,False,False,True,1.2207276821136477,False,[],,,,,,,33.5,,,,ochoa_cinta,,2025_05_08/11_20_56_0/1,single_fish
2025_05_08,11_20_56_0,11_20_56_0,frame_110,0,255,1,1,False,False,True,1.2254321575164795,False,[],,,,,,,33.5,,,,ochoa_cinta,,2025_05_08/11_20_56_0/1,single_fish
2025_05_08,11_20_56_0,11_20_56_0,frame_111,0,255,1,1,False,False,True,1.2439782619476318,False,[],,,,,,,33.5,,,,ochoa_cinta,,2025_05_08/11_20_56_0/1,single_fish
2025_05_08,11_20_56_0,11_20_56_0,frame_112,0,255,1,1,False,False,True,1.2287276983261108,False,[],,,,,,,33.5,,,,ochoa_cinta,,2025_05_08/11_20_56_0/1,single_fish
2025_05_08,11_20_56_0,11_20_56_0,frame_113,0,255,1,1,False,False,True,1.2636491060256958,False,[],,,,,,,33.5,,,,ochoa_cinta,,2025_05_08/11_20_56_0/1,single_fish
2025_05_08,11_20_56_0,11_20_56_0,frame_114,0,255,1,1,False,False,True,1.3014357089996338,False,[],,,,,,,33.5,,,,ochoa_cinta,,2025_05_08/11_20_56_0/1,single_fish
2025_05_08,11_20_56_0,11_20_56_0,frame_115,0,255,1,1,False,False,True,1.3368929624557495,False,[],,,,,,,33.5,,,,ochoa_cinta,,2025_05_08/11_20_56_0/1,single_fish
2025_05_08,11_20_56_0,11_20_56_0,frame_116,0,255,1,1,False,False,True,1.3589565753936768,False,[],,,,,,,33.5,,,,ochoa_cinta,,2025_05_08/11_20_56_0/1,single_fish
2025_05_08,11_20_56_0,11_20_56_0,frame_117,0,255,1,1,False,False,True,1.36335027217865,False,[],,,,,,,33.5,,,,ochoa_cinta,,2025_05_08/11_20_56_0/1,single_fish
2025_05_08,11_20_56_0,11_20_56_0,frame_118,0,255,1,1,False,False,True,1.3769986629486084,False,[],,,,,,,33.5,,,,ochoa_cinta,,2025_05_08/11_20_56_0/1,single_fish
2025_05_08,11_20_56_0,11_20_56_0,frame_119,0,255,1,1,False,False,True,1.3893544673919678,False,[],,,,,,,33.5,,,,ochoa_cinta,,2025_05_08/11_20_56_0/1,single_fish
2025_05_08,11_20_56_0,11_20_56_0,frame_120,0,255,1,1,False,False,True,1.4059573411941528,False,[],,,,,,,33.5,,,,ochoa_cinta,,2025_05_08/11_20_56_0/1,single_fish
2025_05_08,11_20_56_0,11_20_56_0,frame_121,0,255,1,1,False,False,True,1.3728686571121216,False,[],,,,,,,33.5,,,,ochoa_cinta,,2025_05_08/11_20_56_0/1,single_fish
2025_05_08,11_20_56_0,11_20_56_0,frame_122,0,255,1,1,False,False,True,1.3503307104110718,False,[],,,,,,,33.5,,,,ochoa_cinta,,2025_05_08/11_20_56_0/1,single_fish
2025_05_08,11_20_56_0,11_20_56_0,frame_123,0,255,1,1,False,False,True,1.2919816970825195,False,[],,,,,,,33.5,,,,ochoa_cinta,,2025_05_08/11_20_56_0/1,single_fish
2025_05_08,11_20_56_0,11_20_56_0,frame_124,0,255,1,1,False,False,True,1.278696894645691,False,[],,,,,,,33.5,,,,ochoa_cinta,,2025_05_08/11_20_56_0/1,single_fish
2025_05_08,11_20_56_0,11_20_56_0,frame_125,0,255,1,1,False,False,True,1.203934907913208,False,[],,,,,,,33.5,,,,ochoa_cinta,,2025_05_08/11_20_56_0/1,single_fish
2025_05_08,11_20_56_0,11_20_56_0,frame_126,0,255,1,1,False,False,True,1.131022810935974,False,[],,,,,,,33.5,,,,ochoa_cinta,,2025_05_08/11_20_56_0/1,single_fish
2025_05_08,11_20_56_0,11_20_56_0,frame_127,0,255,1,1,False,False,True,1.0674031972885132,False,[],,,,,,,33.5,,,,ochoa_cinta,,2025_05_08/11_20_56_0/1,single_fish
2025_05_08,11_20_56_0,11_20_56_0,frame_128,0,255,1,1,False,False,True,1.0267364978790283,False,[],,,,,,,33.5,,,,ochoa_cinta,,2025_05_08/11_20_56_0/1,single_fish
2025_05_08,11_20_56_0,11_20_56_0,frame_129,0,255,1,1,False,False,True,1.0839699506759644,False,[],,,,,,,33.5,,,,ochoa_cinta,,2025_05_08/11_20_56_0/1,single_fish
2025_05_08,11_20_56_0,11_20_56_0,frame_130,0,255,1,1,False,False,True,1.1045411825180054,False,[],,,,,,,33.5,,,,ochoa_cinta,,2025_05_08/11_20_56_0/1,single_fish
2025_05_08,11_20_56_0,11_20_56_0,frame_131,0,255,1,1,False,False,True,1.1320315599441528,False,[],,,,,,,33.5,,,,ochoa_cinta,,2025_05_08/11_20_56_0/1,single_fish
2025_05_08,11_20_56_0,11_20_56_0,frame_132,0,255,1,1,False,False,True,1.0567638874053955,False,[],,,,,,,33.5,,,,ochoa_cinta,,2025_05_08/11_20_56_0/1,single_fish
2025_05_08,11_20_56_0,11_20_56_0,frame_133,0,255,1,1,False,False,True,1.010541319847107,False,[],,,,,,,33.5,,,,ochoa_cinta,,2025_05_08/11_20_56_0/1,single_fish
2025_05_08,11_20_56_0,11_20_56_0,frame_134,0,255,1,1,False,False,True,1.050927996635437,False,[],,,,,,,33.5,,,,ochoa_cinta,,2025_05_08/11_20_56_0/1,single_fish
2025_05_08,11_20_56_0,11_20_56_0,frame_135,0,255,1,1,False,False,True,1.056738018989563,False,[],,,,,,,33.5,,,,ochoa_cinta,,2025_05_08/11_20_56_0/1,single_fish
2025_05_08,11_20_56_0,11_20_56_0,frame_136,0,255,1,1,False,False,True,1.0705442428588867,False,[],,,,,,,33.5,,,,ochoa_cinta,,2025_05_08/11_20_56_0/1,single_fish
2025_05_08,11_20_56_0,11_20_56_0,frame_137,0,255,1,1,False,False,True,1.0580379962921145,False,[],,,,,,,33.5,,,,ochoa_cinta,,2025_05_08/11_20_56_0/1,single_fish
2025_05_08,11_20_56_0,11_20_56_0,frame_138,0,255,1,1,False,False,True,1.0425482988357544,False,[],,,,,,,33.5,,,,ochoa_cinta,,2025_05_08/11_20_56_0/1,single_fish
2025_05_08,11_20_56_0,11_20_56_0,frame_139,0,255,1,1,False,False,True,1.0534292459487915,False,[],,,,,,,33.5,,,,ochoa_cinta,,2025_05_08/11_20_56_0/1,single_fish
2025_05_08,11_20_56_0,11_20_56_0,frame_140,0,255,1,1,False,False,True,1.0433319807052612,False,[],,,,,,,33.5,,,,ochoa_cinta,,2025_05_08/11_20_56_0/1,single_fish
2025_05_08,11_20_56_0,11_20_56_0,frame_141,0,255,1,1,False,False,True,1.0451242923736572,False,[],,,,,,,33.5,,,,ochoa_cinta,,2025_05_08/11_20_56_0/1,single_fish
2025_05_08,11_20_56_0,11_20_56_0,frame_142,0,255,1,1,False,False,True,1.0199795961380005,False,[],,,,,,,33.5,,,,ochoa_cinta,,2025_05_08/11_20_56_0/1,single_fish
2025_05_08,11_20_56_0,11_20_56_0,frame_143,0,255,1,1,False,False,True,1.0216901302337646,False,[],,,,,,,33.5,,,,ochoa_cinta,,2025_05_08/11_20_56_0/1,single_fish
2025_05_08,11_20_56_0,11_20_56_0,frame_144,0,255,1,1,False,False,True,1.0504083633422852,False,[],,,,,,,33.5,,,,ochoa_cinta,,2025_05_08/11_20_56_0/1,single_fish
2025_05_08,11_20_56_0,11_20_56_0,frame_145,0,255,1,1,False,False,True,1.095599889755249,False,[],,,,,,,33.5,,,,ochoa_cinta,,2025_05_08/11_20_56_0/1,single_fish
2025_05_08,11_20_56_0,11_20_56_0,frame_146,0,255,1,1,False,False,True,1.1314728260040283,False,[],,,,,,,33.5,,,,ochoa_cinta,,2025_05_08/11_20_56_0/1,single_fish
2025_05_08,11_20_56_0,11_20_56_0,frame_147,0,255,1,1,False,False,True,1.160500407218933,False,[],,,,,,,33.5,,,,ochoa_cinta,,2025_05_08/11_20_56_0/1,single_fish
2025_05_08,11_20_56_0,11_20_56_0,frame_148,0,255,1,1,False,False,True,1.1917073726654053,False,[],,,,,,,33.5,,,,ochoa_cinta,,2025_05_08/11_20_56_0/1,single_fish
2025_05_08,11_20_56_0,11_20_56_0,frame_149,0,255,1,1,False,False,True,1.2658017873764038,False,[],,,,,,,33.5,,,,ochoa_cinta,,2025_05_08/11_20_56_0/1,single_fish
2025_05_08,11_20_56_0,11_20_56_0,frame_150,0,255,1,1,False,False,True,1.3314077854156494,False,[],,,,,,,33.5,,,,ochoa_cinta,,2025_05_08/11_20_56_0/1,single_fish
2025_05_08,11_20_56_0,11_20_56_0,frame_151,0,255,1,1,False,False,True,1.408918857574463,False,[],,,,,,,33.5,,,,ochoa_cinta,,2025_05_08/11_20_56_0/1,single_fish
2025_05_08,11_20_56_0,11_20_56_0,frame_152,0,255,1,1,False,False,True,1.4599796533584597,False,[],,,,,,,33.5,,,,ochoa_cinta,,2025_05_08/11_20_56_0/1,single_fish
2025_05_08,11_20_56_0,11_20_56_0,frame_153,0,255,1,1,False,False,True,1.522441267967224,False,[],,,,,,,33.5,,,,ochoa_cinta,,2025_05_08/11_20_56_0/1,single_fish
2025_05_08,11_20_56_0,11_20_56_0,frame_154,0,255,1,1,False,False,True,1.562721610069275,False,[],,,,,,,33.5,,,,ochoa_cinta,,2025_05_08/11_20_56_0/1,single_fish
2025_05_08,11_20_56_0,11_20_56_0,frame_155,0,255,1,1,False,False,True,1.6101505756378174,False,[],,,,,,,33.5,,,,ochoa_cinta,,2025_05_08/11_20_56_0/1,single_fish
2025_05_08,11_20_56_0,11_20_56_0,frame_156,0,255,1,1,False,False,True,1.664979100227356,False,[],,,,,,,33.5,,,,ochoa_cinta,,2025_05_08/11_20_56_0/1,single_fish
2025_05_08,11_20_56_0,11_20_56_0,frame_157,0,255,1,1,False,False,True,1.7160217761993408,False,[],,,,,,,33.5,,,,ochoa_cinta,,2025_05_08/11_20_56_0/1,single_fish
2025_05_08,11_20_56_0,11_20_56_0,frame_158,0,255,1,1,False,False,True,1.7686666250228882,False,[],,,,,,,33.5,,,,ochoa_cinta,,2025_05_08/11_20_56_0/1,single_fish
2025_05_08,11_20_56_0,11_20_56_0,frame_159,0,255,1,1,False,False,True,1.803594708442688,False,[],,,,,,,33.5,,,,ochoa_cinta,,2025_05_08/11_20_56_0/1,single_fish
2025_05_08,11_20_56_0,11_20_56_0,frame_160,0,255,1,1,False,False,True,1.802050232887268,False,[],,,,,,,33.5,,,,ochoa_cinta,,2025_05_08/11_20_56_0/1,single_fish
2025_05_08,11_20_56_0,11_20_56_0,frame_161,0,255,1,1,False,False,True,1.777266263961792,False,[],,,,,,,33.5,,,,ochoa_cinta,,2025_05_08/11_20_56_0/1,single_fish
2025_05_08,11_20_56_0,11_20_56_0,frame_162,0,255,1,1,False,False,True,1.7575057744979858,False,[],,,,,,,33.5,,,,ochoa_cinta,,2025_05_08/11_20_56_0/1,single_fish
2025_05_08,11_20_56_0,11_20_56_0,frame_163,0,255,1,1,False,False,True,1.7134371995925903,False,[],,,,,,,33.5,,,,ochoa_cinta,,2025_05_08/11_20_56_0/1,single_fish
2025_05_08,11_20_56_0,11_20_56_0,frame_164,0,255,1,1,False,False,True,1.663072943687439,False,[],,,,,,,33.5,,,,ochoa_cinta,,2025_05_08/11_20_56_0/1,single_fish
2025_05_08,11_20_56_0,11_20_56_0,frame_165,0,255,1,1,False,False,True,1.6317415237426758,False,[],,,,,,,33.5,,,,ochoa_cinta,,2025_05_08/11_20_56_0/1,single_fish
2025_05_08,11_20_56_0,11_20_56_0,frame_166,0,255,1,1,False,False,True,1.6152037382125854,False,[],,,,,,,33.5,,,,ochoa_cinta,,2025_05_08/11_20_56_0/1,single_fish
2025_05_08,11_20_56_0,11_20_56_0,frame_167,0,255,1,1,False,False,True,1.5867685079574585,False,[],,,,,,,33.5,,,,ochoa_cinta,,2025_05_08/11_20_56_0/1,single_fish
2025_05_08,11_20_56_0,11_20_56_0,frame_168,0,255,1,1,False,False,True,1.5914855003356934,False,[],,,,,,,33.5,,,,ochoa_cinta,,2025_05_08/11_20_56_0/1,single_fish
2025_05_08,11_20_56_0,11_20_56_0,frame_169,0,255,1,1,False,False,True,1.5787795782089231,False,[],,,,,,,33.5,,,,ochoa_cinta,,2025_05_08/11_20_56_0/1,single_fish
2025_05_08,11_20_56_0,11_20_56_0,frame_170,0,255,1,1,False,False,True,1.5455938577651978,False,[],,,,,,,33.5,,,,ochoa_cinta,,2025_05_08/11_20_56_0/1,single_fish
2025_05_08,11_20_56_0,11_20_56_0,frame_171,0,255,1,1,False,False,True,1.570294976234436,False,[],,,,,,,33.5,,,,ochoa_cinta,,2025_05_08/11_20_56_0/1,single_fish
2025_05_08,11_20_56_0,11_20_56_0,frame_172,0,255,1,1,False,False,True,1.5643004179000854,False,[],,,,,,,33.5,,,,ochoa_cinta,,2025_05_08/11_20_56_0/1,single_fish
2025_05_08,11_20_56_0,11_20_56_0,frame_173,0,255,1,1,False,False,True,1.5640138387680054,False,[],,,,,,,33.5,,,,ochoa_cinta,,2025_05_08/11_20_56_0/1,single_fish
2025_05_08,11_20_56_0,11_20_56_0,frame_174,0,255,1,1,False,False,True,1.583400011062622,False,[],,,,,,,33.5,,,,ochoa_cinta,,2025_05_08/11_20_56_0/1,single_fish
2025_05_08,11_20_56_0,11_20_56_0,frame_175,0,255,1,1,False,False,True,1.5994970798492432,False,[],,,,,,,33.5,,,,ochoa_cinta,,2025_05_08/11_20_56_0/1,single_fish
2025_05_08,11_20_56_0,11_20_56_0,frame_176,0,255,1,1,False,False,True,1.5802584886550903,False,[],,,,,,,33.5,,,,ochoa_cinta,,2025_05_08/11_20_56_0/1,single_fish
2025_05_08,11_20_56_0,11_20_56_0,frame_177,0,255,1,1,False,False,True,1.5586764812469482,False,[],,,,,,,33.5,,,,ochoa_cinta,,2025_05_08/11_20_56_0/1,single_fish
2025_05_08,11_20_56_0,11_20_56_0,frame_178,0,255,1,1,False,False,True,1.5616823434829712,False,[],,,,,,,33.5,,,,ochoa_cinta,,2025_05_08/11_20_56_0/1,single_fish
2025_05_08,11_20_56_0,11_20_56_0,frame_179,0,255,1,1,False,False,True,1.5474456548690796,False,[],,,,,,,33.5,,,,ochoa_cinta,,2025_05_08/11_20_56_0/1,single_fish
2025_05_08,11_20_56_0,11_20_56_0,frame_180,0,255,1,1,False,False,True,1.5229909420013428,False,[],,,,,,,33.5,,,,ochoa_cinta,,2025_05_08/11_20_56_0/1,single_fish
2025_05_08,11_20_56_0,11_20_56_0,frame_181,0,255,1,1,False,False,True,1.4979077577590942,False,[],,,,,,,33.5,,,,ochoa_cinta,,2025_05_08/11_20_56_0/1,single_fish
2025_05_08,11_20_56_0,11_20_56_0,frame_182,0,255,1,1,False,False,True,1.476585030555725,False,[],,,,,,,33.5,,,,ochoa_cinta,,2025_05_08/11_20_56_0/1,single_fish
2025_05_08,11_20_56_0,11_20_56_0,frame_183,0,255,1,1,False,False,True,1.4501887559890747,False,[],,,,,,,33.5,,,,ochoa_cinta,,2025_05_08/11_20_56_0/1,single_fish
2025_05_08,11_20_56_0,11_20_56_0,frame_184,0,255,1,1,False,False,True,1.4404733180999756,False,[],,,,,,,33.5,,,,ochoa_cinta,,2025_05_08/11_20_56_0/1,single_fish
2025_05_08,11_20_56_0,11_20_56_0,frame_185,0,255,1,1,False,False,True,1.4129639863967896,False,[],,,,,,,33.5,,,,ochoa_cinta,,2025_05_08/11_20_56_0/1,single_fish
2025_05_08,11_20_56_0,11_20_56_0,frame_186,0,255,1,1,False,False,True,1.386848211288452,False,[],,,,,,,33.5,,,,ochoa_cinta,,2025_05_08/11_20_56_0/1,single_fish
2025_05_08,11_20_56_0,11_20_56_0,frame_187,0,255,1,1,False,False,True,1.3796950578689575,False,[],,,,,,,33.5,,,,ochoa_cinta,,2025_05_08/11_20_56_0/1,single_fish
2025_05_08,11_20_56_0,11_20_56_0,frame_188,0,255,1,1,False,False,True,1.342983961105347,False,[],,,,,,,33.5,,,,ochoa_cinta,,2025_05_08/11_20_56_0/1,single_fish
2025_05_08,11_20_56_0,11_20_56_0,frame_189,0,255,1,1,False,False,True,1.3228970766067505,False,[],,,,,,,33.5,,,,ochoa_cinta,,2025_05_08/11_20_56_0/1,single_fish
2025_05_08,11_20_56_0,11_20_56_0,frame_190,0,255,1,1,False,False,True,1.2853835821151731,False,[],,,,,,,33.5,,,,ochoa_cinta,,2025_05_08/11_20_56_0/1,single_fish
2025_05_08,11_20_56_0,11_20_56_0,frame_191,0,255,1,1,False,False,True,1.2649966478347778,False,[],,,,,,,33.5,,,,ochoa_cinta,,2025_05_08/11_20_56_0/1,single_fish
2025_05_08,11_20_56_0,11_20_56_0,frame_192,0,255,1,1,False,False,True,1.253292202949524,False,[],,,,,,,33.5,,,,ochoa_cinta,,2025_05_08/11_20_56_0/1,single_fish
2025_05_08,11_20_56_0,11_20_56_0,frame_193,0,255,1,1,False,False,True,1.2515760660171509,False,[],,,,,,,33.5,,,,ochoa_cinta,,2025_05_08/11_20_56_0/1,single_fish
2025_05_08,11_20_56_0,11_20_56_0,frame_194,0,255,1,1,False,False,True,1.2525523900985718,False,[],,,,,,,33.5,,,,ochoa_cinta,,2025_05_08/11_20_56_0/1,single_fish
2025_05_08,11_20_56_0,11_20_56_0,frame_195,0,255,1,1,False,False,True,1.251757025718689,False,[],,,,,,,33.5,,,,ochoa_cinta,,2025_05_08/11_20_56_0/1,single_fish
2025_05_08,11_20_56_0,11_20_56_0,frame_196,0,255,1,1,False,False,True,1.2517935037612915,False,[],,,,,,,33.5,,,,ochoa_cinta,,2025_05_08/11_20_56_0/1,single_fish
2025_05_08,11_20_56_0,11_20_56_0,frame_197,0,255,1,1,False,False,True,1.2413532733917236,False,[],,,,,,,33.5,,,,ochoa_cinta,,2025_05_08/11_20_56_0/1,single_fish
2025_05_08,11_20_56_0,11_20_56_0,frame_198,0,255,1,1,False,False,True,1.2286591529846191,False,[],,,,,,,33.5,,,,ochoa_cinta,,2025_05_08/11_20_56_0/1,single_fish
2025_05_08,11_20_56_0,11_20_56_0,frame_199,0,255,1,1,False,False,True,1.2310484647750854,False,[],,,,,,,33.5,,,,ochoa_cinta,,2025_05_08/11_20_56_0/1,single_fish
2025_05_08,11_20_56_0,11_20_56_0,frame_200,0,255,1,1,False,False,True,1.2350620031356812,False,[],,,,,,,33.5,,,,ochoa_cinta,,2025_05_08/11_20_56_0/1,single_fish
2025_05_08,11_20_56_0,11_20_56_0,frame_201,0,255,1,1,False,False,True,1.2543432712554932,False,[],,,,,,,33.5,,,,ochoa_cinta,,2025_05_08/11_20_56_0/1,single_fish
2025_05_08,11_20_56_0,11_20_56_0,frame_202,0,255,1,1,False,False,True,1.2590899467468262,False,[],,,,,,,33.5,,,,ochoa_cinta,,2025_05_08/11_20_56_0/1,single_fish
2025_05_08,11_20_56_0,11_20_56_0,frame_203,0,255,1,1,False,False,True,1.2711032629013062,False,[],,,,,,,33.5,,,,ochoa_cinta,,2025_05_08/11_20_56_0/1,single_fish
2025_05_08,11_20_56_0,11_20_56_0,frame_204,0,255,1,1,False,False,True,1.276442050933838,False,[],,,,,,,33.5,,,,ochoa_cinta,,2025_05_08/11_20_56_0/1,single_fish
2025_05_08,11_20_56_0,11_20_56_0,frame_205,0,255,1,1,False,False,True,1.2782739400863647,False,[],,,,,,,33.5,,,,ochoa_cinta,,2025_05_08/11_20_56_0/1,single_fish
2025_05_08,11_20_56_0,11_20_56_0,frame_206,0,255,1,1,False,False,True,1.285954475402832,False,[],,,,,,,33.5,,,,ochoa_cinta,,2025_05_08/11_20_56_0/1,single_fish
2025_05_08,11_20_56_0,11_20_56_0,frame_207,0,255,1,1,False,False,True,1.2745490074157717,False,[],,,,,,,33.5,,,,ochoa_cinta,,2025_05_08/11_20_56_0/1,single_fish
2025_05_08,11_20_56_0,11_20_56_0,frame_208,0,255,1,1,False,False,True,1.2671384811401367,False,[],,,,,,,33.5,,,,ochoa_cinta,,2025_05_08/11_20_56_0/1,single_fish
2025_05_08,11_20_56_0,11_20_56_0,frame_209,0,255,1,1,False,False,True,1.2613179683685305,False,[],,,,,,,33.5,,,,ochoa_cinta,,2025_05_08/11_20_56_0/1,single_fish
2025_05_08,11_20_56_0,11_20_56_0,frame_210,0,255,1,1,False,False,True,1.2723982334136963,False,[],,,,,,,33.5,,,,ochoa_cinta,,2025_05_08/11_20_56_0/1,single_fish
2025_05_08,11_20_56_0,11_20_56_0,frame_211,0,255,1,1,False,False,True,1.2721493244171145,False,[],,,,,,,33.5,,,,ochoa_cinta,,2025_05_08/11_20_56_0/1,single_fish
2025_05_08,11_20_56_0,11_20_56_0,frame_212,0,255,1,1,False,False,True,1.2577612400054932,False,[],,,,,,,33.5,,,,ochoa_cinta,,2025_05_08/11_20_56_0/1,single_fish
2025_05_08,11_20_56_0,11_20_56_0,frame_213,0,255,1,1,False,False,True,1.2446740865707395,False,[],,,,,,,33.5,,,,ochoa_cinta,,2025_05_08/11_20_56_0/1,single_fish
2025_05_08,11_20_56_0,11_20_56_0,frame_214,0,255,1,1,False,False,True,1.236721158027649,False,[],,,,,,,33.5,,,,ochoa_cinta,,2025_05_08/11_20_56_0/1,single_fish
2025_05_08,11_20_56_0,11_20_56_0,frame_215,0,255,1,1,False,False,True,1.2233740091323853,False,[],,,,,,,33.5,,,,ochoa_cinta,,2025_05_08/11_20_56_0/1,single_fish
2025_05_08,11_20_56_0,11_20_56_0,frame_216,0,255,1,1,False,False,True,1.199785828590393,False,[],,,,,,,33.5,,,,ochoa_cinta,,2025_05_08/11_20_56_0/1,single_fish
2025_05_08,11_20_56_0,11_20_56_0,frame_217,0,255,1,1,False,False,True,1.2063112258911133,False,[],,,,,,,33.5,,,,ochoa_cinta,,2025_05_08/11_20_56_0/1,single_fish
2025_05_08,11_20_56_0,11_20_56_0,frame_218,0,255,1,1,False,False,True,1.2228984832763672,False,[],,,,,,,33.5,,,,ochoa_cinta,,2025_05_08/11_20_56_0/1,single_fish
2025_05_08,11_20_56_0,11_20_56_0,frame_219,0,255,1,1,False,False,True,1.217497944831848,False,[],,,,,,,33.5,,,,ochoa_cinta,,2025_05_08/11_20_56_0/1,single_fish
2025_05_08,11_20_56_0,11_20_56_0,frame_220,0,255,1,1,False,False,True,1.2302759885787964,False,[],,,,,,,33.5,,,,ochoa_cinta,,2025_05_08/11_20_56_0/1,single_fish
2025_05_08,11_20_56_0,11_20_56_0,frame_221,0,255,1,1,False,False,True,1.235446214675903,False,[],,,,,,,33.5,,,,ochoa_cinta,,2025_05_08/11_20_56_0/1,single_fish
2025_05_08,11_20_56_0,11_20_56_0,frame_222,0,255,1,1,False,False,True,1.2889175415039062,False,[],,,,,,,33.5,,,,ochoa_cinta,,2025_05_08/11_20_56_0/1,single_fish
2025_05_08,11_20_56_0,11_20_56_0,frame_223,0,255,1,1,False,False,True,1.3114314079284668,False,[],,,,,,,33.5,,,,ochoa_cinta,,2025_05_08/11_20_56_0/1,single_fish
2025_05_08,11_20_56_0,11_20_56_0,frame_224,0,255,1,1,False,False,True,1.3359569311141968,False,[],,,,,,,33.5,,,,ochoa_cinta,,2025_05_08/11_20_56_0/1,single_fish
2025_05_08,11_20_56_0,11_20_56_0,frame_225,0,255,1,1,False,False,True,1.2982633113861084,False,[],,,,,,,33.5,,,,ochoa_cinta,,2025_05_08/11_20_56_0/1,single_fish
2025_05_08,11_20_56_0,11_20_56_0,frame_226,0,255,1,1,False,False,True,1.3063970804214478,False,[],,,,,,,33.5,,,,ochoa_cinta,,2025_05_08/11_20_56_0/1,single_fish
2025_05_08,11_20_56_0,11_20_56_0,frame_227,0,255,1,1,False,False,True,1.3204553127288818,False,[],,,,,,,33.5,,,,ochoa_cinta,,2025_05_08/11_20_56_0/1,single_fish
2025_05_08,11_20_56_0,11_20_56_0,frame_228,0,255,1,1,False,False,True,1.3462529182434082,False,[],,,,,,,33.5,,,,ochoa_cinta,,2025_05_08/11_20_56_0/1,single_fish
2025_05_08,11_20_56_0,11_20_56_0,frame_229,0,255,1,1,False,False,True,1.3564023971557615,False,[],,,,,,,33.5,,,,ochoa_cinta,,2025_05_08/11_20_56_0/1,single_fish
2025_05_08,11_20_56_0,11_20_56_0,frame_230,0,255,1,1,False,False,True,1.3627368211746216,False,[],,,,,,,33.5,,,,ochoa_cinta,,2025_05_08/11_20_56_0/1,single_fish
2025_05_08,11_20_56_0,11_20_56_0,frame_231,0,255,1,1,False,False,True,1.3705781698226929,False,[],,,,,,,33.5,,,,ochoa_cinta,,2025_05_08/11_20_56_0/1,single_fish
2025_05_08,11_20_56_0,11_20_56_0,frame_232,0,255,1,1,False,False,True,1.3583606481552124,False,[],,,,,,,33.5,,,,ochoa_cinta,,2025_05_08/11_20_56_0/1,single_fish
2025_05_08,11_20_56_0,11_20_56_0,frame_233,0,255,1,1,False,False,True,1.3683897256851196,False,[],,,,,,,33.5,,,,ochoa_cinta,,2025_05_08/11_20_56_0/1,single_fish
2025_05_08,11_20_56_0,11_20_56_0,frame_234,0,255,1,1,False,False,True,1.3638896942138672,False,[],,,,,,,33.5,,,,ochoa_cinta,,2025_05_08/11_20_56_0/1,single_fish
2025_05_08,11_20_56_0,11_20_56_0,frame_235,0,255,1,1,False,False,True,1.35806405544281,False,[],,,,,,,33.5,,,,ochoa_cinta,,2025_05_08/11_20_56_0/1,single_fish
2025_05_08,11_20_56_0,11_20_56_0,frame_236,0,255,1,1,False,False,True,1.3489397764205933,False,[],,,,,,,33.5,,,,ochoa_cinta,,2025_05_08/11_20_56_0/1,single_fish
2025_05_08,11_20_56_0,11_20_56_0,frame_237,0,255,1,1,False,False,True,1.3392393589019775,False,[],,,,,,,33.5,,,,ochoa_cinta,,2025_05_08/11_20_56_0/1,single_fish
2025_05_08,11_20_56_0,11_20_56_0,frame_238,0,255,1,1,False,False,True,1.3259631395339966,False,[],,,,,,,33.5,,,,ochoa_cinta,,2025_05_08/11_20_56_0/1,single_fish
2025_05_08,11_20_56_0,11_20_56_0,frame_239,0,255,1,1,False,False,True,1.337098479270935,False,[],,,,,,,33.5,,,,ochoa_cinta,,2025_05_08/11_20_56_0/1,single_fish
2025_05_08,11_20_56_0,11_20_56_0,frame_240,0,255,1,1,False,False,True,1.330877661705017,False,[],,,,,,,33.5,,,,ochoa_cinta,,2025_05_08/11_20_56_0/1,single_fish
2025_05_08,11_20_56_0,11_20_56_0,frame_241,0,255,1,1,False,False,True,1.3272347450256348,False,[],,,,,,,33.5,,,,ochoa_cinta,,2025_05_08/11_20_56_0/1,single_fish
2025_05_08,11_20_56_0,11_20_56_0,frame_242,0,255,1,1,False,False,True,1.3302918672561646,False,[],,,,,,,33.5,,,,ochoa_cinta,,2025_05_08/11_20_56_0/1,single_fish
2025_05_08,11_20_56_0,11_20_56_0,frame_243,0,255,1,1,False,False,True,1.329702615737915,False,[],,,,,,,33.5,,,,ochoa_cinta,,2025_05_08/11_20_56_0/1,single_fish
2025_05_08,11_20_56_0,11_20_56_0,frame_244,0,255,1,1,False,False,True,1.3243592977523804,False,[],,,,,,,33.5,,,,ochoa_cinta,,2025_05_08/11_20_56_0/1,single_fish
2025_05_08,11_20_56_0,11_20_56_0,frame_245,0,255,1,1,False,False,True,1.334550857543945,False,[],,,,,,,33.5,,,,ochoa_cinta,,2025_05_08/11_20_56_0/1,single_fish
2025_05_08,11_20_56_0,11_20_56_0,frame_246,0,255,1,1,False,False,True,1.3356040716171265,False,[],,,,,,,33.5,,,,ochoa_cinta,,2025_05_08/11_20_56_0/1,single_fish
2025_05_08,11_20_56_0,11_20_56_0,frame_247,0,255,1,1,False,False,True,1.3313337564468384,False,[],,,,,,,33.5,,,,ochoa_cinta,,2025_05_08/11_20_56_0/1,single_fish
2025_05_08,11_20_56_0,11_20_56_0,frame_248,0,255,1,1,False,False,True,1.3321046829223633,False,[],,,,,,,33.5,,,,ochoa_cinta,,2025_05_08/11_20_56_0/1,single_fish
2025_05_08,11_20_56_0,11_20_56_0,frame_249,0,255,1,1,False,False,True,1.3364518880844116,False,[],,,,,,,33.5,,,,ochoa_cinta,,2025_05_08/11_20_56_0/1,single_fish
2025_05_08,11_20_56_0,11_20_56_0,frame_250,0,255,1,1,False,False,True,1.3393744230270386,False,[],,,,,,,33.5,,,,ochoa_cinta,,2025_05_08/11_20_56_0/1,single_fish
2025_05_08,11_20_56_0,11_20_56_0,frame_251,0,255,1,1,False,False,True,1.336629033088684,False,[],,,,,,,33.5,,,,ochoa_cinta,,2025_05_08/11_20_56_0/1,single_fish
2025_05_08,11_20_56_0,11_20_56_0,frame_252,0,255,1,1,False,False,True,1.321115493774414,False,[],,,,,,,33.5,,,,ochoa_cinta,,2025_05_08/11_20_56_0/1,single_fish
2025_05_08,11_20_56_0,11_20_56_0,frame_253,0,255,1,1,False,False,True,1.2985285520553589,False,[],,,,,,,33.5,,,,ochoa_cinta,,2025_05_08/11_20_56_0/1,single_fish
2025_05_08,11_20_56_0,11_20_56_0,frame_254,0,255,1,1,False,False,True,1.2637908458709717,False,[],,,,,,,33.5,,,,ochoa_cinta,,2025_05_08/11_20_56_0/1,single_fish
2025_05_08,11_20_56_0,11_20_56_0,frame_255,0,255,1,1,False,False,True,1.2318403720855713,False,[],,,,,,,33.5,,,,ochoa_cinta,,2025_05_08/11_20_56_0/1,single_fish
2025_05_08,11_20_56_0,11_20_56_0,frame_256,0,255,9,1,True,False,True,1.5010871887207031,False,[],,,,,,,33.5,,,,ochoa_cinta,,2025_05_08/11_20_56_0/9,single_fish
2025_05_08,11_20_56_0,11_20_56_0,frame_256,0,127,1,1,False,False,True,1.1959434747695925,False,[],,,,,,,33.5,,,,ochoa_cinta,,2025_05_08/11_20_56_0/1,single_fish
2025_05_08,11_20_56_0,11_20_56_0,frame_257,0,255,9,1,True,False,True,1.501637578010559,False,[],,,,,,,33.5,,,,ochoa_cinta,,2025_05_08/11_20_56_0/9,single_fish
2025_05_08,11_20_56_0,11_20_56_0,frame_257,0,127,1,1,False,False,True,1.1690504550933838,False,[],,,,,,,33.5,,,,ochoa_cinta,,2025_05_08/11_20_56_0/1,single_fish
2025_05_08,11_20_56_0,11_20_56_0,frame_258,0,255,9,1,True,False,True,1.5775508880615234,False,[],,,,,,,33.5,,,,ochoa_cinta,,2025_05_08/11_20_56_0/9,single_fish
2025_05_08,11_20_56_0,11_20_56_0,frame_258,0,127,1,1,False,False,True,1.12624990940094,False,[],,,,,,,33.5,,,,ochoa_cinta,,2025_05_08/11_20_56_0/1,single_fish
2025_05_08,11_20_56_0,11_20_56_0,frame_259,0,255,1,1,False,False,True,1.1027494668960571,False,[],,,,,,,33.5,,,,ochoa_cinta,,2025_05_08/11_20_56_0/1,single_fish
2025_05_08,11_20_56_0,11_20_56_0,frame_260,0,255,9,1,True,False,True,1.689476728439331,False,[],,,,,,,33.5,,,,ochoa_cinta,,2025_05_08/11_20_56_0/9,single_fish
2025_05_08,11_20_56_0,11_20_56_0,frame_260,0,127,1,1,False,False,True,1.0695875883102417,False,[],,,,,,,33.5,,,,ochoa_cinta,,2025_05_08/11_20_56_0/1,single_fish
2025_05_08,11_20_56_0,11_20_56_0,frame_261,0,255,9,1,True,False,True,1.5491130352020264,False,[],,,,,,,33.5,,,,ochoa_cinta,,2025_05_08/11_20_56_0/9,single_fish
2025_05_08,11_20_56_0,11_20_56_0,frame_261,0,127,1,1,False,False,True,1.0643707513809204,False,[],,,,,,,33.5,,,,ochoa_cinta,,2025_05_08/11_20_56_0/1,single_fish
2025_05_08,11_20_56_0,11_20_56_0,frame_262,0,255,1,1,False,False,True,1.08907949924469,False,[],,,,,,,33.5,,,,ochoa_cinta,,2025_05_08/11_20_56_0/1,single_fish
2025_05_08,11_20_56_0,11_20_56_0,frame_263,0,255,1,1,False,False,True,1.1088703870773315,False,[],,,,,,,33.5,,,,ochoa_cinta,,2025_05_08/11_20_56_0/1,single_fish
2025_05_08,11_20_56_0,11_20_56_0,frame_266,0,255,1,1,False,False,True,1.2429510354995728,False,[],,,,,,,33.5,,,,ochoa_cinta,,2025_05_08/11_20_56_0/1,single_fish
2025_05_08,11_20_56_0,11_20_56_0,frame_267,0,255,1,1,False,False,True,1.338739991188049,False,[],,,,,,,33.5,,,,ochoa_cinta,,2025_05_08/11_20_56_0/1,single_fish
2025_05_08,11_20_56_0,11_20_56_0,frame_268,0,255,1,1,False,False,True,1.392479419708252,False,[],,,,,,,33.5,,,,ochoa_cinta,,2025_05_08/11_20_56_0/1,single_fish
2025_05_08,11_20_56_0,11_20_56_0,frame_269,0,255,1,1,False,False,True,1.412671446800232,False,[],,,,,,,33.5,,,,ochoa_cinta,,2025_05_08/11_20_56_0/1,single_fish
2025_05_08,11_20_56_0,11_20_56_0,frame_270,0,255,1,1,False,False,True,1.4209455251693726,False,[],,,,,,,33.5,,,,ochoa_cinta,,2025_05_08/11_20_56_0/1,single_fish
2025_05_08,11_20_56_0,11_20_56_0,frame_271,0,255,1,1,False,False,True,1.4446663856506348,False,[],,,,,,,33.5,,,,ochoa_cinta,,2025_05_08/11_20_56_0/1,single_fish
2025_05_08,11_20_56_0,11_20_56_0,frame_272,0,255,1,1,False,False,True,1.455341935157776,False,[],,,,,,,33.5,,,,ochoa_cinta,,2025_05_08/11_20_56_0/1,single_fish
2025_05_08,11_20_56_0,11_20_56_0,frame_273,0,255,1,1,False,False,True,1.4731643199920654,False,[],,,,,,,33.5,,,,ochoa_cinta,,2025_05_08/11_20_56_0/1,single_fish
2025_05_08,11_20_56_0,11_20_56_0,frame_274,0,255,1,1,False,False,True,1.5218806266784668,False,[],,,,,,,33.5,,,,ochoa_cinta,,2025_05_08/11_20_56_0/1,single_fish
2025_05_08,11_20_56_0,11_20_56_0,frame_275,0,255,1,1,False,False,True,1.535454034805298,False,[],,,,,,,33.5,,,,ochoa_cinta,,2025_05_08/11_20_56_0/1,single_fish
2025_05_08,11_20_56_0,11_20_56_0,frame_276,0,255,1,1,False,False,True,1.619895577430725,False,[],,,,,,,33.5,,,,ochoa_cinta,,2025_05_08/11_20_56_0/1,single_fish
2025_05_08,11_20_56_0,11_20_56_0,frame_277,0,255,1,1,False,False,True,1.5391594171524048,False,[],,,,,,,33.5,,,,ochoa_cinta,,2025_05_08/11_20_56_0/1,single_fish
2025_05_08,11_20_56_0,11_20_56_0,frame_278,0,255,1,1,False,False,True,1.4845091104507446,False,[],,,,,,,33.5,,,,ochoa_cinta,,2025_05_08/11_20_56_0/1,single_fish
2025_05_08,11_20_56_0,11_20_56_0,frame_279,0,255,1,1,False,False,True,1.4012222290039062,False,[],,,,,,,33.5,,,,ochoa_cinta,,2025_05_08/11_20_56_0/1,single_fish
2025_05_08,11_20_56_0,11_20_56_0,frame_280,0,255,1,1,False,False,True,1.328661322593689,False,[],,,,,,,33.5,,,,ochoa_cinta,,2025_05_08/11_20_56_0/1,single_fish
2025_05_08,11_20_56_0,11_20_56_0,frame_281,0,255,1,1,False,False,True,1.2340151071548462,False,[],,,,,,,33.5,,,,ochoa_cinta,,2025_05_08/11_20_56_0/1,single_fish
2025_05_08,11_20_56_0,11_20_56_0,frame_282,0,255,1,1,False,False,True,1.1143159866333008,False,[],,,,,,,33.5,,,,ochoa_cinta,,2025_05_08/11_20_56_0/1,single_fish
2025_05_08,11_20_56_0,11_20_56_0,frame_283,0,255,1,1,False,False,True,1.0182934999465942,False,[],,,,,,,33.5,,,,ochoa_cinta,,2025_05_08/11_20_56_0/1,single_fish
2025_05_08,11_20_56_0,11_20_56_0,frame_284,0,255,1,0,False,False,True,1.1673908233642578,False,[],,,,,,,33.5,,,,ochoa_cinta,,2025_05_08/11_20_56_0/1,single_fish
2025_05_08,11_20_56_0,11_20_56_0,frame_285,0,255,1,0,False,False,True,1.315666675567627,False,[],,,,,,,33.5,,,,ochoa_cinta,,2025_05_08/11_20_56_0/1,single_fish
2025_05_08,11_20_56_0,11_20_56_0,frame_286,0,255,1,0,False,False,True,1.3805853128433228,False,[],,,,,,,33.5,,,,ochoa_cinta,,2025_05_08/11_20_56_0/1,single_fish
2025_05_08,11_20_56_0,11_20_56_0,frame_287,0,255,1,0,False,False,True,1.3285828828811646,False,[],,,,,,,33.5,,,,ochoa_cinta,,2025_05_08/11_20_56_0/1,single_fish
2025_05_08,11_20_56_0,11_20_56_0,frame_288,0,255,1,0,False,False,True,1.193889856338501,False,[],,,,,,,33.5,,,,ochoa_cinta,,2025_05_08/11_20_56_0/1,single_fish
2025_05_08,11_20_56_0,11_20_56_0,frame_289,0,255,1,0,False,False,True,1.0735057592391968,False,[],,,,,,,33.5,,,,ochoa_cinta,,2025_05_08/11_20_56_0/1,single_fish
2025_05_08,11_20_56_0,11_20_56_0,frame_290,0,255,1,0,False,False,True,1.0384621620178225,False,[],,,,,,,33.5,,,,ochoa_cinta,,2025_05_08/11_20_56_0/1,single_fish
2025_05_08,11_20_56_0,11_20_56_0,frame_291,0,255,1,0,False,False,True,1.1224937438964844,False,[],,,,,,,33.5,,,,ochoa_cinta,,2025_05_08/11_20_56_0/1,single_fish
2025_05_08,11_20_56_0,11_20_56_0,frame_292,0,255,1,0,False,False,True,1.1839958429336548,False,[],,,,,,,33.5,,,,ochoa_cinta,,2025_05_08/11_20_56_0/1,single_fish
2025_05_08,11_20_56_0,11_20_56_0,frame_293,0,255,1,0,False,False,True,1.2474298477172852,False,[],,,,,,,33.5,,,,ochoa_cinta,,2025_05_08/11_20_56_0/1,single_fish
2025_05_08,11_20_56_0,11_20_56_0,frame_294,0,255,1,0,False,False,True,1.3068612813949585,False,[],,,,,,,33.5,,,,ochoa_cinta,,2025_05_08/11_20_56_0/1,single_fish
2025_05_08,11_20_56_0,11_20_56_0,frame_295,0,255,1,1,False,False,True,1.3313733339309692,False,[],,,,,,,33.5,,,,ochoa_cinta,,2025_05_08/11_20_56_0/1,single_fish
2025_05_08,11_20_56_0,11_20_56_0,frame_296,0,255,1,1,False,False,True,1.3370660543441772,False,[],,,,,,,33.5,,,,ochoa_cinta,,2025_05_08/11_20_56_0/1,single_fish
2025_05_08,11_20_56_0,11_20_56_0,frame_297,0,255,1,1,False,False,True,1.350347638130188,False,[],,,,,,,33.5,,,,ochoa_cinta,,2025_05_08/11_20_56_0/1,single_fish
2025_05_08,11_20_56_0,11_20_56_0,frame_298,0,255,1,1,False,False,True,1.3339756727218628,False,[],,,,,,,33.5,,,,ochoa_cinta,,2025_05_08/11_20_56_0/1,single_fish
2025_05_08,11_20_56_0,11_20_56_0,frame_299,0,255,1,1,False,False,True,1.2972195148468018,False,[],,,,,,,33.5,,,,ochoa_cinta,,2025_05_08/11_20_56_0/1,single_fish
2025_05_08,11_20_56_0,11_20_56_0,frame_300,0,255,1,1,False,False,True,1.2904680967330933,False,[],,,,,,,33.5,,,,ochoa_cinta,,2025_05_08/11_20_56_0/1,single_fish
2025_05_08,11_20_56_0,11_20_56_0,frame_301,0,255,1,1,False,False,True,1.2452781200408936,False,[],,,,,,,33.5,,,,ochoa_cinta,,2025_05_08/11_20_56_0/1,single_fish
2025_05_08,11_20_56_0,11_20_56_0,frame_302,0,255,1,1,False,False,True,1.2168035507202148,False,[],,,,,,,33.5,,,,ochoa_cinta,,2025_05_08/11_20_56_0/1,single_fish
2025_05_08,11_20_56_0,11_20_56_0,frame_303,0,255,1,1,False,False,True,1.2126588821411133,False,[],,,,,,,33.5,,,,ochoa_cinta,,2025_05_08/11_20_56_0/1,single_fish
2025_05_08,11_20_56_0,11_20_56_0,frame_304,0,255,1,1,False,False,True,1.2072004079818726,False,[],,,,,,,33.5,,,,ochoa_cinta,,2025_05_08/11_20_56_0/1,single_fish
2025_05_08,11_20_56_0,11_20_56_0,frame_305,0,255,1,1,False,False,True,1.2001473903656006,False,[],,,,,,,33.5,,,,ochoa_cinta,,2025_05_08/11_20_56_0/1,single_fish
2025_05_08,11_20_56_0,11_20_56_0,frame_306,0,255,1,1,False,False,True,1.1747822761535645,False,[],,,,,,,33.5,,,,ochoa_cinta,,2025_05_08/11_20_56_0/1,single_fish
2025_05_08,11_20_56_0,11_20_56_0,frame_307,0,255,1,1,False,False,True,1.1386827230453491,False,[],,,,,,,33.5,,,,ochoa_cinta,,2025_05_08/11_20_56_0/1,single_fish
2025_05_08,11_20_56_0,11_20_56_0,frame_308,0,255,1,1,False,False,True,1.1152194738388062,False,[],,,,,,,33.5,,,,ochoa_cinta,,2025_05_08/11_20_56_0/1,single_fish
2025_05_08,11_20_56_0,11_20_56_0,frame_309,0,255,1,1,False,False,True,1.1149706840515137,False,[],,,,,,,33.5,,,,ochoa_cinta,,2025_05_08/11_20_56_0/1,single_fish
2025_05_08,11_20_56_0,11_20_56_0,frame_310,0,255,1,1,False,False,True,1.1050844192504885,False,[],,,,,,,33.5,,,,ochoa_cinta,,2025_05_08/11_20_56_0/1,single_fish
2025_05_08,11_20_56_0,11_20_56_0,frame_311,0,255,1,1,False,False,True,1.0461320877075195,False,[],,,,,,,33.5,,,,ochoa_cinta,,2025_05_08/11_20_56_0/1,single_fish
2025_05_08,11_20_56_0,11_20_56_0,frame_312,0,255,1,1,False,False,True,1.0461840629577637,False,[],,,,,,,33.5,,,,ochoa_cinta,,2025_05_08/11_20_56_0/1,single_fish
2025_05_08,11_20_56_0,11_20_56_0,frame_313,0,255,1,1,False,False,True,1.006810426712036,False,[],,,,,,,33.5,,,,ochoa_cinta,,2025_05_08/11_20_56_0/1,single_fish
2025_05_08,11_20_56_0,11_20_56_0,frame_314,0,255,1,1,False,False,True,1.0222172737121582,False,[],,,,,,,33.5,,,,ochoa_cinta,,2025_05_08/11_20_56_0/1,single_fish
2025_05_08,11_20_56_0,11_20_56_0,frame_315,0,255,1,1,False,False,True,1.003923416137695,False,[],,,,,,,33.5,,,,ochoa_cinta,,2025_05_08/11_20_56_0/1,single_fish
2025_05_08,11_20_56_0,11_20_56_0,frame_316,0,255,1,1,False,False,True,1.0271275043487549,False,[],,,,,,,33.5,,,,ochoa_cinta,,2025_05_08/11_20_56_0/1,single_fish
2025_05_08,11_20_56_0,11_20_56_0,frame_317,0,255,1,1,False,False,True,1.0374701023101809,False,[],,,,,,,33.5,,,,ochoa_cinta,,2025_05_08/11_20_56_0/1,single_fish
2025_05_08,11_20_56_0,11_20_56_0,frame_318,0,255,1,1,False,False,True,1.054143309593201,False,[],,,,,,,33.5,,,,ochoa_cinta,,2025_05_08/11_20_56_0/1,single_fish
2025_05_08,11_20_56_0,11_20_56_0,frame_319,0,255,1,1,False,False,True,1.0126142501831057,False,[],,,,,,,33.5,,,,ochoa_cinta,,2025_05_08/11_20_56_0/1,single_fish
2025_05_08,11_20_56_0,11_20_56_0,frame_320,0,255,1,1,False,False,True,1.0082718133926392,False,[],,,,,,,33.5,,,,ochoa_cinta,,2025_05_08/11_20_56_0/1,single_fish
2025_05_08,11_20_56_0,11_20_56_0,frame_321,0,255,1,1,False,False,True,1.006678342819214,False,[],,,,,,,33.5,,,,ochoa_cinta,,2025_05_08/11_20_56_0/1,single_fish
2025_05_08,11_20_56_0,11_20_56_0,frame_322,0,255,1,1,False,False,True,1.013216853141785,False,[],,,,,,,33.5,,,,ochoa_cinta,,2025_05_08/11_20_56_0/1,single_fish
2025_05_08,11_20_56_0,11_20_56_0,frame_323,0,255,1,1,False,False,True,1.0313923358917236,False,[],,,,,,,33.5,,,,ochoa_cinta,,2025_05_08/11_20_56_0/1,single_fish
2025_05_08,11_20_56_0,11_20_56_0,frame_324,0,255,1,1,False,False,True,1.059862494468689,False,[],,,,,,,33.5,,,,ochoa_cinta,,2025_05_08/11_20_56_0/1,single_fish
2025_05_08,11_20_56_0,11_20_56_0,frame_325,0,255,1,1,False,False,True,1.0905964374542236,False,[],,,,,,,33.5,,,,ochoa_cinta,,2025_05_08/11_20_56_0/1,single_fish
2025_05_08,11_20_56_0,11_20_56_0,frame_326,0,255,1,1,False,False,True,1.1052753925323486,False,[],,,,,,,33.5,,,,ochoa_cinta,,2025_05_08/11_20_56_0/1,single_fish
2025_05_08,11_20_56_0,11_20_56_0,frame_327,0,255,1,1,False,False,True,1.1324305534362793,False,[],,,,,,,33.5,,,,ochoa_cinta,,2025_05_08/11_20_56_0/1,single_fish
2025_05_08,11_20_56_0,11_20_56_0,frame_328,0,255,1,1,False,False,True,1.167845606803894,False,[],,,,,,,33.5,,,,ochoa_cinta,,2025_05_08/11_20_56_0/1,single_fish
2025_05_08,11_20_56_0,11_20_56_0,frame_329,0,255,1,1,False,False,True,1.1776694059371948,False,[],,,,,,,33.5,,,,ochoa_cinta,,2025_05_08/11_20_56_0/1,single_fish
2025_05_08,11_20_56_0,11_20_56_0,frame_330,0,255,1,1,False,False,True,1.234102487564087,False,[],,,,,,,33.5,,,,ochoa_cinta,,2025_05_08/11_20_56_0/1,single_fish
2025_05_08,11_20_56_0,11_20_56_0,frame_331,0,255,1,1,False,False,True,1.2539962530136108,False,[],,,,,,,33.5,,,,ochoa_cinta,,2025_05_08/11_20_56_0/1,single_fish
2025_05_08,11_20_56_0,11_20_56_0,frame_332,0,255,1,1,False,False,True,1.280219316482544,False,[],,,,,,,33.5,,,,ochoa_cinta,,2025_05_08/11_20_56_0/1,single_fish
2025_05_08,11_20_56_0,11_20_56_0,frame_333,0,255,1,1,False,False,True,1.3144062757492063,False,[],,,,,,,33.5,,,,ochoa_cinta,,2025_05_08/11_20_56_0/1,single_fish
2025_05_08,11_20_56_0,11_20_56_0,frame_334,0,255,1,1,False,False,True,1.301276445388794,False,[],,,,,,,33.5,,,,ochoa_cinta,,2025_05_08/11_20_56_0/1,single_fish
2025_05_08,11_20_56_0,11_20_56_0,frame_335,0,255,1,1,False,False,True,1.2960538864135742,False,[],,,,,,,33.5,,,,ochoa_cinta,,2025_05_08/11_20_56_0/1,single_fish
2025_05_08,11_20_56_0,11_20_56_0,frame_336,0,255,1,1,False,False,True,1.3197418451309204,False,[],,,,,,,33.5,,,,ochoa_cinta,,2025_05_08/11_20_56_0/1,single_fish
2025_05_08,11_20_56_0,11_20_56_0,frame_337,0,255,1,1,False,False,True,1.3467127084732056,False,[],,,,,,,33.5,,,,ochoa_cinta,,2025_05_08/11_20_56_0/1,single_fish
2025_05_08,11_20_56_0,11_20_56_0,frame_338,0,255,1,1,False,False,True,1.3842148780822754,False,[],,,,,,,33.5,,,,ochoa_cinta,,2025_05_08/11_20_56_0/1,single_fish
2025_05_08,11_20_56_0,11_20_56_0,frame_339,0,255,1,1,False,False,True,1.4292562007904053,False,[],,,,,,,33.5,,,,ochoa_cinta,,2025_05_08/11_20_56_0/1,single_fish
2025_05_08,11_20_56_0,11_20_56_0,frame_340,0,255,1,1,False,False,True,1.454424262046814,False,[],,,,,,,33.5,,,,ochoa_cinta,,2025_05_08/11_20_56_0/1,single_fish
2025_05_08,11_20_56_0,11_20_56_0,frame_341,0,255,1,1,False,False,True,1.4509198665618896,False,[],,,,,,,33.5,,,,ochoa_cinta,,2025_05_08/11_20_56_0/1,single_fish
2025_05_08,11_20_56_0,11_20_56_0,frame_342,0,255,1,1,False,False,True,1.459927320480347,False,[],,,,,,,33.5,,,,ochoa_cinta,,2025_05_08/11_20_56_0/1,single_fish
2025_05_08,11_20_56_0,11_20_56_0,frame_343,0,255,1,1,False,False,True,1.445862889289856,False,[],,,,,,,33.5,,,,ochoa_cinta,,2025_05_08/11_20_56_0/1,single_fish
2025_05_08,11_20_56_0,11_20_56_0,frame_344,0,255,1,1,False,False,True,1.4453409910202026,False,[],,,,,,,33.5,,,,ochoa_cinta,,2025_05_08/11_20_56_0/1,single_fish
2025_05_08,11_20_56_0,11_20_56_0,frame_345,0,255,1,1,False,False,True,1.4448004961013794,False,[],,,,,,,33.5,,,,ochoa_cinta,,2025_05_08/11_20_56_0/1,single_fish
2025_05_08,11_20_56_0,11_20_56_0,frame_346,0,255,1,1,False,False,True,1.421737790107727,False,[],,,,,,,33.5,,,,ochoa_cinta,,2025_05_08/11_20_56_0/1,single_fish
2025_05_08,11_20_56_0,11_20_56_0,frame_347,0,255,1,1,False,False,True,1.4077023267745972,False,[],,,,,,,33.5,,,,ochoa_cinta,,2025_05_08/11_20_56_0/1,single_fish
2025_05_08,11_20_56_0,11_20_56_0,frame_348,0,255,1,1,False,False,True,1.3862420320510864,False,[],,,,,,,33.5,,,,ochoa_cinta,,2025_05_08/11_20_56_0/1,single_fish
2025_05_08,11_20_56_0,11_20_56_0,frame_349,0,255,1,1,False,False,True,1.382192850112915,False,[],,,,,,,33.5,,,,ochoa_cinta,,2025_05_08/11_20_56_0/1,single_fish
2025_05_08,11_20_56_0,11_20_56_0,frame_350,0,255,1,1,False,False,True,1.3604001998901367,False,[],,,,,,,33.5,,,,ochoa_cinta,,2025_05_08/11_20_56_0/1,single_fish
2025_05_08,11_20_56_0,11_20_56_0,frame_351,0,255,1,1,False,False,True,1.3162376880645752,False,[],,,,,,,33.5,,,,ochoa_cinta,,2025_05_08/11_20_56_0/1,single_fish
2025_05_08,11_20_56_0,11_20_56_0,frame_352,0,255,1,1,False,False,True,1.2700276374816897,False,[],,,,,,,33.5,,,,ochoa_cinta,,2025_05_08/11_20_56_0/1,single_fish
2025_05_08,11_20_56_0,11_20_56_0,frame_353,0,255,1,1,False,False,True,1.2196673154830933,False,[],,,,,,,33.5,,,,ochoa_cinta,,2025_05_08/11_20_56_0/1,single_fish
2025_05_08,11_20_56_0,11_20_56_0,frame_354,0,255,1,1,False,False,True,1.1699211597442627,False,[],,,,,,,33.5,,,,ochoa_cinta,,2025_05_08/11_20_56_0/1,single_fish
2025_05_08,11_20_56_0,11_20_56_0,frame_355,0,255,1,1,False,False,True,1.1103906631469729,False,[],,,,,,,33.5,,,,ochoa_cinta,,2025_05_08/11_20_56_0/1,single_fish
2025_05_08,11_20_56_0,11_20_56_0,frame_356,0,255,1,1,False,False,True,1.0152151584625244,False,[],,,,,,,33.5,,,,ochoa_cinta,,2025_05_08/11_20_56_0/1,single_fish
2025_05_08,11_20_56_0,11_20_56_0,frame_357,0,255,1,1,False,False,True,1.0118732452392578,False,[],,,,,,,33.5,,,,ochoa_cinta,,2025_05_08/11_20_56_0/1,single_fish
2025_05_08,11_20_56_0,11_20_56_0,frame_358,0,255,1,1,False,False,True,1.0583425760269165,False,[],,,,,,,33.5,,,,ochoa_cinta,,2025_05_08/11_20_56_0/1,single_fish
2025_05_08,11_20_56_0,11_20_56_0,frame_359,0,255,1,1,False,False,True,1.141383409500122,False,[],,,,,,,33.5,,,,ochoa_cinta,,2025_05_08/11_20_56_0/1,single_fish
2025_05_08,11_20_56_0,11_20_56_0,frame_360,0,255,1,1,False,False,True,1.1913375854492188,False,[],,,,,,,33.5,,,,ochoa_cinta,,2025_05_08/11_20_56_0/1,single_fish
2025_05_08,11_20_56_0,11_20_56_0,frame_361,0,255,1,1,False,False,True,1.249267339706421,False,[],,,,,,,33.5,,,,ochoa_cinta,,2025_05_08/11_20_56_0/1,single_fish
2025_05_08,11_20_56_0,11_20_56_0,frame_362,0,255,1,1,False,False,True,1.2972805500030518,False,[],,,,,,,33.5,,,,ochoa_cinta,,2025_05_08/11_20_56_0/1,single_fish
2025_05_08,11_20_56_0,11_20_56_0,frame_363,0,255,1,1,False,False,True,1.3293664455413818,False,[],,,,,,,33.5,,,,ochoa_cinta,,2025_05_08/11_20_56_0/1,single_fish
2025_05_08,11_20_56_0,11_20_56_0,frame_364,0,255,1,1,False,False,True,1.2982875108718872,False,[],,,,,,,33.5,,,,ochoa_cinta,,2025_05_08/11_20_56_0/1,single_fish
2025_05_08,11_20_56_0,11_20_56_0,frame_365,0,255,1,1,False,False,True,1.2523847818374634,False,[],,,,,,,33.5,,,,ochoa_cinta,,2025_05_08/11_20_56_0/1,single_fish
2025_05_08,11_20_56_0,11_20_56_0,frame_366,0,255,1,1,False,False,True,1.2271848917007446,False,[],,,,,,,33.5,,,,ochoa_cinta,,2025_05_08/11_20_56_0/1,single_fish
2025_05_08,11_20_56_0,11_20_56_0,frame_367,0,255,1,1,False,False,True,1.2299450635910034,False,[],,,,,,,33.5,,,,ochoa_cinta,,2025_05_08/11_20_56_0/1,single_fish
2025_05_08,11_20_56_0,11_20_56_0,frame_368,0,255,1,1,False,False,True,1.1839914321899414,False,[],,,,,,,33.5,,,,ochoa_cinta,,2025_05_08/11_20_56_0/1,single_fish
2025_05_08,11_20_56_0,11_20_56_0,frame_369,0,255,1,1,False,False,True,1.1508803367614746,False,[],,,,,,,33.5,,,,ochoa_cinta,,2025_05_08/11_20_56_0/1,single_fish
2025_05_08,11_20_56_0,11_20_56_0,frame_370,0,255,1,1,False,False,True,1.1055470705032349,False,[],,,,,,,33.5,,,,ochoa_cinta,,2025_05_08/11_20_56_0/1,single_fish
2025_05_08,11_20_56_0,11_20_56_0,frame_371,0,255,1,1,False,False,True,1.0456901788711548,False,[],,,,,,,33.5,,,,ochoa_cinta,,2025_05_08/11_20_56_0/1,single_fish
2025_05_08,11_20_56_0,11_20_56_0,frame_372,0,255,1,1,False,False,True,1.0086244344711304,False,[],,,,,,,33.5,,,,ochoa_cinta,,2025_05_08/11_20_56_0/1,single_fish
2025_05_08,11_20_56_0,11_20_56_0,frame_373,0,255,1,1,False,False,True,1.0277576446533203,False,[],,,,,,,33.5,,,,ochoa_cinta,,2025_05_08/11_20_56_0/1,single_fish
2025_05_08,11_20_56_0,11_20_56_0,frame_374,0,255,1,1,False,False,True,1.0475220680236816,False,[],,,,,,,33.5,,,,ochoa_cinta,,2025_05_08/11_20_56_0/1,single_fish
2025_05_08,11_20_56_0,11_20_56_0,frame_375,0,255,1,1,False,False,True,1.0600312948226929,False,[],,,,,,,33.5,,,,ochoa_cinta,,2025_05_08/11_20_56_0/1,single_fish
2025_05_08,11_20_56_0,11_20_56_0,frame_376,0,255,1,1,False,False,True,1.0253440141677856,False,[],,,,,,,33.5,,,,ochoa_cinta,,2025_05_08/11_20_56_0/1,single_fish
2025_05_08,11_20_56_0,11_20_56_0,frame_377,0,255,1,1,False,False,True,1.0353878736495972,False,[],,,,,,,33.5,,,,ochoa_cinta,,2025_05_08/11_20_56_0/1,single_fish
2025_05_08,11_20_56_0,11_20_56_0,frame_378,0,255,1,1,False,False,True,1.0613545179367063,False,[],,,,,,,33.5,,,,ochoa_cinta,,2025_05_08/11_20_56_0/1,single_fish
2025_05_08,11_20_56_0,11_20_56_0,frame_379,0,255,1,1,False,False,True,1.1396169662475586,False,[],,,,,,,33.5,,,,ochoa_cinta,,2025_05_08/11_20_56_0/1,single_fish
2025_05_08,11_20_56_0,11_20_56_0,frame_380,0,255,1,1,False,False,True,1.2128198146820068,False,[],,,,,,,33.5,,,,ochoa_cinta,,2025_05_08/11_20_56_0/1,single_fish
2025_05_08,11_20_56_0,11_20_56_0,frame_381,0,255,1,1,False,False,True,1.1829346418380735,False,[],,,,,,,33.5,,,,ochoa_cinta,,2025_05_08/11_20_56_0/1,single_fish
2025_05_08,11_20_56_0,11_20_56_0,frame_382,0,255,1,1,False,False,True,1.218274712562561,False,[],,,,,,,33.5,,,,ochoa_cinta,,2025_05_08/11_20_56_0/1,single_fish
2025_05_08,11_20_56_0,11_20_56_0,frame_383,0,255,1,1,False,False,True,1.2668612003326416,False,[],,,,,,,33.5,,,,ochoa_cinta,,2025_05_08/11_20_56_0/1,single_fish
2025_05_08,11_20_56_0,11_20_56_0,frame_384,0,255,1,1,False,False,True,1.2844221591949463,False,[],,,,,,,33.5,,,,ochoa_cinta,,2025_05_08/11_20_56_0/1,single_fish
2025_05_08,11_20_56_0,11_20_56_0,frame_385,0,255,1,1,False,False,True,1.2901408672332764,False,[],,,,,,,33.5,,,,ochoa_cinta,,2025_05_08/11_20_56_0/1,single_fish
2025_05_08,11_20_56_0,11_20_56_0,frame_386,0,255,1,1,False,False,True,1.2625665664672852,False,[],,,,,,,33.5,,,,ochoa_cinta,,2025_05_08/11_20_56_0/1,single_fish
2025_05_08,11_20_56_0,11_20_56_0,frame_387,0,255,1,1,False,False,True,1.2588908672332764,False,[],,,,,,,33.5,,,,ochoa_cinta,,2025_05_08/11_20_56_0/1,single_fish
2025_05_08,11_20_56_0,11_20_56_0,frame_388,0,255,1,1,False,False,True,1.348485231399536,False,[],,,,,,,33.5,,,,ochoa_cinta,,2025_05_08/11_20_56_0/1,single_fish
2025_05_08,11_20_56_0,11_20_56_0,frame_389,0,255,1,1,False,False,True,1.393714427947998,False,[],,,,,,,33.5,,,,ochoa_cinta,,2025_05_08/11_20_56_0/1,single_fish
2025_05_08,11_20_56_0,11_20_56_0,frame_390,0,255,1,1,False,False,True,1.409506916999817,False,[],,,,,,,33.5,,,,ochoa_cinta,,2025_05_08/11_20_56_0/1,single_fish
2025_05_08,11_20_56_0,11_20_56_0,frame_391,0,255,1,1,False,False,True,1.367344856262207,False,[],,,,,,,33.5,,,,ochoa_cinta,,2025_05_08/11_20_56_0/1,single_fish
2025_05_08,11_20_56_0,11_20_56_0,frame_392,0,255,1,1,False,False,True,1.3289508819580078,False,[],,,,,,,33.5,,,,ochoa_cinta,,2025_05_08/11_20_56_0/1,single_fish
2025_05_08,11_20_56_0,11_20_56_0,frame_393,0,255,1,1,False,False,True,1.2945159673690796,False,[],,,,,,,33.5,,,,ochoa_cinta,,2025_05_08/11_20_56_0/1,single_fish
2025_05_08,11_20_56_0,11_20_56_0,frame_394,0,255,1,1,False,False,True,1.2472805976867676,False,[],,,,,,,33.5,,,,ochoa_cinta,,2025_05_08/11_20_56_0/1,single_fish
2025_05_08,11_20_56_0,11_20_56_0,frame_395,0,255,1,1,False,False,True,1.2292721271514893,False,[],,,,,,,33.5,,,,ochoa_cinta,,2025_05_08/11_20_56_0/1,single_fish
2025_05_08,11_20_56_0,11_20_56_0,frame_396,0,255,1,1,False,False,True,1.1907933950424194,False,[],,,,,,,33.5,,,,ochoa_cinta,,2025_05_08/11_20_56_0/1,single_fish
2025_05_08,11_20_56_0,11_20_56_0,frame_397,0,255,1,1,False,False,True,1.1461467742919922,False,[],,,,,,,33.5,,,,ochoa_cinta,,2025_05_08/11_20_56_0/1,single_fish
2025_05_08,11_20_56_0,11_20_56_0,frame_398,0,255,1,1,False,False,True,1.1302015781402588,False,[],,,,,,,33.5,,,,ochoa_cinta,,2025_05_08/11_20_56_0/1,single_fish
2025_05_08,11_20_56_0,11_20_56_0,frame_399,0,255,1,1,False,False,True,1.1545623540878296,False,[],,,,,,,33.5,,,,ochoa_cinta,,2025_05_08/11_20_56_0/1,single_fish
2025_05_08,11_20_56_0,11_20_56_0,frame_400,0,255,1,1,False,False,True,1.1608881950378418,False,[],,,,,,,33.5,,,,ochoa_cinta,,2025_05_08/11_20_56_0/1,single_fish
2025_05_08,11_20_56_0,11_20_56_0,frame_401,0,255,1,1,False,False,True,1.1672669649124146,False,[],,,,,,,33.5,,,,ochoa_cinta,,2025_05_08/11_20_56_0/1,single_fish
2025_05_08,11_20_56_0,11_20_56_0,frame_402,0,255,1,1,False,False,True,1.1414402723312378,False,[],,,,,,,33.5,,,,ochoa_cinta,,2025_05_08/11_20_56_0/1,single_fish
2025_05_08,11_20_56_0,11_20_56_0,frame_403,0,255,1,1,False,False,True,1.1318345069885254,False,[],,,,,,,33.5,,,,ochoa_cinta,,2025_05_08/11_20_56_0/1,single_fish
2025_05_08,11_20_56_0,11_20_56_0,frame_404,0,255,1,1,False,False,True,1.1428378820419312,False,[],,,,,,,33.5,,,,ochoa_cinta,,2025_05_08/11_20_56_0/1,single_fish
2025_05_08,11_20_56_0,11_20_56_0,frame_405,0,255,1,1,False,False,True,1.1618443727493286,False,[],,,,,,,33.5,,,,ochoa_cinta,,2025_05_08/11_20_56_0/1,single_fish
2025_05_08,11_20_56_0,11_20_56_0,frame_406,0,255,1,1,False,False,True,1.136619210243225,False,[],,,,,,,33.5,,,,ochoa_cinta,,2025_05_08/11_20_56_0/1,single_fish
2025_05_08,11_20_56_0,11_20_56_0,frame_407,0,255,1,1,False,False,True,1.106786608695984,False,[],,,,,,,33.5,,,,ochoa_cinta,,2025_05_08/11_20_56_0/1,single_fish
2025_05_08,11_20_56_0,11_20_56_0,frame_408,0,255,1,1,False,False,True,1.0731223821640017,False,[],,,,,,,33.5,,,,ochoa_cinta,,2025_05_08/11_20_56_0/1,single_fish
2025_05_08,11_20_56_0,11_20_56_0,frame_409,0,255,1,1,False,False,True,1.0344433784484863,False,[],,,,,,,33.5,,,,ochoa_cinta,,2025_05_08/11_20_56_0/1,single_fish
2025_05_08,11_20_56_0,11_20_56_0,frame_410,0,255,1,1,False,False,True,1.0042109489440918,False,[],,,,,,,33.5,,,,ochoa_cinta,,2025_05_08/11_20_56_0/1,single_fish
2025_05_08,11_20_56_0,11_20_56_0,frame_411,0,255,1,1,False,False,True,1.0737130641937256,False,[],,,,,,,33.5,,,,ochoa_cinta,,2025_05_08/11_20_56_0/1,single_fish
2025_05_08,11_20_56_0,11_20_56_0,frame_412,0,255,1,1,False,False,True,1.1174832582473757,False,[],,,,,,,33.5,,,,ochoa_cinta,,2025_05_08/11_20_56_0/1,single_fish
2025_05_08,11_20_56_0,11_20_56_0,frame_413,0,255,1,1,False,False,True,1.1440465450286863,False,[],,,,,,,33.5,,,,ochoa_cinta,,2025_05_08/11_20_56_0/1,single_fish
2025_05_08,11_20_56_0,11_20_56_0,frame_414,0,255,1,1,False,False,True,1.1564868688583374,False,[],,,,,,,33.5,,,,ochoa_cinta,,2025_05_08/11_20_56_0/1,single_fish
2025_05_08,11_20_56_0,11_20_56_0,frame_415,0,255,1,1,False,False,True,1.1818917989730835,False,[],,,,,,,33.5,,,,ochoa_cinta,,2025_05_08/11_20_56_0/1,single_fish
2025_05_08,11_20_56_0,11_20_56_0,frame_416,0,255,1,1,False,False,True,1.1698895692825315,False,[],,,,,,,33.5,,,,ochoa_cinta,,2025_05_08/11_20_56_0/1,single_fish
2025_05_08,11_20_56_0,11_20_56_0,frame_417,0,255,1,1,False,False,True,1.1514828205108645,False,[],,,,,,,33.5,,,,ochoa_cinta,,2025_05_08/11_20_56_0/1,single_fish
2025_05_08,11_20_56_0,11_20_56_0,frame_418,0,255,1,1,False,False,True,1.1505725383758545,False,[],,,,,,,33.5,,,,ochoa_cinta,,2025_05_08/11_20_56_0/1,single_fish
2025_05_08,11_20_56_0,11_20_56_0,frame_419,0,255,1,1,False,False,True,1.1730709075927734,False,[],,,,,,,33.5,,,,ochoa_cinta,,2025_05_08/11_20_56_0/1,single_fish
2025_05_08,11_20_56_0,11_20_56_0,frame_420,0,255,1,1,False,False,True,1.1743252277374268,False,[],,,,,,,33.5,,,,ochoa_cinta,,2025_05_08/11_20_56_0/1,single_fish
2025_05_08,11_20_56_0,11_20_56_0,frame_421,0,255,1,1,False,False,True,1.1950684785842896,False,[],,,,,,,33.5,,,,ochoa_cinta,,2025_05_08/11_20_56_0/1,single_fish
2025_05_08,11_20_56_0,11_20_56_0,frame_422,0,255,1,1,False,False,True,1.1957629919052124,False,[],,,,,,,33.5,,,,ochoa_cinta,,2025_05_08/11_20_56_0/1,single_fish
2025_05_08,11_20_56_0,11_20_56_0,frame_423,0,255,1,1,False,False,True,1.1931134462356567,False,[],,,,,,,33.5,,,,ochoa_cinta,,2025_05_08/11_20_56_0/1,single_fish
2025_05_08,11_20_56_0,11_20_56_0,frame_424,0,255,1,1,False,False,True,1.2012263536453247,False,[],,,,,,,33.5,,,,ochoa_cinta,,2025_05_08/11_20_56_0/1,single_fish
2025_05_08,11_20_56_0,11_20_56_0,frame_425,0,255,1,1,False,False,True,1.179967999458313,False,[],,,,,,,33.5,,,,ochoa_cinta,,2025_05_08/11_20_56_0/1,single_fish
2025_05_08,11_20_56_0,11_20_56_0,frame_426,0,255,1,1,False,False,True,1.1715446710586548,False,[],,,,,,,33.5,,,,ochoa_cinta,,2025_05_08/11_20_56_0/1,single_fish
2025_05_08,11_20_56_0,11_20_56_0,frame_427,0,255,1,1,False,False,True,1.13731050491333,False,[],,,,,,,33.5,,,,ochoa_cinta,,2025_05_08/11_20_56_0/1,single_fish
2025_05_08,11_20_56_0,11_20_56_0,frame_428,0,255,1,1,False,False,True,1.1444251537322998,False,[],,,,,,,33.5,,,,ochoa_cinta,,2025_05_08/11_20_56_0/1,single_fish
2025_05_08,11_20_56_0,11_20_56_0,frame_429,0,255,1,1,False,False,True,1.12144136428833,False,[],,,,,,,33.5,,,,ochoa_cinta,,2025_05_08/11_20_56_0/1,single_fish
2025_05_08,11_20_56_0,11_20_56_0,frame_430,0,255,1,1,False,False,True,1.1141037940979004,False,[],,,,,,,33.5,,,,ochoa_cinta,,2025_05_08/11_20_56_0/1,single_fish
2025_05_08,11_20_56_0,11_20_56_0,frame_431,0,255,1,1,False,False,True,1.0987359285354614,False,[],,,,,,,33.5,,,,ochoa_cinta,,2025_05_08/11_20_56_0/1,single_fish
2025_05_08,11_20_56_0,11_20_56_0,frame_432,0,255,1,1,False,False,True,1.0673847198486328,False,[],,,,,,,33.5,,,,ochoa_cinta,,2025_05_08/11_20_56_0/1,single_fish
2025_05_08,11_20_56_0,11_20_56_0,frame_433,0,255,1,1,False,False,True,1.0315520763397217,False,[],,,,,,,33.5,,,,ochoa_cinta,,2025_05_08/11_20_56_0/1,single_fish
2025_05_08,11_20_56_0,11_20_56_0,frame_434,0,255,1,1,False,False,True,1.0065571069717407,False,[],,,,,,,33.5,,,,ochoa_cinta,,2025_05_08/11_20_56_0/1,single_fish
2025_05_08,11_20_56_0,11_20_56_0,frame_435,0,255,1,1,False,False,True,1.0070704221725464,False,[],,,,,,,33.5,,,,ochoa_cinta,,2025_05_08/11_20_56_0/1,single_fish
2025_05_08,11_20_56_0,11_20_56_0,frame_436,0,255,1,1,False,False,True,1.0355790853500366,False,[],,,,,,,33.5,,,,ochoa_cinta,,2025_05_08/11_20_56_0/1,single_fish
2025_05_08,11_20_56_0,11_20_56_0,frame_437,0,255,1,1,False,False,True,1.05769944190979,False,[],,,,,,,33.5,,,,ochoa_cinta,,2025_05_08/11_20_56_0/1,single_fish
2025_05_08,11_20_56_0,11_20_56_0,frame_438,0,255,1,1,False,False,True,1.0987379550933838,False,[],,,,,,,33.5,,,,ochoa_cinta,,2025_05_08/11_20_56_0/1,single_fish
2025_05_08,11_20_56_0,11_20_56_0,frame_439,0,255,1,1,False,False,True,1.0933750867843628,False,[],,,,,,,33.5,,,,ochoa_cinta,,2025_05_08/11_20_56_0/1,single_fish
2025_05_08,11_20_56_0,11_20_56_0,frame_440,0,255,1,1,False,False,True,1.0541024208068848,False,[],,,,,,,33.5,,,,ochoa_cinta,,2025_05_08/11_20_56_0/1,single_fish
2025_05_08,11_20_56_0,11_20_56_0,frame_441,0,255,1,1,False,False,True,1.020918607711792,False,[],,,,,,,33.5,,,,ochoa_cinta,,2025_05_08/11_20_56_0/1,single_fish
2025_05_08,11_20_56_0,11_20_56_0,frame_442,0,255,1,1,False,False,True,1.0205718278884888,False,[],,,,,,,33.5,,,,ochoa_cinta,,2025_05_08/11_20_56_0/1,single_fish
2025_05_08,11_20_56_0,11_20_56_0,frame_443,0,255,1,1,False,False,True,1.0297956466674805,False,[],,,,,,,33.5,,,,ochoa_cinta,,2025_05_08/11_20_56_0/1,single_fish
2025_05_08,11_20_56_0,11_20_56_0,frame_444,0,255,1,1,False,False,True,1.0489436388015747,False,[],,,,,,,33.5,,,,ochoa_cinta,,2025_05_08/11_20_56_0/1,single_fish
2025_05_08,11_20_56_0,11_20_56_0,frame_445,0,255,1,1,False,False,True,1.0896786451339722,False,[],,,,,,,33.5,,,,ochoa_cinta,,2025_05_08/11_20_56_0/1,single_fish
2025_05_08,11_20_56_0,11_20_56_0,frame_446,0,255,1,1,False,False,True,1.057162880897522,False,[],,,,,,,33.5,,,,ochoa_cinta,,2025_05_08/11_20_56_0/1,single_fish
2025_05_08,11_20_56_0,11_20_56_0,frame_447,0,255,1,1,False,False,True,1.1375243663787842,False,[],,,,,,,33.5,,,,ochoa_cinta,,2025_05_08/11_20_56_0/1,single_fish
2025_05_08,11_20_56_0,11_20_56_0,frame_448,0,255,1,1,False,False,True,1.1975181102752686,False,[],,,,,,,33.5,,,,ochoa_cinta,,2025_05_08/11_20_56_0/1,single_fish
2025_05_08,11_20_56_0,11_20_56_0,frame_449,0,255,1,1,False,False,True,1.2794562578201294,False,[],,,,,,,33.5,,,,ochoa_cinta,,2025_05_08/11_20_56_0/1,single_fish
2025_05_08,11_20_56_0,11_20_56_0,frame_450,0,255,1,1,False,False,True,1.4211400747299194,False,[],,,,,,,33.5,,,,ochoa_cinta,,2025_05_08/11_20_56_0/1,single_fish
2025_05_08,11_20_56_0,11_20_56_0,frame_451,0,255,1,1,False,False,True,1.4992283582687378,False,[],,,,,,,33.5,,,,ochoa_cinta,,2025_05_08/11_20_56_0/1,single_fish
2025_05_08,11_20_56_0,11_20_56_0,frame_452,0,255,1,1,False,False,True,1.6608036756515503,False,[],,,,,,,33.5,,,,ochoa_cinta,,2025_05_08/11_20_56_0/1,single_fish
2025_05_08,11_20_56_0,11_20_56_0,frame_453,0,255,1,1,False,False,True,1.7193752527236938,False,[],,,,,,,33.5,,,,ochoa_cinta,,2025_05_08/11_20_56_0/1,single_fish
2025_05_08,11_20_56_0,11_20_56_0,frame_454,0,255,1,1,False,False,True,1.9805347919464111,False,[],,,,,,,33.5,,,,ochoa_cinta,,2025_05_08/11_20_56_0/1,single_fish
2025_05_08,11_20_56_0,11_20_56_0,frame_455,0,255,1,1,False,False,True,0.0,False,[],[  -0.070521      0.7621     0.64361],39.15999696870702,95.99094368923302,0.312648023048883,0.255115436407558,0.2667650187905054,33.5,7.9884563592442,23.846138385803567,2.121901990976204,ochoa_cinta,,2025_05_08/11_20_56_0/1,single_fish
2025_05_08,11_20_56_0,11_20_56_0,frame_456,0,255,1,1,False,False,True,0.0,False,[],[  -0.055667     0.75963     0.64797],38.86520317542508,95.15939129929592,0.3405751011332569,0.2469129360275093,0.2354161527716458,33.5,8.808706397249068,26.29464596193753,2.132385122403071,ochoa_cinta,,2025_05_08/11_20_56_0/1,single_fish
2025_05_08,11_20_56_0,11_20_56_0,frame_457,0,255,1,1,False,False,True,0.0,False,[],[   0.067862      0.5953     0.80064],35.72029379533146,97.86039074620588,0.8536751371439284,0.2394757985772868,0.2337998345777772,33.5,9.55242014227132,28.51468699185468,2.1491855349168096,ochoa_cinta,,2025_05_08/11_20_56_0/1,single_fish
2025_05_08,11_20_56_0,11_20_56_0,frame_458,0,255,1,1,False,False,True,0.0,False,[],[  -0.056815     0.75786     0.64994],38.998106057924566,95.34416756396324,0.3970654028566012,0.2705721484303782,0.2897617466376973,33.5,6.442785156962181,19.23219449839456,2.162395569535553,ochoa_cinta,,2025_05_08/11_20_56_0/1,single_fish
2025_05_08,11_20_56_0,11_20_56_0,frame_459,0,255,1,1,False,False,True,0.0,False,[],[   0.065895     0.56373     0.82333],41.985378625256736,95.33655840513566,0.8534765194104206,0.2584914706222454,0.2727004414668426,33.5,7.650852937775458,22.83836697843421,2.1694425890425677,ochoa_cinta,,2025_05_08/11_20_56_0/1,single_fish
2025_05_08,11_20_56_0,11_20_56_0,frame_460,0,255,1,1,False,False,True,1.7805854082107544,False,[],,,,,,,33.5,,,,ochoa_cinta,,2025_05_08/11_20_56_0/1,single_fish
2025_05_08,11_20_56_0,11_20_56_0,frame_461,0,255,1,1,False,False,True,1.5005619525909424,False,[],,,,,,,33.5,,,,ochoa_cinta,,2025_05_08/11_20_56_0/1,single_fish
2025_05_08,11_20_56_0,11_20_56_0,frame_462,0,255,1,1,False,False,True,1.360788106918335,False,[],,,,,,,33.5,,,,ochoa_cinta,,2025_05_08/11_20_56_0/1,single_fish
2025_05_08,11_20_56_0,11_20_56_0,frame_463,0,255,1,1,False,False,True,1.2413229942321775,False,[],,,,,,,33.5,,,,ochoa_cinta,,2025_05_08/11_20_56_0/1,single_fish
2025_05_08,11_20_56_0,11_20_56_0,frame_464,0,255,1,1,False,False,True,1.1373076438903809,False,[],,,,,,,33.5,,,,ochoa_cinta,,2025_05_08/11_20_56_0/1,single_fish
2025_05_08,11_20_56_0,11_20_56_0,frame_465,0,255,1,1,False,False,True,1.0740137100219729,False,[],,,,,,,33.5,,,,ochoa_cinta,,2025_05_08/11_20_56_0/1,single_fish
2025_05_08,11_20_56_0,11_20_56_0,frame_466,0,255,1,1,False,False,True,1.0283583402633667,False,[],,,,,,,33.5,,,,ochoa_cinta,,2025_05_08/11_20_56_0/1,single_fish
2025_05_08,11_20_56_0,11_20_56_0,frame_467,0,255,1,1,False,False,True,1.0766090154647827,False,[],,,,,,,33.5,,,,ochoa_cinta,,2025_05_08/11_20_56_0/1,single_fish
2025_05_08,11_20_56_0,11_20_56_0,frame_468,0,255,1,1,False,False,True,1.0881028175354004,False,[],,,,,,,33.5,,,,ochoa_cinta,,2025_05_08/11_20_56_0/1,single_fish
2025_05_08,11_20_56_0,11_20_56_0,frame_469,0,255,1,1,False,False,True,1.115767478942871,False,[],,,,,,,33.5,,,,ochoa_cinta,,2025_05_08/11_20_56_0/1,single_fish
2025_05_08,11_20_56_0,11_20_56_0,frame_470,0,255,1,1,False,False,True,1.1604180335998535,False,[],,,,,,,33.5,,,,ochoa_cinta,,2025_05_08/11_20_56_0/1,single_fish
2025_05_08,11_20_56_0,11_20_56_0,frame_471,0,255,1,1,False,False,True,1.1698399782180786,False,[],,,,,,,33.5,,,,ochoa_cinta,,2025_05_08/11_20_56_0/1,single_fish
2025_05_08,11_20_56_0,11_20_56_0,frame_472,0,255,1,1,False,False,True,1.1582393646240234,False,[],,,,,,,33.5,,,,ochoa_cinta,,2025_05_08/11_20_56_0/1,single_fish
2025_05_08,11_20_56_0,11_20_56_0,frame_473,0,255,1,1,False,False,True,1.1575416326522827,False,[],,,,,,,33.5,,,,ochoa_cinta,,2025_05_08/11_20_56_0/1,single_fish
2025_05_08,11_20_56_0,11_20_56_0,frame_474,0,255,1,1,False,False,True,1.1497986316680908,False,[],,,,,,,33.5,,,,ochoa_cinta,,2025_05_08/11_20_56_0/1,single_fish
2025_05_08,11_20_56_0,11_20_56_0,frame_475,0,255,1,1,False,False,True,1.1265815496444702,False,[],,,,,,,33.5,,,,ochoa_cinta,,2025_05_08/11_20_56_0/1,single_fish
2025_05_08,11_20_56_0,11_20_56_0,frame_476,0,255,1,1,False,False,True,1.1062794923782349,False,[],,,,,,,33.5,,,,ochoa_cinta,,2025_05_08/11_20_56_0/1,single_fish
2025_05_08,11_20_56_0,11_20_56_0,frame_477,0,255,1,1,False,False,True,1.1151983737945557,False,[],,,,,,,33.5,,,,ochoa_cinta,,2025_05_08/11_20_56_0/1,single_fish
2025_05_08,11_20_56_0,11_20_56_0,frame_478,0,255,1,1,False,False,True,1.1473575830459597,False,[],,,,,,,33.5,,,,ochoa_cinta,,2025_05_08/11_20_56_0/1,single_fish
2025_05_08,11_20_56_0,11_20_56_0,frame_479,0,255,1,1,False,False,True,1.1661239862442017,False,[],,,,,,,33.5,,,,ochoa_cinta,,2025_05_08/11_20_56_0/1,single_fish
2025_05_08,11_20_56_0,11_20_56_0,frame_480,0,255,1,1,False,False,True,1.1661832332611084,False,[],,,,,,,33.5,,,,ochoa_cinta,,2025_05_08/11_20_56_0/1,single_fish
2025_05_08,11_20_56_0,11_20_56_0,frame_481,0,255,1,1,False,False,True,1.1455743312835691,False,[],,,,,,,33.5,,,,ochoa_cinta,,2025_05_08/11_20_56_0/1,single_fish
2025_05_08,11_20_56_0,11_20_56_0,frame_482,0,255,1,1,False,False,True,1.153608322143555,False,[],,,,,,,33.5,,,,ochoa_cinta,,2025_05_08/11_20_56_0/1,single_fish
2025_05_08,11_20_56_0,11_20_56_0,frame_483,0,255,1,1,False,False,True,1.171755313873291,False,[],,,,,,,33.5,,,,ochoa_cinta,,2025_05_08/11_20_56_0/1,single_fish
2025_05_08,11_20_56_0,11_20_56_0,frame_484,0,255,1,1,False,False,True,1.1591482162475586,False,[],,,,,,,33.5,,,,ochoa_cinta,,2025_05_08/11_20_56_0/1,single_fish
2025_05_08,11_20_56_0,11_20_56_0,frame_485,0,255,1,1,False,False,True,1.16297709941864,False,[],,,,,,,33.5,,,,ochoa_cinta,,2025_05_08/11_20_56_0/1,single_fish
2025_05_08,11_20_56_0,11_20_56_0,frame_486,0,255,1,1,False,False,True,1.198271632194519,False,[],,,,,,,33.5,,,,ochoa_cinta,,2025_05_08/11_20_56_0/1,single_fish
2025_05_08,11_20_56_0,11_20_56_0,frame_487,0,255,1,1,False,False,True,1.219670057296753,False,[],,,,,,,33.5,,,,ochoa_cinta,,2025_05_08/11_20_56_0/1,single_fish
2025_05_08,11_20_56_0,11_20_56_0,frame_488,0,255,1,1,False,False,True,1.2148385047912598,False,[],,,,,,,33.5,,,,ochoa_cinta,,2025_05_08/11_20_56_0/1,single_fish
2025_05_08,11_20_56_0,11_20_56_0,frame_489,0,255,1,1,False,False,True,1.212732434272766,False,[],,,,,,,33.5,,,,ochoa_cinta,,2025_05_08/11_20_56_0/1,single_fish
2025_05_08,11_20_56_0,11_20_56_0,frame_490,0,255,1,1,False,False,True,1.1990524530410769,False,[],,,,,,,33.5,,,,ochoa_cinta,,2025_05_08/11_20_56_0/1,single_fish
2025_05_08,11_20_56_0,11_20_56_0,frame_491,0,255,1,1,False,False,True,1.1893367767333984,False,[],,,,,,,33.5,,,,ochoa_cinta,,2025_05_08/11_20_56_0/1,single_fish
2025_05_08,11_20_56_0,11_20_56_0,frame_492,0,255,1,1,False,False,True,1.1754180192947388,False,[],,,,,,,33.5,,,,ochoa_cinta,,2025_05_08/11_20_56_0/1,single_fish
2025_05_08,11_20_56_0,11_20_56_0,frame_493,0,255,1,1,False,False,True,1.163676142692566,False,[],,,,,,,33.5,,,,ochoa_cinta,,2025_05_08/11_20_56_0/1,single_fish
2025_05_08,11_20_56_0,11_20_56_0,frame_494,0,255,1,1,False,False,True,1.162619709968567,False,[],,,,,,,33.5,,,,ochoa_cinta,,2025_05_08/11_20_56_0/1,single_fish
2025_05_08,11_20_56_0,11_20_56_0,frame_495,0,255,1,1,False,False,True,1.145449161529541,False,[],,,,,,,33.5,,,,ochoa_cinta,,2025_05_08/11_20_56_0/1,single_fish
2025_05_08,11_20_56_0,11_20_56_0,frame_496,0,255,1,1,False,False,True,1.1221253871917725,False,[],,,,,,,33.5,,,,ochoa_cinta,,2025_05_08/11_20_56_0/1,single_fish
2025_05_08,11_20_56_0,11_20_56_0,frame_497,0,255,1,1,False,False,True,1.1077096462249756,False,[],,,,,,,33.5,,,,ochoa_cinta,,2025_05_08/11_20_56_0/1,single_fish
2025_05_08,11_20_56_0,11_20_56_0,frame_498,0,255,1,1,False,False,True,1.108407735824585,False,[],,,,,,,33.5,,,,ochoa_cinta,,2025_05_08/11_20_56_0/1,single_fish
2025_05_08,11_20_56_0,11_20_56_0,frame_499,0,255,1,1,False,False,True,1.093542218208313,False,[],,,,,,,33.5,,,,ochoa_cinta,,2025_05_08/11_20_56_0/1,single_fish
2025_05_08,11_20_56_0,11_20_56_0,frame_500,0,255,1,1,False,False,True,1.0831645727157593,False,[],,,,,,,33.5,,,,ochoa_cinta,,2025_05_08/11_20_56_0/1,single_fish
2025_05_08,11_20_56_0,11_20_56_0,frame_501,0,255,1,1,False,False,True,1.079313039779663,False,[],,,,,,,33.5,,,,ochoa_cinta,,2025_05_08/11_20_56_0/1,single_fish
2025_05_08,11_20_56_0,11_20_56_0,frame_502,0,255,1,1,False,False,True,1.1008079051971436,False,[],,,,,,,33.5,,,,ochoa_cinta,,2025_05_08/11_20_56_0/1,single_fish
2025_05_08,11_20_56_0,11_20_56_0,frame_503,0,255,1,1,False,False,True,1.1031864881515503,False,[],,,,,,,33.5,,,,ochoa_cinta,,2025_05_08/11_20_56_0/1,single_fish
2025_05_08,11_20_56_0,11_20_56_0,frame_504,0,255,1,1,False,False,True,1.0980305671691897,False,[],,,,,,,33.5,,,,ochoa_cinta,,2025_05_08/11_20_56_0/1,single_fish
2025_05_08,11_20_56_0,11_20_56_0,frame_505,0,255,1,1,False,False,True,1.1082937717437744,False,[],,,,,,,33.5,,,,ochoa_cinta,,2025_05_08/11_20_56_0/1,single_fish
2025_05_08,11_20_56_0,11_20_56_0,frame_506,0,255,1,1,False,False,True,1.143152117729187,False,[],,,,,,,33.5,,,,ochoa_cinta,,2025_05_08/11_20_56_0/1,single_fish
2025_05_08,11_20_56_0,11_20_56_0,frame_507,0,255,1,1,False,False,True,1.1685718297958374,False,[],,,,,,,33.5,,,,ochoa_cinta,,2025_05_08/11_20_56_0/1,single_fish
2025_05_08,11_20_56_0,11_20_56_0,frame_508,0,255,1,1,False,False,True,1.1998578310012815,False,[],,,,,,,33.5,,,,ochoa_cinta,,2025_05_08/11_20_56_0/1,single_fish
2025_05_08,11_20_56_0,11_20_56_0,frame_509,0,255,1,1,False,False,True,1.2174161672592163,False,[],,,,,,,33.5,,,,ochoa_cinta,,2025_05_08/11_20_56_0/1,single_fish
2025_05_08,11_20_56_0,11_20_56_0,frame_510,0,255,1,1,False,False,True,1.244490385055542,False,[],,,,,,,33.5,,,,ochoa_cinta,,2025_05_08/11_20_56_0/1,single_fish
2025_05_08,11_20_56_0,11_20_56_0,frame_511,0,255,1,1,False,False,True,1.275612235069275,False,[],,,,,,,33.5,,,,ochoa_cinta,,2025_05_08/11_20_56_0/1,single_fish
2025_05_08,11_20_56_0,11_20_56_0,frame_512,0,255,1,1,False,False,True,1.2841957807540894,False,[],,,,,,,33.5,,,,ochoa_cinta,,2025_05_08/11_20_56_0/1,single_fish
2025_05_08,11_20_56_0,11_20_56_0,frame_513,0,255,1,1,False,False,True,1.2839373350143433,False,[],,,,,,,33.5,,,,ochoa_cinta,,2025_05_08/11_20_56_0/1,single_fish
2025_05_08,11_20_56_0,11_20_56_0,frame_514,0,255,1,1,False,False,True,1.3029398918151855,False,[],,,,,,,33.5,,,,ochoa_cinta,,2025_05_08/11_20_56_0/1,single_fish
2025_05_08,11_20_56_0,11_20_56_0,frame_515,0,255,1,1,False,False,True,1.2998642921447754,False,[],,,,,,,33.5,,,,ochoa_cinta,,2025_05_08/11_20_56_0/1,single_fish
2025_05_08,11_20_56_0,11_20_56_0,frame_516,0,255,1,1,False,False,True,1.3116837739944458,False,[],,,,,,,33.5,,,,ochoa_cinta,,2025_05_08/11_20_56_0/1,single_fish
2025_05_08,11_20_56_0,11_20_56_0,frame_517,0,255,1,1,False,False,True,1.3054760694503784,False,[],,,,,,,33.5,,,,ochoa_cinta,,2025_05_08/11_20_56_0/1,single_fish
2025_05_08,11_20_56_0,11_20_56_0,frame_518,0,255,1,1,False,False,True,1.2794853448867798,False,[],,,,,,,33.5,,,,ochoa_cinta,,2025_05_08/11_20_56_0/1,single_fish
2025_05_08,11_20_56_0,11_20_56_0,frame_519,0,255,1,1,False,False,True,1.238997459411621,False,[],,,,,,,33.5,,,,ochoa_cinta,,2025_05_08/11_20_56_0/1,single_fish
2025_05_08,11_20_56_0,11_20_56_0,frame_520,0,255,1,1,False,False,True,1.212835431098938,False,[],,,,,,,33.5,,,,ochoa_cinta,,2025_05_08/11_20_56_0/1,single_fish
2025_05_08,11_20_56_0,11_20_56_0,frame_521,0,255,1,1,False,False,True,1.1827967166900637,False,[],,,,,,,33.5,,,,ochoa_cinta,,2025_05_08/11_20_56_0/1,single_fish
2025_05_08,11_20_56_0,11_20_56_0,frame_522,0,255,1,1,False,False,True,1.1734516620635986,False,[],,,,,,,33.5,,,,ochoa_cinta,,2025_05_08/11_20_56_0/1,single_fish
2025_05_08,11_20_56_0,11_20_56_0,frame_523,0,255,1,1,False,False,True,1.13883638381958,False,[],,,,,,,33.5,,,,ochoa_cinta,,2025_05_08/11_20_56_0/1,single_fish
2025_05_08,11_20_56_0,11_20_56_0,frame_524,0,255,1,1,False,False,True,1.126193284988403,False,[],,,,,,,33.5,,,,ochoa_cinta,,2025_05_08/11_20_56_0/1,single_fish
2025_05_08,11_20_56_0,11_20_56_0,frame_525,0,255,1,1,False,False,True,1.0692644119262695,False,[],,,,,,,33.5,,,,ochoa_cinta,,2025_05_08/11_20_56_0/1,single_fish
2025_05_08,11_20_56_0,11_20_56_0,frame_526,0,255,1,1,False,False,True,1.048961520195007,False,[],,,,,,,33.5,,,,ochoa_cinta,,2025_05_08/11_20_56_0/1,single_fish
2025_05_08,11_20_56_0,11_20_56_0,frame_527,0,255,1,1,False,False,True,1.05207097530365,False,[],,,,,,,33.5,,,,ochoa_cinta,,2025_05_08/11_20_56_0/1,single_fish
2025_05_08,11_20_56_0,11_20_56_0,frame_528,0,255,1,1,False,False,True,1.0831416845321655,False,[],,,,,,,33.5,,,,ochoa_cinta,,2025_05_08/11_20_56_0/1,single_fish
2025_05_08,11_20_56_0,11_20_56_0,frame_529,0,255,1,1,False,False,True,1.1034566164016724,False,[],,,,,,,33.5,,,,ochoa_cinta,,2025_05_08/11_20_56_0/1,single_fish
2025_05_08,11_20_56_0,11_20_56_0,frame_530,0,255,1,1,False,False,True,1.1468960046768188,False,[],,,,,,,33.5,,,,ochoa_cinta,,2025_05_08/11_20_56_0/1,single_fish
2025_05_08,11_20_56_0,11_20_56_0,frame_531,0,255,1,1,False,False,True,1.202205777168274,False,[],,,,,,,33.5,,,,ochoa_cinta,,2025_05_08/11_20_56_0/1,single_fish
2025_05_08,11_20_56_0,11_20_56_0,frame_532,0,255,1,1,False,False,True,1.2396913766860962,False,[],,,,,,,33.5,,,,ochoa_cinta,,2025_05_08/11_20_56_0/1,single_fish
2025_05_08,11_20_56_0,11_20_56_0,frame_533,0,255,1,1,False,False,True,1.2791210412979126,False,[],,,,,,,33.5,,,,ochoa_cinta,,2025_05_08/11_20_56_0/1,single_fish
2025_05_08,11_20_56_0,11_20_56_0,frame_534,0,255,1,1,False,False,True,1.3122109174728394,False,[],,,,,,,33.5,,,,ochoa_cinta,,2025_05_08/11_20_56_0/1,single_fish
2025_05_08,11_20_56_0,11_20_56_0,frame_535,0,255,1,1,False,False,True,1.3098959922790527,False,[],,,,,,,33.5,,,,ochoa_cinta,,2025_05_08/11_20_56_0/1,single_fish
2025_05_08,11_20_56_0,11_20_56_0,frame_536,0,255,1,1,False,False,True,1.308078408241272,False,[],,,,,,,33.5,,,,ochoa_cinta,,2025_05_08/11_20_56_0/1,single_fish
2025_05_08,11_20_56_0,11_20_56_0,frame_537,0,255,1,1,False,False,True,1.3220782279968262,False,[],,,,,,,33.5,,,,ochoa_cinta,,2025_05_08/11_20_56_0/1,single_fish
2025_05_08,11_20_56_0,11_20_56_0,frame_538,0,255,1,1,False,False,True,1.3156875371932983,False,[],,,,,,,33.5,,,,ochoa_cinta,,2025_05_08/11_20_56_0/1,single_fish
2025_05_08,11_20_56_0,11_20_56_0,frame_539,0,255,1,1,False,False,True,1.321975588798523,False,[],,,,,,,33.5,,,,ochoa_cinta,,2025_05_08/11_20_56_0/1,single_fish
2025_05_08,11_20_56_0,11_20_56_0,frame_540,0,255,1,1,False,False,True,1.295077562332153,False,[],,,,,,,33.5,,,,ochoa_cinta,,2025_05_08/11_20_56_0/1,single_fish
2025_05_08,11_20_56_0,11_20_56_0,frame_541,0,255,1,1,False,False,True,1.3018064498901367,False,[],,,,,,,33.5,,,,ochoa_cinta,,2025_05_08/11_20_56_0/1,single_fish
2025_05_08,11_20_56_0,11_20_56_0,frame_542,0,255,1,1,False,False,True,1.3046982288360596,False,[],,,,,,,33.5,,,,ochoa_cinta,,2025_05_08/11_20_56_0/1,single_fish
2025_05_08,11_20_56_0,11_20_56_0,frame_543,0,255,1,1,False,False,True,1.3139750957489014,False,[],,,,,,,33.5,,,,ochoa_cinta,,2025_05_08/11_20_56_0/1,single_fish
2025_05_08,11_20_56_0,11_20_56_0,frame_544,0,255,1,1,False,False,True,1.2864594459533691,False,[],,,,,,,33.5,,,,ochoa_cinta,,2025_05_08/11_20_56_0/1,single_fish
2025_05_08,11_20_56_0,11_20_56_0,frame_545,0,255,1,1,False,False,True,1.2920271158218384,False,[],,,,,,,33.5,,,,ochoa_cinta,,2025_05_08/11_20_56_0/1,single_fish
2025_05_08,11_20_56_0,11_20_56_0,frame_546,0,255,1,1,False,False,True,1.2758797407150269,False,[],,,,,,,33.5,,,,ochoa_cinta,,2025_05_08/11_20_56_0/1,single_fish
2025_05_08,11_20_56_0,11_20_56_0,frame_547,0,255,1,1,False,False,True,1.278486967086792,False,[],,,,,,,33.5,,,,ochoa_cinta,,2025_05_08/11_20_56_0/1,single_fish
2025_05_08,11_20_56_0,11_20_56_0,frame_548,0,255,1,1,False,False,True,1.2736053466796875,False,[],,,,,,,33.5,,,,ochoa_cinta,,2025_05_08/11_20_56_0/1,single_fish
2025_05_08,11_20_56_0,11_20_56_0,frame_549,0,255,1,1,False,False,True,1.2471305131912231,False,[],,,,,,,33.5,,,,ochoa_cinta,,2025_05_08/11_20_56_0/1,single_fish
2025_05_08,11_20_56_0,11_20_56_0,frame_550,0,255,1,1,False,False,True,1.236356258392334,False,[],,,,,,,33.5,,,,ochoa_cinta,,2025_05_08/11_20_56_0/1,single_fish
2025_05_08,11_20_56_0,11_20_56_0,frame_551,0,255,1,1,False,False,True,1.2242891788482666,False,[],,,,,,,33.5,,,,ochoa_cinta,,2025_05_08/11_20_56_0/1,single_fish
2025_05_08,11_20_56_0,11_20_56_0,frame_552,0,255,1,1,False,False,True,1.1810989379882812,False,[],,,,,,,33.5,,,,ochoa_cinta,,2025_05_08/11_20_56_0/1,single_fish
2025_05_08,11_20_56_0,11_20_56_0,frame_553,0,255,1,1,False,False,True,1.1639933586120603,False,[],,,,,,,33.5,,,,ochoa_cinta,,2025_05_08/11_20_56_0/1,single_fish
2025_05_08,11_20_56_0,11_20_56_0,frame_554,0,255,1,1,False,False,True,1.159129023551941,False,[],,,,,,,33.5,,,,ochoa_cinta,,2025_05_08/11_20_56_0/1,single_fish
2025_05_08,11_20_56_0,11_20_56_0,frame_555,0,255,1,1,False,False,True,1.1666041612625122,False,[],,,,,,,33.5,,,,ochoa_cinta,,2025_05_08/11_20_56_0/1,single_fish
2025_05_08,11_20_56_0,11_20_56_0,frame_556,0,255,1,1,False,False,True,1.160714626312256,False,[],,,,,,,33.5,,,,ochoa_cinta,,2025_05_08/11_20_56_0/1,single_fish
2025_05_08,11_20_56_0,11_20_56_0,frame_557,0,255,1,1,False,False,True,1.1665446758270264,False,[],,,,,,,33.5,,,,ochoa_cinta,,2025_05_08/11_20_56_0/1,single_fish
2025_05_08,11_20_56_0,11_20_56_0,frame_558,0,255,1,1,False,False,True,1.158614158630371,False,[],,,,,,,33.5,,,,ochoa_cinta,,2025_05_08/11_20_56_0/1,single_fish
2025_05_08,11_20_56_0,11_20_56_0,frame_559,0,255,1,1,False,False,True,1.1631628274917605,False,[],,,,,,,33.5,,,,ochoa_cinta,,2025_05_08/11_20_56_0/1,single_fish
2025_05_08,11_20_56_0,11_20_56_0,frame_560,0,255,1,1,False,False,True,1.1740915775299072,False,[],,,,,,,33.5,,,,ochoa_cinta,,2025_05_08/11_20_56_0/1,single_fish
2025_05_08,11_20_56_0,11_20_56_0,frame_561,0,255,1,1,False,False,True,1.1997432708740234,False,[],,,,,,,33.5,,,,ochoa_cinta,,2025_05_08/11_20_56_0/1,single_fish
2025_05_08,11_20_56_0,11_20_56_0,frame_562,0,255,1,1,False,False,True,1.2186092138290403,False,[],,,,,,,33.5,,,,ochoa_cinta,,2025_05_08/11_20_56_0/1,single_fish
2025_05_08,11_20_56_0,11_20_56_0,frame_563,0,255,1,1,False,False,True,1.2462326288223269,False,[],,,,,,,33.5,,,,ochoa_cinta,,2025_05_08/11_20_56_0/1,single_fish
2025_05_08,11_20_56_0,11_20_56_0,frame_564,0,255,1,1,False,False,True,1.26011860370636,False,[],,,,,,,33.5,,,,ochoa_cinta,,2025_05_08/11_20_56_0/1,single_fish
2025_05_08,11_20_56_0,11_20_56_0,frame_565,0,255,1,1,False,False,True,1.2615602016448977,False,[],,,,,,,33.5,,,,ochoa_cinta,,2025_05_08/11_20_56_0/1,single_fish
2025_05_08,11_20_56_0,11_20_56_0,frame_566,0,255,1,1,False,False,True,1.2724765539169312,False,[],,,,,,,33.5,,,,ochoa_cinta,,2025_05_08/11_20_56_0/1,single_fish
2025_05_08,11_20_56_0,11_20_56_0,frame_567,0,255,1,1,False,False,True,1.2822107076644895,False,[],,,,,,,33.5,,,,ochoa_cinta,,2025_05_08/11_20_56_0/1,single_fish
2025_05_08,11_20_56_0,11_20_56_0,frame_568,0,255,1,1,False,False,True,1.2644963264465332,False,[],,,,,,,33.5,,,,ochoa_cinta,,2025_05_08/11_20_56_0/1,single_fish
2025_05_08,11_20_56_0,11_20_56_0,frame_569,0,255,1,1,False,False,True,1.2855280637741089,False,[],,,,,,,33.5,,,,ochoa_cinta,,2025_05_08/11_20_56_0/1,single_fish
2025_05_08,11_20_56_0,11_20_56_0,frame_570,0,255,1,1,False,False,True,1.291766881942749,False,[],,,,,,,33.5,,,,ochoa_cinta,,2025_05_08/11_20_56_0/1,single_fish
2025_05_08,11_20_56_0,11_20_56_0,frame_571,0,255,1,1,False,False,True,1.295917272567749,False,[],,,,,,,33.5,,,,ochoa_cinta,,2025_05_08/11_20_56_0/1,single_fish
2025_05_08,11_20_56_0,11_20_56_0,frame_572,0,255,1,1,False,False,True,1.3119769096374512,False,[],,,,,,,33.5,,,,ochoa_cinta,,2025_05_08/11_20_56_0/1,single_fish
2025_05_08,11_20_56_0,11_20_56_0,frame_573,0,255,1,1,False,False,True,1.342705488204956,False,[],,,,,,,33.5,,,,ochoa_cinta,,2025_05_08/11_20_56_0/1,single_fish
2025_05_08,11_20_56_0,11_20_56_0,frame_574,0,255,1,1,False,False,True,1.3525710105895996,False,[],,,,,,,33.5,,,,ochoa_cinta,,2025_05_08/11_20_56_0/1,single_fish
2025_05_08,11_20_56_0,11_20_56_0,frame_575,0,255,1,1,False,False,True,1.370147943496704,False,[],,,,,,,33.5,,,,ochoa_cinta,,2025_05_08/11_20_56_0/1,single_fish
2025_05_08,11_20_56_0,11_20_56_0,frame_576,0,255,1,1,False,False,True,1.3572677373886108,False,[],,,,,,,33.5,,,,ochoa_cinta,,2025_05_08/11_20_56_0/1,single_fish
2025_05_08,11_20_56_0,11_20_56_0,frame_577,0,255,1,1,False,False,True,1.3340016603469849,False,[],,,,,,,33.5,,,,ochoa_cinta,,2025_05_08/11_20_56_0/1,single_fish
2025_05_08,11_20_56_0,11_20_56_0,frame_578,0,255,1,1,False,False,True,1.2940386533737185,False,[],,,,,,,33.5,,,,ochoa_cinta,,2025_05_08/11_20_56_0/1,single_fish
2025_05_08,11_20_56_0,11_20_56_0,frame_579,0,255,1,1,False,False,True,1.2610201835632324,False,[],,,,,,,33.5,,,,ochoa_cinta,,2025_05_08/11_20_56_0/1,single_fish
2025_05_08,11_20_56_0,11_20_56_0,frame_580,0,255,1,1,False,False,True,1.2565616369247437,False,[],,,,,,,33.5,,,,ochoa_cinta,,2025_05_08/11_20_56_0/1,single_fish
2025_05_08,11_20_56_0,11_20_56_0,frame_581,0,255,1,1,False,False,True,1.258692502975464,False,[],,,,,,,33.5,,,,ochoa_cinta,,2025_05_08/11_20_56_0/1,single_fish
2025_05_08,11_20_56_0,11_20_56_0,frame_582,0,255,1,1,False,False,True,1.2422243356704712,False,[],,,,,,,33.5,,,,ochoa_cinta,,2025_05_08/11_20_56_0/1,single_fish
2025_05_08,11_20_56_0,11_20_56_0,frame_583,0,255,1,1,False,False,True,1.2148810625076294,False,[],,,,,,,33.5,,,,ochoa_cinta,,2025_05_08/11_20_56_0/1,single_fish
2025_05_08,11_20_56_0,11_20_56_0,frame_584,0,255,1,1,False,False,True,1.2257732152938845,False,[],,,,,,,33.5,,,,ochoa_cinta,,2025_05_08/11_20_56_0/1,single_fish
2025_05_08,11_20_56_0,11_20_56_0,frame_585,0,255,1,1,False,False,True,1.2095580101013184,False,[],,,,,,,33.5,,,,ochoa_cinta,,2025_05_08/11_20_56_0/1,single_fish
2025_05_08,11_20_56_0,11_20_56_0,frame_586,0,255,1,1,False,False,True,1.2021621465682983,False,[],,,,,,,33.5,,,,ochoa_cinta,,2025_05_08/11_20_56_0/1,single_fish
2025_05_08,11_20_56_0,11_20_56_0,frame_587,0,255,1,1,False,False,True,1.1744638681411743,False,[],,,,,,,33.5,,,,ochoa_cinta,,2025_05_08/11_20_56_0/1,single_fish
2025_05_08,11_20_56_0,11_20_56_0,frame_588,0,255,1,1,False,False,True,1.1903913021087646,False,[],,,,,,,33.5,,,,ochoa_cinta,,2025_05_08/11_20_56_0/1,single_fish
2025_05_08,11_20_56_0,11_20_56_0,frame_589,0,255,1,1,False,False,True,1.2212315797805786,False,[],,,,,,,33.5,,,,ochoa_cinta,,2025_05_08/11_20_56_0/1,single_fish
2025_05_08,11_20_56_0,11_20_56_0,frame_590,0,255,1,1,False,False,True,1.2538708448410034,False,[],,,,,,,33.5,,,,ochoa_cinta,,2025_05_08/11_20_56_0/1,single_fish
2025_05_08,11_20_56_0,11_20_56_0,frame_591,0,255,1,1,False,False,True,1.2583075761795044,False,[],,,,,,,33.5,,,,ochoa_cinta,,2025_05_08/11_20_56_0/1,single_fish
2025_05_08,11_20_56_0,11_20_56_0,frame_592,0,255,1,1,False,False,True,1.2726101875305176,False,[],,,,,,,33.5,,,,ochoa_cinta,,2025_05_08/11_20_56_0/1,single_fish
2025_05_08,11_20_56_0,11_20_56_0,frame_593,0,255,1,1,False,False,True,1.2631815671920776,False,[],,,,,,,33.5,,,,ochoa_cinta,,2025_05_08/11_20_56_0/1,single_fish
2025_05_08,11_20_56_0,11_20_56_0,frame_594,0,255,1,1,False,False,True,1.2867319583892822,False,[],,,,,,,33.5,,,,ochoa_cinta,,2025_05_08/11_20_56_0/1,single_fish
2025_05_08,11_20_56_0,11_20_56_0,frame_595,0,255,1,1,False,False,True,1.290484070777893,False,[],,,,,,,33.5,,,,ochoa_cinta,,2025_05_08/11_20_56_0/1,single_fish
2025_05_08,11_20_56_0,11_20_56_0,frame_596,0,255,1,1,False,False,True,1.2927899360656738,False,[],,,,,,,33.5,,,,ochoa_cinta,,2025_05_08/11_20_56_0/1,single_fish
2025_05_08,11_20_56_0,11_20_56_0,frame_597,0,255,1,1,False,False,True,1.2994250059127808,False,[],,,,,,,33.5,,,,ochoa_cinta,,2025_05_08/11_20_56_0/1,single_fish
2025_05_08,11_20_56_0,11_20_56_0,frame_598,0,255,1,1,False,False,True,1.292866587638855,False,[],,,,,,,33.5,,,,ochoa_cinta,,2025_05_08/11_20_56_0/1,single_fish
2025_05_08,11_20_56_0,11_20_56_0,frame_599,0,255,1,1,False,False,True,1.2923460006713867,False,[],,,,,,,33.5,,,,ochoa_cinta,,2025_05_08/11_20_56_0/1,single_fish
2025_05_08,11_20_56_0,11_20_56_0,frame_600,0,255,1,1,False,False,True,1.2963279485702517,False,[],,,,,,,33.5,,,,ochoa_cinta,,2025_05_08/11_20_56_0/1,single_fish
2025_05_08,11_20_56_0,11_20_56_0,frame_601,0,255,1,1,False,False,True,1.3081971406936646,False,[],,,,,,,33.5,,,,ochoa_cinta,,2025_05_08/11_20_56_0/1,single_fish
2025_05_08,11_20_56_0,11_20_56_0,frame_602,0,255,1,1,False,False,True,1.2967684268951416,False,[],,,,,,,33.5,,,,ochoa_cinta,,2025_05_08/11_20_56_0/1,single_fish
2025_05_08,11_20_56_0,11_20_56_0,frame_603,0,255,1,1,False,False,True,1.298790693283081,False,[],,,,,,,33.5,,,,ochoa_cinta,,2025_05_08/11_20_56_0/1,single_fish
2025_05_08,11_20_56_0,11_20_56_0,frame_604,0,255,1,1,False,False,True,1.3116405010223389,False,[],,,,,,,33.5,,,,ochoa_cinta,,2025_05_08/11_20_56_0/1,single_fish
2025_05_08,11_20_56_0,11_20_56_0,frame_605,0,255,1,1,False,False,True,1.316448450088501,False,[],,,,,,,33.5,,,,ochoa_cinta,,2025_05_08/11_20_56_0/1,single_fish
2025_05_08,11_20_56_0,11_20_56_0,frame_606,0,255,1,1,False,False,True,1.312860369682312,False,[],,,,,,,33.5,,,,ochoa_cinta,,2025_05_08/11_20_56_0/1,single_fish
2025_05_08,11_20_56_0,11_20_56_0,frame_607,0,255,1,1,False,False,True,1.332217574119568,False,[],,,,,,,33.5,,,,ochoa_cinta,,2025_05_08/11_20_56_0/1,single_fish
2025_05_08,11_20_56_0,11_20_56_0,frame_608,0,255,1,1,False,False,True,1.3267754316329956,False,[],,,,,,,33.5,,,,ochoa_cinta,,2025_05_08/11_20_56_0/1,single_fish
2025_05_08,11_20_56_0,11_20_56_0,frame_609,0,255,1,1,False,False,True,1.3017414808273315,False,[],,,,,,,33.5,,,,ochoa_cinta,,2025_05_08/11_20_56_0/1,single_fish
2025_05_08,11_20_56_0,11_20_56_0,frame_610,0,255,1,1,False,False,True,1.2878050804138184,False,[],,,,,,,33.5,,,,ochoa_cinta,,2025_05_08/11_20_56_0/1,single_fish
2025_05_08,11_20_56_0,11_20_56_0,frame_611,0,255,1,1,False,False,True,1.2631903886795044,False,[],,,,,,,33.5,,,,ochoa_cinta,,2025_05_08/11_20_56_0/1,single_fish
2025_05_08,11_20_56_0,11_20_56_0,frame_612,0,255,1,1,False,False,True,1.2377241849899292,False,[],,,,,,,33.5,,,,ochoa_cinta,,2025_05_08/11_20_56_0/1,single_fish
2025_05_08,11_20_56_0,11_20_56_0,frame_613,0,255,1,1,False,False,True,1.2184908390045166,False,[],,,,,,,33.5,,,,ochoa_cinta,,2025_05_08/11_20_56_0/1,single_fish
2025_05_08,11_20_56_0,11_20_56_0,frame_614,0,255,1,1,False,False,True,1.1961891651153564,False,[],,,,,,,33.5,,,,ochoa_cinta,,2025_05_08/11_20_56_0/1,single_fish
2025_05_08,11_20_56_0,11_20_56_0,frame_615,0,255,1,1,False,False,True,1.2335224151611328,False,[],,,,,,,33.5,,,,ochoa_cinta,,2025_05_08/11_20_56_0/1,single_fish
2025_05_08,11_20_56_0,11_20_56_0,frame_616,0,255,1,1,False,False,True,1.2502412796020508,False,[],,,,,,,33.5,,,,ochoa_cinta,,2025_05_08/11_20_56_0/1,single_fish
2025_05_08,11_20_56_0,11_20_56_0,frame_617,0,255,1,1,False,False,True,1.2851340770721436,False,[],,,,,,,33.5,,,,ochoa_cinta,,2025_05_08/11_20_56_0/1,single_fish
2025_05_08,11_20_56_0,11_20_56_0,frame_618,0,255,1,1,False,False,True,1.3203545808792114,False,[],,,,,,,33.5,,,,ochoa_cinta,,2025_05_08/11_20_56_0/1,single_fish
2025_05_08,11_20_56_0,11_20_56_0,frame_619,0,255,1,1,False,False,True,1.3435986042022705,False,[],,,,,,,33.5,,,,ochoa_cinta,,2025_05_08/11_20_56_0/1,single_fish
2025_05_08,11_20_56_0,11_20_56_0,frame_620,0,255,1,1,False,False,True,1.3557523488998413,False,[],,,,,,,33.5,,,,ochoa_cinta,,2025_05_08/11_20_56_0/1,single_fish
2025_05_08,11_20_56_0,11_20_56_0,frame_621,0,255,1,1,False,False,True,1.362496852874756,False,[],,,,,,,33.5,,,,ochoa_cinta,,2025_05_08/11_20_56_0/1,single_fish
2025_05_08,11_20_56_0,11_20_56_0,frame_622,0,255,1,1,False,False,True,1.3621501922607422,False,[],,,,,,,33.5,,,,ochoa_cinta,,2025_05_08/11_20_56_0/1,single_fish
2025_05_08,11_20_56_0,11_20_56_0,frame_623,0,255,1,1,False,False,True,1.3696142435073853,False,[],,,,,,,33.5,,,,ochoa_cinta,,2025_05_08/11_20_56_0/1,single_fish
2025_05_08,11_20_56_0,11_20_56_0,frame_624,0,255,1,1,False,False,True,1.3752567768096924,False,[],,,,,,,33.5,,,,ochoa_cinta,,2025_05_08/11_20_56_0/1,single_fish
2025_05_08,11_20_56_0,11_20_56_0,frame_625,0,255,1,1,False,False,True,1.370737910270691,False,[],,,,,,,33.5,,,,ochoa_cinta,,2025_05_08/11_20_56_0/1,single_fish
2025_05_08,11_20_56_0,11_20_56_0,frame_626,0,255,1,1,False,False,True,1.3692131042480469,False,[],,,,,,,33.5,,,,ochoa_cinta,,2025_05_08/11_20_56_0/1,single_fish
2025_05_08,11_20_56_0,11_20_56_0,frame_627,0,255,1,1,False,False,True,1.3657499551773071,False,[],,,,,,,33.5,,,,ochoa_cinta,,2025_05_08/11_20_56_0/1,single_fish
2025_05_08,11_20_56_0,11_20_56_0,frame_628,0,255,1,1,False,False,True,1.3722540140151978,False,[],,,,,,,33.5,,,,ochoa_cinta,,2025_05_08/11_20_56_0/1,single_fish
2025_05_08,11_20_56_0,11_20_56_0,frame_629,0,255,1,1,False,False,True,1.380017876625061,False,[],,,,,,,33.5,,,,ochoa_cinta,,2025_05_08/11_20_56_0/1,single_fish
2025_05_08,11_20_56_0,11_20_56_0,frame_630,0,255,1,1,False,False,True,1.3623257875442505,False,[],,,,,,,33.5,,,,ochoa_cinta,,2025_05_08/11_20_56_0/1,single_fish
2025_05_08,11_20_56_0,11_20_56_0,frame_631,0,255,1,1,False,False,True,1.3555878400802612,False,[],,,,,,,33.5,,,,ochoa_cinta,,2025_05_08/11_20_56_0/1,single_fish
2025_05_08,11_20_56_0,11_20_56_0,frame_633,0,255,1,1,False,False,True,1.2677912712097168,False,[],,,,,,,33.5,,,,ochoa_cinta,,2025_05_08/11_20_56_0/1,single_fish
2025_05_08,11_20_56_0,11_20_56_0,frame_634,0,255,1,1,False,False,True,1.2397944927215576,False,[],,,,,,,33.5,,,,ochoa_cinta,,2025_05_08/11_20_56_0/1,single_fish
2025_05_08,11_20_56_0,11_20_56_0,frame_635,0,255,1,1,False,False,True,1.223556399345398,False,[],,,,,,,33.5,,,,ochoa_cinta,,2025_05_08/11_20_56_0/1,single_fish
2025_05_08,11_20_56_0,11_20_56_0,frame_636,0,255,1,1,False,False,True,1.241171956062317,False,[],,,,,,,33.5,,,,ochoa_cinta,,2025_05_08/11_20_56_0/1,single_fish
2025_05_08,11_20_56_0,11_20_56_0,frame_637,0,255,1,1,False,False,True,1.258857250213623,False,[],,,,,,,33.5,,,,ochoa_cinta,,2025_05_08/11_20_56_0/1,single_fish
2025_05_08,11_20_56_0,11_20_56_0,frame_638,0,255,1,1,False,False,True,1.286461353302002,False,[],,,,,,,33.5,,,,ochoa_cinta,,2025_05_08/11_20_56_0/1,single_fish
2025_05_08,11_20_56_0,11_20_56_0,frame_639,0,255,1,1,False,False,True,1.2825431823730469,False,[],,,,,,,33.5,,,,ochoa_cinta,,2025_05_08/11_20_56_0/1,single_fish
2025_05_08,11_20_56_0,11_20_56_0,frame_640,0,255,1,1,False,False,True,1.277152180671692,False,[],,,,,,,33.5,,,,ochoa_cinta,,2025_05_08/11_20_56_0/1,single_fish
2025_05_08,11_20_56_0,11_20_56_0,frame_641,0,255,1,1,False,False,True,1.2869223356246948,False,[],,,,,,,33.5,,,,ochoa_cinta,,2025_05_08/11_20_56_0/1,single_fish
2025_05_08,11_20_56_0,11_20_56_0,frame_642,0,255,1,1,False,False,True,1.3032925128936768,False,[],,,,,,,33.5,,,,ochoa_cinta,,2025_05_08/11_20_56_0/1,single_fish
2025_05_08,11_20_56_0,11_20_56_0,frame_643,0,255,1,1,False,False,True,1.3078595399856567,False,[],,,,,,,33.5,,,,ochoa_cinta,,2025_05_08/11_20_56_0/1,single_fish
2025_05_08,11_20_56_0,11_20_56_0,frame_644,0,255,1,1,False,False,True,1.3075840473175049,False,[],,,,,,,33.5,,,,ochoa_cinta,,2025_05_08/11_20_56_0/1,single_fish
2025_05_08,11_20_56_0,11_20_56_0,frame_645,0,255,1,1,False,False,True,1.3525582551956177,False,[],,,,,,,33.5,,,,ochoa_cinta,,2025_05_08/11_20_56_0/1,single_fish
2025_05_08,11_20_56_0,11_20_56_0,frame_646,0,255,1,1,False,False,True,1.3792099952697754,False,[],,,,,,,33.5,,,,ochoa_cinta,,2025_05_08/11_20_56_0/1,single_fish
2025_05_08,11_20_56_0,11_20_56_0,frame_647,0,255,1,1,False,False,True,1.4004446268081665,False,[],,,,,,,33.5,,,,ochoa_cinta,,2025_05_08/11_20_56_0/1,single_fish
2025_05_08,11_20_56_0,11_20_56_0,frame_648,0,255,1,1,False,False,True,1.422507405281067,False,[],,,,,,,33.5,,,,ochoa_cinta,,2025_05_08/11_20_56_0/1,single_fish
2025_05_08,11_20_56_0,11_20_56_0,frame_649,0,255,1,1,False,False,True,1.4303832054138184,False,[],,,,,,,33.5,,,,ochoa_cinta,,2025_05_08/11_20_56_0/1,single_fish
2025_05_08,11_20_56_0,11_20_56_0,frame_650,0,255,1,1,False,False,True,1.4194055795669556,False,[],,,,,,,33.5,,,,ochoa_cinta,,2025_05_08/11_20_56_0/1,single_fish
2025_05_08,11_20_56_0,11_20_56_0,frame_651,0,255,1,1,False,False,True,1.3867700099945068,False,[],,,,,,,33.5,,,,ochoa_cinta,,2025_05_08/11_20_56_0/1,single_fish
2025_05_08,11_20_56_0,11_20_56_0,frame_653,0,255,1,1,False,False,True,1.388329267501831,False,[],,,,,,,33.5,,,,ochoa_cinta,,2025_05_08/11_20_56_0/1,single_fish
2025_05_08,11_20_56_0,11_20_56_0,frame_654,0,255,1,1,False,False,True,1.401445984840393,False,[],,,,,,,33.5,,,,ochoa_cinta,,2025_05_08/11_20_56_0/1,single_fish
2025_05_08,11_20_56_0,11_20_56_0,frame_655,0,255,1,1,False,False,True,1.4084974527359009,False,[],,,,,,,33.5,,,,ochoa_cinta,,2025_05_08/11_20_56_0/1,single_fish
2025_05_08,11_20_56_0,11_20_56_0,frame_656,0,255,1,1,False,False,True,1.38932466506958,False,[],,,,,,,33.5,,,,ochoa_cinta,,2025_05_08/11_20_56_0/1,single_fish
2025_05_08,11_20_56_0,11_20_56_0,frame_657,0,255,1,1,False,False,True,1.3603837490081787,False,[],,,,,,,33.5,,,,ochoa_cinta,,2025_05_08/11_20_56_0/1,single_fish
2025_05_08,11_20_56_0,11_20_56_0,frame_658,0,255,1,1,False,False,True,1.320762038230896,False,[],,,,,,,33.5,,,,ochoa_cinta,,2025_05_08/11_20_56_0/1,single_fish
2025_05_08,11_20_56_0,11_20_56_0,frame_659,0,255,1,1,False,False,True,1.2852401733398438,False,[],,,,,,,33.5,,,,ochoa_cinta,,2025_05_08/11_20_56_0/1,single_fish
2025_05_08,11_20_56_0,11_20_56_0,frame_660,0,255,1,1,False,False,True,1.2613035440444946,False,[],,,,,,,33.5,,,,ochoa_cinta,,2025_05_08/11_20_56_0/1,single_fish
2025_05_08,11_20_56_0,11_20_56_0,frame_661,0,255,1,1,False,False,True,1.2594934701919556,False,[],,,,,,,33.5,,,,ochoa_cinta,,2025_05_08/11_20_56_0/1,single_fish
2025_05_08,11_20_56_0,11_20_56_0,frame_662,0,255,1,1,False,False,True,1.2718217372894287,False,[],,,,,,,33.5,,,,ochoa_cinta,,2025_05_08/11_20_56_0/1,single_fish
2025_05_08,11_20_56_0,11_20_56_0,frame_663,0,255,1,1,False,False,True,1.2865138053894043,False,[],,,,,,,33.5,,,,ochoa_cinta,,2025_05_08/11_20_56_0/1,single_fish
2025_05_08,11_20_56_0,11_20_56_0,frame_664,0,255,1,1,False,False,True,1.3037933111190796,False,[],,,,,,,33.5,,,,ochoa_cinta,,2025_05_08/11_20_56_0/1,single_fish
2025_05_08,11_20_56_0,11_20_56_0,frame_665,0,255,1,1,False,False,True,1.3148727416992188,False,[],,,,,,,33.5,,,,ochoa_cinta,,2025_05_08/11_20_56_0/1,single_fish
2025_05_08,11_17_18_2,11_17_18_2,frame_0,0,255,1,1,False,False,True,1.186619758605957,False,[],,,,,,,33.5,,,,ochoa_cinta,,2025_05_08/11_17_18_2/1,single_fish
2025_05_08,11_17_18_2,11_17_18_2,frame_1,0,255,1,1,False,False,True,1.17091166973114,False,[],,,,,,,33.5,,,,ochoa_cinta,,2025_05_08/11_17_18_2/1,single_fish
2025_05_08,11_17_18_2,11_17_18_2,frame_2,0,255,1,1,False,False,True,1.240661382675171,False,[],,,,,,,33.5,,,,ochoa_cinta,,2025_05_08/11_17_18_2/1,single_fish
2025_05_08,11_17_18_2,11_17_18_2,frame_3,0,255,1,1,False,False,True,1.2765841484069824,False,[],,,,,,,33.5,,,,ochoa_cinta,,2025_05_08/11_17_18_2/1,single_fish
2025_05_08,11_17_18_2,11_17_18_2,frame_4,0,255,1,1,False,False,True,1.2816044092178345,False,[],,,,,,,33.5,,,,ochoa_cinta,,2025_05_08/11_17_18_2/1,single_fish
2025_05_08,11_17_18_2,11_17_18_2,frame_5,0,255,1,1,False,False,True,1.2715637683868408,False,[],,,,,,,33.5,,,,ochoa_cinta,,2025_05_08/11_17_18_2/1,single_fish
2025_05_08,11_17_18_2,11_17_18_2,frame_6,0,255,1,1,False,False,True,1.2533122301101685,False,[],,,,,,,33.5,,,,ochoa_cinta,,2025_05_08/11_17_18_2/1,single_fish
2025_05_08,11_17_18_2,11_17_18_2,frame_7,0,255,1,1,False,False,True,1.2452226877212524,False,[],,,,,,,33.5,,,,ochoa_cinta,,2025_05_08/11_17_18_2/1,single_fish
2025_05_08,11_17_18_2,11_17_18_2,frame_8,0,255,1,1,False,False,True,1.2653383016586304,False,[],,,,,,,33.5,,,,ochoa_cinta,,2025_05_08/11_17_18_2/1,single_fish
2025_05_08,11_17_18_2,11_17_18_2,frame_9,0,255,1,1,False,False,True,1.2571004629135132,False,[],,,,,,,33.5,,,,ochoa_cinta,,2025_05_08/11_17_18_2/1,single_fish
2025_05_08,11_17_18_2,11_17_18_2,frame_10,0,255,1,1,False,False,True,1.248803973197937,False,[],,,,,,,33.5,,,,ochoa_cinta,,2025_05_08/11_17_18_2/1,single_fish
2025_05_08,11_17_18_2,11_17_18_2,frame_11,0,255,1,1,False,False,True,1.2393816709518433,False,[],,,,,,,33.5,,,,ochoa_cinta,,2025_05_08/11_17_18_2/1,single_fish
2025_05_08,11_17_18_2,11_17_18_2,frame_12,0,255,1,1,False,False,True,1.226911187171936,False,[],,,,,,,33.5,,,,ochoa_cinta,,2025_05_08/11_17_18_2/1,single_fish
2025_05_08,11_17_18_2,11_17_18_2,frame_13,0,255,1,1,False,False,True,1.2330929040908811,False,[],,,,,,,33.5,,,,ochoa_cinta,,2025_05_08/11_17_18_2/1,single_fish
2025_05_08,11_17_18_2,11_17_18_2,frame_14,0,255,1,1,False,False,True,1.219804763793945,False,[],,,,,,,33.5,,,,ochoa_cinta,,2025_05_08/11_17_18_2/1,single_fish
2025_05_08,11_17_18_2,11_17_18_2,frame_15,0,255,1,1,False,False,True,1.2500357627868652,False,[],,,,,,,33.5,,,,ochoa_cinta,,2025_05_08/11_17_18_2/1,single_fish
2025_05_08,11_17_18_2,11_17_18_2,frame_16,0,255,1,1,False,False,True,1.2639082670211792,False,[],,,,,,,33.5,,,,ochoa_cinta,,2025_05_08/11_17_18_2/1,single_fish
2025_05_08,11_17_18_2,11_17_18_2,frame_17,0,255,1,1,False,False,True,1.260671615600586,False,[],,,,,,,33.5,,,,ochoa_cinta,,2025_05_08/11_17_18_2/1,single_fish
2025_05_08,11_17_18_2,11_17_18_2,frame_18,0,255,1,1,False,False,True,1.2680813074111938,False,[],,,,,,,33.5,,,,ochoa_cinta,,2025_05_08/11_17_18_2/1,single_fish
2025_05_08,11_17_18_2,11_17_18_2,frame_19,0,255,1,1,False,False,True,1.2711174488067627,False,[],,,,,,,33.5,,,,ochoa_cinta,,2025_05_08/11_17_18_2/1,single_fish
2025_05_08,11_17_18_2,11_17_18_2,frame_20,0,255,1,1,False,False,True,1.2739626169204712,False,[],,,,,,,33.5,,,,ochoa_cinta,,2025_05_08/11_17_18_2/1,single_fish
2025_05_08,11_17_18_2,11_17_18_2,frame_21,0,255,1,1,False,False,True,1.2693840265274048,False,[],,,,,,,33.5,,,,ochoa_cinta,,2025_05_08/11_17_18_2/1,single_fish
2025_05_08,11_17_18_2,11_17_18_2,frame_22,0,255,1,1,False,False,True,1.2826699018478394,False,[],,,,,,,33.5,,,,ochoa_cinta,,2025_05_08/11_17_18_2/1,single_fish
2025_05_08,11_17_18_2,11_17_18_2,frame_23,0,255,1,1,False,False,True,1.322948336601257,False,[],,,,,,,33.5,,,,ochoa_cinta,,2025_05_08/11_17_18_2/1,single_fish
2025_05_08,11_17_18_2,11_17_18_2,frame_24,0,255,1,1,False,False,True,1.3432650566101074,False,[],,,,,,,33.5,,,,ochoa_cinta,,2025_05_08/11_17_18_2/1,single_fish
2025_05_08,11_17_18_2,11_17_18_2,frame_25,0,255,1,1,False,False,True,1.3489514589309692,False,[],,,,,,,33.5,,,,ochoa_cinta,,2025_05_08/11_17_18_2/1,single_fish
2025_05_08,11_17_18_2,11_17_18_2,frame_26,0,255,1,1,False,False,True,1.3698794841766355,False,[],,,,,,,33.5,,,,ochoa_cinta,,2025_05_08/11_17_18_2/1,single_fish
2025_05_08,11_17_18_2,11_17_18_2,frame_27,0,255,1,1,False,False,True,1.372635841369629,False,[],,,,,,,33.5,,,,ochoa_cinta,,2025_05_08/11_17_18_2/1,single_fish
2025_05_08,11_17_18_2,11_17_18_2,frame_28,0,255,1,1,False,False,True,1.3775665760040283,False,[],,,,,,,33.5,,,,ochoa_cinta,,2025_05_08/11_17_18_2/1,single_fish
2025_05_08,11_17_18_2,11_17_18_2,frame_29,0,255,1,1,False,False,True,1.356373906135559,False,[],,,,,,,33.5,,,,ochoa_cinta,,2025_05_08/11_17_18_2/1,single_fish
2025_05_08,11_17_18_2,11_17_18_2,frame_30,0,255,1,1,False,False,True,1.363019943237305,False,[],,,,,,,33.5,,,,ochoa_cinta,,2025_05_08/11_17_18_2/1,single_fish
2025_05_08,11_17_18_2,11_17_18_2,frame_31,0,255,1,1,False,False,True,1.3635249137878418,False,[],,,,,,,33.5,,,,ochoa_cinta,,2025_05_08/11_17_18_2/1,single_fish
2025_05_08,11_17_18_2,11_17_18_2,frame_32,0,255,1,1,False,False,True,1.351852297782898,False,[],,,,,,,33.5,,,,ochoa_cinta,,2025_05_08/11_17_18_2/1,single_fish
2025_05_08,11_17_18_2,11_17_18_2,frame_33,0,255,1,1,False,False,True,1.3477882146835327,False,[],,,,,,,33.5,,,,ochoa_cinta,,2025_05_08/11_17_18_2/1,single_fish
2025_05_08,11_17_18_2,11_17_18_2,frame_34,0,255,1,1,False,False,True,1.3205153942108154,False,[],,,,,,,33.5,,,,ochoa_cinta,,2025_05_08/11_17_18_2/1,single_fish
2025_05_08,11_17_18_2,11_17_18_2,frame_35,0,255,1,1,False,False,True,1.3125354051589966,False,[],,,,,,,33.5,,,,ochoa_cinta,,2025_05_08/11_17_18_2/1,single_fish
2025_05_08,11_17_18_2,11_17_18_2,frame_36,0,255,1,1,False,False,True,1.2947454452514648,False,[],,,,,,,33.5,,,,ochoa_cinta,,2025_05_08/11_17_18_2/1,single_fish
2025_05_08,11_17_18_2,11_17_18_2,frame_37,0,255,1,1,False,False,True,1.2608298063278198,False,[],,,,,,,33.5,,,,ochoa_cinta,,2025_05_08/11_17_18_2/1,single_fish
2025_05_08,11_17_18_2,11_17_18_2,frame_38,0,255,1,1,False,False,True,1.2822922468185425,False,[],,,,,,,33.5,,,,ochoa_cinta,,2025_05_08/11_17_18_2/1,single_fish
2025_05_08,11_17_18_2,11_17_18_2,frame_39,0,255,1,1,False,False,True,1.2745013236999512,False,[],,,,,,,33.5,,,,ochoa_cinta,,2025_05_08/11_17_18_2/1,single_fish
2025_05_08,11_17_18_2,11_17_18_2,frame_40,0,255,1,1,False,False,True,1.247342228889465,False,[],,,,,,,33.5,,,,ochoa_cinta,,2025_05_08/11_17_18_2/1,single_fish
2025_05_08,11_17_18_2,11_17_18_2,frame_41,0,255,1,1,False,False,True,1.229241132736206,False,[],,,,,,,33.5,,,,ochoa_cinta,,2025_05_08/11_17_18_2/1,single_fish
2025_05_08,11_17_18_2,11_17_18_2,frame_42,0,255,1,1,False,False,True,1.2195240259170532,False,[],,,,,,,33.5,,,,ochoa_cinta,,2025_05_08/11_17_18_2/1,single_fish
2025_05_08,11_17_18_2,11_17_18_2,frame_43,0,255,1,1,False,False,True,1.2046165466308594,False,[],,,,,,,33.5,,,,ochoa_cinta,,2025_05_08/11_17_18_2/1,single_fish
2025_05_08,11_17_18_2,11_17_18_2,frame_44,0,255,1,1,False,False,True,1.2015126943588257,False,[],,,,,,,33.5,,,,ochoa_cinta,,2025_05_08/11_17_18_2/1,single_fish
2025_05_08,11_17_18_2,11_17_18_2,frame_45,0,255,1,1,False,False,True,1.2044516801834106,False,[],,,,,,,33.5,,,,ochoa_cinta,,2025_05_08/11_17_18_2/1,single_fish
2025_05_08,11_17_18_2,11_17_18_2,frame_46,0,255,1,1,False,False,True,1.204877495765686,False,[],,,,,,,33.5,,,,ochoa_cinta,,2025_05_08/11_17_18_2/1,single_fish
2025_05_08,11_17_18_2,11_17_18_2,frame_47,0,255,1,1,False,False,True,1.237142562866211,False,[],,,,,,,33.5,,,,ochoa_cinta,,2025_05_08/11_17_18_2/1,single_fish
2025_05_08,11_17_18_2,11_17_18_2,frame_48,0,255,1,1,False,False,True,1.260143160820007,False,[],,,,,,,33.5,,,,ochoa_cinta,,2025_05_08/11_17_18_2/1,single_fish
2025_05_08,11_17_18_2,11_17_18_2,frame_49,0,255,1,1,False,False,True,1.2730013132095337,False,[],,,,,,,33.5,,,,ochoa_cinta,,2025_05_08/11_17_18_2/1,single_fish
2025_05_08,11_17_18_2,11_17_18_2,frame_50,0,255,1,1,False,False,True,1.286648511886597,False,[],,,,,,,33.5,,,,ochoa_cinta,,2025_05_08/11_17_18_2/1,single_fish
2025_05_08,11_17_18_2,11_17_18_2,frame_51,0,255,1,1,False,False,True,1.2909241914749146,False,[],,,,,,,33.5,,,,ochoa_cinta,,2025_05_08/11_17_18_2/1,single_fish
2025_05_08,11_17_18_2,11_17_18_2,frame_52,0,255,1,1,False,False,True,1.2976871728897097,False,[],,,,,,,33.5,,,,ochoa_cinta,,2025_05_08/11_17_18_2/1,single_fish
2025_05_08,11_17_18_2,11_17_18_2,frame_53,0,255,1,1,False,False,True,1.3265174627304075,False,[],,,,,,,33.5,,,,ochoa_cinta,,2025_05_08/11_17_18_2/1,single_fish
2025_05_08,11_17_18_2,11_17_18_2,frame_54,0,255,1,1,False,False,True,1.3424822092056274,False,[],,,,,,,33.5,,,,ochoa_cinta,,2025_05_08/11_17_18_2/1,single_fish
2025_05_08,11_17_18_2,11_17_18_2,frame_55,0,255,1,1,False,False,True,1.367620825767517,False,[],,,,,,,33.5,,,,ochoa_cinta,,2025_05_08/11_17_18_2/1,single_fish
2025_05_08,11_17_18_2,11_17_18_2,frame_56,0,255,1,1,False,False,True,1.379543662071228,False,[],,,,,,,33.5,,,,ochoa_cinta,,2025_05_08/11_17_18_2/1,single_fish
2025_05_08,11_17_18_2,11_17_18_2,frame_57,0,255,1,1,False,False,True,1.3842275142669678,False,[],,,,,,,33.5,,,,ochoa_cinta,,2025_05_08/11_17_18_2/1,single_fish
2025_05_08,11_17_18_2,11_17_18_2,frame_58,0,255,1,1,False,False,True,1.3976479768753052,False,[],,,,,,,33.5,,,,ochoa_cinta,,2025_05_08/11_17_18_2/1,single_fish
2025_05_08,11_17_18_2,11_17_18_2,frame_59,0,255,1,1,False,False,True,1.402248740196228,False,[],,,,,,,33.5,,,,ochoa_cinta,,2025_05_08/11_17_18_2/1,single_fish
2025_05_08,11_17_18_2,11_17_18_2,frame_60,0,255,1,1,False,False,True,1.4114006757736206,False,[],,,,,,,33.5,,,,ochoa_cinta,,2025_05_08/11_17_18_2/1,single_fish
2025_05_08,11_17_18_2,11_17_18_2,frame_61,0,255,1,1,False,False,True,1.418509840965271,False,[],,,,,,,33.5,,,,ochoa_cinta,,2025_05_08/11_17_18_2/1,single_fish
2025_05_08,11_17_18_2,11_17_18_2,frame_62,0,255,1,1,False,False,True,1.433101773262024,False,[],,,,,,,33.5,,,,ochoa_cinta,,2025_05_08/11_17_18_2/1,single_fish
2025_05_08,11_17_18_2,11_17_18_2,frame_63,0,255,1,1,False,False,True,1.4638001918792725,False,[],,,,,,,33.5,,,,ochoa_cinta,,2025_05_08/11_17_18_2/1,single_fish
2025_05_08,11_17_18_2,11_17_18_2,frame_64,0,255,1,1,False,False,True,1.4752379655838013,False,[],,,,,,,33.5,,,,ochoa_cinta,,2025_05_08/11_17_18_2/1,single_fish
2025_05_08,11_17_18_2,11_17_18_2,frame_65,0,255,1,1,False,False,True,1.4657093286514282,False,[],,,,,,,33.5,,,,ochoa_cinta,,2025_05_08/11_17_18_2/1,single_fish
2025_05_08,11_17_18_2,11_17_18_2,frame_66,0,255,1,1,False,False,True,1.4429181814193726,False,[],,,,,,,33.5,,,,ochoa_cinta,,2025_05_08/11_17_18_2/1,single_fish
2025_05_08,11_17_18_2,11_17_18_2,frame_67,0,255,1,1,False,False,True,1.4438738822937012,False,[],,,,,,,33.5,,,,ochoa_cinta,,2025_05_08/11_17_18_2/1,single_fish
2025_05_08,11_17_18_2,11_17_18_2,frame_68,0,255,1,1,False,False,True,1.407905340194702,False,[],,,,,,,33.5,,,,ochoa_cinta,,2025_05_08/11_17_18_2/1,single_fish
2025_05_08,11_17_18_2,11_17_18_2,frame_69,0,255,1,1,False,False,True,1.3926091194152832,False,[],,,,,,,33.5,,,,ochoa_cinta,,2025_05_08/11_17_18_2/1,single_fish
2025_05_08,11_17_18_2,11_17_18_2,frame_70,0,255,1,1,False,False,True,1.3888102769851685,False,[],,,,,,,33.5,,,,ochoa_cinta,,2025_05_08/11_17_18_2/1,single_fish
2025_05_08,11_17_18_2,11_17_18_2,frame_71,0,255,1,1,False,False,True,1.4022635221481323,False,[],,,,,,,33.5,,,,ochoa_cinta,,2025_05_08/11_17_18_2/1,single_fish
2025_05_08,11_17_18_2,11_17_18_2,frame_72,0,255,1,1,False,False,True,1.438361644744873,False,[],,,,,,,33.5,,,,ochoa_cinta,,2025_05_08/11_17_18_2/1,single_fish
2025_05_08,11_17_18_2,11_17_18_2,frame_73,0,255,1,1,False,False,True,1.4663866758346558,False,[],,,,,,,33.5,,,,ochoa_cinta,,2025_05_08/11_17_18_2/1,single_fish
2025_05_08,11_17_18_2,11_17_18_2,frame_74,0,255,1,1,False,False,True,1.40420401096344,False,[],,,,,,,33.5,,,,ochoa_cinta,,2025_05_08/11_17_18_2/1,single_fish
2025_05_08,11_17_18_2,11_17_18_2,frame_75,0,255,1,1,False,False,True,1.3769934177398682,False,[],,,,,,,33.5,,,,ochoa_cinta,,2025_05_08/11_17_18_2/1,single_fish
2025_05_08,11_17_18_2,11_17_18_2,frame_76,0,255,1,1,False,False,True,1.4127352237701416,False,[],,,,,,,33.5,,,,ochoa_cinta,,2025_05_08/11_17_18_2/1,single_fish
2025_05_08,11_17_18_2,11_17_18_2,frame_77,0,255,1,1,False,False,True,1.4292644262313845,False,[],,,,,,,33.5,,,,ochoa_cinta,,2025_05_08/11_17_18_2/1,single_fish
2025_05_08,11_17_18_2,11_17_18_2,frame_78,0,255,1,1,False,False,True,1.4448143243789673,False,[],,,,,,,33.5,,,,ochoa_cinta,,2025_05_08/11_17_18_2/1,single_fish
2025_05_08,11_17_18_2,11_17_18_2,frame_79,0,255,1,1,False,False,True,1.5085458755493164,False,[],,,,,,,33.5,,,,ochoa_cinta,,2025_05_08/11_17_18_2/1,single_fish
2025_05_08,11_17_18_2,11_17_18_2,frame_80,0,255,1,1,False,False,True,1.511763095855713,False,[],,,,,,,33.5,,,,ochoa_cinta,,2025_05_08/11_17_18_2/1,single_fish
2025_05_08,11_17_18_2,11_17_18_2,frame_81,0,255,1,1,False,False,True,1.5464659929275513,False,[],,,,,,,33.5,,,,ochoa_cinta,,2025_05_08/11_17_18_2/1,single_fish
2025_05_08,11_17_18_2,11_17_18_2,frame_82,0,255,1,1,False,False,True,1.5921121835708618,False,[],,,,,,,33.5,,,,ochoa_cinta,,2025_05_08/11_17_18_2/1,single_fish
2025_05_08,11_17_18_2,11_17_18_2,frame_83,0,255,1,1,False,False,True,1.5866204500198364,False,[],,,,,,,33.5,,,,ochoa_cinta,,2025_05_08/11_17_18_2/1,single_fish
2025_05_08,11_17_18_2,11_17_18_2,frame_84,0,255,1,1,False,False,True,1.5986943244934082,False,[],,,,,,,33.5,,,,ochoa_cinta,,2025_05_08/11_17_18_2/1,single_fish
2025_05_08,11_17_18_2,11_17_18_2,frame_85,0,255,1,1,False,False,True,1.586284875869751,False,[],,,,,,,33.5,,,,ochoa_cinta,,2025_05_08/11_17_18_2/1,single_fish
2025_05_08,11_17_18_2,11_17_18_2,frame_86,0,255,1,1,False,False,True,1.5745161771774292,False,[],,,,,,,33.5,,,,ochoa_cinta,,2025_05_08/11_17_18_2/1,single_fish
2025_05_08,11_17_18_2,11_17_18_2,frame_87,0,255,1,1,False,False,True,1.6130187511444092,False,[],,,,,,,33.5,,,,ochoa_cinta,,2025_05_08/11_17_18_2/1,single_fish
2025_05_08,11_17_18_2,11_17_18_2,frame_88,0,255,1,1,False,False,True,1.6026443243026731,False,[],,,,,,,33.5,,,,ochoa_cinta,,2025_05_08/11_17_18_2/1,single_fish
2025_05_08,11_17_18_2,11_17_18_2,frame_89,0,255,1,1,False,False,True,1.59753155708313,False,[],,,,,,,33.5,,,,ochoa_cinta,,2025_05_08/11_17_18_2/1,single_fish
2025_05_08,11_17_18_2,11_17_18_2,frame_90,0,255,1,1,False,False,True,1.606065273284912,False,[],,,,,,,33.5,,,,ochoa_cinta,,2025_05_08/11_17_18_2/1,single_fish
2025_05_08,11_17_18_2,11_17_18_2,frame_91,0,255,1,1,False,False,True,1.5957351922988892,False,[],,,,,,,33.5,,,,ochoa_cinta,,2025_05_08/11_17_18_2/1,single_fish
2025_05_08,11_17_18_2,11_17_18_2,frame_92,0,255,1,1,False,False,True,1.580802083015442,False,[],,,,,,,33.5,,,,ochoa_cinta,,2025_05_08/11_17_18_2/1,single_fish
2025_05_08,11_17_18_2,11_17_18_2,frame_93,0,255,1,1,False,False,True,1.6103283166885376,False,[],,,,,,,33.5,,,,ochoa_cinta,,2025_05_08/11_17_18_2/1,single_fish
2025_05_08,11_17_18_2,11_17_18_2,frame_94,0,255,1,1,False,False,True,1.599150776863098,False,[],,,,,,,33.5,,,,ochoa_cinta,,2025_05_08/11_17_18_2/1,single_fish
2025_05_08,11_17_18_2,11_17_18_2,frame_95,0,255,1,1,False,False,True,1.5839301347732544,False,[],,,,,,,33.5,,,,ochoa_cinta,,2025_05_08/11_17_18_2/1,single_fish
2025_05_08,11_17_18_2,11_17_18_2,frame_96,0,255,1,1,False,False,True,1.584257960319519,False,[],,,,,,,33.5,,,,ochoa_cinta,,2025_05_08/11_17_18_2/1,single_fish
2025_05_08,11_17_18_2,11_17_18_2,frame_97,0,255,1,1,False,False,True,1.5675873756408691,False,[],,,,,,,33.5,,,,ochoa_cinta,,2025_05_08/11_17_18_2/1,single_fish
2025_05_08,11_17_18_2,11_17_18_2,frame_98,0,255,1,1,False,False,True,1.5714370012283323,False,[],,,,,,,33.5,,,,ochoa_cinta,,2025_05_08/11_17_18_2/1,single_fish
2025_05_08,11_17_18_2,11_17_18_2,frame_99,0,255,1,1,False,False,True,1.5635749101638794,False,[],,,,,,,33.5,,,,ochoa_cinta,,2025_05_08/11_17_18_2/1,single_fish
2025_05_08,11_17_18_2,11_17_18_2,frame_100,0,255,1,1,False,False,True,1.5549495220184326,False,[],,,,,,,33.5,,,,ochoa_cinta,,2025_05_08/11_17_18_2/1,single_fish
2025_05_08,11_17_18_2,11_17_18_2,frame_101,0,255,1,1,False,False,True,1.5388872623443604,False,[],,,,,,,33.5,,,,ochoa_cinta,,2025_05_08/11_17_18_2/1,single_fish
2025_05_08,11_17_18_2,11_17_18_2,frame_102,0,255,1,1,False,False,True,1.548359513282776,False,[],,,,,,,33.5,,,,ochoa_cinta,,2025_05_08/11_17_18_2/1,single_fish
2025_05_08,11_17_18_2,11_17_18_2,frame_103,0,255,1,1,False,False,True,1.546048879623413,False,[],,,,,,,33.5,,,,ochoa_cinta,,2025_05_08/11_17_18_2/1,single_fish
2025_05_08,11_17_18_2,11_17_18_2,frame_104,0,255,1,1,False,False,True,1.498306393623352,False,[],,,,,,,33.5,,,,ochoa_cinta,,2025_05_08/11_17_18_2/1,single_fish
2025_05_08,11_17_18_2,11_17_18_2,frame_105,0,255,1,1,False,False,True,1.473266839981079,False,[],,,,,,,33.5,,,,ochoa_cinta,,2025_05_08/11_17_18_2/1,single_fish
2025_05_08,11_17_18_2,11_17_18_2,frame_106,0,255,1,1,False,False,True,1.4569934606552124,False,[],,,,,,,33.5,,,,ochoa_cinta,,2025_05_08/11_17_18_2/1,single_fish
2025_05_08,11_17_18_2,11_17_18_2,frame_107,0,255,1,1,False,False,True,1.4608139991760254,False,[],,,,,,,33.5,,,,ochoa_cinta,,2025_05_08/11_17_18_2/1,single_fish
2025_05_08,11_17_18_2,11_17_18_2,frame_108,0,255,1,1,False,False,True,1.4728238582611084,False,[],,,,,,,33.5,,,,ochoa_cinta,,2025_05_08/11_17_18_2/1,single_fish
2025_05_08,11_17_18_2,11_17_18_2,frame_109,0,255,1,1,False,False,True,1.5071488618850708,False,[],,,,,,,33.5,,,,ochoa_cinta,,2025_05_08/11_17_18_2/1,single_fish
2025_05_08,11_17_18_2,11_17_18_2,frame_110,0,255,1,1,False,False,True,1.5483943223953247,False,[],,,,,,,33.5,,,,ochoa_cinta,,2025_05_08/11_17_18_2/1,single_fish
2025_05_08,11_17_18_2,11_17_18_2,frame_111,0,255,1,1,False,False,True,1.5521191358566284,False,[],,,,,,,33.5,,,,ochoa_cinta,,2025_05_08/11_17_18_2/1,single_fish
2025_05_08,11_17_18_2,11_17_18_2,frame_112,0,255,1,1,False,False,True,1.5544414520263672,False,[],,,,,,,33.5,,,,ochoa_cinta,,2025_05_08/11_17_18_2/1,single_fish
2025_05_08,11_17_18_2,11_17_18_2,frame_113,0,255,1,1,False,False,True,1.570388913154602,False,[],,,,,,,33.5,,,,ochoa_cinta,,2025_05_08/11_17_18_2/1,single_fish
2025_05_08,11_17_18_2,11_17_18_2,frame_114,0,255,1,1,False,False,True,1.5573989152908323,False,[],,,,,,,33.5,,,,ochoa_cinta,,2025_05_08/11_17_18_2/1,single_fish
2025_05_08,11_17_18_2,11_17_18_2,frame_115,0,255,1,1,False,False,True,1.536921143531799,False,[],,,,,,,33.5,,,,ochoa_cinta,,2025_05_08/11_17_18_2/1,single_fish
2025_05_08,11_17_18_2,11_17_18_2,frame_116,0,255,1,1,False,False,True,1.540251851081848,False,[],,,,,,,33.5,,,,ochoa_cinta,,2025_05_08/11_17_18_2/1,single_fish
2025_05_08,11_17_18_2,11_17_18_2,frame_117,0,255,1,1,False,False,True,1.5019713640213013,False,[],,,,,,,33.5,,,,ochoa_cinta,,2025_05_08/11_17_18_2/1,single_fish
2025_05_08,11_17_18_2,11_17_18_2,frame_118,0,255,1,1,False,False,True,1.47232985496521,False,[],,,,,,,33.5,,,,ochoa_cinta,,2025_05_08/11_17_18_2/1,single_fish
2025_05_08,11_17_18_2,11_17_18_2,frame_119,0,255,1,1,False,False,True,1.453315258026123,False,[],,,,,,,33.5,,,,ochoa_cinta,,2025_05_08/11_17_18_2/1,single_fish
2025_05_08,11_17_18_2,11_17_18_2,frame_120,0,255,1,1,False,False,True,1.4129611253738403,False,[],,,,,,,33.5,,,,ochoa_cinta,,2025_05_08/11_17_18_2/1,single_fish
2025_05_08,11_17_18_2,11_17_18_2,frame_121,0,255,1,1,False,False,True,1.3852653503417969,False,[],,,,,,,33.5,,,,ochoa_cinta,,2025_05_08/11_17_18_2/1,single_fish
2025_05_08,11_17_18_2,11_17_18_2,frame_122,0,255,1,1,False,False,True,1.3757343292236328,False,[],,,,,,,33.5,,,,ochoa_cinta,,2025_05_08/11_17_18_2/1,single_fish
2025_05_08,11_17_18_2,11_17_18_2,frame_123,0,255,1,1,False,False,True,1.3423713445663452,False,[],,,,,,,33.5,,,,ochoa_cinta,,2025_05_08/11_17_18_2/1,single_fish
2025_05_08,11_17_18_2,11_17_18_2,frame_124,0,255,1,1,False,False,True,1.3344571590423584,False,[],,,,,,,33.5,,,,ochoa_cinta,,2025_05_08/11_17_18_2/1,single_fish
2025_05_08,11_17_18_2,11_17_18_2,frame_125,0,255,1,1,False,False,True,1.2896019220352173,False,[],,,,,,,33.5,,,,ochoa_cinta,,2025_05_08/11_17_18_2/1,single_fish
2025_05_08,11_17_18_2,11_17_18_2,frame_126,0,255,1,1,False,False,True,1.2558934688568115,False,[],,,,,,,33.5,,,,ochoa_cinta,,2025_05_08/11_17_18_2/1,single_fish
2025_05_08,11_17_18_2,11_17_18_2,frame_127,0,255,1,1,False,False,True,1.2316677570343018,False,[],,,,,,,33.5,,,,ochoa_cinta,,2025_05_08/11_17_18_2/1,single_fish
2025_05_08,11_17_18_2,11_17_18_2,frame_128,0,255,1,1,False,False,True,1.199055790901184,False,[],,,,,,,33.5,,,,ochoa_cinta,,2025_05_08/11_17_18_2/1,single_fish
2025_05_08,11_17_18_2,11_17_18_2,frame_129,0,255,1,1,False,False,True,1.183919072151184,False,[],,,,,,,33.5,,,,ochoa_cinta,,2025_05_08/11_17_18_2/1,single_fish
2025_05_08,11_17_18_2,11_17_18_2,frame_130,0,255,1,1,False,False,True,1.1824535131454468,False,[],,,,,,,33.5,,,,ochoa_cinta,,2025_05_08/11_17_18_2/1,single_fish
2025_05_08,11_17_18_2,11_17_18_2,frame_131,0,255,1,1,False,False,True,1.1759309768676758,False,[],,,,,,,33.5,,,,ochoa_cinta,,2025_05_08/11_17_18_2/1,single_fish
2025_05_08,11_17_18_2,11_17_18_2,frame_132,0,255,1,1,False,False,True,1.194568395614624,False,[],,,,,,,33.5,,,,ochoa_cinta,,2025_05_08/11_17_18_2/1,single_fish
2025_05_08,11_17_18_2,11_17_18_2,frame_133,0,255,1,1,False,False,True,1.184134602546692,False,[],,,,,,,33.5,,,,ochoa_cinta,,2025_05_08/11_17_18_2/1,single_fish
2025_05_08,11_17_18_2,11_17_18_2,frame_134,0,255,1,1,False,False,True,1.1807507276535034,False,[],,,,,,,33.5,,,,ochoa_cinta,,2025_05_08/11_17_18_2/1,single_fish
2025_05_08,11_17_18_2,11_17_18_2,frame_135,0,255,1,1,False,False,True,1.1531832218170166,False,[],,,,,,,33.5,,,,ochoa_cinta,,2025_05_08/11_17_18_2/1,single_fish
2025_05_08,11_17_18_2,11_17_18_2,frame_136,0,255,1,1,False,False,True,1.1453828811645508,False,[],,,,,,,33.5,,,,ochoa_cinta,,2025_05_08/11_17_18_2/1,single_fish
2025_05_08,11_17_18_2,11_17_18_2,frame_137,0,255,1,1,False,False,True,1.182186245918274,False,[],,,,,,,33.5,,,,ochoa_cinta,,2025_05_08/11_17_18_2/1,single_fish
2025_05_08,11_17_18_2,11_17_18_2,frame_138,0,255,1,1,False,False,True,1.2051860094070437,False,[],,,,,,,33.5,,,,ochoa_cinta,,2025_05_08/11_17_18_2/1,single_fish
2025_05_08,11_17_18_2,11_17_18_2,frame_139,0,255,1,1,False,False,True,1.206587314605713,False,[],,,,,,,33.5,,,,ochoa_cinta,,2025_05_08/11_17_18_2/1,single_fish
2025_05_08,11_17_18_2,11_17_18_2,frame_140,0,255,1,1,False,False,True,1.2101675271987915,False,[],,,,,,,33.5,,,,ochoa_cinta,,2025_05_08/11_17_18_2/1,single_fish
2025_05_08,11_17_18_2,11_17_18_2,frame_141,0,255,1,1,False,False,True,1.2107080221176147,False,[],,,,,,,33.5,,,,ochoa_cinta,,2025_05_08/11_17_18_2/1,single_fish
2025_05_08,11_17_18_2,11_17_18_2,frame_142,0,255,1,1,False,False,True,1.2238963842391968,False,[],,,,,,,33.5,,,,ochoa_cinta,,2025_05_08/11_17_18_2/1,single_fish
2025_05_08,11_17_18_2,11_17_18_2,frame_143,0,255,1,1,False,False,True,1.2381069660186768,False,[],,,,,,,33.5,,,,ochoa_cinta,,2025_05_08/11_17_18_2/1,single_fish
2025_05_08,11_17_18_2,11_17_18_2,frame_144,0,255,1,1,False,False,True,1.271856427192688,False,[],,,,,,,33.5,,,,ochoa_cinta,,2025_05_08/11_17_18_2/1,single_fish
2025_05_08,11_17_18_2,11_17_18_2,frame_145,0,255,1,1,False,False,True,1.297400712966919,False,[],,,,,,,33.5,,,,ochoa_cinta,,2025_05_08/11_17_18_2/1,single_fish
2025_05_08,11_17_18_2,11_17_18_2,frame_146,0,255,1,1,False,False,True,1.3111413717269895,False,[],,,,,,,33.5,,,,ochoa_cinta,,2025_05_08/11_17_18_2/1,single_fish
2025_05_08,11_17_18_2,11_17_18_2,frame_147,0,255,1,1,False,False,True,1.3669204711914062,False,[],,,,,,,33.5,,,,ochoa_cinta,,2025_05_08/11_17_18_2/1,single_fish
2025_05_08,11_17_18_2,11_17_18_2,frame_148,0,255,1,1,False,False,True,1.3652526140213013,False,[],,,,,,,33.5,,,,ochoa_cinta,,2025_05_08/11_17_18_2/1,single_fish
2025_05_08,11_17_18_2,11_17_18_2,frame_149,0,255,1,1,False,False,True,1.3695255517959597,False,[],,,,,,,33.5,,,,ochoa_cinta,,2025_05_08/11_17_18_2/1,single_fish
2025_05_08,11_17_18_2,11_17_18_2,frame_150,0,255,1,1,False,False,True,1.3717800378799438,False,[],,,,,,,33.5,,,,ochoa_cinta,,2025_05_08/11_17_18_2/1,single_fish
2025_05_08,11_17_18_2,11_17_18_2,frame_151,0,255,1,1,False,False,True,1.3755836486816406,False,[],,,,,,,33.5,,,,ochoa_cinta,,2025_05_08/11_17_18_2/1,single_fish
2025_05_08,11_17_18_2,11_17_18_2,frame_152,0,255,1,1,False,False,True,1.4103271961212158,False,[],,,,,,,33.5,,,,ochoa_cinta,,2025_05_08/11_17_18_2/1,single_fish
2025_05_08,11_17_18_2,11_17_18_2,frame_153,0,255,1,1,False,False,True,1.4257874488830566,False,[],,,,,,,33.5,,,,ochoa_cinta,,2025_05_08/11_17_18_2/1,single_fish
2025_05_08,11_17_18_2,11_17_18_2,frame_154,0,255,1,1,False,False,True,1.415894865989685,False,[],,,,,,,33.5,,,,ochoa_cinta,,2025_05_08/11_17_18_2/1,single_fish
2025_05_08,11_17_18_2,11_17_18_2,frame_155,0,255,1,1,False,False,True,1.4061381816864014,False,[],,,,,,,33.5,,,,ochoa_cinta,,2025_05_08/11_17_18_2/1,single_fish
2025_05_08,11_17_18_2,11_17_18_2,frame_156,0,255,1,1,False,False,True,1.4023337364196775,False,[],,,,,,,33.5,,,,ochoa_cinta,,2025_05_08/11_17_18_2/1,single_fish
2025_05_08,11_17_18_2,11_17_18_2,frame_157,0,255,1,1,False,False,True,1.362377047538757,False,[],,,,,,,33.5,,,,ochoa_cinta,,2025_05_08/11_17_18_2/1,single_fish
2025_05_08,11_17_18_2,11_17_18_2,frame_158,0,255,1,1,False,False,True,1.3555501699447632,False,[],,,,,,,33.5,,,,ochoa_cinta,,2025_05_08/11_17_18_2/1,single_fish
2025_05_08,11_17_18_2,11_17_18_2,frame_159,0,255,1,1,False,False,True,1.3527735471725464,False,[],,,,,,,33.5,,,,ochoa_cinta,,2025_05_08/11_17_18_2/1,single_fish
2025_05_08,11_17_18_2,11_17_18_2,frame_160,0,255,1,1,False,False,True,1.3482686281204224,False,[],,,,,,,33.5,,,,ochoa_cinta,,2025_05_08/11_17_18_2/1,single_fish
2025_05_08,11_17_18_2,11_17_18_2,frame_161,0,255,1,1,False,False,True,1.303106427192688,False,[],,,,,,,33.5,,,,ochoa_cinta,,2025_05_08/11_17_18_2/1,single_fish
2025_05_08,11_17_18_2,11_17_18_2,frame_162,0,255,1,1,False,False,True,1.2859599590301514,False,[],,,,,,,33.5,,,,ochoa_cinta,,2025_05_08/11_17_18_2/1,single_fish
2025_05_08,11_17_18_2,11_17_18_2,frame_163,0,255,1,1,False,False,True,1.279862642288208,False,[],,,,,,,33.5,,,,ochoa_cinta,,2025_05_08/11_17_18_2/1,single_fish
2025_05_08,11_17_18_2,11_17_18_2,frame_164,0,255,1,1,False,False,True,1.2638460397720337,False,[],,,,,,,33.5,,,,ochoa_cinta,,2025_05_08/11_17_18_2/1,single_fish
2025_05_08,11_17_18_2,11_17_18_2,frame_165,0,255,1,1,False,False,True,1.2813949584960938,False,[],,,,,,,33.5,,,,ochoa_cinta,,2025_05_08/11_17_18_2/1,single_fish
2025_05_08,11_17_18_2,11_17_18_2,frame_166,0,255,1,1,False,False,True,1.2962584495544434,False,[],,,,,,,33.5,,,,ochoa_cinta,,2025_05_08/11_17_18_2/1,single_fish
2025_05_08,11_17_18_2,11_17_18_2,frame_167,0,255,1,1,False,False,True,1.2871519327163696,False,[],,,,,,,33.5,,,,ochoa_cinta,,2025_05_08/11_17_18_2/1,single_fish
2025_05_08,11_17_18_2,11_17_18_2,frame_168,0,255,1,1,False,False,True,1.2912272214889526,False,[],,,,,,,33.5,,,,ochoa_cinta,,2025_05_08/11_17_18_2/1,single_fish
2025_05_08,11_17_18_2,11_17_18_2,frame_169,0,255,1,1,False,False,True,1.2929868698120115,False,[],,,,,,,33.5,,,,ochoa_cinta,,2025_05_08/11_17_18_2/1,single_fish
2025_05_08,11_17_18_2,11_17_18_2,frame_170,0,255,1,1,False,False,True,1.2746132612228394,False,[],,,,,,,33.5,,,,ochoa_cinta,,2025_05_08/11_17_18_2/1,single_fish
2025_05_08,11_17_18_2,11_17_18_2,frame_171,0,255,1,1,False,False,True,1.2666271924972534,False,[],,,,,,,33.5,,,,ochoa_cinta,,2025_05_08/11_17_18_2/1,single_fish
2025_05_08,11_17_18_2,11_17_18_2,frame_172,0,255,1,1,False,False,True,1.2581902742385864,False,[],,,,,,,33.5,,,,ochoa_cinta,,2025_05_08/11_17_18_2/1,single_fish
2025_05_08,11_17_18_2,11_17_18_2,frame_173,0,255,1,1,False,False,True,1.2335118055343628,False,[],,,,,,,33.5,,,,ochoa_cinta,,2025_05_08/11_17_18_2/1,single_fish
2025_05_08,11_17_18_2,11_17_18_2,frame_174,0,255,1,1,False,False,True,1.2096076011657717,False,[],,,,,,,33.5,,,,ochoa_cinta,,2025_05_08/11_17_18_2/1,single_fish
2025_05_08,11_17_18_2,11_17_18_2,frame_175,0,255,1,1,False,False,True,1.2065222263336182,False,[],,,,,,,33.5,,,,ochoa_cinta,,2025_05_08/11_17_18_2/1,single_fish
2025_05_08,11_17_18_2,11_17_18_2,frame_176,0,255,1,1,False,False,True,1.192253351211548,False,[],,,,,,,33.5,,,,ochoa_cinta,,2025_05_08/11_17_18_2/1,single_fish
2025_05_08,11_17_18_2,11_17_18_2,frame_177,0,255,1,1,False,False,True,1.2206496000289917,False,[],,,,,,,33.5,,,,ochoa_cinta,,2025_05_08/11_17_18_2/1,single_fish
2025_05_08,11_17_18_2,11_17_18_2,frame_178,0,255,1,1,False,False,True,1.2340689897537231,False,[],,,,,,,33.5,,,,ochoa_cinta,,2025_05_08/11_17_18_2/1,single_fish
2025_05_08,11_17_18_2,11_17_18_2,frame_179,0,255,1,1,False,False,True,1.2557801008224487,False,[],,,,,,,33.5,,,,ochoa_cinta,,2025_05_08/11_17_18_2/1,single_fish
2025_05_08,11_17_18_2,11_17_18_2,frame_180,0,255,1,1,False,False,True,1.285344481468201,False,[],,,,,,,33.5,,,,ochoa_cinta,,2025_05_08/11_17_18_2/1,single_fish
2025_05_08,11_17_18_2,11_17_18_2,frame_181,0,255,1,1,False,False,True,1.2755916118621826,False,[],,,,,,,33.5,,,,ochoa_cinta,,2025_05_08/11_17_18_2/1,single_fish
2025_05_08,11_17_18_2,11_17_18_2,frame_182,0,255,1,1,False,False,True,1.2753268480300903,False,[],,,,,,,33.5,,,,ochoa_cinta,,2025_05_08/11_17_18_2/1,single_fish
2025_05_08,11_17_18_2,11_17_18_2,frame_183,0,255,1,1,False,False,True,1.2469109296798706,False,[],,,,,,,33.5,,,,ochoa_cinta,,2025_05_08/11_17_18_2/1,single_fish
2025_05_08,11_17_18_2,11_17_18_2,frame_184,0,255,1,1,False,False,True,1.2451335191726685,False,[],,,,,,,33.5,,,,ochoa_cinta,,2025_05_08/11_17_18_2/1,single_fish
2025_05_08,11_17_18_2,11_17_18_2,frame_185,0,255,1,1,False,False,True,1.232787847518921,False,[],,,,,,,33.5,,,,ochoa_cinta,,2025_05_08/11_17_18_2/1,single_fish
2025_05_08,11_17_18_2,11_17_18_2,frame_186,0,255,1,1,False,False,True,1.2404059171676636,False,[],,,,,,,33.5,,,,ochoa_cinta,,2025_05_08/11_17_18_2/1,single_fish
2025_05_08,11_17_18_2,11_17_18_2,frame_187,0,255,1,1,False,False,True,1.252577543258667,False,[],,,,,,,33.5,,,,ochoa_cinta,,2025_05_08/11_17_18_2/1,single_fish
2025_05_08,11_17_18_2,11_17_18_2,frame_188,0,255,1,1,False,False,True,1.2515625953674316,False,[],,,,,,,33.5,,,,ochoa_cinta,,2025_05_08/11_17_18_2/1,single_fish
2025_05_08,11_17_18_2,11_17_18_2,frame_189,0,255,1,1,False,False,True,1.2528948783874512,False,[],,,,,,,33.5,,,,ochoa_cinta,,2025_05_08/11_17_18_2/1,single_fish
2025_05_08,11_17_18_2,11_17_18_2,frame_190,0,255,1,1,False,False,True,1.2466212511062622,False,[],,,,,,,33.5,,,,ochoa_cinta,,2025_05_08/11_17_18_2/1,single_fish
2025_05_08,11_17_18_2,11_17_18_2,frame_191,0,255,1,1,False,False,True,1.2477695941925049,False,[],,,,,,,33.5,,,,ochoa_cinta,,2025_05_08/11_17_18_2/1,single_fish
2025_05_08,11_17_18_2,11_17_18_2,frame_192,0,255,1,1,False,False,True,1.2425142526626587,False,[],,,,,,,33.5,,,,ochoa_cinta,,2025_05_08/11_17_18_2/1,single_fish
2025_05_08,11_17_18_2,11_17_18_2,frame_193,0,255,1,1,False,False,True,1.2564376592636108,False,[],,,,,,,33.5,,,,ochoa_cinta,,2025_05_08/11_17_18_2/1,single_fish
2025_05_08,11_17_18_2,11_17_18_2,frame_194,0,255,1,1,False,False,True,1.2551668882369995,False,[],,,,,,,33.5,,,,ochoa_cinta,,2025_05_08/11_17_18_2/1,single_fish
2025_05_08,11_17_18_2,11_17_18_2,frame_195,0,255,1,1,False,False,True,1.2451704740524292,False,[],,,,,,,33.5,,,,ochoa_cinta,,2025_05_08/11_17_18_2/1,single_fish
2025_05_08,11_17_18_2,11_17_18_2,frame_196,0,255,1,1,False,False,True,1.2643433809280396,False,[],,,,,,,33.5,,,,ochoa_cinta,,2025_05_08/11_17_18_2/1,single_fish
2025_05_08,11_17_18_2,11_17_18_2,frame_197,0,255,1,1,False,False,True,1.2840700149536133,False,[],,,,,,,33.5,,,,ochoa_cinta,,2025_05_08/11_17_18_2/1,single_fish
2025_05_08,11_17_18_2,11_17_18_2,frame_198,0,255,1,1,False,False,True,1.2846710681915283,False,[],,,,,,,33.5,,,,ochoa_cinta,,2025_05_08/11_17_18_2/1,single_fish
2025_05_08,11_17_18_2,11_17_18_2,frame_199,0,255,1,1,False,False,True,1.2885799407958984,False,[],,,,,,,33.5,,,,ochoa_cinta,,2025_05_08/11_17_18_2/1,single_fish
2025_05_08,11_17_18_2,11_17_18_2,frame_200,0,255,1,1,False,False,True,1.3077490329742432,False,[],,,,,,,33.5,,,,ochoa_cinta,,2025_05_08/11_17_18_2/1,single_fish
2025_05_08,11_17_18_2,11_17_18_2,frame_201,0,255,1,1,False,False,True,1.311741590499878,False,[],,,,,,,33.5,,,,ochoa_cinta,,2025_05_08/11_17_18_2/1,single_fish
2025_05_08,11_17_18_2,11_17_18_2,frame_202,0,255,1,1,False,False,True,1.3071600198745728,False,[],,,,,,,33.5,,,,ochoa_cinta,,2025_05_08/11_17_18_2/1,single_fish
2025_05_08,11_17_18_2,11_17_18_2,frame_203,0,255,1,1,False,False,True,1.329512596130371,False,[],,,,,,,33.5,,,,ochoa_cinta,,2025_05_08/11_17_18_2/1,single_fish
2025_05_08,11_17_18_2,11_17_18_2,frame_204,0,255,1,1,False,False,True,1.3458073139190674,False,[],,,,,,,33.5,,,,ochoa_cinta,,2025_05_08/11_17_18_2/1,single_fish
2025_05_08,11_17_18_2,11_17_18_2,frame_205,0,255,1,1,False,False,True,1.359331727027893,False,[],,,,,,,33.5,,,,ochoa_cinta,,2025_05_08/11_17_18_2/1,single_fish
2025_05_08,11_17_18_2,11_17_18_2,frame_206,0,255,1,1,False,False,True,1.375680446624756,False,[],,,,,,,33.5,,,,ochoa_cinta,,2025_05_08/11_17_18_2/1,single_fish
2025_05_08,11_17_18_2,11_17_18_2,frame_207,0,255,1,1,False,False,True,1.403677225112915,False,[],,,,,,,33.5,,,,ochoa_cinta,,2025_05_08/11_17_18_2/1,single_fish
2025_05_08,11_17_18_2,11_17_18_2,frame_208,0,255,1,1,False,False,True,1.4060262441635132,False,[],,,,,,,33.5,,,,ochoa_cinta,,2025_05_08/11_17_18_2/1,single_fish
2025_05_08,11_17_18_2,11_17_18_2,frame_209,0,255,1,1,False,False,True,1.3993377685546875,False,[],,,,,,,33.5,,,,ochoa_cinta,,2025_05_08/11_17_18_2/1,single_fish
2025_05_08,11_17_18_2,11_17_18_2,frame_210,0,255,1,1,False,False,True,1.3830268383026123,False,[],,,,,,,33.5,,,,ochoa_cinta,,2025_05_08/11_17_18_2/1,single_fish
2025_05_08,11_17_18_2,11_17_18_2,frame_211,0,255,1,1,False,False,True,1.3829033374786377,False,[],,,,,,,33.5,,,,ochoa_cinta,,2025_05_08/11_17_18_2/1,single_fish
2025_05_08,11_17_18_2,11_17_18_2,frame_212,0,255,1,1,False,False,True,1.3737891912460327,False,[],,,,,,,33.5,,,,ochoa_cinta,,2025_05_08/11_17_18_2/1,single_fish
2025_05_08,11_17_18_2,11_17_18_2,frame_213,0,255,1,1,False,False,True,1.3791660070419312,False,[],,,,,,,33.5,,,,ochoa_cinta,,2025_05_08/11_17_18_2/1,single_fish
2025_05_08,11_17_18_2,11_17_18_2,frame_214,0,255,1,1,False,False,True,1.3518308401107788,False,[],,,,,,,33.5,,,,ochoa_cinta,,2025_05_08/11_17_18_2/1,single_fish
2025_05_08,11_17_18_2,11_17_18_2,frame_215,0,255,1,1,False,False,True,1.350434184074402,False,[],,,,,,,33.5,,,,ochoa_cinta,,2025_05_08/11_17_18_2/1,single_fish
2025_05_08,11_17_18_2,11_17_18_2,frame_216,0,255,1,1,False,False,True,1.3244998455047607,False,[],,,,,,,33.5,,,,ochoa_cinta,,2025_05_08/11_17_18_2/1,single_fish
2025_05_08,11_17_18_2,11_17_18_2,frame_217,0,255,1,1,False,False,True,1.3038723468780518,False,[],,,,,,,33.5,,,,ochoa_cinta,,2025_05_08/11_17_18_2/1,single_fish
2025_05_08,11_17_18_2,11_17_18_2,frame_218,0,255,1,1,False,False,True,1.2831186056137085,False,[],,,,,,,33.5,,,,ochoa_cinta,,2025_05_08/11_17_18_2/1,single_fish
2025_05_08,11_17_18_2,11_17_18_2,frame_219,0,255,1,1,False,False,True,1.2886898517608645,False,[],,,,,,,33.5,,,,ochoa_cinta,,2025_05_08/11_17_18_2/1,single_fish
2025_05_08,11_17_18_2,11_17_18_2,frame_220,0,255,1,1,False,False,True,1.3228744268417358,False,[],,,,,,,33.5,,,,ochoa_cinta,,2025_05_08/11_17_18_2/1,single_fish
2025_05_08,11_17_18_2,11_17_18_2,frame_221,0,255,1,1,False,False,True,1.358725666999817,False,[],,,,,,,33.5,,,,ochoa_cinta,,2025_05_08/11_17_18_2/1,single_fish
2025_05_08,11_17_18_2,11_17_18_2,frame_222,0,255,1,1,False,False,True,1.383400797843933,False,[],,,,,,,33.5,,,,ochoa_cinta,,2025_05_08/11_17_18_2/1,single_fish
2025_05_08,11_17_18_2,11_17_18_2,frame_223,0,255,1,1,False,False,True,1.4161628484725952,False,[],,,,,,,33.5,,,,ochoa_cinta,,2025_05_08/11_17_18_2/1,single_fish
2025_05_08,11_17_18_2,11_17_18_2,frame_224,0,255,1,1,False,False,True,1.4132529497146606,False,[],,,,,,,33.5,,,,ochoa_cinta,,2025_05_08/11_17_18_2/1,single_fish
2025_05_08,11_17_18_2,11_17_18_2,frame_225,0,255,1,1,False,False,True,1.4280325174331665,False,[],,,,,,,33.5,,,,ochoa_cinta,,2025_05_08/11_17_18_2/1,single_fish
2025_05_08,11_17_18_2,11_17_18_2,frame_226,0,255,1,1,False,False,True,1.457516312599182,False,[],,,,,,,33.5,,,,ochoa_cinta,,2025_05_08/11_17_18_2/1,single_fish
2025_05_08,11_17_18_2,11_17_18_2,frame_227,0,255,1,1,False,False,True,1.4676402807235718,False,[],,,,,,,33.5,,,,ochoa_cinta,,2025_05_08/11_17_18_2/1,single_fish
2025_05_08,11_17_18_2,11_17_18_2,frame_228,0,255,1,1,False,False,True,1.4753652811050415,False,[],,,,,,,33.5,,,,ochoa_cinta,,2025_05_08/11_17_18_2/1,single_fish
2025_05_08,11_17_18_2,11_17_18_2,frame_229,0,255,1,1,False,False,True,1.489640474319458,False,[],,,,,,,33.5,,,,ochoa_cinta,,2025_05_08/11_17_18_2/1,single_fish
2025_05_08,11_17_18_2,11_17_18_2,frame_230,0,255,1,1,False,False,True,1.490681290626526,False,[],,,,,,,33.5,,,,ochoa_cinta,,2025_05_08/11_17_18_2/1,single_fish
2025_05_08,11_17_18_2,11_17_18_2,frame_231,0,255,1,1,False,False,True,1.4785395860671997,False,[],,,,,,,33.5,,,,ochoa_cinta,,2025_05_08/11_17_18_2/1,single_fish
2025_05_08,11_17_18_2,11_17_18_2,frame_232,0,255,1,1,False,False,True,1.442102313041687,False,[],,,,,,,33.5,,,,ochoa_cinta,,2025_05_08/11_17_18_2/1,single_fish
2025_05_08,11_17_18_2,11_17_18_2,frame_233,0,255,1,1,False,False,True,1.407973289489746,False,[],,,,,,,33.5,,,,ochoa_cinta,,2025_05_08/11_17_18_2/1,single_fish
2025_05_08,11_17_18_2,11_17_18_2,frame_234,0,255,1,1,False,False,True,1.3688873052597046,False,[],,,,,,,33.5,,,,ochoa_cinta,,2025_05_08/11_17_18_2/1,single_fish
2025_05_08,11_17_18_2,11_17_18_2,frame_235,0,255,1,1,False,False,True,1.3281269073486328,False,[],,,,,,,33.5,,,,ochoa_cinta,,2025_05_08/11_17_18_2/1,single_fish
2025_05_08,11_17_18_2,11_17_18_2,frame_236,0,255,1,1,False,False,True,1.3042229413986206,False,[],,,,,,,33.5,,,,ochoa_cinta,,2025_05_08/11_17_18_2/1,single_fish
2025_05_08,11_17_18_2,11_17_18_2,frame_237,0,255,1,1,False,False,True,1.2953983545303345,False,[],,,,,,,33.5,,,,ochoa_cinta,,2025_05_08/11_17_18_2/1,single_fish
2025_05_08,11_17_18_2,11_17_18_2,frame_238,0,255,1,1,False,False,True,1.2502856254577637,False,[],,,,,,,33.5,,,,ochoa_cinta,,2025_05_08/11_17_18_2/1,single_fish
2025_05_08,11_17_18_2,11_17_18_2,frame_239,0,255,1,1,False,False,True,1.2431983947753906,False,[],,,,,,,33.5,,,,ochoa_cinta,,2025_05_08/11_17_18_2/1,single_fish
2025_05_08,11_17_18_2,11_17_18_2,frame_240,0,255,1,1,False,False,True,1.230844020843506,False,[],,,,,,,33.5,,,,ochoa_cinta,,2025_05_08/11_17_18_2/1,single_fish
2025_05_08,11_17_18_2,11_17_18_2,frame_241,0,255,1,1,False,False,True,1.2290750741958618,False,[],,,,,,,33.5,,,,ochoa_cinta,,2025_05_08/11_17_18_2/1,single_fish
2025_05_08,11_17_18_2,11_17_18_2,frame_242,0,255,1,1,False,False,True,1.2374589443206787,False,[],,,,,,,33.5,,,,ochoa_cinta,,2025_05_08/11_17_18_2/1,single_fish
2025_05_08,11_17_18_2,11_17_18_2,frame_243,0,255,1,1,False,False,True,1.2606253623962402,False,[],,,,,,,33.5,,,,ochoa_cinta,,2025_05_08/11_17_18_2/1,single_fish
2025_05_08,11_17_18_2,11_17_18_2,frame_244,0,255,1,1,False,False,True,1.293305277824402,False,[],,,,,,,33.5,,,,ochoa_cinta,,2025_05_08/11_17_18_2/1,single_fish
2025_05_08,11_17_18_2,11_17_18_2,frame_245,0,255,1,1,False,False,True,1.3140695095062256,False,[],,,,,,,33.5,,,,ochoa_cinta,,2025_05_08/11_17_18_2/1,single_fish
2025_05_08,11_17_18_2,11_17_18_2,frame_246,0,255,1,1,False,False,True,1.3559328317642212,False,[],,,,,,,33.5,,,,ochoa_cinta,,2025_05_08/11_17_18_2/1,single_fish
2025_05_08,11_17_18_2,11_17_18_2,frame_247,0,255,1,1,False,False,True,1.3903696537017822,False,[],,,,,,,33.5,,,,ochoa_cinta,,2025_05_08/11_17_18_2/1,single_fish
2025_05_08,11_17_18_2,11_17_18_2,frame_248,0,255,1,1,False,False,True,1.4270697832107544,False,[],,,,,,,33.5,,,,ochoa_cinta,,2025_05_08/11_17_18_2/1,single_fish
2025_05_08,11_17_18_2,11_17_18_2,frame_249,0,255,1,1,False,False,True,1.4266502857208252,False,[],,,,,,,33.5,,,,ochoa_cinta,,2025_05_08/11_17_18_2/1,single_fish
2025_05_08,11_17_18_2,11_17_18_2,frame_250,0,255,1,1,False,False,True,1.4282186031341553,False,[],,,,,,,33.5,,,,ochoa_cinta,,2025_05_08/11_17_18_2/1,single_fish
2025_05_08,11_17_18_2,11_17_18_2,frame_251,0,255,1,1,False,False,True,1.424552321434021,False,[],,,,,,,33.5,,,,ochoa_cinta,,2025_05_08/11_17_18_2/1,single_fish
2025_05_08,11_17_18_2,11_17_18_2,frame_252,0,255,1,1,False,False,True,1.4317411184310913,False,[],,,,,,,33.5,,,,ochoa_cinta,,2025_05_08/11_17_18_2/1,single_fish
2025_05_08,11_17_18_2,11_17_18_2,frame_253,0,255,1,1,False,False,True,1.4419490098953247,False,[],,,,,,,33.5,,,,ochoa_cinta,,2025_05_08/11_17_18_2/1,single_fish
2025_05_08,11_17_18_2,11_17_18_2,frame_254,0,255,1,1,False,False,True,1.4398746490478516,False,[],,,,,,,33.5,,,,ochoa_cinta,,2025_05_08/11_17_18_2/1,single_fish
2025_05_08,11_17_18_2,11_17_18_2,frame_255,0,255,1,1,False,False,True,1.4444078207015991,False,[],,,,,,,33.5,,,,ochoa_cinta,,2025_05_08/11_17_18_2/1,single_fish
2025_05_08,11_17_18_2,11_17_18_2,frame_256,0,255,1,1,False,False,True,1.4345934391021729,False,[],,,,,,,33.5,,,,ochoa_cinta,,2025_05_08/11_17_18_2/1,single_fish
2025_05_08,11_17_18_2,11_17_18_2,frame_257,0,255,1,1,False,False,True,1.403839349746704,False,[],,,,,,,33.5,,,,ochoa_cinta,,2025_05_08/11_17_18_2/1,single_fish
2025_05_08,11_17_18_2,11_17_18_2,frame_258,0,255,1,1,False,False,True,1.3712310791015625,False,[],,,,,,,33.5,,,,ochoa_cinta,,2025_05_08/11_17_18_2/1,single_fish
2025_05_08,11_17_18_2,11_17_18_2,frame_259,0,255,1,1,False,False,True,1.3537318706512451,False,[],,,,,,,33.5,,,,ochoa_cinta,,2025_05_08/11_17_18_2/1,single_fish
2025_05_08,11_17_18_2,11_17_18_2,frame_260,0,255,1,1,False,False,True,1.3411024808883667,False,[],,,,,,,33.5,,,,ochoa_cinta,,2025_05_08/11_17_18_2/1,single_fish
2025_05_08,11_17_18_2,11_17_18_2,frame_261,0,255,1,1,False,False,True,1.320420503616333,False,[],,,,,,,33.5,,,,ochoa_cinta,,2025_05_08/11_17_18_2/1,single_fish
2025_05_08,11_17_18_2,11_17_18_2,frame_262,0,255,1,1,False,False,True,1.3270033597946167,False,[],,,,,,,33.5,,,,ochoa_cinta,,2025_05_08/11_17_18_2/1,single_fish
2025_05_08,11_17_18_2,11_17_18_2,frame_263,0,255,1,1,False,False,True,1.3291391134262085,False,[],,,,,,,33.5,,,,ochoa_cinta,,2025_05_08/11_17_18_2/1,single_fish
2025_05_08,11_17_18_2,11_17_18_2,frame_264,0,255,1,1,False,False,True,1.3324663639068604,False,[],,,,,,,33.5,,,,ochoa_cinta,,2025_05_08/11_17_18_2/1,single_fish
2025_05_08,11_17_18_2,11_17_18_2,frame_265,0,255,1,1,False,False,True,1.3277939558029177,False,[],,,,,,,33.5,,,,ochoa_cinta,,2025_05_08/11_17_18_2/1,single_fish
2025_05_08,11_17_18_2,11_17_18_2,frame_266,0,255,1,1,False,False,True,1.305015206336975,False,[],,,,,,,33.5,,,,ochoa_cinta,,2025_05_08/11_17_18_2/1,single_fish
2025_05_08,11_17_18_2,11_17_18_2,frame_267,0,255,1,1,False,False,True,1.297127604484558,False,[],,,,,,,33.5,,,,ochoa_cinta,,2025_05_08/11_17_18_2/1,single_fish
2025_05_08,11_17_18_2,11_17_18_2,frame_268,0,255,1,1,False,False,True,1.2963601350784302,False,[],,,,,,,33.5,,,,ochoa_cinta,,2025_05_08/11_17_18_2/1,single_fish
2025_05_08,11_17_18_2,11_17_18_2,frame_269,0,255,1,1,False,False,True,1.291635274887085,False,[],,,,,,,33.5,,,,ochoa_cinta,,2025_05_08/11_17_18_2/1,single_fish
2025_05_08,11_17_18_2,11_17_18_2,frame_270,0,255,1,1,False,False,True,1.2899953126907349,False,[],,,,,,,33.5,,,,ochoa_cinta,,2025_05_08/11_17_18_2/1,single_fish
2025_05_08,11_17_18_2,11_17_18_2,frame_271,0,255,1,1,False,False,True,1.291957974433899,False,[],,,,,,,33.5,,,,ochoa_cinta,,2025_05_08/11_17_18_2/1,single_fish
2025_05_08,11_17_18_2,11_17_18_2,frame_272,0,255,1,1,False,False,True,1.303918719291687,False,[],,,,,,,33.5,,,,ochoa_cinta,,2025_05_08/11_17_18_2/1,single_fish
2025_05_08,11_17_18_2,11_17_18_2,frame_273,0,255,1,1,False,False,True,1.302930235862732,False,[],,,,,,,33.5,,,,ochoa_cinta,,2025_05_08/11_17_18_2/1,single_fish
2025_05_08,11_17_18_2,11_17_18_2,frame_274,0,255,1,1,False,False,True,1.3080613613128662,False,[],,,,,,,33.5,,,,ochoa_cinta,,2025_05_08/11_17_18_2/1,single_fish
2025_05_08,11_17_18_2,11_17_18_2,frame_275,0,255,1,1,False,False,True,1.2890180349349976,False,[],,,,,,,33.5,,,,ochoa_cinta,,2025_05_08/11_17_18_2/1,single_fish
2025_05_08,11_17_18_2,11_17_18_2,frame_276,0,255,1,1,False,False,True,1.2821321487426758,False,[],,,,,,,33.5,,,,ochoa_cinta,,2025_05_08/11_17_18_2/1,single_fish
2025_05_08,11_17_18_2,11_17_18_2,frame_277,0,255,1,1,False,False,True,1.273532509803772,False,[],,,,,,,33.5,,,,ochoa_cinta,,2025_05_08/11_17_18_2/1,single_fish
2025_05_08,11_17_18_2,11_17_18_2,frame_278,0,255,1,1,False,False,True,1.2928911447525024,False,[],,,,,,,33.5,,,,ochoa_cinta,,2025_05_08/11_17_18_2/1,single_fish
2025_05_08,11_17_18_2,11_17_18_2,frame_279,0,255,1,1,False,False,True,1.278176188468933,False,[],,,,,,,33.5,,,,ochoa_cinta,,2025_05_08/11_17_18_2/1,single_fish
2025_05_08,11_17_18_2,11_17_18_2,frame_280,0,255,1,1,False,False,True,1.2890379428863523,False,[],,,,,,,33.5,,,,ochoa_cinta,,2025_05_08/11_17_18_2/1,single_fish
2025_05_08,11_17_18_2,11_17_18_2,frame_281,0,255,1,1,False,False,True,1.3104194402694702,False,[],,,,,,,33.5,,,,ochoa_cinta,,2025_05_08/11_17_18_2/1,single_fish
2025_05_08,11_17_18_2,11_17_18_2,frame_282,0,255,1,1,False,False,True,1.3231897354125977,False,[],,,,,,,33.5,,,,ochoa_cinta,,2025_05_08/11_17_18_2/1,single_fish
2025_05_08,11_17_18_2,11_17_18_2,frame_283,0,255,1,1,False,False,True,1.3069913387298584,False,[],,,,,,,33.5,,,,ochoa_cinta,,2025_05_08/11_17_18_2/1,single_fish
2025_05_08,11_17_18_2,11_17_18_2,frame_284,0,255,1,1,False,False,True,1.3030784130096436,False,[],,,,,,,33.5,,,,ochoa_cinta,,2025_05_08/11_17_18_2/1,single_fish
2025_05_08,11_17_18_2,11_17_18_2,frame_285,0,255,1,1,False,False,True,1.323766589164734,False,[],,,,,,,33.5,,,,ochoa_cinta,,2025_05_08/11_17_18_2/1,single_fish
2025_05_08,11_17_18_2,11_17_18_2,frame_286,0,255,1,1,False,False,True,1.3199812173843384,False,[],,,,,,,33.5,,,,ochoa_cinta,,2025_05_08/11_17_18_2/1,single_fish
2025_05_08,11_17_18_2,11_17_18_2,frame_287,0,255,1,1,False,False,True,1.3099143505096436,False,[],,,,,,,33.5,,,,ochoa_cinta,,2025_05_08/11_17_18_2/1,single_fish
2025_05_08,11_17_18_2,11_17_18_2,frame_288,0,255,1,1,False,False,True,1.320492148399353,False,[],,,,,,,33.5,,,,ochoa_cinta,,2025_05_08/11_17_18_2/1,single_fish
2025_05_08,11_17_18_2,11_17_18_2,frame_289,0,255,1,1,False,False,True,1.3148198127746582,False,[],,,,,,,33.5,,,,ochoa_cinta,,2025_05_08/11_17_18_2/1,single_fish
2025_05_08,11_17_18_2,11_17_18_2,frame_290,0,255,1,1,False,False,True,1.3151942491531372,False,[],,,,,,,33.5,,,,ochoa_cinta,,2025_05_08/11_17_18_2/1,single_fish
2025_05_08,11_17_18_2,11_17_18_2,frame_291,0,255,1,1,False,False,True,1.3243272304534912,False,[],,,,,,,33.5,,,,ochoa_cinta,,2025_05_08/11_17_18_2/1,single_fish
2025_05_08,11_17_18_2,11_17_18_2,frame_292,0,255,1,1,False,False,True,1.3187990188598633,False,[],,,,,,,33.5,,,,ochoa_cinta,,2025_05_08/11_17_18_2/1,single_fish
2025_05_08,11_17_18_2,11_17_18_2,frame_293,0,255,1,1,False,False,True,1.328709602355957,False,[],,,,,,,33.5,,,,ochoa_cinta,,2025_05_08/11_17_18_2/1,single_fish
2025_05_08,11_17_18_2,11_17_18_2,frame_294,0,255,1,1,False,False,True,1.32328200340271,False,[],,,,,,,33.5,,,,ochoa_cinta,,2025_05_08/11_17_18_2/1,single_fish
2025_05_08,11_17_18_2,11_17_18_2,frame_295,0,255,1,1,False,False,True,1.3121204376220703,False,[],,,,,,,33.5,,,,ochoa_cinta,,2025_05_08/11_17_18_2/1,single_fish
2025_05_08,11_17_18_2,11_17_18_2,frame_296,0,255,1,1,False,False,True,1.3201526403427124,False,[],,,,,,,33.5,,,,ochoa_cinta,,2025_05_08/11_17_18_2/1,single_fish
2025_05_08,11_17_18_2,11_17_18_2,frame_297,0,255,1,1,False,False,True,1.2923650741577148,False,[],,,,,,,33.5,,,,ochoa_cinta,,2025_05_08/11_17_18_2/1,single_fish
2025_05_08,11_17_18_2,11_17_18_2,frame_298,0,255,1,1,False,False,True,1.2635692358016968,False,[],,,,,,,33.5,,,,ochoa_cinta,,2025_05_08/11_17_18_2/1,single_fish
2025_05_08,11_17_18_2,11_17_18_2,frame_299,0,255,1,1,False,False,True,1.241489291191101,False,[],,,,,,,33.5,,,,ochoa_cinta,,2025_05_08/11_17_18_2/1,single_fish
2025_05_08,11_17_18_2,11_17_18_2,frame_300,0,255,1,1,False,False,True,1.2446930408477783,False,[],,,,,,,33.5,,,,ochoa_cinta,,2025_05_08/11_17_18_2/1,single_fish
2025_05_08,11_17_18_2,11_17_18_2,frame_301,0,255,1,1,False,False,True,1.20538067817688,False,[],,,,,,,33.5,,,,ochoa_cinta,,2025_05_08/11_17_18_2/1,single_fish
2025_05_08,11_17_18_2,11_17_18_2,frame_302,0,255,1,1,False,False,True,1.2003647089004517,False,[],,,,,,,33.5,,,,ochoa_cinta,,2025_05_08/11_17_18_2/1,single_fish
2025_05_08,11_17_18_2,11_17_18_2,frame_303,0,255,1,1,False,False,True,1.2003885507583618,False,[],,,,,,,33.5,,,,ochoa_cinta,,2025_05_08/11_17_18_2/1,single_fish
2025_05_08,11_17_18_2,11_17_18_2,frame_304,0,255,1,1,False,False,True,1.2089818716049194,False,[],,,,,,,33.5,,,,ochoa_cinta,,2025_05_08/11_17_18_2/1,single_fish
2025_05_08,11_17_18_2,11_17_18_2,frame_305,0,255,1,1,False,False,True,1.2023537158966064,False,[],,,,,,,33.5,,,,ochoa_cinta,,2025_05_08/11_17_18_2/1,single_fish
2025_05_08,11_17_18_2,11_17_18_2,frame_306,0,255,1,1,False,False,True,1.2151103019714355,False,[],,,,,,,33.5,,,,ochoa_cinta,,2025_05_08/11_17_18_2/1,single_fish
2025_05_08,11_17_18_2,11_17_18_2,frame_307,0,255,1,1,False,False,True,1.2040116786956787,False,[],,,,,,,33.5,,,,ochoa_cinta,,2025_05_08/11_17_18_2/1,single_fish
2025_05_08,11_17_18_2,11_17_18_2,frame_308,0,255,1,1,False,False,True,1.2170947790145874,False,[],,,,,,,33.5,,,,ochoa_cinta,,2025_05_08/11_17_18_2/1,single_fish
2025_05_08,11_17_18_2,11_17_18_2,frame_309,0,255,1,1,False,False,True,1.22301983833313,False,[],,,,,,,33.5,,,,ochoa_cinta,,2025_05_08/11_17_18_2/1,single_fish
2025_05_08,11_17_18_2,11_17_18_2,frame_310,0,255,1,1,False,False,True,1.2572133541107178,False,[],,,,,,,33.5,,,,ochoa_cinta,,2025_05_08/11_17_18_2/1,single_fish
2025_05_08,11_17_18_2,11_17_18_2,frame_311,0,255,1,1,False,False,True,1.2930476665496826,False,[],,,,,,,33.5,,,,ochoa_cinta,,2025_05_08/11_17_18_2/1,single_fish
2025_05_08,11_17_18_2,11_17_18_2,frame_312,0,255,1,1,False,False,True,1.3268102407455444,False,[],,,,,,,33.5,,,,ochoa_cinta,,2025_05_08/11_17_18_2/1,single_fish
2025_05_08,11_17_18_2,11_17_18_2,frame_313,0,255,1,1,False,False,True,1.34540593624115,False,[],,,,,,,33.5,,,,ochoa_cinta,,2025_05_08/11_17_18_2/1,single_fish
2025_05_08,11_17_18_2,11_17_18_2,frame_314,0,255,1,1,False,False,True,1.3492820262908936,False,[],,,,,,,33.5,,,,ochoa_cinta,,2025_05_08/11_17_18_2/1,single_fish
2025_05_08,11_17_18_2,11_17_18_2,frame_315,0,255,1,1,False,False,True,1.3556458950042725,False,[],,,,,,,33.5,,,,ochoa_cinta,,2025_05_08/11_17_18_2/1,single_fish
2025_05_08,11_17_18_2,11_17_18_2,frame_316,0,255,1,1,False,False,True,1.3517512083053589,False,[],,,,,,,33.5,,,,ochoa_cinta,,2025_05_08/11_17_18_2/1,single_fish
2025_05_08,11_17_18_2,11_17_18_2,frame_317,0,255,1,1,False,False,True,1.3818355798721311,False,[],,,,,,,33.5,,,,ochoa_cinta,,2025_05_08/11_17_18_2/1,single_fish
2025_05_08,11_17_18_2,11_17_18_2,frame_318,0,255,1,1,False,False,True,1.3944109678268433,False,[],,,,,,,33.5,,,,ochoa_cinta,,2025_05_08/11_17_18_2/1,single_fish
2025_05_08,11_17_18_2,11_17_18_2,frame_319,0,255,1,1,False,False,True,1.424144625663757,False,[],,,,,,,33.5,,,,ochoa_cinta,,2025_05_08/11_17_18_2/1,single_fish
2025_05_08,11_17_18_2,11_17_18_2,frame_320,0,255,1,1,False,False,True,1.4092766046524048,False,[],,,,,,,33.5,,,,ochoa_cinta,,2025_05_08/11_17_18_2/1,single_fish
2025_05_08,11_17_18_2,11_17_18_2,frame_321,0,255,1,1,False,False,True,1.4039033651351929,False,[],,,,,,,33.5,,,,ochoa_cinta,,2025_05_08/11_17_18_2/1,single_fish
2025_05_08,11_17_18_2,11_17_18_2,frame_322,0,255,1,1,False,False,True,1.415032148361206,False,[],,,,,,,33.5,,,,ochoa_cinta,,2025_05_08/11_17_18_2/1,single_fish
2025_05_08,11_17_18_2,11_17_18_2,frame_323,0,255,1,1,False,False,True,1.449398636817932,False,[],,,,,,,33.5,,,,ochoa_cinta,,2025_05_08/11_17_18_2/1,single_fish
2025_05_08,11_17_18_2,11_17_18_2,frame_324,0,255,1,1,False,False,True,1.4599677324295044,False,[],,,,,,,33.5,,,,ochoa_cinta,,2025_05_08/11_17_18_2/1,single_fish
2025_05_08,11_17_18_2,11_17_18_2,frame_325,0,255,1,1,False,False,True,1.4636027812957764,False,[],,,,,,,33.5,,,,ochoa_cinta,,2025_05_08/11_17_18_2/1,single_fish
2025_05_08,11_17_18_2,11_17_18_2,frame_326,0,255,1,1,False,False,True,1.4670789241790771,False,[],,,,,,,33.5,,,,ochoa_cinta,,2025_05_08/11_17_18_2/1,single_fish
2025_05_08,11_17_18_2,11_17_18_2,frame_327,0,255,1,1,False,False,True,1.4674330949783323,False,[],,,,,,,33.5,,,,ochoa_cinta,,2025_05_08/11_17_18_2/1,single_fish
2025_05_08,11_17_18_2,11_17_18_2,frame_328,0,255,1,1,False,False,True,1.4674652814865112,False,[],,,,,,,33.5,,,,ochoa_cinta,,2025_05_08/11_17_18_2/1,single_fish
2025_05_08,11_17_18_2,11_17_18_2,frame_329,0,255,1,1,False,False,True,1.4726701974868774,False,[],,,,,,,33.5,,,,ochoa_cinta,,2025_05_08/11_17_18_2/1,single_fish
2025_05_08,11_17_18_2,11_17_18_2,frame_330,0,255,1,1,False,False,True,1.4605731964111328,False,[],,,,,,,33.5,,,,ochoa_cinta,,2025_05_08/11_17_18_2/1,single_fish
2025_05_08,11_17_18_2,11_17_18_2,frame_331,0,255,1,1,False,False,True,1.428478121757507,False,[],,,,,,,33.5,,,,ochoa_cinta,,2025_05_08/11_17_18_2/1,single_fish
2025_05_08,11_17_18_2,11_17_18_2,frame_332,0,255,1,1,False,False,True,1.4033997058868408,False,[],,,,,,,33.5,,,,ochoa_cinta,,2025_05_08/11_17_18_2/1,single_fish
2025_05_08,11_17_18_2,11_17_18_2,frame_333,0,255,1,1,False,False,True,1.4086633920669556,False,[],,,,,,,33.5,,,,ochoa_cinta,,2025_05_08/11_17_18_2/1,single_fish
2025_05_08,11_17_18_2,11_17_18_2,frame_334,0,255,1,1,False,False,True,1.41071879863739,False,[],,,,,,,33.5,,,,ochoa_cinta,,2025_05_08/11_17_18_2/1,single_fish
2025_05_08,11_17_18_2,11_17_18_2,frame_335,0,255,1,1,False,False,True,1.405308961868286,False,[],,,,,,,33.5,,,,ochoa_cinta,,2025_05_08/11_17_18_2/1,single_fish
2025_05_08,11_17_18_2,11_17_18_2,frame_336,0,255,1,1,False,False,True,1.3949328660964966,False,[],,,,,,,33.5,,,,ochoa_cinta,,2025_05_08/11_17_18_2/1,single_fish
2025_05_08,11_17_18_2,11_17_18_2,frame_337,0,255,1,1,False,False,True,1.3594934940338137,False,[],,,,,,,33.5,,,,ochoa_cinta,,2025_05_08/11_17_18_2/1,single_fish
2025_05_08,11_17_18_2,11_17_18_2,frame_338,0,255,1,1,False,False,True,1.3092026710510254,False,[],,,,,,,33.5,,,,ochoa_cinta,,2025_05_08/11_17_18_2/1,single_fish
2025_05_08,11_17_18_2,11_17_18_2,frame_339,0,255,1,1,False,False,True,1.2975854873657229,False,[],,,,,,,33.5,,,,ochoa_cinta,,2025_05_08/11_17_18_2/1,single_fish
2025_05_08,11_17_18_2,11_17_18_2,frame_340,0,255,1,1,False,False,True,1.3201055526733398,False,[],,,,,,,33.5,,,,ochoa_cinta,,2025_05_08/11_17_18_2/1,single_fish
2025_05_08,11_17_18_2,11_17_18_2,frame_341,0,255,1,1,False,False,True,1.332856297492981,False,[],,,,,,,33.5,,,,ochoa_cinta,,2025_05_08/11_17_18_2/1,single_fish
2025_05_08,11_17_18_2,11_17_18_2,frame_342,0,255,1,1,False,False,True,1.322266697883606,False,[],,,,,,,33.5,,,,ochoa_cinta,,2025_05_08/11_17_18_2/1,single_fish
2025_05_08,11_17_18_2,11_17_18_2,frame_343,0,255,1,1,False,False,True,1.3269598484039309,False,[],,,,,,,33.5,,,,ochoa_cinta,,2025_05_08/11_17_18_2/1,single_fish
2025_05_08,11_17_18_2,11_17_18_2,frame_344,0,255,1,1,False,False,True,1.3027520179748535,False,[],,,,,,,33.5,,,,ochoa_cinta,,2025_05_08/11_17_18_2/1,single_fish
2025_05_08,11_17_18_2,11_17_18_2,frame_345,0,255,1,1,False,False,True,1.300242304801941,False,[],,,,,,,33.5,,,,ochoa_cinta,,2025_05_08/11_17_18_2/1,single_fish
2025_05_08,11_17_18_2,11_17_18_2,frame_346,0,255,1,1,False,False,True,1.2994691133499146,False,[],,,,,,,33.5,,,,ochoa_cinta,,2025_05_08/11_17_18_2/1,single_fish
2025_05_08,11_17_18_2,11_17_18_2,frame_347,0,255,1,1,False,False,True,1.3091741800308228,False,[],,,,,,,33.5,,,,ochoa_cinta,,2025_05_08/11_17_18_2/1,single_fish
2025_05_08,11_17_18_2,11_17_18_2,frame_348,0,255,1,1,False,False,True,1.3416084051132202,False,[],,,,,,,33.5,,,,ochoa_cinta,,2025_05_08/11_17_18_2/1,single_fish
2025_05_08,11_17_18_2,11_17_18_2,frame_349,0,255,1,1,False,False,True,1.3450692892074585,False,[],,,,,,,33.5,,,,ochoa_cinta,,2025_05_08/11_17_18_2/1,single_fish
2025_05_08,11_17_18_2,11_17_18_2,frame_350,0,255,1,1,False,False,True,1.35324227809906,False,[],,,,,,,33.5,,,,ochoa_cinta,,2025_05_08/11_17_18_2/1,single_fish
2025_05_08,11_17_18_2,11_17_18_2,frame_351,0,255,1,1,False,False,True,1.360731601715088,False,[],,,,,,,33.5,,,,ochoa_cinta,,2025_05_08/11_17_18_2/1,single_fish
2025_05_08,11_17_18_2,11_17_18_2,frame_352,0,255,1,1,False,False,True,1.371790885925293,False,[],,,,,,,33.5,,,,ochoa_cinta,,2025_05_08/11_17_18_2/1,single_fish
2025_05_08,11_17_18_2,11_17_18_2,frame_353,0,255,1,1,False,False,True,1.396391749382019,False,[],,,,,,,33.5,,,,ochoa_cinta,,2025_05_08/11_17_18_2/1,single_fish
2025_05_08,11_17_18_2,11_17_18_2,frame_354,0,255,1,1,False,False,True,1.4029844999313354,False,[],,,,,,,33.5,,,,ochoa_cinta,,2025_05_08/11_17_18_2/1,single_fish
2025_05_08,11_17_18_2,11_17_18_2,frame_355,0,255,1,1,False,False,True,1.395652413368225,False,[],,,,,,,33.5,,,,ochoa_cinta,,2025_05_08/11_17_18_2/1,single_fish
2025_05_08,11_17_18_2,11_17_18_2,frame_356,0,255,1,1,False,False,True,1.405179500579834,False,[],,,,,,,33.5,,,,ochoa_cinta,,2025_05_08/11_17_18_2/1,single_fish
2025_05_08,11_17_18_2,11_17_18_2,frame_357,0,255,1,1,False,False,True,1.4137483835220337,False,[],,,,,,,33.5,,,,ochoa_cinta,,2025_05_08/11_17_18_2/1,single_fish
2025_05_08,11_17_18_2,11_17_18_2,frame_358,0,255,1,1,False,False,True,1.4141669273376465,False,[],,,,,,,33.5,,,,ochoa_cinta,,2025_05_08/11_17_18_2/1,single_fish
2025_05_08,11_17_18_2,11_17_18_2,frame_359,0,255,1,1,False,False,True,1.4247015714645386,False,[],,,,,,,33.5,,,,ochoa_cinta,,2025_05_08/11_17_18_2/1,single_fish
2025_05_08,11_17_18_2,11_17_18_2,frame_360,0,255,1,1,False,False,True,1.4633153676986694,False,[],,,,,,,33.5,,,,ochoa_cinta,,2025_05_08/11_17_18_2/1,single_fish
2025_05_08,11_17_18_2,11_17_18_2,frame_361,0,255,1,1,False,False,True,1.4683138132095337,False,[],,,,,,,33.5,,,,ochoa_cinta,,2025_05_08/11_17_18_2/1,single_fish
2025_05_08,11_17_18_2,11_17_18_2,frame_362,0,255,1,1,False,False,True,1.4752583503723145,False,[],,,,,,,33.5,,,,ochoa_cinta,,2025_05_08/11_17_18_2/1,single_fish
2025_05_08,11_17_18_2,11_17_18_2,frame_363,0,255,1,1,False,False,True,1.5008540153503418,False,[],,,,,,,33.5,,,,ochoa_cinta,,2025_05_08/11_17_18_2/1,single_fish
2025_05_08,11_17_18_2,11_17_18_2,frame_364,0,255,1,1,False,False,True,1.5068352222442627,False,[],,,,,,,33.5,,,,ochoa_cinta,,2025_05_08/11_17_18_2/1,single_fish
2025_05_08,11_17_18_2,11_17_18_2,frame_365,0,255,1,1,False,False,True,1.462125539779663,False,[],,,,,,,33.5,,,,ochoa_cinta,,2025_05_08/11_17_18_2/1,single_fish
2025_05_08,11_17_18_2,11_17_18_2,frame_366,0,255,1,1,False,False,True,1.4513548612594604,False,[],,,,,,,33.5,,,,ochoa_cinta,,2025_05_08/11_17_18_2/1,single_fish
2025_05_08,11_17_18_2,11_17_18_2,frame_367,0,255,1,1,False,False,True,1.4245983362197876,False,[],,,,,,,33.5,,,,ochoa_cinta,,2025_05_08/11_17_18_2/1,single_fish
2025_05_08,11_17_18_2,11_17_18_2,frame_368,0,255,1,1,False,False,True,1.4140628576278689,False,[],,,,,,,33.5,,,,ochoa_cinta,,2025_05_08/11_17_18_2/1,single_fish
2025_05_08,11_17_18_2,11_17_18_2,frame_369,0,255,1,1,False,False,True,1.3942288160324097,False,[],,,,,,,33.5,,,,ochoa_cinta,,2025_05_08/11_17_18_2/1,single_fish
2025_05_08,11_17_18_2,11_17_18_2,frame_370,0,255,1,1,False,False,True,1.3796597719192505,False,[],,,,,,,33.5,,,,ochoa_cinta,,2025_05_08/11_17_18_2/1,single_fish
2025_05_08,11_17_18_2,11_17_18_2,frame_371,0,255,1,1,False,False,True,1.3709375858306885,False,[],,,,,,,33.5,,,,ochoa_cinta,,2025_05_08/11_17_18_2/1,single_fish
2025_05_08,11_17_18_2,11_17_18_2,frame_372,0,255,1,1,False,False,True,1.377869963645935,False,[],,,,,,,33.5,,,,ochoa_cinta,,2025_05_08/11_17_18_2/1,single_fish
2025_05_08,11_17_18_2,11_17_18_2,frame_373,0,255,1,1,False,False,True,1.3738828897476196,False,[],,,,,,,33.5,,,,ochoa_cinta,,2025_05_08/11_17_18_2/1,single_fish
2025_05_08,11_17_18_2,11_17_18_2,frame_374,0,255,1,1,False,False,True,1.3743542432785034,False,[],,,,,,,33.5,,,,ochoa_cinta,,2025_05_08/11_17_18_2/1,single_fish
2025_05_08,11_17_18_2,11_17_18_2,frame_375,0,255,1,1,False,False,True,1.3645356893539429,False,[],,,,,,,33.5,,,,ochoa_cinta,,2025_05_08/11_17_18_2/1,single_fish
2025_05_08,11_17_18_2,11_17_18_2,frame_376,0,255,1,1,False,False,True,1.3750733137130735,False,[],,,,,,,33.5,,,,ochoa_cinta,,2025_05_08/11_17_18_2/1,single_fish
2025_05_08,11_17_18_2,11_17_18_2,frame_377,0,255,1,1,False,False,True,1.3464431762695312,False,[],,,,,,,33.5,,,,ochoa_cinta,,2025_05_08/11_17_18_2/1,single_fish
2025_05_08,11_17_18_2,11_17_18_2,frame_379,0,255,1,1,False,False,True,1.3474382162094116,False,[],,,,,,,33.5,,,,ochoa_cinta,,2025_05_08/11_17_18_2/1,single_fish
2025_05_08,11_17_18_2,11_17_18_2,frame_380,0,255,1,1,False,False,True,1.3518481254577637,False,[],,,,,,,33.5,,,,ochoa_cinta,,2025_05_08/11_17_18_2/1,single_fish
2025_05_08,11_17_18_2,11_17_18_2,frame_381,0,255,1,1,False,False,True,1.3860596418380735,False,[],,,,,,,33.5,,,,ochoa_cinta,,2025_05_08/11_17_18_2/1,single_fish
2025_05_08,11_17_18_2,11_17_18_2,frame_382,0,255,1,1,False,False,True,1.4225783348083496,False,[],,,,,,,33.5,,,,ochoa_cinta,,2025_05_08/11_17_18_2/1,single_fish
2025_05_08,11_17_18_2,11_17_18_2,frame_383,0,255,1,1,False,False,True,1.4223601818084717,False,[],,,,,,,33.5,,,,ochoa_cinta,,2025_05_08/11_17_18_2/1,single_fish
2025_05_08,11_17_18_2,11_17_18_2,frame_384,0,255,1,1,False,False,True,1.4361358880996704,False,[],,,,,,,33.5,,,,ochoa_cinta,,2025_05_08/11_17_18_2/1,single_fish
2025_05_08,11_17_18_2,11_17_18_2,frame_385,0,255,1,1,False,False,True,1.4554228782653809,False,[],,,,,,,33.5,,,,ochoa_cinta,,2025_05_08/11_17_18_2/1,single_fish
2025_05_08,11_17_18_2,11_17_18_2,frame_386,0,255,1,1,False,False,True,1.4564166069030762,False,[],,,,,,,33.5,,,,ochoa_cinta,,2025_05_08/11_17_18_2/1,single_fish
2025_05_08,11_17_18_2,11_17_18_2,frame_387,0,255,1,1,False,False,True,1.468587875366211,False,[],,,,,,,33.5,,,,ochoa_cinta,,2025_05_08/11_17_18_2/1,single_fish
2025_05_08,11_17_18_2,11_17_18_2,frame_388,0,255,1,1,False,False,True,1.485107183456421,False,[],,,,,,,33.5,,,,ochoa_cinta,,2025_05_08/11_17_18_2/1,single_fish
2025_05_08,11_17_18_2,11_17_18_2,frame_389,0,255,1,1,False,False,True,1.4910932779312134,False,[],,,,,,,33.5,,,,ochoa_cinta,,2025_05_08/11_17_18_2/1,single_fish
2025_05_08,11_17_18_2,11_17_18_2,frame_390,0,255,1,1,False,False,True,1.4931925535202026,False,[],,,,,,,33.5,,,,ochoa_cinta,,2025_05_08/11_17_18_2/1,single_fish
2025_05_08,11_17_18_2,11_17_18_2,frame_391,0,255,1,1,False,False,True,1.4833877086639404,False,[],,,,,,,33.5,,,,ochoa_cinta,,2025_05_08/11_17_18_2/1,single_fish
2025_05_08,11_17_18_2,11_17_18_2,frame_392,0,255,1,1,False,False,True,1.4732887744903564,False,[],,,,,,,33.5,,,,ochoa_cinta,,2025_05_08/11_17_18_2/1,single_fish
2025_05_08,11_17_18_2,11_17_18_2,frame_393,0,255,1,1,False,False,True,1.4767701625823977,False,[],,,,,,,33.5,,,,ochoa_cinta,,2025_05_08/11_17_18_2/1,single_fish
2025_05_08,11_17_18_2,11_17_18_2,frame_394,0,255,1,1,False,False,True,1.462116003036499,False,[],,,,,,,33.5,,,,ochoa_cinta,,2025_05_08/11_17_18_2/1,single_fish
2025_05_08,11_17_18_2,11_17_18_2,frame_395,0,255,1,1,False,False,True,1.4582394361495972,False,[],,,,,,,33.5,,,,ochoa_cinta,,2025_05_08/11_17_18_2/1,single_fish
2025_05_08,11_17_18_2,11_17_18_2,frame_396,0,255,1,1,False,False,True,1.4568564891815186,False,[],,,,,,,33.5,,,,ochoa_cinta,,2025_05_08/11_17_18_2/1,single_fish
2025_05_08,11_17_18_2,11_17_18_2,frame_397,0,255,1,1,False,False,True,1.4758260250091553,False,[],,,,,,,33.5,,,,ochoa_cinta,,2025_05_08/11_17_18_2/1,single_fish
2025_05_08,11_17_18_2,11_17_18_2,frame_398,0,255,1,1,False,False,True,1.4592057466506958,False,[],,,,,,,33.5,,,,ochoa_cinta,,2025_05_08/11_17_18_2/1,single_fish
2025_05_08,11_17_18_2,11_17_18_2,frame_399,0,255,1,1,False,False,True,1.4395049810409546,False,[],,,,,,,33.5,,,,ochoa_cinta,,2025_05_08/11_17_18_2/1,single_fish
2025_05_08,11_17_18_2,11_17_18_2,frame_400,0,255,1,1,False,False,True,1.3660292625427246,False,[],,,,,,,33.5,,,,ochoa_cinta,,2025_05_08/11_17_18_2/1,single_fish
2025_05_08,11_17_18_2,11_17_18_2,frame_401,0,255,1,1,False,False,True,1.3609009981155396,False,[],,,,,,,33.5,,,,ochoa_cinta,,2025_05_08/11_17_18_2/1,single_fish
2025_05_08,11_17_18_2,11_17_18_2,frame_402,0,255,1,1,False,False,True,1.3343814611434937,False,[],,,,,,,33.5,,,,ochoa_cinta,,2025_05_08/11_17_18_2/1,single_fish
2025_05_08,11_17_18_2,11_17_18_2,frame_403,0,255,1,1,False,False,True,1.349392294883728,False,[],,,,,,,33.5,,,,ochoa_cinta,,2025_05_08/11_17_18_2/1,single_fish
2025_05_08,11_17_18_2,11_17_18_2,frame_404,0,255,1,1,False,False,True,1.3598510026931765,False,[],,,,,,,33.5,,,,ochoa_cinta,,2025_05_08/11_17_18_2/1,single_fish
2025_05_08,11_17_18_2,11_17_18_2,frame_405,0,255,1,1,False,False,True,1.3723950386047363,False,[],,,,,,,33.5,,,,ochoa_cinta,,2025_05_08/11_17_18_2/1,single_fish
2025_05_08,11_17_18_2,11_17_18_2,frame_406,0,255,1,1,False,False,True,1.3873306512832642,False,[],,,,,,,33.5,,,,ochoa_cinta,,2025_05_08/11_17_18_2/1,single_fish
2025_05_08,11_17_18_2,11_17_18_2,frame_407,0,255,1,1,False,False,True,1.382620334625244,False,[],,,,,,,33.5,,,,ochoa_cinta,,2025_05_08/11_17_18_2/1,single_fish
2025_05_08,11_17_18_2,11_17_18_2,frame_408,0,255,1,1,False,False,True,1.3620449304580688,False,[],,,,,,,33.5,,,,ochoa_cinta,,2025_05_08/11_17_18_2/1,single_fish
2025_05_08,11_17_18_2,11_17_18_2,frame_409,0,255,1,1,False,False,True,1.324366569519043,False,[],,,,,,,33.5,,,,ochoa_cinta,,2025_05_08/11_17_18_2/1,single_fish
2025_05_08,11_17_18_2,11_17_18_2,frame_410,0,255,1,1,False,False,True,1.3361529111862185,False,[],,,,,,,33.5,,,,ochoa_cinta,,2025_05_08/11_17_18_2/1,single_fish
2025_05_08,11_17_18_2,11_17_18_2,frame_411,0,255,1,1,False,False,True,1.31660258769989,False,[],,,,,,,33.5,,,,ochoa_cinta,,2025_05_08/11_17_18_2/1,single_fish
2025_05_08,11_17_18_2,11_17_18_2,frame_412,0,255,1,1,False,False,True,1.3350239992141724,False,[],,,,,,,33.5,,,,ochoa_cinta,,2025_05_08/11_17_18_2/1,single_fish
2025_05_08,11_17_18_2,11_17_18_2,frame_413,0,255,1,1,False,False,True,1.3651399612426758,False,[],,,,,,,33.5,,,,ochoa_cinta,,2025_05_08/11_17_18_2/1,single_fish
2025_05_08,11_17_18_2,11_17_18_2,frame_414,0,255,1,1,False,False,True,1.3799704313278198,False,[],,,,,,,33.5,,,,ochoa_cinta,,2025_05_08/11_17_18_2/1,single_fish
2025_05_08,11_17_18_2,11_17_18_2,frame_415,0,255,1,1,False,False,True,1.3944953680038452,False,[],,,,,,,33.5,,,,ochoa_cinta,,2025_05_08/11_17_18_2/1,single_fish
2025_05_08,11_17_18_2,11_17_18_2,frame_416,0,255,1,1,False,False,True,1.393055438995361,False,[],,,,,,,33.5,,,,ochoa_cinta,,2025_05_08/11_17_18_2/1,single_fish
2025_05_08,11_17_18_2,11_17_18_2,frame_417,0,255,1,1,False,False,True,1.4259089231491089,False,[],,,,,,,33.5,,,,ochoa_cinta,,2025_05_08/11_17_18_2/1,single_fish
2025_05_08,11_17_18_2,11_17_18_2,frame_418,0,255,1,1,False,False,True,1.449661374092102,False,[],,,,,,,33.5,,,,ochoa_cinta,,2025_05_08/11_17_18_2/1,single_fish
2025_05_08,11_17_18_2,11_17_18_2,frame_419,0,255,1,1,False,False,True,1.4734147787094116,False,[],,,,,,,33.5,,,,ochoa_cinta,,2025_05_08/11_17_18_2/1,single_fish
2025_05_08,11_17_18_2,11_17_18_2,frame_420,0,255,1,1,False,False,True,1.4788920879364014,False,[],,,,,,,33.5,,,,ochoa_cinta,,2025_05_08/11_17_18_2/1,single_fish
2025_05_08,11_17_18_2,11_17_18_2,frame_421,0,255,1,1,False,False,True,1.513759732246399,False,[],,,,,,,33.5,,,,ochoa_cinta,,2025_05_08/11_17_18_2/1,single_fish
2025_05_08,11_17_18_2,11_17_18_2,frame_422,0,255,1,1,False,False,True,1.4750890731811523,False,[],,,,,,,33.5,,,,ochoa_cinta,,2025_05_08/11_17_18_2/1,single_fish
2025_05_08,11_17_18_2,11_17_18_2,frame_423,0,255,1,1,False,False,True,1.4967957735061646,False,[],,,,,,,33.5,,,,ochoa_cinta,,2025_05_08/11_17_18_2/1,single_fish
2025_05_08,11_17_18_2,11_17_18_2,frame_424,0,255,1,1,False,False,True,1.5195643901824951,False,[],,,,,,,33.5,,,,ochoa_cinta,,2025_05_08/11_17_18_2/1,single_fish
2025_05_08,11_17_18_2,11_17_18_2,frame_425,0,255,1,1,False,False,True,1.5176868438720703,False,[],,,,,,,33.5,,,,ochoa_cinta,,2025_05_08/11_17_18_2/1,single_fish
2025_05_08,11_17_18_2,11_17_18_2,frame_426,0,255,1,1,False,False,True,1.5021108388900757,False,[],,,,,,,33.5,,,,ochoa_cinta,,2025_05_08/11_17_18_2/1,single_fish
2025_05_08,11_17_18_2,11_17_18_2,frame_427,0,255,1,1,False,False,True,1.5076239109039309,False,[],,,,,,,33.5,,,,ochoa_cinta,,2025_05_08/11_17_18_2/1,single_fish
2025_05_08,11_17_18_2,11_17_18_2,frame_428,0,255,1,1,False,False,True,1.5165019035339355,False,[],,,,,,,33.5,,,,ochoa_cinta,,2025_05_08/11_17_18_2/1,single_fish
2025_05_08,11_17_18_2,11_17_18_2,frame_429,0,255,1,1,False,False,True,1.5449934005737305,False,[],,,,,,,33.5,,,,ochoa_cinta,,2025_05_08/11_17_18_2/1,single_fish
2025_05_08,11_17_18_2,11_17_18_2,frame_430,0,255,1,1,False,False,True,1.5407001972198486,False,[],,,,,,,33.5,,,,ochoa_cinta,,2025_05_08/11_17_18_2/1,single_fish
2025_05_08,11_17_18_2,11_17_18_2,frame_431,0,255,1,1,False,False,True,1.5533338785171509,False,[],,,,,,,33.5,,,,ochoa_cinta,,2025_05_08/11_17_18_2/1,single_fish
2025_05_08,11_17_18_2,11_17_18_2,frame_432,0,255,1,1,False,False,True,1.5209509134292605,False,[],,,,,,,33.5,,,,ochoa_cinta,,2025_05_08/11_17_18_2/1,single_fish
2025_05_08,11_17_18_2,11_17_18_2,frame_433,0,255,1,1,False,False,True,1.528976321220398,False,[],,,,,,,33.5,,,,ochoa_cinta,,2025_05_08/11_17_18_2/1,single_fish
2025_05_08,11_17_18_2,11_17_18_2,frame_434,0,255,1,1,False,False,True,1.4892609119415283,False,[],,,,,,,33.5,,,,ochoa_cinta,,2025_05_08/11_17_18_2/1,single_fish
2025_05_08,11_17_18_2,11_17_18_2,frame_435,0,255,1,1,False,False,True,1.4822421073913574,False,[],,,,,,,33.5,,,,ochoa_cinta,,2025_05_08/11_17_18_2/1,single_fish
2025_05_08,11_17_18_2,11_17_18_2,frame_436,0,255,1,1,False,False,True,1.4639757871627808,False,[],,,,,,,33.5,,,,ochoa_cinta,,2025_05_08/11_17_18_2/1,single_fish
2025_05_08,11_17_18_2,11_17_18_2,frame_437,0,255,1,1,False,False,True,1.452784776687622,False,[],,,,,,,33.5,,,,ochoa_cinta,,2025_05_08/11_17_18_2/1,single_fish
2025_05_08,11_17_18_2,11_17_18_2,frame_438,0,255,1,1,False,False,True,1.4315178394317627,False,[],,,,,,,33.5,,,,ochoa_cinta,,2025_05_08/11_17_18_2/1,single_fish
2025_05_08,11_17_18_2,11_17_18_2,frame_439,0,255,1,1,False,False,True,1.4069912433624268,False,[],,,,,,,33.5,,,,ochoa_cinta,,2025_05_08/11_17_18_2/1,single_fish
2025_05_08,11_17_18_2,11_17_18_2,frame_440,0,255,1,1,False,False,True,1.353456974029541,False,[],,,,,,,33.5,,,,ochoa_cinta,,2025_05_08/11_17_18_2/1,single_fish
2025_05_08,11_17_18_2,11_17_18_2,frame_442,0,255,1,1,False,False,True,1.3196673393249512,False,[],,,,,,,33.5,,,,ochoa_cinta,,2025_05_08/11_17_18_2/1,single_fish
2025_05_08,11_17_18_2,11_17_18_2,frame_443,0,255,1,1,False,False,True,1.2716819047927856,False,[],,,,,,,33.5,,,,ochoa_cinta,,2025_05_08/11_17_18_2/1,single_fish
2025_05_08,11_17_18_2,11_17_18_2,frame_444,0,255,1,1,False,False,True,1.2499806880950928,False,[],,,,,,,33.5,,,,ochoa_cinta,,2025_05_08/11_17_18_2/1,single_fish
2025_05_08,11_17_18_2,11_17_18_2,frame_445,0,255,1,1,False,False,True,1.230239987373352,False,[],,,,,,,33.5,,,,ochoa_cinta,,2025_05_08/11_17_18_2/1,single_fish
2025_05_08,11_17_18_2,11_17_18_2,frame_446,0,255,1,1,False,False,True,1.223943829536438,False,[],,,,,,,33.5,,,,ochoa_cinta,,2025_05_08/11_17_18_2/1,single_fish
2025_05_08,11_17_18_2,11_17_18_2,frame_447,0,255,1,1,False,False,True,1.2071685791015625,False,[],,,,,,,33.5,,,,ochoa_cinta,,2025_05_08/11_17_18_2/1,single_fish
2025_05_08,11_17_18_2,11_17_18_2,frame_448,0,255,1,1,False,False,True,1.2203179597854614,False,[],,,,,,,33.5,,,,ochoa_cinta,,2025_05_08/11_17_18_2/1,single_fish
2025_05_08,11_17_18_2,11_17_18_2,frame_449,0,255,1,1,False,False,True,1.232272028923035,False,[],,,,,,,33.5,,,,ochoa_cinta,,2025_05_08/11_17_18_2/1,single_fish
2025_05_08,11_17_18_2,11_17_18_2,frame_450,0,255,1,1,False,False,True,1.2431188821792605,False,[],,,,,,,33.5,,,,ochoa_cinta,,2025_05_08/11_17_18_2/1,single_fish
2025_05_08,11_17_18_2,11_17_18_2,frame_451,0,255,1,1,False,False,True,1.2850207090377808,False,[],,,,,,,33.5,,,,ochoa_cinta,,2025_05_08/11_17_18_2/1,single_fish
2025_05_08,11_17_18_2,11_17_18_2,frame_452,0,255,1,1,False,False,True,1.3172047138214111,False,[],,,,,,,33.5,,,,ochoa_cinta,,2025_05_08/11_17_18_2/1,single_fish
2025_05_08,11_17_18_2,11_17_18_2,frame_453,0,255,1,1,False,False,True,1.3661547899246216,False,[],,,,,,,33.5,,,,ochoa_cinta,,2025_05_08/11_17_18_2/1,single_fish
2025_05_08,11_17_18_2,11_17_18_2,frame_454,0,255,1,1,False,False,True,1.4121893644332886,False,[],,,,,,,33.5,,,,ochoa_cinta,,2025_05_08/11_17_18_2/1,single_fish
2025_05_08,11_17_18_2,11_17_18_2,frame_455,0,255,1,1,False,False,True,1.42587149143219,False,[],,,,,,,33.5,,,,ochoa_cinta,,2025_05_08/11_17_18_2/1,single_fish
2025_05_08,11_17_18_2,11_17_18_2,frame_456,0,255,1,1,False,False,True,1.418891191482544,False,[],,,,,,,33.5,,,,ochoa_cinta,,2025_05_08/11_17_18_2/1,single_fish
2025_05_08,11_17_18_2,11_17_18_2,frame_457,0,255,1,1,False,False,True,1.4420404434204102,False,[],,,,,,,33.5,,,,ochoa_cinta,,2025_05_08/11_17_18_2/1,single_fish
2025_05_08,11_17_18_2,11_17_18_2,frame_458,0,255,1,1,False,False,True,1.4656795263290403,False,[],,,,,,,33.5,,,,ochoa_cinta,,2025_05_08/11_17_18_2/1,single_fish
2025_05_08,11_17_18_2,11_17_18_2,frame_459,0,255,1,1,False,False,True,1.496191143989563,False,[],,,,,,,33.5,,,,ochoa_cinta,,2025_05_08/11_17_18_2/1,single_fish
2025_05_08,11_17_18_2,11_17_18_2,frame_460,0,255,1,1,False,False,True,1.5066381692886353,False,[],,,,,,,33.5,,,,ochoa_cinta,,2025_05_08/11_17_18_2/1,single_fish
2025_05_08,11_17_18_2,11_17_18_2,frame_461,0,255,1,1,False,False,True,1.499125361442566,False,[],,,,,,,33.5,,,,ochoa_cinta,,2025_05_08/11_17_18_2/1,single_fish
2025_05_08,11_17_18_2,11_17_18_2,frame_462,0,255,1,1,False,False,True,1.4741768836975098,False,[],,,,,,,33.5,,,,ochoa_cinta,,2025_05_08/11_17_18_2/1,single_fish
2025_05_08,11_17_18_2,11_17_18_2,frame_463,0,255,1,1,False,False,True,1.4570773839950562,False,[],,,,,,,33.5,,,,ochoa_cinta,,2025_05_08/11_17_18_2/1,single_fish
2025_05_08,11_17_18_2,11_17_18_2,frame_464,0,255,1,1,False,False,True,1.450859546661377,False,[],,,,,,,33.5,,,,ochoa_cinta,,2025_05_08/11_17_18_2/1,single_fish
2025_05_08,11_17_18_2,11_17_18_2,frame_465,0,255,1,1,False,False,True,1.4270002841949463,False,[],,,,,,,33.5,,,,ochoa_cinta,,2025_05_08/11_17_18_2/1,single_fish
2025_05_08,11_17_18_2,11_17_18_2,frame_466,0,255,1,1,False,False,True,1.4091825485229492,False,[],,,,,,,33.5,,,,ochoa_cinta,,2025_05_08/11_17_18_2/1,single_fish
2025_05_08,11_17_18_2,11_17_18_2,frame_467,0,255,1,1,False,False,True,1.390742301940918,False,[],,,,,,,33.5,,,,ochoa_cinta,,2025_05_08/11_17_18_2/1,single_fish
2025_05_08,11_17_18_2,11_17_18_2,frame_468,0,255,1,1,False,False,True,1.364484429359436,False,[],,,,,,,33.5,,,,ochoa_cinta,,2025_05_08/11_17_18_2/1,single_fish
2025_05_08,11_17_18_2,11_17_18_2,frame_469,0,255,1,1,False,False,True,1.3793489933013916,False,[],,,,,,,33.5,,,,ochoa_cinta,,2025_05_08/11_17_18_2/1,single_fish
2025_05_08,11_17_18_2,11_17_18_2,frame_470,0,255,1,1,False,False,True,1.3949187994003296,False,[],,,,,,,33.5,,,,ochoa_cinta,,2025_05_08/11_17_18_2/1,single_fish
2025_05_08,11_17_18_2,11_17_18_2,frame_471,0,255,1,1,False,False,True,1.3669883012771606,False,[],,,,,,,33.5,,,,ochoa_cinta,,2025_05_08/11_17_18_2/1,single_fish
2025_05_08,11_17_18_2,11_17_18_2,frame_472,0,255,1,1,False,False,True,1.3258912563323977,False,[],,,,,,,33.5,,,,ochoa_cinta,,2025_05_08/11_17_18_2/1,single_fish
2025_05_08,11_17_18_2,11_17_18_2,frame_473,0,255,1,1,False,False,True,1.3028995990753174,False,[],,,,,,,33.5,,,,ochoa_cinta,,2025_05_08/11_17_18_2/1,single_fish
2025_05_08,11_17_18_2,11_17_18_2,frame_474,0,255,1,1,False,False,True,1.2944400310516355,False,[],,,,,,,33.5,,,,ochoa_cinta,,2025_05_08/11_17_18_2/1,single_fish
2025_05_08,11_17_18_2,11_17_18_2,frame_476,0,255,1,1,False,False,True,1.3919950723648071,False,[],,,,,,,33.5,,,,ochoa_cinta,,2025_05_08/11_17_18_2/1,single_fish
2025_05_08,11_17_18_2,11_17_18_2,frame_477,0,255,1,1,False,False,True,1.341342568397522,False,[],,,,,,,33.5,,,,ochoa_cinta,,2025_05_08/11_17_18_2/1,single_fish
2025_05_08,11_17_18_2,11_17_18_2,frame_478,0,255,1,1,False,False,True,1.313670992851257,False,[],,,,,,,33.5,,,,ochoa_cinta,,2025_05_08/11_17_18_2/1,single_fish
2025_05_08,11_17_18_2,11_17_18_2,frame_479,0,255,1,1,False,False,True,1.2935761213302612,False,[],,,,,,,33.5,,,,ochoa_cinta,,2025_05_08/11_17_18_2/1,single_fish
2025_05_08,11_17_18_2,11_17_18_2,frame_481,0,255,1,1,False,False,True,1.277094483375549,False,[],,,,,,,33.5,,,,ochoa_cinta,,2025_05_08/11_17_18_2/1,single_fish
2025_05_08,11_17_18_2,11_17_18_2,frame_482,0,255,1,1,False,False,True,1.2586781978607178,False,[],,,,,,,33.5,,,,ochoa_cinta,,2025_05_08/11_17_18_2/1,single_fish
2025_05_08,11_17_18_2,11_17_18_2,frame_483,0,255,1,1,False,False,True,1.2705702781677246,False,[],,,,,,,33.5,,,,ochoa_cinta,,2025_05_08/11_17_18_2/1,single_fish
2025_05_08,11_17_18_2,11_17_18_2,frame_484,0,255,1,1,False,False,True,1.3248614072799685,False,[],,,,,,,33.5,,,,ochoa_cinta,,2025_05_08/11_17_18_2/1,single_fish
2025_05_08,11_17_18_2,11_17_18_2,frame_485,0,255,1,1,False,False,True,1.47545325756073,False,[],,,,,,,33.5,,,,ochoa_cinta,,2025_05_08/11_17_18_2/1,single_fish
2025_05_08,11_17_18_2,11_17_18_2,frame_486,0,255,1,1,False,False,True,1.442924976348877,False,[],,,,,,,33.5,,,,ochoa_cinta,,2025_05_08/11_17_18_2/1,single_fish
2025_05_08,11_17_18_2,11_17_18_2,frame_487,0,255,1,1,False,False,True,1.425559639930725,False,[],,,,,,,33.5,,,,ochoa_cinta,,2025_05_08/11_17_18_2/1,single_fish
2025_05_08,11_17_18_2,11_17_18_2,frame_488,0,255,1,1,False,False,True,1.442291498184204,False,[],,,,,,,33.5,,,,ochoa_cinta,,2025_05_08/11_17_18_2/1,single_fish
2025_05_08,11_17_18_2,11_17_18_2,frame_489,0,255,1,1,False,False,True,1.4518883228302002,False,[],,,,,,,33.5,,,,ochoa_cinta,,2025_05_08/11_17_18_2/1,single_fish
2025_05_08,11_17_18_2,11_17_18_2,frame_490,0,255,1,1,False,False,True,1.5434461832046509,False,[],,,,,,,33.5,,,,ochoa_cinta,,2025_05_08/11_17_18_2/1,single_fish
2025_05_08,11_17_18_2,11_17_18_2,frame_491,0,255,1,1,False,False,True,1.5215104818344116,False,[],,,,,,,33.5,,,,ochoa_cinta,,2025_05_08/11_17_18_2/1,single_fish
2025_05_08,11_17_18_2,11_17_18_2,frame_492,0,255,1,1,False,False,True,1.5092703104019165,False,[],,,,,,,33.5,,,,ochoa_cinta,,2025_05_08/11_17_18_2/1,single_fish
2025_05_08,11_17_18_2,11_17_18_2,frame_493,0,255,1,1,False,False,True,1.5044167041778564,False,[],,,,,,,33.5,,,,ochoa_cinta,,2025_05_08/11_17_18_2/1,single_fish
2025_05_08,11_17_18_2,11_17_18_2,frame_494,0,255,1,1,False,False,True,1.478068470954895,False,[],,,,,,,33.5,,,,ochoa_cinta,,2025_05_08/11_17_18_2/1,single_fish
2025_05_08,11_17_18_2,11_17_18_2,frame_495,0,255,3,1,False,False,True,0.0,False,[],[   -0.12252     0.34415     0.93089],-1.060709103827039,85.17240082281694,0.5546734468206935,0.0488681765647461,0.0493210309448952,33.5,28.613182343525388,85.41248460753847,1.308711537684517,ochoa_cinta,,2025_05_08/11_17_18_2/3,single_fish
2025_05_08,11_17_18_2,11_17_18_2,frame_495,0,127,1,1,False,False,True,1.4679726362228394,False,[],,,,,,,33.5,,,,ochoa_cinta,,2025_05_08/11_17_18_2/1,single_fish
2025_05_08,11_17_18_2,11_17_18_2,frame_496,0,255,1,1,False,False,True,1.4870283603668213,False,[],,,,,,,33.5,,,,ochoa_cinta,,2025_05_08/11_17_18_2/1,single_fish
2025_05_08,11_17_18_2,11_17_18_2,frame_497,0,255,1,1,False,False,True,1.5156829357147217,False,[],,,,,,,33.5,,,,ochoa_cinta,,2025_05_08/11_17_18_2/1,single_fish
2025_05_08,11_17_18_2,11_17_18_2,frame_498,0,255,1,1,False,False,True,1.5420596599578855,False,[],,,,,,,33.5,,,,ochoa_cinta,,2025_05_08/11_17_18_2/1,single_fish
2025_05_08,11_17_18_2,11_17_18_2,frame_499,0,255,1,1,False,False,True,1.5737377405166626,False,[],,,,,,,33.5,,,,ochoa_cinta,,2025_05_08/11_17_18_2/1,single_fish
2025_05_08,11_17_18_2,11_17_18_2,frame_500,0,255,1,1,False,False,True,1.5823967456817627,False,[],,,,,,,33.5,,,,ochoa_cinta,,2025_05_08/11_17_18_2/1,single_fish
2025_05_08,11_17_18_2,11_17_18_2,frame_501,0,255,1,1,False,False,True,1.6051193475723269,False,[],,,,,,,33.5,,,,ochoa_cinta,,2025_05_08/11_17_18_2/1,single_fish
2025_05_08,11_17_18_2,11_17_18_2,frame_502,0,255,1,1,False,False,True,1.654058575630188,False,[],,,,,,,33.5,,,,ochoa_cinta,,2025_05_08/11_17_18_2/1,single_fish
2025_05_08,11_17_18_2,11_17_18_2,frame_503,0,255,1,1,False,False,True,1.6279828548431396,False,[],,,,,,,33.5,,,,ochoa_cinta,,2025_05_08/11_17_18_2/1,single_fish
2025_05_08,11_17_18_2,11_17_18_2,frame_504,0,255,1,1,False,False,True,1.6348447799682615,False,[],,,,,,,33.5,,,,ochoa_cinta,,2025_05_08/11_17_18_2/1,single_fish
2025_05_08,11_17_18_2,11_17_18_2,frame_505,0,255,1,1,False,False,True,1.681055188179016,False,[],,,,,,,33.5,,,,ochoa_cinta,,2025_05_08/11_17_18_2/1,single_fish
2025_05_08,11_17_18_2,11_17_18_2,frame_506,0,255,1,1,False,False,True,1.6812242269515991,False,[],,,,,,,33.5,,,,ochoa_cinta,,2025_05_08/11_17_18_2/1,single_fish
2025_05_08,11_17_18_2,11_17_18_2,frame_507,0,255,1,1,False,False,True,1.683207392692566,False,[],,,,,,,33.5,,,,ochoa_cinta,,2025_05_08/11_17_18_2/1,single_fish
2025_05_08,11_17_18_2,11_17_18_2,frame_508,0,255,1,1,False,False,True,1.6792796850204468,False,[],,,,,,,33.5,,,,ochoa_cinta,,2025_05_08/11_17_18_2/1,single_fish
2025_05_08,11_17_18_2,11_17_18_2,frame_509,0,255,1,1,False,False,True,1.6689530611038208,False,[],,,,,,,33.5,,,,ochoa_cinta,,2025_05_08/11_17_18_2/1,single_fish
2025_05_08,11_17_18_2,11_17_18_2,frame_510,0,255,1,1,False,False,True,1.6549628973007202,False,[],,,,,,,33.5,,,,ochoa_cinta,,2025_05_08/11_17_18_2/1,single_fish
2025_05_08,11_17_18_2,11_17_18_2,frame_511,0,255,1,1,False,False,True,1.6442921161651611,False,[],,,,,,,33.5,,,,ochoa_cinta,,2025_05_08/11_17_18_2/1,single_fish
2025_05_08,11_17_18_2,11_17_18_2,frame_512,0,255,1,1,False,False,True,1.6108514070510864,False,[],,,,,,,33.5,,,,ochoa_cinta,,2025_05_08/11_17_18_2/1,single_fish
2025_05_08,11_17_18_2,11_17_18_2,frame_513,0,255,1,1,False,False,True,1.5554794073104858,False,[],,,,,,,33.5,,,,ochoa_cinta,,2025_05_08/11_17_18_2/1,single_fish
2025_05_08,11_17_18_2,11_17_18_2,frame_515,0,255,1,1,False,False,True,1.4774922132492063,False,[],,,,,,,33.5,,,,ochoa_cinta,,2025_05_08/11_17_18_2/1,single_fish
2025_05_08,11_17_18_2,11_17_18_2,frame_516,0,255,1,1,False,False,True,1.4248387813568115,False,[],,,,,,,33.5,,,,ochoa_cinta,,2025_05_08/11_17_18_2/1,single_fish
2025_05_08,11_17_18_2,11_17_18_2,frame_518,0,255,1,1,False,False,True,1.3732795715332031,False,[],,,,,,,33.5,,,,ochoa_cinta,,2025_05_08/11_17_18_2/1,single_fish
2025_05_08,11_17_18_2,11_17_18_2,frame_519,0,255,1,1,False,False,True,1.330641746520996,False,[],,,,,,,33.5,,,,ochoa_cinta,,2025_05_08/11_17_18_2/1,single_fish
2025_05_08,11_17_18_2,11_17_18_2,frame_520,0,255,1,1,False,False,True,1.3064616918563845,False,[],,,,,,,33.5,,,,ochoa_cinta,,2025_05_08/11_17_18_2/1,single_fish
2025_05_08,11_17_18_2,11_17_18_2,frame_522,0,255,1,1,False,False,True,1.3872015476226809,False,[],,,,,,,33.5,,,,ochoa_cinta,,2025_05_08/11_17_18_2/1,single_fish
2025_05_08,11_17_18_2,11_17_18_2,frame_524,0,255,1,1,False,False,True,1.278104305267334,False,[],,,,,,,33.5,,,,ochoa_cinta,,2025_05_08/11_17_18_2/1,single_fish
2025_05_08,11_17_18_2,11_17_18_2,frame_532,0,255,1,1,False,False,True,1.3085017204284668,False,[],,,,,,,33.5,,,,ochoa_cinta,,2025_05_08/11_17_18_2/1,single_fish
2025_05_08,11_17_18_2,11_17_18_2,frame_535,0,255,1,1,False,False,True,1.3827354907989502,False,[],,,,,,,33.5,,,,ochoa_cinta,,2025_05_08/11_17_18_2/1,single_fish
2025_05_08,11_17_18_2,11_17_18_2,frame_536,0,255,1,1,False,False,True,1.4393768310546875,False,[],,,,,,,33.5,,,,ochoa_cinta,,2025_05_08/11_17_18_2/1,single_fish
2025_05_08,11_17_18_2,11_17_18_2,frame_537,0,255,1,1,False,False,True,1.4101948738098145,False,[],,,,,,,33.5,,,,ochoa_cinta,,2025_05_08/11_17_18_2/1,single_fish
2025_05_08,11_17_18_2,11_17_18_2,frame_538,0,255,1,1,False,False,True,1.3983536958694458,False,[],,,,,,,33.5,,,,ochoa_cinta,,2025_05_08/11_17_18_2/1,single_fish
2025_05_08,11_17_18_2,11_17_18_2,frame_539,0,255,1,1,False,False,True,1.3935589790344238,False,[],,,,,,,33.5,,,,ochoa_cinta,,2025_05_08/11_17_18_2/1,single_fish
2025_05_08,11_17_18_2,11_17_18_2,frame_540,0,255,1,1,False,False,True,1.375051975250244,False,[],,,,,,,33.5,,,,ochoa_cinta,,2025_05_08/11_17_18_2/1,single_fish
2025_05_08,11_17_18_2,11_17_18_2,frame_541,0,255,1,1,False,False,True,1.4003002643585205,False,[],,,,,,,33.5,,,,ochoa_cinta,,2025_05_08/11_17_18_2/1,single_fish
2025_05_08,11_17_18_2,11_17_18_2,frame_542,0,255,1,1,False,False,True,1.3929752111434937,False,[],,,,,,,33.5,,,,ochoa_cinta,,2025_05_08/11_17_18_2/1,single_fish
2025_05_08,11_17_18_2,11_17_18_2,frame_543,0,255,1,1,False,False,True,1.406505823135376,False,[],,,,,,,33.5,,,,ochoa_cinta,,2025_05_08/11_17_18_2/1,single_fish
2025_05_08,11_17_18_2,11_17_18_2,frame_544,0,255,1,1,False,False,True,1.3999825716018677,False,[],,,,,,,33.5,,,,ochoa_cinta,,2025_05_08/11_17_18_2/1,single_fish
2025_05_08,11_17_18_2,11_17_18_2,frame_545,0,255,1,1,False,False,True,1.381087303161621,False,[],,,,,,,33.5,,,,ochoa_cinta,,2025_05_08/11_17_18_2/1,single_fish
2025_05_08,11_17_18_2,11_17_18_2,frame_546,0,255,1,1,False,False,True,1.3852115869522097,False,[],,,,,,,33.5,,,,ochoa_cinta,,2025_05_08/11_17_18_2/1,single_fish
2025_05_08,11_17_18_2,11_17_18_2,frame_547,0,255,1,1,False,False,True,1.444515347480774,False,[],,,,,,,33.5,,,,ochoa_cinta,,2025_05_08/11_17_18_2/1,single_fish
2025_05_08,11_17_18_2,11_17_18_2,frame_548,0,255,1,1,False,False,True,1.443927526473999,False,[],,,,,,,33.5,,,,ochoa_cinta,,2025_05_08/11_17_18_2/1,single_fish
2025_05_08,11_17_18_2,11_17_18_2,frame_549,0,255,1,1,False,False,True,1.3898993730545044,False,[],,,,,,,33.5,,,,ochoa_cinta,,2025_05_08/11_17_18_2/1,single_fish
2025_05_08,11_17_18_2,11_17_18_2,frame_550,0,255,1,1,False,False,True,1.3950906991958618,False,[],,,,,,,33.5,,,,ochoa_cinta,,2025_05_08/11_17_18_2/1,single_fish
2025_05_08,11_17_18_2,11_17_18_2,frame_551,0,255,1,1,False,False,True,1.3969107866287231,False,[],,,,,,,33.5,,,,ochoa_cinta,,2025_05_08/11_17_18_2/1,single_fish
2025_05_08,11_17_18_2,11_17_18_2,frame_552,0,255,1,1,False,False,True,1.3649749755859375,False,[],,,,,,,33.5,,,,ochoa_cinta,,2025_05_08/11_17_18_2/1,single_fish
2025_05_08,11_17_18_2,11_17_18_2,frame_553,0,255,1,1,False,False,True,1.3515154123306274,False,[],,,,,,,33.5,,,,ochoa_cinta,,2025_05_08/11_17_18_2/1,single_fish
2025_05_08,11_17_18_2,11_17_18_2,frame_554,0,255,1,1,False,False,True,1.3358235359191897,False,[],,,,,,,33.5,,,,ochoa_cinta,,2025_05_08/11_17_18_2/1,single_fish
2025_05_08,11_17_18_2,11_17_18_2,frame_555,0,255,1,1,False,False,True,1.3427907228469849,False,[],,,,,,,33.5,,,,ochoa_cinta,,2025_05_08/11_17_18_2/1,single_fish
2025_05_08,11_17_18_2,11_17_18_2,frame_556,0,255,1,1,False,False,True,1.358010172843933,False,[],,,,,,,33.5,,,,ochoa_cinta,,2025_05_08/11_17_18_2/1,single_fish
2025_05_08,11_17_18_2,11_17_18_2,frame_557,0,255,1,1,False,False,True,1.3435468673706057,False,[],,,,,,,33.5,,,,ochoa_cinta,,2025_05_08/11_17_18_2/1,single_fish
2025_05_08,11_17_18_2,11_17_18_2,frame_558,0,255,1,1,False,False,True,1.3509379625320437,False,[],,,,,,,33.5,,,,ochoa_cinta,,2025_05_08/11_17_18_2/1,single_fish
2025_05_08,11_17_18_2,11_17_18_2,frame_559,0,255,1,1,False,False,True,1.366152048110962,False,[],,,,,,,33.5,,,,ochoa_cinta,,2025_05_08/11_17_18_2/1,single_fish
2025_05_08,11_17_18_2,11_17_18_2,frame_560,0,255,1,1,False,False,True,1.38021981716156,False,[],,,,,,,33.5,,,,ochoa_cinta,,2025_05_08/11_17_18_2/1,single_fish
2025_05_08,11_17_18_2,11_17_18_2,frame_561,0,255,1,1,False,False,True,1.4014195203781128,False,[],,,,,,,33.5,,,,ochoa_cinta,,2025_05_08/11_17_18_2/1,single_fish
2025_05_08,11_17_18_2,11_17_18_2,frame_562,0,255,1,1,False,False,True,1.4087883234024048,False,[],,,,,,,33.5,,,,ochoa_cinta,,2025_05_08/11_17_18_2/1,single_fish
2025_05_08,11_17_18_2,11_17_18_2,frame_563,0,255,1,1,False,False,True,1.4116109609603882,False,[],,,,,,,33.5,,,,ochoa_cinta,,2025_05_08/11_17_18_2/1,single_fish
2025_05_08,11_17_18_2,11_17_18_2,frame_564,0,255,1,1,False,False,True,1.430575251579285,False,[],,,,,,,33.5,,,,ochoa_cinta,,2025_05_08/11_17_18_2/1,single_fish
2025_05_08,11_17_18_2,11_17_18_2,frame_565,0,255,1,1,False,False,True,1.4563558101654053,False,[],,,,,,,33.5,,,,ochoa_cinta,,2025_05_08/11_17_18_2/1,single_fish
2025_05_08,11_17_18_2,11_17_18_2,frame_566,0,255,1,1,False,False,True,1.4720245599746704,False,[],,,,,,,33.5,,,,ochoa_cinta,,2025_05_08/11_17_18_2/1,single_fish
2025_05_08,11_17_18_2,11_17_18_2,frame_567,0,255,1,1,False,False,True,1.4479516744613647,False,[],,,,,,,33.5,,,,ochoa_cinta,,2025_05_08/11_17_18_2/1,single_fish
2025_05_08,11_17_18_2,11_17_18_2,frame_568,0,255,1,1,False,False,True,1.4656884670257568,False,[],,,,,,,33.5,,,,ochoa_cinta,,2025_05_08/11_17_18_2/1,single_fish
2025_05_08,11_17_18_2,11_17_18_2,frame_569,0,255,1,1,False,False,True,1.490702986717224,False,[],,,,,,,33.5,,,,ochoa_cinta,,2025_05_08/11_17_18_2/1,single_fish
2025_05_08,11_17_18_2,11_17_18_2,frame_570,0,255,1,1,False,False,True,1.5150054693222046,False,[],,,,,,,33.5,,,,ochoa_cinta,,2025_05_08/11_17_18_2/1,single_fish
2025_05_08,11_17_18_2,11_17_18_2,frame_571,0,255,1,1,False,False,True,1.507169246673584,False,[],,,,,,,33.5,,,,ochoa_cinta,,2025_05_08/11_17_18_2/1,single_fish
2025_05_08,11_17_18_2,11_17_18_2,frame_572,0,255,1,1,False,False,True,1.50997793674469,False,[],,,,,,,33.5,,,,ochoa_cinta,,2025_05_08/11_17_18_2/1,single_fish
2025_05_08,11_17_18_2,11_17_18_2,frame_573,0,255,1,1,False,False,True,1.5225536823272705,False,[],,,,,,,33.5,,,,ochoa_cinta,,2025_05_08/11_17_18_2/1,single_fish
2025_05_08,11_17_18_2,11_17_18_2,frame_574,0,255,1,1,False,False,True,1.517683506011963,False,[],,,,,,,33.5,,,,ochoa_cinta,,2025_05_08/11_17_18_2/1,single_fish
2025_05_08,11_17_18_2,11_17_18_2,frame_575,0,255,1,1,False,False,True,1.5233240127563477,False,[],,,,,,,33.5,,,,ochoa_cinta,,2025_05_08/11_17_18_2/1,single_fish
2025_05_08,11_17_18_2,11_17_18_2,frame_576,0,255,1,1,False,False,True,1.5342391729354858,False,[],,,,,,,33.5,,,,ochoa_cinta,,2025_05_08/11_17_18_2/1,single_fish
2025_05_08,11_17_18_2,11_17_18_2,frame_577,0,255,1,1,False,False,True,1.5446780920028689,False,[],,,,,,,33.5,,,,ochoa_cinta,,2025_05_08/11_17_18_2/1,single_fish
2025_05_08,11_17_18_2,11_17_18_2,frame_578,0,255,1,1,False,False,True,1.532059907913208,False,[],,,,,,,33.5,,,,ochoa_cinta,,2025_05_08/11_17_18_2/1,single_fish
2025_05_08,11_17_18_2,11_17_18_2,frame_579,0,255,1,1,False,False,True,1.535037636756897,False,[],,,,,,,33.5,,,,ochoa_cinta,,2025_05_08/11_17_18_2/1,single_fish
2025_05_08,11_17_18_2,11_17_18_2,frame_580,0,255,1,1,False,False,True,1.5480692386627195,False,[],,,,,,,33.5,,,,ochoa_cinta,,2025_05_08/11_17_18_2/1,single_fish
2025_05_08,11_17_18_2,11_17_18_2,frame_581,0,255,1,1,False,False,True,1.563088059425354,False,[],,,,,,,33.5,,,,ochoa_cinta,,2025_05_08/11_17_18_2/1,single_fish
2025_05_08,11_17_18_2,11_17_18_2,frame_582,0,255,1,1,False,False,True,1.5234330892562866,False,[],,,,,,,33.5,,,,ochoa_cinta,,2025_05_08/11_17_18_2/1,single_fish
2025_05_08,11_17_18_2,11_17_18_2,frame_583,0,255,1,1,False,False,True,1.4998860359191897,False,[],,,,,,,33.5,,,,ochoa_cinta,,2025_05_08/11_17_18_2/1,single_fish
2025_05_08,11_17_18_2,11_17_18_2,frame_584,0,255,1,1,False,False,True,1.4755351543426514,False,[],,,,,,,33.5,,,,ochoa_cinta,,2025_05_08/11_17_18_2/1,single_fish
2025_05_08,11_17_18_2,11_17_18_2,frame_585,0,255,1,1,False,False,True,1.4397614002227783,False,[],,,,,,,33.5,,,,ochoa_cinta,,2025_05_08/11_17_18_2/1,single_fish
2025_05_08,11_17_18_2,11_17_18_2,frame_586,0,255,1,1,False,False,True,1.428239345550537,False,[],,,,,,,33.5,,,,ochoa_cinta,,2025_05_08/11_17_18_2/1,single_fish
2025_05_08,11_17_18_2,11_17_18_2,frame_587,0,255,1,1,False,False,True,1.4040138721466064,False,[],,,,,,,33.5,,,,ochoa_cinta,,2025_05_08/11_17_18_2/1,single_fish
2025_05_08,11_17_18_2,11_17_18_2,frame_588,0,255,1,1,False,False,True,1.3938838243484497,False,[],,,,,,,33.5,,,,ochoa_cinta,,2025_05_08/11_17_18_2/1,single_fish
2025_05_08,11_17_18_2,11_17_18_2,frame_589,0,255,1,1,False,False,True,1.4067039489746094,False,[],,,,,,,33.5,,,,ochoa_cinta,,2025_05_08/11_17_18_2/1,single_fish
2025_05_08,11_17_18_2,11_17_18_2,frame_590,0,255,1,1,False,False,True,1.423953652381897,False,[],,,,,,,33.5,,,,ochoa_cinta,,2025_05_08/11_17_18_2/1,single_fish
2025_05_08,11_17_18_2,11_17_18_2,frame_591,0,255,1,1,False,False,True,1.384521722793579,False,[],,,,,,,33.5,,,,ochoa_cinta,,2025_05_08/11_17_18_2/1,single_fish
2025_05_08,11_17_18_2,11_17_18_2,frame_592,0,255,1,1,False,False,True,1.355769157409668,False,[],,,,,,,33.5,,,,ochoa_cinta,,2025_05_08/11_17_18_2/1,single_fish
2025_05_08,11_17_18_2,11_17_18_2,frame_593,0,255,1,1,False,False,True,1.3502814769744873,False,[],,,,,,,33.5,,,,ochoa_cinta,,2025_05_08/11_17_18_2/1,single_fish
2025_05_08,11_17_18_2,11_17_18_2,frame_594,0,255,1,1,False,False,True,1.344568133354187,False,[],,,,,,,33.5,,,,ochoa_cinta,,2025_05_08/11_17_18_2/1,single_fish
2025_05_08,11_17_18_2,11_17_18_2,frame_595,0,255,1,1,False,False,True,1.330122470855713,False,[],,,,,,,33.5,,,,ochoa_cinta,,2025_05_08/11_17_18_2/1,single_fish
2025_05_08,11_17_18_2,11_17_18_2,frame_596,0,255,1,1,False,False,True,1.3231171369552612,False,[],,,,,,,33.5,,,,ochoa_cinta,,2025_05_08/11_17_18_2/1,single_fish
2025_05_08,11_17_18_2,11_17_18_2,frame_597,0,255,1,1,False,False,True,1.3212215900421145,False,[],,,,,,,33.5,,,,ochoa_cinta,,2025_05_08/11_17_18_2/1,single_fish
2025_05_08,11_17_18_2,11_17_18_2,frame_598,0,255,1,1,False,False,True,1.3377766609191897,False,[],,,,,,,33.5,,,,ochoa_cinta,,2025_05_08/11_17_18_2/1,single_fish
2025_05_08,11_17_18_2,11_17_18_2,frame_599,0,255,1,1,False,False,True,1.3355097770690918,False,[],,,,,,,33.5,,,,ochoa_cinta,,2025_05_08/11_17_18_2/1,single_fish
2025_05_08,11_17_18_2,11_17_18_2,frame_600,0,255,1,1,False,False,True,1.3350499868392944,False,[],,,,,,,33.5,,,,ochoa_cinta,,2025_05_08/11_17_18_2/1,single_fish
2025_05_08,11_17_18_2,11_17_18_2,frame_601,0,255,1,1,False,False,True,1.3436903953552246,False,[],,,,,,,33.5,,,,ochoa_cinta,,2025_05_08/11_17_18_2/1,single_fish
2025_05_08,11_17_18_2,11_17_18_2,frame_602,0,255,1,1,False,False,True,1.3386850357055664,False,[],,,,,,,33.5,,,,ochoa_cinta,,2025_05_08/11_17_18_2/1,single_fish
2025_05_08,11_17_18_2,11_17_18_2,frame_603,0,255,1,1,False,False,True,1.3306268453598022,False,[],,,,,,,33.5,,,,ochoa_cinta,,2025_05_08/11_17_18_2/1,single_fish
2025_05_08,11_17_18_2,11_17_18_2,frame_604,0,255,1,1,False,False,True,1.3341710567474363,False,[],,,,,,,33.5,,,,ochoa_cinta,,2025_05_08/11_17_18_2/1,single_fish
2025_05_08,11_17_18_2,11_17_18_2,frame_605,0,255,1,1,False,False,True,1.3417847156524658,False,[],,,,,,,33.5,,,,ochoa_cinta,,2025_05_08/11_17_18_2/1,single_fish
2025_05_08,11_17_18_2,11_17_18_2,frame_606,0,255,1,1,False,False,True,1.346455216407776,False,[],,,,,,,33.5,,,,ochoa_cinta,,2025_05_08/11_17_18_2/1,single_fish
2025_05_08,11_17_18_2,11_17_18_2,frame_607,0,255,1,1,False,False,True,1.3491331338882446,False,[],,,,,,,33.5,,,,ochoa_cinta,,2025_05_08/11_17_18_2/1,single_fish
2025_05_08,11_17_18_2,11_17_18_2,frame_608,0,255,1,1,False,False,True,1.3693078756332395,False,[],,,,,,,33.5,,,,ochoa_cinta,,2025_05_08/11_17_18_2/1,single_fish
2025_05_08,11_17_18_2,11_17_18_2,frame_609,0,255,1,1,False,False,True,1.383788824081421,False,[],,,,,,,33.5,,,,ochoa_cinta,,2025_05_08/11_17_18_2/1,single_fish
2025_05_08,11_17_18_2,11_17_18_2,frame_610,0,255,1,1,False,False,True,1.4089040756225586,False,[],,,,,,,33.5,,,,ochoa_cinta,,2025_05_08/11_17_18_2/1,single_fish
2025_05_08,11_17_18_2,11_17_18_2,frame_611,0,255,1,1,False,False,True,1.4253695011138916,False,[],,,,,,,33.5,,,,ochoa_cinta,,2025_05_08/11_17_18_2/1,single_fish
2025_05_08,11_17_18_2,11_17_18_2,frame_612,0,255,1,1,False,False,True,1.4442905187606812,False,[],,,,,,,33.5,,,,ochoa_cinta,,2025_05_08/11_17_18_2/1,single_fish
2025_05_08,11_17_18_2,11_17_18_2,frame_613,0,255,1,1,False,False,True,1.4412744045257568,False,[],,,,,,,33.5,,,,ochoa_cinta,,2025_05_08/11_17_18_2/1,single_fish
2025_05_08,11_17_18_2,11_17_18_2,frame_614,0,255,1,1,False,False,True,1.426724553108215,False,[],,,,,,,33.5,,,,ochoa_cinta,,2025_05_08/11_17_18_2/1,single_fish
2025_05_08,11_17_18_2,11_17_18_2,frame_615,0,255,1,1,False,False,True,1.4346661567687988,False,[],,,,,,,33.5,,,,ochoa_cinta,,2025_05_08/11_17_18_2/1,single_fish
2025_05_08,11_17_18_2,11_17_18_2,frame_616,0,255,1,1,False,False,True,1.3799844980239868,False,[],,,,,,,33.5,,,,ochoa_cinta,,2025_05_08/11_17_18_2/1,single_fish
2025_05_08,11_17_18_2,11_17_18_2,frame_617,0,255,1,1,False,False,True,1.3561086654663086,False,[],,,,,,,33.5,,,,ochoa_cinta,,2025_05_08/11_17_18_2/1,single_fish
2025_05_08,11_17_18_2,11_17_18_2,frame_618,0,255,1,1,False,False,True,1.318407654762268,False,[],,,,,,,33.5,,,,ochoa_cinta,,2025_05_08/11_17_18_2/1,single_fish
2025_05_08,11_17_18_2,11_17_18_2,frame_619,0,255,1,1,False,False,True,1.254582166671753,False,[],,,,,,,33.5,,,,ochoa_cinta,,2025_05_08/11_17_18_2/1,single_fish
2025_05_08,11_17_18_2,11_17_18_2,frame_620,0,255,1,1,False,False,True,1.2419341802597046,False,[],,,,,,,33.5,,,,ochoa_cinta,,2025_05_08/11_17_18_2/1,single_fish
2025_05_08,11_17_18_2,11_17_18_2,frame_622,0,255,1,1,False,False,True,1.1809327602386477,False,[],,,,,,,33.5,,,,ochoa_cinta,,2025_05_08/11_17_18_2/1,single_fish
2025_05_08,11_17_18_2,11_17_18_2,frame_623,0,255,1,1,False,False,True,1.1686805486679075,False,[],,,,,,,33.5,,,,ochoa_cinta,,2025_05_08/11_17_18_2/1,single_fish
2025_05_08,11_17_18_2,11_17_18_2,frame_624,0,255,1,1,False,False,True,1.1382602453231812,False,[],,,,,,,33.5,,,,ochoa_cinta,,2025_05_08/11_17_18_2/1,single_fish
2025_05_08,11_17_18_2,11_17_18_2,frame_625,0,255,1,1,False,False,True,1.116399168968201,False,[],,,,,,,33.5,,,,ochoa_cinta,,2025_05_08/11_17_18_2/1,single_fish
2025_05_08,11_17_18_2,11_17_18_2,frame_626,0,255,1,1,False,False,True,1.1212388277053833,False,[],,,,,,,33.5,,,,ochoa_cinta,,2025_05_08/11_17_18_2/1,single_fish
2025_05_08,11_17_18_2,11_17_18_2,frame_627,0,255,1,1,False,False,True,1.145892858505249,False,[],,,,,,,33.5,,,,ochoa_cinta,,2025_05_08/11_17_18_2/1,single_fish
2025_05_08,11_17_18_2,11_17_18_2,frame_628,0,255,1,1,False,False,True,1.153771996498108,False,[],,,,,,,33.5,,,,ochoa_cinta,,2025_05_08/11_17_18_2/1,single_fish
2025_05_08,11_17_18_2,11_17_18_2,frame_629,0,255,1,1,False,False,True,1.1458172798156738,False,[],,,,,,,33.5,,,,ochoa_cinta,,2025_05_08/11_17_18_2/1,single_fish
2025_05_08,11_17_18_2,11_17_18_2,frame_630,0,255,1,1,False,False,True,1.176437258720398,False,[],,,,,,,33.5,,,,ochoa_cinta,,2025_05_08/11_17_18_2/1,single_fish
2025_05_08,11_17_18_2,11_17_18_2,frame_631,0,255,1,1,False,False,True,1.2093963623046875,False,[],,,,,,,33.5,,,,ochoa_cinta,,2025_05_08/11_17_18_2/1,single_fish
2025_05_08,11_17_18_2,11_17_18_2,frame_632,0,255,1,1,False,False,True,1.203884482383728,False,[],,,,,,,33.5,,,,ochoa_cinta,,2025_05_08/11_17_18_2/1,single_fish
2025_05_08,11_17_18_2,11_17_18_2,frame_633,0,255,1,1,False,False,True,1.21121346950531,False,[],,,,,,,33.5,,,,ochoa_cinta,,2025_05_08/11_17_18_2/1,single_fish
2025_05_08,11_17_18_2,11_17_18_2,frame_634,0,255,1,1,False,False,True,1.2207602262496948,False,[],,,,,,,33.5,,,,ochoa_cinta,,2025_05_08/11_17_18_2/1,single_fish
2025_05_08,11_17_18_2,11_17_18_2,frame_635,0,255,1,1,False,False,True,1.202857255935669,False,[],,,,,,,33.5,,,,ochoa_cinta,,2025_05_08/11_17_18_2/1,single_fish
2025_05_08,11_17_18_2,11_17_18_2,frame_636,0,255,1,1,False,False,True,1.1966135501861572,False,[],,,,,,,33.5,,,,ochoa_cinta,,2025_05_08/11_17_18_2/1,single_fish
2025_05_08,11_17_18_2,11_17_18_2,frame_637,0,255,1,1,False,False,True,1.1866273880004885,False,[],,,,,,,33.5,,,,ochoa_cinta,,2025_05_08/11_17_18_2/1,single_fish
2025_05_08,11_17_18_2,11_17_18_2,frame_638,0,255,1,1,False,False,True,1.1757220029830933,False,[],,,,,,,33.5,,,,ochoa_cinta,,2025_05_08/11_17_18_2/1,single_fish
2025_05_08,11_17_18_2,11_17_18_2,frame_639,0,255,1,1,False,False,True,1.1693744659423828,False,[],,,,,,,33.5,,,,ochoa_cinta,,2025_05_08/11_17_18_2/1,single_fish
2025_05_08,11_17_18_2,11_17_18_2,frame_640,0,255,1,1,False,False,True,1.1989144086837769,False,[],,,,,,,33.5,,,,ochoa_cinta,,2025_05_08/11_17_18_2/1,single_fish
2025_05_08,11_17_18_2,11_17_18_2,frame_641,0,255,1,1,False,False,True,1.1816202402114868,False,[],,,,,,,33.5,,,,ochoa_cinta,,2025_05_08/11_17_18_2/1,single_fish
2025_05_08,11_17_18_2,11_17_18_2,frame_642,0,255,1,1,False,False,True,1.1344289779663086,False,[],,,,,,,33.5,,,,ochoa_cinta,,2025_05_08/11_17_18_2/1,single_fish
2025_05_08,11_17_18_2,11_17_18_2,frame_643,0,255,1,1,False,False,True,1.11728036403656,False,[],,,,,,,33.5,,,,ochoa_cinta,,2025_05_08/11_17_18_2/1,single_fish
2025_05_08,11_17_18_2,11_17_18_2,frame_644,0,255,1,1,False,False,True,1.1323821544647217,False,[],,,,,,,33.5,,,,ochoa_cinta,,2025_05_08/11_17_18_2/1,single_fish
2025_05_08,11_17_18_2,11_17_18_2,frame_645,0,255,1,1,False,False,True,1.1575905084609983,False,[],,,,,,,33.5,,,,ochoa_cinta,,2025_05_08/11_17_18_2/1,single_fish
2025_05_08,11_17_18_2,11_17_18_2,frame_646,0,255,1,1,False,False,True,1.1673574447631836,False,[],,,,,,,33.5,,,,ochoa_cinta,,2025_05_08/11_17_18_2/1,single_fish
2025_05_08,11_17_18_2,11_17_18_2,frame_647,0,255,1,1,False,False,True,1.1803934574127195,False,[],,,,,,,33.5,,,,ochoa_cinta,,2025_05_08/11_17_18_2/1,single_fish
2025_05_08,11_17_18_2,11_17_18_2,frame_648,0,255,1,1,False,False,True,1.2268807888031006,False,[],,,,,,,33.5,,,,ochoa_cinta,,2025_05_08/11_17_18_2/1,single_fish
2025_05_08,11_17_18_2,11_17_18_2,frame_649,0,255,1,1,False,False,True,1.254292368888855,False,[],,,,,,,33.5,,,,ochoa_cinta,,2025_05_08/11_17_18_2/1,single_fish
2025_05_08,11_17_18_2,11_17_18_2,frame_650,0,255,1,1,False,False,True,1.2713881731033323,False,[],,,,,,,33.5,,,,ochoa_cinta,,2025_05_08/11_17_18_2/1,single_fish
2025_05_08,11_17_18_2,11_17_18_2,frame_651,0,255,1,1,False,False,True,1.2992665767669678,False,[],,,,,,,33.5,,,,ochoa_cinta,,2025_05_08/11_17_18_2/1,single_fish
2025_05_08,11_17_18_2,11_17_18_2,frame_652,0,255,1,1,False,False,True,1.2937575578689575,False,[],,,,,,,33.5,,,,ochoa_cinta,,2025_05_08/11_17_18_2/1,single_fish
2025_05_08,11_17_18_2,11_17_18_2,frame_653,0,255,1,1,False,False,True,1.273346781730652,False,[],,,,,,,33.5,,,,ochoa_cinta,,2025_05_08/11_17_18_2/1,single_fish
2025_05_08,11_17_18_2,11_17_18_2,frame_654,0,255,1,1,False,False,True,1.265626072883606,False,[],,,,,,,33.5,,,,ochoa_cinta,,2025_05_08/11_17_18_2/1,single_fish
2025_05_08,11_17_18_2,11_17_18_2,frame_655,0,255,1,1,False,False,True,1.253024697303772,False,[],,,,,,,33.5,,,,ochoa_cinta,,2025_05_08/11_17_18_2/1,single_fish
2025_05_08,11_17_18_2,11_17_18_2,frame_656,0,255,1,1,False,False,True,1.2224273681640625,False,[],,,,,,,33.5,,,,ochoa_cinta,,2025_05_08/11_17_18_2/1,single_fish
2025_05_08,11_17_18_2,11_17_18_2,frame_657,0,255,1,1,False,False,True,1.2104462385177612,False,[],,,,,,,33.5,,,,ochoa_cinta,,2025_05_08/11_17_18_2/1,single_fish
2025_05_08,11_17_18_2,11_17_18_2,frame_658,0,255,1,1,False,False,True,1.1840730905532837,False,[],,,,,,,33.5,,,,ochoa_cinta,,2025_05_08/11_17_18_2/1,single_fish
2025_05_08,11_17_18_2,11_17_18_2,frame_659,0,255,1,1,False,False,True,1.1444525718688965,False,[],,,,,,,33.5,,,,ochoa_cinta,,2025_05_08/11_17_18_2/1,single_fish
2025_05_08,11_17_18_2,11_17_18_2,frame_660,0,255,1,1,False,False,True,1.1223297119140625,False,[],,,,,,,33.5,,,,ochoa_cinta,,2025_05_08/11_17_18_2/1,single_fish
2025_05_08,11_17_18_2,11_17_18_2,frame_661,0,255,1,1,False,False,True,1.1220924854278564,False,[],,,,,,,33.5,,,,ochoa_cinta,,2025_05_08/11_17_18_2/1,single_fish
2025_05_08,11_17_18_2,11_17_18_2,frame_662,0,255,1,1,False,False,True,1.1149523258209229,False,[],,,,,,,33.5,,,,ochoa_cinta,,2025_05_08/11_17_18_2/1,single_fish
2025_05_08,11_17_18_2,11_17_18_2,frame_663,0,255,1,1,False,False,True,1.1272002458572388,False,[],,,,,,,33.5,,,,ochoa_cinta,,2025_05_08/11_17_18_2/1,single_fish
2025_05_08,11_17_18_2,11_17_18_2,frame_664,0,255,1,1,False,False,True,1.1248509883880615,False,[],,,,,,,33.5,,,,ochoa_cinta,,2025_05_08/11_17_18_2/1,single_fish
2025_05_08,11_17_18_2,11_17_18_2,frame_665,0,255,1,1,False,False,True,1.1455360651016235,False,[],,,,,,,33.5,,,,ochoa_cinta,,2025_05_08/11_17_18_2/1,single_fish
2025_05_08,11_17_18_2,11_17_18_2,frame_666,0,255,1,1,False,False,True,1.165730118751526,False,[],,,,,,,33.5,,,,ochoa_cinta,,2025_05_08/11_17_18_2/1,single_fish
2025_05_08,11_17_18_3,11_17_18_3,frame_0,0,255,1,1,False,False,True,1.2027028,False,[],,,,,,,33.5,,,,ochoa_cinta,,2025_05_08/11_17_18_3/1,single_fish
2025_05_08,11_17_18_3,11_17_18_3,frame_1,0,255,1,1,False,False,True,1.2323457,False,[],,,,,,,33.5,,,,ochoa_cinta,,2025_05_08/11_17_18_3/1,single_fish
2025_05_08,11_17_18_3,11_17_18_3,frame_2,0,255,1,1,False,False,True,1.2646801,False,[],,,,,,,33.5,,,,ochoa_cinta,,2025_05_08/11_17_18_3/1,single_fish
2025_05_08,11_17_18_3,11_17_18_3,frame_3,0,255,1,1,False,False,True,1.2976534,False,[],,,,,,,33.5,,,,ochoa_cinta,,2025_05_08/11_17_18_3/1,single_fish
2025_05_08,11_17_18_3,11_17_18_3,frame_4,0,255,1,1,False,False,True,1.3349388,False,[],,,,,,,33.5,,,,ochoa_cinta,,2025_05_08/11_17_18_3/1,single_fish
2025_05_08,11_17_18_3,11_17_18_3,frame_5,0,255,1,1,False,False,True,1.3500806,False,[],,,,,,,33.5,,,,ochoa_cinta,,2025_05_08/11_17_18_3/1,single_fish
2025_05_08,11_17_18_3,11_17_18_3,frame_6,0,255,1,1,False,False,True,1.3798249,False,[],,,,,,,33.5,,,,ochoa_cinta,,2025_05_08/11_17_18_3/1,single_fish
2025_05_08,11_17_18_3,11_17_18_3,frame_7,0,255,1,1,False,False,True,1.382736,False,[],,,,,,,33.5,,,,ochoa_cinta,,2025_05_08/11_17_18_3/1,single_fish
2025_05_08,11_17_18_3,11_17_18_3,frame_8,0,255,1,1,False,False,True,1.4010811,False,[],,,,,,,33.5,,,,ochoa_cinta,,2025_05_08/11_17_18_3/1,single_fish
2025_05_08,11_17_18_3,11_17_18_3,frame_9,0,255,1,1,False,False,True,1.4043177,False,[],,,,,,,33.5,,,,ochoa_cinta,,2025_05_08/11_17_18_3/1,single_fish
2025_05_08,11_17_18_3,11_17_18_3,frame_10,0,255,1,1,False,False,True,1.4106044,False,[],,,,,,,33.5,,,,ochoa_cinta,,2025_05_08/11_17_18_3/1,single_fish
2025_05_08,11_17_18_3,11_17_18_3,frame_11,0,255,1,1,False,False,True,1.4270357,False,[],,,,,,,33.5,,,,ochoa_cinta,,2025_05_08/11_17_18_3/1,single_fish
2025_05_08,11_17_18_3,11_17_18_3,frame_12,0,255,1,1,False,False,True,1.4276283,False,[],,,,,,,33.5,,,,ochoa_cinta,,2025_05_08/11_17_18_3/1,single_fish
2025_05_08,11_17_18_3,11_17_18_3,frame_13,0,255,1,1,False,False,True,1.4469985,False,[],,,,,,,33.5,,,,ochoa_cinta,,2025_05_08/11_17_18_3/1,single_fish
2025_05_08,11_17_18_3,11_17_18_3,frame_14,0,255,1,1,False,False,True,1.4540176,False,[],,,,,,,33.5,,,,ochoa_cinta,,2025_05_08/11_17_18_3/1,single_fish
2025_05_08,11_17_18_3,11_17_18_3,frame_15,0,255,1,1,False,False,True,1.4662801,False,[],,,,,,,33.5,,,,ochoa_cinta,,2025_05_08/11_17_18_3/1,single_fish
2025_05_08,11_17_18_3,11_17_18_3,frame_16,0,255,1,1,False,False,True,1.463753,False,[],,,,,,,33.5,,,,ochoa_cinta,,2025_05_08/11_17_18_3/1,single_fish
2025_05_08,11_17_18_3,11_17_18_3,frame_17,0,255,1,1,False,False,True,1.4729702,False,[],,,,,,,33.5,,,,ochoa_cinta,,2025_05_08/11_17_18_3/1,single_fish
2025_05_08,11_17_18_3,11_17_18_3,frame_18,0,255,1,1,False,False,True,1.4694645,False,[],,,,,,,33.5,,,,ochoa_cinta,,2025_05_08/11_17_18_3/1,single_fish
2025_05_08,11_17_18_3,11_17_18_3,frame_19,0,255,1,1,False,False,True,1.4778898,False,[],,,,,,,33.5,,,,ochoa_cinta,,2025_05_08/11_17_18_3/1,single_fish
2025_05_08,11_17_18_3,11_17_18_3,frame_20,0,255,1,1,False,False,True,1.473233,False,[],,,,,,,33.5,,,,ochoa_cinta,,2025_05_08/11_17_18_3/1,single_fish
2025_05_08,11_17_18_3,11_17_18_3,frame_21,0,255,1,1,False,False,True,1.4918711,False,[],,,,,,,33.5,,,,ochoa_cinta,,2025_05_08/11_17_18_3/1,single_fish
2025_05_08,11_17_18_3,11_17_18_3,frame_22,0,255,1,1,False,False,True,1.4770089,False,[],,,,,,,33.5,,,,ochoa_cinta,,2025_05_08/11_17_18_3/1,single_fish
2025_05_08,11_17_18_3,11_17_18_3,frame_23,0,255,1,1,False,False,True,1.4551197,False,[],,,,,,,33.5,,,,ochoa_cinta,,2025_05_08/11_17_18_3/1,single_fish
2025_05_08,11_17_18_3,11_17_18_3,frame_24,0,255,1,1,False,False,True,1.4227076,False,[],,,,,,,33.5,,,,ochoa_cinta,,2025_05_08/11_17_18_3/1,single_fish
2025_05_08,11_17_18_3,11_17_18_3,frame_25,0,255,1,1,False,False,True,1.4053346,False,[],,,,,,,33.5,,,,ochoa_cinta,,2025_05_08/11_17_18_3/1,single_fish
2025_05_08,11_17_18_3,11_17_18_3,frame_26,0,255,1,1,False,False,True,1.3701605,False,[],,,,,,,33.5,,,,ochoa_cinta,,2025_05_08/11_17_18_3/1,single_fish
2025_05_08,11_17_18_3,11_17_18_3,frame_27,0,255,1,1,False,False,True,1.3537703,False,[],,,,,,,33.5,,,,ochoa_cinta,,2025_05_08/11_17_18_3/1,single_fish
2025_05_08,11_17_18_3,11_17_18_3,frame_28,0,255,1,1,False,False,True,1.3210077,False,[],,,,,,,33.5,,,,ochoa_cinta,,2025_05_08/11_17_18_3/1,single_fish
2025_05_08,11_17_18_3,11_17_18_3,frame_29,0,255,1,1,False,False,True,1.3116984,False,[],,,,,,,33.5,,,,ochoa_cinta,,2025_05_08/11_17_18_3/1,single_fish
2025_05_08,11_17_18_3,11_17_18_3,frame_30,0,255,1,1,False,False,True,1.3113873,False,[],,,,,,,33.5,,,,ochoa_cinta,,2025_05_08/11_17_18_3/1,single_fish
2025_05_08,11_17_18_1,11_17_18_1,frame_0,0,255,1,1,False,False,True,1.3928572,False,[],,,,,,,33.5,,,,ochoa_cinta,,2025_05_08/11_17_18_1/1,single_fish
2025_05_08,11_17_18_1,11_17_18_1,frame_1,0,255,1,1,False,False,True,1.3564332,False,[],,,,,,,33.5,,,,ochoa_cinta,,2025_05_08/11_17_18_1/1,single_fish
2025_05_08,11_17_18_1,11_17_18_1,frame_2,0,255,1,1,False,False,True,1.3454986,False,[],,,,,,,33.5,,,,ochoa_cinta,,2025_05_08/11_17_18_1/1,single_fish
2025_05_08,11_17_18_1,11_17_18_1,frame_3,0,255,1,1,False,False,True,1.3337363,False,[],,,,,,,33.5,,,,ochoa_cinta,,2025_05_08/11_17_18_1/1,single_fish
2025_05_08,11_17_18_1,11_17_18_1,frame_4,0,255,1,1,False,False,True,1.300847,False,[],,,,,,,33.5,,,,ochoa_cinta,,2025_05_08/11_17_18_1/1,single_fish
2025_05_08,11_17_18_1,11_17_18_1,frame_5,0,255,1,1,False,False,True,1.3051324,False,[],,,,,,,33.5,,,,ochoa_cinta,,2025_05_08/11_17_18_1/1,single_fish
2025_05_08,11_17_18_1,11_17_18_1,frame_6,0,255,1,1,False,False,True,1.2840906,False,[],,,,,,,33.5,,,,ochoa_cinta,,2025_05_08/11_17_18_1/1,single_fish
2025_05_08,11_17_18_1,11_17_18_1,frame_7,0,255,1,1,False,False,True,1.2495838,False,[],,,,,,,33.5,,,,ochoa_cinta,,2025_05_08/11_17_18_1/1,single_fish
2025_05_08,11_17_18_1,11_17_18_1,frame_8,0,255,1,1,False,False,True,1.2331024,False,[],,,,,,,33.5,,,,ochoa_cinta,,2025_05_08/11_17_18_1/1,single_fish
2025_05_08,11_17_18_1,11_17_18_1,frame_9,0,255,1,1,False,False,True,1.2464095,False,[],,,,,,,33.5,,,,ochoa_cinta,,2025_05_08/11_17_18_1/1,single_fish
2025_05_08,11_17_18_1,11_17_18_1,frame_10,0,255,1,1,False,False,True,1.2674096,False,[],,,,,,,33.5,,,,ochoa_cinta,,2025_05_08/11_17_18_1/1,single_fish
2025_05_08,11_17_18_1,11_17_18_1,frame_11,0,255,1,1,False,False,True,1.2812123,False,[],,,,,,,33.5,,,,ochoa_cinta,,2025_05_08/11_17_18_1/1,single_fish
2025_05_08,11_17_18_1,11_17_18_1,frame_12,0,255,1,1,False,False,True,1.315766,False,[],,,,,,,33.5,,,,ochoa_cinta,,2025_05_08/11_17_18_1/1,single_fish
2025_05_08,11_17_18_1,11_17_18_1,frame_13,0,255,1,1,False,False,True,1.3297486,False,[],,,,,,,33.5,,,,ochoa_cinta,,2025_05_08/11_17_18_1/1,single_fish
2025_05_08,11_17_18_1,11_17_18_1,frame_14,0,255,1,1,False,False,True,1.3501489,False,[],,,,,,,33.5,,,,ochoa_cinta,,2025_05_08/11_17_18_1/1,single_fish
2025_05_08,11_17_18_1,11_17_18_1,frame_15,0,255,1,1,False,False,True,1.3323253,False,[],,,,,,,33.5,,,,ochoa_cinta,,2025_05_08/11_17_18_1/1,single_fish
2025_05_08,11_17_18_1,11_17_18_1,frame_16,0,255,1,1,False,False,True,1.3127626,False,[],,,,,,,33.5,,,,ochoa_cinta,,2025_05_08/11_17_18_1/1,single_fish
2025_05_08,11_17_18_1,11_17_18_1,frame_17,0,255,1,1,False,False,True,1.3218825,False,[],,,,,,,33.5,,,,ochoa_cinta,,2025_05_08/11_17_18_1/1,single_fish
2025_05_08,11_17_18_1,11_17_18_1,frame_18,0,255,1,1,False,False,True,1.3140961,False,[],,,,,,,33.5,,,,ochoa_cinta,,2025_05_08/11_17_18_1/1,single_fish
2025_05_08,11_17_18_1,11_17_18_1,frame_19,0,255,1,1,False,False,True,1.3033957,False,[],,,,,,,33.5,,,,ochoa_cinta,,2025_05_08/11_17_18_1/1,single_fish
2025_05_08,11_17_18_1,11_17_18_1,frame_20,0,255,1,1,False,False,True,1.2947462,False,[],,,,,,,33.5,,,,ochoa_cinta,,2025_05_08/11_17_18_1/1,single_fish
2025_05_08,11_17_18_1,11_17_18_1,frame_21,0,255,1,1,False,False,True,1.2987641,False,[],,,,,,,33.5,,,,ochoa_cinta,,2025_05_08/11_17_18_1/1,single_fish
2025_05_08,11_17_18_1,11_17_18_1,frame_22,0,255,1,1,False,False,True,1.2905254,False,[],,,,,,,33.5,,,,ochoa_cinta,,2025_05_08/11_17_18_1/1,single_fish
2025_05_08,11_17_18_1,11_17_18_1,frame_23,0,255,1,1,False,False,True,1.3126364,False,[],,,,,,,33.5,,,,ochoa_cinta,,2025_05_08/11_17_18_1/1,single_fish
2025_05_08,11_17_18_1,11_17_18_1,frame_24,0,255,1,1,False,False,True,1.3036708,False,[],,,,,,,33.5,,,,ochoa_cinta,,2025_05_08/11_17_18_1/1,single_fish
2025_05_08,11_17_18_1,11_17_18_1,frame_25,0,255,1,1,False,False,True,1.2965641,False,[],,,,,,,33.5,,,,ochoa_cinta,,2025_05_08/11_17_18_1/1,single_fish
2025_05_08,11_17_18_1,11_17_18_1,frame_26,0,255,1,1,False,False,True,1.3048148,False,[],,,,,,,33.5,,,,ochoa_cinta,,2025_05_08/11_17_18_1/1,single_fish
2025_05_08,11_17_18_1,11_17_18_1,frame_27,0,255,1,1,False,False,True,1.3139687,False,[],,,,,,,33.5,,,,ochoa_cinta,,2025_05_08/11_17_18_1/1,single_fish
2025_05_08,11_17_18_1,11_17_18_1,frame_28,0,255,1,1,False,False,True,1.3176541,False,[],,,,,,,33.5,,,,ochoa_cinta,,2025_05_08/11_17_18_1/1,single_fish
2025_05_08,11_17_18_1,11_17_18_1,frame_29,0,255,1,1,False,False,True,1.3288063,False,[],,,,,,,33.5,,,,ochoa_cinta,,2025_05_08/11_17_18_1/1,single_fish
2025_05_08,11_17_18_1,11_17_18_1,frame_30,0,255,1,1,False,False,True,1.3546072,False,[],,,,,,,33.5,,,,ochoa_cinta,,2025_05_08/11_17_18_1/1,single_fish
2025_05_08,11_17_18_1,11_17_18_1,frame_31,0,255,1,1,False,False,True,1.3624152,False,[],,,,,,,33.5,,,,ochoa_cinta,,2025_05_08/11_17_18_1/1,single_fish
2025_05_08,11_17_18_1,11_17_18_1,frame_32,0,255,1,1,False,False,True,1.3650692,False,[],,,,,,,33.5,,,,ochoa_cinta,,2025_05_08/11_17_18_1/1,single_fish
2025_05_08,11_17_18_1,11_17_18_1,frame_33,0,255,1,1,False,False,True,1.3681262,False,[],,,,,,,33.5,,,,ochoa_cinta,,2025_05_08/11_17_18_1/1,single_fish
2025_05_08,11_17_18_1,11_17_18_1,frame_34,0,255,1,1,False,False,True,1.3468373,False,[],,,,,,,33.5,,,,ochoa_cinta,,2025_05_08/11_17_18_1/1,single_fish
2025_05_08,11_17_18_1,11_17_18_1,frame_35,0,255,1,1,False,False,True,1.3781959,False,[],,,,,,,33.5,,,,ochoa_cinta,,2025_05_08/11_17_18_1/1,single_fish
2025_05_08,11_17_18_1,11_17_18_1,frame_36,0,255,1,1,False,False,True,1.3891625,False,[],,,,,,,33.5,,,,ochoa_cinta,,2025_05_08/11_17_18_1/1,single_fish
2025_05_08,11_17_18_1,11_17_18_1,frame_37,0,255,1,1,False,False,True,1.3922691,False,[],,,,,,,33.5,,,,ochoa_cinta,,2025_05_08/11_17_18_1/1,single_fish
2025_05_08,11_17_18_1,11_17_18_1,frame_38,0,255,1,1,False,False,True,1.39895,False,[],,,,,,,33.5,,,,ochoa_cinta,,2025_05_08/11_17_18_1/1,single_fish
2025_05_08,11_17_18_1,11_17_18_1,frame_39,0,255,1,1,False,False,True,1.3843864,False,[],,,,,,,33.5,,,,ochoa_cinta,,2025_05_08/11_17_18_1/1,single_fish
2025_05_08,11_17_18_1,11_17_18_1,frame_40,0,255,1,1,False,False,True,1.3906847,False,[],,,,,,,33.5,,,,ochoa_cinta,,2025_05_08/11_17_18_1/1,single_fish
2025_05_08,11_17_18_1,11_17_18_1,frame_41,0,255,1,1,False,False,True,1.3929651,False,[],,,,,,,33.5,,,,ochoa_cinta,,2025_05_08/11_17_18_1/1,single_fish
2025_05_08,11_17_18_1,11_17_18_1,frame_42,0,255,1,1,False,False,True,1.4023142,False,[],,,,,,,33.5,,,,ochoa_cinta,,2025_05_08/11_17_18_1/1,single_fish
2025_05_08,11_17_18_1,11_17_18_1,frame_43,0,255,1,1,False,False,True,1.369412,False,[],,,,,,,33.5,,,,ochoa_cinta,,2025_05_08/11_17_18_1/1,single_fish
2025_05_08,11_17_18_1,11_17_18_1,frame_44,0,255,1,1,False,False,True,1.3613691,False,[],,,,,,,33.5,,,,ochoa_cinta,,2025_05_08/11_17_18_1/1,single_fish
2025_05_08,11_17_18_1,11_17_18_1,frame_45,0,255,1,1,False,False,True,1.3759775,False,[],,,,,,,33.5,,,,ochoa_cinta,,2025_05_08/11_17_18_1/1,single_fish
2025_05_08,11_17_18_1,11_17_18_1,frame_46,0,255,1,1,False,False,True,1.3400518,False,[],,,,,,,33.5,,,,ochoa_cinta,,2025_05_08/11_17_18_1/1,single_fish
2025_05_08,11_17_18_1,11_17_18_1,frame_47,0,255,1,1,False,False,True,1.367348,False,[],,,,,,,33.5,,,,ochoa_cinta,,2025_05_08/11_17_18_1/1,single_fish
2025_05_08,11_17_18_1,11_17_18_1,frame_48,0,255,1,1,False,False,True,1.336319,False,[],,,,,,,33.5,,,,ochoa_cinta,,2025_05_08/11_17_18_1/1,single_fish
2025_05_08,11_17_18_1,11_17_18_1,frame_49,0,255,1,1,False,False,True,1.3120888,False,[],,,,,,,33.5,,,,ochoa_cinta,,2025_05_08/11_17_18_1/1,single_fish
2025_05_08,11_17_18_1,11_17_18_1,frame_50,0,255,1,1,False,False,True,1.2976568,False,[],,,,,,,33.5,,,,ochoa_cinta,,2025_05_08/11_17_18_1/1,single_fish
2025_05_08,11_17_18_1,11_17_18_1,frame_51,0,255,1,1,False,False,True,1.3247838,False,[],,,,,,,33.5,,,,ochoa_cinta,,2025_05_08/11_17_18_1/1,single_fish
2025_05_08,11_17_18_1,11_17_18_1,frame_52,0,255,1,1,False,False,True,1.2846229,False,[],,,,,,,33.5,,,,ochoa_cinta,,2025_05_08/11_17_18_1/1,single_fish
2025_05_08,11_17_18_1,11_17_18_1,frame_53,0,255,1,1,False,False,True,1.2734077,False,[],,,,,,,33.5,,,,ochoa_cinta,,2025_05_08/11_17_18_1/1,single_fish
2025_05_08,11_17_18_1,11_17_18_1,frame_54,0,255,1,1,False,False,True,1.3067658,False,[],,,,,,,33.5,,,,ochoa_cinta,,2025_05_08/11_17_18_1/1,single_fish
2025_05_08,11_17_18_1,11_17_18_1,frame_55,0,255,1,1,False,False,True,1.315555,False,[],,,,,,,33.5,,,,ochoa_cinta,,2025_05_08/11_17_18_1/1,single_fish
2025_05_08,11_17_18_1,11_17_18_1,frame_56,0,255,1,1,False,False,True,1.34217,False,[],,,,,,,33.5,,,,ochoa_cinta,,2025_05_08/11_17_18_1/1,single_fish
2025_05_08,11_17_18_1,11_17_18_1,frame_57,0,255,1,1,False,False,True,1.3329898,False,[],,,,,,,33.5,,,,ochoa_cinta,,2025_05_08/11_17_18_1/1,single_fish
2025_05_08,11_17_18_1,11_17_18_1,frame_58,0,255,1,1,False,False,True,1.3296196,False,[],,,,,,,33.5,,,,ochoa_cinta,,2025_05_08/11_17_18_1/1,single_fish
2025_05_08,11_17_18_1,11_17_18_1,frame_59,0,255,1,1,False,False,True,1.3202277,False,[],,,,,,,33.5,,,,ochoa_cinta,,2025_05_08/11_17_18_1/1,single_fish
2025_05_08,11_17_18_1,11_17_18_1,frame_60,0,255,1,1,False,False,True,1.3229116,False,[],,,,,,,33.5,,,,ochoa_cinta,,2025_05_08/11_17_18_1/1,single_fish
2025_05_08,11_17_18_1,11_17_18_1,frame_61,0,255,1,1,False,False,True,1.3372475,False,[],,,,,,,33.5,,,,ochoa_cinta,,2025_05_08/11_17_18_1/1,single_fish
2025_05_08,11_17_18_1,11_17_18_1,frame_62,0,255,1,1,False,False,True,1.3428575,False,[],,,,,,,33.5,,,,ochoa_cinta,,2025_05_08/11_17_18_1/1,single_fish
2025_05_08,11_17_18_1,11_17_18_1,frame_63,0,255,1,1,False,False,True,1.3447267,False,[],,,,,,,33.5,,,,ochoa_cinta,,2025_05_08/11_17_18_1/1,single_fish
2025_05_08,11_17_18_1,11_17_18_1,frame_64,0,255,1,1,False,False,True,1.3452731,False,[],,,,,,,33.5,,,,ochoa_cinta,,2025_05_08/11_17_18_1/1,single_fish
2025_05_08,11_17_18_1,11_17_18_1,frame_65,0,255,1,1,False,False,True,1.330601,False,[],,,,,,,33.5,,,,ochoa_cinta,,2025_05_08/11_17_18_1/1,single_fish
2025_05_08,11_17_18_1,11_17_18_1,frame_66,0,255,1,1,False,False,True,1.3284569,False,[],,,,,,,33.5,,,,ochoa_cinta,,2025_05_08/11_17_18_1/1,single_fish
2025_05_08,11_17_18_1,11_17_18_1,frame_67,0,255,1,1,False,False,True,1.3357829,False,[],,,,,,,33.5,,,,ochoa_cinta,,2025_05_08/11_17_18_1/1,single_fish
2025_05_08,11_17_18_1,11_17_18_1,frame_68,0,255,1,1,False,False,True,1.3346186,False,[],,,,,,,33.5,,,,ochoa_cinta,,2025_05_08/11_17_18_1/1,single_fish
2025_05_08,11_17_18_1,11_17_18_1,frame_69,0,255,1,1,False,False,True,1.3417604,False,[],,,,,,,33.5,,,,ochoa_cinta,,2025_05_08/11_17_18_1/1,single_fish
2025_05_08,11_17_18_1,11_17_18_1,frame_70,0,255,1,1,False,False,True,1.3500769,False,[],,,,,,,33.5,,,,ochoa_cinta,,2025_05_08/11_17_18_1/1,single_fish
2025_05_08,11_17_18_1,11_17_18_1,frame_71,0,255,1,1,False,False,True,1.3573004,False,[],,,,,,,33.5,,,,ochoa_cinta,,2025_05_08/11_17_18_1/1,single_fish
2025_05_08,11_17_18_1,11_17_18_1,frame_72,0,255,1,1,False,False,True,1.3791763,False,[],,,,,,,33.5,,,,ochoa_cinta,,2025_05_08/11_17_18_1/1,single_fish
2025_05_08,11_17_18_1,11_17_18_1,frame_73,0,255,1,1,False,False,True,1.385086,False,[],,,,,,,33.5,,,,ochoa_cinta,,2025_05_08/11_17_18_1/1,single_fish
2025_05_08,11_17_18_1,11_17_18_1,frame_74,0,255,1,1,False,False,True,1.403407,False,[],,,,,,,33.5,,,,ochoa_cinta,,2025_05_08/11_17_18_1/1,single_fish
2025_05_08,11_17_18_1,11_17_18_1,frame_75,0,255,1,1,False,False,True,1.3994316,False,[],,,,,,,33.5,,,,ochoa_cinta,,2025_05_08/11_17_18_1/1,single_fish
2025_05_08,11_17_18_1,11_17_18_1,frame_76,0,255,1,1,False,False,True,1.3919988,False,[],,,,,,,33.5,,,,ochoa_cinta,,2025_05_08/11_17_18_1/1,single_fish
2025_05_08,11_17_18_1,11_17_18_1,frame_77,0,255,1,1,False,False,True,1.3618727,False,[],,,,,,,33.5,,,,ochoa_cinta,,2025_05_08/11_17_18_1/1,single_fish
2025_05_08,11_17_18_1,11_17_18_1,frame_78,0,255,1,1,False,False,True,1.3547084,False,[],,,,,,,33.5,,,,ochoa_cinta,,2025_05_08/11_17_18_1/1,single_fish
2025_05_08,11_17_18_1,11_17_18_1,frame_79,0,255,1,1,False,False,True,1.3634439,False,[],,,,,,,33.5,,,,ochoa_cinta,,2025_05_08/11_17_18_1/1,single_fish
2025_05_08,11_17_18_1,11_17_18_1,frame_80,0,255,1,1,False,False,True,1.3508731,False,[],,,,,,,33.5,,,,ochoa_cinta,,2025_05_08/11_17_18_1/1,single_fish
2025_05_08,11_17_18_1,11_17_18_1,frame_81,0,255,1,1,False,False,True,1.3197843,False,[],,,,,,,33.5,,,,ochoa_cinta,,2025_05_08/11_17_18_1/1,single_fish
2025_05_08,11_17_18_1,11_17_18_1,frame_82,0,255,1,1,False,False,True,1.3382299,False,[],,,,,,,33.5,,,,ochoa_cinta,,2025_05_08/11_17_18_1/1,single_fish
2025_05_08,11_17_18_1,11_17_18_1,frame_83,0,255,1,1,False,False,True,1.3473353,False,[],,,,,,,33.5,,,,ochoa_cinta,,2025_05_08/11_17_18_1/1,single_fish
2025_05_08,11_17_18_1,11_17_18_1,frame_84,0,255,1,1,False,False,True,1.345194,False,[],,,,,,,33.5,,,,ochoa_cinta,,2025_05_08/11_17_18_1/1,single_fish
2025_05_08,11_17_18_1,11_17_18_1,frame_85,0,255,1,1,False,False,True,1.3182503,False,[],,,,,,,33.5,,,,ochoa_cinta,,2025_05_08/11_17_18_1/1,single_fish
2025_05_08,11_17_18_1,11_17_18_1,frame_86,0,255,1,1,False,False,True,1.2968782,False,[],,,,,,,33.5,,,,ochoa_cinta,,2025_05_08/11_17_18_1/1,single_fish
2025_05_08,11_17_18_1,11_17_18_1,frame_87,0,255,1,1,False,False,True,1.2999934,False,[],,,,,,,33.5,,,,ochoa_cinta,,2025_05_08/11_17_18_1/1,single_fish
2025_05_08,11_17_18_1,11_17_18_1,frame_88,0,255,1,1,False,False,True,1.3015342,False,[],,,,,,,33.5,,,,ochoa_cinta,,2025_05_08/11_17_18_1/1,single_fish
2025_05_08,11_17_18_1,11_17_18_1,frame_89,0,255,1,1,False,False,True,1.3027154,False,[],,,,,,,33.5,,,,ochoa_cinta,,2025_05_08/11_17_18_1/1,single_fish
2025_05_08,11_17_18_1,11_17_18_1,frame_90,0,255,1,1,False,False,True,1.295596,False,[],,,,,,,33.5,,,,ochoa_cinta,,2025_05_08/11_17_18_1/1,single_fish
2025_05_08,11_17_18_1,11_17_18_1,frame_91,0,255,1,1,False,False,True,1.294439,False,[],,,,,,,33.5,,,,ochoa_cinta,,2025_05_08/11_17_18_1/1,single_fish
2025_05_08,11_17_18_1,11_17_18_1,frame_92,0,255,1,1,False,False,True,1.2744619,False,[],,,,,,,33.5,,,,ochoa_cinta,,2025_05_08/11_17_18_1/1,single_fish
2025_05_08,11_17_18_1,11_17_18_1,frame_93,0,255,1,1,False,False,True,1.2923416,False,[],,,,,,,33.5,,,,ochoa_cinta,,2025_05_08/11_17_18_1/1,single_fish
2025_05_08,11_17_18_1,11_17_18_1,frame_94,0,255,1,1,False,False,True,1.2866224,False,[],,,,,,,33.5,,,,ochoa_cinta,,2025_05_08/11_17_18_1/1,single_fish
2025_05_08,11_17_18_1,11_17_18_1,frame_95,0,255,1,1,False,False,True,1.2717232,False,[],,,,,,,33.5,,,,ochoa_cinta,,2025_05_08/11_17_18_1/1,single_fish
2025_05_08,11_17_18_1,11_17_18_1,frame_96,0,255,1,1,False,False,True,1.2735271,False,[],,,,,,,33.5,,,,ochoa_cinta,,2025_05_08/11_17_18_1/1,single_fish
2025_05_08,11_17_18_1,11_17_18_1,frame_97,0,255,1,1,False,False,True,1.2927696,False,[],,,,,,,33.5,,,,ochoa_cinta,,2025_05_08/11_17_18_1/1,single_fish
2025_05_08,11_17_18_1,11_17_18_1,frame_98,0,255,1,1,False,False,True,1.3039906,False,[],,,,,,,33.5,,,,ochoa_cinta,,2025_05_08/11_17_18_1/1,single_fish
2025_05_08,11_17_18_1,11_17_18_1,frame_99,0,255,1,1,False,False,True,1.2935954,False,[],,,,,,,33.5,,,,ochoa_cinta,,2025_05_08/11_17_18_1/1,single_fish
2025_05_08,11_17_18_1,11_17_18_1,frame_100,0,255,1,1,False,False,True,1.2838833,False,[],,,,,,,33.5,,,,ochoa_cinta,,2025_05_08/11_17_18_1/1,single_fish
2025_05_08,11_17_18_1,11_17_18_1,frame_101,0,255,1,1,False,False,True,1.2806033,False,[],,,,,,,33.5,,,,ochoa_cinta,,2025_05_08/11_17_18_1/1,single_fish
2025_05_08,11_17_18_1,11_17_18_1,frame_102,0,255,1,1,False,False,True,1.2736044,False,[],,,,,,,33.5,,,,ochoa_cinta,,2025_05_08/11_17_18_1/1,single_fish
2025_05_08,11_17_18_1,11_17_18_1,frame_103,0,255,1,1,False,False,True,1.2982267,False,[],,,,,,,33.5,,,,ochoa_cinta,,2025_05_08/11_17_18_1/1,single_fish
2025_05_08,11_17_18_1,11_17_18_1,frame_104,0,255,1,1,False,False,True,1.3061249,False,[],,,,,,,33.5,,,,ochoa_cinta,,2025_05_08/11_17_18_1/1,single_fish
2025_05_08,11_17_18_1,11_17_18_1,frame_105,0,255,1,1,False,False,True,1.2975245,False,[],,,,,,,33.5,,,,ochoa_cinta,,2025_05_08/11_17_18_1/1,single_fish
2025_05_08,11_17_18_1,11_17_18_1,frame_106,0,255,1,1,False,False,True,1.2799435,False,[],,,,,,,33.5,,,,ochoa_cinta,,2025_05_08/11_17_18_1/1,single_fish
2025_05_08,11_17_18_1,11_17_18_1,frame_107,0,255,1,1,False,False,True,1.2736157,False,[],,,,,,,33.5,,,,ochoa_cinta,,2025_05_08/11_17_18_1/1,single_fish
2025_05_08,11_17_18_1,11_17_18_1,frame_108,0,255,1,1,False,False,True,1.265606,False,[],,,,,,,33.5,,,,ochoa_cinta,,2025_05_08/11_17_18_1/1,single_fish
2025_05_08,11_17_18_1,11_17_18_1,frame_109,0,255,1,1,False,False,True,1.2188075,False,[],,,,,,,33.5,,,,ochoa_cinta,,2025_05_08/11_17_18_1/1,single_fish
2025_05_08,11_17_18_1,11_17_18_1,frame_110,0,255,1,1,False,False,True,1.207006,False,[],,,,,,,33.5,,,,ochoa_cinta,,2025_05_08/11_17_18_1/1,single_fish
2025_05_08,11_17_18_1,11_17_18_1,frame_111,0,255,1,1,False,False,True,1.2041409,False,[],,,,,,,33.5,,,,ochoa_cinta,,2025_05_08/11_17_18_1/1,single_fish
2025_05_08,11_17_18_1,11_17_18_1,frame_112,0,255,1,1,False,False,True,1.1967715,False,[],,,,,,,33.5,,,,ochoa_cinta,,2025_05_08/11_17_18_1/1,single_fish
2025_05_08,11_17_18_1,11_17_18_1,frame_113,0,255,1,1,False,False,True,1.1831794,False,[],,,,,,,33.5,,,,ochoa_cinta,,2025_05_08/11_17_18_1/1,single_fish
2025_05_08,11_17_18_1,11_17_18_1,frame_114,0,255,1,1,False,False,True,1.1674359,False,[],,,,,,,33.5,,,,ochoa_cinta,,2025_05_08/11_17_18_1/1,single_fish
2025_05_08,11_17_18_1,11_17_18_1,frame_115,0,255,1,1,False,False,True,1.1856865,False,[],,,,,,,33.5,,,,ochoa_cinta,,2025_05_08/11_17_18_1/1,single_fish
2025_05_08,11_17_18_1,11_17_18_1,frame_116,0,255,1,1,False,False,True,1.1943437,False,[],,,,,,,33.5,,,,ochoa_cinta,,2025_05_08/11_17_18_1/1,single_fish
2025_05_08,11_17_18_1,11_17_18_1,frame_117,0,255,1,1,False,False,True,1.2097746,False,[],,,,,,,33.5,,,,ochoa_cinta,,2025_05_08/11_17_18_1/1,single_fish
2025_05_08,11_17_18_1,11_17_18_1,frame_118,0,255,1,1,False,False,True,1.1967473,False,[],,,,,,,33.5,,,,ochoa_cinta,,2025_05_08/11_17_18_1/1,single_fish
2025_05_08,11_17_18_1,11_17_18_1,frame_119,0,255,1,1,False,False,True,1.1841857,False,[],,,,,,,33.5,,,,ochoa_cinta,,2025_05_08/11_17_18_1/1,single_fish
2025_05_08,11_17_18_1,11_17_18_1,frame_120,0,255,1,1,False,False,True,1.181746,False,[],,,,,,,33.5,,,,ochoa_cinta,,2025_05_08/11_17_18_1/1,single_fish
2025_05_08,11_17_18_1,11_17_18_1,frame_121,0,255,1,1,False,False,True,1.1746731,False,[],,,,,,,33.5,,,,ochoa_cinta,,2025_05_08/11_17_18_1/1,single_fish
2025_05_08,11_17_18_1,11_17_18_1,frame_122,0,255,1,1,False,False,True,1.1841182,False,[],,,,,,,33.5,,,,ochoa_cinta,,2025_05_08/11_17_18_1/1,single_fish
2025_05_08,11_17_18_1,11_17_18_1,frame_123,0,255,1,1,False,False,True,1.193595,False,[],,,,,,,33.5,,,,ochoa_cinta,,2025_05_08/11_17_18_1/1,single_fish
2025_05_08,11_17_18_1,11_17_18_1,frame_124,0,255,1,1,False,False,True,1.2244806,False,[],,,,,,,33.5,,,,ochoa_cinta,,2025_05_08/11_17_18_1/1,single_fish
2025_05_08,11_17_18_1,11_17_18_1,frame_125,0,255,1,1,False,False,True,1.2474614,False,[],,,,,,,33.5,,,,ochoa_cinta,,2025_05_08/11_17_18_1/1,single_fish
2025_05_08,11_17_18_1,11_17_18_1,frame_126,0,255,1,1,False,False,True,1.2492696,False,[],,,,,,,33.5,,,,ochoa_cinta,,2025_05_08/11_17_18_1/1,single_fish
2025_05_08,11_17_18_1,11_17_18_1,frame_127,0,255,1,1,False,False,True,1.2683777,False,[],,,,,,,33.5,,,,ochoa_cinta,,2025_05_08/11_17_18_1/1,single_fish
2025_05_08,11_17_18_1,11_17_18_1,frame_128,0,255,1,1,False,False,True,1.2642268,False,[],,,,,,,33.5,,,,ochoa_cinta,,2025_05_08/11_17_18_1/1,single_fish
2025_05_08,11_17_18_1,11_17_18_1,frame_129,0,255,1,1,False,False,True,1.2809553,False,[],,,,,,,33.5,,,,ochoa_cinta,,2025_05_08/11_17_18_1/1,single_fish
2025_05_08,11_17_18_1,11_17_18_1,frame_130,0,255,1,1,False,False,True,1.2942722,False,[],,,,,,,33.5,,,,ochoa_cinta,,2025_05_08/11_17_18_1/1,single_fish
2025_05_08,11_17_18_1,11_17_18_1,frame_131,0,255,1,1,False,False,True,1.2785758,False,[],,,,,,,33.5,,,,ochoa_cinta,,2025_05_08/11_17_18_1/1,single_fish
2025_05_08,11_17_18_1,11_17_18_1,frame_132,0,255,1,1,False,False,True,1.2897289,False,[],,,,,,,33.5,,,,ochoa_cinta,,2025_05_08/11_17_18_1/1,single_fish
2025_05_08,11_17_18_1,11_17_18_1,frame_133,0,255,1,1,False,False,True,1.336094,False,[],,,,,,,33.5,,,,ochoa_cinta,,2025_05_08/11_17_18_1/1,single_fish
2025_05_08,11_17_18_1,11_17_18_1,frame_134,0,255,1,1,False,False,True,1.3127787,False,[],,,,,,,33.5,,,,ochoa_cinta,,2025_05_08/11_17_18_1/1,single_fish
2025_05_08,11_17_18_1,11_17_18_1,frame_135,0,255,1,1,False,False,True,1.3325158,False,[],,,,,,,33.5,,,,ochoa_cinta,,2025_05_08/11_17_18_1/1,single_fish
2025_05_08,11_17_18_1,11_17_18_1,frame_136,0,255,1,1,False,False,True,1.3278309,False,[],,,,,,,33.5,,,,ochoa_cinta,,2025_05_08/11_17_18_1/1,single_fish
2025_05_08,11_17_18_1,11_17_18_1,frame_137,0,255,1,1,False,False,True,1.3457738,False,[],,,,,,,33.5,,,,ochoa_cinta,,2025_05_08/11_17_18_1/1,single_fish
2025_05_08,11_17_18_1,11_17_18_1,frame_138,0,255,1,1,False,False,True,1.3771908,False,[],,,,,,,33.5,,,,ochoa_cinta,,2025_05_08/11_17_18_1/1,single_fish
2025_05_08,11_17_18_1,11_17_18_1,frame_139,0,255,1,1,False,False,True,1.3886975,False,[],,,,,,,33.5,,,,ochoa_cinta,,2025_05_08/11_17_18_1/1,single_fish
2025_05_08,11_17_18_1,11_17_18_1,frame_140,0,255,1,1,False,False,True,1.3634982,False,[],,,,,,,33.5,,,,ochoa_cinta,,2025_05_08/11_17_18_1/1,single_fish
2025_05_08,11_17_18_1,11_17_18_1,frame_141,0,255,1,1,False,False,True,1.3494251,False,[],,,,,,,33.5,,,,ochoa_cinta,,2025_05_08/11_17_18_1/1,single_fish
2025_05_08,11_17_18_1,11_17_18_1,frame_142,0,255,1,1,False,False,True,1.3325207,False,[],,,,,,,33.5,,,,ochoa_cinta,,2025_05_08/11_17_18_1/1,single_fish
2025_05_08,11_17_18_1,11_17_18_1,frame_143,0,255,1,1,False,False,True,1.3144786,False,[],,,,,,,33.5,,,,ochoa_cinta,,2025_05_08/11_17_18_1/1,single_fish
2025_05_08,11_17_18_1,11_17_18_1,frame_144,0,255,1,1,False,False,True,1.2919413,False,[],,,,,,,33.5,,,,ochoa_cinta,,2025_05_08/11_17_18_1/1,single_fish
2025_05_08,11_17_18_1,11_17_18_1,frame_145,0,255,1,1,False,False,True,1.2985587,False,[],,,,,,,33.5,,,,ochoa_cinta,,2025_05_08/11_17_18_1/1,single_fish
2025_05_08,11_17_18_1,11_17_18_1,frame_146,0,255,1,1,False,False,True,1.318531,False,[],,,,,,,33.5,,,,ochoa_cinta,,2025_05_08/11_17_18_1/1,single_fish
2025_05_08,11_17_18_1,11_17_18_1,frame_147,0,255,1,1,False,False,True,1.2903129,False,[],,,,,,,33.5,,,,ochoa_cinta,,2025_05_08/11_17_18_1/1,single_fish
2025_05_08,11_17_18_1,11_17_18_1,frame_148,0,255,1,1,False,False,True,1.3062681,False,[],,,,,,,33.5,,,,ochoa_cinta,,2025_05_08/11_17_18_1/1,single_fish
2025_05_08,11_17_18_1,11_17_18_1,frame_149,0,255,1,1,False,False,True,1.3034965,False,[],,,,,,,33.5,,,,ochoa_cinta,,2025_05_08/11_17_18_1/1,single_fish
2025_05_08,11_17_18_1,11_17_18_1,frame_150,0,255,1,1,False,False,True,1.2970289,False,[],,,,,,,33.5,,,,ochoa_cinta,,2025_05_08/11_17_18_1/1,single_fish
2025_05_08,11_17_18_1,11_17_18_1,frame_151,0,255,1,1,False,False,True,1.292504,False,[],,,,,,,33.5,,,,ochoa_cinta,,2025_05_08/11_17_18_1/1,single_fish
2025_05_08,11_17_18_1,11_17_18_1,frame_152,0,255,1,1,False,False,True,1.2948565,False,[],,,,,,,33.5,,,,ochoa_cinta,,2025_05_08/11_17_18_1/1,single_fish
2025_05_08,11_17_18_1,11_17_18_1,frame_153,0,255,1,1,False,False,True,1.2649431,False,[],,,,,,,33.5,,,,ochoa_cinta,,2025_05_08/11_17_18_1/1,single_fish
2025_05_08,11_17_18_1,11_17_18_1,frame_154,0,255,1,1,False,False,True,1.2714448,False,[],,,,,,,33.5,,,,ochoa_cinta,,2025_05_08/11_17_18_1/1,single_fish
2025_05_08,11_17_18_1,11_17_18_1,frame_155,0,255,1,1,False,False,True,1.2923956,False,[],,,,,,,33.5,,,,ochoa_cinta,,2025_05_08/11_17_18_1/1,single_fish
2025_05_08,11_17_18_1,11_17_18_1,frame_156,0,255,1,1,False,False,True,1.2863493,False,[],,,,,,,33.5,,,,ochoa_cinta,,2025_05_08/11_17_18_1/1,single_fish
2025_05_08,11_17_18_1,11_17_18_1,frame_157,0,255,1,1,False,False,True,1.2728871,False,[],,,,,,,33.5,,,,ochoa_cinta,,2025_05_08/11_17_18_1/1,single_fish
2025_05_08,11_17_18_1,11_17_18_1,frame_158,0,255,1,1,False,False,True,1.2567445,False,[],,,,,,,33.5,,,,ochoa_cinta,,2025_05_08/11_17_18_1/1,single_fish
2025_05_08,11_17_18_1,11_17_18_1,frame_159,0,255,1,1,False,False,True,1.2511892,False,[],,,,,,,33.5,,,,ochoa_cinta,,2025_05_08/11_17_18_1/1,single_fish
2025_05_08,11_17_18_1,11_17_18_1,frame_160,0,255,1,1,False,False,True,1.2492868,False,[],,,,,,,33.5,,,,ochoa_cinta,,2025_05_08/11_17_18_1/1,single_fish
2025_05_08,11_17_18_1,11_17_18_1,frame_161,0,255,1,1,False,False,True,1.2553216,False,[],,,,,,,33.5,,,,ochoa_cinta,,2025_05_08/11_17_18_1/1,single_fish
2025_05_08,11_17_18_1,11_17_18_1,frame_162,0,255,1,1,False,False,True,1.25803,False,[],,,,,,,33.5,,,,ochoa_cinta,,2025_05_08/11_17_18_1/1,single_fish
2025_05_08,11_17_18_1,11_17_18_1,frame_163,0,255,1,1,False,False,True,1.263143,False,[],,,,,,,33.5,,,,ochoa_cinta,,2025_05_08/11_17_18_1/1,single_fish
2025_05_08,11_17_18_1,11_17_18_1,frame_164,0,255,1,1,False,False,True,1.2649324,False,[],,,,,,,33.5,,,,ochoa_cinta,,2025_05_08/11_17_18_1/1,single_fish
2025_05_08,11_17_18_1,11_17_18_1,frame_165,0,255,1,1,False,False,True,1.2769146,False,[],,,,,,,33.5,,,,ochoa_cinta,,2025_05_08/11_17_18_1/1,single_fish
2025_05_08,11_17_18_1,11_17_18_1,frame_166,0,255,1,1,False,False,True,1.281306,False,[],,,,,,,33.5,,,,ochoa_cinta,,2025_05_08/11_17_18_1/1,single_fish
2025_05_08,11_17_18_1,11_17_18_1,frame_167,0,255,1,1,False,False,True,1.2832559,False,[],,,,,,,33.5,,,,ochoa_cinta,,2025_05_08/11_17_18_1/1,single_fish
2025_05_08,11_17_18_1,11_17_18_1,frame_168,0,255,1,1,False,False,True,1.2838948,False,[],,,,,,,33.5,,,,ochoa_cinta,,2025_05_08/11_17_18_1/1,single_fish
2025_05_08,11_17_18_1,11_17_18_1,frame_169,0,255,1,1,False,False,True,1.2949035,False,[],,,,,,,33.5,,,,ochoa_cinta,,2025_05_08/11_17_18_1/1,single_fish
2025_05_08,11_17_18_1,11_17_18_1,frame_170,0,255,1,1,False,False,True,1.3043873,False,[],,,,,,,33.5,,,,ochoa_cinta,,2025_05_08/11_17_18_1/1,single_fish
2025_05_08,11_17_18_1,11_17_18_1,frame_171,0,255,1,1,False,False,True,1.3023056,False,[],,,,,,,33.5,,,,ochoa_cinta,,2025_05_08/11_17_18_1/1,single_fish
2025_05_08,11_17_18_1,11_17_18_1,frame_172,0,255,1,1,False,False,True,1.3162597,False,[],,,,,,,33.5,,,,ochoa_cinta,,2025_05_08/11_17_18_1/1,single_fish
2025_05_08,11_17_18_1,11_17_18_1,frame_173,0,255,1,1,False,False,True,1.303283,False,[],,,,,,,33.5,,,,ochoa_cinta,,2025_05_08/11_17_18_1/1,single_fish
2025_05_08,11_17_18_1,11_17_18_1,frame_174,0,255,1,1,False,False,True,1.316306,False,[],,,,,,,33.5,,,,ochoa_cinta,,2025_05_08/11_17_18_1/1,single_fish
2025_05_08,11_17_18_1,11_17_18_1,frame_175,0,255,1,1,False,False,True,1.2895533,False,[],,,,,,,33.5,,,,ochoa_cinta,,2025_05_08/11_17_18_1/1,single_fish
2025_05_08,11_17_18_1,11_17_18_1,frame_176,0,255,1,1,False,False,True,1.2928774,False,[],,,,,,,33.5,,,,ochoa_cinta,,2025_05_08/11_17_18_1/1,single_fish
2025_05_08,11_17_18_1,11_17_18_1,frame_177,0,255,1,1,False,False,True,1.330332,False,[],,,,,,,33.5,,,,ochoa_cinta,,2025_05_08/11_17_18_1/1,single_fish
2025_05_08,11_17_18_1,11_17_18_1,frame_178,0,255,1,1,False,False,True,1.3336551,False,[],,,,,,,33.5,,,,ochoa_cinta,,2025_05_08/11_17_18_1/1,single_fish
2025_05_08,11_17_18_1,11_17_18_1,frame_179,0,255,1,1,False,False,True,1.3350058,False,[],,,,,,,33.5,,,,ochoa_cinta,,2025_05_08/11_17_18_1/1,single_fish
2025_05_08,11_17_18_1,11_17_18_1,frame_180,0,255,1,1,False,False,True,1.3134205,False,[],,,,,,,33.5,,,,ochoa_cinta,,2025_05_08/11_17_18_1/1,single_fish
2025_05_08,11_17_18_1,11_17_18_1,frame_181,0,255,1,1,False,False,True,1.3017585,False,[],,,,,,,33.5,,,,ochoa_cinta,,2025_05_08/11_17_18_1/1,single_fish
2025_05_08,11_17_18_1,11_17_18_1,frame_182,0,255,1,1,False,False,True,1.2831084,False,[],,,,,,,33.5,,,,ochoa_cinta,,2025_05_08/11_17_18_1/1,single_fish
2025_05_08,11_17_18_1,11_17_18_1,frame_183,0,255,1,1,False,False,True,1.2499039,False,[],,,,,,,33.5,,,,ochoa_cinta,,2025_05_08/11_17_18_1/1,single_fish
2025_05_08,11_17_18_1,11_17_18_1,frame_184,0,255,1,1,False,False,True,1.2389011,False,[],,,,,,,33.5,,,,ochoa_cinta,,2025_05_08/11_17_18_1/1,single_fish
2025_05_08,11_17_18_1,11_17_18_1,frame_185,0,255,1,1,False,False,True,1.2531419,False,[],,,,,,,33.5,,,,ochoa_cinta,,2025_05_08/11_17_18_1/1,single_fish
2025_05_08,11_17_18_1,11_17_18_1,frame_186,0,255,1,1,False,False,True,1.2948968,False,[],,,,,,,33.5,,,,ochoa_cinta,,2025_05_08/11_17_18_1/1,single_fish
2025_05_08,11_17_18_1,11_17_18_1,frame_187,0,255,1,1,False,False,True,1.3260363,False,[],,,,,,,33.5,,,,ochoa_cinta,,2025_05_08/11_17_18_1/1,single_fish
2025_05_08,11_17_18_1,11_17_18_1,frame_188,0,255,1,1,False,False,True,1.3188593,False,[],,,,,,,33.5,,,,ochoa_cinta,,2025_05_08/11_17_18_1/1,single_fish
2025_05_08,11_17_18_1,11_17_18_1,frame_189,0,255,1,1,False,False,True,1.2963501,False,[],,,,,,,33.5,,,,ochoa_cinta,,2025_05_08/11_17_18_1/1,single_fish
2025_05_08,11_17_18_1,11_17_18_1,frame_190,0,255,1,1,False,False,True,1.2762129,False,[],,,,,,,33.5,,,,ochoa_cinta,,2025_05_08/11_17_18_1/1,single_fish
2025_05_08,11_17_18_1,11_17_18_1,frame_191,0,255,1,1,False,False,True,1.2742732,False,[],,,,,,,33.5,,,,ochoa_cinta,,2025_05_08/11_17_18_1/1,single_fish
2025_05_08,11_17_18_1,11_17_18_1,frame_192,0,255,1,1,False,False,True,1.275338,False,[],,,,,,,33.5,,,,ochoa_cinta,,2025_05_08/11_17_18_1/1,single_fish
2025_05_08,11_17_18_1,11_17_18_1,frame_193,0,255,1,1,False,False,True,1.3078976,False,[],,,,,,,33.5,,,,ochoa_cinta,,2025_05_08/11_17_18_1/1,single_fish
2025_05_08,11_17_18_1,11_17_18_1,frame_194,0,255,1,1,False,False,True,1.3612889,False,[],,,,,,,33.5,,,,ochoa_cinta,,2025_05_08/11_17_18_1/1,single_fish
2025_05_08,11_17_18_1,11_17_18_1,frame_195,0,255,1,1,False,False,True,1.3719721,False,[],,,,,,,33.5,,,,ochoa_cinta,,2025_05_08/11_17_18_1/1,single_fish
2025_05_08,11_17_18_1,11_17_18_1,frame_196,0,255,1,1,False,False,True,1.4298855,False,[],,,,,,,33.5,,,,ochoa_cinta,,2025_05_08/11_17_18_1/1,single_fish
2025_05_08,11_17_18_1,11_17_18_1,frame_197,0,255,1,1,False,False,True,1.4578239,False,[],,,,,,,33.5,,,,ochoa_cinta,,2025_05_08/11_17_18_1/1,single_fish
2025_05_08,11_17_18_1,11_17_18_1,frame_198,0,255,1,1,False,False,True,1.4795103,False,[],,,,,,,33.5,,,,ochoa_cinta,,2025_05_08/11_17_18_1/1,single_fish
2025_05_08,11_17_18_1,11_17_18_1,frame_199,0,255,1,1,False,False,True,1.4756548,False,[],,,,,,,33.5,,,,ochoa_cinta,,2025_05_08/11_17_18_1/1,single_fish
2025_05_08,11_17_18_1,11_17_18_1,frame_200,0,255,1,1,False,False,True,1.473547,False,[],,,,,,,33.5,,,,ochoa_cinta,,2025_05_08/11_17_18_1/1,single_fish
2025_05_08,11_17_18_1,11_17_18_1,frame_201,0,255,1,1,False,False,True,1.4719075,False,[],,,,,,,33.5,,,,ochoa_cinta,,2025_05_08/11_17_18_1/1,single_fish
2025_05_08,11_17_18_1,11_17_18_1,frame_202,0,255,1,1,False,False,True,1.4766711,False,[],,,,,,,33.5,,,,ochoa_cinta,,2025_05_08/11_17_18_1/1,single_fish
2025_05_08,11_17_18_1,11_17_18_1,frame_203,0,255,1,1,False,False,True,1.4958082,False,[],,,,,,,33.5,,,,ochoa_cinta,,2025_05_08/11_17_18_1/1,single_fish
2025_05_08,11_17_18_1,11_17_18_1,frame_204,0,255,1,1,False,False,True,1.5085894,False,[],,,,,,,33.5,,,,ochoa_cinta,,2025_05_08/11_17_18_1/1,single_fish
2025_05_08,11_17_18_1,11_17_18_1,frame_205,0,255,1,1,False,False,True,1.5070112,False,[],,,,,,,33.5,,,,ochoa_cinta,,2025_05_08/11_17_18_1/1,single_fish
2025_05_08,11_17_18_1,11_17_18_1,frame_206,0,255,1,1,False,False,True,1.5209256,False,[],,,,,,,33.5,,,,ochoa_cinta,,2025_05_08/11_17_18_1/1,single_fish
2025_05_08,11_17_18_1,11_17_18_1,frame_207,0,255,1,1,False,False,True,1.514076,False,[],,,,,,,33.5,,,,ochoa_cinta,,2025_05_08/11_17_18_1/1,single_fish
2025_05_08,11_17_18_1,11_17_18_1,frame_208,0,255,1,1,False,False,True,1.5020264,False,[],,,,,,,33.5,,,,ochoa_cinta,,2025_05_08/11_17_18_1/1,single_fish
2025_05_08,11_17_18_1,11_17_18_1,frame_209,0,255,1,1,False,False,True,1.5176955,False,[],,,,,,,33.5,,,,ochoa_cinta,,2025_05_08/11_17_18_1/1,single_fish
2025_05_08,11_17_18_1,11_17_18_1,frame_210,0,255,1,1,False,False,True,1.5445466,False,[],,,,,,,33.5,,,,ochoa_cinta,,2025_05_08/11_17_18_1/1,single_fish
2025_05_08,11_17_18_1,11_17_18_1,frame_211,0,255,1,1,False,False,True,1.5394151,False,[],,,,,,,33.5,,,,ochoa_cinta,,2025_05_08/11_17_18_1/1,single_fish
2025_05_08,11_17_18_1,11_17_18_1,frame_212,0,255,1,1,False,False,True,1.5215566,False,[],,,,,,,33.5,,,,ochoa_cinta,,2025_05_08/11_17_18_1/1,single_fish
2025_05_08,11_17_18_1,11_17_18_1,frame_213,0,255,1,1,False,False,True,1.5207967,False,[],,,,,,,33.5,,,,ochoa_cinta,,2025_05_08/11_17_18_1/1,single_fish
2025_05_08,11_17_18_1,11_17_18_1,frame_214,0,255,1,1,False,False,True,1.5204881,False,[],,,,,,,33.5,,,,ochoa_cinta,,2025_05_08/11_17_18_1/1,single_fish
2025_05_08,11_17_18_1,11_17_18_1,frame_215,0,255,1,1,False,False,True,1.5503259,False,[],,,,,,,33.5,,,,ochoa_cinta,,2025_05_08/11_17_18_1/1,single_fish
2025_05_08,11_17_18_1,11_17_18_1,frame_216,0,255,1,1,False,False,True,1.5856302,False,[],,,,,,,33.5,,,,ochoa_cinta,,2025_05_08/11_17_18_1/1,single_fish
2025_05_08,11_17_18_1,11_17_18_1,frame_217,0,255,1,1,False,False,True,1.6176139,False,[],,,,,,,33.5,,,,ochoa_cinta,,2025_05_08/11_17_18_1/1,single_fish
2025_05_08,11_17_18_1,11_17_18_1,frame_218,0,255,1,1,False,False,True,1.6416606,False,[],,,,,,,33.5,,,,ochoa_cinta,,2025_05_08/11_17_18_1/1,single_fish
2025_05_08,11_17_18_1,11_17_18_1,frame_219,0,255,1,1,False,False,True,1.6183497,False,[],,,,,,,33.5,,,,ochoa_cinta,,2025_05_08/11_17_18_1/1,single_fish
2025_05_08,11_17_18_1,11_17_18_1,frame_220,0,255,1,1,False,False,True,1.615452,False,[],,,,,,,33.5,,,,ochoa_cinta,,2025_05_08/11_17_18_1/1,single_fish
2025_05_08,11_17_18_1,11_17_18_1,frame_221,0,255,1,1,False,False,True,1.6020579,False,[],,,,,,,33.5,,,,ochoa_cinta,,2025_05_08/11_17_18_1/1,single_fish
2025_05_08,11_17_18_1,11_17_18_1,frame_222,0,255,1,1,False,False,True,1.5716248,False,[],,,,,,,33.5,,,,ochoa_cinta,,2025_05_08/11_17_18_1/1,single_fish
2025_05_08,11_17_18_1,11_17_18_1,frame_223,0,255,1,1,False,False,True,1.5790455,False,[],,,,,,,33.5,,,,ochoa_cinta,,2025_05_08/11_17_18_1/1,single_fish
2025_05_08,11_17_18_1,11_17_18_1,frame_224,0,255,1,1,False,False,True,1.5819095,False,[],,,,,,,33.5,,,,ochoa_cinta,,2025_05_08/11_17_18_1/1,single_fish
2025_05_08,11_17_18_1,11_17_18_1,frame_225,0,255,1,1,False,False,True,1.567462,False,[],,,,,,,33.5,,,,ochoa_cinta,,2025_05_08/11_17_18_1/1,single_fish
2025_05_08,11_17_18_1,11_17_18_1,frame_226,0,255,1,1,False,False,True,1.5560584,False,[],,,,,,,33.5,,,,ochoa_cinta,,2025_05_08/11_17_18_1/1,single_fish
2025_05_08,11_17_18_1,11_17_18_1,frame_227,0,255,1,1,False,False,True,1.5613087,False,[],,,,,,,33.5,,,,ochoa_cinta,,2025_05_08/11_17_18_1/1,single_fish
2025_05_08,11_17_18_1,11_17_18_1,frame_228,0,255,1,1,False,False,True,1.5879157,False,[],,,,,,,33.5,,,,ochoa_cinta,,2025_05_08/11_17_18_1/1,single_fish
2025_05_08,11_17_18_1,11_17_18_1,frame_229,0,255,1,1,False,False,True,1.6118761,False,[],,,,,,,33.5,,,,ochoa_cinta,,2025_05_08/11_17_18_1/1,single_fish
2025_05_08,11_17_18_1,11_17_18_1,frame_230,0,255,1,1,False,False,True,1.6010625,False,[],,,,,,,33.5,,,,ochoa_cinta,,2025_05_08/11_17_18_1/1,single_fish
2025_05_08,11_17_18_1,11_17_18_1,frame_231,0,255,1,1,False,False,True,1.6412834,False,[],,,,,,,33.5,,,,ochoa_cinta,,2025_05_08/11_17_18_1/1,single_fish
2025_05_08,11_17_18_1,11_17_18_1,frame_232,0,255,1,1,False,False,True,1.6522986,False,[],,,,,,,33.5,,,,ochoa_cinta,,2025_05_08/11_17_18_1/1,single_fish
2025_05_08,11_17_18_1,11_17_18_1,frame_233,0,255,1,1,False,False,True,1.6687452,False,[],,,,,,,33.5,,,,ochoa_cinta,,2025_05_08/11_17_18_1/1,single_fish
2025_05_08,11_17_18_1,11_17_18_1,frame_234,0,255,1,1,False,False,True,1.6708561,False,[],,,,,,,33.5,,,,ochoa_cinta,,2025_05_08/11_17_18_1/1,single_fish
2025_05_08,11_17_18_1,11_17_18_1,frame_235,0,255,1,1,False,False,True,1.6880233,False,[],,,,,,,33.5,,,,ochoa_cinta,,2025_05_08/11_17_18_1/1,single_fish
2025_05_08,11_17_18_1,11_17_18_1,frame_236,0,255,1,1,False,False,True,1.7069658,False,[],,,,,,,33.5,,,,ochoa_cinta,,2025_05_08/11_17_18_1/1,single_fish
2025_05_08,11_17_18_1,11_17_18_1,frame_237,0,255,1,1,False,False,True,1.7180736,False,[],,,,,,,33.5,,,,ochoa_cinta,,2025_05_08/11_17_18_1/1,single_fish
2025_05_08,11_17_18_1,11_17_18_1,frame_238,0,255,1,1,False,False,True,1.7172985,False,[],,,,,,,33.5,,,,ochoa_cinta,,2025_05_08/11_17_18_1/1,single_fish
2025_05_08,11_17_18_1,11_17_18_1,frame_239,0,255,1,1,False,False,True,1.7173378,False,[],,,,,,,33.5,,,,ochoa_cinta,,2025_05_08/11_17_18_1/1,single_fish
2025_05_08,11_17_18_1,11_17_18_1,frame_240,0,255,1,1,False,False,True,1.7273989,False,[],,,,,,,33.5,,,,ochoa_cinta,,2025_05_08/11_17_18_1/1,single_fish
2025_05_08,11_17_18_1,11_17_18_1,frame_241,0,255,1,1,False,False,True,1.7433915,False,[],,,,,,,33.5,,,,ochoa_cinta,,2025_05_08/11_17_18_1/1,single_fish
2025_05_08,11_17_18_1,11_17_18_1,frame_242,0,255,1,1,False,False,True,1.7364907,False,[],,,,,,,33.5,,,,ochoa_cinta,,2025_05_08/11_17_18_1/1,single_fish
2025_05_08,11_17_18_1,11_17_18_1,frame_243,0,255,1,1,False,False,True,1.7230563,False,[],,,,,,,33.5,,,,ochoa_cinta,,2025_05_08/11_17_18_1/1,single_fish
2025_05_08,11_17_18_1,11_17_18_1,frame_244,0,255,1,1,False,False,True,1.7293034,False,[],,,,,,,33.5,,,,ochoa_cinta,,2025_05_08/11_17_18_1/1,single_fish
2025_05_08,11_17_18_1,11_17_18_1,frame_245,0,255,1,1,False,False,True,1.7430155,False,[],,,,,,,33.5,,,,ochoa_cinta,,2025_05_08/11_17_18_1/1,single_fish
2025_05_08,11_17_18_1,11_17_18_1,frame_246,0,255,1,1,False,False,True,1.7346468,False,[],,,,,,,33.5,,,,ochoa_cinta,,2025_05_08/11_17_18_1/1,single_fish
2025_05_08,11_17_18_1,11_17_18_1,frame_247,0,255,1,1,False,False,True,1.7333964,False,[],,,,,,,33.5,,,,ochoa_cinta,,2025_05_08/11_17_18_1/1,single_fish
2025_05_08,11_17_18_1,11_17_18_1,frame_248,0,255,1,1,False,False,True,1.7469252,False,[],,,,,,,33.5,,,,ochoa_cinta,,2025_05_08/11_17_18_1/1,single_fish
2025_05_08,11_17_18_1,11_17_18_1,frame_249,0,255,1,1,False,False,True,1.7732365,False,[],,,,,,,33.5,,,,ochoa_cinta,,2025_05_08/11_17_18_1/1,single_fish
2025_05_08,11_17_18_1,11_17_18_1,frame_250,0,255,1,1,False,False,True,1.7716609,False,[],,,,,,,33.5,,,,ochoa_cinta,,2025_05_08/11_17_18_1/1,single_fish
2025_05_08,11_17_18_1,11_17_18_1,frame_251,0,255,1,1,False,False,True,1.7711849,False,[],,,,,,,33.5,,,,ochoa_cinta,,2025_05_08/11_17_18_1/1,single_fish
2025_05_08,11_17_18_1,11_17_18_1,frame_252,0,255,1,1,False,False,True,1.7593868,False,[],,,,,,,33.5,,,,ochoa_cinta,,2025_05_08/11_17_18_1/1,single_fish
2025_05_08,11_17_18_1,11_17_18_1,frame_253,0,255,1,1,False,False,True,1.7603259,False,[],,,,,,,33.5,,,,ochoa_cinta,,2025_05_08/11_17_18_1/1,single_fish
2025_05_08,11_17_18_1,11_17_18_1,frame_254,0,255,1,1,False,False,True,1.7476755,False,[],,,,,,,33.5,,,,ochoa_cinta,,2025_05_08/11_17_18_1/1,single_fish
2025_05_08,11_17_18_1,11_17_18_1,frame_255,0,255,1,1,False,False,True,1.7626666,False,[],,,,,,,33.5,,,,ochoa_cinta,,2025_05_08/11_17_18_1/1,single_fish
2025_05_08,11_17_18_1,11_17_18_1,frame_256,0,255,1,1,False,False,True,1.7434461,False,[],,,,,,,33.5,,,,ochoa_cinta,,2025_05_08/11_17_18_1/1,single_fish
2025_05_08,11_17_18_1,11_17_18_1,frame_257,0,255,1,1,False,False,True,1.761129,False,[],,,,,,,33.5,,,,ochoa_cinta,,2025_05_08/11_17_18_1/1,single_fish
2025_05_08,11_17_18_1,11_17_18_1,frame_258,0,255,1,1,False,False,True,1.7561072,False,[],,,,,,,33.5,,,,ochoa_cinta,,2025_05_08/11_17_18_1/1,single_fish
2025_05_08,11_17_18_1,11_17_18_1,frame_259,0,255,1,1,False,False,True,1.7482648,False,[],,,,,,,33.5,,,,ochoa_cinta,,2025_05_08/11_17_18_1/1,single_fish
2025_05_08,11_17_18_1,11_17_18_1,frame_260,0,255,1,1,False,False,True,1.727266,False,[],,,,,,,33.5,,,,ochoa_cinta,,2025_05_08/11_17_18_1/1,single_fish
2025_05_08,11_17_18_1,11_17_18_1,frame_261,0,255,1,1,False,False,True,1.7286332,False,[],,,,,,,33.5,,,,ochoa_cinta,,2025_05_08/11_17_18_1/1,single_fish
2025_05_08,11_17_18_1,11_17_18_1,frame_262,0,255,1,1,False,False,True,1.724228,False,[],,,,,,,33.5,,,,ochoa_cinta,,2025_05_08/11_17_18_1/1,single_fish
2025_05_08,11_17_18_1,11_17_18_1,frame_263,0,255,1,1,False,False,True,1.7175579,False,[],,,,,,,33.5,,,,ochoa_cinta,,2025_05_08/11_17_18_1/1,single_fish
2025_05_08,11_17_18_1,11_17_18_1,frame_264,0,255,1,1,False,False,True,1.7250943,False,[],,,,,,,33.5,,,,ochoa_cinta,,2025_05_08/11_17_18_1/1,single_fish
2025_05_08,11_17_18_1,11_17_18_1,frame_265,0,255,1,1,False,False,True,1.7030276,False,[],,,,,,,33.5,,,,ochoa_cinta,,2025_05_08/11_17_18_1/1,single_fish
2025_05_08,11_17_18_1,11_17_18_1,frame_266,0,255,1,1,False,False,True,1.7248461,False,[],,,,,,,33.5,,,,ochoa_cinta,,2025_05_08/11_17_18_1/1,single_fish
2025_05_08,11_17_18_1,11_17_18_1,frame_267,0,255,1,1,False,False,True,1.7174176,False,[],,,,,,,33.5,,,,ochoa_cinta,,2025_05_08/11_17_18_1/1,single_fish
2025_05_08,11_17_18_1,11_17_18_1,frame_268,0,255,1,1,False,False,True,1.7191567,False,[],,,,,,,33.5,,,,ochoa_cinta,,2025_05_08/11_17_18_1/1,single_fish
2025_05_08,11_17_18_1,11_17_18_1,frame_269,0,255,1,1,False,False,True,1.7191498,False,[],,,,,,,33.5,,,,ochoa_cinta,,2025_05_08/11_17_18_1/1,single_fish
2025_05_08,11_17_18_1,11_17_18_1,frame_270,0,255,1,1,False,False,True,1.7323823,False,[],,,,,,,33.5,,,,ochoa_cinta,,2025_05_08/11_17_18_1/1,single_fish
2025_05_08,11_17_18_1,11_17_18_1,frame_271,0,255,1,1,False,False,True,1.7373223,False,[],,,,,,,33.5,,,,ochoa_cinta,,2025_05_08/11_17_18_1/1,single_fish
2025_05_08,11_17_18_1,11_17_18_1,frame_272,0,255,1,1,False,False,True,1.7570144,False,[],,,,,,,33.5,,,,ochoa_cinta,,2025_05_08/11_17_18_1/1,single_fish
2025_05_08,11_17_18_1,11_17_18_1,frame_273,0,255,1,1,False,False,True,1.782953,False,[],,,,,,,33.5,,,,ochoa_cinta,,2025_05_08/11_17_18_1/1,single_fish
2025_05_08,11_17_18_1,11_17_18_1,frame_274,0,255,1,1,False,False,True,1.7635084,False,[],,,,,,,33.5,,,,ochoa_cinta,,2025_05_08/11_17_18_1/1,single_fish
2025_05_08,11_17_18_1,11_17_18_1,frame_275,0,255,1,1,False,False,True,1.7792673,False,[],,,,,,,33.5,,,,ochoa_cinta,,2025_05_08/11_17_18_1/1,single_fish
2025_05_08,11_17_18_1,11_17_18_1,frame_276,0,255,1,1,False,False,True,1.7973398,False,[],,,,,,,33.5,,,,ochoa_cinta,,2025_05_08/11_17_18_1/1,single_fish
2025_05_08,11_17_18_1,11_17_18_1,frame_277,0,255,1,1,False,False,True,1.7906703,False,[],,,,,,,33.5,,,,ochoa_cinta,,2025_05_08/11_17_18_1/1,single_fish
2025_05_08,11_17_18_1,11_17_18_1,frame_278,0,255,1,1,False,False,True,1.7651582,False,[],,,,,,,33.5,,,,ochoa_cinta,,2025_05_08/11_17_18_1/1,single_fish
2025_05_08,11_17_18_1,11_17_18_1,frame_279,0,255,1,1,False,False,True,1.7623013,False,[],,,,,,,33.5,,,,ochoa_cinta,,2025_05_08/11_17_18_1/1,single_fish
2025_05_08,11_17_18_1,11_17_18_1,frame_280,0,255,1,1,False,False,True,1.7790533,False,[],,,,,,,33.5,,,,ochoa_cinta,,2025_05_08/11_17_18_1/1,single_fish
2025_05_08,11_17_18_1,11_17_18_1,frame_281,0,255,1,1,False,False,True,1.773218,False,[],,,,,,,33.5,,,,ochoa_cinta,,2025_05_08/11_17_18_1/1,single_fish
2025_05_08,11_17_18_1,11_17_18_1,frame_282,0,255,1,1,False,False,True,1.7657499,False,[],,,,,,,33.5,,,,ochoa_cinta,,2025_05_08/11_17_18_1/1,single_fish
2025_05_08,11_17_18_1,11_17_18_1,frame_283,0,255,1,1,False,False,True,1.768552,False,[],,,,,,,33.5,,,,ochoa_cinta,,2025_05_08/11_17_18_1/1,single_fish
2025_05_08,11_17_18_1,11_17_18_1,frame_284,0,255,1,1,False,False,True,1.7569538,False,[],,,,,,,33.5,,,,ochoa_cinta,,2025_05_08/11_17_18_1/1,single_fish
2025_05_08,11_17_18_1,11_17_18_1,frame_285,0,255,1,1,False,False,True,1.7652432,False,[],,,,,,,33.5,,,,ochoa_cinta,,2025_05_08/11_17_18_1/1,single_fish
2025_05_08,11_17_18_1,11_17_18_1,frame_286,0,255,1,1,False,False,True,1.7617788,False,[],,,,,,,33.5,,,,ochoa_cinta,,2025_05_08/11_17_18_1/1,single_fish
2025_05_08,11_17_18_1,11_17_18_1,frame_287,0,255,1,1,False,False,True,1.7671278,False,[],,,,,,,33.5,,,,ochoa_cinta,,2025_05_08/11_17_18_1/1,single_fish
2025_05_08,11_17_18_1,11_17_18_1,frame_288,0,255,1,1,False,False,True,1.759084,False,[],,,,,,,33.5,,,,ochoa_cinta,,2025_05_08/11_17_18_1/1,single_fish
2025_05_08,11_17_18_1,11_17_18_1,frame_289,0,255,1,1,False,False,True,1.7662292,False,[],,,,,,,33.5,,,,ochoa_cinta,,2025_05_08/11_17_18_1/1,single_fish
2025_05_08,11_17_18_1,11_17_18_1,frame_290,0,255,1,1,False,False,True,1.7617081,False,[],,,,,,,33.5,,,,ochoa_cinta,,2025_05_08/11_17_18_1/1,single_fish
2025_05_08,11_17_18_1,11_17_18_1,frame_291,0,255,1,1,False,False,True,1.7511919,False,[],,,,,,,33.5,,,,ochoa_cinta,,2025_05_08/11_17_18_1/1,single_fish
2025_05_08,11_17_18_1,11_17_18_1,frame_292,0,255,1,1,False,False,True,1.7411293,False,[],,,,,,,33.5,,,,ochoa_cinta,,2025_05_08/11_17_18_1/1,single_fish
2025_05_08,11_17_18_1,11_17_18_1,frame_293,0,255,1,1,False,False,True,1.738825,False,[],,,,,,,33.5,,,,ochoa_cinta,,2025_05_08/11_17_18_1/1,single_fish
2025_05_08,11_17_18_1,11_17_18_1,frame_294,0,255,1,1,False,False,True,1.7377807,False,[],,,,,,,33.5,,,,ochoa_cinta,,2025_05_08/11_17_18_1/1,single_fish
2025_05_08,11_17_18_1,11_17_18_1,frame_295,0,255,1,1,False,False,True,1.735923,False,[],,,,,,,33.5,,,,ochoa_cinta,,2025_05_08/11_17_18_1/1,single_fish
2025_05_08,11_17_18_1,11_17_18_1,frame_296,0,255,1,1,False,False,True,1.747218,False,[],,,,,,,33.5,,,,ochoa_cinta,,2025_05_08/11_17_18_1/1,single_fish
2025_05_08,11_17_18_1,11_17_18_1,frame_297,0,255,1,1,False,False,True,1.7234796,False,[],,,,,,,33.5,,,,ochoa_cinta,,2025_05_08/11_17_18_1/1,single_fish
2025_05_08,11_17_18_1,11_17_18_1,frame_298,0,255,1,1,False,False,True,1.7154776,False,[],,,,,,,33.5,,,,ochoa_cinta,,2025_05_08/11_17_18_1/1,single_fish
2025_05_08,11_17_18_1,11_17_18_1,frame_299,0,255,1,1,False,False,True,1.7201699,False,[],,,,,,,33.5,,,,ochoa_cinta,,2025_05_08/11_17_18_1/1,single_fish
2025_05_08,11_17_18_1,11_17_18_1,frame_300,0,255,1,1,False,False,True,1.705743,False,[],,,,,,,33.5,,,,ochoa_cinta,,2025_05_08/11_17_18_1/1,single_fish
2025_05_08,11_17_18_1,11_17_18_1,frame_301,0,255,1,1,False,False,True,1.6944237,False,[],,,,,,,33.5,,,,ochoa_cinta,,2025_05_08/11_17_18_1/1,single_fish
2025_05_08,11_17_18_1,11_17_18_1,frame_302,0,255,1,1,False,False,True,1.6805925,False,[],,,,,,,33.5,,,,ochoa_cinta,,2025_05_08/11_17_18_1/1,single_fish
2025_05_08,11_17_18_1,11_17_18_1,frame_303,0,255,1,1,False,False,True,1.6951311,False,[],,,,,,,33.5,,,,ochoa_cinta,,2025_05_08/11_17_18_1/1,single_fish
2025_05_08,11_17_18_1,11_17_18_1,frame_304,0,255,1,1,False,False,True,1.6808833,False,[],,,,,,,33.5,,,,ochoa_cinta,,2025_05_08/11_17_18_1/1,single_fish
2025_05_08,11_17_18_1,11_17_18_1,frame_305,0,255,1,1,False,False,True,1.6660777,False,[],,,,,,,33.5,,,,ochoa_cinta,,2025_05_08/11_17_18_1/1,single_fish
2025_05_08,11_17_18_1,11_17_18_1,frame_306,0,255,1,1,False,False,True,1.6877363,False,[],,,,,,,33.5,,,,ochoa_cinta,,2025_05_08/11_17_18_1/1,single_fish
2025_05_08,11_17_18_1,11_17_18_1,frame_307,0,255,1,1,False,False,True,1.6826352,False,[],,,,,,,33.5,,,,ochoa_cinta,,2025_05_08/11_17_18_1/1,single_fish
2025_05_08,11_17_18_1,11_17_18_1,frame_308,0,255,1,1,False,False,True,1.6805868,False,[],,,,,,,33.5,,,,ochoa_cinta,,2025_05_08/11_17_18_1/1,single_fish
2025_05_08,11_17_18_1,11_17_18_1,frame_309,0,255,1,1,False,False,True,1.696213,False,[],,,,,,,33.5,,,,ochoa_cinta,,2025_05_08/11_17_18_1/1,single_fish
2025_05_08,11_17_18_1,11_17_18_1,frame_310,0,255,1,1,False,False,True,1.6798042,False,[],,,,,,,33.5,,,,ochoa_cinta,,2025_05_08/11_17_18_1/1,single_fish
2025_05_08,11_17_18_1,11_17_18_1,frame_311,0,255,1,1,False,False,True,1.6858406,False,[],,,,,,,33.5,,,,ochoa_cinta,,2025_05_08/11_17_18_1/1,single_fish
2025_05_08,11_17_18_1,11_17_18_1,frame_312,0,255,1,1,False,False,True,1.6860347,False,[],,,,,,,33.5,,,,ochoa_cinta,,2025_05_08/11_17_18_1/1,single_fish
2025_05_08,11_17_18_1,11_17_18_1,frame_313,0,255,1,1,False,False,True,1.6983445,False,[],,,,,,,33.5,,,,ochoa_cinta,,2025_05_08/11_17_18_1/1,single_fish
2025_05_08,11_17_18_1,11_17_18_1,frame_314,0,255,1,1,False,False,True,1.7137463,False,[],,,,,,,33.5,,,,ochoa_cinta,,2025_05_08/11_17_18_1/1,single_fish
2025_05_08,11_17_18_1,11_17_18_1,frame_315,0,255,1,1,False,False,True,1.6868299,False,[],,,,,,,33.5,,,,ochoa_cinta,,2025_05_08/11_17_18_1/1,single_fish
2025_05_08,11_17_18_1,11_17_18_1,frame_316,0,255,1,1,False,False,True,1.674571,False,[],,,,,,,33.5,,,,ochoa_cinta,,2025_05_08/11_17_18_1/1,single_fish
2025_05_08,11_17_18_1,11_17_18_1,frame_317,0,255,1,1,False,False,True,1.667775,False,[],,,,,,,33.5,,,,ochoa_cinta,,2025_05_08/11_17_18_1/1,single_fish
2025_05_08,11_17_18_1,11_17_18_1,frame_318,0,255,1,1,False,False,True,1.6779699,False,[],,,,,,,33.5,,,,ochoa_cinta,,2025_05_08/11_17_18_1/1,single_fish
2025_05_08,11_17_18_1,11_17_18_1,frame_319,0,255,1,1,False,False,True,1.6716714,False,[],,,,,,,33.5,,,,ochoa_cinta,,2025_05_08/11_17_18_1/1,single_fish
2025_05_08,11_17_18_1,11_17_18_1,frame_320,0,255,1,1,False,False,True,1.6570059,False,[],,,,,,,33.5,,,,ochoa_cinta,,2025_05_08/11_17_18_1/1,single_fish
2025_05_08,11_17_18_1,11_17_18_1,frame_321,0,255,1,1,False,False,True,1.6744546,False,[],,,,,,,33.5,,,,ochoa_cinta,,2025_05_08/11_17_18_1/1,single_fish
2025_05_08,11_17_18_1,11_17_18_1,frame_322,0,255,1,1,False,False,True,1.6811986,False,[],,,,,,,33.5,,,,ochoa_cinta,,2025_05_08/11_17_18_1/1,single_fish
2025_05_08,11_17_18_1,11_17_18_1,frame_323,0,255,1,1,False,False,True,1.6772194,False,[],,,,,,,33.5,,,,ochoa_cinta,,2025_05_08/11_17_18_1/1,single_fish
2025_05_08,11_17_18_1,11_17_18_1,frame_324,0,255,1,1,False,False,True,1.6883752,False,[],,,,,,,33.5,,,,ochoa_cinta,,2025_05_08/11_17_18_1/1,single_fish
2025_05_08,11_17_18_1,11_17_18_1,frame_325,0,255,1,1,False,False,True,1.6968178,False,[],,,,,,,33.5,,,,ochoa_cinta,,2025_05_08/11_17_18_1/1,single_fish
2025_05_08,11_17_18_1,11_17_18_1,frame_326,0,255,1,1,False,False,True,1.6957097,False,[],,,,,,,33.5,,,,ochoa_cinta,,2025_05_08/11_17_18_1/1,single_fish
2025_05_08,11_17_18_1,11_17_18_1,frame_327,0,255,1,1,False,False,True,1.683064,False,[],,,,,,,33.5,,,,ochoa_cinta,,2025_05_08/11_17_18_1/1,single_fish
2025_05_08,11_17_18_1,11_17_18_1,frame_328,0,255,1,1,False,False,True,1.6930082,False,[],,,,,,,33.5,,,,ochoa_cinta,,2025_05_08/11_17_18_1/1,single_fish
2025_05_08,11_17_18_1,11_17_18_1,frame_329,0,255,1,1,False,False,True,1.6635206,False,[],,,,,,,33.5,,,,ochoa_cinta,,2025_05_08/11_17_18_1/1,single_fish
2025_05_08,11_17_18_1,11_17_18_1,frame_330,0,255,1,1,False,False,True,1.6452092,False,[],,,,,,,33.5,,,,ochoa_cinta,,2025_05_08/11_17_18_1/1,single_fish
2025_05_08,11_17_18_1,11_17_18_1,frame_331,0,255,1,1,False,False,True,1.6521099,False,[],,,,,,,33.5,,,,ochoa_cinta,,2025_05_08/11_17_18_1/1,single_fish
2025_05_08,11_17_18_1,11_17_18_1,frame_332,0,255,1,1,False,False,True,1.6550581,False,[],,,,,,,33.5,,,,ochoa_cinta,,2025_05_08/11_17_18_1/1,single_fish
2025_05_08,11_17_18_1,11_17_18_1,frame_333,0,255,1,1,False,False,True,1.6500273,False,[],,,,,,,33.5,,,,ochoa_cinta,,2025_05_08/11_17_18_1/1,single_fish
2025_05_08,11_17_18_1,11_17_18_1,frame_334,0,255,1,1,False,False,True,1.6361077,False,[],,,,,,,33.5,,,,ochoa_cinta,,2025_05_08/11_17_18_1/1,single_fish
2025_05_08,11_17_18_1,11_17_18_1,frame_335,0,255,1,1,False,False,True,1.6427861,False,[],,,,,,,33.5,,,,ochoa_cinta,,2025_05_08/11_17_18_1/1,single_fish
2025_05_08,11_17_18_1,11_17_18_1,frame_336,0,255,1,1,False,False,True,1.6784483,False,[],,,,,,,33.5,,,,ochoa_cinta,,2025_05_08/11_17_18_1/1,single_fish
2025_05_08,11_17_18_1,11_17_18_1,frame_337,0,255,1,1,False,False,True,1.7049137,False,[],,,,,,,33.5,,,,ochoa_cinta,,2025_05_08/11_17_18_1/1,single_fish
2025_05_08,11_17_18_1,11_17_18_1,frame_338,0,255,1,1,False,False,True,1.7020903,False,[],,,,,,,33.5,,,,ochoa_cinta,,2025_05_08/11_17_18_1/1,single_fish
2025_05_08,11_17_18_1,11_17_18_1,frame_339,0,255,1,1,False,False,True,1.7005602,False,[],,,,,,,33.5,,,,ochoa_cinta,,2025_05_08/11_17_18_1/1,single_fish
2025_05_08,11_17_18_1,11_17_18_1,frame_340,0,255,1,1,False,False,True,1.6943295,False,[],,,,,,,33.5,,,,ochoa_cinta,,2025_05_08/11_17_18_1/1,single_fish
2025_05_08,11_17_18_1,11_17_18_1,frame_341,0,255,1,1,False,False,True,1.6852598,False,[],,,,,,,33.5,,,,ochoa_cinta,,2025_05_08/11_17_18_1/1,single_fish
2025_05_08,11_17_18_1,11_17_18_1,frame_342,0,255,1,1,False,False,True,1.681719,False,[],,,,,,,33.5,,,,ochoa_cinta,,2025_05_08/11_17_18_1/1,single_fish
2025_05_08,11_17_18_1,11_17_18_1,frame_343,0,255,1,1,False,False,True,1.6672641,False,[],,,,,,,33.5,,,,ochoa_cinta,,2025_05_08/11_17_18_1/1,single_fish
2025_05_08,11_17_18_1,11_17_18_1,frame_344,0,255,1,1,False,False,True,1.6513858,False,[],,,,,,,33.5,,,,ochoa_cinta,,2025_05_08/11_17_18_1/1,single_fish
2025_05_08,11_17_18_1,11_17_18_1,frame_345,0,255,1,1,False,False,True,1.6725628,False,[],,,,,,,33.5,,,,ochoa_cinta,,2025_05_08/11_17_18_1/1,single_fish
2025_05_08,11_17_18_1,11_17_18_1,frame_346,0,255,1,1,False,False,True,1.6560953,False,[],,,,,,,33.5,,,,ochoa_cinta,,2025_05_08/11_17_18_1/1,single_fish
2025_05_08,11_17_18_1,11_17_18_1,frame_347,0,255,1,1,False,False,True,1.6707948,False,[],,,,,,,33.5,,,,ochoa_cinta,,2025_05_08/11_17_18_1/1,single_fish
2025_05_08,11_17_18_1,11_17_18_1,frame_348,0,255,1,1,False,False,True,1.6761283,False,[],,,,,,,33.5,,,,ochoa_cinta,,2025_05_08/11_17_18_1/1,single_fish
2025_05_08,11_17_18_1,11_17_18_1,frame_349,0,255,1,1,False,False,True,1.6716831,False,[],,,,,,,33.5,,,,ochoa_cinta,,2025_05_08/11_17_18_1/1,single_fish
2025_05_08,11_17_18_1,11_17_18_1,frame_350,0,255,1,1,False,False,True,1.6754467,False,[],,,,,,,33.5,,,,ochoa_cinta,,2025_05_08/11_17_18_1/1,single_fish
2025_05_08,11_17_18_1,11_17_18_1,frame_351,0,255,1,1,False,False,True,1.6757996,False,[],,,,,,,33.5,,,,ochoa_cinta,,2025_05_08/11_17_18_1/1,single_fish
2025_05_08,11_17_18_1,11_17_18_1,frame_352,0,255,1,1,False,False,True,1.6358339,False,[],,,,,,,33.5,,,,ochoa_cinta,,2025_05_08/11_17_18_1/1,single_fish
2025_05_08,11_17_18_1,11_17_18_1,frame_353,0,255,1,1,False,False,True,1.6375033,False,[],,,,,,,33.5,,,,ochoa_cinta,,2025_05_08/11_17_18_1/1,single_fish
2025_05_08,11_17_18_1,11_17_18_1,frame_354,0,255,1,1,False,False,True,1.659691,False,[],,,,,,,33.5,,,,ochoa_cinta,,2025_05_08/11_17_18_1/1,single_fish
2025_05_08,11_17_18_1,11_17_18_1,frame_355,0,255,1,1,False,False,True,1.6897151,False,[],,,,,,,33.5,,,,ochoa_cinta,,2025_05_08/11_17_18_1/1,single_fish
2025_05_08,11_17_18_1,11_17_18_1,frame_356,0,255,1,1,False,False,True,1.7079165,False,[],,,,,,,33.5,,,,ochoa_cinta,,2025_05_08/11_17_18_1/1,single_fish
2025_05_08,11_17_18_1,11_17_18_1,frame_357,0,255,1,1,False,False,True,1.7143784,False,[],,,,,,,33.5,,,,ochoa_cinta,,2025_05_08/11_17_18_1/1,single_fish
2025_05_08,11_17_18_1,11_17_18_1,frame_358,0,255,1,1,False,False,True,1.7170421,False,[],,,,,,,33.5,,,,ochoa_cinta,,2025_05_08/11_17_18_1/1,single_fish
2025_05_08,11_17_18_1,11_17_18_1,frame_359,0,255,1,1,False,False,True,1.7116905,False,[],,,,,,,33.5,,,,ochoa_cinta,,2025_05_08/11_17_18_1/1,single_fish
2025_05_08,11_17_18_1,11_17_18_1,frame_360,0,255,1,1,False,False,True,1.6742011,False,[],,,,,,,33.5,,,,ochoa_cinta,,2025_05_08/11_17_18_1/1,single_fish
2025_05_08,11_17_18_1,11_17_18_1,frame_361,0,255,1,1,False,False,True,1.6579621,False,[],,,,,,,33.5,,,,ochoa_cinta,,2025_05_08/11_17_18_1/1,single_fish
2025_05_08,11_17_18_1,11_17_18_1,frame_362,0,255,1,1,False,False,True,1.6888429,False,[],,,,,,,33.5,,,,ochoa_cinta,,2025_05_08/11_17_18_1/1,single_fish
2025_05_08,11_17_18_1,11_17_18_1,frame_363,0,255,1,1,False,False,True,1.7166221,False,[],,,,,,,33.5,,,,ochoa_cinta,,2025_05_08/11_17_18_1/1,single_fish
2025_05_08,11_17_18_1,11_17_18_1,frame_364,0,255,1,1,False,False,True,1.7338068,False,[],,,,,,,33.5,,,,ochoa_cinta,,2025_05_08/11_17_18_1/1,single_fish
2025_05_08,11_17_18_1,11_17_18_1,frame_365,0,255,1,1,False,False,True,1.733531,False,[],,,,,,,33.5,,,,ochoa_cinta,,2025_05_08/11_17_18_1/1,single_fish
2025_05_08,11_17_18_1,11_17_18_1,frame_366,0,255,1,1,False,False,True,1.7395556,False,[],,,,,,,33.5,,,,ochoa_cinta,,2025_05_08/11_17_18_1/1,single_fish
2025_05_08,11_17_18_1,11_17_18_1,frame_367,0,255,1,1,False,False,True,1.741426,False,[],,,,,,,33.5,,,,ochoa_cinta,,2025_05_08/11_17_18_1/1,single_fish
2025_05_08,11_17_18_1,11_17_18_1,frame_368,0,255,1,1,False,False,True,1.7487769,False,[],,,,,,,33.5,,,,ochoa_cinta,,2025_05_08/11_17_18_1/1,single_fish
2025_05_08,11_17_18_1,11_17_18_1,frame_369,0,255,1,1,False,False,True,1.7502079,False,[],,,,,,,33.5,,,,ochoa_cinta,,2025_05_08/11_17_18_1/1,single_fish
2025_05_08,11_17_18_1,11_17_18_1,frame_370,0,255,1,1,False,False,True,1.7390105,False,[],,,,,,,33.5,,,,ochoa_cinta,,2025_05_08/11_17_18_1/1,single_fish
2025_05_08,11_17_18_1,11_17_18_1,frame_371,0,255,1,1,False,False,True,1.7412645,False,[],,,,,,,33.5,,,,ochoa_cinta,,2025_05_08/11_17_18_1/1,single_fish
2025_05_08,11_17_18_1,11_17_18_1,frame_372,0,255,1,1,False,False,True,1.754917,False,[],,,,,,,33.5,,,,ochoa_cinta,,2025_05_08/11_17_18_1/1,single_fish
2025_05_08,11_17_18_1,11_17_18_1,frame_373,0,255,1,1,False,False,True,1.7764921,False,[],,,,,,,33.5,,,,ochoa_cinta,,2025_05_08/11_17_18_1/1,single_fish
2025_05_08,11_17_18_1,11_17_18_1,frame_374,0,255,1,1,False,False,True,1.7778006,False,[],,,,,,,33.5,,,,ochoa_cinta,,2025_05_08/11_17_18_1/1,single_fish
2025_05_08,11_17_18_1,11_17_18_1,frame_375,0,255,1,1,False,False,True,1.7783078,False,[],,,,,,,33.5,,,,ochoa_cinta,,2025_05_08/11_17_18_1/1,single_fish
2025_05_08,11_17_18_1,11_17_18_1,frame_376,0,255,1,1,False,False,True,1.7850277,False,[],,,,,,,33.5,,,,ochoa_cinta,,2025_05_08/11_17_18_1/1,single_fish
2025_05_08,11_17_18_1,11_17_18_1,frame_377,0,255,1,1,False,False,True,1.7516637,False,[],,,,,,,33.5,,,,ochoa_cinta,,2025_05_08/11_17_18_1/1,single_fish
2025_05_08,11_17_18_1,11_17_18_1,frame_378,0,255,1,1,False,False,True,1.7441161,False,[],,,,,,,33.5,,,,ochoa_cinta,,2025_05_08/11_17_18_1/1,single_fish
2025_05_08,11_17_18_1,11_17_18_1,frame_379,0,255,1,1,False,False,True,1.7280506,False,[],,,,,,,33.5,,,,ochoa_cinta,,2025_05_08/11_17_18_1/1,single_fish
2025_05_08,11_17_18_1,11_17_18_1,frame_380,0,255,1,1,False,False,True,1.721906,False,[],,,,,,,33.5,,,,ochoa_cinta,,2025_05_08/11_17_18_1/1,single_fish
2025_05_08,11_17_18_1,11_17_18_1,frame_381,0,255,1,1,False,False,True,1.710919,False,[],,,,,,,33.5,,,,ochoa_cinta,,2025_05_08/11_17_18_1/1,single_fish
2025_05_08,11_17_18_1,11_17_18_1,frame_382,0,255,1,1,False,False,True,1.6937844,False,[],,,,,,,33.5,,,,ochoa_cinta,,2025_05_08/11_17_18_1/1,single_fish
2025_05_08,11_17_18_1,11_17_18_1,frame_383,0,255,1,1,False,False,True,1.7133105,False,[],,,,,,,33.5,,,,ochoa_cinta,,2025_05_08/11_17_18_1/1,single_fish
2025_05_08,11_17_18_1,11_17_18_1,frame_384,0,255,1,1,False,False,True,1.7332324,False,[],,,,,,,33.5,,,,ochoa_cinta,,2025_05_08/11_17_18_1/1,single_fish
2025_05_08,11_17_18_1,11_17_18_1,frame_385,0,255,1,1,False,False,True,1.7279674,False,[],,,,,,,33.5,,,,ochoa_cinta,,2025_05_08/11_17_18_1/1,single_fish
2025_05_08,11_17_18_1,11_17_18_1,frame_386,0,255,1,1,False,False,True,1.7262858,False,[],,,,,,,33.5,,,,ochoa_cinta,,2025_05_08/11_17_18_1/1,single_fish
2025_05_08,11_17_18_1,11_17_18_1,frame_387,0,255,1,1,False,False,True,1.703637,False,[],,,,,,,33.5,,,,ochoa_cinta,,2025_05_08/11_17_18_1/1,single_fish
2025_05_08,11_17_18_1,11_17_18_1,frame_388,0,255,1,1,False,False,True,1.6844571,False,[],,,,,,,33.5,,,,ochoa_cinta,,2025_05_08/11_17_18_1/1,single_fish
2025_05_08,11_17_18_1,11_17_18_1,frame_389,0,255,1,1,False,False,True,1.6882316,False,[],,,,,,,33.5,,,,ochoa_cinta,,2025_05_08/11_17_18_1/1,single_fish
2025_05_08,11_17_18_1,11_17_18_1,frame_390,0,255,1,1,False,False,True,1.689476,False,[],,,,,,,33.5,,,,ochoa_cinta,,2025_05_08/11_17_18_1/1,single_fish
2025_05_08,11_17_18_1,11_17_18_1,frame_391,0,255,1,1,False,False,True,1.6900669,False,[],,,,,,,33.5,,,,ochoa_cinta,,2025_05_08/11_17_18_1/1,single_fish
2025_05_08,11_17_18_1,11_17_18_1,frame_392,0,255,1,1,False,False,True,1.6815915,False,[],,,,,,,33.5,,,,ochoa_cinta,,2025_05_08/11_17_18_1/1,single_fish
2025_05_08,11_17_18_1,11_17_18_1,frame_393,0,255,1,1,False,False,True,1.6662551,False,[],,,,,,,33.5,,,,ochoa_cinta,,2025_05_08/11_17_18_1/1,single_fish
2025_05_08,11_17_18_1,11_17_18_1,frame_394,0,255,1,1,False,False,True,1.6704949,False,[],,,,,,,33.5,,,,ochoa_cinta,,2025_05_08/11_17_18_1/1,single_fish
2025_05_08,11_17_18_1,11_17_18_1,frame_395,0,255,1,1,False,False,True,1.6600611,False,[],,,,,,,33.5,,,,ochoa_cinta,,2025_05_08/11_17_18_1/1,single_fish
2025_05_08,11_17_18_1,11_17_18_1,frame_396,0,255,1,1,False,False,True,1.6629832,False,[],,,,,,,33.5,,,,ochoa_cinta,,2025_05_08/11_17_18_1/1,single_fish
2025_05_08,11_17_18_1,11_17_18_1,frame_397,0,255,1,1,False,False,True,1.6222006,False,[],,,,,,,33.5,,,,ochoa_cinta,,2025_05_08/11_17_18_1/1,single_fish
2025_05_08,11_17_18_1,11_17_18_1,frame_398,0,255,1,1,False,False,True,1.6201715,False,[],,,,,,,33.5,,,,ochoa_cinta,,2025_05_08/11_17_18_1/1,single_fish
2025_05_08,11_17_18_1,11_17_18_1,frame_399,0,255,1,1,False,False,True,1.619363,False,[],,,,,,,33.5,,,,ochoa_cinta,,2025_05_08/11_17_18_1/1,single_fish
2025_05_08,11_17_18_1,11_17_18_1,frame_400,0,255,1,1,False,False,True,1.6067549,False,[],,,,,,,33.5,,,,ochoa_cinta,,2025_05_08/11_17_18_1/1,single_fish
2025_05_08,11_17_18_1,11_17_18_1,frame_401,0,255,1,1,False,False,True,1.5565361,False,[],,,,,,,33.5,,,,ochoa_cinta,,2025_05_08/11_17_18_1/1,single_fish
2025_05_08,11_17_18_1,11_17_18_1,frame_402,0,255,1,1,False,False,True,1.5393546,False,[],,,,,,,33.5,,,,ochoa_cinta,,2025_05_08/11_17_18_1/1,single_fish
2025_05_08,11_17_18_1,11_17_18_1,frame_403,0,255,1,1,False,False,True,1.5150809,False,[],,,,,,,33.5,,,,ochoa_cinta,,2025_05_08/11_17_18_1/1,single_fish
2025_05_08,11_17_18_1,11_17_18_1,frame_404,0,255,1,1,False,False,True,1.512657,False,[],,,,,,,33.5,,,,ochoa_cinta,,2025_05_08/11_17_18_1/1,single_fish
2025_05_08,11_17_18_1,11_17_18_1,frame_405,0,255,1,1,False,False,True,1.5124375,False,[],,,,,,,33.5,,,,ochoa_cinta,,2025_05_08/11_17_18_1/1,single_fish
2025_05_08,11_17_18_1,11_17_18_1,frame_406,0,255,1,1,False,False,True,1.5066879,False,[],,,,,,,33.5,,,,ochoa_cinta,,2025_05_08/11_17_18_1/1,single_fish
2025_05_08,11_17_18_1,11_17_18_1,frame_407,0,255,1,1,False,False,True,1.5296392,False,[],,,,,,,33.5,,,,ochoa_cinta,,2025_05_08/11_17_18_1/1,single_fish
2025_05_08,11_17_18_1,11_17_18_1,frame_408,0,255,1,1,False,False,True,1.5581483,False,[],,,,,,,33.5,,,,ochoa_cinta,,2025_05_08/11_17_18_1/1,single_fish
2025_05_08,11_17_18_1,11_17_18_1,frame_409,0,255,1,1,False,False,True,1.5693606,False,[],,,,,,,33.5,,,,ochoa_cinta,,2025_05_08/11_17_18_1/1,single_fish
2025_05_08,11_17_18_1,11_17_18_1,frame_410,0,255,1,1,False,False,True,1.5766312,False,[],,,,,,,33.5,,,,ochoa_cinta,,2025_05_08/11_17_18_1/1,single_fish
2025_05_08,11_17_18_1,11_17_18_1,frame_411,0,255,1,1,False,False,True,1.589111,False,[],,,,,,,33.5,,,,ochoa_cinta,,2025_05_08/11_17_18_1/1,single_fish
2025_05_08,11_17_18_1,11_17_18_1,frame_412,0,255,1,1,False,False,True,1.6067778,False,[],,,,,,,33.5,,,,ochoa_cinta,,2025_05_08/11_17_18_1/1,single_fish
2025_05_08,11_17_18_1,11_17_18_1,frame_413,0,255,1,1,False,False,True,1.6264111,False,[],,,,,,,33.5,,,,ochoa_cinta,,2025_05_08/11_17_18_1/1,single_fish
2025_05_08,11_17_18_1,11_17_18_1,frame_414,0,255,1,1,False,False,True,1.6354337,False,[],,,,,,,33.5,,,,ochoa_cinta,,2025_05_08/11_17_18_1/1,single_fish
2025_05_08,11_17_18_1,11_17_18_1,frame_415,0,255,1,1,False,False,True,1.6722776,False,[],,,,,,,33.5,,,,ochoa_cinta,,2025_05_08/11_17_18_1/1,single_fish
2025_05_08,11_17_18_1,11_17_18_1,frame_416,0,255,1,1,False,False,True,1.6758375,False,[],,,,,,,33.5,,,,ochoa_cinta,,2025_05_08/11_17_18_1/1,single_fish
2025_05_08,11_17_18_1,11_17_18_1,frame_417,0,255,1,1,False,False,True,1.676722,False,[],,,,,,,33.5,,,,ochoa_cinta,,2025_05_08/11_17_18_1/1,single_fish
2025_05_08,11_17_18_1,11_17_18_1,frame_418,0,255,1,1,False,False,True,1.6766725,False,[],,,,,,,33.5,,,,ochoa_cinta,,2025_05_08/11_17_18_1/1,single_fish
2025_05_08,11_17_18_1,11_17_18_1,frame_419,0,255,1,1,False,False,True,1.6878905,False,[],,,,,,,33.5,,,,ochoa_cinta,,2025_05_08/11_17_18_1/1,single_fish
2025_05_08,11_17_18_1,11_17_18_1,frame_420,0,255,1,1,False,False,True,1.6938188,False,[],,,,,,,33.5,,,,ochoa_cinta,,2025_05_08/11_17_18_1/1,single_fish
2025_05_08,11_17_18_1,11_17_18_1,frame_421,0,255,1,1,False,False,True,1.70675,False,[],,,,,,,33.5,,,,ochoa_cinta,,2025_05_08/11_17_18_1/1,single_fish
2025_05_08,11_17_18_1,11_17_18_1,frame_422,0,255,1,1,False,False,True,1.7125067,False,[],,,,,,,33.5,,,,ochoa_cinta,,2025_05_08/11_17_18_1/1,single_fish
2025_05_08,11_17_18_1,11_17_18_1,frame_423,0,255,1,1,False,False,True,1.7143033,False,[],,,,,,,33.5,,,,ochoa_cinta,,2025_05_08/11_17_18_1/1,single_fish
2025_05_08,11_17_18_1,11_17_18_1,frame_424,0,255,1,1,False,False,True,1.7084743,False,[],,,,,,,33.5,,,,ochoa_cinta,,2025_05_08/11_17_18_1/1,single_fish
2025_05_08,11_17_18_1,11_17_18_1,frame_425,0,255,1,1,False,False,True,1.7216647,False,[],,,,,,,33.5,,,,ochoa_cinta,,2025_05_08/11_17_18_1/1,single_fish
2025_05_08,11_17_18_1,11_17_18_1,frame_426,0,255,1,1,False,False,True,1.7255589,False,[],,,,,,,33.5,,,,ochoa_cinta,,2025_05_08/11_17_18_1/1,single_fish
2025_05_08,11_17_18_1,11_17_18_1,frame_427,0,255,1,1,False,False,True,1.7279968,False,[],,,,,,,33.5,,,,ochoa_cinta,,2025_05_08/11_17_18_1/1,single_fish
2025_05_08,11_17_18_1,11_17_18_1,frame_428,0,255,1,1,False,False,True,1.7309091,False,[],,,,,,,33.5,,,,ochoa_cinta,,2025_05_08/11_17_18_1/1,single_fish
2025_05_08,11_17_18_1,11_17_18_1,frame_429,0,255,1,1,False,False,True,1.6999184,False,[],,,,,,,33.5,,,,ochoa_cinta,,2025_05_08/11_17_18_1/1,single_fish
2025_05_08,11_17_18_1,11_17_18_1,frame_430,0,255,1,1,False,False,True,1.689119,False,[],,,,,,,33.5,,,,ochoa_cinta,,2025_05_08/11_17_18_1/1,single_fish
2025_05_08,11_17_18_1,11_17_18_1,frame_431,0,255,1,1,False,False,True,1.6912236,False,[],,,,,,,33.5,,,,ochoa_cinta,,2025_05_08/11_17_18_1/1,single_fish
2025_05_08,11_17_18_1,11_17_18_1,frame_432,0,255,1,1,False,False,True,1.6920346,False,[],,,,,,,33.5,,,,ochoa_cinta,,2025_05_08/11_17_18_1/1,single_fish
2025_05_08,11_17_18_1,11_17_18_1,frame_433,0,255,1,1,False,False,True,1.6924448,False,[],,,,,,,33.5,,,,ochoa_cinta,,2025_05_08/11_17_18_1/1,single_fish
2025_05_08,11_17_18_1,11_17_18_1,frame_434,0,255,1,1,False,False,True,1.692623,False,[],,,,,,,33.5,,,,ochoa_cinta,,2025_05_08/11_17_18_1/1,single_fish
2025_05_08,11_17_18_1,11_17_18_1,frame_435,0,255,1,1,False,False,True,1.7051837,False,[],,,,,,,33.5,,,,ochoa_cinta,,2025_05_08/11_17_18_1/1,single_fish
2025_05_08,11_17_18_1,11_17_18_1,frame_436,0,255,1,1,False,False,True,1.7257195,False,[],,,,,,,33.5,,,,ochoa_cinta,,2025_05_08/11_17_18_1/1,single_fish
2025_05_08,11_17_18_1,11_17_18_1,frame_437,0,255,1,1,False,False,True,1.7287579,False,[],,,,,,,33.5,,,,ochoa_cinta,,2025_05_08/11_17_18_1/1,single_fish
2025_05_08,11_17_18_1,11_17_18_1,frame_438,0,255,1,1,False,False,True,1.7066134,False,[],,,,,,,33.5,,,,ochoa_cinta,,2025_05_08/11_17_18_1/1,single_fish
2025_05_08,11_17_18_1,11_17_18_1,frame_439,0,255,1,1,False,False,True,1.6978445,False,[],,,,,,,33.5,,,,ochoa_cinta,,2025_05_08/11_17_18_1/1,single_fish
2025_05_08,11_17_18_1,11_17_18_1,frame_440,0,255,1,1,False,False,True,1.7113888,False,[],,,,,,,33.5,,,,ochoa_cinta,,2025_05_08/11_17_18_1/1,single_fish
2025_05_08,11_17_18_1,11_17_18_1,frame_441,0,255,1,1,False,False,True,1.7229334,False,[],,,,,,,33.5,,,,ochoa_cinta,,2025_05_08/11_17_18_1/1,single_fish
2025_05_08,11_17_18_1,11_17_18_1,frame_442,0,255,1,1,False,False,True,1.7269037,False,[],,,,,,,33.5,,,,ochoa_cinta,,2025_05_08/11_17_18_1/1,single_fish
2025_05_08,11_17_18_1,11_17_18_1,frame_443,0,255,1,1,False,False,True,1.7459301,False,[],,,,,,,33.5,,,,ochoa_cinta,,2025_05_08/11_17_18_1/1,single_fish
2025_05_08,11_17_18_1,11_17_18_1,frame_444,0,255,1,1,False,False,True,1.7595441,False,[],,,,,,,33.5,,,,ochoa_cinta,,2025_05_08/11_17_18_1/1,single_fish
2025_05_08,11_17_18_1,11_17_18_1,frame_445,0,255,1,1,False,False,True,1.7473805,False,[],,,,,,,33.5,,,,ochoa_cinta,,2025_05_08/11_17_18_1/1,single_fish
2025_05_08,11_17_18_1,11_17_18_1,frame_446,0,255,1,1,False,False,True,1.7245208,False,[],,,,,,,33.5,,,,ochoa_cinta,,2025_05_08/11_17_18_1/1,single_fish
2025_05_08,11_17_18_1,11_17_18_1,frame_447,0,255,1,1,False,False,True,1.715986,False,[],,,,,,,33.5,,,,ochoa_cinta,,2025_05_08/11_17_18_1/1,single_fish
2025_05_08,11_17_18_1,11_17_18_1,frame_448,0,255,1,1,False,False,True,1.7127526,False,[],,,,,,,33.5,,,,ochoa_cinta,,2025_05_08/11_17_18_1/1,single_fish
2025_05_08,11_17_18_1,11_17_18_1,frame_449,0,255,1,1,False,False,True,1.7181768,False,[],,,,,,,33.5,,,,ochoa_cinta,,2025_05_08/11_17_18_1/1,single_fish
2025_05_08,11_17_18_1,11_17_18_1,frame_450,0,255,1,1,False,False,True,1.7329556,False,[],,,,,,,33.5,,,,ochoa_cinta,,2025_05_08/11_17_18_1/1,single_fish
2025_05_08,11_17_18_1,11_17_18_1,frame_451,0,255,1,1,False,False,True,1.7164365,False,[],,,,,,,33.5,,,,ochoa_cinta,,2025_05_08/11_17_18_1/1,single_fish
2025_05_08,11_17_18_1,11_17_18_1,frame_452,0,255,1,1,False,False,True,1.716292,False,[],,,,,,,33.5,,,,ochoa_cinta,,2025_05_08/11_17_18_1/1,single_fish
2025_05_08,11_17_18_1,11_17_18_1,frame_453,0,255,1,1,False,False,True,1.7085037,False,[],,,,,,,33.5,,,,ochoa_cinta,,2025_05_08/11_17_18_1/1,single_fish
2025_05_08,11_17_18_1,11_17_18_1,frame_454,0,255,1,1,False,False,True,1.71362,False,[],,,,,,,33.5,,,,ochoa_cinta,,2025_05_08/11_17_18_1/1,single_fish
2025_05_08,11_17_18_1,11_17_18_1,frame_455,0,255,1,1,False,False,True,1.7034837,False,[],,,,,,,33.5,,,,ochoa_cinta,,2025_05_08/11_17_18_1/1,single_fish
2025_05_08,11_17_18_1,11_17_18_1,frame_456,0,255,1,1,False,False,True,1.6868643,False,[],,,,,,,33.5,,,,ochoa_cinta,,2025_05_08/11_17_18_1/1,single_fish
2025_05_08,11_17_18_1,11_17_18_1,frame_457,0,255,1,1,False,False,True,1.7053461,False,[],,,,,,,33.5,,,,ochoa_cinta,,2025_05_08/11_17_18_1/1,single_fish
2025_05_08,11_17_18_1,11_17_18_1,frame_458,0,255,1,1,False,False,True,1.7144693,False,[],,,,,,,33.5,,,,ochoa_cinta,,2025_05_08/11_17_18_1/1,single_fish
2025_05_08,11_17_18_1,11_17_18_1,frame_459,0,255,1,1,False,False,True,1.730106,False,[],,,,,,,33.5,,,,ochoa_cinta,,2025_05_08/11_17_18_1/1,single_fish
2025_05_08,11_17_18_1,11_17_18_1,frame_460,0,255,1,1,False,False,True,1.7220056,False,[],,,,,,,33.5,,,,ochoa_cinta,,2025_05_08/11_17_18_1/1,single_fish
2025_05_08,11_17_18_1,11_17_18_1,frame_461,0,255,1,1,False,False,True,1.709902,False,[],,,,,,,33.5,,,,ochoa_cinta,,2025_05_08/11_17_18_1/1,single_fish
2025_05_08,11_17_18_1,11_17_18_1,frame_462,0,255,1,1,False,False,True,1.7060351,False,[],,,,,,,33.5,,,,ochoa_cinta,,2025_05_08/11_17_18_1/1,single_fish
2025_05_08,11_17_18_1,11_17_18_1,frame_463,0,255,1,1,False,False,True,1.7125201,False,[],,,,,,,33.5,,,,ochoa_cinta,,2025_05_08/11_17_18_1/1,single_fish
2025_05_08,11_17_18_1,11_17_18_1,frame_464,0,255,1,1,False,False,True,1.6942475,False,[],,,,,,,33.5,,,,ochoa_cinta,,2025_05_08/11_17_18_1/1,single_fish
2025_05_08,11_17_18_1,11_17_18_1,frame_465,0,255,1,1,False,False,True,1.708408,False,[],,,,,,,33.5,,,,ochoa_cinta,,2025_05_08/11_17_18_1/1,single_fish
2025_05_08,11_17_18_1,11_17_18_1,frame_466,0,255,1,1,False,False,True,1.7172652,False,[],,,,,,,33.5,,,,ochoa_cinta,,2025_05_08/11_17_18_1/1,single_fish
2025_05_08,11_17_18_1,11_17_18_1,frame_467,0,255,1,1,False,False,True,1.708212,False,[],,,,,,,33.5,,,,ochoa_cinta,,2025_05_08/11_17_18_1/1,single_fish
2025_05_08,11_17_18_1,11_17_18_1,frame_468,0,255,1,1,False,False,True,1.6960075,False,[],,,,,,,33.5,,,,ochoa_cinta,,2025_05_08/11_17_18_1/1,single_fish
2025_05_08,11_17_18_1,11_17_18_1,frame_469,0,255,1,1,False,False,True,1.700728,False,[],,,,,,,33.5,,,,ochoa_cinta,,2025_05_08/11_17_18_1/1,single_fish
2025_05_08,11_17_18_1,11_17_18_1,frame_470,0,255,1,1,False,False,True,1.659698,False,[],,,,,,,33.5,,,,ochoa_cinta,,2025_05_08/11_17_18_1/1,single_fish
2025_05_08,11_17_18_1,11_17_18_1,frame_471,0,255,1,1,False,False,True,1.6348672,False,[],,,,,,,33.5,,,,ochoa_cinta,,2025_05_08/11_17_18_1/1,single_fish
2025_05_08,11_17_18_1,11_17_18_1,frame_472,0,255,1,1,False,False,True,1.6257488,False,[],,,,,,,33.5,,,,ochoa_cinta,,2025_05_08/11_17_18_1/1,single_fish
2025_05_08,11_17_18_1,11_17_18_1,frame_473,0,255,1,1,False,False,True,1.6339408,False,[],,,,,,,33.5,,,,ochoa_cinta,,2025_05_08/11_17_18_1/1,single_fish
2025_05_08,11_17_18_1,11_17_18_1,frame_474,0,255,1,1,False,False,True,1.6163671,False,[],,,,,,,33.5,,,,ochoa_cinta,,2025_05_08/11_17_18_1/1,single_fish
2025_05_08,11_17_18_1,11_17_18_1,frame_475,0,255,1,1,False,False,True,1.6413476,False,[],,,,,,,33.5,,,,ochoa_cinta,,2025_05_08/11_17_18_1/1,single_fish
2025_05_08,11_17_18_1,11_17_18_1,frame_476,0,255,1,1,False,False,True,1.6351767,False,[],,,,,,,33.5,,,,ochoa_cinta,,2025_05_08/11_17_18_1/1,single_fish
2025_05_08,11_17_18_1,11_17_18_1,frame_477,0,255,1,1,False,False,True,1.6404006,False,[],,,,,,,33.5,,,,ochoa_cinta,,2025_05_08/11_17_18_1/1,single_fish
2025_05_08,11_17_18_1,11_17_18_1,frame_478,0,255,1,1,False,False,True,1.6245773,False,[],,,,,,,33.5,,,,ochoa_cinta,,2025_05_08/11_17_18_1/1,single_fish
2025_05_08,11_17_18_1,11_17_18_1,frame_479,0,255,1,1,False,False,True,1.5989876,False,[],,,,,,,33.5,,,,ochoa_cinta,,2025_05_08/11_17_18_1/1,single_fish
2025_05_08,11_17_18_1,11_17_18_1,frame_480,0,255,1,1,False,False,True,1.58429,False,[],,,,,,,33.5,,,,ochoa_cinta,,2025_05_08/11_17_18_1/1,single_fish
2025_05_08,11_17_18_1,11_17_18_1,frame_481,0,255,1,1,False,False,True,1.5641559,False,[],,,,,,,33.5,,,,ochoa_cinta,,2025_05_08/11_17_18_1/1,single_fish
2025_05_08,11_17_18_1,11_17_18_1,frame_482,0,255,1,1,False,False,True,1.5654808,False,[],,,,,,,33.5,,,,ochoa_cinta,,2025_05_08/11_17_18_1/1,single_fish
2025_05_08,11_17_18_1,11_17_18_1,frame_483,0,255,1,1,False,False,True,1.5785761,False,[],,,,,,,33.5,,,,ochoa_cinta,,2025_05_08/11_17_18_1/1,single_fish
2025_05_08,11_17_18_1,11_17_18_1,frame_484,0,255,1,1,False,False,True,1.5954179,False,[],,,,,,,33.5,,,,ochoa_cinta,,2025_05_08/11_17_18_1/1,single_fish
2025_05_08,11_17_18_1,11_17_18_1,frame_485,0,255,1,1,False,False,True,1.5787312,False,[],,,,,,,33.5,,,,ochoa_cinta,,2025_05_08/11_17_18_1/1,single_fish
2025_05_08,11_17_18_1,11_17_18_1,frame_486,0,255,1,1,False,False,True,1.5724007,False,[],,,,,,,33.5,,,,ochoa_cinta,,2025_05_08/11_17_18_1/1,single_fish
2025_05_08,11_17_18_1,11_17_18_1,frame_487,0,255,1,1,False,False,True,1.5826498,False,[],,,,,,,33.5,,,,ochoa_cinta,,2025_05_08/11_17_18_1/1,single_fish
2025_05_08,11_17_18_1,11_17_18_1,frame_488,0,255,1,1,False,False,True,1.6049845,False,[],,,,,,,33.5,,,,ochoa_cinta,,2025_05_08/11_17_18_1/1,single_fish
2025_05_08,11_17_18_1,11_17_18_1,frame_489,0,255,1,1,False,False,True,1.6138185,False,[],,,,,,,33.5,,,,ochoa_cinta,,2025_05_08/11_17_18_1/1,single_fish
2025_05_08,11_17_18_1,11_17_18_1,frame_490,0,255,1,1,False,False,True,1.6269207,False,[],,,,,,,33.5,,,,ochoa_cinta,,2025_05_08/11_17_18_1/1,single_fish
2025_05_08,11_17_18_1,11_17_18_1,frame_491,0,255,1,1,False,False,True,1.6340578,False,[],,,,,,,33.5,,,,ochoa_cinta,,2025_05_08/11_17_18_1/1,single_fish
2025_05_08,11_17_18_1,11_17_18_1,frame_492,0,255,1,1,False,False,True,1.6522288,False,[],,,,,,,33.5,,,,ochoa_cinta,,2025_05_08/11_17_18_1/1,single_fish
2025_05_08,11_17_18_1,11_17_18_1,frame_493,0,255,1,1,False,False,True,1.662856,False,[],,,,,,,33.5,,,,ochoa_cinta,,2025_05_08/11_17_18_1/1,single_fish
2025_05_08,11_17_18_1,11_17_18_1,frame_494,0,255,1,1,False,False,True,1.700017,False,[],,,,,,,33.5,,,,ochoa_cinta,,2025_05_08/11_17_18_1/1,single_fish
2025_05_08,11_17_18_1,11_17_18_1,frame_495,0,255,1,1,False,False,True,1.7144889,False,[],,,,,,,33.5,,,,ochoa_cinta,,2025_05_08/11_17_18_1/1,single_fish
2025_05_08,11_17_18_1,11_17_18_1,frame_496,0,255,1,1,False,False,True,1.7182816,False,[],,,,,,,33.5,,,,ochoa_cinta,,2025_05_08/11_17_18_1/1,single_fish
2025_05_08,11_17_18_1,11_17_18_1,frame_497,0,255,1,1,False,False,True,1.7360059,False,[],,,,,,,33.5,,,,ochoa_cinta,,2025_05_08/11_17_18_1/1,single_fish
2025_05_08,11_17_18_1,11_17_18_1,frame_498,0,255,1,1,False,False,True,1.7312948,False,[],,,,,,,33.5,,,,ochoa_cinta,,2025_05_08/11_17_18_1/1,single_fish
2025_05_08,11_17_18_1,11_17_18_1,frame_499,0,255,1,1,False,False,True,1.712081,False,[],,,,,,,33.5,,,,ochoa_cinta,,2025_05_08/11_17_18_1/1,single_fish
2025_05_08,11_17_18_1,11_17_18_1,frame_500,0,255,1,1,False,False,True,1.6836938,False,[],,,,,,,33.5,,,,ochoa_cinta,,2025_05_08/11_17_18_1/1,single_fish
2025_05_08,11_17_18_1,11_17_18_1,frame_501,0,255,1,1,False,False,True,1.6670353,False,[],,,,,,,33.5,,,,ochoa_cinta,,2025_05_08/11_17_18_1/1,single_fish
2025_05_08,11_17_18_1,11_17_18_1,frame_502,0,255,1,1,False,False,True,1.6670105,False,[],,,,,,,33.5,,,,ochoa_cinta,,2025_05_08/11_17_18_1/1,single_fish
2025_05_08,11_17_18_1,11_17_18_1,frame_503,0,255,1,1,False,False,True,1.6811745,False,[],,,,,,,33.5,,,,ochoa_cinta,,2025_05_08/11_17_18_1/1,single_fish
2025_05_08,11_17_18_1,11_17_18_1,frame_504,0,255,1,1,False,False,True,1.6741858,False,[],,,,,,,33.5,,,,ochoa_cinta,,2025_05_08/11_17_18_1/1,single_fish
2025_05_08,11_17_18_1,11_17_18_1,frame_505,0,255,1,1,False,False,True,1.6820786,False,[],,,,,,,33.5,,,,ochoa_cinta,,2025_05_08/11_17_18_1/1,single_fish
2025_05_08,11_17_18_1,11_17_18_1,frame_506,0,255,1,1,False,False,True,1.6967709,False,[],,,,,,,33.5,,,,ochoa_cinta,,2025_05_08/11_17_18_1/1,single_fish
2025_05_08,11_17_18_1,11_17_18_1,frame_507,0,255,1,1,False,False,True,1.7031069,False,[],,,,,,,33.5,,,,ochoa_cinta,,2025_05_08/11_17_18_1/1,single_fish
2025_05_08,11_17_18_1,11_17_18_1,frame_508,0,255,1,1,False,False,True,1.6926495,False,[],,,,,,,33.5,,,,ochoa_cinta,,2025_05_08/11_17_18_1/1,single_fish
2025_05_08,11_17_18_1,11_17_18_1,frame_509,0,255,1,1,False,False,True,1.6895907,False,[],,,,,,,33.5,,,,ochoa_cinta,,2025_05_08/11_17_18_1/1,single_fish
2025_05_08,11_17_18_1,11_17_18_1,frame_510,0,255,1,1,False,False,True,1.7008322,False,[],,,,,,,33.5,,,,ochoa_cinta,,2025_05_08/11_17_18_1/1,single_fish
2025_05_08,11_17_18_1,11_17_18_1,frame_511,0,255,1,1,False,False,True,1.6915643,False,[],,,,,,,33.5,,,,ochoa_cinta,,2025_05_08/11_17_18_1/1,single_fish
2025_05_08,11_17_18_1,11_17_18_1,frame_512,0,255,1,1,False,False,True,1.6999768,False,[],,,,,,,33.5,,,,ochoa_cinta,,2025_05_08/11_17_18_1/1,single_fish
2025_05_08,11_17_18_1,11_17_18_1,frame_513,0,255,1,1,False,False,True,1.6786981,False,[],,,,,,,33.5,,,,ochoa_cinta,,2025_05_08/11_17_18_1/1,single_fish
2025_05_08,11_17_18_1,11_17_18_1,frame_514,0,255,1,1,False,False,True,1.6622964,False,[],,,,,,,33.5,,,,ochoa_cinta,,2025_05_08/11_17_18_1/1,single_fish
2025_05_08,11_17_18_1,11_17_18_1,frame_515,0,255,1,1,False,False,True,1.6560785,False,[],,,,,,,33.5,,,,ochoa_cinta,,2025_05_08/11_17_18_1/1,single_fish
2025_05_08,11_17_18_1,11_17_18_1,frame_516,0,255,1,1,False,False,True,1.6421353,False,[],,,,,,,33.5,,,,ochoa_cinta,,2025_05_08/11_17_18_1/1,single_fish
2025_05_08,11_17_18_1,11_17_18_1,frame_517,0,255,1,1,False,False,True,1.6575209,False,[],,,,,,,33.5,,,,ochoa_cinta,,2025_05_08/11_17_18_1/1,single_fish
2025_05_08,11_17_18_1,11_17_18_1,frame_518,0,255,1,1,False,False,True,1.6673335,False,[],,,,,,,33.5,,,,ochoa_cinta,,2025_05_08/11_17_18_1/1,single_fish
2025_05_08,11_17_18_1,11_17_18_1,frame_519,0,255,1,1,False,False,True,1.6709403,False,[],,,,,,,33.5,,,,ochoa_cinta,,2025_05_08/11_17_18_1/1,single_fish
2025_05_08,11_17_18_1,11_17_18_1,frame_520,0,255,1,1,False,False,True,1.6699307,False,[],,,,,,,33.5,,,,ochoa_cinta,,2025_05_08/11_17_18_1/1,single_fish
2025_05_08,11_17_18_1,11_17_18_1,frame_521,0,255,1,1,False,False,True,1.6596396,False,[],,,,,,,33.5,,,,ochoa_cinta,,2025_05_08/11_17_18_1/1,single_fish
2025_05_08,11_17_18_1,11_17_18_1,frame_522,0,255,1,1,False,False,True,1.6616921,False,[],,,,,,,33.5,,,,ochoa_cinta,,2025_05_08/11_17_18_1/1,single_fish
2025_05_08,11_17_18_1,11_17_18_1,frame_523,0,255,1,1,False,False,True,1.6791018,False,[],,,,,,,33.5,,,,ochoa_cinta,,2025_05_08/11_17_18_1/1,single_fish
2025_05_08,11_17_18_1,11_17_18_1,frame_524,0,255,1,1,False,False,True,1.7062378,False,[],,,,,,,33.5,,,,ochoa_cinta,,2025_05_08/11_17_18_1/1,single_fish
2025_05_08,11_17_18_1,11_17_18_1,frame_525,0,255,1,1,False,False,True,1.7233963,False,[],,,,,,,33.5,,,,ochoa_cinta,,2025_05_08/11_17_18_1/1,single_fish
2025_05_08,11_17_18_1,11_17_18_1,frame_526,0,255,1,1,False,False,True,1.7032757,False,[],,,,,,,33.5,,,,ochoa_cinta,,2025_05_08/11_17_18_1/1,single_fish
2025_05_08,11_17_18_1,11_17_18_1,frame_527,0,255,1,1,False,False,True,1.6964631,False,[],,,,,,,33.5,,,,ochoa_cinta,,2025_05_08/11_17_18_1/1,single_fish
2025_05_08,11_17_18_1,11_17_18_1,frame_528,0,255,1,1,False,False,True,1.7203318,False,[],,,,,,,33.5,,,,ochoa_cinta,,2025_05_08/11_17_18_1/1,single_fish
2025_05_08,11_17_18_1,11_17_18_1,frame_529,0,255,1,1,False,False,True,1.7289268,False,[],,,,,,,33.5,,,,ochoa_cinta,,2025_05_08/11_17_18_1/1,single_fish
2025_05_08,11_17_18_1,11_17_18_1,frame_530,0,255,1,1,False,False,True,1.7255336,False,[],,,,,,,33.5,,,,ochoa_cinta,,2025_05_08/11_17_18_1/1,single_fish
2025_05_08,11_17_18_1,11_17_18_1,frame_531,0,255,1,1,False,False,True,1.72479,False,[],,,,,,,33.5,,,,ochoa_cinta,,2025_05_08/11_17_18_1/1,single_fish
2025_05_08,11_17_18_1,11_17_18_1,frame_532,0,255,1,1,False,False,True,1.7243081,False,[],,,,,,,33.5,,,,ochoa_cinta,,2025_05_08/11_17_18_1/1,single_fish
2025_05_08,11_17_18_1,11_17_18_1,frame_533,0,255,1,1,False,False,True,1.7473028,False,[],,,,,,,33.5,,,,ochoa_cinta,,2025_05_08/11_17_18_1/1,single_fish
2025_05_08,11_17_18_1,11_17_18_1,frame_534,0,255,1,1,False,False,True,1.7573284,False,[],,,,,,,33.5,,,,ochoa_cinta,,2025_05_08/11_17_18_1/1,single_fish
2025_05_08,11_17_18_1,11_17_18_1,frame_535,0,255,1,1,False,False,True,1.7562608,False,[],,,,,,,33.5,,,,ochoa_cinta,,2025_05_08/11_17_18_1/1,single_fish
2025_05_08,11_17_18_1,11_17_18_1,frame_536,0,255,1,1,False,False,True,1.7390375,False,[],,,,,,,33.5,,,,ochoa_cinta,,2025_05_08/11_17_18_1/1,single_fish
2025_05_08,11_17_18_1,11_17_18_1,frame_537,0,255,1,1,False,False,True,1.7325366,False,[],,,,,,,33.5,,,,ochoa_cinta,,2025_05_08/11_17_18_1/1,single_fish
2025_05_08,11_17_18_1,11_17_18_1,frame_538,0,255,1,1,False,False,True,1.7092223,False,[],,,,,,,33.5,,,,ochoa_cinta,,2025_05_08/11_17_18_1/1,single_fish
2025_05_08,11_17_18_1,11_17_18_1,frame_539,0,255,1,1,False,False,True,1.6751845,False,[],,,,,,,33.5,,,,ochoa_cinta,,2025_05_08/11_17_18_1/1,single_fish
2025_05_08,11_17_18_1,11_17_18_1,frame_540,0,255,1,1,False,False,True,1.6552478,False,[],,,,,,,33.5,,,,ochoa_cinta,,2025_05_08/11_17_18_1/1,single_fish
2025_05_08,11_17_18_1,11_17_18_1,frame_541,0,255,1,1,False,False,True,1.6289414,False,[],,,,,,,33.5,,,,ochoa_cinta,,2025_05_08/11_17_18_1/1,single_fish
2025_05_08,11_17_18_1,11_17_18_1,frame_542,0,255,1,1,False,False,True,1.6251017,False,[],,,,,,,33.5,,,,ochoa_cinta,,2025_05_08/11_17_18_1/1,single_fish
2025_05_08,11_17_18_1,11_17_18_1,frame_543,0,255,1,1,False,False,True,1.6126177,False,[],,,,,,,33.5,,,,ochoa_cinta,,2025_05_08/11_17_18_1/1,single_fish
2025_05_08,11_17_18_1,11_17_18_1,frame_544,0,255,1,1,False,False,True,1.6195025,False,[],,,,,,,33.5,,,,ochoa_cinta,,2025_05_08/11_17_18_1/1,single_fish
2025_05_08,11_17_18_1,11_17_18_1,frame_545,0,255,1,1,False,False,True,1.6338264,False,[],,,,,,,33.5,,,,ochoa_cinta,,2025_05_08/11_17_18_1/1,single_fish
2025_05_08,11_17_18_1,11_17_18_1,frame_546,0,255,1,1,False,False,True,1.6121666,False,[],,,,,,,33.5,,,,ochoa_cinta,,2025_05_08/11_17_18_1/1,single_fish
2025_05_08,11_17_18_1,11_17_18_1,frame_547,0,255,1,1,False,False,True,1.6130068,False,[],,,,,,,33.5,,,,ochoa_cinta,,2025_05_08/11_17_18_1/1,single_fish
2025_05_08,11_17_18_1,11_17_18_1,frame_548,0,255,1,1,False,False,True,1.6251166,False,[],,,,,,,33.5,,,,ochoa_cinta,,2025_05_08/11_17_18_1/1,single_fish
2025_05_08,11_17_18_1,11_17_18_1,frame_549,0,255,1,1,False,False,True,1.6033423,False,[],,,,,,,33.5,,,,ochoa_cinta,,2025_05_08/11_17_18_1/1,single_fish
2025_05_08,11_17_18_1,11_17_18_1,frame_550,0,255,1,1,False,False,True,1.6147833,False,[],,,,,,,33.5,,,,ochoa_cinta,,2025_05_08/11_17_18_1/1,single_fish
2025_05_08,11_17_18_1,11_17_18_1,frame_551,0,255,1,1,False,False,True,1.6433274,False,[],,,,,,,33.5,,,,ochoa_cinta,,2025_05_08/11_17_18_1/1,single_fish
2025_05_08,11_17_18_1,11_17_18_1,frame_552,0,255,1,1,False,False,True,1.639854,False,[],,,,,,,33.5,,,,ochoa_cinta,,2025_05_08/11_17_18_1/1,single_fish
2025_05_08,11_17_18_1,11_17_18_1,frame_553,0,255,1,1,False,False,True,1.6303773,False,[],,,,,,,33.5,,,,ochoa_cinta,,2025_05_08/11_17_18_1/1,single_fish
2025_05_08,11_17_18_1,11_17_18_1,frame_554,0,255,1,1,False,False,True,1.6182691,False,[],,,,,,,33.5,,,,ochoa_cinta,,2025_05_08/11_17_18_1/1,single_fish
2025_05_08,11_17_18_1,11_17_18_1,frame_555,0,255,1,1,False,False,True,1.6224971,False,[],,,,,,,33.5,,,,ochoa_cinta,,2025_05_08/11_17_18_1/1,single_fish
2025_05_08,11_17_18_1,11_17_18_1,frame_556,0,255,1,1,False,False,True,1.6306785,False,[],,,,,,,33.5,,,,ochoa_cinta,,2025_05_08/11_17_18_1/1,single_fish
2025_05_08,11_17_18_1,11_17_18_1,frame_557,0,255,1,1,False,False,True,1.6167213,False,[],,,,,,,33.5,,,,ochoa_cinta,,2025_05_08/11_17_18_1/1,single_fish
2025_05_08,11_17_18_1,11_17_18_1,frame_558,0,255,1,1,False,False,True,1.6023465,False,[],,,,,,,33.5,,,,ochoa_cinta,,2025_05_08/11_17_18_1/1,single_fish
2025_05_08,11_17_18_1,11_17_18_1,frame_559,0,255,1,1,False,False,True,1.5870595,False,[],,,,,,,33.5,,,,ochoa_cinta,,2025_05_08/11_17_18_1/1,single_fish
2025_05_08,11_17_18_1,11_17_18_1,frame_560,0,255,1,1,False,False,True,1.5767959,False,[],,,,,,,33.5,,,,ochoa_cinta,,2025_05_08/11_17_18_1/1,single_fish
2025_05_08,11_17_18_1,11_17_18_1,frame_561,0,255,1,1,False,False,True,1.5559038,False,[],,,,,,,33.5,,,,ochoa_cinta,,2025_05_08/11_17_18_1/1,single_fish
2025_05_08,11_17_18_1,11_17_18_1,frame_562,0,255,1,1,False,False,True,1.4983561,False,[],,,,,,,33.5,,,,ochoa_cinta,,2025_05_08/11_17_18_1/1,single_fish
2025_05_08,11_17_18_1,11_17_18_1,frame_563,0,255,1,1,False,False,True,1.4592954,False,[],,,,,,,33.5,,,,ochoa_cinta,,2025_05_08/11_17_18_1/1,single_fish
2025_05_08,11_17_18_1,11_17_18_1,frame_564,0,255,1,1,False,False,True,1.4050729,False,[],,,,,,,33.5,,,,ochoa_cinta,,2025_05_08/11_17_18_1/1,single_fish
2025_05_08,11_17_18_1,11_17_18_1,frame_565,0,255,1,1,False,False,True,1.343688,False,[],,,,,,,33.5,,,,ochoa_cinta,,2025_05_08/11_17_18_1/1,single_fish
2025_05_08,11_17_18_1,11_17_18_1,frame_566,0,255,1,1,False,False,True,1.2836299,False,[],,,,,,,33.5,,,,ochoa_cinta,,2025_05_08/11_17_18_1/1,single_fish
2025_05_08,11_17_18_1,11_17_18_1,frame_567,0,255,1,1,False,False,True,1.2599316,False,[],,,,,,,33.5,,,,ochoa_cinta,,2025_05_08/11_17_18_1/1,single_fish
2025_05_08,11_17_18_1,11_17_18_1,frame_568,0,255,1,1,False,False,True,1.2228004,False,[],,,,,,,33.5,,,,ochoa_cinta,,2025_05_08/11_17_18_1/1,single_fish
2025_05_08,11_17_18_1,11_17_18_1,frame_569,0,255,1,1,False,False,True,1.1916561,False,[],,,,,,,33.5,,,,ochoa_cinta,,2025_05_08/11_17_18_1/1,single_fish
2025_05_08,11_17_18_1,11_17_18_1,frame_570,0,255,1,1,False,False,True,1.1646081,False,[],,,,,,,33.5,,,,ochoa_cinta,,2025_05_08/11_17_18_1/1,single_fish
2025_05_08,11_17_18_1,11_17_18_1,frame_571,0,255,1,1,False,False,True,1.1469041,False,[],,,,,,,33.5,,,,ochoa_cinta,,2025_05_08/11_17_18_1/1,single_fish
2025_05_08,11_17_18_1,11_17_18_1,frame_572,0,255,1,1,False,False,True,1.1442616,False,[],,,,,,,33.5,,,,ochoa_cinta,,2025_05_08/11_17_18_1/1,single_fish
2025_05_08,11_17_18_1,11_17_18_1,frame_573,0,255,1,1,False,False,True,1.1553668,False,[],,,,,,,33.5,,,,ochoa_cinta,,2025_05_08/11_17_18_1/1,single_fish
2025_05_08,11_17_18_1,11_17_18_1,frame_574,0,255,1,1,False,False,True,1.1649578,False,[],,,,,,,33.5,,,,ochoa_cinta,,2025_05_08/11_17_18_1/1,single_fish
2025_05_08,11_17_18_1,11_17_18_1,frame_575,0,255,1,1,False,False,True,1.158549,False,[],,,,,,,33.5,,,,ochoa_cinta,,2025_05_08/11_17_18_1/1,single_fish
2025_05_08,11_17_18_1,11_17_18_1,frame_576,0,255,1,1,False,False,True,1.1625063,False,[],,,,,,,33.5,,,,ochoa_cinta,,2025_05_08/11_17_18_1/1,single_fish
2025_05_08,11_17_18_1,11_17_18_1,frame_577,0,255,1,1,False,False,True,1.1904433,False,[],,,,,,,33.5,,,,ochoa_cinta,,2025_05_08/11_17_18_1/1,single_fish
2025_05_08,11_17_18_1,11_17_18_1,frame_578,0,255,1,1,False,False,True,1.2087293,False,[],,,,,,,33.5,,,,ochoa_cinta,,2025_05_08/11_17_18_1/1,single_fish
2025_05_08,11_17_18_1,11_17_18_1,frame_579,0,255,1,1,False,False,True,1.2319335,False,[],,,,,,,33.5,,,,ochoa_cinta,,2025_05_08/11_17_18_1/1,single_fish
2025_05_08,11_17_18_1,11_17_18_1,frame_580,0,255,1,1,False,False,True,1.2449223,False,[],,,,,,,33.5,,,,ochoa_cinta,,2025_05_08/11_17_18_1/1,single_fish
2025_05_08,11_17_18_1,11_17_18_1,frame_581,0,255,1,1,False,False,True,1.2845696,False,[],,,,,,,33.5,,,,ochoa_cinta,,2025_05_08/11_17_18_1/1,single_fish
2025_05_08,11_17_18_1,11_17_18_1,frame_582,0,255,1,1,False,False,True,1.2956542,False,[],,,,,,,33.5,,,,ochoa_cinta,,2025_05_08/11_17_18_1/1,single_fish
2025_05_08,11_17_18_1,11_17_18_1,frame_583,0,255,1,1,False,False,True,1.3115855,False,[],,,,,,,33.5,,,,ochoa_cinta,,2025_05_08/11_17_18_1/1,single_fish
2025_05_08,11_17_18_1,11_17_18_1,frame_584,0,255,1,1,False,False,True,1.3470508,False,[],,,,,,,33.5,,,,ochoa_cinta,,2025_05_08/11_17_18_1/1,single_fish
2025_05_08,11_17_18_1,11_17_18_1,frame_585,0,255,1,1,False,False,True,1.3728939,False,[],,,,,,,33.5,,,,ochoa_cinta,,2025_05_08/11_17_18_1/1,single_fish
2025_05_08,11_17_18_1,11_17_18_1,frame_586,0,255,1,1,False,False,True,1.3920523,False,[],,,,,,,33.5,,,,ochoa_cinta,,2025_05_08/11_17_18_1/1,single_fish
2025_05_08,11_17_18_1,11_17_18_1,frame_587,0,255,1,1,False,False,True,1.4019432,False,[],,,,,,,33.5,,,,ochoa_cinta,,2025_05_08/11_17_18_1/1,single_fish
2025_05_08,11_17_18_1,11_17_18_1,frame_588,0,255,1,1,False,False,True,1.4173231,False,[],,,,,,,33.5,,,,ochoa_cinta,,2025_05_08/11_17_18_1/1,single_fish
2025_05_08,11_17_18_1,11_17_18_1,frame_589,0,255,1,1,False,False,True,1.4277828,False,[],,,,,,,33.5,,,,ochoa_cinta,,2025_05_08/11_17_18_1/1,single_fish
2025_05_08,11_17_18_1,11_17_18_1,frame_590,0,255,1,1,False,False,True,1.4134767,False,[],,,,,,,33.5,,,,ochoa_cinta,,2025_05_08/11_17_18_1/1,single_fish
2025_05_08,11_17_18_1,11_17_18_1,frame_591,0,255,1,1,False,False,True,1.3846904,False,[],,,,,,,33.5,,,,ochoa_cinta,,2025_05_08/11_17_18_1/1,single_fish
2025_05_08,11_17_18_1,11_17_18_1,frame_592,0,255,1,1,False,False,True,1.3838629,False,[],,,,,,,33.5,,,,ochoa_cinta,,2025_05_08/11_17_18_1/1,single_fish
2025_05_08,11_17_18_1,11_17_18_1,frame_593,0,255,1,1,False,False,True,1.3732388,False,[],,,,,,,33.5,,,,ochoa_cinta,,2025_05_08/11_17_18_1/1,single_fish
2025_05_08,11_17_18_1,11_17_18_1,frame_594,0,255,1,1,False,False,True,1.3736804,False,[],,,,,,,33.5,,,,ochoa_cinta,,2025_05_08/11_17_18_1/1,single_fish
2025_05_08,11_17_18_1,11_17_18_1,frame_595,0,255,1,1,False,False,True,1.3705767,False,[],,,,,,,33.5,,,,ochoa_cinta,,2025_05_08/11_17_18_1/1,single_fish
2025_05_08,11_17_18_1,11_17_18_1,frame_596,0,255,1,1,False,False,True,1.3771665,False,[],,,,,,,33.5,,,,ochoa_cinta,,2025_05_08/11_17_18_1/1,single_fish
2025_05_08,11_17_18_1,11_17_18_1,frame_597,0,255,1,1,False,False,True,1.3526706,False,[],,,,,,,33.5,,,,ochoa_cinta,,2025_05_08/11_17_18_1/1,single_fish
2025_05_08,11_17_18_1,11_17_18_1,frame_598,0,255,1,1,False,False,True,1.3141408,False,[],,,,,,,33.5,,,,ochoa_cinta,,2025_05_08/11_17_18_1/1,single_fish
2025_05_08,11_17_18_1,11_17_18_1,frame_599,0,255,1,1,False,False,True,1.2898468,False,[],,,,,,,33.5,,,,ochoa_cinta,,2025_05_08/11_17_18_1/1,single_fish
2025_05_08,11_17_18_1,11_17_18_1,frame_600,0,255,1,1,False,False,True,1.2812599,False,[],,,,,,,33.5,,,,ochoa_cinta,,2025_05_08/11_17_18_1/1,single_fish
2025_05_08,11_17_18_1,11_17_18_1,frame_601,0,255,1,1,False,False,True,1.2475079,False,[],,,,,,,33.5,,,,ochoa_cinta,,2025_05_08/11_17_18_1/1,single_fish
2025_05_08,11_17_18_1,11_17_18_1,frame_602,0,255,1,1,False,False,True,1.2222418,False,[],,,,,,,33.5,,,,ochoa_cinta,,2025_05_08/11_17_18_1/1,single_fish
2025_05_08,11_17_18_1,11_17_18_1,frame_603,0,255,1,1,False,False,True,1.1835303,False,[],,,,,,,33.5,,,,ochoa_cinta,,2025_05_08/11_17_18_1/1,single_fish
2025_05_08,11_17_18_1,11_17_18_1,frame_604,0,255,1,1,False,False,True,1.1449538,False,[],,,,,,,33.5,,,,ochoa_cinta,,2025_05_08/11_17_18_1/1,single_fish
2025_05_08,11_17_18_1,11_17_18_1,frame_605,0,255,1,1,False,False,True,1.094343,False,[],,,,,,,33.5,,,,ochoa_cinta,,2025_05_08/11_17_18_1/1,single_fish
2025_05_08,11_17_18_1,11_17_18_1,frame_606,0,255,1,1,False,False,True,1.0323844,False,[],,,,,,,33.5,,,,ochoa_cinta,,2025_05_08/11_17_18_1/1,single_fish
2025_05_08,11_17_18_1,11_17_18_1,frame_607,0,255,1,1,False,False,True,1.0053124,False,[],,,,,,,33.5,,,,ochoa_cinta,,2025_05_08/11_17_18_1/1,single_fish
2025_05_08,11_17_18_1,11_17_18_1,frame_608,0,255,1,1,False,False,True,1.0361998,False,[],,,,,,,33.5,,,,ochoa_cinta,,2025_05_08/11_17_18_1/1,single_fish
2025_05_08,11_17_18_1,11_17_18_1,frame_609,0,255,1,1,False,False,True,1.0460106,False,[],,,,,,,33.5,,,,ochoa_cinta,,2025_05_08/11_17_18_1/1,single_fish
2025_05_08,11_17_18_1,11_17_18_1,frame_610,0,255,1,1,False,False,True,1.0865296,False,[],,,,,,,33.5,,,,ochoa_cinta,,2025_05_08/11_17_18_1/1,single_fish
2025_05_08,11_17_18_1,11_17_18_1,frame_611,0,255,1,1,False,False,True,1.1056113,False,[],,,,,,,33.5,,,,ochoa_cinta,,2025_05_08/11_17_18_1/1,single_fish
2025_05_08,11_17_18_1,11_17_18_1,frame_612,0,255,1,1,False,False,True,1.0766687,False,[],,,,,,,33.5,,,,ochoa_cinta,,2025_05_08/11_17_18_1/1,single_fish
2025_05_08,11_17_18_1,11_17_18_1,frame_613,0,255,1,1,False,False,True,1.054976,False,[],,,,,,,33.5,,,,ochoa_cinta,,2025_05_08/11_17_18_1/1,single_fish
2025_05_08,11_17_18_1,11_17_18_1,frame_614,0,255,1,1,False,False,True,1.0712606,False,[],,,,,,,33.5,,,,ochoa_cinta,,2025_05_08/11_17_18_1/1,single_fish
2025_05_08,11_17_18_1,11_17_18_1,frame_615,0,255,1,1,False,False,True,1.0354606,False,[],,,,,,,33.5,,,,ochoa_cinta,,2025_05_08/11_17_18_1/1,single_fish
2025_05_08,11_17_18_1,11_17_18_1,frame_616,0,255,1,1,False,False,True,1.0180032,False,[],,,,,,,33.5,,,,ochoa_cinta,,2025_05_08/11_17_18_1/1,single_fish
2025_05_08,11_17_18_1,11_17_18_1,frame_617,0,255,1,1,False,False,True,1.0126226,False,[],,,,,,,33.5,,,,ochoa_cinta,,2025_05_08/11_17_18_1/1,single_fish
2025_05_08,11_17_18_1,11_17_18_1,frame_618,0,255,1,1,False,False,True,1.0306398,False,[],,,,,,,33.5,,,,ochoa_cinta,,2025_05_08/11_17_18_1/1,single_fish
2025_05_08,11_17_18_1,11_17_18_1,frame_619,0,255,1,1,False,False,True,1.0578817,False,[],,,,,,,33.5,,,,ochoa_cinta,,2025_05_08/11_17_18_1/1,single_fish
2025_05_08,11_17_18_1,11_17_18_1,frame_620,0,255,1,1,False,False,True,1.085155,False,[],,,,,,,33.5,,,,ochoa_cinta,,2025_05_08/11_17_18_1/1,single_fish
2025_05_08,11_17_18_1,11_17_18_1,frame_621,0,255,1,1,False,False,True,1.1075064,False,[],,,,,,,33.5,,,,ochoa_cinta,,2025_05_08/11_17_18_1/1,single_fish
2025_05_08,11_17_18_1,11_17_18_1,frame_622,0,255,1,1,False,False,True,1.1199725,False,[],,,,,,,33.5,,,,ochoa_cinta,,2025_05_08/11_17_18_1/1,single_fish
2025_05_08,11_17_18_1,11_17_18_1,frame_623,0,255,1,1,False,False,True,1.1261436,False,[],,,,,,,33.5,,,,ochoa_cinta,,2025_05_08/11_17_18_1/1,single_fish
2025_05_08,11_17_18_1,11_17_18_1,frame_624,0,255,1,1,False,False,True,1.1435668,False,[],,,,,,,33.5,,,,ochoa_cinta,,2025_05_08/11_17_18_1/1,single_fish
2025_05_08,11_17_18_1,11_17_18_1,frame_625,0,255,1,1,False,False,True,1.1420995,False,[],,,,,,,33.5,,,,ochoa_cinta,,2025_05_08/11_17_18_1/1,single_fish
2025_05_08,11_17_18_1,11_17_18_1,frame_626,0,255,1,1,False,False,True,1.1426905,False,[],,,,,,,33.5,,,,ochoa_cinta,,2025_05_08/11_17_18_1/1,single_fish
2025_05_08,11_17_18_1,11_17_18_1,frame_627,0,255,1,1,False,False,True,1.1384214,False,[],,,,,,,33.5,,,,ochoa_cinta,,2025_05_08/11_17_18_1/1,single_fish
2025_05_08,11_17_18_1,11_17_18_1,frame_628,0,255,1,1,False,False,True,1.1383817,False,[],,,,,,,33.5,,,,ochoa_cinta,,2025_05_08/11_17_18_1/1,single_fish
2025_05_08,11_17_18_1,11_17_18_1,frame_629,0,255,1,1,False,False,True,1.1325383,False,[],,,,,,,33.5,,,,ochoa_cinta,,2025_05_08/11_17_18_1/1,single_fish
2025_05_08,11_17_18_1,11_17_18_1,frame_630,0,255,1,1,False,False,True,1.0998455,False,[],,,,,,,33.5,,,,ochoa_cinta,,2025_05_08/11_17_18_1/1,single_fish
2025_05_08,11_17_18_1,11_17_18_1,frame_631,0,255,1,1,False,False,True,1.0757768,False,[],,,,,,,33.5,,,,ochoa_cinta,,2025_05_08/11_17_18_1/1,single_fish
2025_05_08,11_17_18_1,11_17_18_1,frame_632,0,255,1,1,False,False,True,1.0012658,False,[],,,,,,,33.5,,,,ochoa_cinta,,2025_05_08/11_17_18_1/1,single_fish
2025_05_08,11_17_18_1,11_17_18_1,frame_633,0,255,1,1,False,False,True,1.0469108,False,[],,,,,,,33.5,,,,ochoa_cinta,,2025_05_08/11_17_18_1/1,single_fish
2025_05_08,11_17_18_1,11_17_18_1,frame_634,0,255,1,1,False,False,True,1.1650012,False,[],,,,,,,33.5,,,,ochoa_cinta,,2025_05_08/11_17_18_1/1,single_fish
2025_05_08,11_17_18_1,11_17_18_1,frame_635,0,255,1,1,False,False,True,1.2328163,False,[],,,,,,,33.5,,,,ochoa_cinta,,2025_05_08/11_17_18_1/1,single_fish
2025_05_08,11_17_18_1,11_17_18_1,frame_636,0,255,1,1,False,False,True,1.3613062,False,[],,,,,,,33.5,,,,ochoa_cinta,,2025_05_08/11_17_18_1/1,single_fish
2025_05_08,11_17_18_1,11_17_18_1,frame_637,0,255,1,1,False,False,True,1.506389,False,[],,,,,,,33.5,,,,ochoa_cinta,,2025_05_08/11_17_18_1/1,single_fish
2025_05_08,11_17_18_1,11_17_18_1,frame_638,0,255,1,1,False,False,True,1.5984161,False,[],,,,,,,33.5,,,,ochoa_cinta,,2025_05_08/11_17_18_1/1,single_fish
2025_05_08,11_17_18_1,11_17_18_1,frame_639,0,255,1,1,False,False,True,1.6662613,False,[],,,,,,,33.5,,,,ochoa_cinta,,2025_05_08/11_17_18_1/1,single_fish
2025_05_08,11_17_18_1,11_17_18_1,frame_640,0,255,1,1,False,False,True,1.6739956,False,[],,,,,,,33.5,,,,ochoa_cinta,,2025_05_08/11_17_18_1/1,single_fish
2025_05_08,11_17_18_1,11_17_18_1,frame_641,0,255,1,1,False,False,True,1.6518755,False,[],,,,,,,33.5,,,,ochoa_cinta,,2025_05_08/11_17_18_1/1,single_fish
2025_05_08,11_17_18_1,11_17_18_1,frame_642,0,255,1,1,False,False,True,1.5632585,False,[],,,,,,,33.5,,,,ochoa_cinta,,2025_05_08/11_17_18_1/1,single_fish
2025_05_08,11_17_18_1,11_17_18_1,frame_643,0,255,1,1,False,False,True,1.4347484,False,[],,,,,,,33.5,,,,ochoa_cinta,,2025_05_08/11_17_18_1/1,single_fish
2025_05_08,11_17_18_1,11_17_18_1,frame_644,0,255,1,1,False,False,True,1.3247094,False,[],,,,,,,33.5,,,,ochoa_cinta,,2025_05_08/11_17_18_1/1,single_fish
2025_05_08,11_17_18_1,11_17_18_1,frame_645,0,255,1,1,False,False,True,1.2823242,False,[],,,,,,,33.5,,,,ochoa_cinta,,2025_05_08/11_17_18_1/1,single_fish
2025_05_08,11_17_18_1,11_17_18_1,frame_646,0,255,1,1,False,False,True,1.2236782,False,[],,,,,,,33.5,,,,ochoa_cinta,,2025_05_08/11_17_18_1/1,single_fish
2025_05_08,11_17_18_1,11_17_18_1,frame_647,0,255,1,1,False,False,True,1.1493737,False,[],,,,,,,33.5,,,,ochoa_cinta,,2025_05_08/11_17_18_1/1,single_fish
2025_05_08,11_17_18_1,11_17_18_1,frame_649,0,255,1,1,False,False,True,1.0002697,False,[],,,,,,,33.5,,,,ochoa_cinta,,2025_05_08/11_17_18_1/1,single_fish
2025_05_08,11_17_18_1,11_17_18_1,frame_651,0,255,1,1,False,False,True,1.0844969,False,[],,,,,,,33.5,,,,ochoa_cinta,,2025_05_08/11_17_18_1/1,single_fish
2025_05_08,11_17_18_1,11_17_18_1,frame_652,0,255,1,1,False,False,True,1.0945323,False,[],,,,,,,33.5,,,,ochoa_cinta,,2025_05_08/11_17_18_1/1,single_fish
2025_05_08,11_17_18_1,11_17_18_1,frame_653,0,255,1,1,False,False,True,1.0942098,False,[],,,,,,,33.5,,,,ochoa_cinta,,2025_05_08/11_17_18_1/1,single_fish
2025_05_08,11_17_18_1,11_17_18_1,frame_654,0,255,1,1,False,False,True,1.0974647,False,[],,,,,,,33.5,,,,ochoa_cinta,,2025_05_08/11_17_18_1/1,single_fish
2025_05_08,11_17_18_1,11_17_18_1,frame_655,0,255,1,1,False,False,True,1.1018941,False,[],,,,,,,33.5,,,,ochoa_cinta,,2025_05_08/11_17_18_1/1,single_fish
2025_05_08,11_17_18_1,11_17_18_1,frame_656,0,255,1,1,False,False,True,1.0919012,False,[],,,,,,,33.5,,,,ochoa_cinta,,2025_05_08/11_17_18_1/1,single_fish
2025_05_08,11_17_18_1,11_17_18_1,frame_657,0,255,1,1,False,False,True,1.1051918,False,[],,,,,,,33.5,,,,ochoa_cinta,,2025_05_08/11_17_18_1/1,single_fish
2025_05_08,11_17_18_1,11_17_18_1,frame_658,0,255,1,1,False,False,True,1.1317132,False,[],,,,,,,33.5,,,,ochoa_cinta,,2025_05_08/11_17_18_1/1,single_fish
2025_05_08,11_17_18_1,11_17_18_1,frame_659,0,255,1,1,False,False,True,1.148756,False,[],,,,,,,33.5,,,,ochoa_cinta,,2025_05_08/11_17_18_1/1,single_fish
2025_05_08,11_17_18_1,11_17_18_1,frame_660,0,255,1,1,False,False,True,1.0999656,False,[],,,,,,,33.5,,,,ochoa_cinta,,2025_05_08/11_17_18_1/1,single_fish
2025_05_08,11_17_18_1,11_17_18_1,frame_661,0,255,1,1,False,False,True,1.1419686,False,[],,,,,,,33.5,,,,ochoa_cinta,,2025_05_08/11_17_18_1/1,single_fish
2025_05_08,11_17_18_1,11_17_18_1,frame_662,0,255,1,1,False,False,True,1.1533625,False,[],,,,,,,33.5,,,,ochoa_cinta,,2025_05_08/11_17_18_1/1,single_fish
2025_05_08,11_17_18_1,11_17_18_1,frame_663,0,255,1,1,False,False,True,1.134892,False,[],,,,,,,33.5,,,,ochoa_cinta,,2025_05_08/11_17_18_1/1,single_fish
2025_05_08,11_17_18_1,11_17_18_1,frame_664,0,255,1,1,False,False,True,1.1514821,False,[],,,,,,,33.5,,,,ochoa_cinta,,2025_05_08/11_17_18_1/1,single_fish
2025_05_08,11_17_18_1,11_17_18_1,frame_665,0,255,1,1,False,False,True,1.1577568,False,[],,,,,,,33.5,,,,ochoa_cinta,,2025_05_08/11_17_18_1/1,single_fish
2025_05_08,11_17_18_1,11_17_18_1,frame_666,0,255,1,1,False,False,True,1.1872011,False,[],,,,,,,33.5,,,,ochoa_cinta,,2025_05_08/11_17_18_1/1,single_fish
2025_05_08,11_17_18_0,11_17_18_0,frame_0,0,255,1,1,False,False,True,1.2987013,False,[],,,,,,,33.5,,,,ochoa_cinta,,2025_05_08/11_17_18_0/1,single_fish
2025_05_08,11_17_18_0,11_17_18_0,frame_1,0,255,1,1,False,False,True,1.3065634,False,[],,,,,,,33.5,,,,ochoa_cinta,,2025_05_08/11_17_18_0/1,single_fish
2025_05_08,11_17_18_0,11_17_18_0,frame_2,0,255,1,1,False,False,True,1.3276937,False,[],,,,,,,33.5,,,,ochoa_cinta,,2025_05_08/11_17_18_0/1,single_fish
2025_05_08,11_17_18_0,11_17_18_0,frame_3,0,255,1,1,False,False,True,1.3705714,False,[],,,,,,,33.5,,,,ochoa_cinta,,2025_05_08/11_17_18_0/1,single_fish
2025_05_08,11_17_18_0,11_17_18_0,frame_4,0,255,1,1,False,False,True,1.3714765,False,[],,,,,,,33.5,,,,ochoa_cinta,,2025_05_08/11_17_18_0/1,single_fish
2025_05_08,11_17_18_0,11_17_18_0,frame_5,0,255,1,1,False,False,True,1.3256441,False,[],,,,,,,33.5,,,,ochoa_cinta,,2025_05_08/11_17_18_0/1,single_fish
2025_05_08,11_17_18_0,11_17_18_0,frame_6,0,255,1,1,False,False,True,1.2945156,False,[],,,,,,,33.5,,,,ochoa_cinta,,2025_05_08/11_17_18_0/1,single_fish
2025_05_08,11_17_18_0,11_17_18_0,frame_7,0,255,1,1,False,False,True,1.2783241,False,[],,,,,,,33.5,,,,ochoa_cinta,,2025_05_08/11_17_18_0/1,single_fish
2025_05_08,11_17_18_0,11_17_18_0,frame_8,0,255,1,1,False,False,True,1.2193698,False,[],,,,,,,33.5,,,,ochoa_cinta,,2025_05_08/11_17_18_0/1,single_fish
2025_05_08,11_17_18_0,11_17_18_0,frame_9,0,255,1,1,False,False,True,1.1584553,False,[],,,,,,,33.5,,,,ochoa_cinta,,2025_05_08/11_17_18_0/1,single_fish
2025_05_08,11_17_18_0,11_17_18_0,frame_10,0,255,1,1,False,False,True,1.1596643,False,[],,,,,,,33.5,,,,ochoa_cinta,,2025_05_08/11_17_18_0/1,single_fish
2025_05_08,11_17_18_0,11_17_18_0,frame_11,0,255,1,1,False,False,True,1.1878984,False,[],,,,,,,33.5,,,,ochoa_cinta,,2025_05_08/11_17_18_0/1,single_fish
2025_05_08,11_17_18_0,11_17_18_0,frame_12,0,255,1,1,False,False,True,1.183983,False,[],,,,,,,33.5,,,,ochoa_cinta,,2025_05_08/11_17_18_0/1,single_fish
2025_05_08,11_17_18_0,11_17_18_0,frame_13,0,255,1,1,False,False,True,1.1848192,False,[],,,,,,,33.5,,,,ochoa_cinta,,2025_05_08/11_17_18_0/1,single_fish
2025_05_08,11_17_18_0,11_17_18_0,frame_14,0,255,1,1,False,False,True,1.2021732,False,[],,,,,,,33.5,,,,ochoa_cinta,,2025_05_08/11_17_18_0/1,single_fish
2025_05_08,11_17_18_0,11_17_18_0,frame_15,0,255,1,1,False,False,True,1.2223263,False,[],,,,,,,33.5,,,,ochoa_cinta,,2025_05_08/11_17_18_0/1,single_fish
2025_05_08,11_17_18_0,11_17_18_0,frame_16,0,255,1,1,False,False,True,1.219749,False,[],,,,,,,33.5,,,,ochoa_cinta,,2025_05_08/11_17_18_0/1,single_fish
2025_05_08,11_17_18_0,11_17_18_0,frame_17,0,255,1,1,False,False,True,1.2664857,False,[],,,,,,,33.5,,,,ochoa_cinta,,2025_05_08/11_17_18_0/1,single_fish
2025_05_08,11_17_18_0,11_17_18_0,frame_18,0,255,1,1,False,False,True,1.3092867,False,[],,,,,,,33.5,,,,ochoa_cinta,,2025_05_08/11_17_18_0/1,single_fish
2025_05_08,11_17_18_0,11_17_18_0,frame_19,0,255,1,1,False,False,True,1.3495444,False,[],,,,,,,33.5,,,,ochoa_cinta,,2025_05_08/11_17_18_0/1,single_fish
2025_05_08,11_17_18_0,11_17_18_0,frame_20,0,255,1,1,False,False,True,1.3602715,False,[],,,,,,,33.5,,,,ochoa_cinta,,2025_05_08/11_17_18_0/1,single_fish
2025_05_08,11_17_18_0,11_17_18_0,frame_21,0,255,1,1,False,False,True,1.3801302,False,[],,,,,,,33.5,,,,ochoa_cinta,,2025_05_08/11_17_18_0/1,single_fish
2025_05_08,11_17_18_0,11_17_18_0,frame_22,0,255,1,1,False,False,True,1.3896955,False,[],,,,,,,33.5,,,,ochoa_cinta,,2025_05_08/11_17_18_0/1,single_fish
2025_05_08,11_17_18_0,11_17_18_0,frame_23,0,255,1,1,False,False,True,1.387722,False,[],,,,,,,33.5,,,,ochoa_cinta,,2025_05_08/11_17_18_0/1,single_fish
2025_05_08,11_17_18_0,11_17_18_0,frame_24,0,255,1,1,False,False,True,1.4505179,False,[],,,,,,,33.5,,,,ochoa_cinta,,2025_05_08/11_17_18_0/1,single_fish
2025_05_08,11_17_18_0,11_17_18_0,frame_25,0,255,1,1,False,False,True,1.4781778,False,[],,,,,,,33.5,,,,ochoa_cinta,,2025_05_08/11_17_18_0/1,single_fish
2025_05_08,11_17_18_0,11_17_18_0,frame_26,0,255,1,1,False,False,True,1.4677552,False,[],,,,,,,33.5,,,,ochoa_cinta,,2025_05_08/11_17_18_0/1,single_fish
2025_05_08,11_17_18_0,11_17_18_0,frame_27,0,255,1,1,False,False,True,1.4293451,False,[],,,,,,,33.5,,,,ochoa_cinta,,2025_05_08/11_17_18_0/1,single_fish
2025_05_08,11_17_18_0,11_17_18_0,frame_28,0,255,1,1,False,False,True,1.4179556,False,[],,,,,,,33.5,,,,ochoa_cinta,,2025_05_08/11_17_18_0/1,single_fish
2025_05_08,11_17_18_0,11_17_18_0,frame_29,0,255,1,1,False,False,True,1.3851684,False,[],,,,,,,33.5,,,,ochoa_cinta,,2025_05_08/11_17_18_0/1,single_fish
2025_05_08,11_17_18_0,11_17_18_0,frame_30,0,255,1,1,False,False,True,1.3437549,False,[],,,,,,,33.5,,,,ochoa_cinta,,2025_05_08/11_17_18_0/1,single_fish
2025_05_08,11_17_18_0,11_17_18_0,frame_31,0,255,1,1,False,False,True,1.3057526,False,[],,,,,,,33.5,,,,ochoa_cinta,,2025_05_08/11_17_18_0/1,single_fish
2025_05_08,11_17_18_0,11_17_18_0,frame_32,0,255,1,1,False,False,True,1.2889076,False,[],,,,,,,33.5,,,,ochoa_cinta,,2025_05_08/11_17_18_0/1,single_fish
2025_05_08,11_17_18_0,11_17_18_0,frame_33,0,255,1,1,False,False,True,1.2506716,False,[],,,,,,,33.5,,,,ochoa_cinta,,2025_05_08/11_17_18_0/1,single_fish
2025_05_08,11_17_18_0,11_17_18_0,frame_34,0,255,1,1,False,False,True,1.2188144,False,[],,,,,,,33.5,,,,ochoa_cinta,,2025_05_08/11_17_18_0/1,single_fish
2025_05_08,11_17_18_0,11_17_18_0,frame_35,0,255,1,1,False,False,True,1.2015692,False,[],,,,,,,33.5,,,,ochoa_cinta,,2025_05_08/11_17_18_0/1,single_fish
2025_05_08,11_17_18_0,11_17_18_0,frame_36,0,255,1,1,False,False,True,1.1756833,False,[],,,,,,,33.5,,,,ochoa_cinta,,2025_05_08/11_17_18_0/1,single_fish
2025_05_08,11_17_18_0,11_17_18_0,frame_37,0,255,1,1,False,False,True,1.1518112,False,[],,,,,,,33.5,,,,ochoa_cinta,,2025_05_08/11_17_18_0/1,single_fish
2025_05_08,11_17_18_0,11_17_18_0,frame_38,0,255,1,1,False,False,True,1.1459022,False,[],,,,,,,33.5,,,,ochoa_cinta,,2025_05_08/11_17_18_0/1,single_fish
2025_05_08,11_17_18_0,11_17_18_0,frame_39,0,255,1,1,False,False,True,1.1364561,False,[],,,,,,,33.5,,,,ochoa_cinta,,2025_05_08/11_17_18_0/1,single_fish
2025_05_08,11_17_18_0,11_17_18_0,frame_40,0,255,1,1,False,False,True,1.1207731,False,[],,,,,,,33.5,,,,ochoa_cinta,,2025_05_08/11_17_18_0/1,single_fish
2025_05_08,11_17_18_0,11_17_18_0,frame_41,0,255,1,1,False,False,True,1.1455189,False,[],,,,,,,33.5,,,,ochoa_cinta,,2025_05_08/11_17_18_0/1,single_fish
2025_05_08,11_17_18_0,11_17_18_0,frame_42,0,255,1,1,False,False,True,1.124389,False,[],,,,,,,33.5,,,,ochoa_cinta,,2025_05_08/11_17_18_0/1,single_fish
2025_05_08,11_17_18_0,11_17_18_0,frame_43,0,255,1,1,False,False,True,1.0979682,False,[],,,,,,,33.5,,,,ochoa_cinta,,2025_05_08/11_17_18_0/1,single_fish
2025_05_08,11_17_18_0,11_17_18_0,frame_44,0,255,1,1,False,False,True,1.0246418,False,[],,,,,,,33.5,,,,ochoa_cinta,,2025_05_08/11_17_18_0/1,single_fish
2025_05_08,11_17_18_0,11_17_18_0,frame_45,0,255,1,1,False,False,True,1.0112092,False,[],,,,,,,33.5,,,,ochoa_cinta,,2025_05_08/11_17_18_0/1,single_fish
2025_05_08,11_17_18_0,11_17_18_0,frame_46,0,255,1,1,False,False,True,1.0569415,False,[],,,,,,,33.5,,,,ochoa_cinta,,2025_05_08/11_17_18_0/1,single_fish
2025_05_08,11_17_18_0,11_17_18_0,frame_47,0,255,1,1,False,False,True,1.1002823,False,[],,,,,,,33.5,,,,ochoa_cinta,,2025_05_08/11_17_18_0/1,single_fish
2025_05_08,11_17_18_0,11_17_18_0,frame_48,0,255,1,1,False,False,True,1.1228815,False,[],,,,,,,33.5,,,,ochoa_cinta,,2025_05_08/11_17_18_0/1,single_fish
2025_05_08,11_17_18_0,11_17_18_0,frame_49,0,255,1,1,False,False,True,1.1521012,False,[],,,,,,,33.5,,,,ochoa_cinta,,2025_05_08/11_17_18_0/1,single_fish
2025_05_08,11_17_18_0,11_17_18_0,frame_50,0,255,1,1,False,False,True,1.2013758,False,[],,,,,,,33.5,,,,ochoa_cinta,,2025_05_08/11_17_18_0/1,single_fish
2025_05_08,11_17_18_0,11_17_18_0,frame_51,0,255,1,1,False,False,True,1.2629602,False,[],,,,,,,33.5,,,,ochoa_cinta,,2025_05_08/11_17_18_0/1,single_fish
2025_05_08,11_17_18_0,11_17_18_0,frame_52,0,255,1,1,False,False,True,1.3247632,False,[],,,,,,,33.5,,,,ochoa_cinta,,2025_05_08/11_17_18_0/1,single_fish
2025_05_08,11_17_18_0,11_17_18_0,frame_53,0,255,1,1,False,False,True,1.3755159,False,[],,,,,,,33.5,,,,ochoa_cinta,,2025_05_08/11_17_18_0/1,single_fish
2025_05_08,11_17_18_0,11_17_18_0,frame_54,0,255,1,1,False,False,True,1.402427,False,[],,,,,,,33.5,,,,ochoa_cinta,,2025_05_08/11_17_18_0/1,single_fish
2025_05_08,11_17_18_0,11_17_18_0,frame_55,0,255,1,1,False,False,True,1.3888559,False,[],,,,,,,33.5,,,,ochoa_cinta,,2025_05_08/11_17_18_0/1,single_fish
2025_05_08,11_17_18_0,11_17_18_0,frame_56,0,255,1,1,False,False,True,1.361973,False,[],,,,,,,33.5,,,,ochoa_cinta,,2025_05_08/11_17_18_0/1,single_fish
2025_05_08,11_17_18_0,11_17_18_0,frame_57,0,255,1,1,False,False,True,1.3152491,False,[],,,,,,,33.5,,,,ochoa_cinta,,2025_05_08/11_17_18_0/1,single_fish
2025_05_08,11_17_18_0,11_17_18_0,frame_58,0,255,1,1,False,False,True,1.2510482,False,[],,,,,,,33.5,,,,ochoa_cinta,,2025_05_08/11_17_18_0/1,single_fish
2025_05_08,11_17_18_0,11_17_18_0,frame_59,0,255,1,1,False,False,True,1.1725392,False,[],,,,,,,33.5,,,,ochoa_cinta,,2025_05_08/11_17_18_0/1,single_fish
2025_05_08,11_17_18_0,11_17_18_0,frame_60,0,255,1,1,False,False,True,1.1048176,False,[],,,,,,,33.5,,,,ochoa_cinta,,2025_05_08/11_17_18_0/1,single_fish
2025_05_08,11_17_18_0,11_17_18_0,frame_61,0,255,1,1,False,False,True,1.0466326,False,[],,,,,,,33.5,,,,ochoa_cinta,,2025_05_08/11_17_18_0/1,single_fish
2025_05_08,11_17_18_0,11_17_18_0,frame_62,0,255,1,1,False,False,True,1.0085123,False,[],,,,,,,33.5,,,,ochoa_cinta,,2025_05_08/11_17_18_0/1,single_fish
2025_05_08,11_17_18_0,11_17_18_0,frame_63,0,255,1,1,False,False,True,1.053081,False,[],,,,,,,33.5,,,,ochoa_cinta,,2025_05_08/11_17_18_0/1,single_fish
2025_05_08,11_17_18_0,11_17_18_0,frame_64,0,255,1,1,False,False,True,1.1011858,False,[],,,,,,,33.5,,,,ochoa_cinta,,2025_05_08/11_17_18_0/1,single_fish
2025_05_08,11_17_18_0,11_17_18_0,frame_65,0,255,1,1,True,False,True,1.1444851,False,[],,,,,,,33.5,,,,ochoa_cinta,,2025_05_08/11_17_18_0/1,single_fish
2025_05_08,11_17_18_0,11_17_18_0,frame_66,0,255,1,1,True,False,True,1.1630594,False,[],,,,,,,33.5,,,,ochoa_cinta,,2025_05_08/11_17_18_0/1,single_fish
2025_05_08,11_17_18_0,11_17_18_0,frame_67,0,255,1,1,True,False,True,1.1990325,False,[],,,,,,,33.5,,,,ochoa_cinta,,2025_05_08/11_17_18_0/1,single_fish
2025_05_08,11_17_18_0,11_17_18_0,frame_68,0,255,1,1,True,False,True,1.2239811,False,[],,,,,,,33.5,,,,ochoa_cinta,,2025_05_08/11_17_18_0/1,single_fish
2025_05_08,11_17_18_0,11_17_18_0,frame_69,0,255,1,1,True,False,True,1.2433776,False,[],,,,,,,33.5,,,,ochoa_cinta,,2025_05_08/11_17_18_0/1,single_fish
2025_05_08,11_17_18_0,11_17_18_0,frame_70,0,255,1,1,True,False,True,1.2638667,False,[],,,,,,,33.5,,,,ochoa_cinta,,2025_05_08/11_17_18_0/1,single_fish
2025_05_08,11_17_18_0,11_17_18_0,frame_71,0,255,1,1,True,False,True,1.2779016,False,[],,,,,,,33.5,,,,ochoa_cinta,,2025_05_08/11_17_18_0/1,single_fish
2025_05_08,11_17_18_0,11_17_18_0,frame_72,0,255,1,1,True,False,True,1.2610968,False,[],,,,,,,33.5,,,,ochoa_cinta,,2025_05_08/11_17_18_0/1,single_fish
2025_05_08,11_17_18_0,11_17_18_0,frame_73,0,255,1,1,True,False,True,1.2272452,False,[],,,,,,,33.5,,,,ochoa_cinta,,2025_05_08/11_17_18_0/1,single_fish
2025_05_08,11_17_18_0,11_17_18_0,frame_74,0,255,1,1,True,False,True,1.1989721,False,[],,,,,,,33.5,,,,ochoa_cinta,,2025_05_08/11_17_18_0/1,single_fish
2025_05_08,11_17_18_0,11_17_18_0,frame_75,0,255,1,1,True,False,True,1.1844348,False,[],,,,,,,33.5,,,,ochoa_cinta,,2025_05_08/11_17_18_0/1,single_fish
2025_05_08,11_17_18_0,11_17_18_0,frame_76,0,255,1,1,True,False,True,1.1219732,False,[],,,,,,,33.5,,,,ochoa_cinta,,2025_05_08/11_17_18_0/1,single_fish
2025_05_08,11_17_18_0,11_17_18_0,frame_77,0,255,1,1,True,False,True,1.1100178,False,[],,,,,,,33.5,,,,ochoa_cinta,,2025_05_08/11_17_18_0/1,single_fish
2025_05_08,11_17_18_0,11_17_18_0,frame_78,0,255,1,1,True,False,True,1.0859406,False,[],,,,,,,33.5,,,,ochoa_cinta,,2025_05_08/11_17_18_0/1,single_fish
2025_05_08,11_17_18_0,11_17_18_0,frame_79,0,255,1,1,True,False,True,1.0988343,False,[],,,,,,,33.5,,,,ochoa_cinta,,2025_05_08/11_17_18_0/1,single_fish
2025_05_08,11_17_18_0,11_17_18_0,frame_80,0,255,1,1,True,False,True,1.3150523,False,[],,,,,,,33.5,,,,ochoa_cinta,,2025_05_08/11_17_18_0/1,single_fish
2025_05_08,11_17_18_0,11_17_18_0,frame_82,0,255,1,1,True,False,True,1.2602421,False,[],,,,,,,33.5,,,,ochoa_cinta,,2025_05_08/11_17_18_0/1,single_fish
2025_05_08,11_17_18_0,11_17_18_0,frame_84,0,255,1,1,True,False,True,1.0277956,False,[],,,,,,,33.5,,,,ochoa_cinta,,2025_05_08/11_17_18_0/1,single_fish
2025_05_08,11_17_18_0,11_17_18_0,frame_85,0,255,1,1,True,False,True,1.088407,False,[],,,,,,,33.5,,,,ochoa_cinta,,2025_05_08/11_17_18_0/1,single_fish
2025_05_08,11_17_18_0,11_17_18_0,frame_86,0,255,1,1,True,False,True,1.2006154,False,[],,,,,,,33.5,,,,ochoa_cinta,,2025_05_08/11_17_18_0/1,single_fish
2025_05_08,11_17_18_0,11_17_18_0,frame_87,0,255,1,1,True,False,True,1.2539438,False,[],,,,,,,33.5,,,,ochoa_cinta,,2025_05_08/11_17_18_0/1,single_fish
2025_05_08,11_17_18_0,11_17_18_0,frame_88,0,255,1,1,True,False,True,1.2883561,False,[],,,,,,,33.5,,,,ochoa_cinta,,2025_05_08/11_17_18_0/1,single_fish
2025_05_08,11_17_18_0,11_17_18_0,frame_89,0,255,1,1,True,False,True,1.2899134,False,[],,,,,,,33.5,,,,ochoa_cinta,,2025_05_08/11_17_18_0/1,single_fish
2025_05_08,11_17_18_0,11_17_18_0,frame_90,0,255,1,1,True,False,True,1.3032708,False,[],,,,,,,33.5,,,,ochoa_cinta,,2025_05_08/11_17_18_0/1,single_fish
2025_05_08,11_17_18_0,11_17_18_0,frame_91,0,255,1,1,True,False,True,1.2653501,False,[],,,,,,,33.5,,,,ochoa_cinta,,2025_05_08/11_17_18_0/1,single_fish
2025_05_08,11_17_18_0,11_17_18_0,frame_92,0,255,1,1,True,False,True,1.2605182,False,[],,,,,,,33.5,,,,ochoa_cinta,,2025_05_08/11_17_18_0/1,single_fish
2025_05_08,11_17_18_0,11_17_18_0,frame_93,0,255,1,1,True,False,True,1.2086737,False,[],,,,,,,33.5,,,,ochoa_cinta,,2025_05_08/11_17_18_0/1,single_fish
2025_05_08,11_17_18_0,11_17_18_0,frame_94,0,255,1,1,True,False,True,1.2074196,False,[],,,,,,,33.5,,,,ochoa_cinta,,2025_05_08/11_17_18_0/1,single_fish
2025_05_08,11_17_18_0,11_17_18_0,frame_95,0,255,1,1,True,False,True,1.1199884,False,[],,,,,,,33.5,,,,ochoa_cinta,,2025_05_08/11_17_18_0/1,single_fish
2025_05_08,11_17_18_0,11_17_18_0,frame_96,0,255,1,1,True,False,True,1.0813828,False,[],,,,,,,33.5,,,,ochoa_cinta,,2025_05_08/11_17_18_0/1,single_fish
2025_05_08,11_17_18_0,11_17_18_0,frame_97,0,255,1,1,True,False,True,1.0437245,False,[],,,,,,,33.5,,,,ochoa_cinta,,2025_05_08/11_17_18_0/1,single_fish
2025_05_08,11_17_18_0,11_17_18_0,frame_98,0,255,1,1,True,False,True,1.1058753,False,[],,,,,,,33.5,,,,ochoa_cinta,,2025_05_08/11_17_18_0/1,single_fish
2025_05_08,11_17_18_0,11_17_18_0,frame_99,0,255,1,1,True,False,True,1.1203169,False,[],,,,,,,33.5,,,,ochoa_cinta,,2025_05_08/11_17_18_0/1,single_fish
2025_05_08,11_17_18_0,11_17_18_0,frame_100,0,255,1,1,True,False,True,1.1518201,False,[],,,,,,,33.5,,,,ochoa_cinta,,2025_05_08/11_17_18_0/1,single_fish
2025_05_08,11_17_18_0,11_17_18_0,frame_101,0,255,1,1,True,False,True,1.1870998,False,[],,,,,,,33.5,,,,ochoa_cinta,,2025_05_08/11_17_18_0/1,single_fish
2025_05_08,11_17_18_0,11_17_18_0,frame_102,0,255,1,1,True,False,True,1.197884,False,[],,,,,,,33.5,,,,ochoa_cinta,,2025_05_08/11_17_18_0/1,single_fish
2025_05_08,11_17_18_0,11_17_18_0,frame_103,0,255,1,1,True,False,True,1.1984246,False,[],,,,,,,33.5,,,,ochoa_cinta,,2025_05_08/11_17_18_0/1,single_fish
2025_05_08,11_17_18_0,11_17_18_0,frame_104,0,255,1,1,True,False,True,1.2018884,False,[],,,,,,,33.5,,,,ochoa_cinta,,2025_05_08/11_17_18_0/1,single_fish
2025_05_08,11_17_18_0,11_17_18_0,frame_105,0,255,1,1,True,False,True,1.1841524,False,[],,,,,,,33.5,,,,ochoa_cinta,,2025_05_08/11_17_18_0/1,single_fish
2025_05_08,11_17_18_0,11_17_18_0,frame_106,0,255,1,1,True,False,True,1.1231163,False,[],,,,,,,33.5,,,,ochoa_cinta,,2025_05_08/11_17_18_0/1,single_fish
2025_05_08,11_17_18_0,11_17_18_0,frame_107,0,255,1,1,True,False,True,1.0522908,False,[],,,,,,,33.5,,,,ochoa_cinta,,2025_05_08/11_17_18_0/1,single_fish
2025_05_08,11_17_18_0,11_17_18_0,frame_108,0,255,1,1,True,False,True,1.0020407,False,[],,,,,,,33.5,,,,ochoa_cinta,,2025_05_08/11_17_18_0/1,single_fish
2025_05_08,11_17_18_0,11_17_18_0,frame_109,0,255,1,1,False,False,True,1.0503844,False,[],,,,,,,33.5,,,,ochoa_cinta,,2025_05_08/11_17_18_0/1,single_fish
2025_05_08,11_17_18_0,11_17_18_0,frame_110,0,255,1,1,False,False,True,1.0871755,False,[],,,,,,,33.5,,,,ochoa_cinta,,2025_05_08/11_17_18_0/1,single_fish
2025_05_08,11_17_18_0,11_17_18_0,frame_111,0,255,1,1,False,False,True,1.1087271,False,[],,,,,,,33.5,,,,ochoa_cinta,,2025_05_08/11_17_18_0/1,single_fish
2025_05_08,11_17_18_0,11_17_18_0,frame_112,0,255,1,1,False,False,True,1.1689432,False,[],,,,,,,33.5,,,,ochoa_cinta,,2025_05_08/11_17_18_0/1,single_fish
2025_05_08,11_17_18_0,11_17_18_0,frame_113,0,255,1,1,False,False,True,1.1834149,False,[],,,,,,,33.5,,,,ochoa_cinta,,2025_05_08/11_17_18_0/1,single_fish
2025_05_08,11_17_18_0,11_17_18_0,frame_114,0,255,1,1,False,False,True,1.2626954,False,[],,,,,,,33.5,,,,ochoa_cinta,,2025_05_08/11_17_18_0/1,single_fish
2025_05_08,11_17_18_0,11_17_18_0,frame_115,0,255,1,1,False,False,True,1.2825853,False,[],,,,,,,33.5,,,,ochoa_cinta,,2025_05_08/11_17_18_0/1,single_fish
2025_05_08,11_17_18_0,11_17_18_0,frame_116,0,255,1,1,False,False,True,1.2635545,False,[],,,,,,,33.5,,,,ochoa_cinta,,2025_05_08/11_17_18_0/1,single_fish
2025_05_08,11_17_18_0,11_17_18_0,frame_117,0,255,1,1,False,False,True,1.1977782,False,[],,,,,,,33.5,,,,ochoa_cinta,,2025_05_08/11_17_18_0/1,single_fish
2025_05_08,11_17_18_0,11_17_18_0,frame_118,0,255,1,1,False,False,True,1.1320797,False,[],,,,,,,33.5,,,,ochoa_cinta,,2025_05_08/11_17_18_0/1,single_fish
2025_05_08,11_17_18_0,11_17_18_0,frame_119,0,255,1,1,False,False,True,1.0609443,False,[],,,,,,,33.5,,,,ochoa_cinta,,2025_05_08/11_17_18_0/1,single_fish
2025_05_08,11_17_18_0,11_17_18_0,frame_120,0,255,1,1,False,False,True,1.0147902,False,[],,,,,,,33.5,,,,ochoa_cinta,,2025_05_08/11_17_18_0/1,single_fish
2025_05_08,11_17_18_0,11_17_18_0,frame_121,0,255,1,1,False,False,True,1.0930992,False,[],,,,,,,33.5,,,,ochoa_cinta,,2025_05_08/11_17_18_0/1,single_fish
2025_05_08,11_17_18_0,11_17_18_0,frame_122,0,255,1,1,False,False,True,1.1674604,False,[],,,,,,,33.5,,,,ochoa_cinta,,2025_05_08/11_17_18_0/1,single_fish
2025_05_08,11_17_18_0,11_17_18_0,frame_125,0,255,1,1,False,False,True,1.1969297,False,[],,,,,,,33.5,,,,ochoa_cinta,,2025_05_08/11_17_18_0/1,single_fish
2025_05_08,11_17_18_0,11_17_18_0,frame_126,0,255,1,1,False,False,True,1.2280427,False,[],,,,,,,33.5,,,,ochoa_cinta,,2025_05_08/11_17_18_0/1,single_fish
2025_05_08,11_17_18_0,11_17_18_0,frame_127,0,255,1,1,False,False,True,1.2299045,False,[],,,,,,,33.5,,,,ochoa_cinta,,2025_05_08/11_17_18_0/1,single_fish
2025_05_08,11_17_18_0,11_17_18_0,frame_128,0,255,1,1,False,False,True,1.1931158,False,[],,,,,,,33.5,,,,ochoa_cinta,,2025_05_08/11_17_18_0/1,single_fish
2025_05_08,11_17_18_0,11_17_18_0,frame_129,0,255,1,1,False,False,True,1.1657734,False,[],,,,,,,33.5,,,,ochoa_cinta,,2025_05_08/11_17_18_0/1,single_fish
2025_05_08,11_17_18_0,11_17_18_0,frame_130,0,255,1,1,False,False,True,1.1178328,False,[],,,,,,,33.5,,,,ochoa_cinta,,2025_05_08/11_17_18_0/1,single_fish
2025_05_08,11_17_18_0,11_17_18_0,frame_131,0,255,1,1,False,False,True,1.096122,False,[],,,,,,,33.5,,,,ochoa_cinta,,2025_05_08/11_17_18_0/1,single_fish
2025_05_08,11_17_18_0,11_17_18_0,frame_132,0,255,1,1,False,False,True,1.0683696,False,[],,,,,,,33.5,,,,ochoa_cinta,,2025_05_08/11_17_18_0/1,single_fish
2025_05_08,11_17_18_0,11_17_18_0,frame_133,0,255,1,1,False,False,True,1.0178913,False,[],,,,,,,33.5,,,,ochoa_cinta,,2025_05_08/11_17_18_0/1,single_fish
2025_05_08,11_17_18_0,11_17_18_0,frame_134,0,255,1,1,False,False,True,1.0033302,False,[],,,,,,,33.5,,,,ochoa_cinta,,2025_05_08/11_17_18_0/1,single_fish
2025_05_08,11_17_18_0,11_17_18_0,frame_135,0,255,1,1,False,False,True,1.0167012,False,[],,,,,,,33.5,,,,ochoa_cinta,,2025_05_08/11_17_18_0/1,single_fish
2025_05_08,11_17_18_0,11_17_18_0,frame_136,0,255,1,1,False,False,True,1.0055091,False,[],,,,,,,33.5,,,,ochoa_cinta,,2025_05_08/11_17_18_0/1,single_fish
2025_05_08,11_17_18_0,11_17_18_0,frame_137,0,255,1,1,False,False,True,1.0157871,False,[],,,,,,,33.5,,,,ochoa_cinta,,2025_05_08/11_17_18_0/1,single_fish
2025_05_08,11_17_18_0,11_17_18_0,frame_138,0,255,1,1,False,False,True,1.0210754,False,[],,,,,,,33.5,,,,ochoa_cinta,,2025_05_08/11_17_18_0/1,single_fish
2025_05_08,11_17_18_0,11_17_18_0,frame_139,0,255,1,1,False,False,True,1.0426143,False,[],,,,,,,33.5,,,,ochoa_cinta,,2025_05_08/11_17_18_0/1,single_fish
2025_05_08,11_17_18_0,11_17_18_0,frame_140,0,255,1,1,False,False,True,1.0630951,False,[],,,,,,,33.5,,,,ochoa_cinta,,2025_05_08/11_17_18_0/1,single_fish
2025_05_08,11_17_18_0,11_17_18_0,frame_141,0,255,1,1,False,False,True,1.0871841,False,[],,,,,,,33.5,,,,ochoa_cinta,,2025_05_08/11_17_18_0/1,single_fish
2025_05_08,11_17_18_0,11_17_18_0,frame_142,0,255,1,1,False,False,True,1.1234595,False,[],,,,,,,33.5,,,,ochoa_cinta,,2025_05_08/11_17_18_0/1,single_fish
2025_05_08,11_17_18_0,11_17_18_0,frame_143,0,255,1,1,False,False,True,1.1523626,False,[],,,,,,,33.5,,,,ochoa_cinta,,2025_05_08/11_17_18_0/1,single_fish
2025_05_08,11_17_18_0,11_17_18_0,frame_144,0,255,1,1,False,False,True,1.1921743,False,[],,,,,,,33.5,,,,ochoa_cinta,,2025_05_08/11_17_18_0/1,single_fish
2025_05_08,11_17_18_0,11_17_18_0,frame_145,0,255,1,1,False,False,True,1.2318285,False,[],,,,,,,33.5,,,,ochoa_cinta,,2025_05_08/11_17_18_0/1,single_fish
2025_05_08,11_17_18_0,11_17_18_0,frame_146,0,255,1,1,False,False,True,1.2745953,False,[],,,,,,,33.5,,,,ochoa_cinta,,2025_05_08/11_17_18_0/1,single_fish
2025_05_08,11_17_18_0,11_17_18_0,frame_147,0,255,1,1,False,False,True,1.2801672,False,[],,,,,,,33.5,,,,ochoa_cinta,,2025_05_08/11_17_18_0/1,single_fish
2025_05_08,11_17_18_0,11_17_18_0,frame_148,0,255,1,1,False,False,True,1.2917635,False,[],,,,,,,33.5,,,,ochoa_cinta,,2025_05_08/11_17_18_0/1,single_fish
2025_05_08,11_17_18_0,11_17_18_0,frame_149,0,255,1,1,False,False,True,1.2906688,False,[],,,,,,,33.5,,,,ochoa_cinta,,2025_05_08/11_17_18_0/1,single_fish
2025_05_08,11_17_18_0,11_17_18_0,frame_150,0,255,1,1,False,False,True,1.2991021,False,[],,,,,,,33.5,,,,ochoa_cinta,,2025_05_08/11_17_18_0/1,single_fish
2025_05_08,11_17_18_0,11_17_18_0,frame_151,0,255,1,1,False,False,True,1.2971098,False,[],,,,,,,33.5,,,,ochoa_cinta,,2025_05_08/11_17_18_0/1,single_fish
2025_05_08,11_17_18_0,11_17_18_0,frame_152,0,255,1,1,False,False,True,1.2571219,False,[],,,,,,,33.5,,,,ochoa_cinta,,2025_05_08/11_17_18_0/1,single_fish
2025_05_08,11_17_18_0,11_17_18_0,frame_153,0,255,1,1,False,False,True,1.2033879,False,[],,,,,,,33.5,,,,ochoa_cinta,,2025_05_08/11_17_18_0/1,single_fish
2025_05_08,11_17_18_0,11_17_18_0,frame_154,0,255,1,1,False,False,True,1.1652555,False,[],,,,,,,33.5,,,,ochoa_cinta,,2025_05_08/11_17_18_0/1,single_fish
2025_05_08,11_17_18_0,11_17_18_0,frame_155,0,255,1,1,False,False,True,1.1486788,False,[],,,,,,,33.5,,,,ochoa_cinta,,2025_05_08/11_17_18_0/1,single_fish
2025_05_08,11_17_18_0,11_17_18_0,frame_156,0,255,1,1,False,False,True,1.1320605,False,[],,,,,,,33.5,,,,ochoa_cinta,,2025_05_08/11_17_18_0/1,single_fish
2025_05_08,11_17_18_0,11_17_18_0,frame_157,0,255,1,1,False,False,True,1.1578573,False,[],,,,,,,33.5,,,,ochoa_cinta,,2025_05_08/11_17_18_0/1,single_fish
2025_05_08,11_17_18_0,11_17_18_0,frame_158,0,255,1,1,False,False,True,1.1529895,False,[],,,,,,,33.5,,,,ochoa_cinta,,2025_05_08/11_17_18_0/1,single_fish
2025_05_08,11_17_18_0,11_17_18_0,frame_159,0,255,1,1,False,False,True,1.1840621,False,[],,,,,,,33.5,,,,ochoa_cinta,,2025_05_08/11_17_18_0/1,single_fish
2025_05_08,11_17_18_0,11_17_18_0,frame_160,0,255,1,1,False,False,True,1.2420317,False,[],,,,,,,33.5,,,,ochoa_cinta,,2025_05_08/11_17_18_0/1,single_fish
2025_05_08,11_17_18_0,11_17_18_0,frame_161,0,255,1,1,False,False,True,1.2728102,False,[],,,,,,,33.5,,,,ochoa_cinta,,2025_05_08/11_17_18_0/1,single_fish
2025_05_08,11_17_18_0,11_17_18_0,frame_162,0,255,1,1,False,False,True,1.2928277,False,[],,,,,,,33.5,,,,ochoa_cinta,,2025_05_08/11_17_18_0/1,single_fish
2025_05_08,11_17_18_0,11_17_18_0,frame_163,0,255,1,1,False,False,True,1.3166724,False,[],,,,,,,33.5,,,,ochoa_cinta,,2025_05_08/11_17_18_0/1,single_fish
2025_05_08,11_17_18_0,11_17_18_0,frame_164,0,255,1,1,False,False,True,1.3049932,False,[],,,,,,,33.5,,,,ochoa_cinta,,2025_05_08/11_17_18_0/1,single_fish
2025_05_08,11_17_18_0,11_17_18_0,frame_165,0,255,1,1,False,False,True,1.3272154,False,[],,,,,,,33.5,,,,ochoa_cinta,,2025_05_08/11_17_18_0/1,single_fish
2025_05_08,11_17_18_0,11_17_18_0,frame_166,0,255,1,1,False,False,True,1.3577474,False,[],,,,,,,33.5,,,,ochoa_cinta,,2025_05_08/11_17_18_0/1,single_fish
2025_05_08,11_17_18_0,11_17_18_0,frame_167,0,255,1,1,False,False,True,1.3755685,False,[],,,,,,,33.5,,,,ochoa_cinta,,2025_05_08/11_17_18_0/1,single_fish
2025_05_08,11_17_18_0,11_17_18_0,frame_168,0,255,1,1,False,False,True,1.377408,False,[],,,,,,,33.5,,,,ochoa_cinta,,2025_05_08/11_17_18_0/1,single_fish
2025_05_08,11_17_18_0,11_17_18_0,frame_169,0,255,1,1,False,False,True,1.4236947,False,[],,,,,,,33.5,,,,ochoa_cinta,,2025_05_08/11_17_18_0/1,single_fish
2025_05_08,11_17_18_0,11_17_18_0,frame_170,0,255,1,1,False,False,True,1.4446579,False,[],,,,,,,33.5,,,,ochoa_cinta,,2025_05_08/11_17_18_0/1,single_fish
2025_05_08,11_17_18_0,11_17_18_0,frame_171,0,255,1,1,False,False,True,1.4549478,False,[],,,,,,,33.5,,,,ochoa_cinta,,2025_05_08/11_17_18_0/1,single_fish
2025_05_08,11_17_18_0,11_17_18_0,frame_172,0,255,1,1,False,False,True,1.4715918,False,[],,,,,,,33.5,,,,ochoa_cinta,,2025_05_08/11_17_18_0/1,single_fish
2025_05_08,11_17_18_0,11_17_18_0,frame_173,0,255,1,1,False,False,True,1.4828814,False,[],,,,,,,33.5,,,,ochoa_cinta,,2025_05_08/11_17_18_0/1,single_fish
2025_05_08,11_17_18_0,11_17_18_0,frame_174,0,255,1,1,False,False,True,1.496425,False,[],,,,,,,33.5,,,,ochoa_cinta,,2025_05_08/11_17_18_0/1,single_fish
2025_05_08,11_17_18_0,11_17_18_0,frame_175,0,255,1,1,False,False,True,1.5057856,False,[],,,,,,,33.5,,,,ochoa_cinta,,2025_05_08/11_17_18_0/1,single_fish
2025_05_08,11_17_18_0,11_17_18_0,frame_176,0,255,1,1,False,False,True,1.4735754,False,[],,,,,,,33.5,,,,ochoa_cinta,,2025_05_08/11_17_18_0/1,single_fish
2025_05_08,11_17_18_0,11_17_18_0,frame_177,0,255,1,1,False,False,True,1.4698024,False,[],,,,,,,33.5,,,,ochoa_cinta,,2025_05_08/11_17_18_0/1,single_fish
2025_05_08,11_17_18_0,11_17_18_0,frame_178,0,255,1,1,False,False,True,1.4779902,False,[],,,,,,,33.5,,,,ochoa_cinta,,2025_05_08/11_17_18_0/1,single_fish
2025_05_08,11_17_18_0,11_17_18_0,frame_179,0,255,1,1,False,False,True,1.4553502,False,[],,,,,,,33.5,,,,ochoa_cinta,,2025_05_08/11_17_18_0/1,single_fish
2025_05_08,11_17_18_0,11_17_18_0,frame_180,0,255,1,1,False,False,True,1.467741,False,[],,,,,,,33.5,,,,ochoa_cinta,,2025_05_08/11_17_18_0/1,single_fish
2025_05_08,11_17_18_0,11_17_18_0,frame_181,0,255,1,1,False,False,True,1.3841875,False,[],,,,,,,33.5,,,,ochoa_cinta,,2025_05_08/11_17_18_0/1,single_fish
2025_05_08,11_17_18_0,11_17_18_0,frame_182,0,255,1,1,False,False,True,1.2730054,False,[],,,,,,,33.5,,,,ochoa_cinta,,2025_05_08/11_17_18_0/1,single_fish
2025_05_08,11_17_18_0,11_17_18_0,frame_183,0,255,1,1,False,False,True,1.1837575,False,[],,,,,,,33.5,,,,ochoa_cinta,,2025_05_08/11_17_18_0/1,single_fish
2025_05_08,11_17_18_0,11_17_18_0,frame_184,0,255,1,1,False,False,True,1.1370435,False,[],,,,,,,33.5,,,,ochoa_cinta,,2025_05_08/11_17_18_0/1,single_fish
2025_05_08,11_17_18_0,11_17_18_0,frame_185,0,255,1,1,False,False,True,1.0727315,False,[],,,,,,,33.5,,,,ochoa_cinta,,2025_05_08/11_17_18_0/1,single_fish
2025_05_08,11_17_18_0,11_17_18_0,frame_186,0,255,1,1,False,False,True,1.0531667,False,[],,,,,,,33.5,,,,ochoa_cinta,,2025_05_08/11_17_18_0/1,single_fish
2025_05_08,11_17_18_0,11_17_18_0,frame_187,0,255,1,1,False,False,True,1.024381,False,[],,,,,,,33.5,,,,ochoa_cinta,,2025_05_08/11_17_18_0/1,single_fish
2025_05_08,11_17_18_0,11_17_18_0,frame_188,0,255,1,1,False,False,True,1.0174518,False,[],,,,,,,33.5,,,,ochoa_cinta,,2025_05_08/11_17_18_0/1,single_fish
2025_05_08,11_17_18_0,11_17_18_0,frame_189,0,255,1,1,False,False,True,1.0406501,False,[],,,,,,,33.5,,,,ochoa_cinta,,2025_05_08/11_17_18_0/1,single_fish
2025_05_08,11_17_18_0,11_17_18_0,frame_190,0,255,1,1,False,False,True,1.0785718,False,[],,,,,,,33.5,,,,ochoa_cinta,,2025_05_08/11_17_18_0/1,single_fish
2025_05_08,11_17_18_0,11_17_18_0,frame_191,0,255,1,1,False,False,True,1.0980446,False,[],,,,,,,33.5,,,,ochoa_cinta,,2025_05_08/11_17_18_0/1,single_fish
2025_05_08,11_17_18_0,11_17_18_0,frame_192,0,255,1,1,False,False,True,1.1192365,False,[],,,,,,,33.5,,,,ochoa_cinta,,2025_05_08/11_17_18_0/1,single_fish
2025_05_08,11_17_18_0,11_17_18_0,frame_193,0,255,1,1,False,False,True,1.1153859,False,[],,,,,,,33.5,,,,ochoa_cinta,,2025_05_08/11_17_18_0/1,single_fish
2025_05_08,11_17_18_0,11_17_18_0,frame_194,0,255,1,1,False,False,True,1.0940434,False,[],,,,,,,33.5,,,,ochoa_cinta,,2025_05_08/11_17_18_0/1,single_fish
2025_05_08,11_17_18_0,11_17_18_0,frame_195,0,255,1,1,False,False,True,1.0791149,False,[],,,,,,,33.5,,,,ochoa_cinta,,2025_05_08/11_17_18_0/1,single_fish
2025_05_08,11_17_18_0,11_17_18_0,frame_196,0,255,1,1,False,False,True,1.0509245,False,[],,,,,,,33.5,,,,ochoa_cinta,,2025_05_08/11_17_18_0/1,single_fish
2025_05_08,11_17_18_0,11_17_18_0,frame_197,0,255,1,1,False,False,True,1.0329759,False,[],,,,,,,33.5,,,,ochoa_cinta,,2025_05_08/11_17_18_0/1,single_fish
2025_05_08,11_17_18_0,11_17_18_0,frame_198,0,255,1,1,False,False,True,1.0150577,False,[],,,,,,,33.5,,,,ochoa_cinta,,2025_05_08/11_17_18_0/1,single_fish
2025_05_08,11_17_18_0,11_17_18_0,frame_199,0,255,1,1,False,False,True,1.0392808,False,[],,,,,,,33.5,,,,ochoa_cinta,,2025_05_08/11_17_18_0/1,single_fish
2025_05_08,11_17_18_0,11_17_18_0,frame_200,0,255,1,1,False,False,True,1.1087756,False,[],,,,,,,33.5,,,,ochoa_cinta,,2025_05_08/11_17_18_0/1,single_fish
2025_05_08,11_17_18_0,11_17_18_0,frame_201,0,255,1,1,False,False,True,1.1698533,False,[],,,,,,,33.5,,,,ochoa_cinta,,2025_05_08/11_17_18_0/1,single_fish
2025_05_08,11_17_18_0,11_17_18_0,frame_202,0,255,1,1,False,False,True,1.2041227,False,[],,,,,,,33.5,,,,ochoa_cinta,,2025_05_08/11_17_18_0/1,single_fish
2025_05_08,11_17_18_0,11_17_18_0,frame_203,0,255,1,1,False,False,True,1.281166,False,[],,,,,,,33.5,,,,ochoa_cinta,,2025_05_08/11_17_18_0/1,single_fish
2025_05_08,11_17_18_0,11_17_18_0,frame_204,0,255,1,1,False,False,True,1.3119403,False,[],,,,,,,33.5,,,,ochoa_cinta,,2025_05_08/11_17_18_0/1,single_fish
2025_05_08,11_17_18_0,11_17_18_0,frame_205,0,255,1,1,False,False,True,1.318234,False,[],,,,,,,33.5,,,,ochoa_cinta,,2025_05_08/11_17_18_0/1,single_fish
2025_05_08,11_17_18_0,11_17_18_0,frame_206,0,255,1,1,False,False,True,1.3075597,False,[],,,,,,,33.5,,,,ochoa_cinta,,2025_05_08/11_17_18_0/1,single_fish
2025_05_08,11_17_18_0,11_17_18_0,frame_207,0,255,1,1,False,False,True,1.3090966,False,[],,,,,,,33.5,,,,ochoa_cinta,,2025_05_08/11_17_18_0/1,single_fish
2025_05_08,11_17_18_0,11_17_18_0,frame_208,0,255,1,1,False,False,True,1.3044538,False,[],,,,,,,33.5,,,,ochoa_cinta,,2025_05_08/11_17_18_0/1,single_fish
2025_05_08,11_17_18_0,11_17_18_0,frame_209,0,255,1,1,False,False,True,1.2686919,False,[],,,,,,,33.5,,,,ochoa_cinta,,2025_05_08/11_17_18_0/1,single_fish
2025_05_08,11_17_18_0,11_17_18_0,frame_210,0,255,1,1,False,False,True,1.2177286,False,[],,,,,,,33.5,,,,ochoa_cinta,,2025_05_08/11_17_18_0/1,single_fish
2025_05_08,11_17_18_0,11_17_18_0,frame_211,0,255,1,1,False,False,True,1.2758411,False,[],,,,,,,33.5,,,,ochoa_cinta,,2025_05_08/11_17_18_0/1,single_fish
2025_05_08,11_17_18_0,11_17_18_0,frame_212,0,255,1,1,False,False,True,1.2713753,False,[],,,,,,,33.5,,,,ochoa_cinta,,2025_05_08/11_17_18_0/1,single_fish
2025_05_08,11_17_18_0,11_17_18_0,frame_213,0,255,1,1,False,False,True,1.1926235,False,[],,,,,,,33.5,,,,ochoa_cinta,,2025_05_08/11_17_18_0/1,single_fish
2025_05_08,11_17_18_0,11_17_18_0,frame_214,0,255,1,1,False,False,True,1.1331437,False,[],,,,,,,33.5,,,,ochoa_cinta,,2025_05_08/11_17_18_0/1,single_fish
2025_05_08,11_17_18_0,11_17_18_0,frame_215,0,255,1,1,False,False,True,1.1064045,False,[],,,,,,,33.5,,,,ochoa_cinta,,2025_05_08/11_17_18_0/1,single_fish
2025_05_08,11_17_18_0,11_17_18_0,frame_216,0,255,1,1,False,False,True,1.0402424,False,[],,,,,,,33.5,,,,ochoa_cinta,,2025_05_08/11_17_18_0/1,single_fish
2025_05_08,11_17_18_0,11_17_18_0,frame_217,0,255,1,1,False,False,True,1.0276659,False,[],,,,,,,33.5,,,,ochoa_cinta,,2025_05_08/11_17_18_0/1,single_fish
2025_05_08,11_17_18_0,11_17_18_0,frame_218,0,255,1,1,False,False,True,1.0149536,False,[],,,,,,,33.5,,,,ochoa_cinta,,2025_05_08/11_17_18_0/1,single_fish
2025_05_08,11_17_18_0,11_17_18_0,frame_219,0,255,1,1,False,False,True,1.0643803,False,[],,,,,,,33.5,,,,ochoa_cinta,,2025_05_08/11_17_18_0/1,single_fish
2025_05_08,11_17_18_0,11_17_18_0,frame_220,0,255,1,1,False,False,True,1.1161904,False,[],,,,,,,33.5,,,,ochoa_cinta,,2025_05_08/11_17_18_0/1,single_fish
2025_05_08,11_17_18_0,11_17_18_0,frame_221,0,255,1,1,False,False,True,1.1833991,False,[],,,,,,,33.5,,,,ochoa_cinta,,2025_05_08/11_17_18_0/1,single_fish
2025_05_08,11_17_18_0,11_17_18_0,frame_222,0,255,1,1,False,False,True,1.2217996,False,[],,,,,,,33.5,,,,ochoa_cinta,,2025_05_08/11_17_18_0/1,single_fish
2025_05_08,11_17_18_0,11_17_18_0,frame_223,0,255,1,1,False,False,True,1.2480937,False,[],,,,,,,33.5,,,,ochoa_cinta,,2025_05_08/11_17_18_0/1,single_fish
2025_05_08,11_17_18_0,11_17_18_0,frame_224,0,255,1,1,False,False,True,1.2903414,False,[],,,,,,,33.5,,,,ochoa_cinta,,2025_05_08/11_17_18_0/1,single_fish
2025_05_08,11_17_18_0,11_17_18_0,frame_225,0,255,1,1,False,False,True,1.3026813,False,[],,,,,,,33.5,,,,ochoa_cinta,,2025_05_08/11_17_18_0/1,single_fish
2025_05_08,11_17_18_0,11_17_18_0,frame_226,0,255,1,1,False,False,True,1.3052161,False,[],,,,,,,33.5,,,,ochoa_cinta,,2025_05_08/11_17_18_0/1,single_fish
2025_05_08,11_17_18_0,11_17_18_0,frame_227,0,255,1,1,False,False,True,1.3234007,False,[],,,,,,,33.5,,,,ochoa_cinta,,2025_05_08/11_17_18_0/1,single_fish
2025_05_08,11_17_18_0,11_17_18_0,frame_228,0,255,1,1,False,False,True,1.3468174,False,[],,,,,,,33.5,,,,ochoa_cinta,,2025_05_08/11_17_18_0/1,single_fish
2025_05_08,11_17_18_0,11_17_18_0,frame_229,0,255,1,1,False,False,True,1.396224,False,[],,,,,,,33.5,,,,ochoa_cinta,,2025_05_08/11_17_18_0/1,single_fish
2025_05_08,11_17_18_0,11_17_18_0,frame_230,0,255,1,1,False,False,True,1.3980504,False,[],,,,,,,33.5,,,,ochoa_cinta,,2025_05_08/11_17_18_0/1,single_fish
2025_05_08,11_17_18_0,11_17_18_0,frame_231,0,255,1,1,False,False,True,1.4121312,False,[],,,,,,,33.5,,,,ochoa_cinta,,2025_05_08/11_17_18_0/1,single_fish
2025_05_08,11_17_18_0,11_17_18_0,frame_232,0,255,1,1,False,False,True,1.4337507,False,[],,,,,,,33.5,,,,ochoa_cinta,,2025_05_08/11_17_18_0/1,single_fish
2025_05_08,11_17_18_0,11_17_18_0,frame_233,0,255,1,1,False,False,True,1.4167371,False,[],,,,,,,33.5,,,,ochoa_cinta,,2025_05_08/11_17_18_0/1,single_fish
2025_05_08,11_17_18_0,11_17_18_0,frame_234,0,255,1,1,False,False,True,1.3978516,False,[],,,,,,,33.5,,,,ochoa_cinta,,2025_05_08/11_17_18_0/1,single_fish
2025_05_08,11_17_18_0,11_17_18_0,frame_235,0,255,1,1,False,False,True,1.3640968,False,[],,,,,,,33.5,,,,ochoa_cinta,,2025_05_08/11_17_18_0/1,single_fish
2025_05_08,11_17_18_0,11_17_18_0,frame_236,0,255,1,1,False,False,True,1.3541499,False,[],,,,,,,33.5,,,,ochoa_cinta,,2025_05_08/11_17_18_0/1,single_fish
2025_05_08,11_17_18_0,11_17_18_0,frame_237,0,255,1,1,False,False,True,1.3145052,False,[],,,,,,,33.5,,,,ochoa_cinta,,2025_05_08/11_17_18_0/1,single_fish
2025_05_08,11_17_18_0,11_17_18_0,frame_238,0,255,1,1,False,False,True,1.2803249,False,[],,,,,,,33.5,,,,ochoa_cinta,,2025_05_08/11_17_18_0/1,single_fish
2025_05_08,11_17_18_0,11_17_18_0,frame_239,0,255,1,1,False,False,True,1.2529801,False,[],,,,,,,33.5,,,,ochoa_cinta,,2025_05_08/11_17_18_0/1,single_fish
2025_05_08,11_17_18_0,11_17_18_0,frame_240,0,255,1,1,False,False,True,1.2736676,False,[],,,,,,,33.5,,,,ochoa_cinta,,2025_05_08/11_17_18_0/1,single_fish
2025_05_08,11_17_18_0,11_17_18_0,frame_241,0,255,1,1,False,False,True,1.2224965,False,[],,,,,,,33.5,,,,ochoa_cinta,,2025_05_08/11_17_18_0/1,single_fish
2025_05_08,11_17_18_0,11_17_18_0,frame_242,0,255,1,1,False,False,True,1.180786,False,[],,,,,,,33.5,,,,ochoa_cinta,,2025_05_08/11_17_18_0/1,single_fish
2025_05_08,11_17_18_0,11_17_18_0,frame_243,0,255,1,1,False,False,True,1.0862778,False,[],,,,,,,33.5,,,,ochoa_cinta,,2025_05_08/11_17_18_0/1,single_fish
2025_05_08,11_17_18_0,11_17_18_0,frame_244,0,255,1,1,False,False,True,1.0203983,False,[],,,,,,,33.5,,,,ochoa_cinta,,2025_05_08/11_17_18_0/1,single_fish
2025_05_08,11_17_18_0,11_17_18_0,frame_245,0,255,1,1,False,False,True,1.0029447,False,[],,,,,,,33.5,,,,ochoa_cinta,,2025_05_08/11_17_18_0/1,single_fish
2025_05_08,11_17_18_0,11_17_18_0,frame_246,0,255,1,1,False,False,True,1.0353934,False,[],,,,,,,33.5,,,,ochoa_cinta,,2025_05_08/11_17_18_0/1,single_fish
2025_05_08,11_17_18_0,11_17_18_0,frame_247,0,255,1,1,False,False,True,1.0516543,False,[],,,,,,,33.5,,,,ochoa_cinta,,2025_05_08/11_17_18_0/1,single_fish
2025_05_08,11_17_18_0,11_17_18_0,frame_248,0,255,1,1,False,False,True,1.0610919,False,[],,,,,,,33.5,,,,ochoa_cinta,,2025_05_08/11_17_18_0/1,single_fish
2025_05_08,11_17_18_0,11_17_18_0,frame_249,0,255,1,1,False,False,True,1.0151812,False,[],,,,,,,33.5,,,,ochoa_cinta,,2025_05_08/11_17_18_0/1,single_fish
2025_05_08,11_17_18_0,11_17_18_0,frame_250,0,255,1,1,False,False,True,1.0289506,False,[],,,,,,,33.5,,,,ochoa_cinta,,2025_05_08/11_17_18_0/1,single_fish
2025_05_08,11_17_18_0,11_17_18_0,frame_251,0,255,1,1,False,False,True,1.0575907,False,[],,,,,,,33.5,,,,ochoa_cinta,,2025_05_08/11_17_18_0/1,single_fish
2025_05_08,11_17_18_0,11_17_18_0,frame_252,0,255,1,1,False,False,True,1.0614088,False,[],,,,,,,33.5,,,,ochoa_cinta,,2025_05_08/11_17_18_0/1,single_fish
2025_05_08,11_17_18_0,11_17_18_0,frame_253,0,255,1,1,False,False,True,1.0951368,False,[],,,,,,,33.5,,,,ochoa_cinta,,2025_05_08/11_17_18_0/1,single_fish
2025_05_08,11_17_18_0,11_17_18_0,frame_254,0,255,1,1,False,False,True,1.1462783,False,[],,,,,,,33.5,,,,ochoa_cinta,,2025_05_08/11_17_18_0/1,single_fish
2025_05_08,11_17_18_0,11_17_18_0,frame_255,0,255,1,1,False,False,True,1.1745563,False,[],,,,,,,33.5,,,,ochoa_cinta,,2025_05_08/11_17_18_0/1,single_fish
2025_05_08,11_17_18_0,11_17_18_0,frame_256,0,255,1,1,False,False,True,1.2403935,False,[],,,,,,,33.5,,,,ochoa_cinta,,2025_05_08/11_17_18_0/1,single_fish
2025_05_08,11_17_18_0,11_17_18_0,frame_257,0,255,1,1,False,False,True,1.2982216,False,[],,,,,,,33.5,,,,ochoa_cinta,,2025_05_08/11_17_18_0/1,single_fish
2025_05_08,11_17_18_0,11_17_18_0,frame_258,0,255,1,1,False,False,True,1.3241606,False,[],,,,,,,33.5,,,,ochoa_cinta,,2025_05_08/11_17_18_0/1,single_fish
2025_05_08,11_17_18_0,11_17_18_0,frame_259,0,255,1,1,False,False,True,1.3529795,False,[],,,,,,,33.5,,,,ochoa_cinta,,2025_05_08/11_17_18_0/1,single_fish
2025_05_08,11_17_18_0,11_17_18_0,frame_260,0,255,1,1,False,False,True,1.3503587,False,[],,,,,,,33.5,,,,ochoa_cinta,,2025_05_08/11_17_18_0/1,single_fish
2025_05_08,11_17_18_0,11_17_18_0,frame_261,0,255,1,1,False,False,True,1.3570672,False,[],,,,,,,33.5,,,,ochoa_cinta,,2025_05_08/11_17_18_0/1,single_fish
2025_05_08,11_17_18_0,11_17_18_0,frame_262,0,255,1,1,False,False,True,1.375138,False,[],,,,,,,33.5,,,,ochoa_cinta,,2025_05_08/11_17_18_0/1,single_fish
2025_05_08,11_17_18_0,11_17_18_0,frame_263,0,255,1,1,False,False,True,1.3591598,False,[],,,,,,,33.5,,,,ochoa_cinta,,2025_05_08/11_17_18_0/1,single_fish
2025_05_08,11_17_18_0,11_17_18_0,frame_264,0,255,1,1,False,False,True,1.3578234,False,[],,,,,,,33.5,,,,ochoa_cinta,,2025_05_08/11_17_18_0/1,single_fish
2025_05_08,11_17_18_0,11_17_18_0,frame_265,0,255,1,1,False,False,True,1.3201711,False,[],,,,,,,33.5,,,,ochoa_cinta,,2025_05_08/11_17_18_0/1,single_fish
2025_05_08,11_17_18_0,11_17_18_0,frame_266,0,255,1,1,False,False,True,1.3156176,False,[],,,,,,,33.5,,,,ochoa_cinta,,2025_05_08/11_17_18_0/1,single_fish
2025_05_08,11_17_18_0,11_17_18_0,frame_267,0,255,1,1,False,False,True,1.3124197,False,[],,,,,,,33.5,,,,ochoa_cinta,,2025_05_08/11_17_18_0/1,single_fish
2025_05_08,11_17_18_0,11_17_18_0,frame_268,0,255,1,1,False,False,True,1.3202919,False,[],,,,,,,33.5,,,,ochoa_cinta,,2025_05_08/11_17_18_0/1,single_fish
2025_05_08,11_17_18_0,11_17_18_0,frame_269,0,255,1,1,False,False,True,1.2906785,False,[],,,,,,,33.5,,,,ochoa_cinta,,2025_05_08/11_17_18_0/1,single_fish
2025_05_08,11_17_18_0,11_17_18_0,frame_270,0,255,1,1,False,False,True,1.2517142,False,[],,,,,,,33.5,,,,ochoa_cinta,,2025_05_08/11_17_18_0/1,single_fish
2025_05_08,11_17_18_0,11_17_18_0,frame_271,0,255,1,1,False,False,True,1.2339075,False,[],,,,,,,33.5,,,,ochoa_cinta,,2025_05_08/11_17_18_0/1,single_fish
2025_05_08,11_17_18_0,11_17_18_0,frame_272,0,255,1,1,False,False,True,1.2168518,False,[],,,,,,,33.5,,,,ochoa_cinta,,2025_05_08/11_17_18_0/1,single_fish
2025_05_08,11_17_18_0,11_17_18_0,frame_273,0,255,1,1,False,False,True,1.2281837,False,[],,,,,,,33.5,,,,ochoa_cinta,,2025_05_08/11_17_18_0/1,single_fish
2025_05_08,11_17_18_0,11_17_18_0,frame_274,0,255,1,1,False,False,True,1.2445918,False,[],,,,,,,33.5,,,,ochoa_cinta,,2025_05_08/11_17_18_0/1,single_fish
2025_05_08,11_17_18_0,11_17_18_0,frame_275,0,255,1,1,False,False,True,1.2487267,False,[],,,,,,,33.5,,,,ochoa_cinta,,2025_05_08/11_17_18_0/1,single_fish
2025_05_08,11_17_18_0,11_17_18_0,frame_276,0,255,1,1,False,False,True,1.2914186,False,[],,,,,,,33.5,,,,ochoa_cinta,,2025_05_08/11_17_18_0/1,single_fish
2025_05_08,11_17_18_0,11_17_18_0,frame_277,0,255,1,1,False,False,True,1.3188188,False,[],,,,,,,33.5,,,,ochoa_cinta,,2025_05_08/11_17_18_0/1,single_fish
2025_05_08,11_17_18_0,11_17_18_0,frame_278,0,255,1,1,False,False,True,1.3685405,False,[],,,,,,,33.5,,,,ochoa_cinta,,2025_05_08/11_17_18_0/1,single_fish
2025_05_08,11_17_18_0,11_17_18_0,frame_279,0,255,1,1,False,False,True,1.4074198,False,[],,,,,,,33.5,,,,ochoa_cinta,,2025_05_08/11_17_18_0/1,single_fish
2025_05_08,11_17_18_0,11_17_18_0,frame_280,0,255,1,1,False,False,True,1.4425353,False,[],,,,,,,33.5,,,,ochoa_cinta,,2025_05_08/11_17_18_0/1,single_fish
2025_05_08,11_17_18_0,11_17_18_0,frame_281,0,255,1,1,False,False,True,1.4371622,False,[],,,,,,,33.5,,,,ochoa_cinta,,2025_05_08/11_17_18_0/1,single_fish
2025_05_08,11_17_18_0,11_17_18_0,frame_282,0,255,1,1,False,False,True,1.4420141,False,[],,,,,,,33.5,,,,ochoa_cinta,,2025_05_08/11_17_18_0/1,single_fish
2025_05_08,11_17_18_0,11_17_18_0,frame_283,0,255,1,1,False,False,True,1.4495971,False,[],,,,,,,33.5,,,,ochoa_cinta,,2025_05_08/11_17_18_0/1,single_fish
2025_05_08,11_17_18_0,11_17_18_0,frame_284,0,255,1,1,False,False,True,1.4336749,False,[],,,,,,,33.5,,,,ochoa_cinta,,2025_05_08/11_17_18_0/1,single_fish
2025_05_08,11_17_18_0,11_17_18_0,frame_285,0,255,1,1,False,False,True,1.428255,False,[],,,,,,,33.5,,,,ochoa_cinta,,2025_05_08/11_17_18_0/1,single_fish
2025_05_08,11_17_18_0,11_17_18_0,frame_286,0,255,1,1,False,False,True,1.4021585,False,[],,,,,,,33.5,,,,ochoa_cinta,,2025_05_08/11_17_18_0/1,single_fish
2025_05_08,11_17_18_0,11_17_18_0,frame_287,0,255,1,1,False,False,True,1.349376,False,[],,,,,,,33.5,,,,ochoa_cinta,,2025_05_08/11_17_18_0/1,single_fish
2025_05_08,11_17_18_0,11_17_18_0,frame_288,0,255,1,1,False,False,True,1.3188816,False,[],,,,,,,33.5,,,,ochoa_cinta,,2025_05_08/11_17_18_0/1,single_fish
2025_05_08,11_17_18_0,11_17_18_0,frame_289,0,255,1,1,False,False,True,1.3081602,False,[],,,,,,,33.5,,,,ochoa_cinta,,2025_05_08/11_17_18_0/1,single_fish
2025_05_08,11_17_18_0,11_17_18_0,frame_290,0,255,1,1,False,False,True,1.2532037,False,[],,,,,,,33.5,,,,ochoa_cinta,,2025_05_08/11_17_18_0/1,single_fish
2025_05_08,11_17_18_0,11_17_18_0,frame_291,0,255,1,1,False,False,True,1.2306801,False,[],,,,,,,33.5,,,,ochoa_cinta,,2025_05_08/11_17_18_0/1,single_fish
2025_05_08,11_17_18_0,11_17_18_0,frame_292,0,255,1,1,False,False,True,1.2085077,False,[],,,,,,,33.5,,,,ochoa_cinta,,2025_05_08/11_17_18_0/1,single_fish
2025_05_08,11_17_18_0,11_17_18_0,frame_293,0,255,1,1,False,False,True,1.1989546,False,[],,,,,,,33.5,,,,ochoa_cinta,,2025_05_08/11_17_18_0/1,single_fish
2025_05_08,11_17_18_0,11_17_18_0,frame_294,0,255,1,1,False,False,True,1.1949809,False,[],,,,,,,33.5,,,,ochoa_cinta,,2025_05_08/11_17_18_0/1,single_fish
2025_05_08,11_17_18_0,11_17_18_0,frame_295,0,255,1,1,False,False,True,1.231655,False,[],,,,,,,33.5,,,,ochoa_cinta,,2025_05_08/11_17_18_0/1,single_fish
2025_05_08,11_17_18_0,11_17_18_0,frame_296,0,255,1,1,False,False,True,1.286549,False,[],,,,,,,33.5,,,,ochoa_cinta,,2025_05_08/11_17_18_0/1,single_fish
2025_05_08,11_17_18_0,11_17_18_0,frame_297,0,255,1,1,False,False,True,1.3266314,False,[],,,,,,,33.5,,,,ochoa_cinta,,2025_05_08/11_17_18_0/1,single_fish
2025_05_08,11_17_18_0,11_17_18_0,frame_298,0,255,1,1,False,False,True,1.3582047,False,[],,,,,,,33.5,,,,ochoa_cinta,,2025_05_08/11_17_18_0/1,single_fish
2025_05_08,11_17_18_0,11_17_18_0,frame_299,0,255,1,1,False,False,True,1.3559785,False,[],,,,,,,33.5,,,,ochoa_cinta,,2025_05_08/11_17_18_0/1,single_fish
2025_05_08,11_17_18_0,11_17_18_0,frame_300,0,255,4,1,False,False,True,1.8324581,False,[],,,,,,,33.5,,,,ochoa_cinta,,2025_05_08/11_17_18_0/4,single_fish
2025_05_08,11_17_18_0,11_17_18_0,frame_300,0,127,1,1,False,False,True,1.3761282,False,[],,,,,,,33.5,,,,ochoa_cinta,,2025_05_08/11_17_18_0/1,single_fish
2025_05_08,11_17_18_0,11_17_18_0,frame_301,0,255,4,1,False,False,True,1.4040763,False,[],,,,,,,33.5,,,,ochoa_cinta,,2025_05_08/11_17_18_0/4,single_fish
2025_05_08,11_17_18_0,11_17_18_0,frame_301,0,127,1,1,False,False,True,1.3968586,False,[],,,,,,,33.5,,,,ochoa_cinta,,2025_05_08/11_17_18_0/1,single_fish
2025_05_08,11_17_18_0,11_17_18_0,frame_302,0,255,1,1,False,False,True,1.4113859,False,[],,,,,,,33.5,,,,ochoa_cinta,,2025_05_08/11_17_18_0/1,single_fish
2025_05_08,11_17_18_0,11_17_18_0,frame_303,0,255,1,1,False,False,True,1.4388638,False,[],,,,,,,33.5,,,,ochoa_cinta,,2025_05_08/11_17_18_0/1,single_fish
2025_05_08,11_17_18_0,11_17_18_0,frame_304,0,255,4,1,False,False,True,1.7139863,False,[],,,,,,,33.5,,,,ochoa_cinta,,2025_05_08/11_17_18_0/4,single_fish
2025_05_08,11_17_18_0,11_17_18_0,frame_304,0,127,1,1,False,False,True,1.4492606,False,[],,,,,,,33.5,,,,ochoa_cinta,,2025_05_08/11_17_18_0/1,single_fish
2025_05_08,11_17_18_0,11_17_18_0,frame_305,0,255,4,0,False,False,True,1.8442531,False,[],,,,,,,33.5,,,,ochoa_cinta,,2025_05_08/11_17_18_0/4,single_fish
2025_05_08,11_17_18_0,11_17_18_0,frame_305,0,127,1,1,False,False,True,1.4694921,False,[],,,,,,,33.5,,,,ochoa_cinta,,2025_05_08/11_17_18_0/1,single_fish
2025_05_08,11_17_18_0,11_17_18_0,frame_306,0,255,1,1,False,False,True,1.446605,False,[],,,,,,,33.5,,,,ochoa_cinta,,2025_05_08/11_17_18_0/1,single_fish
2025_05_08,11_17_18_0,11_17_18_0,frame_307,0,255,4,0,True,False,True,1.2125906,False,[],,,,,,,33.5,,,,ochoa_cinta,,2025_05_08/11_17_18_0/4,single_fish
2025_05_08,11_17_18_0,11_17_18_0,frame_307,0,127,1,1,False,False,True,1.3966079,False,[],,,,,,,33.5,,,,ochoa_cinta,,2025_05_08/11_17_18_0/1,single_fish
2025_05_08,11_17_18_0,11_17_18_0,frame_308,0,255,1,1,False,False,True,1.366578,False,[],,,,,,,33.5,,,,ochoa_cinta,,2025_05_08/11_17_18_0/1,single_fish
2025_05_08,11_17_18_0,11_17_18_0,frame_309,0,255,1,0,False,False,True,1.3278596,False,[],,,,,,,33.5,,,,ochoa_cinta,,2025_05_08/11_17_18_0/1,single_fish
2025_05_08,11_17_18_0,11_17_18_0,frame_310,0,255,4,0,False,False,True,1.6793332,False,[],,,,,,,33.5,,,,ochoa_cinta,,2025_05_08/11_17_18_0/4,single_fish
2025_05_08,11_17_18_0,11_17_18_0,frame_310,0,127,1,0,False,False,True,1.27628,False,[],,,,,,,33.5,,,,ochoa_cinta,,2025_05_08/11_17_18_0/1,single_fish
2025_05_08,11_17_18_0,11_17_18_0,frame_311,0,255,1,0,False,False,True,1.264106,False,[],,,,,,,33.5,,,,ochoa_cinta,,2025_05_08/11_17_18_0/1,single_fish
2025_05_08,11_17_18_0,11_17_18_0,frame_312,0,255,4,0,False,False,True,1.232902,False,[],,,,,,,33.5,,,,ochoa_cinta,,2025_05_08/11_17_18_0/4,single_fish
2025_05_08,11_17_18_0,11_17_18_0,frame_312,0,127,1,0,False,False,True,1.2295488,False,[],,,,,,,33.5,,,,ochoa_cinta,,2025_05_08/11_17_18_0/1,single_fish
2025_05_08,11_17_18_0,11_17_18_0,frame_313,0,255,1,0,False,False,True,1.2275743,False,[],,,,,,,33.5,,,,ochoa_cinta,,2025_05_08/11_17_18_0/1,single_fish
2025_05_08,11_17_18_0,11_17_18_0,frame_314,0,255,1,1,False,False,True,1.2543265,False,[],,,,,,,33.5,,,,ochoa_cinta,,2025_05_08/11_17_18_0/1,single_fish
2025_05_08,11_17_18_0,11_17_18_0,frame_315,0,255,4,0,False,False,True,1.3063049,False,[],,,,,,,33.5,,,,ochoa_cinta,,2025_05_08/11_17_18_0/4,single_fish
2025_05_08,11_17_18_0,11_17_18_0,frame_315,0,127,1,1,False,False,True,1.2576588,False,[],,,,,,,33.5,,,,ochoa_cinta,,2025_05_08/11_17_18_0/1,single_fish
2025_05_08,11_17_18_0,11_17_18_0,frame_316,0,255,1,1,False,False,True,1.2690889,False,[],,,,,,,33.5,,,,ochoa_cinta,,2025_05_08/11_17_18_0/1,single_fish
2025_05_08,11_17_18_0,11_17_18_0,frame_317,0,255,4,1,False,False,True,1.2371131,False,[],,,,,,,33.5,,,,ochoa_cinta,,2025_05_08/11_17_18_0/4,single_fish
2025_05_08,11_17_18_0,11_17_18_0,frame_317,0,127,1,1,False,False,True,1.2731825,False,[],,,,,,,33.5,,,,ochoa_cinta,,2025_05_08/11_17_18_0/1,single_fish
2025_05_08,11_17_18_0,11_17_18_0,frame_318,0,255,1,1,False,False,True,1.2646338,False,[],,,,,,,33.5,,,,ochoa_cinta,,2025_05_08/11_17_18_0/1,single_fish
2025_05_08,11_17_18_0,11_17_18_0,frame_319,0,255,1,1,False,False,True,1.262339,False,[],,,,,,,33.5,,,,ochoa_cinta,,2025_05_08/11_17_18_0/1,single_fish
2025_05_08,11_17_18_0,11_17_18_0,frame_320,0,255,1,1,False,False,True,1.282004,False,[],,,,,,,33.5,,,,ochoa_cinta,,2025_05_08/11_17_18_0/1,single_fish
2025_05_08,11_17_18_0,11_17_18_0,frame_321,0,255,1,1,False,False,True,1.2788434,False,[],,,,,,,33.5,,,,ochoa_cinta,,2025_05_08/11_17_18_0/1,single_fish
2025_05_08,11_17_18_0,11_17_18_0,frame_322,0,255,1,1,False,False,True,1.2899956,False,[],,,,,,,33.5,,,,ochoa_cinta,,2025_05_08/11_17_18_0/1,single_fish
2025_05_08,11_17_18_0,11_17_18_0,frame_323,0,255,1,1,False,False,True,1.2733752,False,[],,,,,,,33.5,,,,ochoa_cinta,,2025_05_08/11_17_18_0/1,single_fish
2025_05_08,11_17_18_0,11_17_18_0,frame_324,0,255,1,1,False,False,True,1.2925606,False,[],,,,,,,33.5,,,,ochoa_cinta,,2025_05_08/11_17_18_0/1,single_fish
2025_05_08,11_17_18_0,11_17_18_0,frame_325,0,255,1,1,False,False,True,1.3136878,False,[],,,,,,,33.5,,,,ochoa_cinta,,2025_05_08/11_17_18_0/1,single_fish
2025_05_08,11_17_18_0,11_17_18_0,frame_326,0,255,1,1,False,False,True,1.3308831,False,[],,,,,,,33.5,,,,ochoa_cinta,,2025_05_08/11_17_18_0/1,single_fish
2025_05_08,11_17_18_0,11_17_18_0,frame_327,0,255,1,1,False,False,True,1.3602682,False,[],,,,,,,33.5,,,,ochoa_cinta,,2025_05_08/11_17_18_0/1,single_fish
2025_05_08,11_17_18_0,11_17_18_0,frame_328,0,255,1,1,False,False,True,1.3938768,False,[],,,,,,,33.5,,,,ochoa_cinta,,2025_05_08/11_17_18_0/1,single_fish
2025_05_08,11_17_18_0,11_17_18_0,frame_329,0,255,1,1,False,False,True,1.4156364,False,[],,,,,,,33.5,,,,ochoa_cinta,,2025_05_08/11_17_18_0/1,single_fish
2025_05_08,11_17_18_0,11_17_18_0,frame_330,0,255,1,1,False,False,True,1.430622,False,[],,,,,,,33.5,,,,ochoa_cinta,,2025_05_08/11_17_18_0/1,single_fish
2025_05_08,11_17_18_0,11_17_18_0,frame_331,0,255,1,1,False,False,True,1.4300324,False,[],,,,,,,33.5,,,,ochoa_cinta,,2025_05_08/11_17_18_0/1,single_fish
2025_05_08,11_17_18_0,11_17_18_0,frame_332,0,255,1,1,False,False,True,1.4091232,False,[],,,,,,,33.5,,,,ochoa_cinta,,2025_05_08/11_17_18_0/1,single_fish
2025_05_08,11_17_18_0,11_17_18_0,frame_333,0,255,1,1,False,False,True,1.4039601,False,[],,,,,,,33.5,,,,ochoa_cinta,,2025_05_08/11_17_18_0/1,single_fish
2025_05_08,11_17_18_0,11_17_18_0,frame_334,0,255,1,1,False,False,True,1.3840685,False,[],,,,,,,33.5,,,,ochoa_cinta,,2025_05_08/11_17_18_0/1,single_fish
2025_05_08,11_17_18_0,11_17_18_0,frame_335,0,255,1,1,False,False,True,1.4114267,False,[],,,,,,,33.5,,,,ochoa_cinta,,2025_05_08/11_17_18_0/1,single_fish
2025_05_08,11_17_18_0,11_17_18_0,frame_336,0,255,1,1,False,False,True,1.4247797,False,[],,,,,,,33.5,,,,ochoa_cinta,,2025_05_08/11_17_18_0/1,single_fish
2025_05_08,11_17_18_0,11_17_18_0,frame_337,0,255,1,1,False,False,True,1.4269927,False,[],,,,,,,33.5,,,,ochoa_cinta,,2025_05_08/11_17_18_0/1,single_fish
2025_05_08,11_17_18_0,11_17_18_0,frame_338,0,255,1,1,False,False,True,1.4299917,False,[],,,,,,,33.5,,,,ochoa_cinta,,2025_05_08/11_17_18_0/1,single_fish
2025_05_08,11_17_18_0,11_17_18_0,frame_339,0,255,1,1,False,False,True,1.4317795,False,[],,,,,,,33.5,,,,ochoa_cinta,,2025_05_08/11_17_18_0/1,single_fish
2025_05_08,11_17_18_0,11_17_18_0,frame_340,0,255,1,1,False,False,True,1.4261913,False,[],,,,,,,33.5,,,,ochoa_cinta,,2025_05_08/11_17_18_0/1,single_fish
2025_05_08,11_17_18_0,11_17_18_0,frame_341,0,255,1,1,False,False,True,1.4408859,False,[],,,,,,,33.5,,,,ochoa_cinta,,2025_05_08/11_17_18_0/1,single_fish
2025_05_08,11_17_18_0,11_17_18_0,frame_342,0,255,1,1,False,False,True,1.4408302,False,[],,,,,,,33.5,,,,ochoa_cinta,,2025_05_08/11_17_18_0/1,single_fish
2025_05_08,11_17_18_0,11_17_18_0,frame_343,0,255,1,1,False,False,True,1.4405725,False,[],,,,,,,33.5,,,,ochoa_cinta,,2025_05_08/11_17_18_0/1,single_fish
2025_05_08,11_17_18_0,11_17_18_0,frame_344,0,255,1,1,False,False,True,1.454843,False,[],,,,,,,33.5,,,,ochoa_cinta,,2025_05_08/11_17_18_0/1,single_fish
2025_05_08,11_17_18_0,11_17_18_0,frame_345,0,255,1,1,False,False,True,1.4255987,False,[],,,,,,,33.5,,,,ochoa_cinta,,2025_05_08/11_17_18_0/1,single_fish
2025_05_08,11_17_18_0,11_17_18_0,frame_346,0,255,1,1,False,False,True,1.4402943,False,[],,,,,,,33.5,,,,ochoa_cinta,,2025_05_08/11_17_18_0/1,single_fish
2025_05_08,11_17_18_0,11_17_18_0,frame_347,0,255,1,1,False,False,True,1.4552208,False,[],,,,,,,33.5,,,,ochoa_cinta,,2025_05_08/11_17_18_0/1,single_fish
2025_05_08,11_17_18_0,11_17_18_0,frame_348,0,255,1,1,False,False,True,1.4188869,False,[],,,,,,,33.5,,,,ochoa_cinta,,2025_05_08/11_17_18_0/1,single_fish
2025_05_08,11_17_18_0,11_17_18_0,frame_349,0,255,1,1,False,False,True,1.377333,False,[],,,,,,,33.5,,,,ochoa_cinta,,2025_05_08/11_17_18_0/1,single_fish
2025_05_08,11_17_18_0,11_17_18_0,frame_350,0,255,1,1,False,False,True,1.3573362,False,[],,,,,,,33.5,,,,ochoa_cinta,,2025_05_08/11_17_18_0/1,single_fish
2025_05_08,11_17_18_0,11_17_18_0,frame_351,0,255,1,1,False,False,True,1.3576853,False,[],,,,,,,33.5,,,,ochoa_cinta,,2025_05_08/11_17_18_0/1,single_fish
2025_05_08,11_17_18_0,11_17_18_0,frame_352,0,255,1,1,False,False,True,1.3474112,False,[],,,,,,,33.5,,,,ochoa_cinta,,2025_05_08/11_17_18_0/1,single_fish
2025_05_08,11_17_18_0,11_17_18_0,frame_353,0,255,1,1,False,False,True,1.3256409,False,[],,,,,,,33.5,,,,ochoa_cinta,,2025_05_08/11_17_18_0/1,single_fish
2025_05_08,11_17_18_0,11_17_18_0,frame_354,0,255,1,1,False,False,True,1.3174291,False,[],,,,,,,33.5,,,,ochoa_cinta,,2025_05_08/11_17_18_0/1,single_fish
2025_05_08,11_17_18_0,11_17_18_0,frame_355,0,255,1,1,False,False,True,1.3147624,False,[],,,,,,,33.5,,,,ochoa_cinta,,2025_05_08/11_17_18_0/1,single_fish
2025_05_08,11_17_18_0,11_17_18_0,frame_356,0,255,1,1,False,False,True,1.2972467,False,[],,,,,,,33.5,,,,ochoa_cinta,,2025_05_08/11_17_18_0/1,single_fish
2025_05_08,11_17_18_0,11_17_18_0,frame_357,0,255,1,1,False,False,True,1.2883344,False,[],,,,,,,33.5,,,,ochoa_cinta,,2025_05_08/11_17_18_0/1,single_fish
2025_05_08,11_17_18_0,11_17_18_0,frame_358,0,255,1,1,False,False,True,1.2876852,False,[],,,,,,,33.5,,,,ochoa_cinta,,2025_05_08/11_17_18_0/1,single_fish
2025_05_08,11_17_18_0,11_17_18_0,frame_359,0,255,1,1,False,False,True,1.3112165,False,[],,,,,,,33.5,,,,ochoa_cinta,,2025_05_08/11_17_18_0/1,single_fish
2025_05_08,11_17_18_0,11_17_18_0,frame_360,0,255,1,1,False,False,True,1.3015058,False,[],,,,,,,33.5,,,,ochoa_cinta,,2025_05_08/11_17_18_0/1,single_fish
2025_05_08,11_17_18_0,11_17_18_0,frame_361,0,255,1,1,False,False,True,1.2842509,False,[],,,,,,,33.5,,,,ochoa_cinta,,2025_05_08/11_17_18_0/1,single_fish
2025_05_08,11_17_18_0,11_17_18_0,frame_362,0,255,1,1,False,False,True,1.273966,False,[],,,,,,,33.5,,,,ochoa_cinta,,2025_05_08/11_17_18_0/1,single_fish
2025_05_08,11_17_18_0,11_17_18_0,frame_363,0,255,1,1,False,False,True,1.2675434,False,[],,,,,,,33.5,,,,ochoa_cinta,,2025_05_08/11_17_18_0/1,single_fish
2025_05_08,11_17_18_0,11_17_18_0,frame_364,0,255,1,1,False,False,True,1.2570541,False,[],,,,,,,33.5,,,,ochoa_cinta,,2025_05_08/11_17_18_0/1,single_fish
2025_05_08,11_17_18_0,11_17_18_0,frame_365,0,255,1,1,False,False,True,1.285109,False,[],,,,,,,33.5,,,,ochoa_cinta,,2025_05_08/11_17_18_0/1,single_fish
2025_05_08,11_17_18_0,11_17_18_0,frame_366,0,255,1,1,False,False,True,1.3220676,False,[],,,,,,,33.5,,,,ochoa_cinta,,2025_05_08/11_17_18_0/1,single_fish
2025_05_08,11_17_18_0,11_17_18_0,frame_367,0,255,1,1,False,False,True,1.315085,False,[],,,,,,,33.5,,,,ochoa_cinta,,2025_05_08/11_17_18_0/1,single_fish
2025_05_08,11_17_18_0,11_17_18_0,frame_368,0,255,1,1,False,False,True,1.3278378,False,[],,,,,,,33.5,,,,ochoa_cinta,,2025_05_08/11_17_18_0/1,single_fish
2025_05_08,11_17_18_0,11_17_18_0,frame_369,0,255,1,1,False,False,True,1.3304552,False,[],,,,,,,33.5,,,,ochoa_cinta,,2025_05_08/11_17_18_0/1,single_fish
2025_05_08,11_17_18_0,11_17_18_0,frame_370,0,255,1,1,False,False,True,1.3396378,False,[],,,,,,,33.5,,,,ochoa_cinta,,2025_05_08/11_17_18_0/1,single_fish
2025_05_08,11_17_18_0,11_17_18_0,frame_371,0,255,1,1,False,False,True,1.3506474,False,[],,,,,,,33.5,,,,ochoa_cinta,,2025_05_08/11_17_18_0/1,single_fish
2025_05_08,11_17_18_0,11_17_18_0,frame_372,0,255,1,1,False,False,True,1.3850425,False,[],,,,,,,33.5,,,,ochoa_cinta,,2025_05_08/11_17_18_0/1,single_fish
2025_05_08,11_17_18_0,11_17_18_0,frame_373,0,255,1,1,False,False,True,1.3983839,False,[],,,,,,,33.5,,,,ochoa_cinta,,2025_05_08/11_17_18_0/1,single_fish
2025_05_08,11_17_18_0,11_17_18_0,frame_374,0,255,1,1,False,False,True,1.4234965,False,[],,,,,,,33.5,,,,ochoa_cinta,,2025_05_08/11_17_18_0/1,single_fish
2025_05_08,11_17_18_0,11_17_18_0,frame_375,0,255,1,1,False,False,True,1.4814439,False,[],,,,,,,33.5,,,,ochoa_cinta,,2025_05_08/11_17_18_0/1,single_fish
2025_05_08,11_17_18_0,11_17_18_0,frame_376,0,255,1,1,False,False,True,1.506179,False,[],,,,,,,33.5,,,,ochoa_cinta,,2025_05_08/11_17_18_0/1,single_fish
2025_05_08,11_17_18_0,11_17_18_0,frame_377,0,255,1,1,False,False,True,1.4871194,False,[],,,,,,,33.5,,,,ochoa_cinta,,2025_05_08/11_17_18_0/1,single_fish
2025_05_08,11_17_18_0,11_17_18_0,frame_378,0,255,1,1,False,False,True,1.4614948,False,[],,,,,,,33.5,,,,ochoa_cinta,,2025_05_08/11_17_18_0/1,single_fish
2025_05_08,11_17_18_0,11_17_18_0,frame_379,0,255,1,1,False,False,True,1.453675,False,[],,,,,,,33.5,,,,ochoa_cinta,,2025_05_08/11_17_18_0/1,single_fish
2025_05_08,11_17_18_0,11_17_18_0,frame_380,0,255,1,1,False,False,True,1.4360113,False,[],,,,,,,33.5,,,,ochoa_cinta,,2025_05_08/11_17_18_0/1,single_fish
2025_05_08,11_17_18_0,11_17_18_0,frame_381,0,255,1,1,False,False,True,1.4436911,False,[],,,,,,,33.5,,,,ochoa_cinta,,2025_05_08/11_17_18_0/1,single_fish
2025_05_08,11_17_18_0,11_17_18_0,frame_382,0,255,1,1,False,False,True,1.451807,False,[],,,,,,,33.5,,,,ochoa_cinta,,2025_05_08/11_17_18_0/1,single_fish
2025_05_08,11_17_18_0,11_17_18_0,frame_383,0,255,1,1,False,False,True,1.4542552,False,[],,,,,,,33.5,,,,ochoa_cinta,,2025_05_08/11_17_18_0/1,single_fish
2025_05_08,11_17_18_0,11_17_18_0,frame_384,0,255,1,1,False,False,True,1.4302651,False,[],,,,,,,33.5,,,,ochoa_cinta,,2025_05_08/11_17_18_0/1,single_fish
2025_05_08,11_17_18_0,11_17_18_0,frame_385,0,255,1,1,False,False,True,1.4171145,False,[],,,,,,,33.5,,,,ochoa_cinta,,2025_05_08/11_17_18_0/1,single_fish
2025_05_08,11_17_18_0,11_17_18_0,frame_386,0,255,1,1,False,False,True,1.3957942,False,[],,,,,,,33.5,,,,ochoa_cinta,,2025_05_08/11_17_18_0/1,single_fish
2025_05_08,11_17_18_0,11_17_18_0,frame_387,0,255,1,1,False,False,True,1.3786172,False,[],,,,,,,33.5,,,,ochoa_cinta,,2025_05_08/11_17_18_0/1,single_fish
2025_05_08,11_17_18_0,11_17_18_0,frame_388,0,255,1,1,False,False,True,1.3858018,False,[],,,,,,,33.5,,,,ochoa_cinta,,2025_05_08/11_17_18_0/1,single_fish
2025_05_08,11_17_18_0,11_17_18_0,frame_389,0,255,1,1,False,False,True,1.358301,False,[],,,,,,,33.5,,,,ochoa_cinta,,2025_05_08/11_17_18_0/1,single_fish
2025_05_08,11_17_18_0,11_17_18_0,frame_390,0,255,1,1,False,False,True,1.32253,False,[],,,,,,,33.5,,,,ochoa_cinta,,2025_05_08/11_17_18_0/1,single_fish
2025_05_08,11_17_18_0,11_17_18_0,frame_391,0,255,1,1,False,False,True,1.2837703,False,[],,,,,,,33.5,,,,ochoa_cinta,,2025_05_08/11_17_18_0/1,single_fish
2025_05_08,11_17_18_0,11_17_18_0,frame_392,0,255,1,1,False,False,True,1.292392,False,[],,,,,,,33.5,,,,ochoa_cinta,,2025_05_08/11_17_18_0/1,single_fish
2025_05_08,11_17_18_0,11_17_18_0,frame_393,0,255,1,1,False,False,True,1.2707388,False,[],,,,,,,33.5,,,,ochoa_cinta,,2025_05_08/11_17_18_0/1,single_fish
2025_05_08,11_17_18_0,11_17_18_0,frame_394,0,255,1,1,False,False,True,1.2530581,False,[],,,,,,,33.5,,,,ochoa_cinta,,2025_05_08/11_17_18_0/1,single_fish
2025_05_08,11_17_18_0,11_17_18_0,frame_395,0,255,1,1,False,False,True,1.293678,False,[],,,,,,,33.5,,,,ochoa_cinta,,2025_05_08/11_17_18_0/1,single_fish
2025_05_08,11_17_18_0,11_17_18_0,frame_396,0,255,1,1,False,False,True,1.3069643,False,[],,,,,,,33.5,,,,ochoa_cinta,,2025_05_08/11_17_18_0/1,single_fish
2025_05_08,11_17_18_0,11_17_18_0,frame_397,0,255,1,1,False,False,True,1.3444113,False,[],,,,,,,33.5,,,,ochoa_cinta,,2025_05_08/11_17_18_0/1,single_fish
2025_05_08,11_17_18_0,11_17_18_0,frame_398,0,255,1,1,False,False,True,1.3526903,False,[],,,,,,,33.5,,,,ochoa_cinta,,2025_05_08/11_17_18_0/1,single_fish
2025_05_08,11_17_18_0,11_17_18_0,frame_399,0,255,1,1,False,False,True,1.3721826,False,[],,,,,,,33.5,,,,ochoa_cinta,,2025_05_08/11_17_18_0/1,single_fish
2025_05_08,11_17_18_0,11_17_18_0,frame_400,0,255,1,1,False,False,True,1.3767838,False,[],,,,,,,33.5,,,,ochoa_cinta,,2025_05_08/11_17_18_0/1,single_fish
2025_05_08,11_17_18_0,11_17_18_0,frame_401,0,255,1,1,False,False,True,1.3737961,False,[],,,,,,,33.5,,,,ochoa_cinta,,2025_05_08/11_17_18_0/1,single_fish
2025_05_08,11_17_18_0,11_17_18_0,frame_402,0,255,1,1,False,False,True,1.3728669,False,[],,,,,,,33.5,,,,ochoa_cinta,,2025_05_08/11_17_18_0/1,single_fish
2025_05_08,11_17_18_0,11_17_18_0,frame_403,0,255,1,1,False,False,True,1.3555608,False,[],,,,,,,33.5,,,,ochoa_cinta,,2025_05_08/11_17_18_0/1,single_fish
2025_05_08,11_17_18_0,11_17_18_0,frame_404,0,255,1,1,False,False,True,1.356378,False,[],,,,,,,33.5,,,,ochoa_cinta,,2025_05_08/11_17_18_0/1,single_fish
2025_05_08,11_17_18_0,11_17_18_0,frame_405,0,255,1,1,False,False,True,1.3507168,False,[],,,,,,,33.5,,,,ochoa_cinta,,2025_05_08/11_17_18_0/1,single_fish
2025_05_08,11_17_18_0,11_17_18_0,frame_406,0,255,1,1,False,False,True,1.3565816,False,[],,,,,,,33.5,,,,ochoa_cinta,,2025_05_08/11_17_18_0/1,single_fish
2025_05_08,11_17_18_0,11_17_18_0,frame_407,0,255,1,1,False,False,True,1.3734571,False,[],,,,,,,33.5,,,,ochoa_cinta,,2025_05_08/11_17_18_0/1,single_fish
2025_05_08,11_17_18_0,11_17_18_0,frame_408,0,255,1,1,False,False,True,1.4025056,False,[],,,,,,,33.5,,,,ochoa_cinta,,2025_05_08/11_17_18_0/1,single_fish
2025_05_08,11_17_18_0,11_17_18_0,frame_409,0,255,1,1,False,False,True,1.4063228,False,[],,,,,,,33.5,,,,ochoa_cinta,,2025_05_08/11_17_18_0/1,single_fish
2025_05_08,11_17_18_0,11_17_18_0,frame_410,0,255,1,1,False,False,True,1.3963997,False,[],,,,,,,33.5,,,,ochoa_cinta,,2025_05_08/11_17_18_0/1,single_fish
2025_05_08,11_17_18_0,11_17_18_0,frame_411,0,255,1,1,False,False,True,1.3918581,False,[],,,,,,,33.5,,,,ochoa_cinta,,2025_05_08/11_17_18_0/1,single_fish
2025_05_08,11_17_18_0,11_17_18_0,frame_412,0,255,1,1,False,False,True,1.4049678,False,[],,,,,,,33.5,,,,ochoa_cinta,,2025_05_08/11_17_18_0/1,single_fish
2025_05_08,11_17_18_0,11_17_18_0,frame_413,0,255,1,1,False,False,True,1.3483533,False,[],,,,,,,33.5,,,,ochoa_cinta,,2025_05_08/11_17_18_0/1,single_fish
2025_05_08,11_17_18_0,11_17_18_0,frame_414,0,255,1,1,False,False,True,1.2954097,False,[],,,,,,,33.5,,,,ochoa_cinta,,2025_05_08/11_17_18_0/1,single_fish
2025_05_08,11_17_18_0,11_17_18_0,frame_415,0,255,1,1,False,False,True,1.275998,False,[],,,,,,,33.5,,,,ochoa_cinta,,2025_05_08/11_17_18_0/1,single_fish
2025_05_08,11_17_18_0,11_17_18_0,frame_416,0,255,1,1,False,False,True,1.2773793,False,[],,,,,,,33.5,,,,ochoa_cinta,,2025_05_08/11_17_18_0/1,single_fish
2025_05_08,11_17_18_0,11_17_18_0,frame_417,0,255,1,1,False,False,True,1.2950677,False,[],,,,,,,33.5,,,,ochoa_cinta,,2025_05_08/11_17_18_0/1,single_fish
2025_05_08,11_17_18_0,11_17_18_0,frame_418,0,255,1,1,False,False,True,1.3030626,False,[],,,,,,,33.5,,,,ochoa_cinta,,2025_05_08/11_17_18_0/1,single_fish
2025_05_08,11_17_18_0,11_17_18_0,frame_419,0,255,1,1,False,False,True,1.3021535,False,[],,,,,,,33.5,,,,ochoa_cinta,,2025_05_08/11_17_18_0/1,single_fish
2025_05_08,11_17_18_0,11_17_18_0,frame_420,0,255,1,1,False,False,True,1.3001451,False,[],,,,,,,33.5,,,,ochoa_cinta,,2025_05_08/11_17_18_0/1,single_fish
2025_05_08,11_17_18_0,11_17_18_0,frame_421,0,255,1,1,False,False,True,1.2874986,False,[],,,,,,,33.5,,,,ochoa_cinta,,2025_05_08/11_17_18_0/1,single_fish
2025_05_08,11_17_18_0,11_17_18_0,frame_422,0,255,1,1,False,False,True,1.2725089,False,[],,,,,,,33.5,,,,ochoa_cinta,,2025_05_08/11_17_18_0/1,single_fish
2025_05_08,11_17_18_0,11_17_18_0,frame_423,0,255,1,1,False,False,True,1.2638612,False,[],,,,,,,33.5,,,,ochoa_cinta,,2025_05_08/11_17_18_0/1,single_fish
2025_05_08,11_17_18_0,11_17_18_0,frame_424,0,255,1,1,False,False,True,1.2622625,False,[],,,,,,,33.5,,,,ochoa_cinta,,2025_05_08/11_17_18_0/1,single_fish
2025_05_08,11_17_18_0,11_17_18_0,frame_425,0,255,1,1,False,False,True,1.2595801,False,[],,,,,,,33.5,,,,ochoa_cinta,,2025_05_08/11_17_18_0/1,single_fish
2025_05_08,11_17_18_0,11_17_18_0,frame_426,0,255,1,1,False,False,True,1.2998748,False,[],,,,,,,33.5,,,,ochoa_cinta,,2025_05_08/11_17_18_0/1,single_fish
2025_05_08,11_17_18_0,11_17_18_0,frame_427,0,255,1,1,False,False,True,1.3158801,False,[],,,,,,,33.5,,,,ochoa_cinta,,2025_05_08/11_17_18_0/1,single_fish
2025_05_08,11_17_18_0,11_17_18_0,frame_428,0,255,1,1,False,False,True,1.3166915,False,[],,,,,,,33.5,,,,ochoa_cinta,,2025_05_08/11_17_18_0/1,single_fish
2025_05_08,11_17_18_0,11_17_18_0,frame_429,0,255,1,1,False,False,True,1.3302361,False,[],,,,,,,33.5,,,,ochoa_cinta,,2025_05_08/11_17_18_0/1,single_fish
2025_05_08,11_17_18_0,11_17_18_0,frame_430,0,255,1,1,False,False,True,1.3365256,False,[],,,,,,,33.5,,,,ochoa_cinta,,2025_05_08/11_17_18_0/1,single_fish
2025_05_08,11_17_18_0,11_17_18_0,frame_431,0,255,1,1,False,False,True,1.3333327,False,[],,,,,,,33.5,,,,ochoa_cinta,,2025_05_08/11_17_18_0/1,single_fish
2025_05_08,11_17_18_0,11_17_18_0,frame_432,0,255,1,1,False,False,True,1.3361912,False,[],,,,,,,33.5,,,,ochoa_cinta,,2025_05_08/11_17_18_0/1,single_fish
2025_05_08,11_17_18_0,11_17_18_0,frame_433,0,255,1,1,False,False,True,1.3123658,False,[],,,,,,,33.5,,,,ochoa_cinta,,2025_05_08/11_17_18_0/1,single_fish
2025_05_08,11_17_18_0,11_17_18_0,frame_434,0,255,1,1,False,False,True,1.3036351,False,[],,,,,,,33.5,,,,ochoa_cinta,,2025_05_08/11_17_18_0/1,single_fish
2025_05_08,11_17_18_0,11_17_18_0,frame_435,0,255,1,1,False,False,True,1.2725152,False,[],,,,,,,33.5,,,,ochoa_cinta,,2025_05_08/11_17_18_0/1,single_fish
2025_05_08,11_17_18_0,11_17_18_0,frame_436,0,255,1,1,False,False,True,1.2462375,False,[],,,,,,,33.5,,,,ochoa_cinta,,2025_05_08/11_17_18_0/1,single_fish
2025_05_08,11_17_18_0,11_17_18_0,frame_437,0,255,1,1,False,False,True,1.2542139,False,[],,,,,,,33.5,,,,ochoa_cinta,,2025_05_08/11_17_18_0/1,single_fish
2025_05_08,11_17_18_0,11_17_18_0,frame_438,0,255,1,1,False,False,True,1.2470487,False,[],,,,,,,33.5,,,,ochoa_cinta,,2025_05_08/11_17_18_0/1,single_fish
2025_05_08,11_17_18_0,11_17_18_0,frame_439,0,255,1,1,False,False,True,1.2582198,False,[],,,,,,,33.5,,,,ochoa_cinta,,2025_05_08/11_17_18_0/1,single_fish
2025_05_08,11_17_18_0,11_17_18_0,frame_440,0,255,1,1,False,False,True,1.2352703,False,[],,,,,,,33.5,,,,ochoa_cinta,,2025_05_08/11_17_18_0/1,single_fish
2025_05_08,11_17_18_0,11_17_18_0,frame_441,0,255,1,1,False,False,True,1.2042848,False,[],,,,,,,33.5,,,,ochoa_cinta,,2025_05_08/11_17_18_0/1,single_fish
2025_05_08,11_17_18_0,11_17_18_0,frame_442,0,255,1,1,False,False,True,1.1990604,False,[],,,,,,,33.5,,,,ochoa_cinta,,2025_05_08/11_17_18_0/1,single_fish
2025_05_08,11_17_18_0,11_17_18_0,frame_443,0,255,1,1,False,False,True,1.19431,False,[],,,,,,,33.5,,,,ochoa_cinta,,2025_05_08/11_17_18_0/1,single_fish
2025_05_08,11_17_18_0,11_17_18_0,frame_444,0,255,1,1,False,False,True,1.1867334,False,[],,,,,,,33.5,,,,ochoa_cinta,,2025_05_08/11_17_18_0/1,single_fish
2025_05_08,11_17_18_0,11_17_18_0,frame_445,0,255,1,1,False,False,True,1.1842548,False,[],,,,,,,33.5,,,,ochoa_cinta,,2025_05_08/11_17_18_0/1,single_fish
2025_05_08,11_17_18_0,11_17_18_0,frame_446,0,255,1,1,False,False,True,1.1852424,False,[],,,,,,,33.5,,,,ochoa_cinta,,2025_05_08/11_17_18_0/1,single_fish
2025_05_08,11_17_18_0,11_17_18_0,frame_447,0,255,1,1,False,False,True,1.1794925,False,[],,,,,,,33.5,,,,ochoa_cinta,,2025_05_08/11_17_18_0/1,single_fish
2025_05_08,11_17_18_0,11_17_18_0,frame_448,0,255,1,1,False,False,True,1.1622326,False,[],,,,,,,33.5,,,,ochoa_cinta,,2025_05_08/11_17_18_0/1,single_fish
2025_05_08,11_17_18_0,11_17_18_0,frame_449,0,255,1,1,False,False,True,1.1451845,False,[],,,,,,,33.5,,,,ochoa_cinta,,2025_05_08/11_17_18_0/1,single_fish
2025_05_08,11_17_18_0,11_17_18_0,frame_450,0,255,1,1,False,False,True,1.1209197,False,[],,,,,,,33.5,,,,ochoa_cinta,,2025_05_08/11_17_18_0/1,single_fish
2025_05_08,11_17_18_0,11_17_18_0,frame_451,0,255,1,1,False,False,True,1.1123269,False,[],,,,,,,33.5,,,,ochoa_cinta,,2025_05_08/11_17_18_0/1,single_fish
2025_05_08,11_17_18_0,11_17_18_0,frame_452,0,255,1,1,False,False,True,1.1094116,False,[],,,,,,,33.5,,,,ochoa_cinta,,2025_05_08/11_17_18_0/1,single_fish
2025_05_08,11_17_18_0,11_17_18_0,frame_453,0,255,1,1,False,False,True,1.0705192,False,[],,,,,,,33.5,,,,ochoa_cinta,,2025_05_08/11_17_18_0/1,single_fish
2025_05_08,11_17_18_0,11_17_18_0,frame_454,0,255,1,1,False,False,True,1.0517138,False,[],,,,,,,33.5,,,,ochoa_cinta,,2025_05_08/11_17_18_0/1,single_fish
2025_05_08,11_17_18_0,11_17_18_0,frame_455,0,255,1,1,False,False,True,1.0288987,False,[],,,,,,,33.5,,,,ochoa_cinta,,2025_05_08/11_17_18_0/1,single_fish
2025_05_08,11_17_18_0,11_17_18_0,frame_456,0,255,1,1,False,False,True,1.0373089,False,[],,,,,,,33.5,,,,ochoa_cinta,,2025_05_08/11_17_18_0/1,single_fish
2025_05_08,11_17_18_0,11_17_18_0,frame_457,0,255,1,1,False,False,True,1.0246842,False,[],,,,,,,33.5,,,,ochoa_cinta,,2025_05_08/11_17_18_0/1,single_fish
2025_05_08,11_17_18_0,11_17_18_0,frame_458,0,255,1,1,False,False,True,1.0041609,False,[],,,,,,,33.5,,,,ochoa_cinta,,2025_05_08/11_17_18_0/1,single_fish
2025_05_08,11_17_18_0,11_17_18_0,frame_459,0,255,1,1,False,False,True,1.0189956,False,[],,,,,,,33.5,,,,ochoa_cinta,,2025_05_08/11_17_18_0/1,single_fish
2025_05_08,11_17_18_0,11_17_18_0,frame_460,0,255,1,1,False,False,True,1.0391505,False,[],,,,,,,33.5,,,,ochoa_cinta,,2025_05_08/11_17_18_0/1,single_fish
2025_05_08,11_17_18_0,11_17_18_0,frame_461,0,255,1,1,False,False,True,1.0175818,False,[],,,,,,,33.5,,,,ochoa_cinta,,2025_05_08/11_17_18_0/1,single_fish
2025_05_08,11_17_18_0,11_17_18_0,frame_462,0,255,1,1,False,False,True,1.0205872,False,[],,,,,,,33.5,,,,ochoa_cinta,,2025_05_08/11_17_18_0/1,single_fish
2025_05_08,11_17_18_0,11_17_18_0,frame_463,0,255,1,1,False,False,True,1.0492177,False,[],,,,,,,33.5,,,,ochoa_cinta,,2025_05_08/11_17_18_0/1,single_fish
2025_05_08,11_17_18_0,11_17_18_0,frame_464,0,255,1,1,False,False,True,1.0497719,False,[],,,,,,,33.5,,,,ochoa_cinta,,2025_05_08/11_17_18_0/1,single_fish
2025_05_08,11_17_18_0,11_17_18_0,frame_465,0,255,1,1,False,False,True,1.079783,False,[],,,,,,,33.5,,,,ochoa_cinta,,2025_05_08/11_17_18_0/1,single_fish
2025_05_08,11_17_18_0,11_17_18_0,frame_466,0,255,1,1,False,False,True,1.0723435,False,[],,,,,,,33.5,,,,ochoa_cinta,,2025_05_08/11_17_18_0/1,single_fish
2025_05_08,11_17_18_0,11_17_18_0,frame_467,0,255,1,1,False,False,True,1.0749658,False,[],,,,,,,33.5,,,,ochoa_cinta,,2025_05_08/11_17_18_0/1,single_fish
2025_05_08,11_17_18_0,11_17_18_0,frame_468,0,255,1,1,False,False,True,1.0885845,False,[],,,,,,,33.5,,,,ochoa_cinta,,2025_05_08/11_17_18_0/1,single_fish
2025_05_08,11_17_18_0,11_17_18_0,frame_469,0,255,1,1,False,False,True,1.0494405,False,[],,,,,,,33.5,,,,ochoa_cinta,,2025_05_08/11_17_18_0/1,single_fish
2025_05_08,11_17_18_0,11_17_18_0,frame_470,0,255,1,1,False,False,True,1.0526745,False,[],,,,,,,33.5,,,,ochoa_cinta,,2025_05_08/11_17_18_0/1,single_fish
2025_05_08,11_17_18_0,11_17_18_0,frame_471,0,255,1,1,False,False,True,1.0185404,False,[],,,,,,,33.5,,,,ochoa_cinta,,2025_05_08/11_17_18_0/1,single_fish
2025_05_08,11_17_18_0,11_17_18_0,frame_472,0,255,1,1,False,False,True,1.0164282,False,[],,,,,,,33.5,,,,ochoa_cinta,,2025_05_08/11_17_18_0/1,single_fish
2025_05_08,11_17_18_0,11_17_18_0,frame_473,0,255,1,1,False,False,True,1.029484,False,[],,,,,,,33.5,,,,ochoa_cinta,,2025_05_08/11_17_18_0/1,single_fish
2025_05_08,11_17_18_0,11_17_18_0,frame_474,0,255,1,1,False,False,True,1.0614221,False,[],,,,,,,33.5,,,,ochoa_cinta,,2025_05_08/11_17_18_0/1,single_fish
2025_05_08,11_17_18_0,11_17_18_0,frame_475,0,255,1,1,False,False,True,1.09665,False,[],,,,,,,33.5,,,,ochoa_cinta,,2025_05_08/11_17_18_0/1,single_fish
2025_05_08,11_17_18_0,11_17_18_0,frame_476,0,255,1,1,False,False,True,1.1144024,False,[],,,,,,,33.5,,,,ochoa_cinta,,2025_05_08/11_17_18_0/1,single_fish
2025_05_08,11_17_18_0,11_17_18_0,frame_477,0,255,1,1,False,False,True,1.149495,False,[],,,,,,,33.5,,,,ochoa_cinta,,2025_05_08/11_17_18_0/1,single_fish
2025_05_08,11_17_18_0,11_17_18_0,frame_478,0,255,1,1,False,False,True,1.1843239,False,[],,,,,,,33.5,,,,ochoa_cinta,,2025_05_08/11_17_18_0/1,single_fish
2025_05_08,11_17_18_0,11_17_18_0,frame_479,0,255,1,1,False,False,True,1.2159013,False,[],,,,,,,33.5,,,,ochoa_cinta,,2025_05_08/11_17_18_0/1,single_fish
2025_05_08,11_17_18_0,11_17_18_0,frame_480,0,255,1,1,False,False,True,1.2330648,False,[],,,,,,,33.5,,,,ochoa_cinta,,2025_05_08/11_17_18_0/1,single_fish
2025_05_08,11_17_18_0,11_17_18_0,frame_481,0,255,1,1,False,False,True,1.2506613,False,[],,,,,,,33.5,,,,ochoa_cinta,,2025_05_08/11_17_18_0/1,single_fish
2025_05_08,11_17_18_0,11_17_18_0,frame_482,0,255,1,1,False,False,True,1.286072,False,[],,,,,,,33.5,,,,ochoa_cinta,,2025_05_08/11_17_18_0/1,single_fish
2025_05_08,11_17_18_0,11_17_18_0,frame_483,0,255,1,1,False,False,True,1.2930069,False,[],,,,,,,33.5,,,,ochoa_cinta,,2025_05_08/11_17_18_0/1,single_fish
2025_05_08,11_17_18_0,11_17_18_0,frame_484,0,255,1,1,False,False,True,1.3064872,False,[],,,,,,,33.5,,,,ochoa_cinta,,2025_05_08/11_17_18_0/1,single_fish
2025_05_08,11_17_18_0,11_17_18_0,frame_485,0,255,1,1,False,False,True,1.3111421,False,[],,,,,,,33.5,,,,ochoa_cinta,,2025_05_08/11_17_18_0/1,single_fish
2025_05_08,11_17_18_0,11_17_18_0,frame_486,0,255,1,1,False,False,True,1.3238798,False,[],,,,,,,33.5,,,,ochoa_cinta,,2025_05_08/11_17_18_0/1,single_fish
2025_05_08,11_17_18_0,11_17_18_0,frame_487,0,255,1,1,False,False,True,1.3281634,False,[],,,,,,,33.5,,,,ochoa_cinta,,2025_05_08/11_17_18_0/1,single_fish
2025_05_08,11_17_18_0,11_17_18_0,frame_488,0,255,1,1,False,False,True,1.3174508,False,[],,,,,,,33.5,,,,ochoa_cinta,,2025_05_08/11_17_18_0/1,single_fish
2025_05_08,11_17_18_0,11_17_18_0,frame_489,0,255,1,1,False,False,True,1.3362887,False,[],,,,,,,33.5,,,,ochoa_cinta,,2025_05_08/11_17_18_0/1,single_fish
2025_05_08,11_17_18_0,11_17_18_0,frame_490,0,255,1,1,False,False,True,1.3175654,False,[],,,,,,,33.5,,,,ochoa_cinta,,2025_05_08/11_17_18_0/1,single_fish
2025_05_08,11_17_18_0,11_17_18_0,frame_491,0,255,1,1,False,False,True,1.3077786,False,[],,,,,,,33.5,,,,ochoa_cinta,,2025_05_08/11_17_18_0/1,single_fish
2025_05_08,11_17_18_0,11_17_18_0,frame_492,0,255,1,1,False,False,True,1.292948,False,[],,,,,,,33.5,,,,ochoa_cinta,,2025_05_08/11_17_18_0/1,single_fish
2025_05_08,11_17_18_0,11_17_18_0,frame_493,0,255,1,1,False,False,True,1.292455,False,[],,,,,,,33.5,,,,ochoa_cinta,,2025_05_08/11_17_18_0/1,single_fish
2025_05_08,11_17_18_0,11_17_18_0,frame_494,0,255,1,1,False,False,True,1.279108,False,[],,,,,,,33.5,,,,ochoa_cinta,,2025_05_08/11_17_18_0/1,single_fish
2025_05_08,11_17_18_0,11_17_18_0,frame_495,0,255,1,1,False,False,True,1.2927284,False,[],,,,,,,33.5,,,,ochoa_cinta,,2025_05_08/11_17_18_0/1,single_fish
2025_05_08,11_17_18_0,11_17_18_0,frame_496,0,255,1,1,False,False,True,1.3008102,False,[],,,,,,,33.5,,,,ochoa_cinta,,2025_05_08/11_17_18_0/1,single_fish
2025_05_08,11_17_18_0,11_17_18_0,frame_497,0,255,1,1,False,False,True,1.302102,False,[],,,,,,,33.5,,,,ochoa_cinta,,2025_05_08/11_17_18_0/1,single_fish
2025_05_08,11_17_18_0,11_17_18_0,frame_498,0,255,1,1,False,False,True,1.3008003,False,[],,,,,,,33.5,,,,ochoa_cinta,,2025_05_08/11_17_18_0/1,single_fish
2025_05_08,11_17_18_0,11_17_18_0,frame_499,0,255,1,1,False,False,True,1.3005484,False,[],,,,,,,33.5,,,,ochoa_cinta,,2025_05_08/11_17_18_0/1,single_fish
2025_05_08,11_17_18_0,11_17_18_0,frame_500,0,255,1,1,False,False,True,1.2817882,False,[],,,,,,,33.5,,,,ochoa_cinta,,2025_05_08/11_17_18_0/1,single_fish
2025_05_08,11_17_18_0,11_17_18_0,frame_501,0,255,1,1,False,False,True,1.2786198,False,[],,,,,,,33.5,,,,ochoa_cinta,,2025_05_08/11_17_18_0/1,single_fish
2025_05_08,11_17_18_0,11_17_18_0,frame_502,0,255,1,1,False,False,True,1.2787868,False,[],,,,,,,33.5,,,,ochoa_cinta,,2025_05_08/11_17_18_0/1,single_fish
2025_05_08,11_17_18_0,11_17_18_0,frame_503,0,255,1,1,False,False,True,1.280399,False,[],,,,,,,33.5,,,,ochoa_cinta,,2025_05_08/11_17_18_0/1,single_fish
2025_05_08,11_17_18_0,11_17_18_0,frame_504,0,255,1,1,False,False,True,1.29203,False,[],,,,,,,33.5,,,,ochoa_cinta,,2025_05_08/11_17_18_0/1,single_fish
2025_05_08,11_17_18_0,11_17_18_0,frame_505,0,255,1,1,False,False,True,1.3040603,False,[],,,,,,,33.5,,,,ochoa_cinta,,2025_05_08/11_17_18_0/1,single_fish
2025_05_08,11_17_18_0,11_17_18_0,frame_506,0,255,1,1,False,False,True,1.3013331,False,[],,,,,,,33.5,,,,ochoa_cinta,,2025_05_08/11_17_18_0/1,single_fish
2025_05_08,11_17_18_0,11_17_18_0,frame_507,0,255,1,1,False,False,True,1.2796221,False,[],,,,,,,33.5,,,,ochoa_cinta,,2025_05_08/11_17_18_0/1,single_fish
2025_05_08,11_17_18_0,11_17_18_0,frame_508,0,255,1,1,False,False,True,1.2801114,False,[],,,,,,,33.5,,,,ochoa_cinta,,2025_05_08/11_17_18_0/1,single_fish
2025_05_08,11_17_18_0,11_17_18_0,frame_509,0,255,1,1,False,False,True,1.2747635,False,[],,,,,,,33.5,,,,ochoa_cinta,,2025_05_08/11_17_18_0/1,single_fish
2025_05_08,11_17_18_0,11_17_18_0,frame_510,0,255,1,1,False,False,True,1.2667874,False,[],,,,,,,33.5,,,,ochoa_cinta,,2025_05_08/11_17_18_0/1,single_fish
2025_05_08,11_17_18_0,11_17_18_0,frame_511,0,255,1,1,False,False,True,1.2696826,False,[],,,,,,,33.5,,,,ochoa_cinta,,2025_05_08/11_17_18_0/1,single_fish
2025_05_08,11_17_18_0,11_17_18_0,frame_512,0,255,1,1,False,False,True,1.2621682,False,[],,,,,,,33.5,,,,ochoa_cinta,,2025_05_08/11_17_18_0/1,single_fish
2025_05_08,11_17_18_0,11_17_18_0,frame_513,0,255,1,1,False,False,True,1.2590874,False,[],,,,,,,33.5,,,,ochoa_cinta,,2025_05_08/11_17_18_0/1,single_fish
2025_05_08,11_17_18_0,11_17_18_0,frame_514,0,255,1,1,False,False,True,1.2635727,False,[],,,,,,,33.5,,,,ochoa_cinta,,2025_05_08/11_17_18_0/1,single_fish
2025_05_08,11_17_18_0,11_17_18_0,frame_515,0,255,1,1,False,False,True,1.2784704,False,[],,,,,,,33.5,,,,ochoa_cinta,,2025_05_08/11_17_18_0/1,single_fish
2025_05_08,11_17_18_0,11_17_18_0,frame_516,0,255,1,1,False,False,True,1.28383,False,[],,,,,,,33.5,,,,ochoa_cinta,,2025_05_08/11_17_18_0/1,single_fish
2025_05_08,11_17_18_0,11_17_18_0,frame_517,0,255,1,1,False,False,True,1.2672042,False,[],,,,,,,33.5,,,,ochoa_cinta,,2025_05_08/11_17_18_0/1,single_fish
2025_05_08,11_17_18_0,11_17_18_0,frame_518,0,255,1,1,False,False,True,1.2640166,False,[],,,,,,,33.5,,,,ochoa_cinta,,2025_05_08/11_17_18_0/1,single_fish
2025_05_08,11_17_18_0,11_17_18_0,frame_519,0,255,1,1,False,False,True,1.2686181,False,[],,,,,,,33.5,,,,ochoa_cinta,,2025_05_08/11_17_18_0/1,single_fish
2025_05_08,11_17_18_0,11_17_18_0,frame_520,0,255,1,1,False,False,True,1.2701128,False,[],,,,,,,33.5,,,,ochoa_cinta,,2025_05_08/11_17_18_0/1,single_fish
2025_05_08,11_17_18_0,11_17_18_0,frame_521,0,255,1,1,False,False,True,1.290593,False,[],,,,,,,33.5,,,,ochoa_cinta,,2025_05_08/11_17_18_0/1,single_fish
2025_05_08,11_17_18_0,11_17_18_0,frame_522,0,255,1,1,False,False,True,1.2930391,False,[],,,,,,,33.5,,,,ochoa_cinta,,2025_05_08/11_17_18_0/1,single_fish
2025_05_08,11_17_18_0,11_17_18_0,frame_523,0,255,1,1,False,False,True,1.2938043,False,[],,,,,,,33.5,,,,ochoa_cinta,,2025_05_08/11_17_18_0/1,single_fish
2025_05_08,11_17_18_0,11_17_18_0,frame_524,0,255,1,1,False,False,True,1.3015102,False,[],,,,,,,33.5,,,,ochoa_cinta,,2025_05_08/11_17_18_0/1,single_fish
2025_05_08,11_17_18_0,11_17_18_0,frame_525,0,255,1,1,False,False,True,1.2899826,False,[],,,,,,,33.5,,,,ochoa_cinta,,2025_05_08/11_17_18_0/1,single_fish
2025_05_08,11_17_18_0,11_17_18_0,frame_526,0,255,1,1,False,False,True,1.278063,False,[],,,,,,,33.5,,,,ochoa_cinta,,2025_05_08/11_17_18_0/1,single_fish
2025_05_08,11_17_18_0,11_17_18_0,frame_527,0,255,1,1,False,False,True,1.2919948,False,[],,,,,,,33.5,,,,ochoa_cinta,,2025_05_08/11_17_18_0/1,single_fish
2025_05_08,11_17_18_0,11_17_18_0,frame_528,0,255,1,1,False,False,True,1.3157934,False,[],,,,,,,33.5,,,,ochoa_cinta,,2025_05_08/11_17_18_0/1,single_fish
2025_05_08,11_17_18_0,11_17_18_0,frame_529,0,255,1,1,False,False,True,1.3174076,False,[],,,,,,,33.5,,,,ochoa_cinta,,2025_05_08/11_17_18_0/1,single_fish
2025_05_08,11_17_18_0,11_17_18_0,frame_530,0,255,1,1,False,False,True,1.3139867,False,[],,,,,,,33.5,,,,ochoa_cinta,,2025_05_08/11_17_18_0/1,single_fish
2025_05_08,11_17_18_0,11_17_18_0,frame_531,0,255,1,1,False,False,True,1.3033876,False,[],,,,,,,33.5,,,,ochoa_cinta,,2025_05_08/11_17_18_0/1,single_fish
2025_05_08,11_17_18_0,11_17_18_0,frame_532,0,255,1,1,False,False,True,1.2797618,False,[],,,,,,,33.5,,,,ochoa_cinta,,2025_05_08/11_17_18_0/1,single_fish
2025_05_08,11_17_18_0,11_17_18_0,frame_533,0,255,1,1,False,False,True,1.2846797,False,[],,,,,,,33.5,,,,ochoa_cinta,,2025_05_08/11_17_18_0/1,single_fish
2025_05_08,11_17_18_0,11_17_18_0,frame_534,0,255,1,1,False,False,True,1.2612332,False,[],,,,,,,33.5,,,,ochoa_cinta,,2025_05_08/11_17_18_0/1,single_fish
2025_05_08,11_17_18_0,11_17_18_0,frame_535,0,255,1,1,False,False,True,1.2665662,False,[],,,,,,,33.5,,,,ochoa_cinta,,2025_05_08/11_17_18_0/1,single_fish
2025_05_08,11_17_18_0,11_17_18_0,frame_536,0,255,1,1,False,False,True,1.3004557,False,[],,,,,,,33.5,,,,ochoa_cinta,,2025_05_08/11_17_18_0/1,single_fish
2025_05_08,11_17_18_0,11_17_18_0,frame_537,0,255,1,1,False,False,True,1.3057663,False,[],,,,,,,33.5,,,,ochoa_cinta,,2025_05_08/11_17_18_0/1,single_fish
2025_05_08,11_17_18_0,11_17_18_0,frame_538,0,255,1,1,False,False,True,1.3096633,False,[],,,,,,,33.5,,,,ochoa_cinta,,2025_05_08/11_17_18_0/1,single_fish
2025_05_08,11_17_18_0,11_17_18_0,frame_539,0,255,1,1,False,False,True,1.2993356,False,[],,,,,,,33.5,,,,ochoa_cinta,,2025_05_08/11_17_18_0/1,single_fish
2025_05_08,11_17_18_0,11_17_18_0,frame_540,0,255,1,1,False,False,True,1.2956038,False,[],,,,,,,33.5,,,,ochoa_cinta,,2025_05_08/11_17_18_0/1,single_fish
2025_05_08,11_17_18_0,11_17_18_0,frame_541,0,255,1,1,False,False,True,1.2908512,False,[],,,,,,,33.5,,,,ochoa_cinta,,2025_05_08/11_17_18_0/1,single_fish
2025_05_08,11_17_18_0,11_17_18_0,frame_542,0,255,1,1,False,False,True,1.2820845,False,[],,,,,,,33.5,,,,ochoa_cinta,,2025_05_08/11_17_18_0/1,single_fish
2025_05_08,11_17_18_0,11_17_18_0,frame_543,0,255,1,1,False,False,True,1.2948812,False,[],,,,,,,33.5,,,,ochoa_cinta,,2025_05_08/11_17_18_0/1,single_fish
2025_05_08,11_17_18_0,11_17_18_0,frame_544,0,255,1,1,False,False,True,1.2971851,False,[],,,,,,,33.5,,,,ochoa_cinta,,2025_05_08/11_17_18_0/1,single_fish
2025_05_08,11_17_18_0,11_17_18_0,frame_545,0,255,1,1,False,False,True,1.2986432,False,[],,,,,,,33.5,,,,ochoa_cinta,,2025_05_08/11_17_18_0/1,single_fish
2025_05_08,11_17_18_0,11_17_18_0,frame_546,0,255,1,1,False,False,True,1.3026878,False,[],,,,,,,33.5,,,,ochoa_cinta,,2025_05_08/11_17_18_0/1,single_fish
2025_05_08,11_17_18_0,11_17_18_0,frame_547,0,255,1,1,False,False,True,1.2891345,False,[],,,,,,,33.5,,,,ochoa_cinta,,2025_05_08/11_17_18_0/1,single_fish
2025_05_08,11_17_18_0,11_17_18_0,frame_548,0,255,1,1,False,False,True,1.3025016,False,[],,,,,,,33.5,,,,ochoa_cinta,,2025_05_08/11_17_18_0/1,single_fish
2025_05_08,11_17_18_0,11_17_18_0,frame_549,0,255,1,1,False,False,True,1.2894398,False,[],,,,,,,33.5,,,,ochoa_cinta,,2025_05_08/11_17_18_0/1,single_fish
2025_05_08,11_17_18_0,11_17_18_0,frame_550,0,255,1,1,False,False,True,1.3031874,False,[],,,,,,,33.5,,,,ochoa_cinta,,2025_05_08/11_17_18_0/1,single_fish
2025_05_08,11_17_18_0,11_17_18_0,frame_551,0,255,1,1,False,False,True,1.2933626,False,[],,,,,,,33.5,,,,ochoa_cinta,,2025_05_08/11_17_18_0/1,single_fish
2025_05_08,11_17_18_0,11_17_18_0,frame_552,0,255,1,1,False,False,True,1.3188599,False,[],,,,,,,33.5,,,,ochoa_cinta,,2025_05_08/11_17_18_0/1,single_fish
2025_05_08,11_17_18_0,11_17_18_0,frame_553,0,255,1,1,False,False,True,1.3370914,False,[],,,,,,,33.5,,,,ochoa_cinta,,2025_05_08/11_17_18_0/1,single_fish
2025_05_08,11_17_18_0,11_17_18_0,frame_554,0,255,1,1,False,False,True,1.3279953,False,[],,,,,,,33.5,,,,ochoa_cinta,,2025_05_08/11_17_18_0/1,single_fish
2025_05_08,11_17_18_0,11_17_18_0,frame_555,0,255,1,1,False,False,True,1.3242836,False,[],,,,,,,33.5,,,,ochoa_cinta,,2025_05_08/11_17_18_0/1,single_fish
2025_05_08,11_17_18_0,11_17_18_0,frame_556,0,255,1,1,False,False,True,1.3210292,False,[],,,,,,,33.5,,,,ochoa_cinta,,2025_05_08/11_17_18_0/1,single_fish
2025_05_08,11_17_18_0,11_17_18_0,frame_557,0,255,1,1,False,False,True,1.3259956,False,[],,,,,,,33.5,,,,ochoa_cinta,,2025_05_08/11_17_18_0/1,single_fish
2025_05_08,11_17_18_0,11_17_18_0,frame_558,0,255,1,1,False,False,True,1.3070737,False,[],,,,,,,33.5,,,,ochoa_cinta,,2025_05_08/11_17_18_0/1,single_fish
2025_05_08,11_17_18_0,11_17_18_0,frame_559,0,255,1,1,False,False,True,1.3057736,False,[],,,,,,,33.5,,,,ochoa_cinta,,2025_05_08/11_17_18_0/1,single_fish
2025_05_08,11_17_18_0,11_17_18_0,frame_560,0,255,1,1,False,False,True,1.2941581,False,[],,,,,,,33.5,,,,ochoa_cinta,,2025_05_08/11_17_18_0/1,single_fish
2025_05_08,11_17_18_0,11_17_18_0,frame_561,0,255,1,1,False,False,True,1.3010398,False,[],,,,,,,33.5,,,,ochoa_cinta,,2025_05_08/11_17_18_0/1,single_fish
2025_05_08,11_17_18_0,11_17_18_0,frame_562,0,255,1,1,False,False,True,1.2922087,False,[],,,,,,,33.5,,,,ochoa_cinta,,2025_05_08/11_17_18_0/1,single_fish
2025_05_08,11_17_18_0,11_17_18_0,frame_563,0,255,1,1,False,False,True,1.2998751,False,[],,,,,,,33.5,,,,ochoa_cinta,,2025_05_08/11_17_18_0/1,single_fish
2025_05_08,11_17_18_0,11_17_18_0,frame_564,0,255,1,1,False,False,True,1.280741,False,[],,,,,,,33.5,,,,ochoa_cinta,,2025_05_08/11_17_18_0/1,single_fish
2025_05_08,11_17_18_0,11_17_18_0,frame_565,0,255,1,1,False,False,True,1.2788742,False,[],,,,,,,33.5,,,,ochoa_cinta,,2025_05_08/11_17_18_0/1,single_fish
2025_05_08,11_17_18_0,11_17_18_0,frame_566,0,255,1,1,False,False,True,1.2825799,False,[],,,,,,,33.5,,,,ochoa_cinta,,2025_05_08/11_17_18_0/1,single_fish
2025_05_08,11_17_18_0,11_17_18_0,frame_567,0,255,1,1,False,False,True,1.2857171,False,[],,,,,,,33.5,,,,ochoa_cinta,,2025_05_08/11_17_18_0/1,single_fish
2025_05_08,11_17_18_0,11_17_18_0,frame_568,0,255,1,1,False,False,True,1.2725645,False,[],,,,,,,33.5,,,,ochoa_cinta,,2025_05_08/11_17_18_0/1,single_fish
2025_05_08,11_17_18_0,11_17_18_0,frame_569,0,255,1,1,False,False,True,1.2707679,False,[],,,,,,,33.5,,,,ochoa_cinta,,2025_05_08/11_17_18_0/1,single_fish
2025_05_08,11_17_18_0,11_17_18_0,frame_570,0,255,1,1,False,False,True,1.2674198,False,[],,,,,,,33.5,,,,ochoa_cinta,,2025_05_08/11_17_18_0/1,single_fish
2025_05_08,11_17_18_0,11_17_18_0,frame_571,0,255,1,1,False,False,True,1.2769789,False,[],,,,,,,33.5,,,,ochoa_cinta,,2025_05_08/11_17_18_0/1,single_fish
2025_05_08,11_17_18_0,11_17_18_0,frame_572,0,255,1,1,False,False,True,1.2765912,False,[],,,,,,,33.5,,,,ochoa_cinta,,2025_05_08/11_17_18_0/1,single_fish
2025_05_08,11_17_18_0,11_17_18_0,frame_573,0,255,1,1,False,False,True,1.2696536,False,[],,,,,,,33.5,,,,ochoa_cinta,,2025_05_08/11_17_18_0/1,single_fish
2025_05_08,11_17_18_0,11_17_18_0,frame_574,0,255,1,1,False,False,True,1.275635,False,[],,,,,,,33.5,,,,ochoa_cinta,,2025_05_08/11_17_18_0/1,single_fish
2025_05_08,11_17_18_0,11_17_18_0,frame_575,0,255,1,1,False,False,True,1.2767733,False,[],,,,,,,33.5,,,,ochoa_cinta,,2025_05_08/11_17_18_0/1,single_fish
2025_05_08,11_17_18_0,11_17_18_0,frame_576,0,255,1,1,False,False,True,1.2840965,False,[],,,,,,,33.5,,,,ochoa_cinta,,2025_05_08/11_17_18_0/1,single_fish
2025_05_08,11_17_18_0,11_17_18_0,frame_577,0,255,1,1,False,False,True,1.2924542,False,[],,,,,,,33.5,,,,ochoa_cinta,,2025_05_08/11_17_18_0/1,single_fish
2025_05_08,11_17_18_0,11_17_18_0,frame_578,0,255,1,1,False,False,True,1.2898827,False,[],,,,,,,33.5,,,,ochoa_cinta,,2025_05_08/11_17_18_0/1,single_fish
2025_05_08,11_17_18_0,11_17_18_0,frame_579,0,255,1,1,False,False,True,1.2858027,False,[],,,,,,,33.5,,,,ochoa_cinta,,2025_05_08/11_17_18_0/1,single_fish
2025_05_08,11_17_18_0,11_17_18_0,frame_580,0,255,1,1,False,False,True,1.31349,False,[],,,,,,,33.5,,,,ochoa_cinta,,2025_05_08/11_17_18_0/1,single_fish
2025_05_08,11_17_18_0,11_17_18_0,frame_581,0,255,1,1,False,False,True,1.2940404,False,[],,,,,,,33.5,,,,ochoa_cinta,,2025_05_08/11_17_18_0/1,single_fish
2025_05_08,11_17_18_0,11_17_18_0,frame_582,0,255,1,1,False,False,True,1.3014154,False,[],,,,,,,33.5,,,,ochoa_cinta,,2025_05_08/11_17_18_0/1,single_fish
2025_05_08,11_17_18_0,11_17_18_0,frame_583,0,255,1,1,False,False,True,1.2954533,False,[],,,,,,,33.5,,,,ochoa_cinta,,2025_05_08/11_17_18_0/1,single_fish
2025_05_08,11_17_18_0,11_17_18_0,frame_584,0,255,1,1,False,False,True,1.3021497,False,[],,,,,,,33.5,,,,ochoa_cinta,,2025_05_08/11_17_18_0/1,single_fish
2025_05_08,11_17_18_0,11_17_18_0,frame_585,0,255,1,1,False,False,True,1.3010519,False,[],,,,,,,33.5,,,,ochoa_cinta,,2025_05_08/11_17_18_0/1,single_fish
2025_05_08,11_17_18_0,11_17_18_0,frame_586,0,255,1,1,False,False,True,1.3186429,False,[],,,,,,,33.5,,,,ochoa_cinta,,2025_05_08/11_17_18_0/1,single_fish
2025_05_08,11_17_18_0,11_17_18_0,frame_587,0,255,1,1,False,False,True,1.3237909,False,[],,,,,,,33.5,,,,ochoa_cinta,,2025_05_08/11_17_18_0/1,single_fish
2025_05_08,11_17_18_0,11_17_18_0,frame_588,0,255,1,1,False,False,True,1.3200566,False,[],,,,,,,33.5,,,,ochoa_cinta,,2025_05_08/11_17_18_0/1,single_fish
2025_05_08,11_17_18_0,11_17_18_0,frame_589,0,255,1,1,False,False,True,1.3222098,False,[],,,,,,,33.5,,,,ochoa_cinta,,2025_05_08/11_17_18_0/1,single_fish
2025_05_08,11_17_18_0,11_17_18_0,frame_590,0,255,1,1,False,False,True,1.317193,False,[],,,,,,,33.5,,,,ochoa_cinta,,2025_05_08/11_17_18_0/1,single_fish
2025_05_08,11_17_18_0,11_17_18_0,frame_591,0,255,1,1,False,False,True,1.3028069,False,[],,,,,,,33.5,,,,ochoa_cinta,,2025_05_08/11_17_18_0/1,single_fish
2025_05_08,11_17_18_0,11_17_18_0,frame_592,0,255,1,1,False,False,True,1.3043289,False,[],,,,,,,33.5,,,,ochoa_cinta,,2025_05_08/11_17_18_0/1,single_fish
2025_05_08,11_17_18_0,11_17_18_0,frame_593,0,255,1,1,False,False,True,1.3047774,False,[],,,,,,,33.5,,,,ochoa_cinta,,2025_05_08/11_17_18_0/1,single_fish
2025_05_08,11_17_18_0,11_17_18_0,frame_594,0,255,1,1,False,False,True,1.3051775,False,[],,,,,,,33.5,,,,ochoa_cinta,,2025_05_08/11_17_18_0/1,single_fish
2025_05_08,11_17_18_0,11_17_18_0,frame_595,0,255,1,1,False,False,True,1.3106025,False,[],,,,,,,33.5,,,,ochoa_cinta,,2025_05_08/11_17_18_0/1,single_fish
2025_05_08,11_17_18_0,11_17_18_0,frame_596,0,255,1,1,False,False,True,1.3092794,False,[],,,,,,,33.5,,,,ochoa_cinta,,2025_05_08/11_17_18_0/1,single_fish
2025_05_08,11_17_18_0,11_17_18_0,frame_597,0,255,1,1,False,False,True,1.3161386,False,[],,,,,,,33.5,,,,ochoa_cinta,,2025_05_08/11_17_18_0/1,single_fish
2025_05_08,11_17_18_0,11_17_18_0,frame_598,0,255,1,1,False,False,True,1.3205391,False,[],,,,,,,33.5,,,,ochoa_cinta,,2025_05_08/11_17_18_0/1,single_fish
2025_05_08,11_17_18_0,11_17_18_0,frame_599,0,255,1,1,False,False,True,1.3072513,False,[],,,,,,,33.5,,,,ochoa_cinta,,2025_05_08/11_17_18_0/1,single_fish
2025_05_08,11_17_18_0,11_17_18_0,frame_600,0,255,1,1,False,False,True,1.3023182,False,[],,,,,,,33.5,,,,ochoa_cinta,,2025_05_08/11_17_18_0/1,single_fish
2025_05_08,11_17_18_0,11_17_18_0,frame_601,0,255,1,1,False,False,True,1.3005527,False,[],,,,,,,33.5,,,,ochoa_cinta,,2025_05_08/11_17_18_0/1,single_fish
2025_05_08,11_17_18_0,11_17_18_0,frame_602,0,255,1,1,False,False,True,1.280224,False,[],,,,,,,33.5,,,,ochoa_cinta,,2025_05_08/11_17_18_0/1,single_fish
2025_05_08,11_17_18_0,11_17_18_0,frame_603,0,255,1,1,False,False,True,1.272845,False,[],,,,,,,33.5,,,,ochoa_cinta,,2025_05_08/11_17_18_0/1,single_fish
2025_05_08,11_17_18_0,11_17_18_0,frame_604,0,255,1,1,False,False,True,1.2759111,False,[],,,,,,,33.5,,,,ochoa_cinta,,2025_05_08/11_17_18_0/1,single_fish
2025_05_08,11_17_18_0,11_17_18_0,frame_605,0,255,1,1,False,False,True,1.2960321,False,[],,,,,,,33.5,,,,ochoa_cinta,,2025_05_08/11_17_18_0/1,single_fish
2025_05_08,11_17_18_0,11_17_18_0,frame_606,0,255,1,1,False,False,True,1.2898794,False,[],,,,,,,33.5,,,,ochoa_cinta,,2025_05_08/11_17_18_0/1,single_fish
2025_05_08,11_17_18_0,11_17_18_0,frame_607,0,255,1,1,False,False,True,1.3142968,False,[],,,,,,,33.5,,,,ochoa_cinta,,2025_05_08/11_17_18_0/1,single_fish
2025_05_08,11_17_18_0,11_17_18_0,frame_608,0,255,1,1,False,False,True,1.3199354,False,[],,,,,,,33.5,,,,ochoa_cinta,,2025_05_08/11_17_18_0/1,single_fish
2025_05_08,11_17_18_0,11_17_18_0,frame_609,0,255,1,1,False,False,True,1.2820865,False,[],,,,,,,33.5,,,,ochoa_cinta,,2025_05_08/11_17_18_0/1,single_fish
2025_05_08,11_17_18_0,11_17_18_0,frame_610,0,255,1,1,False,False,True,1.2501181,False,[],,,,,,,33.5,,,,ochoa_cinta,,2025_05_08/11_17_18_0/1,single_fish
2025_05_08,11_17_18_0,11_17_18_0,frame_611,0,255,1,1,False,False,True,1.2454759,False,[],,,,,,,33.5,,,,ochoa_cinta,,2025_05_08/11_17_18_0/1,single_fish
2025_05_08,11_17_18_0,11_17_18_0,frame_612,0,255,1,1,False,False,True,1.2680221,False,[],,,,,,,33.5,,,,ochoa_cinta,,2025_05_08/11_17_18_0/1,single_fish
2025_05_08,11_17_18_0,11_17_18_0,frame_613,0,255,1,1,False,False,True,1.2713336,False,[],,,,,,,33.5,,,,ochoa_cinta,,2025_05_08/11_17_18_0/1,single_fish
2025_05_08,11_17_18_0,11_17_18_0,frame_614,0,255,1,1,False,False,True,1.2608006,False,[],,,,,,,33.5,,,,ochoa_cinta,,2025_05_08/11_17_18_0/1,single_fish
2025_05_08,11_17_18_0,11_17_18_0,frame_615,0,255,1,1,False,False,True,1.2505057,False,[],,,,,,,33.5,,,,ochoa_cinta,,2025_05_08/11_17_18_0/1,single_fish
2025_05_08,11_17_18_0,11_17_18_0,frame_616,0,255,1,1,False,False,True,1.2425492,False,[],,,,,,,33.5,,,,ochoa_cinta,,2025_05_08/11_17_18_0/1,single_fish
2025_05_08,11_17_18_0,11_17_18_0,frame_617,0,255,1,1,False,False,True,1.2572936,False,[],,,,,,,33.5,,,,ochoa_cinta,,2025_05_08/11_17_18_0/1,single_fish
2025_05_08,11_17_18_0,11_17_18_0,frame_618,0,255,1,1,False,False,True,1.2699847,False,[],,,,,,,33.5,,,,ochoa_cinta,,2025_05_08/11_17_18_0/1,single_fish
2025_05_08,11_17_18_0,11_17_18_0,frame_619,0,255,1,1,False,False,True,1.2566595,False,[],,,,,,,33.5,,,,ochoa_cinta,,2025_05_08/11_17_18_0/1,single_fish
2025_05_08,11_17_18_0,11_17_18_0,frame_620,0,255,1,1,False,False,True,1.2765062,False,[],,,,,,,33.5,,,,ochoa_cinta,,2025_05_08/11_17_18_0/1,single_fish
2025_05_08,11_17_18_0,11_17_18_0,frame_621,0,255,1,1,False,False,True,1.2533655,False,[],,,,,,,33.5,,,,ochoa_cinta,,2025_05_08/11_17_18_0/1,single_fish
2025_05_08,11_17_18_0,11_17_18_0,frame_622,0,255,1,1,False,False,True,1.264811,False,[],,,,,,,33.5,,,,ochoa_cinta,,2025_05_08/11_17_18_0/1,single_fish
2025_05_08,11_17_18_0,11_17_18_0,frame_623,0,255,1,1,False,False,True,1.2913591,False,[],,,,,,,33.5,,,,ochoa_cinta,,2025_05_08/11_17_18_0/1,single_fish
2025_05_08,11_17_18_0,11_17_18_0,frame_624,0,255,1,1,False,False,True,1.2884938,False,[],,,,,,,33.5,,,,ochoa_cinta,,2025_05_08/11_17_18_0/1,single_fish
2025_05_08,11_17_18_0,11_17_18_0,frame_625,0,255,1,1,False,False,True,1.3093807,False,[],,,,,,,33.5,,,,ochoa_cinta,,2025_05_08/11_17_18_0/1,single_fish
2025_05_08,11_17_18_0,11_17_18_0,frame_626,0,255,1,1,False,False,True,1.3402026,False,[],,,,,,,33.5,,,,ochoa_cinta,,2025_05_08/11_17_18_0/1,single_fish
2025_05_08,11_17_18_0,11_17_18_0,frame_627,0,255,1,1,False,False,True,1.3455477,False,[],,,,,,,33.5,,,,ochoa_cinta,,2025_05_08/11_17_18_0/1,single_fish
2025_05_08,11_17_18_0,11_17_18_0,frame_628,0,255,1,1,False,False,True,1.3323411,False,[],,,,,,,33.5,,,,ochoa_cinta,,2025_05_08/11_17_18_0/1,single_fish
2025_05_08,11_17_18_0,11_17_18_0,frame_629,0,255,1,1,False,False,True,1.3275715,False,[],,,,,,,33.5,,,,ochoa_cinta,,2025_05_08/11_17_18_0/1,single_fish
2025_05_08,11_17_18_0,11_17_18_0,frame_630,0,255,1,1,False,False,True,1.3459319,False,[],,,,,,,33.5,,,,ochoa_cinta,,2025_05_08/11_17_18_0/1,single_fish
2025_05_08,11_17_18_0,11_17_18_0,frame_631,0,255,1,1,False,False,True,1.3545765,False,[],,,,,,,33.5,,,,ochoa_cinta,,2025_05_08/11_17_18_0/1,single_fish
2025_05_08,11_17_18_0,11_17_18_0,frame_632,0,255,1,1,False,False,True,1.3654456,False,[],,,,,,,33.5,,,,ochoa_cinta,,2025_05_08/11_17_18_0/1,single_fish
2025_05_08,11_17_18_0,11_17_18_0,frame_633,0,255,1,1,False,False,True,1.3401018,False,[],,,,,,,33.5,,,,ochoa_cinta,,2025_05_08/11_17_18_0/1,single_fish
2025_05_08,11_17_18_0,11_17_18_0,frame_634,0,255,1,1,False,False,True,1.3059328,False,[],,,,,,,33.5,,,,ochoa_cinta,,2025_05_08/11_17_18_0/1,single_fish
2025_05_08,11_17_18_0,11_17_18_0,frame_635,0,255,1,1,False,False,True,1.3074665,False,[],,,,,,,33.5,,,,ochoa_cinta,,2025_05_08/11_17_18_0/1,single_fish
2025_05_08,11_17_18_0,11_17_18_0,frame_636,0,255,1,1,False,False,True,1.3160106,False,[],,,,,,,33.5,,,,ochoa_cinta,,2025_05_08/11_17_18_0/1,single_fish
2025_05_08,11_17_18_0,11_17_18_0,frame_637,0,255,1,1,False,False,True,1.3229597,False,[],,,,,,,33.5,,,,ochoa_cinta,,2025_05_08/11_17_18_0/1,single_fish
2025_05_08,11_17_18_0,11_17_18_0,frame_638,0,255,1,1,False,False,True,1.3333596,False,[],,,,,,,33.5,,,,ochoa_cinta,,2025_05_08/11_17_18_0/1,single_fish
2025_05_08,11_17_18_0,11_17_18_0,frame_639,0,255,1,1,False,False,True,1.3038619,False,[],,,,,,,33.5,,,,ochoa_cinta,,2025_05_08/11_17_18_0/1,single_fish
2025_05_08,11_17_18_0,11_17_18_0,frame_640,0,255,1,1,False,False,True,1.2927331,False,[],,,,,,,33.5,,,,ochoa_cinta,,2025_05_08/11_17_18_0/1,single_fish
2025_05_08,11_17_18_0,11_17_18_0,frame_641,0,255,1,1,False,False,True,1.2742422,False,[],,,,,,,33.5,,,,ochoa_cinta,,2025_05_08/11_17_18_0/1,single_fish
2025_05_08,11_17_18_0,11_17_18_0,frame_642,0,255,1,1,False,False,True,1.2514292,False,[],,,,,,,33.5,,,,ochoa_cinta,,2025_05_08/11_17_18_0/1,single_fish
2025_05_08,11_17_18_0,11_17_18_0,frame_643,0,255,1,1,False,False,True,1.245635,False,[],,,,,,,33.5,,,,ochoa_cinta,,2025_05_08/11_17_18_0/1,single_fish
2025_05_08,11_17_18_0,11_17_18_0,frame_644,0,255,1,1,False,False,True,1.2466493,False,[],,,,,,,33.5,,,,ochoa_cinta,,2025_05_08/11_17_18_0/1,single_fish
2025_05_08,11_17_18_0,11_17_18_0,frame_645,0,255,1,1,False,False,True,1.2280341,False,[],,,,,,,33.5,,,,ochoa_cinta,,2025_05_08/11_17_18_0/1,single_fish
2025_05_08,11_17_18_0,11_17_18_0,frame_646,0,255,1,1,False,False,True,1.2323582,False,[],,,,,,,33.5,,,,ochoa_cinta,,2025_05_08/11_17_18_0/1,single_fish
2025_05_08,11_17_18_0,11_17_18_0,frame_647,0,255,1,1,False,False,True,1.2398676,False,[],,,,,,,33.5,,,,ochoa_cinta,,2025_05_08/11_17_18_0/1,single_fish
2025_05_08,11_17_18_0,11_17_18_0,frame_648,0,255,1,1,False,False,True,1.2429336,False,[],,,,,,,33.5,,,,ochoa_cinta,,2025_05_08/11_17_18_0/1,single_fish
2025_05_08,11_17_18_0,11_17_18_0,frame_649,0,255,1,1,False,False,True,1.2305022,False,[],,,,,,,33.5,,,,ochoa_cinta,,2025_05_08/11_17_18_0/1,single_fish
2025_05_08,11_17_18_0,11_17_18_0,frame_650,0,255,1,1,False,False,True,1.2336683,False,[],,,,,,,33.5,,,,ochoa_cinta,,2025_05_08/11_17_18_0/1,single_fish
2025_05_08,11_17_18_0,11_17_18_0,frame_651,0,255,1,1,False,False,True,1.2431058,False,[],,,,,,,33.5,,,,ochoa_cinta,,2025_05_08/11_17_18_0/1,single_fish
2025_05_08,11_17_18_0,11_17_18_0,frame_652,0,255,1,1,False,False,True,1.2539986,False,[],,,,,,,33.5,,,,ochoa_cinta,,2025_05_08/11_17_18_0/1,single_fish
2025_05_08,11_17_18_0,11_17_18_0,frame_653,0,255,1,1,False,False,True,1.2586192,False,[],,,,,,,33.5,,,,ochoa_cinta,,2025_05_08/11_17_18_0/1,single_fish
2025_05_08,11_17_18_0,11_17_18_0,frame_654,0,255,1,1,False,False,True,1.2786782,False,[],,,,,,,33.5,,,,ochoa_cinta,,2025_05_08/11_17_18_0/1,single_fish
2025_05_08,11_17_18_0,11_17_18_0,frame_655,0,255,1,1,False,False,True,1.3162711,False,[],,,,,,,33.5,,,,ochoa_cinta,,2025_05_08/11_17_18_0/1,single_fish
2025_05_08,11_17_18_0,11_17_18_0,frame_656,0,255,1,1,False,False,True,1.3309537,False,[],,,,,,,33.5,,,,ochoa_cinta,,2025_05_08/11_17_18_0/1,single_fish
2025_05_08,11_17_18_0,11_17_18_0,frame_657,0,255,1,1,False,False,True,1.347411,False,[],,,,,,,33.5,,,,ochoa_cinta,,2025_05_08/11_17_18_0/1,single_fish
2025_05_08,11_17_18_0,11_17_18_0,frame_658,0,255,1,1,False,False,True,1.3337389,False,[],,,,,,,33.5,,,,ochoa_cinta,,2025_05_08/11_17_18_0/1,single_fish
2025_05_08,11_17_18_0,11_17_18_0,frame_659,0,255,1,1,False,False,True,1.3480195,False,[],,,,,,,33.5,,,,ochoa_cinta,,2025_05_08/11_17_18_0/1,single_fish
2025_05_08,11_17_18_0,11_17_18_0,frame_660,0,255,1,1,False,False,True,1.3472679,False,[],,,,,,,33.5,,,,ochoa_cinta,,2025_05_08/11_17_18_0/1,single_fish
2025_05_08,11_17_18_0,11_17_18_0,frame_661,0,255,1,1,False,False,True,1.3518835,False,[],,,,,,,33.5,,,,ochoa_cinta,,2025_05_08/11_17_18_0/1,single_fish
2025_05_08,11_17_18_0,11_17_18_0,frame_662,0,255,1,1,False,False,True,1.3751273,False,[],,,,,,,33.5,,,,ochoa_cinta,,2025_05_08/11_17_18_0/1,single_fish
2025_05_08,11_17_18_0,11_17_18_0,frame_663,0,255,1,1,False,False,True,1.3902504,False,[],,,,,,,33.5,,,,ochoa_cinta,,2025_05_08/11_17_18_0/1,single_fish
2025_05_08,11_17_18_0,11_17_18_0,frame_664,0,255,1,1,False,False,True,1.4204862,False,[],,,,,,,33.5,,,,ochoa_cinta,,2025_05_08/11_17_18_0/1,single_fish
2025_05_08,11_17_18_0,11_17_18_0,frame_665,0,255,1,1,False,False,True,1.3774949,False,[],,,,,,,33.5,,,,ochoa_cinta,,2025_05_08/11_17_18_0/1,single_fish
2025_05_08,11_17_18_0,11_17_18_0,frame_666,0,255,1,1,False,False,True,1.394011,False,[],,,,,,,33.5,,,,ochoa_cinta,,2025_05_08/11_17_18_0/1,single_fish
2025_05_08,11_14_52_0,11_14_52_0,frame_0,0,255,1,1,False,False,True,1.156862735748291,False,[],,,,,,,33.5,,,,ochoa_cinta,,2025_05_08/11_14_52_0/1,single_fish
2025_05_08,11_14_52_0,11_14_52_0,frame_1,0,255,1,1,False,False,True,1.1738173961639404,False,[],,,,,,,33.5,,,,ochoa_cinta,,2025_05_08/11_14_52_0/1,single_fish
2025_05_08,11_14_52_0,11_14_52_0,frame_2,0,255,1,1,False,False,True,1.2066807746887207,False,[],,,,,,,33.5,,,,ochoa_cinta,,2025_05_08/11_14_52_0/1,single_fish
2025_05_08,11_14_52_0,11_14_52_0,frame_3,0,255,1,1,False,False,True,1.224489450454712,False,[],,,,,,,33.5,,,,ochoa_cinta,,2025_05_08/11_14_52_0/1,single_fish
2025_05_08,11_14_52_0,11_14_52_0,frame_4,0,255,1,1,False,False,True,1.2515335083007812,False,[],,,,,,,33.5,,,,ochoa_cinta,,2025_05_08/11_14_52_0/1,single_fish
2025_05_08,11_14_52_0,11_14_52_0,frame_5,0,255,1,1,False,False,True,1.274136304855347,False,[],,,,,,,33.5,,,,ochoa_cinta,,2025_05_08/11_14_52_0/1,single_fish
2025_05_08,11_14_52_0,11_14_52_0,frame_6,0,255,1,1,False,False,True,1.321438908576965,False,[],,,,,,,33.5,,,,ochoa_cinta,,2025_05_08/11_14_52_0/1,single_fish
2025_05_08,11_14_52_0,11_14_52_0,frame_7,0,255,1,1,False,False,True,1.3311325311660769,False,[],,,,,,,33.5,,,,ochoa_cinta,,2025_05_08/11_14_52_0/1,single_fish
2025_05_08,11_14_52_0,11_14_52_0,frame_8,0,255,1,1,False,False,True,1.3438165187835691,False,[],,,,,,,33.5,,,,ochoa_cinta,,2025_05_08/11_14_52_0/1,single_fish
2025_05_08,11_14_52_0,11_14_52_0,frame_9,0,255,1,1,False,False,True,1.3470498323440552,False,[],,,,,,,33.5,,,,ochoa_cinta,,2025_05_08/11_14_52_0/1,single_fish
2025_05_08,11_14_52_0,11_14_52_0,frame_10,0,255,1,1,False,False,True,1.3439764976501465,False,[],,,,,,,33.5,,,,ochoa_cinta,,2025_05_08/11_14_52_0/1,single_fish
2025_05_08,11_14_52_0,11_14_52_0,frame_11,0,255,1,1,False,False,True,1.328049659729004,False,[],,,,,,,33.5,,,,ochoa_cinta,,2025_05_08/11_14_52_0/1,single_fish
2025_05_08,11_14_52_0,11_14_52_0,frame_12,0,255,1,1,False,False,True,1.3147742748260498,False,[],,,,,,,33.5,,,,ochoa_cinta,,2025_05_08/11_14_52_0/1,single_fish
2025_05_08,11_14_52_0,11_14_52_0,frame_13,0,255,1,1,False,False,True,1.316376566886902,False,[],,,,,,,33.5,,,,ochoa_cinta,,2025_05_08/11_14_52_0/1,single_fish
2025_05_08,11_14_52_0,11_14_52_0,frame_14,0,255,1,1,False,False,True,1.3286049365997314,False,[],,,,,,,33.5,,,,ochoa_cinta,,2025_05_08/11_14_52_0/1,single_fish
2025_05_08,11_14_52_0,11_14_52_0,frame_15,0,255,1,1,False,False,True,1.3692348003387451,False,[],,,,,,,33.5,,,,ochoa_cinta,,2025_05_08/11_14_52_0/1,single_fish
2025_05_08,11_14_52_0,11_14_52_0,frame_16,0,255,1,1,False,False,True,1.3695619106292725,False,[],,,,,,,33.5,,,,ochoa_cinta,,2025_05_08/11_14_52_0/1,single_fish
2025_05_08,11_14_52_0,11_14_52_0,frame_17,0,255,1,1,False,False,True,1.3518825769424438,False,[],,,,,,,33.5,,,,ochoa_cinta,,2025_05_08/11_14_52_0/1,single_fish
2025_05_08,11_14_52_0,11_14_52_0,frame_18,0,255,1,1,False,False,True,1.3458703756332395,False,[],,,,,,,33.5,,,,ochoa_cinta,,2025_05_08/11_14_52_0/1,single_fish
2025_05_08,11_14_52_0,11_14_52_0,frame_19,0,255,1,1,False,False,True,1.3078676462173462,False,[],,,,,,,33.5,,,,ochoa_cinta,,2025_05_08/11_14_52_0/1,single_fish
2025_05_08,11_14_52_0,11_14_52_0,frame_20,0,255,1,1,False,False,True,1.2856899499893188,False,[],,,,,,,33.5,,,,ochoa_cinta,,2025_05_08/11_14_52_0/1,single_fish
2025_05_08,11_14_52_0,11_14_52_0,frame_21,0,255,1,1,False,False,True,1.2570750713348389,False,[],,,,,,,33.5,,,,ochoa_cinta,,2025_05_08/11_14_52_0/1,single_fish
2025_05_08,11_14_52_0,11_14_52_0,frame_22,0,255,1,1,False,False,True,1.2522472143173218,False,[],,,,,,,33.5,,,,ochoa_cinta,,2025_05_08/11_14_52_0/1,single_fish
2025_05_08,11_14_52_0,11_14_52_0,frame_23,0,255,1,1,False,False,True,1.2514373064041138,False,[],,,,,,,33.5,,,,ochoa_cinta,,2025_05_08/11_14_52_0/1,single_fish
2025_05_08,11_14_52_0,11_14_52_0,frame_24,0,255,1,1,False,False,True,1.2526426315307615,False,[],,,,,,,33.5,,,,ochoa_cinta,,2025_05_08/11_14_52_0/1,single_fish
2025_05_08,11_14_52_0,11_14_52_0,frame_25,0,255,1,1,False,False,True,1.251584529876709,False,[],,,,,,,33.5,,,,ochoa_cinta,,2025_05_08/11_14_52_0/1,single_fish
2025_05_08,11_14_52_0,11_14_52_0,frame_26,0,255,1,1,False,False,True,1.2513307332992554,False,[],,,,,,,33.5,,,,ochoa_cinta,,2025_05_08/11_14_52_0/1,single_fish
2025_05_08,11_14_52_0,11_14_52_0,frame_27,0,255,1,1,False,False,True,1.2657427787780762,False,[],,,,,,,33.5,,,,ochoa_cinta,,2025_05_08/11_14_52_0/1,single_fish
2025_05_08,11_14_52_0,11_14_52_0,frame_28,0,255,1,1,False,False,True,1.2844616174697876,False,[],,,,,,,33.5,,,,ochoa_cinta,,2025_05_08/11_14_52_0/1,single_fish
2025_05_08,11_14_52_0,11_14_52_0,frame_29,0,255,1,1,False,False,True,1.302449345588684,False,[],,,,,,,33.5,,,,ochoa_cinta,,2025_05_08/11_14_52_0/1,single_fish
2025_05_08,11_14_52_0,11_14_52_0,frame_30,0,255,1,1,False,False,True,1.306626319885254,False,[],,,,,,,33.5,,,,ochoa_cinta,,2025_05_08/11_14_52_0/1,single_fish
2025_05_08,11_14_52_0,11_14_52_0,frame_31,0,255,1,1,False,False,True,1.3084133863449097,False,[],,,,,,,33.5,,,,ochoa_cinta,,2025_05_08/11_14_52_0/1,single_fish
2025_05_08,11_14_52_0,11_14_52_0,frame_32,0,255,1,1,False,False,True,1.316248893737793,False,[],,,,,,,33.5,,,,ochoa_cinta,,2025_05_08/11_14_52_0/1,single_fish
2025_05_08,11_14_52_0,11_14_52_0,frame_33,0,255,1,1,False,False,True,1.3154573440551758,False,[],,,,,,,33.5,,,,ochoa_cinta,,2025_05_08/11_14_52_0/1,single_fish
2025_05_08,11_14_52_0,11_14_52_0,frame_34,0,255,1,1,False,False,True,1.305437684059143,False,[],,,,,,,33.5,,,,ochoa_cinta,,2025_05_08/11_14_52_0/1,single_fish
2025_05_08,11_14_52_0,11_14_52_0,frame_35,0,255,1,1,False,False,True,1.2993175983428955,False,[],,,,,,,33.5,,,,ochoa_cinta,,2025_05_08/11_14_52_0/1,single_fish
2025_05_08,11_14_52_0,11_14_52_0,frame_36,0,255,1,1,False,False,True,1.3166297674179075,False,[],,,,,,,33.5,,,,ochoa_cinta,,2025_05_08/11_14_52_0/1,single_fish
2025_05_08,11_14_52_0,11_14_52_0,frame_37,0,255,1,1,False,False,True,1.340550184249878,False,[],,,,,,,33.5,,,,ochoa_cinta,,2025_05_08/11_14_52_0/1,single_fish
2025_05_08,11_14_52_0,11_14_52_0,frame_38,0,255,1,1,False,False,True,1.3389543294906616,False,[],,,,,,,33.5,,,,ochoa_cinta,,2025_05_08/11_14_52_0/1,single_fish
2025_05_08,11_14_52_0,11_14_52_0,frame_39,0,255,1,1,False,False,True,1.3379778861999512,False,[],,,,,,,33.5,,,,ochoa_cinta,,2025_05_08/11_14_52_0/1,single_fish
2025_05_08,11_14_52_0,11_14_52_0,frame_40,0,255,1,1,False,False,True,1.3383148908615112,False,[],,,,,,,33.5,,,,ochoa_cinta,,2025_05_08/11_14_52_0/1,single_fish
2025_05_08,11_14_52_0,11_14_52_0,frame_41,0,255,1,1,False,False,True,1.3344478607177734,False,[],,,,,,,33.5,,,,ochoa_cinta,,2025_05_08/11_14_52_0/1,single_fish
2025_05_08,11_14_52_0,11_14_52_0,frame_42,0,255,1,1,False,False,True,1.3564188480377195,False,[],,,,,,,33.5,,,,ochoa_cinta,,2025_05_08/11_14_52_0/1,single_fish
2025_05_08,11_14_52_0,11_14_52_0,frame_43,0,255,1,1,False,False,True,1.3678269386291504,False,[],,,,,,,33.5,,,,ochoa_cinta,,2025_05_08/11_14_52_0/1,single_fish
2025_05_08,11_14_52_0,11_14_52_0,frame_44,0,255,1,1,False,False,True,1.3613618612289429,False,[],,,,,,,33.5,,,,ochoa_cinta,,2025_05_08/11_14_52_0/1,single_fish
2025_05_08,11_14_52_0,11_14_52_0,frame_45,0,255,1,1,False,False,True,1.3403563499450684,False,[],,,,,,,33.5,,,,ochoa_cinta,,2025_05_08/11_14_52_0/1,single_fish
2025_05_08,11_14_52_0,11_14_52_0,frame_46,0,255,1,1,False,False,True,1.3097394704818726,False,[],,,,,,,33.5,,,,ochoa_cinta,,2025_05_08/11_14_52_0/1,single_fish
2025_05_08,11_14_52_0,11_14_52_0,frame_47,0,255,1,1,False,False,True,1.2912163734436035,False,[],,,,,,,33.5,,,,ochoa_cinta,,2025_05_08/11_14_52_0/1,single_fish
2025_05_08,11_14_52_0,11_14_52_0,frame_48,0,255,1,1,False,False,True,1.2768189907073977,False,[],,,,,,,33.5,,,,ochoa_cinta,,2025_05_08/11_14_52_0/1,single_fish
2025_05_08,11_14_52_0,11_14_52_0,frame_49,0,255,1,1,False,False,True,1.2682414054870603,False,[],,,,,,,33.5,,,,ochoa_cinta,,2025_05_08/11_14_52_0/1,single_fish
2025_05_08,11_14_52_0,11_14_52_0,frame_50,0,255,1,1,False,False,True,1.2728618383407593,False,[],,,,,,,33.5,,,,ochoa_cinta,,2025_05_08/11_14_52_0/1,single_fish
2025_05_08,11_14_52_0,11_14_52_0,frame_51,0,255,1,1,False,False,True,1.2710179090499878,False,[],,,,,,,33.5,,,,ochoa_cinta,,2025_05_08/11_14_52_0/1,single_fish
2025_05_08,11_14_52_0,11_14_52_0,frame_52,0,255,1,1,False,False,True,1.2869229316711426,False,[],,,,,,,33.5,,,,ochoa_cinta,,2025_05_08/11_14_52_0/1,single_fish
2025_05_08,11_14_52_0,11_14_52_0,frame_53,0,255,1,1,False,False,True,1.3021574020385742,False,[],,,,,,,33.5,,,,ochoa_cinta,,2025_05_08/11_14_52_0/1,single_fish
2025_05_08,11_14_52_0,11_14_52_0,frame_54,0,255,1,1,False,False,True,1.3004226684570312,False,[],,,,,,,33.5,,,,ochoa_cinta,,2025_05_08/11_14_52_0/1,single_fish
2025_05_08,11_14_52_0,11_14_52_0,frame_55,0,255,1,1,False,False,True,1.3073810338974,False,[],,,,,,,33.5,,,,ochoa_cinta,,2025_05_08/11_14_52_0/1,single_fish
2025_05_08,11_14_52_0,11_14_52_0,frame_56,0,255,1,1,False,False,True,1.3029634952545166,False,[],,,,,,,33.5,,,,ochoa_cinta,,2025_05_08/11_14_52_0/1,single_fish
2025_05_08,11_14_52_0,11_14_52_0,frame_57,0,255,1,1,False,False,True,1.3012595176696775,False,[],,,,,,,33.5,,,,ochoa_cinta,,2025_05_08/11_14_52_0/1,single_fish
2025_05_08,11_14_52_0,11_14_52_0,frame_58,0,255,1,1,False,False,True,1.3156685829162598,False,[],,,,,,,33.5,,,,ochoa_cinta,,2025_05_08/11_14_52_0/1,single_fish
2025_05_08,11_14_52_0,11_14_52_0,frame_59,0,255,1,1,False,False,True,1.3213770389556885,False,[],,,,,,,33.5,,,,ochoa_cinta,,2025_05_08/11_14_52_0/1,single_fish
2025_05_08,11_14_52_0,11_14_52_0,frame_60,0,255,1,1,False,False,True,1.323631763458252,False,[],,,,,,,33.5,,,,ochoa_cinta,,2025_05_08/11_14_52_0/1,single_fish
2025_05_08,11_14_52_0,11_14_52_0,frame_61,0,255,1,1,False,False,True,1.3239095211029053,False,[],,,,,,,33.5,,,,ochoa_cinta,,2025_05_08/11_14_52_0/1,single_fish
2025_05_08,11_14_52_0,11_14_52_0,frame_62,0,255,1,1,False,False,True,1.3241229057312012,False,[],,,,,,,33.5,,,,ochoa_cinta,,2025_05_08/11_14_52_0/1,single_fish
2025_05_08,11_14_52_0,11_14_52_0,frame_63,0,255,1,1,False,False,True,1.323511838912964,False,[],,,,,,,33.5,,,,ochoa_cinta,,2025_05_08/11_14_52_0/1,single_fish
2025_05_08,11_14_52_0,11_14_52_0,frame_64,0,255,1,1,False,False,True,1.3157732486724854,False,[],,,,,,,33.5,,,,ochoa_cinta,,2025_05_08/11_14_52_0/1,single_fish
2025_05_08,11_14_52_0,11_14_52_0,frame_65,0,255,1,1,False,False,True,1.3132364749908447,False,[],,,,,,,33.5,,,,ochoa_cinta,,2025_05_08/11_14_52_0/1,single_fish
2025_05_08,11_14_52_0,11_14_52_0,frame_66,0,255,1,1,False,False,True,1.3142930269241333,False,[],,,,,,,33.5,,,,ochoa_cinta,,2025_05_08/11_14_52_0/1,single_fish
2025_05_08,11_14_52_0,11_14_52_0,frame_67,0,255,1,1,False,False,True,1.3130406141281128,False,[],,,,,,,33.5,,,,ochoa_cinta,,2025_05_08/11_14_52_0/1,single_fish
2025_05_08,11_14_52_0,11_14_52_0,frame_68,0,255,1,1,False,False,True,1.3024816513061523,False,[],,,,,,,33.5,,,,ochoa_cinta,,2025_05_08/11_14_52_0/1,single_fish
2025_05_08,11_14_52_0,11_14_52_0,frame_69,0,255,1,1,False,False,True,1.2897640466690063,False,[],,,,,,,33.5,,,,ochoa_cinta,,2025_05_08/11_14_52_0/1,single_fish
2025_05_08,11_14_52_0,11_14_52_0,frame_70,0,255,1,1,False,False,True,1.2921113967895508,False,[],,,,,,,33.5,,,,ochoa_cinta,,2025_05_08/11_14_52_0/1,single_fish
2025_05_08,11_14_52_0,11_14_52_0,frame_71,0,255,1,1,False,False,True,1.2992411851882937,False,[],,,,,,,33.5,,,,ochoa_cinta,,2025_05_08/11_14_52_0/1,single_fish
2025_05_08,11_14_52_0,11_14_52_0,frame_72,0,255,1,1,False,False,True,1.2744596004486084,False,[],,,,,,,33.5,,,,ochoa_cinta,,2025_05_08/11_14_52_0/1,single_fish
2025_05_08,11_14_52_0,11_14_52_0,frame_73,0,255,1,1,False,False,True,1.2905274629592896,False,[],,,,,,,33.5,,,,ochoa_cinta,,2025_05_08/11_14_52_0/1,single_fish
2025_05_08,11_14_52_0,11_14_52_0,frame_74,0,255,1,1,False,False,True,1.3025773763656616,False,[],,,,,,,33.5,,,,ochoa_cinta,,2025_05_08/11_14_52_0/1,single_fish
2025_05_08,11_14_52_0,11_14_52_0,frame_75,0,255,1,1,False,False,True,1.31407368183136,False,[],,,,,,,33.5,,,,ochoa_cinta,,2025_05_08/11_14_52_0/1,single_fish
2025_05_08,11_14_52_0,11_14_52_0,frame_76,0,255,1,1,False,False,True,1.3086191415786743,False,[],,,,,,,33.5,,,,ochoa_cinta,,2025_05_08/11_14_52_0/1,single_fish
2025_05_08,11_14_52_0,11_14_52_0,frame_77,0,255,1,1,False,False,True,1.324893832206726,False,[],,,,,,,33.5,,,,ochoa_cinta,,2025_05_08/11_14_52_0/1,single_fish
2025_05_08,11_14_52_0,11_14_52_0,frame_78,0,255,1,1,False,False,True,1.2856791019439695,False,[],,,,,,,33.5,,,,ochoa_cinta,,2025_05_08/11_14_52_0/1,single_fish
2025_05_08,11_14_52_0,11_14_52_0,frame_79,0,255,1,1,False,False,True,1.2644983530044556,False,[],,,,,,,33.5,,,,ochoa_cinta,,2025_05_08/11_14_52_0/1,single_fish
2025_05_08,11_14_52_0,11_14_52_0,frame_80,0,255,1,1,False,False,True,1.2571754455566406,False,[],,,,,,,33.5,,,,ochoa_cinta,,2025_05_08/11_14_52_0/1,single_fish
2025_05_08,11_14_52_0,11_14_52_0,frame_81,0,255,1,1,False,False,True,1.3356612920761108,False,[],,,,,,,33.5,,,,ochoa_cinta,,2025_05_08/11_14_52_0/1,single_fish
2025_05_08,11_14_52_0,11_14_52_0,frame_82,0,255,1,1,False,False,True,1.3835382461547852,False,[],,,,,,,33.5,,,,ochoa_cinta,,2025_05_08/11_14_52_0/1,single_fish
2025_05_08,11_14_52_0,11_14_52_0,frame_83,0,255,1,1,False,False,True,1.4160809516906738,False,[],,,,,,,33.5,,,,ochoa_cinta,,2025_05_08/11_14_52_0/1,single_fish
2025_05_08,11_14_52_0,11_14_52_0,frame_84,0,255,1,1,False,False,True,1.3900320529937744,False,[],,,,,,,33.5,,,,ochoa_cinta,,2025_05_08/11_14_52_0/1,single_fish
2025_05_08,11_14_52_0,11_14_52_0,frame_85,0,255,1,1,False,False,True,1.3916804790496826,False,[],,,,,,,33.5,,,,ochoa_cinta,,2025_05_08/11_14_52_0/1,single_fish
2025_05_08,11_14_52_0,11_14_52_0,frame_86,0,255,1,1,False,False,True,1.3588409423828125,False,[],,,,,,,33.5,,,,ochoa_cinta,,2025_05_08/11_14_52_0/1,single_fish
2025_05_08,11_14_52_0,11_14_52_0,frame_87,0,255,1,1,False,False,True,1.30332612991333,False,[],,,,,,,33.5,,,,ochoa_cinta,,2025_05_08/11_14_52_0/1,single_fish
2025_05_08,11_14_52_0,11_14_52_0,frame_88,0,255,1,1,False,False,True,1.2953020334243774,False,[],,,,,,,33.5,,,,ochoa_cinta,,2025_05_08/11_14_52_0/1,single_fish
2025_05_08,11_14_52_0,11_14_52_0,frame_89,0,255,1,1,False,False,True,1.259955883026123,False,[],,,,,,,33.5,,,,ochoa_cinta,,2025_05_08/11_14_52_0/1,single_fish
2025_05_08,11_14_52_0,11_14_52_0,frame_90,0,255,1,1,False,False,True,1.249212384223938,False,[],,,,,,,33.5,,,,ochoa_cinta,,2025_05_08/11_14_52_0/1,single_fish
2025_05_08,11_14_52_0,11_14_52_0,frame_91,0,255,1,1,False,False,True,1.2470571994781494,False,[],,,,,,,33.5,,,,ochoa_cinta,,2025_05_08/11_14_52_0/1,single_fish
2025_05_08,11_14_52_0,11_14_52_0,frame_92,0,255,1,1,False,False,True,1.2441937923431396,False,[],,,,,,,33.5,,,,ochoa_cinta,,2025_05_08/11_14_52_0/1,single_fish
2025_05_08,11_14_52_0,11_14_52_0,frame_93,0,255,1,1,False,False,True,1.2345818281173706,False,[],,,,,,,33.5,,,,ochoa_cinta,,2025_05_08/11_14_52_0/1,single_fish
2025_05_08,11_14_52_0,11_14_52_0,frame_94,0,255,1,1,False,False,True,1.231508493423462,False,[],,,,,,,33.5,,,,ochoa_cinta,,2025_05_08/11_14_52_0/1,single_fish
2025_05_08,11_14_52_0,11_14_52_0,frame_95,0,255,1,1,False,False,True,1.2389321327209473,False,[],,,,,,,33.5,,,,ochoa_cinta,,2025_05_08/11_14_52_0/1,single_fish
2025_05_08,11_14_52_0,11_14_52_0,frame_96,0,255,1,1,False,False,True,1.2253155708312988,False,[],,,,,,,33.5,,,,ochoa_cinta,,2025_05_08/11_14_52_0/1,single_fish
2025_05_08,11_14_52_0,11_14_52_0,frame_97,0,255,1,1,False,False,True,1.2113531827926636,False,[],,,,,,,33.5,,,,ochoa_cinta,,2025_05_08/11_14_52_0/1,single_fish
2025_05_08,11_14_52_0,11_14_52_0,frame_98,0,255,1,1,False,False,True,1.2025665044784546,False,[],,,,,,,33.5,,,,ochoa_cinta,,2025_05_08/11_14_52_0/1,single_fish
2025_05_08,11_14_52_0,11_14_52_0,frame_99,0,255,1,1,False,False,True,1.201184868812561,False,[],,,,,,,33.5,,,,ochoa_cinta,,2025_05_08/11_14_52_0/1,single_fish
2025_05_08,11_14_52_0,11_14_52_0,frame_100,0,255,1,1,False,False,True,1.1980860233306885,False,[],,,,,,,33.5,,,,ochoa_cinta,,2025_05_08/11_14_52_0/1,single_fish
2025_05_08,11_14_52_0,11_14_52_0,frame_101,0,255,1,1,False,False,True,1.2056643962860107,False,[],,,,,,,33.5,,,,ochoa_cinta,,2025_05_08/11_14_52_0/1,single_fish
2025_05_08,11_14_52_0,11_14_52_0,frame_102,0,255,1,1,False,False,True,1.219788908958435,False,[],,,,,,,33.5,,,,ochoa_cinta,,2025_05_08/11_14_52_0/1,single_fish
2025_05_08,11_14_52_0,11_14_52_0,frame_103,0,255,1,1,False,False,True,1.2303662300109863,False,[],,,,,,,33.5,,,,ochoa_cinta,,2025_05_08/11_14_52_0/1,single_fish
2025_05_08,11_14_52_0,11_14_52_0,frame_104,0,255,1,1,False,False,True,1.243735909461975,False,[],,,,,,,33.5,,,,ochoa_cinta,,2025_05_08/11_14_52_0/1,single_fish
2025_05_08,11_14_52_0,11_14_52_0,frame_105,0,255,1,1,False,False,True,1.2327733039855957,False,[],,,,,,,33.5,,,,ochoa_cinta,,2025_05_08/11_14_52_0/1,single_fish
2025_05_08,11_14_52_0,11_14_52_0,frame_106,0,255,1,1,False,False,True,1.2361618280410769,False,[],,,,,,,33.5,,,,ochoa_cinta,,2025_05_08/11_14_52_0/1,single_fish
2025_05_08,11_14_52_0,11_14_52_0,frame_107,0,255,1,1,False,False,True,1.2401007413864136,False,[],,,,,,,33.5,,,,ochoa_cinta,,2025_05_08/11_14_52_0/1,single_fish
2025_05_08,11_14_52_0,11_14_52_0,frame_108,0,255,1,1,False,False,True,1.2324459552764893,False,[],,,,,,,33.5,,,,ochoa_cinta,,2025_05_08/11_14_52_0/1,single_fish
2025_05_08,11_14_52_0,11_14_52_0,frame_109,0,255,1,1,False,False,True,1.244036316871643,False,[],,,,,,,33.5,,,,ochoa_cinta,,2025_05_08/11_14_52_0/1,single_fish
2025_05_08,11_14_52_0,11_14_52_0,frame_111,0,255,1,1,False,False,True,1.259796977043152,False,[],,,,,,,33.5,,,,ochoa_cinta,,2025_05_08/11_14_52_0/1,single_fish
2025_05_08,11_14_52_0,11_14_52_0,frame_112,0,255,1,1,False,False,True,1.263120174407959,False,[],,,,,,,33.5,,,,ochoa_cinta,,2025_05_08/11_14_52_0/1,single_fish
2025_05_08,11_14_52_0,11_14_52_0,frame_113,0,255,1,1,False,False,True,1.257458209991455,False,[],,,,,,,33.5,,,,ochoa_cinta,,2025_05_08/11_14_52_0/1,single_fish
2025_05_08,11_14_52_0,11_14_52_0,frame_114,0,255,1,1,False,False,True,1.2364630699157717,False,[],,,,,,,33.5,,,,ochoa_cinta,,2025_05_08/11_14_52_0/1,single_fish
2025_05_08,11_14_52_0,11_14_52_0,frame_115,0,255,1,1,False,False,True,1.2231569290161133,False,[],,,,,,,33.5,,,,ochoa_cinta,,2025_05_08/11_14_52_0/1,single_fish
2025_05_08,11_14_52_0,11_14_52_0,frame_116,0,255,1,1,False,False,True,1.22101891040802,False,[],,,,,,,33.5,,,,ochoa_cinta,,2025_05_08/11_14_52_0/1,single_fish
2025_05_08,11_14_52_0,11_14_52_0,frame_117,0,255,1,1,False,False,True,1.2285785675048828,False,[],,,,,,,33.5,,,,ochoa_cinta,,2025_05_08/11_14_52_0/1,single_fish
2025_05_08,11_14_52_0,11_14_52_0,frame_118,0,255,1,1,False,False,True,1.247699499130249,False,[],,,,,,,33.5,,,,ochoa_cinta,,2025_05_08/11_14_52_0/1,single_fish
2025_05_08,11_14_52_0,11_14_52_0,frame_119,0,255,1,1,False,False,True,1.255293607711792,False,[],,,,,,,33.5,,,,ochoa_cinta,,2025_05_08/11_14_52_0/1,single_fish
2025_05_08,11_14_52_0,11_14_52_0,frame_120,0,255,1,1,False,False,True,1.2568644285202026,False,[],,,,,,,33.5,,,,ochoa_cinta,,2025_05_08/11_14_52_0/1,single_fish
2025_05_08,11_14_52_0,11_14_52_0,frame_121,0,255,1,1,False,False,True,1.257546067237854,False,[],,,,,,,33.5,,,,ochoa_cinta,,2025_05_08/11_14_52_0/1,single_fish
2025_05_08,11_14_52_0,11_14_52_0,frame_122,0,255,1,1,False,False,True,1.2403126955032349,False,[],,,,,,,33.5,,,,ochoa_cinta,,2025_05_08/11_14_52_0/1,single_fish
2025_05_08,11_14_52_0,11_14_52_0,frame_123,0,255,1,1,False,False,True,1.2351421117782593,False,[],,,,,,,33.5,,,,ochoa_cinta,,2025_05_08/11_14_52_0/1,single_fish
2025_05_08,11_14_52_0,11_14_52_0,frame_124,0,255,1,1,False,False,True,1.2397427558898926,False,[],,,,,,,33.5,,,,ochoa_cinta,,2025_05_08/11_14_52_0/1,single_fish
2025_05_08,11_14_52_0,11_14_52_0,frame_125,0,255,1,1,False,False,True,1.2207621335983276,False,[],,,,,,,33.5,,,,ochoa_cinta,,2025_05_08/11_14_52_0/1,single_fish
2025_05_08,11_14_52_0,11_14_52_0,frame_126,0,255,1,1,False,False,True,1.1988168954849243,False,[],,,,,,,33.5,,,,ochoa_cinta,,2025_05_08/11_14_52_0/1,single_fish
2025_05_08,11_14_52_0,11_14_52_0,frame_127,0,255,1,1,False,False,True,1.2253676652908323,False,[],,,,,,,33.5,,,,ochoa_cinta,,2025_05_08/11_14_52_0/1,single_fish
2025_05_08,11_14_52_0,11_14_52_0,frame_128,0,255,1,1,False,False,True,1.2192662954330444,False,[],,,,,,,33.5,,,,ochoa_cinta,,2025_05_08/11_14_52_0/1,single_fish
2025_05_08,11_14_52_0,11_14_52_0,frame_129,0,255,1,1,False,False,True,1.1967202425003052,False,[],,,,,,,33.5,,,,ochoa_cinta,,2025_05_08/11_14_52_0/1,single_fish
2025_05_08,11_14_52_0,11_14_52_0,frame_130,0,255,1,1,False,False,True,1.1765488386154177,False,[],,,,,,,33.5,,,,ochoa_cinta,,2025_05_08/11_14_52_0/1,single_fish
2025_05_08,11_14_52_0,11_14_52_0,frame_131,0,255,1,1,False,False,True,1.1718060970306396,False,[],,,,,,,33.5,,,,ochoa_cinta,,2025_05_08/11_14_52_0/1,single_fish
2025_05_08,11_14_52_0,11_14_52_0,frame_132,0,255,1,1,False,False,True,1.1624678373336792,False,[],,,,,,,33.5,,,,ochoa_cinta,,2025_05_08/11_14_52_0/1,single_fish
2025_05_08,11_14_52_0,11_14_52_0,frame_133,0,255,1,1,False,False,True,1.1548229455947876,False,[],,,,,,,33.5,,,,ochoa_cinta,,2025_05_08/11_14_52_0/1,single_fish
2025_05_08,11_14_52_0,11_14_52_0,frame_134,0,255,1,1,False,False,True,1.1352556943893433,False,[],,,,,,,33.5,,,,ochoa_cinta,,2025_05_08/11_14_52_0/1,single_fish
2025_05_08,11_14_52_0,11_14_52_0,frame_135,0,255,1,1,False,False,True,1.1227835416793823,False,[],,,,,,,33.5,,,,ochoa_cinta,,2025_05_08/11_14_52_0/1,single_fish
2025_05_08,11_14_52_0,11_14_52_0,frame_136,0,255,1,1,False,False,True,1.108302354812622,False,[],,,,,,,33.5,,,,ochoa_cinta,,2025_05_08/11_14_52_0/1,single_fish
2025_05_08,11_14_52_0,11_14_52_0,frame_137,0,255,1,1,False,False,True,1.1064218282699585,False,[],,,,,,,33.5,,,,ochoa_cinta,,2025_05_08/11_14_52_0/1,single_fish
2025_05_08,11_14_52_0,11_14_52_0,frame_138,0,255,1,1,False,False,True,1.1110690832138062,False,[],,,,,,,33.5,,,,ochoa_cinta,,2025_05_08/11_14_52_0/1,single_fish
2025_05_08,11_14_52_0,11_14_52_0,frame_139,0,255,1,1,False,False,True,1.112712264060974,False,[],,,,,,,33.5,,,,ochoa_cinta,,2025_05_08/11_14_52_0/1,single_fish
2025_05_08,11_14_52_0,11_14_52_0,frame_140,0,255,1,1,False,False,True,1.1247408390045166,False,[],,,,,,,33.5,,,,ochoa_cinta,,2025_05_08/11_14_52_0/1,single_fish
2025_05_08,11_14_52_0,11_14_52_0,frame_141,0,255,1,1,False,False,True,1.133961796760559,False,[],,,,,,,33.5,,,,ochoa_cinta,,2025_05_08/11_14_52_0/1,single_fish
2025_05_08,11_14_52_0,11_14_52_0,frame_142,0,255,1,1,False,False,True,1.1445637941360474,False,[],,,,,,,33.5,,,,ochoa_cinta,,2025_05_08/11_14_52_0/1,single_fish
2025_05_08,11_14_52_0,11_14_52_0,frame_143,0,255,1,1,False,False,True,1.152106761932373,False,[],,,,,,,33.5,,,,ochoa_cinta,,2025_05_08/11_14_52_0/1,single_fish
2025_05_08,11_14_52_0,11_14_52_0,frame_144,0,255,1,1,False,False,True,1.1549088954925537,False,[],,,,,,,33.5,,,,ochoa_cinta,,2025_05_08/11_14_52_0/1,single_fish
2025_05_08,11_14_52_0,11_14_52_0,frame_145,0,255,1,1,False,False,True,1.167180418968201,False,[],,,,,,,33.5,,,,ochoa_cinta,,2025_05_08/11_14_52_0/1,single_fish
2025_05_08,11_14_52_0,11_14_52_0,frame_146,0,255,1,1,False,False,True,1.1675817966461182,False,[],,,,,,,33.5,,,,ochoa_cinta,,2025_05_08/11_14_52_0/1,single_fish
2025_05_08,11_14_52_0,11_14_52_0,frame_147,0,255,1,1,False,False,True,1.1595325469970703,False,[],,,,,,,33.5,,,,ochoa_cinta,,2025_05_08/11_14_52_0/1,single_fish
2025_05_08,11_14_52_0,11_14_52_0,frame_148,0,255,1,1,False,False,True,1.1612046957015991,False,[],,,,,,,33.5,,,,ochoa_cinta,,2025_05_08/11_14_52_0/1,single_fish
2025_05_08,11_14_52_0,11_14_52_0,frame_149,0,255,1,1,False,False,True,1.1635642051696775,False,[],,,,,,,33.5,,,,ochoa_cinta,,2025_05_08/11_14_52_0/1,single_fish
2025_05_08,11_14_52_0,11_14_52_0,frame_150,0,255,1,1,False,False,True,1.1564209461212158,False,[],,,,,,,33.5,,,,ochoa_cinta,,2025_05_08/11_14_52_0/1,single_fish
2025_05_08,11_14_52_0,11_14_52_0,frame_151,0,255,1,1,False,False,True,1.1558738946914673,False,[],,,,,,,33.5,,,,ochoa_cinta,,2025_05_08/11_14_52_0/1,single_fish
2025_05_08,11_14_52_0,11_14_52_0,frame_152,0,255,1,1,False,False,True,1.1686002016067505,False,[],,,,,,,33.5,,,,ochoa_cinta,,2025_05_08/11_14_52_0/1,single_fish
2025_05_08,11_14_52_0,11_14_52_0,frame_153,0,255,1,1,False,False,True,1.164417028427124,False,[],,,,,,,33.5,,,,ochoa_cinta,,2025_05_08/11_14_52_0/1,single_fish
2025_05_08,11_14_52_0,11_14_52_0,frame_154,0,255,1,1,False,False,True,1.169235348701477,False,[],,,,,,,33.5,,,,ochoa_cinta,,2025_05_08/11_14_52_0/1,single_fish
2025_05_08,11_14_52_0,11_14_52_0,frame_155,0,255,1,1,False,False,True,1.1740336418151855,False,[],,,,,,,33.5,,,,ochoa_cinta,,2025_05_08/11_14_52_0/1,single_fish
2025_05_08,11_14_52_0,11_14_52_0,frame_156,0,255,1,1,False,False,True,1.16849684715271,False,[],,,,,,,33.5,,,,ochoa_cinta,,2025_05_08/11_14_52_0/1,single_fish
2025_05_08,11_14_52_0,11_14_52_0,frame_157,0,255,1,1,False,False,True,1.1685724258422852,False,[],,,,,,,33.5,,,,ochoa_cinta,,2025_05_08/11_14_52_0/1,single_fish
2025_05_08,11_14_52_0,11_14_52_0,frame_158,0,255,1,1,False,False,True,1.1698098182678225,False,[],,,,,,,33.5,,,,ochoa_cinta,,2025_05_08/11_14_52_0/1,single_fish
2025_05_08,11_14_52_0,11_14_52_0,frame_159,0,255,1,1,False,False,True,1.1772748231887815,False,[],,,,,,,33.5,,,,ochoa_cinta,,2025_05_08/11_14_52_0/1,single_fish
2025_05_08,11_14_52_0,11_14_52_0,frame_160,0,255,1,1,False,False,True,1.1801936626434326,False,[],,,,,,,33.5,,,,ochoa_cinta,,2025_05_08/11_14_52_0/1,single_fish
2025_05_08,11_14_52_0,11_14_52_0,frame_161,0,255,1,1,False,False,True,1.1479963064193726,False,[],,,,,,,33.5,,,,ochoa_cinta,,2025_05_08/11_14_52_0/1,single_fish
2025_05_08,11_14_52_0,11_14_52_0,frame_162,0,255,1,1,False,False,True,1.1422101259231567,False,[],,,,,,,33.5,,,,ochoa_cinta,,2025_05_08/11_14_52_0/1,single_fish
2025_05_08,11_14_52_0,11_14_52_0,frame_163,0,255,1,1,False,False,True,1.1421523094177246,False,[],,,,,,,33.5,,,,ochoa_cinta,,2025_05_08/11_14_52_0/1,single_fish
2025_05_08,11_14_52_0,11_14_52_0,frame_164,0,255,1,1,False,False,True,1.1420578956604004,False,[],,,,,,,33.5,,,,ochoa_cinta,,2025_05_08/11_14_52_0/1,single_fish
2025_05_08,11_14_52_0,11_14_52_0,frame_165,0,255,1,1,False,False,True,1.1397279500961304,False,[],,,,,,,33.5,,,,ochoa_cinta,,2025_05_08/11_14_52_0/1,single_fish
2025_05_08,11_14_52_0,11_14_52_0,frame_166,0,255,1,1,False,False,True,1.15226149559021,False,[],,,,,,,33.5,,,,ochoa_cinta,,2025_05_08/11_14_52_0/1,single_fish
2025_05_08,11_14_52_0,11_14_52_0,frame_167,0,255,1,1,False,False,True,1.1692646741867063,False,[],,,,,,,33.5,,,,ochoa_cinta,,2025_05_08/11_14_52_0/1,single_fish
2025_05_08,11_14_52_0,11_14_52_0,frame_168,0,255,1,1,False,False,True,1.1956180334091189,False,[],,,,,,,33.5,,,,ochoa_cinta,,2025_05_08/11_14_52_0/1,single_fish
2025_05_08,11_14_52_0,11_14_52_0,frame_169,0,255,1,1,False,False,True,1.2198926210403442,False,[],,,,,,,33.5,,,,ochoa_cinta,,2025_05_08/11_14_52_0/1,single_fish
2025_05_08,11_14_52_0,11_14_52_0,frame_170,0,255,1,1,False,False,True,1.2308615446090698,False,[],,,,,,,33.5,,,,ochoa_cinta,,2025_05_08/11_14_52_0/1,single_fish
2025_05_08,11_14_52_0,11_14_52_0,frame_171,0,255,1,1,False,False,True,1.24777352809906,False,[],,,,,,,33.5,,,,ochoa_cinta,,2025_05_08/11_14_52_0/1,single_fish
2025_05_08,11_14_52_0,11_14_52_0,frame_172,0,255,1,1,False,False,True,1.2271565198898315,False,[],,,,,,,33.5,,,,ochoa_cinta,,2025_05_08/11_14_52_0/1,single_fish
2025_05_08,11_14_52_0,11_14_52_0,frame_173,0,255,1,1,False,False,True,1.2259204387664795,False,[],,,,,,,33.5,,,,ochoa_cinta,,2025_05_08/11_14_52_0/1,single_fish
2025_05_08,11_14_52_0,11_14_52_0,frame_174,0,255,1,1,False,False,True,1.2275326251983645,False,[],,,,,,,33.5,,,,ochoa_cinta,,2025_05_08/11_14_52_0/1,single_fish
2025_05_08,11_14_52_0,11_14_52_0,frame_175,0,255,1,1,False,False,True,1.2195196151733398,False,[],,,,,,,33.5,,,,ochoa_cinta,,2025_05_08/11_14_52_0/1,single_fish
2025_05_08,11_14_52_0,11_14_52_0,frame_176,0,255,1,1,False,False,True,1.207694172859192,False,[],,,,,,,33.5,,,,ochoa_cinta,,2025_05_08/11_14_52_0/1,single_fish
2025_05_08,11_14_52_0,11_14_52_0,frame_177,0,255,1,1,False,False,True,1.211187481880188,False,[],,,,,,,33.5,,,,ochoa_cinta,,2025_05_08/11_14_52_0/1,single_fish
2025_05_08,11_14_52_0,11_14_52_0,frame_178,0,255,1,1,False,False,True,1.215718388557434,False,[],,,,,,,33.5,,,,ochoa_cinta,,2025_05_08/11_14_52_0/1,single_fish
2025_05_08,11_14_52_0,11_14_52_0,frame_179,0,255,1,1,False,False,True,1.222259283065796,False,[],,,,,,,33.5,,,,ochoa_cinta,,2025_05_08/11_14_52_0/1,single_fish
2025_05_08,11_14_52_0,11_14_52_0,frame_180,0,255,1,1,False,False,True,1.2407182455062866,False,[],,,,,,,33.5,,,,ochoa_cinta,,2025_05_08/11_14_52_0/1,single_fish
2025_05_08,11_14_52_0,11_14_52_0,frame_181,0,255,1,1,False,False,True,1.2461087703704834,False,[],,,,,,,33.5,,,,ochoa_cinta,,2025_05_08/11_14_52_0/1,single_fish
2025_05_08,11_14_52_0,11_14_52_0,frame_182,0,255,1,1,False,False,True,1.265588879585266,False,[],,,,,,,33.5,,,,ochoa_cinta,,2025_05_08/11_14_52_0/1,single_fish
2025_05_08,11_14_52_0,11_14_52_0,frame_183,0,255,1,1,False,False,True,1.2769231796264648,False,[],,,,,,,33.5,,,,ochoa_cinta,,2025_05_08/11_14_52_0/1,single_fish
2025_05_08,11_14_52_0,11_14_52_0,frame_184,0,255,1,1,False,False,True,1.3047209978103638,False,[],,,,,,,33.5,,,,ochoa_cinta,,2025_05_08/11_14_52_0/1,single_fish
2025_05_08,11_14_52_0,11_14_52_0,frame_185,0,255,1,1,False,False,True,1.3342231512069702,False,[],,,,,,,33.5,,,,ochoa_cinta,,2025_05_08/11_14_52_0/1,single_fish
2025_05_08,11_14_52_0,11_14_52_0,frame_186,0,255,1,1,False,False,True,1.3223135471343994,False,[],,,,,,,33.5,,,,ochoa_cinta,,2025_05_08/11_14_52_0/1,single_fish
2025_05_08,11_14_52_0,11_14_52_0,frame_187,0,255,1,1,False,False,True,1.3346229791641235,False,[],,,,,,,33.5,,,,ochoa_cinta,,2025_05_08/11_14_52_0/1,single_fish
2025_05_08,11_14_52_0,11_14_52_0,frame_188,0,255,1,1,False,False,True,1.3426858186721802,False,[],,,,,,,33.5,,,,ochoa_cinta,,2025_05_08/11_14_52_0/1,single_fish
2025_05_08,11_14_52_0,11_14_52_0,frame_189,0,255,1,1,False,False,True,1.3476736545562744,False,[],,,,,,,33.5,,,,ochoa_cinta,,2025_05_08/11_14_52_0/1,single_fish
2025_05_08,11_14_52_0,11_14_52_0,frame_190,0,255,1,1,False,False,True,1.3383398056030271,False,[],,,,,,,33.5,,,,ochoa_cinta,,2025_05_08/11_14_52_0/1,single_fish
2025_05_08,11_14_52_0,11_14_52_0,frame_191,0,255,1,1,False,False,True,1.329929232597351,False,[],,,,,,,33.5,,,,ochoa_cinta,,2025_05_08/11_14_52_0/1,single_fish
2025_05_08,11_14_52_0,11_14_52_0,frame_192,0,255,1,1,False,False,True,1.3341681957244873,False,[],,,,,,,33.5,,,,ochoa_cinta,,2025_05_08/11_14_52_0/1,single_fish
2025_05_08,11_14_52_0,11_14_52_0,frame_193,0,255,1,1,False,False,True,1.344571232795715,False,[],,,,,,,33.5,,,,ochoa_cinta,,2025_05_08/11_14_52_0/1,single_fish
2025_05_08,11_14_52_0,11_14_52_0,frame_194,0,255,1,1,False,False,True,1.328790307044983,False,[],,,,,,,33.5,,,,ochoa_cinta,,2025_05_08/11_14_52_0/1,single_fish
2025_05_08,11_14_52_0,11_14_52_0,frame_195,0,255,1,1,False,False,True,1.3243674039840698,False,[],,,,,,,33.5,,,,ochoa_cinta,,2025_05_08/11_14_52_0/1,single_fish
2025_05_08,11_14_52_0,11_14_52_0,frame_196,0,255,1,1,False,False,True,1.3323956727981567,False,[],,,,,,,33.5,,,,ochoa_cinta,,2025_05_08/11_14_52_0/1,single_fish
2025_05_08,11_14_52_0,11_14_52_0,frame_197,0,255,1,1,False,False,True,1.343794822692871,False,[],,,,,,,33.5,,,,ochoa_cinta,,2025_05_08/11_14_52_0/1,single_fish
2025_05_08,11_14_52_0,11_14_52_0,frame_198,0,255,1,1,False,False,True,1.345486044883728,False,[],,,,,,,33.5,,,,ochoa_cinta,,2025_05_08/11_14_52_0/1,single_fish
2025_05_08,11_14_52_0,11_14_52_0,frame_200,0,255,1,1,False,False,True,1.361292004585266,False,[],,,,,,,33.5,,,,ochoa_cinta,,2025_05_08/11_14_52_0/1,single_fish
2025_05_08,11_14_52_0,11_14_52_0,frame_201,0,255,1,1,False,False,True,1.356804370880127,False,[],,,,,,,33.5,,,,ochoa_cinta,,2025_05_08/11_14_52_0/1,single_fish
2025_05_08,11_14_52_0,11_14_52_0,frame_202,0,255,1,1,False,False,True,1.28603196144104,False,[],,,,,,,33.5,,,,ochoa_cinta,,2025_05_08/11_14_52_0/1,single_fish
2025_05_08,11_14_52_0,11_14_52_0,frame_204,0,255,1,1,False,False,True,1.3012852668762207,False,[],,,,,,,33.5,,,,ochoa_cinta,,2025_05_08/11_14_52_0/1,single_fish
2025_05_08,11_14_52_0,11_14_52_0,frame_205,0,255,1,1,False,False,True,1.3101842403411863,False,[],,,,,,,33.5,,,,ochoa_cinta,,2025_05_08/11_14_52_0/1,single_fish
2025_05_08,11_14_52_0,11_14_52_0,frame_206,0,255,1,1,False,False,True,1.3271756172180176,False,[],,,,,,,33.5,,,,ochoa_cinta,,2025_05_08/11_14_52_0/1,single_fish
2025_05_08,11_14_52_0,11_14_52_0,frame_207,0,255,1,1,False,False,True,1.317615270614624,False,[],,,,,,,33.5,,,,ochoa_cinta,,2025_05_08/11_14_52_0/1,single_fish
2025_05_08,11_14_52_0,11_14_52_0,frame_219,0,255,1,1,False,False,True,1.3657045364379885,False,[],,,,,,,33.5,,,,ochoa_cinta,,2025_05_08/11_14_52_0/1,single_fish
2025_05_08,11_14_52_0,11_14_52_0,frame_220,0,255,1,1,False,False,True,1.3798332214355469,False,[],,,,,,,33.5,,,,ochoa_cinta,,2025_05_08/11_14_52_0/1,single_fish
2025_05_08,11_14_52_0,11_14_52_0,frame_221,0,255,1,1,False,False,True,1.3713828325271606,False,[],,,,,,,33.5,,,,ochoa_cinta,,2025_05_08/11_14_52_0/1,single_fish
2025_05_08,11_14_52_0,11_14_52_0,frame_222,0,255,1,1,False,False,True,1.3770365715026855,False,[],,,,,,,33.5,,,,ochoa_cinta,,2025_05_08/11_14_52_0/1,single_fish
2025_05_08,11_14_52_0,11_14_52_0,frame_224,0,255,1,1,False,False,True,1.406625747680664,False,[],,,,,,,33.5,,,,ochoa_cinta,,2025_05_08/11_14_52_0/1,single_fish
2025_05_08,11_14_52_0,11_14_52_0,frame_225,0,255,1,1,False,False,True,1.405879259109497,False,[],,,,,,,33.5,,,,ochoa_cinta,,2025_05_08/11_14_52_0/1,single_fish
2025_05_08,11_14_52_0,11_14_52_0,frame_226,0,255,1,1,False,False,True,1.429067611694336,False,[],,,,,,,33.5,,,,ochoa_cinta,,2025_05_08/11_14_52_0/1,single_fish
2025_05_08,11_14_52_0,11_14_52_0,frame_228,0,255,1,1,False,False,True,1.384835958480835,False,[],,,,,,,33.5,,,,ochoa_cinta,,2025_05_08/11_14_52_0/1,single_fish
2025_05_08,11_14_52_0,11_14_52_0,frame_229,0,255,1,1,False,False,True,1.353281855583191,False,[],,,,,,,33.5,,,,ochoa_cinta,,2025_05_08/11_14_52_0/1,single_fish
2025_05_08,11_14_52_0,11_14_52_0,frame_230,0,255,1,1,False,False,True,1.3333003520965576,False,[],,,,,,,33.5,,,,ochoa_cinta,,2025_05_08/11_14_52_0/1,single_fish
2025_05_08,11_14_52_0,11_14_52_0,frame_231,0,255,1,1,False,False,True,1.3491963148117063,False,[],,,,,,,33.5,,,,ochoa_cinta,,2025_05_08/11_14_52_0/1,single_fish
2025_05_08,11_14_52_0,11_14_52_0,frame_233,0,255,1,1,False,False,True,1.2408041954040527,False,[],,,,,,,33.5,,,,ochoa_cinta,,2025_05_08/11_14_52_0/1,single_fish
2025_05_08,11_14_52_0,11_14_52_0,frame_234,0,255,1,1,False,False,True,1.18375825881958,False,[],,,,,,,33.5,,,,ochoa_cinta,,2025_05_08/11_14_52_0/1,single_fish
2025_05_08,11_14_52_0,11_14_52_0,frame_235,0,255,1,1,False,False,True,1.1605567932128906,False,[],,,,,,,33.5,,,,ochoa_cinta,,2025_05_08/11_14_52_0/1,single_fish
2025_05_08,11_14_52_0,11_14_52_0,frame_236,0,255,1,1,False,False,True,1.150127649307251,False,[],,,,,,,33.5,,,,ochoa_cinta,,2025_05_08/11_14_52_0/1,single_fish
2025_05_08,11_14_52_0,11_14_52_0,frame_237,0,255,1,1,False,False,True,1.1560888290405271,False,[],,,,,,,33.5,,,,ochoa_cinta,,2025_05_08/11_14_52_0/1,single_fish
2025_05_08,11_14_52_0,11_14_52_0,frame_238,0,255,1,1,False,False,True,1.151660680770874,False,[],,,,,,,33.5,,,,ochoa_cinta,,2025_05_08/11_14_52_0/1,single_fish
2025_05_08,11_14_52_0,11_14_52_0,frame_239,0,255,1,1,False,False,True,1.1466443538665771,False,[],,,,,,,33.5,,,,ochoa_cinta,,2025_05_08/11_14_52_0/1,single_fish
2025_05_08,11_14_52_0,11_14_52_0,frame_241,0,255,1,1,False,False,True,1.1541171073913574,False,[],,,,,,,33.5,,,,ochoa_cinta,,2025_05_08/11_14_52_0/1,single_fish
2025_05_08,11_14_52_0,11_14_52_0,frame_242,0,255,1,1,False,False,True,1.1518158912658691,False,[],,,,,,,33.5,,,,ochoa_cinta,,2025_05_08/11_14_52_0/1,single_fish
2025_05_08,11_14_52_0,11_14_52_0,frame_244,0,255,1,1,False,False,True,1.166029453277588,False,[],,,,,,,33.5,,,,ochoa_cinta,,2025_05_08/11_14_52_0/1,single_fish
2025_05_08,11_14_52_0,11_14_52_0,frame_245,0,255,1,1,False,False,True,1.1886651515960691,False,[],,,,,,,33.5,,,,ochoa_cinta,,2025_05_08/11_14_52_0/1,single_fish
2025_05_08,11_14_52_0,11_14_52_0,frame_246,0,255,1,1,False,False,True,1.2018163204193115,False,[],,,,,,,33.5,,,,ochoa_cinta,,2025_05_08/11_14_52_0/1,single_fish
2025_05_08,11_14_52_0,11_14_52_0,frame_247,0,255,1,1,False,False,True,1.2024260759353638,False,[],,,,,,,33.5,,,,ochoa_cinta,,2025_05_08/11_14_52_0/1,single_fish
2025_05_08,11_14_52_0,11_14_52_0,frame_248,0,255,1,1,False,False,True,1.1876318454742432,False,[],,,,,,,33.5,,,,ochoa_cinta,,2025_05_08/11_14_52_0/1,single_fish
2025_05_08,11_14_52_0,11_14_52_0,frame_249,0,255,1,1,False,False,True,1.1773625612258911,False,[],,,,,,,33.5,,,,ochoa_cinta,,2025_05_08/11_14_52_0/1,single_fish
2025_05_08,11_14_52_0,11_14_52_0,frame_250,0,255,1,1,False,False,True,1.181235432624817,False,[],,,,,,,33.5,,,,ochoa_cinta,,2025_05_08/11_14_52_0/1,single_fish
2025_05_08,11_14_52_0,11_14_52_0,frame_251,0,255,1,1,False,False,True,1.174314260482788,False,[],,,,,,,33.5,,,,ochoa_cinta,,2025_05_08/11_14_52_0/1,single_fish
2025_05_08,11_14_52_0,11_14_52_0,frame_252,0,255,1,1,False,False,True,1.1514925956726074,False,[],,,,,,,33.5,,,,ochoa_cinta,,2025_05_08/11_14_52_0/1,single_fish
2025_05_08,11_14_52_0,11_14_52_0,frame_253,0,255,1,1,False,False,True,1.1367682218551636,False,[],,,,,,,33.5,,,,ochoa_cinta,,2025_05_08/11_14_52_0/1,single_fish
2025_05_08,11_14_52_0,11_14_52_0,frame_254,0,255,1,1,False,False,True,1.141785979270935,False,[],,,,,,,33.5,,,,ochoa_cinta,,2025_05_08/11_14_52_0/1,single_fish
2025_05_08,11_14_52_0,11_14_52_0,frame_255,0,255,1,1,False,False,True,1.1084431409835815,False,[],,,,,,,33.5,,,,ochoa_cinta,,2025_05_08/11_14_52_0/1,single_fish
2025_05_08,11_14_52_0,11_14_52_0,frame_256,0,255,1,1,False,False,True,1.0966131687164309,False,[],,,,,,,33.5,,,,ochoa_cinta,,2025_05_08/11_14_52_0/1,single_fish
2025_05_08,11_14_52_0,11_14_52_0,frame_257,0,255,1,1,False,False,True,1.0416922569274902,False,[],,,,,,,33.5,,,,ochoa_cinta,,2025_05_08/11_14_52_0/1,single_fish
2025_05_08,11_14_52_0,11_14_52_0,frame_258,0,255,1,1,False,False,True,1.0086028575897217,False,[],,,,,,,33.5,,,,ochoa_cinta,,2025_05_08/11_14_52_0/1,single_fish
2025_05_08,11_14_52_0,11_14_52_0,frame_259,0,255,1,1,False,False,True,1.035962462425232,False,[],,,,,,,33.5,,,,ochoa_cinta,,2025_05_08/11_14_52_0/1,single_fish
2025_05_08,11_14_52_0,11_14_52_0,frame_260,0,255,1,1,False,False,True,1.0486074686050415,False,[],,,,,,,33.5,,,,ochoa_cinta,,2025_05_08/11_14_52_0/1,single_fish
2025_05_08,11_14_52_0,11_14_52_0,frame_261,0,255,1,1,False,False,True,1.0445303916931152,False,[],,,,,,,33.5,,,,ochoa_cinta,,2025_05_08/11_14_52_0/1,single_fish
2025_05_08,11_14_52_0,11_14_52_0,frame_262,0,255,1,1,False,False,True,1.0611917972564695,False,[],,,,,,,33.5,,,,ochoa_cinta,,2025_05_08/11_14_52_0/1,single_fish
2025_05_08,11_14_52_0,11_14_52_0,frame_263,0,255,1,1,False,False,True,1.0868663787841797,False,[],,,,,,,33.5,,,,ochoa_cinta,,2025_05_08/11_14_52_0/1,single_fish
2025_05_08,11_14_52_0,11_14_52_0,frame_264,0,255,1,1,False,False,True,1.095240354537964,False,[],,,,,,,33.5,,,,ochoa_cinta,,2025_05_08/11_14_52_0/1,single_fish
2025_05_08,11_14_52_0,11_14_52_0,frame_265,0,255,1,1,False,False,True,1.0822850465774536,False,[],,,,,,,33.5,,,,ochoa_cinta,,2025_05_08/11_14_52_0/1,single_fish
2025_05_08,11_14_52_0,11_14_52_0,frame_266,0,255,1,1,False,False,True,1.077789068222046,False,[],,,,,,,33.5,,,,ochoa_cinta,,2025_05_08/11_14_52_0/1,single_fish
2025_05_08,11_14_52_0,11_14_52_0,frame_267,0,255,1,1,False,False,True,1.0682839155197144,False,[],,,,,,,33.5,,,,ochoa_cinta,,2025_05_08/11_14_52_0/1,single_fish
2025_05_08,11_14_52_0,11_14_52_0,frame_268,0,255,1,1,False,False,True,1.0755107402801514,False,[],,,,,,,33.5,,,,ochoa_cinta,,2025_05_08/11_14_52_0/1,single_fish
2025_05_08,11_14_52_0,11_14_52_0,frame_269,0,255,1,1,False,False,True,1.0619274377822876,False,[],,,,,,,33.5,,,,ochoa_cinta,,2025_05_08/11_14_52_0/1,single_fish
2025_05_08,11_14_52_0,11_14_52_0,frame_270,0,255,1,1,False,False,True,1.049081802368164,False,[],,,,,,,33.5,,,,ochoa_cinta,,2025_05_08/11_14_52_0/1,single_fish
2025_05_08,11_14_52_0,11_14_52_0,frame_271,0,255,1,1,False,False,True,1.0511728525161743,False,[],,,,,,,33.5,,,,ochoa_cinta,,2025_05_08/11_14_52_0/1,single_fish
2025_05_08,11_14_52_0,11_14_52_0,frame_272,0,255,1,1,False,False,True,1.063626050949097,False,[],,,,,,,33.5,,,,ochoa_cinta,,2025_05_08/11_14_52_0/1,single_fish
2025_05_08,11_14_52_0,11_14_52_0,frame_273,0,255,1,1,False,False,True,1.0531730651855469,False,[],,,,,,,33.5,,,,ochoa_cinta,,2025_05_08/11_14_52_0/1,single_fish
2025_05_08,11_14_52_0,11_14_52_0,frame_274,0,255,1,1,False,False,True,1.0479345321655271,False,[],,,,,,,33.5,,,,ochoa_cinta,,2025_05_08/11_14_52_0/1,single_fish
2025_05_08,11_14_52_0,11_14_52_0,frame_275,0,255,1,1,False,False,True,1.036371827125549,False,[],,,,,,,33.5,,,,ochoa_cinta,,2025_05_08/11_14_52_0/1,single_fish
2025_05_08,11_14_52_0,11_14_52_0,frame_276,0,255,1,1,False,False,True,1.0125855207443235,False,[],,,,,,,33.5,,,,ochoa_cinta,,2025_05_08/11_14_52_0/1,single_fish
2025_05_08,11_14_52_0,11_14_52_0,frame_277,0,255,1,1,False,False,True,1.00396466255188,False,[],,,,,,,33.5,,,,ochoa_cinta,,2025_05_08/11_14_52_0/1,single_fish
2025_05_08,11_14_52_0,11_14_52_0,frame_278,0,255,1,1,False,False,True,1.021300196647644,False,[],,,,,,,33.5,,,,ochoa_cinta,,2025_05_08/11_14_52_0/1,single_fish
2025_05_08,11_14_52_0,11_14_52_0,frame_279,0,255,1,1,False,False,True,1.0438728332519531,False,[],,,,,,,33.5,,,,ochoa_cinta,,2025_05_08/11_14_52_0/1,single_fish
2025_05_08,11_14_52_0,11_14_52_0,frame_280,0,255,1,1,False,False,True,1.053267002105713,False,[],,,,,,,33.5,,,,ochoa_cinta,,2025_05_08/11_14_52_0/1,single_fish
2025_05_08,11_14_52_0,11_14_52_0,frame_281,0,255,1,1,False,False,True,1.0392124652862549,False,[],,,,,,,33.5,,,,ochoa_cinta,,2025_05_08/11_14_52_0/1,single_fish
2025_05_08,11_14_52_0,11_14_52_0,frame_282,0,255,1,1,False,False,True,1.022936224937439,False,[],,,,,,,33.5,,,,ochoa_cinta,,2025_05_08/11_14_52_0/1,single_fish
2025_05_08,11_14_52_0,11_14_52_0,frame_283,0,255,1,1,False,False,True,1.01800274848938,False,[],,,,,,,33.5,,,,ochoa_cinta,,2025_05_08/11_14_52_0/1,single_fish
2025_05_08,11_14_52_0,11_14_52_0,frame_284,0,255,1,1,False,False,True,1.014794111251831,False,[],,,,,,,33.5,,,,ochoa_cinta,,2025_05_08/11_14_52_0/1,single_fish
2025_05_08,11_14_52_0,11_14_52_0,frame_285,0,255,1,1,False,False,True,1.0129046440124512,False,[],,,,,,,33.5,,,,ochoa_cinta,,2025_05_08/11_14_52_0/1,single_fish
2025_05_08,11_14_52_0,11_14_52_0,frame_286,0,255,1,1,False,False,True,1.0180995464324951,False,[],,,,,,,33.5,,,,ochoa_cinta,,2025_05_08/11_14_52_0/1,single_fish
2025_05_08,11_14_52_0,11_14_52_0,frame_287,0,255,1,1,False,False,True,1.0265001058578491,False,[],,,,,,,33.5,,,,ochoa_cinta,,2025_05_08/11_14_52_0/1,single_fish
2025_05_08,11_14_52_0,11_14_52_0,frame_288,0,255,1,1,False,False,True,1.044947385787964,False,[],,,,,,,33.5,,,,ochoa_cinta,,2025_05_08/11_14_52_0/1,single_fish
2025_05_08,11_14_52_0,11_14_52_0,frame_289,0,255,1,1,False,False,True,1.0637319087982178,False,[],,,,,,,33.5,,,,ochoa_cinta,,2025_05_08/11_14_52_0/1,single_fish
2025_05_08,11_14_52_0,11_14_52_0,frame_290,0,255,1,1,False,False,True,1.081214427947998,False,[],,,,,,,33.5,,,,ochoa_cinta,,2025_05_08/11_14_52_0/1,single_fish
2025_05_08,11_14_52_0,11_14_52_0,frame_291,0,255,1,1,False,False,True,1.091817021369934,False,[],,,,,,,33.5,,,,ochoa_cinta,,2025_05_08/11_14_52_0/1,single_fish
2025_05_08,11_14_52_0,11_14_52_0,frame_292,0,255,1,1,False,False,True,1.101803421974182,False,[],,,,,,,33.5,,,,ochoa_cinta,,2025_05_08/11_14_52_0/1,single_fish
2025_05_08,11_14_52_0,11_14_52_0,frame_293,0,255,1,1,False,False,True,1.1156809329986572,False,[],,,,,,,33.5,,,,ochoa_cinta,,2025_05_08/11_14_52_0/1,single_fish
2025_05_08,11_14_52_0,11_14_52_0,frame_294,0,255,1,1,False,False,True,1.1204276084899902,False,[],,,,,,,33.5,,,,ochoa_cinta,,2025_05_08/11_14_52_0/1,single_fish
2025_05_08,11_14_52_0,11_14_52_0,frame_295,0,255,1,1,False,False,True,1.1409746408462524,False,[],,,,,,,33.5,,,,ochoa_cinta,,2025_05_08/11_14_52_0/1,single_fish
2025_05_08,11_14_52_0,11_14_52_0,frame_296,0,255,1,1,False,False,True,1.1478633880615234,False,[],,,,,,,33.5,,,,ochoa_cinta,,2025_05_08/11_14_52_0/1,single_fish
2025_05_08,11_14_52_0,11_14_52_0,frame_297,0,255,1,1,False,False,True,1.127506971359253,False,[],,,,,,,33.5,,,,ochoa_cinta,,2025_05_08/11_14_52_0/1,single_fish
2025_05_08,11_14_52_0,11_14_52_0,frame_298,0,255,1,1,False,False,True,1.1167185306549072,False,[],,,,,,,33.5,,,,ochoa_cinta,,2025_05_08/11_14_52_0/1,single_fish
2025_05_08,11_14_52_0,11_14_52_0,frame_299,0,255,1,1,False,False,True,1.1344115734100342,False,[],,,,,,,33.5,,,,ochoa_cinta,,2025_05_08/11_14_52_0/1,single_fish
2025_05_08,11_14_52_0,11_14_52_0,frame_300,0,255,1,1,False,False,True,1.1297473907470703,False,[],,,,,,,33.5,,,,ochoa_cinta,,2025_05_08/11_14_52_0/1,single_fish
2025_05_08,11_14_52_0,11_14_52_0,frame_301,0,255,1,1,False,False,True,1.140350103378296,False,[],,,,,,,33.5,,,,ochoa_cinta,,2025_05_08/11_14_52_0/1,single_fish
2025_05_08,11_14_52_0,11_14_52_0,frame_302,0,255,1,1,False,False,True,1.1270731687545776,False,[],,,,,,,33.5,,,,ochoa_cinta,,2025_05_08/11_14_52_0/1,single_fish
2025_05_08,11_14_52_0,11_14_52_0,frame_303,0,255,1,1,False,False,True,1.1300928592681885,False,[],,,,,,,33.5,,,,ochoa_cinta,,2025_05_08/11_14_52_0/1,single_fish
2025_05_08,11_14_52_0,11_14_52_0,frame_304,0,255,1,1,False,False,True,1.1210434436798096,False,[],,,,,,,33.5,,,,ochoa_cinta,,2025_05_08/11_14_52_0/1,single_fish
2025_05_08,11_14_52_0,11_14_52_0,frame_305,0,255,1,1,False,False,True,1.125796914100647,False,[],,,,,,,33.5,,,,ochoa_cinta,,2025_05_08/11_14_52_0/1,single_fish
2025_05_08,11_14_52_0,11_14_52_0,frame_306,0,255,1,1,False,False,True,1.0978543758392334,False,[],,,,,,,33.5,,,,ochoa_cinta,,2025_05_08/11_14_52_0/1,single_fish
2025_05_08,11_14_52_0,11_14_52_0,frame_307,0,255,1,1,False,False,True,1.0963613986968994,False,[],,,,,,,33.5,,,,ochoa_cinta,,2025_05_08/11_14_52_0/1,single_fish
2025_05_08,11_14_52_0,11_14_52_0,frame_308,0,255,1,1,False,False,True,1.1150447130203247,False,[],,,,,,,33.5,,,,ochoa_cinta,,2025_05_08/11_14_52_0/1,single_fish
2025_05_08,11_14_52_0,11_14_52_0,frame_309,0,255,1,1,False,False,True,1.1207736730575562,False,[],,,,,,,33.5,,,,ochoa_cinta,,2025_05_08/11_14_52_0/1,single_fish
2025_05_08,11_14_52_0,11_14_52_0,frame_310,0,255,1,1,False,False,True,1.10474956035614,False,[],,,,,,,33.5,,,,ochoa_cinta,,2025_05_08/11_14_52_0/1,single_fish
2025_05_08,11_14_52_0,11_14_52_0,frame_311,0,255,1,1,False,False,True,1.078640699386597,False,[],,,,,,,33.5,,,,ochoa_cinta,,2025_05_08/11_14_52_0/1,single_fish
2025_05_08,11_14_52_0,11_14_52_0,frame_312,0,255,1,1,False,False,True,1.0656129121780396,False,[],,,,,,,33.5,,,,ochoa_cinta,,2025_05_08/11_14_52_0/1,single_fish
2025_05_08,11_14_52_0,11_14_52_0,frame_313,0,255,1,1,False,False,True,1.077281475067139,False,[],,,,,,,33.5,,,,ochoa_cinta,,2025_05_08/11_14_52_0/1,single_fish
2025_05_08,11_14_52_0,11_14_52_0,frame_314,0,255,1,1,False,False,True,1.0620245933532717,False,[],,,,,,,33.5,,,,ochoa_cinta,,2025_05_08/11_14_52_0/1,single_fish
2025_05_08,11_14_52_0,11_14_52_0,frame_315,0,255,1,1,False,False,True,1.0399086475372314,False,[],,,,,,,33.5,,,,ochoa_cinta,,2025_05_08/11_14_52_0/1,single_fish
2025_05_08,11_14_52_0,11_14_52_0,frame_316,0,255,1,1,False,False,True,1.041491985321045,False,[],,,,,,,33.5,,,,ochoa_cinta,,2025_05_08/11_14_52_0/1,single_fish
2025_05_08,11_14_52_0,11_14_52_0,frame_317,0,255,1,1,False,False,True,1.0051860809326172,False,[],,,,,,,33.5,,,,ochoa_cinta,,2025_05_08/11_14_52_0/1,single_fish
2025_05_08,11_14_52_0,11_14_52_0,frame_318,0,255,1,1,False,False,True,1.0266329050064087,False,[],,,,,,,33.5,,,,ochoa_cinta,,2025_05_08/11_14_52_0/1,single_fish
2025_05_08,11_14_52_0,11_14_52_0,frame_319,0,255,1,1,False,False,True,1.0592427253723145,False,[],,,,,,,33.5,,,,ochoa_cinta,,2025_05_08/11_14_52_0/1,single_fish
2025_05_08,11_14_52_0,11_14_52_0,frame_320,0,255,1,1,False,False,True,1.0756157636642456,False,[],,,,,,,33.5,,,,ochoa_cinta,,2025_05_08/11_14_52_0/1,single_fish
2025_05_08,11_14_52_0,11_14_52_0,frame_321,0,255,1,1,False,False,True,1.1046627759933472,False,[],,,,,,,33.5,,,,ochoa_cinta,,2025_05_08/11_14_52_0/1,single_fish
2025_05_08,11_14_52_0,11_14_52_0,frame_322,0,255,1,1,False,False,True,1.1430041790008545,False,[],,,,,,,33.5,,,,ochoa_cinta,,2025_05_08/11_14_52_0/1,single_fish
2025_05_08,11_14_52_0,11_14_52_0,frame_323,0,255,1,1,False,False,True,1.1561272144317627,False,[],,,,,,,33.5,,,,ochoa_cinta,,2025_05_08/11_14_52_0/1,single_fish
2025_05_08,11_14_52_0,11_14_52_0,frame_324,0,255,1,1,False,False,True,1.1366430521011353,False,[],,,,,,,33.5,,,,ochoa_cinta,,2025_05_08/11_14_52_0/1,single_fish
2025_05_08,11_14_52_0,11_14_52_0,frame_325,0,255,1,1,False,False,True,1.143434762954712,False,[],,,,,,,33.5,,,,ochoa_cinta,,2025_05_08/11_14_52_0/1,single_fish
2025_05_08,11_14_52_0,11_14_52_0,frame_326,0,255,1,1,False,False,True,1.1526988744735718,False,[],,,,,,,33.5,,,,ochoa_cinta,,2025_05_08/11_14_52_0/1,single_fish
2025_05_08,11_14_52_0,11_14_52_0,frame_327,0,255,1,1,False,False,True,1.1838144063949585,False,[],,,,,,,33.5,,,,ochoa_cinta,,2025_05_08/11_14_52_0/1,single_fish
2025_05_08,11_14_52_0,11_14_52_0,frame_328,0,255,1,1,False,False,True,1.1870512962341309,False,[],,,,,,,33.5,,,,ochoa_cinta,,2025_05_08/11_14_52_0/1,single_fish
2025_05_08,11_14_52_0,11_14_52_0,frame_329,0,255,1,1,False,False,True,1.151699781417847,False,[],,,,,,,33.5,,,,ochoa_cinta,,2025_05_08/11_14_52_0/1,single_fish
2025_05_08,11_14_52_0,11_14_52_0,frame_330,0,255,1,1,False,False,True,1.1292604207992554,False,[],,,,,,,33.5,,,,ochoa_cinta,,2025_05_08/11_14_52_0/1,single_fish
2025_05_08,11_14_52_0,11_14_52_0,frame_331,0,255,1,1,False,False,True,1.0931627750396729,False,[],,,,,,,33.5,,,,ochoa_cinta,,2025_05_08/11_14_52_0/1,single_fish
2025_05_08,11_14_52_0,11_14_52_0,frame_332,0,255,1,1,False,False,True,1.0404644012451172,False,[],,,,,,,33.5,,,,ochoa_cinta,,2025_05_08/11_14_52_0/1,single_fish
2025_05_08,11_14_52_0,11_14_52_0,frame_333,0,255,1,1,False,False,True,1.0066814422607422,False,[],,,,,,,33.5,,,,ochoa_cinta,,2025_05_08/11_14_52_0/1,single_fish
2025_05_08,11_14_52_0,11_14_52_0,frame_334,0,255,1,1,False,False,True,1.030202865600586,False,[],,,,,,,33.5,,,,ochoa_cinta,,2025_05_08/11_14_52_0/1,single_fish
2025_05_08,11_14_52_0,11_14_52_0,frame_335,0,255,1,1,False,False,True,1.0463292598724363,False,[],,,,,,,33.5,,,,ochoa_cinta,,2025_05_08/11_14_52_0/1,single_fish
2025_05_08,11_14_52_0,11_14_52_0,frame_336,0,255,1,1,False,False,True,1.0651912689208984,False,[],,,,,,,33.5,,,,ochoa_cinta,,2025_05_08/11_14_52_0/1,single_fish
2025_05_08,11_14_52_0,11_14_52_0,frame_337,0,255,1,1,False,False,True,1.1040163040161133,False,[],,,,,,,33.5,,,,ochoa_cinta,,2025_05_08/11_14_52_0/1,single_fish
2025_05_08,11_14_52_0,11_14_52_0,frame_338,0,255,1,1,False,False,True,1.1352683305740356,False,[],,,,,,,33.5,,,,ochoa_cinta,,2025_05_08/11_14_52_0/1,single_fish
2025_05_08,11_14_52_0,11_14_52_0,frame_339,0,255,1,1,False,False,True,1.1412981748580933,False,[],,,,,,,33.5,,,,ochoa_cinta,,2025_05_08/11_14_52_0/1,single_fish
2025_05_08,11_14_52_0,11_14_52_0,frame_340,0,255,1,1,False,False,True,1.155503749847412,False,[],,,,,,,33.5,,,,ochoa_cinta,,2025_05_08/11_14_52_0/1,single_fish
2025_05_08,11_14_52_0,11_14_52_0,frame_341,0,255,1,1,False,False,True,1.1560207605361938,False,[],,,,,,,33.5,,,,ochoa_cinta,,2025_05_08/11_14_52_0/1,single_fish
2025_05_08,11_14_52_0,11_14_52_0,frame_342,0,255,1,1,False,False,True,1.1574795246124268,False,[],,,,,,,33.5,,,,ochoa_cinta,,2025_05_08/11_14_52_0/1,single_fish
2025_05_08,11_14_52_0,11_14_52_0,frame_343,0,255,1,1,False,False,True,1.1403226852416992,False,[],,,,,,,33.5,,,,ochoa_cinta,,2025_05_08/11_14_52_0/1,single_fish
2025_05_08,11_14_52_0,11_14_52_0,frame_344,0,255,1,1,False,False,True,1.103899002075195,False,[],,,,,,,33.5,,,,ochoa_cinta,,2025_05_08/11_14_52_0/1,single_fish
2025_05_08,11_14_52_0,11_14_52_0,frame_345,0,255,1,1,False,False,True,1.0504244565963743,False,[],,,,,,,33.5,,,,ochoa_cinta,,2025_05_08/11_14_52_0/1,single_fish
2025_05_08,11_14_52_0,11_14_52_0,frame_346,0,255,1,1,False,False,True,1.01674222946167,False,[],,,,,,,33.5,,,,ochoa_cinta,,2025_05_08/11_14_52_0/1,single_fish
2025_05_08,11_14_52_0,11_14_52_0,frame_347,0,255,1,1,False,False,True,1.032935380935669,False,[],,,,,,,33.5,,,,ochoa_cinta,,2025_05_08/11_14_52_0/1,single_fish
2025_05_08,11_14_52_0,11_14_52_0,frame_348,0,255,1,1,False,False,True,1.0799944400787354,False,[],,,,,,,33.5,,,,ochoa_cinta,,2025_05_08/11_14_52_0/1,single_fish
2025_05_08,11_14_52_0,11_14_52_0,frame_349,0,255,1,1,False,False,True,1.10881507396698,False,[],,,,,,,33.5,,,,ochoa_cinta,,2025_05_08/11_14_52_0/1,single_fish
2025_05_08,11_14_52_0,11_14_52_0,frame_350,0,255,1,1,False,False,True,1.137028455734253,False,[],,,,,,,33.5,,,,ochoa_cinta,,2025_05_08/11_14_52_0/1,single_fish
2025_05_08,11_14_52_0,11_14_52_0,frame_351,0,255,1,1,False,False,True,1.144322156906128,False,[],,,,,,,33.5,,,,ochoa_cinta,,2025_05_08/11_14_52_0/1,single_fish
2025_05_08,11_14_52_0,11_14_52_0,frame_352,0,255,1,1,False,False,True,1.1708898544311523,False,[],,,,,,,33.5,,,,ochoa_cinta,,2025_05_08/11_14_52_0/1,single_fish
2025_05_08,11_14_52_0,11_14_52_0,frame_353,0,255,1,1,False,False,True,1.1752318143844604,False,[],,,,,,,33.5,,,,ochoa_cinta,,2025_05_08/11_14_52_0/1,single_fish
2025_05_08,11_14_52_0,11_14_52_0,frame_354,0,255,1,1,False,False,True,1.2065261602401731,False,[],,,,,,,33.5,,,,ochoa_cinta,,2025_05_08/11_14_52_0/1,single_fish
2025_05_08,11_14_52_0,11_14_52_0,frame_355,0,255,1,1,False,False,True,1.2032312154769895,False,[],,,,,,,33.5,,,,ochoa_cinta,,2025_05_08/11_14_52_0/1,single_fish
2025_05_08,11_14_52_0,11_14_52_0,frame_356,0,255,1,1,False,False,True,1.2128103971481323,False,[],,,,,,,33.5,,,,ochoa_cinta,,2025_05_08/11_14_52_0/1,single_fish
2025_05_08,11_14_52_0,11_14_52_0,frame_357,0,255,1,1,False,False,True,1.2158257961273191,False,[],,,,,,,33.5,,,,ochoa_cinta,,2025_05_08/11_14_52_0/1,single_fish
2025_05_08,11_14_52_0,11_14_52_0,frame_358,0,255,1,1,False,False,True,1.2167757749557495,False,[],,,,,,,33.5,,,,ochoa_cinta,,2025_05_08/11_14_52_0/1,single_fish
2025_05_08,11_14_52_0,11_14_52_0,frame_359,0,255,1,1,False,False,True,1.2028141021728516,False,[],,,,,,,33.5,,,,ochoa_cinta,,2025_05_08/11_14_52_0/1,single_fish
2025_05_08,11_14_52_0,11_14_52_0,frame_360,0,255,1,1,False,False,True,1.1881297826766968,False,[],,,,,,,33.5,,,,ochoa_cinta,,2025_05_08/11_14_52_0/1,single_fish
2025_05_08,11_14_52_0,11_14_52_0,frame_361,0,255,1,1,False,False,True,1.1649338006973269,False,[],,,,,,,33.5,,,,ochoa_cinta,,2025_05_08/11_14_52_0/1,single_fish
2025_05_08,11_14_52_0,11_14_52_0,frame_362,0,255,1,1,False,False,True,1.1593000888824463,False,[],,,,,,,33.5,,,,ochoa_cinta,,2025_05_08/11_14_52_0/1,single_fish
2025_05_08,11_14_52_0,11_14_52_0,frame_363,0,255,1,1,False,False,True,1.1293176412582395,False,[],,,,,,,33.5,,,,ochoa_cinta,,2025_05_08/11_14_52_0/1,single_fish
2025_05_08,11_14_52_0,11_14_52_0,frame_364,0,255,1,1,False,False,True,1.118807077407837,False,[],,,,,,,33.5,,,,ochoa_cinta,,2025_05_08/11_14_52_0/1,single_fish
2025_05_08,11_14_52_0,11_14_52_0,frame_365,0,255,1,1,False,False,True,1.1114500761032104,False,[],,,,,,,33.5,,,,ochoa_cinta,,2025_05_08/11_14_52_0/1,single_fish
2025_05_08,11_14_52_0,11_14_52_0,frame_366,0,255,1,1,False,False,True,1.086569905281067,False,[],,,,,,,33.5,,,,ochoa_cinta,,2025_05_08/11_14_52_0/1,single_fish
2025_05_08,11_14_52_0,11_14_52_0,frame_367,0,255,1,1,False,False,True,1.083419919013977,False,[],,,,,,,33.5,,,,ochoa_cinta,,2025_05_08/11_14_52_0/1,single_fish
2025_05_08,11_14_52_0,11_14_52_0,frame_368,0,255,1,1,False,False,True,1.0355186462402344,False,[],,,,,,,33.5,,,,ochoa_cinta,,2025_05_08/11_14_52_0/1,single_fish
2025_05_08,11_14_52_0,11_14_52_0,frame_369,0,255,1,1,False,False,True,1.0016207695007324,False,[],,,,,,,33.5,,,,ochoa_cinta,,2025_05_08/11_14_52_0/1,single_fish
2025_05_08,11_14_52_0,11_14_52_0,frame_370,0,255,1,1,False,False,True,1.0173786878585815,False,[],,,,,,,33.5,,,,ochoa_cinta,,2025_05_08/11_14_52_0/1,single_fish
2025_05_08,11_14_52_0,11_14_52_0,frame_371,0,255,1,1,False,False,True,1.041476845741272,False,[],,,,,,,33.5,,,,ochoa_cinta,,2025_05_08/11_14_52_0/1,single_fish
2025_05_08,11_14_52_0,11_14_52_0,frame_372,0,255,1,1,False,False,True,1.0427430868148804,False,[],,,,,,,33.5,,,,ochoa_cinta,,2025_05_08/11_14_52_0/1,single_fish
2025_05_08,11_14_52_0,11_14_52_0,frame_373,0,255,1,1,False,False,True,1.0396766662597656,False,[],,,,,,,33.5,,,,ochoa_cinta,,2025_05_08/11_14_52_0/1,single_fish
2025_05_08,11_14_52_0,11_14_52_0,frame_374,0,255,1,1,False,False,True,1.0463742017745972,False,[],,,,,,,33.5,,,,ochoa_cinta,,2025_05_08/11_14_52_0/1,single_fish
2025_05_08,11_14_52_0,11_14_52_0,frame_375,0,255,1,1,False,False,True,1.0508549213409424,False,[],,,,,,,33.5,,,,ochoa_cinta,,2025_05_08/11_14_52_0/1,single_fish
2025_05_08,11_14_52_0,11_14_52_0,frame_376,0,255,1,1,False,False,True,1.0693888664245603,False,[],,,,,,,33.5,,,,ochoa_cinta,,2025_05_08/11_14_52_0/1,single_fish
2025_05_08,11_14_52_0,11_14_52_0,frame_377,0,255,1,1,False,False,True,1.071102261543274,False,[],,,,,,,33.5,,,,ochoa_cinta,,2025_05_08/11_14_52_0/1,single_fish
2025_05_08,11_14_52_0,11_14_52_0,frame_378,0,255,1,1,False,False,True,1.0630065202713013,False,[],,,,,,,33.5,,,,ochoa_cinta,,2025_05_08/11_14_52_0/1,single_fish
2025_05_08,11_14_52_0,11_14_52_0,frame_379,0,255,1,1,False,False,True,1.0760623216629028,False,[],,,,,,,33.5,,,,ochoa_cinta,,2025_05_08/11_14_52_0/1,single_fish
2025_05_08,11_14_52_0,11_14_52_0,frame_380,0,255,1,1,False,False,True,1.0845717191696167,False,[],,,,,,,33.5,,,,ochoa_cinta,,2025_05_08/11_14_52_0/1,single_fish
2025_05_08,11_14_52_0,11_14_52_0,frame_381,0,255,1,1,False,False,True,1.0925045013427734,False,[],,,,,,,33.5,,,,ochoa_cinta,,2025_05_08/11_14_52_0/1,single_fish
2025_05_08,11_14_52_0,11_14_52_0,frame_382,0,255,1,1,False,False,True,1.086155652999878,False,[],,,,,,,33.5,,,,ochoa_cinta,,2025_05_08/11_14_52_0/1,single_fish
2025_05_08,11_14_52_0,11_14_52_0,frame_383,0,255,1,1,False,False,True,1.0747545957565308,False,[],,,,,,,33.5,,,,ochoa_cinta,,2025_05_08/11_14_52_0/1,single_fish
2025_05_08,11_14_52_0,11_14_52_0,frame_384,0,255,1,1,False,False,True,1.070295810699463,False,[],,,,,,,33.5,,,,ochoa_cinta,,2025_05_08/11_14_52_0/1,single_fish
2025_05_08,11_14_52_0,11_14_52_0,frame_385,0,255,1,1,False,False,True,1.0562578439712524,False,[],,,,,,,33.5,,,,ochoa_cinta,,2025_05_08/11_14_52_0/1,single_fish
2025_05_08,11_14_52_0,11_14_52_0,frame_386,0,255,1,1,False,False,True,1.0478649139404297,False,[],,,,,,,33.5,,,,ochoa_cinta,,2025_05_08/11_14_52_0/1,single_fish
2025_05_08,11_14_52_0,11_14_52_0,frame_387,0,255,1,1,False,False,True,1.0363811254501345,False,[],,,,,,,33.5,,,,ochoa_cinta,,2025_05_08/11_14_52_0/1,single_fish
2025_05_08,11_14_52_0,11_14_52_0,frame_388,0,255,1,1,False,False,True,1.022097110748291,False,[],,,,,,,33.5,,,,ochoa_cinta,,2025_05_08/11_14_52_0/1,single_fish
2025_05_08,11_14_52_0,11_14_52_0,frame_389,0,255,1,1,False,False,True,1.005228877067566,False,[],,,,,,,33.5,,,,ochoa_cinta,,2025_05_08/11_14_52_0/1,single_fish
2025_05_08,11_14_52_0,11_14_52_0,frame_390,0,255,1,1,False,False,True,1.0202393531799316,False,[],,,,,,,33.5,,,,ochoa_cinta,,2025_05_08/11_14_52_0/1,single_fish
2025_05_08,11_14_52_0,11_14_52_0,frame_391,0,255,1,1,False,False,True,1.0373517274856567,False,[],,,,,,,33.5,,,,ochoa_cinta,,2025_05_08/11_14_52_0/1,single_fish
2025_05_08,11_14_52_0,11_14_52_0,frame_392,0,255,1,1,False,False,True,1.034454107284546,False,[],,,,,,,33.5,,,,ochoa_cinta,,2025_05_08/11_14_52_0/1,single_fish
2025_05_08,11_14_52_0,11_14_52_0,frame_393,0,255,1,1,False,False,True,1.0525126457214355,False,[],,,,,,,33.5,,,,ochoa_cinta,,2025_05_08/11_14_52_0/1,single_fish
2025_05_08,11_14_52_0,11_14_52_0,frame_394,0,255,1,1,False,False,True,1.0714540481567385,False,[],,,,,,,33.5,,,,ochoa_cinta,,2025_05_08/11_14_52_0/1,single_fish
2025_05_08,11_14_52_0,11_14_52_0,frame_395,0,255,1,1,False,False,True,1.094834566116333,False,[],,,,,,,33.5,,,,ochoa_cinta,,2025_05_08/11_14_52_0/1,single_fish
2025_05_08,11_14_52_0,11_14_52_0,frame_396,0,255,1,1,False,False,True,1.1059470176696775,False,[],,,,,,,33.5,,,,ochoa_cinta,,2025_05_08/11_14_52_0/1,single_fish
2025_05_08,11_14_52_0,11_14_52_0,frame_397,0,255,1,1,False,False,True,1.1119825839996338,False,[],,,,,,,33.5,,,,ochoa_cinta,,2025_05_08/11_14_52_0/1,single_fish
2025_05_08,11_14_52_0,11_14_52_0,frame_398,0,255,1,1,False,False,True,1.1135352849960327,False,[],,,,,,,33.5,,,,ochoa_cinta,,2025_05_08/11_14_52_0/1,single_fish
2025_05_08,11_14_52_0,11_14_52_0,frame_399,0,255,1,1,False,False,True,1.116423487663269,False,[],,,,,,,33.5,,,,ochoa_cinta,,2025_05_08/11_14_52_0/1,single_fish
2025_05_08,11_14_52_0,11_14_52_0,frame_400,0,255,1,1,False,False,True,1.1128168106079102,False,[],,,,,,,33.5,,,,ochoa_cinta,,2025_05_08/11_14_52_0/1,single_fish
2025_05_08,11_14_52_0,11_14_52_0,frame_401,0,255,1,1,False,False,True,1.100836157798767,False,[],,,,,,,33.5,,,,ochoa_cinta,,2025_05_08/11_14_52_0/1,single_fish
2025_05_08,11_14_52_0,11_14_52_0,frame_402,0,255,1,1,False,False,True,1.086636662483215,False,[],,,,,,,33.5,,,,ochoa_cinta,,2025_05_08/11_14_52_0/1,single_fish
2025_05_08,11_14_52_0,11_14_52_0,frame_403,0,255,1,1,False,False,True,1.0584561824798584,False,[],,,,,,,33.5,,,,ochoa_cinta,,2025_05_08/11_14_52_0/1,single_fish
2025_05_08,11_14_52_0,11_14_52_0,frame_404,0,255,1,1,False,False,True,1.0382379293441772,False,[],,,,,,,33.5,,,,ochoa_cinta,,2025_05_08/11_14_52_0/1,single_fish
2025_05_08,11_14_52_0,11_14_52_0,frame_405,0,255,1,1,False,False,True,1.0313113927841189,False,[],,,,,,,33.5,,,,ochoa_cinta,,2025_05_08/11_14_52_0/1,single_fish
2025_05_08,11_14_52_0,11_14_52_0,frame_406,0,255,1,1,False,False,True,1.039068579673767,False,[],,,,,,,33.5,,,,ochoa_cinta,,2025_05_08/11_14_52_0/1,single_fish
2025_05_08,11_14_52_0,11_14_52_0,frame_407,0,255,1,1,False,False,True,1.03233003616333,False,[],,,,,,,33.5,,,,ochoa_cinta,,2025_05_08/11_14_52_0/1,single_fish
2025_05_08,11_14_52_0,11_14_52_0,frame_408,0,255,1,1,False,False,True,1.0374746322631836,False,[],,,,,,,33.5,,,,ochoa_cinta,,2025_05_08/11_14_52_0/1,single_fish
2025_05_08,11_14_52_0,11_14_52_0,frame_409,0,255,1,1,False,False,True,1.0218383073806765,False,[],,,,,,,33.5,,,,ochoa_cinta,,2025_05_08/11_14_52_0/1,single_fish
2025_05_08,11_14_52_0,11_14_52_0,frame_410,0,255,1,1,False,False,True,1.023279070854187,False,[],,,,,,,33.5,,,,ochoa_cinta,,2025_05_08/11_14_52_0/1,single_fish
2025_05_08,11_14_52_0,11_14_52_0,frame_411,0,255,1,1,False,False,True,1.014276146888733,False,[],,,,,,,33.5,,,,ochoa_cinta,,2025_05_08/11_14_52_0/1,single_fish
2025_05_08,11_14_52_0,11_14_52_0,frame_412,0,255,1,1,False,False,True,1.0036050081253052,False,[],,,,,,,33.5,,,,ochoa_cinta,,2025_05_08/11_14_52_0/1,single_fish
2025_05_08,11_14_52_0,11_14_52_0,frame_413,0,255,1,1,False,False,True,1.0124459266662598,False,[],,,,,,,33.5,,,,ochoa_cinta,,2025_05_08/11_14_52_0/1,single_fish
2025_05_08,11_14_52_0,11_14_52_0,frame_414,0,255,1,1,False,False,True,1.0090454816818235,False,[],,,,,,,33.5,,,,ochoa_cinta,,2025_05_08/11_14_52_0/1,single_fish
2025_05_08,11_14_52_0,11_14_52_0,frame_415,0,255,1,1,False,False,True,1.0028942823410034,False,[],,,,,,,33.5,,,,ochoa_cinta,,2025_05_08/11_14_52_0/1,single_fish
2025_05_08,11_14_52_0,11_14_52_0,frame_416,0,255,1,1,False,False,True,1.0096962451934814,False,[],,,,,,,33.5,,,,ochoa_cinta,,2025_05_08/11_14_52_0/1,single_fish
2025_05_08,11_14_52_0,11_14_52_0,frame_417,0,255,1,1,False,False,True,1.0051926374435425,False,[],,,,,,,33.5,,,,ochoa_cinta,,2025_05_08/11_14_52_0/1,single_fish
2025_05_08,11_14_52_0,11_14_52_0,frame_418,0,255,1,1,False,False,True,1.0122747421264648,False,[],,,,,,,33.5,,,,ochoa_cinta,,2025_05_08/11_14_52_0/1,single_fish
2025_05_08,11_14_52_0,11_14_52_0,frame_419,0,255,1,1,False,False,True,1.005332589149475,False,[],,,,,,,33.5,,,,ochoa_cinta,,2025_05_08/11_14_52_0/1,single_fish
2025_05_08,11_14_52_0,11_14_52_0,frame_420,0,255,1,1,False,False,True,1.0157305002212524,False,[],,,,,,,33.5,,,,ochoa_cinta,,2025_05_08/11_14_52_0/1,single_fish
2025_05_08,11_14_52_0,11_14_52_0,frame_421,0,255,1,1,False,False,True,1.042001247406006,False,[],,,,,,,33.5,,,,ochoa_cinta,,2025_05_08/11_14_52_0/1,single_fish
2025_05_08,11_14_52_0,11_14_52_0,frame_422,0,255,1,1,False,False,True,1.0585910081863403,False,[],,,,,,,33.5,,,,ochoa_cinta,,2025_05_08/11_14_52_0/1,single_fish
2025_05_08,11_14_52_0,11_14_52_0,frame_423,0,255,1,1,False,False,True,1.0827383995056152,False,[],,,,,,,33.5,,,,ochoa_cinta,,2025_05_08/11_14_52_0/1,single_fish
2025_05_08,11_14_52_0,11_14_52_0,frame_424,0,255,1,1,False,False,True,1.107978582382202,False,[],,,,,,,33.5,,,,ochoa_cinta,,2025_05_08/11_14_52_0/1,single_fish
2025_05_08,11_14_52_0,11_14_52_0,frame_425,0,255,1,1,False,False,True,1.1377280950546265,False,[],,,,,,,33.5,,,,ochoa_cinta,,2025_05_08/11_14_52_0/1,single_fish
2025_05_08,11_14_52_0,11_14_52_0,frame_426,0,255,1,1,False,False,True,1.1591897010803225,False,[],,,,,,,33.5,,,,ochoa_cinta,,2025_05_08/11_14_52_0/1,single_fish
2025_05_08,11_14_52_0,11_14_52_0,frame_427,0,255,1,1,False,False,True,1.1736968755722046,False,[],,,,,,,33.5,,,,ochoa_cinta,,2025_05_08/11_14_52_0/1,single_fish
2025_05_08,11_14_52_0,11_14_52_0,frame_428,0,255,1,1,False,False,True,1.175529718399048,False,[],,,,,,,33.5,,,,ochoa_cinta,,2025_05_08/11_14_52_0/1,single_fish
2025_05_08,11_14_52_0,11_14_52_0,frame_429,0,255,1,1,False,False,True,1.1766388416290283,False,[],,,,,,,33.5,,,,ochoa_cinta,,2025_05_08/11_14_52_0/1,single_fish
2025_05_08,11_14_52_0,11_14_52_0,frame_430,0,255,1,1,False,False,True,1.165809988975525,False,[],,,,,,,33.5,,,,ochoa_cinta,,2025_05_08/11_14_52_0/1,single_fish
2025_05_08,11_14_52_0,11_14_52_0,frame_431,0,255,1,1,False,False,True,1.1600157022476196,False,[],,,,,,,33.5,,,,ochoa_cinta,,2025_05_08/11_14_52_0/1,single_fish
2025_05_08,11_14_52_0,11_14_52_0,frame_432,0,255,1,1,False,False,True,1.1656514406204224,False,[],,,,,,,33.5,,,,ochoa_cinta,,2025_05_08/11_14_52_0/1,single_fish
2025_05_08,11_14_52_0,11_14_52_0,frame_433,0,255,1,1,False,False,True,1.1819645166397097,False,[],,,,,,,33.5,,,,ochoa_cinta,,2025_05_08/11_14_52_0/1,single_fish
2025_05_08,11_14_52_0,11_14_52_0,frame_434,0,255,1,1,False,False,True,1.1838456392288208,False,[],,,,,,,33.5,,,,ochoa_cinta,,2025_05_08/11_14_52_0/1,single_fish
2025_05_08,11_14_52_0,11_14_52_0,frame_435,0,255,1,1,False,False,True,1.1628423929214478,False,[],,,,,,,33.5,,,,ochoa_cinta,,2025_05_08/11_14_52_0/1,single_fish
2025_05_08,11_14_52_0,11_14_52_0,frame_436,0,255,1,1,False,False,True,1.1588491201400757,False,[],,,,,,,33.5,,,,ochoa_cinta,,2025_05_08/11_14_52_0/1,single_fish
2025_05_08,11_14_52_0,11_14_52_0,frame_437,0,255,1,1,False,False,True,1.1405960321426392,False,[],,,,,,,33.5,,,,ochoa_cinta,,2025_05_08/11_14_52_0/1,single_fish
2025_05_08,11_14_52_0,11_14_52_0,frame_438,0,255,1,1,False,False,True,1.1310795545578003,False,[],,,,,,,33.5,,,,ochoa_cinta,,2025_05_08/11_14_52_0/1,single_fish
2025_05_08,11_14_52_0,11_14_52_0,frame_439,0,255,1,1,False,False,True,1.1360135078430176,False,[],,,,,,,33.5,,,,ochoa_cinta,,2025_05_08/11_14_52_0/1,single_fish
2025_05_08,11_14_52_0,11_14_52_0,frame_440,0,255,1,1,False,False,True,1.1330026388168335,False,[],,,,,,,33.5,,,,ochoa_cinta,,2025_05_08/11_14_52_0/1,single_fish
2025_05_08,11_14_52_0,11_14_52_0,frame_441,0,255,1,1,False,False,True,1.1398935317993164,False,[],,,,,,,33.5,,,,ochoa_cinta,,2025_05_08/11_14_52_0/1,single_fish
2025_05_08,11_14_52_0,11_14_52_0,frame_442,0,255,1,1,False,False,True,1.1277101039886477,False,[],,,,,,,33.5,,,,ochoa_cinta,,2025_05_08/11_14_52_0/1,single_fish
2025_05_08,11_14_52_0,11_14_52_0,frame_443,0,255,1,1,False,False,True,1.1255654096603394,False,[],,,,,,,33.5,,,,ochoa_cinta,,2025_05_08/11_14_52_0/1,single_fish
2025_05_08,11_14_52_0,11_14_52_0,frame_444,0,255,1,1,False,False,True,1.1380411386489868,False,[],,,,,,,33.5,,,,ochoa_cinta,,2025_05_08/11_14_52_0/1,single_fish
2025_05_08,11_14_52_0,11_14_52_0,frame_445,0,255,1,1,False,False,True,1.1298959255218506,False,[],,,,,,,33.5,,,,ochoa_cinta,,2025_05_08/11_14_52_0/1,single_fish
2025_05_08,11_14_52_0,11_14_52_0,frame_446,0,255,1,1,False,False,True,1.1091700792312622,False,[],,,,,,,33.5,,,,ochoa_cinta,,2025_05_08/11_14_52_0/1,single_fish
2025_05_08,11_14_52_0,11_14_52_0,frame_447,0,255,1,1,False,False,True,1.094064235687256,False,[],,,,,,,33.5,,,,ochoa_cinta,,2025_05_08/11_14_52_0/1,single_fish
2025_05_08,11_14_52_0,11_14_52_0,frame_448,0,255,1,1,False,False,True,1.0862820148468018,False,[],,,,,,,33.5,,,,ochoa_cinta,,2025_05_08/11_14_52_0/1,single_fish
2025_05_08,11_14_52_0,11_14_52_0,frame_449,0,255,1,1,False,False,True,1.0726953744888306,False,[],,,,,,,33.5,,,,ochoa_cinta,,2025_05_08/11_14_52_0/1,single_fish
2025_05_08,11_14_52_0,11_14_52_0,frame_450,0,255,1,1,False,False,True,1.0657376050949097,False,[],,,,,,,33.5,,,,ochoa_cinta,,2025_05_08/11_14_52_0/1,single_fish
2025_05_08,11_14_52_0,11_14_52_0,frame_451,0,255,1,1,False,False,True,1.053152322769165,False,[],,,,,,,33.5,,,,ochoa_cinta,,2025_05_08/11_14_52_0/1,single_fish
2025_05_08,11_14_52_0,11_14_52_0,frame_452,0,255,1,1,False,False,True,1.0590518712997437,False,[],,,,,,,33.5,,,,ochoa_cinta,,2025_05_08/11_14_52_0/1,single_fish
2025_05_08,11_14_52_0,11_14_52_0,frame_453,0,255,1,1,False,False,True,1.0646164417266846,False,[],,,,,,,33.5,,,,ochoa_cinta,,2025_05_08/11_14_52_0/1,single_fish
2025_05_08,11_14_52_0,11_14_52_0,frame_454,0,255,1,1,False,False,True,1.069803237915039,False,[],,,,,,,33.5,,,,ochoa_cinta,,2025_05_08/11_14_52_0/1,single_fish
2025_05_08,11_14_52_0,11_14_52_0,frame_455,0,255,1,1,False,False,True,1.0715161561965942,False,[],,,,,,,33.5,,,,ochoa_cinta,,2025_05_08/11_14_52_0/1,single_fish
2025_05_08,11_14_52_0,11_14_52_0,frame_456,0,255,1,1,False,False,True,1.0713731050491333,False,[],,,,,,,33.5,,,,ochoa_cinta,,2025_05_08/11_14_52_0/1,single_fish
2025_05_08,11_14_52_0,11_14_52_0,frame_457,0,255,1,1,False,False,True,1.073912262916565,False,[],,,,,,,33.5,,,,ochoa_cinta,,2025_05_08/11_14_52_0/1,single_fish
2025_05_08,11_14_52_0,11_14_52_0,frame_458,0,255,1,1,False,False,True,1.0669840574264526,False,[],,,,,,,33.5,,,,ochoa_cinta,,2025_05_08/11_14_52_0/1,single_fish
2025_05_08,11_14_52_0,11_14_52_0,frame_459,0,255,1,1,False,False,True,1.0638600587844849,False,[],,,,,,,33.5,,,,ochoa_cinta,,2025_05_08/11_14_52_0/1,single_fish
2025_05_08,11_14_52_0,11_14_52_0,frame_460,0,255,1,1,False,False,True,1.0766626596450806,False,[],,,,,,,33.5,,,,ochoa_cinta,,2025_05_08/11_14_52_0/1,single_fish
2025_05_08,11_14_52_0,11_14_52_0,frame_461,0,255,1,1,False,False,True,1.099329948425293,False,[],,,,,,,33.5,,,,ochoa_cinta,,2025_05_08/11_14_52_0/1,single_fish
2025_05_08,11_14_52_0,11_14_52_0,frame_462,0,255,1,1,False,False,True,1.1132570505142212,False,[],,,,,,,33.5,,,,ochoa_cinta,,2025_05_08/11_14_52_0/1,single_fish
2025_05_08,11_14_52_0,11_14_52_0,frame_463,0,255,1,1,False,False,True,1.1254514455795288,False,[],,,,,,,33.5,,,,ochoa_cinta,,2025_05_08/11_14_52_0/1,single_fish
2025_05_08,11_14_52_0,11_14_52_0,frame_464,0,255,1,1,False,False,True,1.1454870700836182,False,[],,,,,,,33.5,,,,ochoa_cinta,,2025_05_08/11_14_52_0/1,single_fish
2025_05_08,11_14_52_0,11_14_52_0,frame_465,0,255,1,1,False,False,True,1.1475894451141355,False,[],,,,,,,33.5,,,,ochoa_cinta,,2025_05_08/11_14_52_0/1,single_fish
2025_05_08,11_14_52_0,11_14_52_0,frame_466,0,255,1,1,False,False,True,1.1153976917266846,False,[],,,,,,,33.5,,,,ochoa_cinta,,2025_05_08/11_14_52_0/1,single_fish
2025_05_08,11_14_52_0,11_14_52_0,frame_467,0,255,1,1,False,False,True,1.1253862380981443,False,[],,,,,,,33.5,,,,ochoa_cinta,,2025_05_08/11_14_52_0/1,single_fish
2025_05_08,11_14_52_0,11_14_52_0,frame_468,0,255,1,1,False,False,True,1.1355278491973877,False,[],,,,,,,33.5,,,,ochoa_cinta,,2025_05_08/11_14_52_0/1,single_fish
2025_05_08,11_14_52_0,11_14_52_0,frame_469,0,255,1,1,False,False,True,1.1313023567199707,False,[],,,,,,,33.5,,,,ochoa_cinta,,2025_05_08/11_14_52_0/1,single_fish
2025_05_08,11_14_52_0,11_14_52_0,frame_470,0,255,1,1,False,False,True,1.1366403102874756,False,[],,,,,,,33.5,,,,ochoa_cinta,,2025_05_08/11_14_52_0/1,single_fish
2025_05_08,11_14_52_0,11_14_52_0,frame_471,0,255,1,1,False,False,True,1.1225199699401855,False,[],,,,,,,33.5,,,,ochoa_cinta,,2025_05_08/11_14_52_0/1,single_fish
2025_05_08,11_14_52_0,11_14_52_0,frame_472,0,255,1,1,False,False,True,1.1082500219345093,False,[],,,,,,,33.5,,,,ochoa_cinta,,2025_05_08/11_14_52_0/1,single_fish
2025_05_08,11_14_52_0,11_14_52_0,frame_473,0,255,1,1,False,False,True,1.0984359979629517,False,[],,,,,,,33.5,,,,ochoa_cinta,,2025_05_08/11_14_52_0/1,single_fish
2025_05_08,11_14_52_0,11_14_52_0,frame_474,0,255,1,1,False,False,True,1.1199811697006226,False,[],,,,,,,33.5,,,,ochoa_cinta,,2025_05_08/11_14_52_0/1,single_fish
2025_05_08,11_14_52_0,11_14_52_0,frame_475,0,255,1,1,False,False,True,1.131543755531311,False,[],,,,,,,33.5,,,,ochoa_cinta,,2025_05_08/11_14_52_0/1,single_fish
2025_05_08,11_14_52_0,11_14_52_0,frame_476,0,255,1,1,False,False,True,1.141350507736206,False,[],,,,,,,33.5,,,,ochoa_cinta,,2025_05_08/11_14_52_0/1,single_fish
2025_05_08,11_14_52_0,11_14_52_0,frame_477,0,255,1,1,False,False,True,1.1364976167678833,False,[],,,,,,,33.5,,,,ochoa_cinta,,2025_05_08/11_14_52_0/1,single_fish
2025_05_08,11_14_52_0,11_14_52_0,frame_478,0,255,1,1,False,False,True,1.144270896911621,False,[],,,,,,,33.5,,,,ochoa_cinta,,2025_05_08/11_14_52_0/1,single_fish
2025_05_08,11_14_52_0,11_14_52_0,frame_479,0,255,1,1,False,False,True,1.133190393447876,False,[],,,,,,,33.5,,,,ochoa_cinta,,2025_05_08/11_14_52_0/1,single_fish
2025_05_08,11_14_52_0,11_14_52_0,frame_480,0,255,1,1,False,False,True,1.1357567310333252,False,[],,,,,,,33.5,,,,ochoa_cinta,,2025_05_08/11_14_52_0/1,single_fish
2025_05_08,11_14_52_0,11_14_52_0,frame_481,0,255,1,1,False,False,True,1.1137290000915527,False,[],,,,,,,33.5,,,,ochoa_cinta,,2025_05_08/11_14_52_0/1,single_fish
2025_05_08,11_14_52_0,11_14_52_0,frame_482,0,255,1,1,False,False,True,1.0793980360031128,False,[],,,,,,,33.5,,,,ochoa_cinta,,2025_05_08/11_14_52_0/1,single_fish
2025_05_08,11_14_52_0,11_14_52_0,frame_483,0,255,1,1,False,False,True,1.0652292966842651,False,[],,,,,,,33.5,,,,ochoa_cinta,,2025_05_08/11_14_52_0/1,single_fish
2025_05_08,11_14_52_0,11_14_52_0,frame_484,0,255,1,1,False,False,True,1.042262315750122,False,[],,,,,,,33.5,,,,ochoa_cinta,,2025_05_08/11_14_52_0/1,single_fish
2025_05_08,11_14_52_0,11_14_52_0,frame_485,0,255,1,1,False,False,True,1.039042353630066,False,[],,,,,,,33.5,,,,ochoa_cinta,,2025_05_08/11_14_52_0/1,single_fish
2025_05_08,11_14_52_0,11_14_52_0,frame_486,0,255,1,1,False,False,True,1.03048574924469,False,[],,,,,,,33.5,,,,ochoa_cinta,,2025_05_08/11_14_52_0/1,single_fish
2025_05_08,11_14_52_0,11_14_52_0,frame_487,0,255,1,1,False,False,True,1.0198698043823242,False,[],,,,,,,33.5,,,,ochoa_cinta,,2025_05_08/11_14_52_0/1,single_fish
2025_05_08,11_14_52_0,11_14_52_0,frame_488,0,255,1,1,False,False,True,1.0303605794906616,False,[],,,,,,,33.5,,,,ochoa_cinta,,2025_05_08/11_14_52_0/1,single_fish
2025_05_08,11_14_52_0,11_14_52_0,frame_489,0,255,1,1,False,False,True,1.0329095125198364,False,[],,,,,,,33.5,,,,ochoa_cinta,,2025_05_08/11_14_52_0/1,single_fish
2025_05_08,11_14_52_0,11_14_52_0,frame_490,0,255,1,1,False,False,True,1.027294635772705,False,[],,,,,,,33.5,,,,ochoa_cinta,,2025_05_08/11_14_52_0/1,single_fish
2025_05_08,11_14_52_0,11_14_52_0,frame_491,0,255,1,1,False,False,True,1.0025675296783447,False,[],,,,,,,33.5,,,,ochoa_cinta,,2025_05_08/11_14_52_0/1,single_fish
2025_05_08,11_14_52_0,11_14_52_0,frame_492,0,255,1,1,False,False,True,1.0134721994400024,False,[],,,,,,,33.5,,,,ochoa_cinta,,2025_05_08/11_14_52_0/1,single_fish
2025_05_08,11_14_52_0,11_14_52_0,frame_493,0,255,1,1,False,False,True,1.017086148262024,False,[],,,,,,,33.5,,,,ochoa_cinta,,2025_05_08/11_14_52_0/1,single_fish
2025_05_08,11_14_52_0,11_14_52_0,frame_494,0,255,1,1,False,False,True,1.0477590560913086,False,[],,,,,,,33.5,,,,ochoa_cinta,,2025_05_08/11_14_52_0/1,single_fish
2025_05_08,11_14_52_0,11_14_52_0,frame_495,0,255,1,1,False,False,True,1.0592966079711914,False,[],,,,,,,33.5,,,,ochoa_cinta,,2025_05_08/11_14_52_0/1,single_fish
2025_05_08,11_14_52_0,11_14_52_0,frame_496,0,255,1,1,False,False,True,1.1055757999420166,False,[],,,,,,,33.5,,,,ochoa_cinta,,2025_05_08/11_14_52_0/1,single_fish
2025_05_08,11_14_52_0,11_14_52_0,frame_497,0,255,1,1,False,False,True,1.1920360326766968,False,[],,,,,,,33.5,,,,ochoa_cinta,,2025_05_08/11_14_52_0/1,single_fish
2025_05_08,11_14_52_0,11_14_52_0,frame_498,0,255,1,1,False,False,True,1.2404837608337402,False,[],,,,,,,33.5,,,,ochoa_cinta,,2025_05_08/11_14_52_0/1,single_fish
2025_05_08,11_14_52_0,11_14_52_0,frame_499,0,255,1,1,False,False,True,1.302680253982544,False,[],,,,,,,33.5,,,,ochoa_cinta,,2025_05_08/11_14_52_0/1,single_fish
2025_05_08,11_14_52_0,11_14_52_0,frame_500,0,255,1,1,False,False,True,1.3729177713394165,False,[],,,,,,,33.5,,,,ochoa_cinta,,2025_05_08/11_14_52_0/1,single_fish
2025_05_08,11_14_52_0,11_14_52_0,frame_501,0,255,1,1,False,False,True,1.4304609298706057,False,[],,,,,,,33.5,,,,ochoa_cinta,,2025_05_08/11_14_52_0/1,single_fish
2025_05_08,11_14_52_0,11_14_52_0,frame_502,0,255,1,1,False,False,True,1.4864333868026731,False,[],,,,,,,33.5,,,,ochoa_cinta,,2025_05_08/11_14_52_0/1,single_fish
2025_05_08,11_14_52_0,11_14_52_0,frame_503,0,255,1,1,False,False,True,1.5005093812942505,False,[],,,,,,,33.5,,,,ochoa_cinta,,2025_05_08/11_14_52_0/1,single_fish
2025_05_08,11_14_52_0,11_14_52_0,frame_504,0,255,1,1,False,False,True,1.4959872961044312,False,[],,,,,,,33.5,,,,ochoa_cinta,,2025_05_08/11_14_52_0/1,single_fish
2025_05_08,11_14_52_0,11_14_52_0,frame_505,0,255,1,1,False,False,True,1.4359968900680542,False,[],,,,,,,33.5,,,,ochoa_cinta,,2025_05_08/11_14_52_0/1,single_fish
2025_05_08,11_14_52_0,11_14_52_0,frame_506,0,255,1,1,False,False,True,1.4062093496322632,False,[],,,,,,,33.5,,,,ochoa_cinta,,2025_05_08/11_14_52_0/1,single_fish
2025_05_08,11_14_52_0,11_14_52_0,frame_507,0,255,1,1,False,False,True,1.3832927942276,False,[],,,,,,,33.5,,,,ochoa_cinta,,2025_05_08/11_14_52_0/1,single_fish
2025_05_08,11_14_52_0,11_14_52_0,frame_508,0,255,1,1,False,False,True,1.3421142101287842,False,[],,,,,,,33.5,,,,ochoa_cinta,,2025_05_08/11_14_52_0/1,single_fish
2025_05_08,11_14_52_0,11_14_52_0,frame_510,0,255,1,1,False,False,True,1.237489938735962,False,[],,,,,,,33.5,,,,ochoa_cinta,,2025_05_08/11_14_52_0/1,single_fish
2025_05_08,11_14_52_0,11_14_52_0,frame_511,0,255,1,1,False,False,True,1.1632802486419678,False,[],,,,,,,33.5,,,,ochoa_cinta,,2025_05_08/11_14_52_0/1,single_fish
2025_05_08,11_14_52_0,11_14_52_0,frame_512,0,255,1,1,False,False,True,1.1246318817138672,False,[],,,,,,,33.5,,,,ochoa_cinta,,2025_05_08/11_14_52_0/1,single_fish
2025_05_08,11_14_52_0,11_14_52_0,frame_513,0,255,1,1,False,False,True,1.062615990638733,False,[],,,,,,,33.5,,,,ochoa_cinta,,2025_05_08/11_14_52_0/1,single_fish
2025_05_08,11_14_52_0,11_14_52_0,frame_514,0,255,1,1,False,False,True,1.0249913930892944,False,[],,,,,,,33.5,,,,ochoa_cinta,,2025_05_08/11_14_52_0/1,single_fish
2025_05_08,11_14_52_0,11_14_52_0,frame_515,0,255,1,1,False,False,True,1.1779212951660156,False,[],,,,,,,33.5,,,,ochoa_cinta,,2025_05_08/11_14_52_0/1,single_fish
2025_05_08,11_14_52_0,11_14_52_0,frame_516,0,255,1,1,False,False,True,1.241890549659729,False,[],,,,,,,33.5,,,,ochoa_cinta,,2025_05_08/11_14_52_0/1,single_fish
2025_05_08,11_14_52_0,11_14_52_0,frame_517,0,255,1,1,False,False,True,1.3116737604141235,False,[],,,,,,,33.5,,,,ochoa_cinta,,2025_05_08/11_14_52_0/1,single_fish
2025_05_08,11_14_52_0,11_14_52_0,frame_518,0,255,1,1,False,False,True,1.4079173803329468,False,[],,,,,,,33.5,,,,ochoa_cinta,,2025_05_08/11_14_52_0/1,single_fish
2025_05_08,11_14_52_0,11_14_52_0,frame_519,0,255,1,1,False,False,True,1.4640285968780518,False,[],,,,,,,33.5,,,,ochoa_cinta,,2025_05_08/11_14_52_0/1,single_fish
2025_05_08,11_14_52_0,11_14_52_0,frame_520,0,255,1,1,False,False,True,1.4438797235488892,False,[],,,,,,,33.5,,,,ochoa_cinta,,2025_05_08/11_14_52_0/1,single_fish
2025_05_08,11_14_52_0,11_14_52_0,frame_521,0,255,1,1,False,False,True,1.4195425510406494,False,[],,,,,,,33.5,,,,ochoa_cinta,,2025_05_08/11_14_52_0/1,single_fish
2025_05_08,11_14_52_0,11_14_52_0,frame_522,0,255,1,1,False,False,True,1.376512050628662,False,[],,,,,,,33.5,,,,ochoa_cinta,,2025_05_08/11_14_52_0/1,single_fish
2025_05_08,11_14_52_0,11_14_52_0,frame_523,0,255,1,1,False,False,True,1.3064419031143188,False,[],,,,,,,33.5,,,,ochoa_cinta,,2025_05_08/11_14_52_0/1,single_fish
2025_05_08,11_14_52_0,11_14_52_0,frame_524,0,255,1,1,False,False,True,1.2137712240219116,False,[],,,,,,,33.5,,,,ochoa_cinta,,2025_05_08/11_14_52_0/1,single_fish
2025_05_08,11_14_52_0,11_14_52_0,frame_525,0,255,1,1,False,False,True,1.2072670459747314,False,[],,,,,,,33.5,,,,ochoa_cinta,,2025_05_08/11_14_52_0/1,single_fish
2025_05_08,11_14_52_0,11_14_52_0,frame_526,0,255,1,1,False,False,True,1.2553322315216064,False,[],,,,,,,33.5,,,,ochoa_cinta,,2025_05_08/11_14_52_0/1,single_fish
2025_05_08,11_14_52_0,11_14_52_0,frame_527,0,255,1,1,False,False,True,1.165527582168579,False,[],,,,,,,33.5,,,,ochoa_cinta,,2025_05_08/11_14_52_0/1,single_fish
2025_05_08,11_14_52_0,11_14_52_0,frame_528,0,255,1,1,False,False,True,1.1223211288452148,False,[],,,,,,,33.5,,,,ochoa_cinta,,2025_05_08/11_14_52_0/1,single_fish
2025_05_08,11_14_52_0,11_14_52_0,frame_529,0,255,1,1,False,False,True,1.080876350402832,False,[],,,,,,,33.5,,,,ochoa_cinta,,2025_05_08/11_14_52_0/1,single_fish
2025_05_08,11_14_52_0,11_14_52_0,frame_530,0,255,1,1,False,False,True,1.028544306755066,False,[],,,,,,,33.5,,,,ochoa_cinta,,2025_05_08/11_14_52_0/1,single_fish
2025_05_08,11_14_52_0,11_14_52_0,frame_531,0,255,1,1,False,False,True,1.1031326055526731,False,[],,,,,,,33.5,,,,ochoa_cinta,,2025_05_08/11_14_52_0/1,single_fish
2025_05_08,11_14_52_0,11_14_52_0,frame_532,0,255,1,1,False,False,True,1.1228746175765991,False,[],,,,,,,33.5,,,,ochoa_cinta,,2025_05_08/11_14_52_0/1,single_fish
2025_05_08,11_14_52_0,11_14_52_0,frame_533,0,255,1,1,False,False,True,1.081770658493042,False,[],,,,,,,33.5,,,,ochoa_cinta,,2025_05_08/11_14_52_0/1,single_fish
2025_05_08,11_14_52_0,11_14_52_0,frame_534,0,255,1,1,False,False,True,1.0221384763717651,False,[],,,,,,,33.5,,,,ochoa_cinta,,2025_05_08/11_14_52_0/1,single_fish
2025_05_08,11_14_52_0,11_14_52_0,frame_535,0,255,1,1,False,False,True,1.0669928789138794,False,[],,,,,,,33.5,,,,ochoa_cinta,,2025_05_08/11_14_52_0/1,single_fish
2025_05_08,11_14_52_0,11_14_52_0,frame_536,0,255,1,1,False,False,True,1.2038514614105225,False,[],,,,,,,33.5,,,,ochoa_cinta,,2025_05_08/11_14_52_0/1,single_fish
2025_05_08,11_14_52_0,11_14_52_0,frame_537,0,255,1,1,False,False,True,1.556995153427124,False,[],,,,,,,33.5,,,,ochoa_cinta,,2025_05_08/11_14_52_0/1,single_fish
2025_05_08,11_14_52_0,11_14_52_0,frame_538,0,255,1,1,False,False,True,1.852916121482849,False,[],,,,,,,33.5,,,,ochoa_cinta,,2025_05_08/11_14_52_0/1,single_fish
2025_05_08,11_14_52_0,11_14_52_0,frame_539,0,255,1,1,False,False,True,0.0,False,[],[    0.47862     0.21461     0.85139],29.077956508905,90.55625598853916,1.4617104724685934,0.2734736676532202,0.2696991486413859,33.5,6.152633234677982,18.3660693572477,1.2718260741206702,ochoa_cinta,,2025_05_08/11_14_52_0/1,single_fish
2025_05_08,11_14_52_0,11_14_52_0,frame_540,0,255,1,1,False,False,True,0.0,False,[],[    0.47246     0.22039     0.85335],27.275713211377514,88.37116511622376,1.540409774871237,0.2901993539518874,0.274381970827033,33.5,4.480064604811261,13.373327178541064,1.2674746098741327,ochoa_cinta,,2025_05_08/11_14_52_0/1,single_fish
2025_05_08,11_14_52_0,11_14_52_0,frame_541,0,255,1,1,False,False,True,0.0,False,[],[    0.48348     0.19408     0.85357],27.11999435376595,85.47692674961945,1.4657957010771303,0.2614349409621744,0.255754773323132,33.5,7.356505903782558,21.959719115768824,1.2566892855409262,ochoa_cinta,,2025_05_08/11_14_52_0/1,single_fish
2025_05_08,11_14_52_0,11_14_52_0,frame_542,0,255,1,1,False,False,True,0.0,False,[],[    0.48672     0.17734     0.85537],25.778150157668023,85.51233199333538,1.505264068469296,0.2585214170632176,0.2502178479856113,33.5,7.647858293678244,22.8294277423231,1.2415720079232326,ochoa_cinta,,2025_05_08/11_14_52_0/1,single_fish
2025_05_08,11_14_52_0,11_14_52_0,frame_543,0,255,1,1,False,False,True,0.0,False,[],[    0.48852     0.18949     0.85173],58.560946250679,21.34684066734702,1.451255825206983,1.451398827606286,1.4656721249497962,33.5,111.63988276062858,333.25338137501086,1.2891753879425798,ochoa_cinta,,2025_05_08/11_14_52_0/1,single_fish
2025_05_08,11_14_52_0,11_14_52_0,frame_544,0,255,1,1,False,False,True,0.0,False,[],[    0.52326     0.17001     0.83504],55.76328674200204,49.7584927504408,1.4729159605574718,0.8554105793150422,1.0003243901436774,33.5,52.04105793150421,155.34644158657974,1.218520211155781,ochoa_cinta,,2025_05_08/11_14_52_0/1,single_fish
2025_05_08,11_14_52_0,11_14_52_0,frame_545,0,255,1,1,False,False,True,1.83333957195282,False,[],,,,,,,33.5,,,,ochoa_cinta,,2025_05_08/11_14_52_0/1,single_fish
2025_05_08,11_14_52_0,11_14_52_0,frame_546,0,255,1,1,False,False,True,1.6371965408325195,False,[],,,,,,,33.5,,,,ochoa_cinta,,2025_05_08/11_14_52_0/1,single_fish
2025_05_08,11_14_52_0,11_14_52_0,frame_547,0,255,1,1,False,False,True,1.4228147268295288,False,[],,,,,,,33.5,,,,ochoa_cinta,,2025_05_08/11_14_52_0/1,single_fish
2025_05_08,11_14_52_0,11_14_52_0,frame_548,0,255,1,1,True,False,True,1.3537296056747437,False,[],,,,,,,33.5,,,,ochoa_cinta,,2025_05_08/11_14_52_0/1,single_fish
2025_05_08,11_14_52_0,11_14_52_0,frame_549,0,255,1,1,True,False,True,1.3657385110855105,False,[],,,,,,,33.5,,,,ochoa_cinta,,2025_05_08/11_14_52_0/1,single_fish
2025_05_08,11_14_52_0,11_14_52_0,frame_550,0,255,1,1,True,False,True,1.4173229932785034,False,[],,,,,,,33.5,,,,ochoa_cinta,,2025_05_08/11_14_52_0/1,single_fish
2025_05_08,11_14_52_0,11_14_52_0,frame_551,0,255,1,1,True,False,True,1.447670340538025,False,[],,,,,,,33.5,,,,ochoa_cinta,,2025_05_08/11_14_52_0/1,single_fish
2025_05_08,11_14_52_0,11_14_52_0,frame_552,0,255,1,1,True,False,True,1.1499629020690918,False,[],,,,,,,33.5,,,,ochoa_cinta,,2025_05_08/11_14_52_0/1,single_fish
2025_05_08,11_14_52_0,11_14_52_0,frame_553,0,255,1,1,True,False,True,1.0734773874282837,False,[],,,,,,,33.5,,,,ochoa_cinta,,2025_05_08/11_14_52_0/1,single_fish
2025_05_08,11_14_52_0,11_14_52_0,frame_554,0,255,1,1,True,False,True,1.156781554222107,False,[],,,,,,,33.5,,,,ochoa_cinta,,2025_05_08/11_14_52_0/1,single_fish
2025_05_08,11_14_52_0,11_14_52_0,frame_555,0,255,1,1,True,False,True,1.276118516921997,False,[],,,,,,,33.5,,,,ochoa_cinta,,2025_05_08/11_14_52_0/1,single_fish
2025_05_08,11_14_52_0,11_14_52_0,frame_556,0,255,1,1,True,False,True,1.3669228553771973,False,[],,,,,,,33.5,,,,ochoa_cinta,,2025_05_08/11_14_52_0/1,single_fish
2025_05_08,11_14_52_0,11_14_52_0,frame_557,0,255,1,1,True,False,True,1.4687182903289795,False,[],,,,,,,33.5,,,,ochoa_cinta,,2025_05_08/11_14_52_0/1,single_fish
2025_05_08,11_14_52_0,11_14_52_0,frame_558,0,255,1,1,True,False,True,1.5222584009170532,False,[],,,,,,,33.5,,,,ochoa_cinta,,2025_05_08/11_14_52_0/1,single_fish
2025_05_08,11_14_52_0,11_14_52_0,frame_559,0,255,1,1,True,False,True,1.6025534868240356,False,[],,,,,,,33.5,,,,ochoa_cinta,,2025_05_08/11_14_52_0/1,single_fish
2025_05_08,11_14_52_0,11_14_52_0,frame_560,0,255,1,1,True,False,True,1.6048442125320437,False,[],,,,,,,33.5,,,,ochoa_cinta,,2025_05_08/11_14_52_0/1,single_fish
2025_05_08,11_14_52_0,11_14_52_0,frame_561,0,255,1,1,True,False,True,1.4608169794082642,False,[],,,,,,,33.5,,,,ochoa_cinta,,2025_05_08/11_14_52_0/1,single_fish
2025_05_08,11_14_52_0,11_14_52_0,frame_562,0,255,1,1,True,False,True,1.267057180404663,False,[],,,,,,,33.5,,,,ochoa_cinta,,2025_05_08/11_14_52_0/1,single_fish
2025_05_08,11_14_52_0,11_14_52_0,frame_563,0,255,1,1,True,False,True,1.1385279893875122,False,[],,,,,,,33.5,,,,ochoa_cinta,,2025_05_08/11_14_52_0/1,single_fish
2025_05_08,11_14_52_0,11_14_52_0,frame_564,0,255,1,1,True,False,True,1.064989447593689,False,[],,,,,,,33.5,,,,ochoa_cinta,,2025_05_08/11_14_52_0/1,single_fish
2025_05_08,11_14_52_0,11_14_52_0,frame_565,0,255,1,1,True,False,True,1.0393049716949463,False,[],,,,,,,33.5,,,,ochoa_cinta,,2025_05_08/11_14_52_0/1,single_fish
2025_05_08,11_14_52_0,11_14_52_0,frame_566,0,255,1,1,True,False,True,1.1394909620285034,False,[],,,,,,,33.5,,,,ochoa_cinta,,2025_05_08/11_14_52_0/1,single_fish
2025_05_08,11_14_52_0,11_14_52_0,frame_567,0,255,1,1,True,False,True,1.5103832483291626,False,[],,,,,,,33.5,,,,ochoa_cinta,,2025_05_08/11_14_52_0/1,single_fish
2025_05_08,11_14_52_0,11_14_52_0,frame_568,0,255,1,1,True,False,True,1.6694536209106443,False,[],,,,,,,33.5,,,,ochoa_cinta,,2025_05_08/11_14_52_0/1,single_fish
2025_05_08,11_14_52_0,11_14_52_0,frame_569,0,255,1,1,True,False,True,1.684108018875122,False,[],,,,,,,33.5,,,,ochoa_cinta,,2025_05_08/11_14_52_0/1,single_fish
2025_05_08,11_14_52_0,11_14_52_0,frame_570,0,255,1,1,True,False,True,1.651945948600769,False,[],,,,,,,33.5,,,,ochoa_cinta,,2025_05_08/11_14_52_0/1,single_fish
2025_05_08,11_14_52_0,11_14_52_0,frame_571,0,255,1,1,True,False,True,1.6139105558395386,False,[],,,,,,,33.5,,,,ochoa_cinta,,2025_05_08/11_14_52_0/1,single_fish
2025_05_08,11_14_52_0,11_14_52_0,frame_572,0,255,1,1,True,False,True,1.5305194854736328,False,[],,,,,,,33.5,,,,ochoa_cinta,,2025_05_08/11_14_52_0/1,single_fish
2025_05_08,11_14_52_0,11_14_52_0,frame_573,0,255,1,1,True,False,True,1.4722424745559692,False,[],,,,,,,33.5,,,,ochoa_cinta,,2025_05_08/11_14_52_0/1,single_fish
2025_05_08,11_14_52_0,11_14_52_0,frame_574,0,255,1,1,True,False,True,1.432327151298523,False,[],,,,,,,33.5,,,,ochoa_cinta,,2025_05_08/11_14_52_0/1,single_fish
2025_05_08,11_14_52_0,11_14_52_0,frame_575,0,255,1,1,True,False,True,1.3645203113555908,False,[],,,,,,,33.5,,,,ochoa_cinta,,2025_05_08/11_14_52_0/1,single_fish
2025_05_08,11_14_52_0,11_14_52_0,frame_576,0,255,1,1,True,False,True,1.3279056549072266,False,[],,,,,,,33.5,,,,ochoa_cinta,,2025_05_08/11_14_52_0/1,single_fish
2025_05_08,11_14_52_0,11_14_52_0,frame_577,0,255,1,1,True,False,True,1.286699891090393,False,[],,,,,,,33.5,,,,ochoa_cinta,,2025_05_08/11_14_52_0/1,single_fish
2025_05_08,11_14_52_0,11_14_52_0,frame_578,0,255,1,1,True,False,True,1.2503855228424072,False,[],,,,,,,33.5,,,,ochoa_cinta,,2025_05_08/11_14_52_0/1,single_fish
2025_05_08,11_14_52_0,11_14_52_0,frame_579,0,255,1,1,True,False,True,1.2218008041381836,False,[],,,,,,,33.5,,,,ochoa_cinta,,2025_05_08/11_14_52_0/1,single_fish
2025_05_08,11_14_52_0,11_14_52_0,frame_580,0,255,1,1,True,False,True,1.1924117803573608,False,[],,,,,,,33.5,,,,ochoa_cinta,,2025_05_08/11_14_52_0/1,single_fish
2025_05_08,11_14_52_0,11_14_52_0,frame_581,0,255,1,1,True,False,True,1.1811854839324951,False,[],,,,,,,33.5,,,,ochoa_cinta,,2025_05_08/11_14_52_0/1,single_fish
2025_05_08,11_14_52_0,11_14_52_0,frame_582,0,255,1,1,True,False,True,1.1515575647354126,False,[],,,,,,,33.5,,,,ochoa_cinta,,2025_05_08/11_14_52_0/1,single_fish
2025_05_08,11_14_52_0,11_14_52_0,frame_583,0,255,1,1,True,False,True,1.1236529350280762,False,[],,,,,,,33.5,,,,ochoa_cinta,,2025_05_08/11_14_52_0/1,single_fish
2025_05_08,11_14_52_0,11_14_52_0,frame_584,0,255,1,1,True,False,True,1.0955731868743896,False,[],,,,,,,33.5,,,,ochoa_cinta,,2025_05_08/11_14_52_0/1,single_fish
2025_05_08,11_14_52_0,11_14_52_0,frame_585,0,255,1,1,True,False,True,1.1030335426330566,False,[],,,,,,,33.5,,,,ochoa_cinta,,2025_05_08/11_14_52_0/1,single_fish
2025_05_08,11_14_52_0,11_14_52_0,frame_586,0,255,1,1,True,False,True,1.1138055324554443,False,[],,,,,,,33.5,,,,ochoa_cinta,,2025_05_08/11_14_52_0/1,single_fish
2025_05_08,11_14_52_0,11_14_52_0,frame_587,0,255,1,1,True,False,True,1.0928773880004885,False,[],,,,,,,33.5,,,,ochoa_cinta,,2025_05_08/11_14_52_0/1,single_fish
2025_05_08,11_14_52_0,11_14_52_0,frame_588,0,255,1,1,True,False,True,1.0552947521209717,False,[],,,,,,,33.5,,,,ochoa_cinta,,2025_05_08/11_14_52_0/1,single_fish
2025_05_08,11_14_52_0,11_14_52_0,frame_589,0,255,1,1,True,False,True,1.003227949142456,False,[],,,,,,,33.5,,,,ochoa_cinta,,2025_05_08/11_14_52_0/1,single_fish
2025_05_08,11_14_52_0,11_14_52_0,frame_590,0,255,1,1,True,False,True,1.0257450342178345,False,[],,,,,,,33.5,,,,ochoa_cinta,,2025_05_08/11_14_52_0/1,single_fish
2025_05_08,11_14_52_0,11_14_52_0,frame_591,0,255,1,1,True,False,True,1.0421226024627686,False,[],,,,,,,33.5,,,,ochoa_cinta,,2025_05_08/11_14_52_0/1,single_fish
2025_05_08,11_14_52_0,11_14_52_0,frame_592,0,255,1,1,True,False,True,1.0478039979934692,False,[],,,,,,,33.5,,,,ochoa_cinta,,2025_05_08/11_14_52_0/1,single_fish
2025_05_08,11_14_52_0,11_14_52_0,frame_593,0,255,1,1,True,False,True,1.0497161149978638,False,[],,,,,,,33.5,,,,ochoa_cinta,,2025_05_08/11_14_52_0/1,single_fish
2025_05_08,11_14_52_0,11_14_52_0,frame_594,0,255,1,1,True,False,True,1.0443223714828491,False,[],,,,,,,33.5,,,,ochoa_cinta,,2025_05_08/11_14_52_0/1,single_fish
2025_05_08,11_14_52_0,11_14_52_0,frame_595,0,255,1,1,True,False,True,1.0530754327774048,False,[],,,,,,,33.5,,,,ochoa_cinta,,2025_05_08/11_14_52_0/1,single_fish
2025_05_08,11_14_52_0,11_14_52_0,frame_596,0,255,1,1,True,False,True,1.049992918968201,False,[],,,,,,,33.5,,,,ochoa_cinta,,2025_05_08/11_14_52_0/1,single_fish
2025_05_08,11_14_52_0,11_14_52_0,frame_597,0,255,1,1,True,False,True,1.042085886001587,False,[],,,,,,,33.5,,,,ochoa_cinta,,2025_05_08/11_14_52_0/1,single_fish
2025_05_08,11_14_52_0,11_14_52_0,frame_598,0,255,1,1,True,False,True,1.0176841020584106,False,[],,,,,,,33.5,,,,ochoa_cinta,,2025_05_08/11_14_52_0/1,single_fish
2025_05_08,11_14_52_0,11_14_52_0,frame_599,0,255,1,1,True,False,True,1.0032947063446045,False,[],,,,,,,33.5,,,,ochoa_cinta,,2025_05_08/11_14_52_0/1,single_fish
2025_05_08,11_14_52_0,11_14_52_0,frame_600,0,255,1,1,True,False,True,1.0079551935195925,False,[],,,,,,,33.5,,,,ochoa_cinta,,2025_05_08/11_14_52_0/1,single_fish
2025_05_08,11_14_52_0,11_14_52_0,frame_601,0,255,1,1,True,False,True,1.0127763748168943,False,[],,,,,,,33.5,,,,ochoa_cinta,,2025_05_08/11_14_52_0/1,single_fish
2025_05_08,11_14_52_0,11_14_52_0,frame_602,0,255,1,1,True,False,True,1.0200659036636353,False,[],,,,,,,33.5,,,,ochoa_cinta,,2025_05_08/11_14_52_0/1,single_fish
2025_05_08,11_14_52_0,11_14_52_0,frame_603,0,255,1,1,True,False,True,1.0222283601760864,False,[],,,,,,,33.5,,,,ochoa_cinta,,2025_05_08/11_14_52_0/1,single_fish
2025_05_08,11_14_52_0,11_14_52_0,frame_604,0,255,1,1,True,False,True,1.0337580442428589,False,[],,,,,,,33.5,,,,ochoa_cinta,,2025_05_08/11_14_52_0/1,single_fish
2025_05_08,11_14_52_0,11_14_52_0,frame_605,0,255,1,1,True,False,True,1.0715540647506714,False,[],,,,,,,33.5,,,,ochoa_cinta,,2025_05_08/11_14_52_0/1,single_fish
2025_05_08,11_14_52_0,11_14_52_0,frame_606,0,255,1,1,True,False,True,1.1298885345458984,False,[],,,,,,,33.5,,,,ochoa_cinta,,2025_05_08/11_14_52_0/1,single_fish
2025_05_08,11_14_52_0,11_14_52_0,frame_607,0,255,1,1,True,False,True,1.1982362270355225,False,[],,,,,,,33.5,,,,ochoa_cinta,,2025_05_08/11_14_52_0/1,single_fish
2025_05_08,11_14_52_0,11_14_52_0,frame_608,0,255,1,1,True,False,True,1.2335044145584106,False,[],,,,,,,33.5,,,,ochoa_cinta,,2025_05_08/11_14_52_0/1,single_fish
2025_05_08,11_14_52_0,11_14_52_0,frame_609,0,255,1,1,True,False,True,1.2786290645599363,False,[],,,,,,,33.5,,,,ochoa_cinta,,2025_05_08/11_14_52_0/1,single_fish
2025_05_08,11_14_52_0,11_14_52_0,frame_610,0,255,1,1,True,False,True,1.303707480430603,False,[],,,,,,,33.5,,,,ochoa_cinta,,2025_05_08/11_14_52_0/1,single_fish
2025_05_08,11_14_52_0,11_14_52_0,frame_611,0,255,1,1,False,False,True,1.2934226989746094,False,[],,,,,,,33.5,,,,ochoa_cinta,,2025_05_08/11_14_52_0/1,single_fish
2025_05_08,11_14_52_0,11_14_52_0,frame_612,0,255,1,1,False,False,True,1.3017524480819702,False,[],,,,,,,33.5,,,,ochoa_cinta,,2025_05_08/11_14_52_0/1,single_fish
2025_05_08,11_14_52_0,11_14_52_0,frame_613,0,255,1,1,False,False,True,1.2488245964050293,False,[],,,,,,,33.5,,,,ochoa_cinta,,2025_05_08/11_14_52_0/1,single_fish
2025_05_08,11_14_52_0,11_14_52_0,frame_614,0,255,1,1,False,False,True,1.2406611442565918,False,[],,,,,,,33.5,,,,ochoa_cinta,,2025_05_08/11_14_52_0/1,single_fish
2025_05_08,11_14_52_0,11_14_52_0,frame_615,0,255,1,1,False,False,True,1.1958025693893433,False,[],,,,,,,33.5,,,,ochoa_cinta,,2025_05_08/11_14_52_0/1,single_fish
2025_05_08,11_14_52_0,11_14_52_0,frame_616,0,255,1,1,False,False,True,1.1850954294204712,False,[],,,,,,,33.5,,,,ochoa_cinta,,2025_05_08/11_14_52_0/1,single_fish
2025_05_08,11_14_52_0,11_14_52_0,frame_617,0,255,1,1,False,False,True,1.23835289478302,False,[],,,,,,,33.5,,,,ochoa_cinta,,2025_05_08/11_14_52_0/1,single_fish
2025_05_08,11_14_52_0,11_14_52_0,frame_618,0,255,1,1,False,False,True,1.482509732246399,False,[],,,,,,,33.5,,,,ochoa_cinta,,2025_05_08/11_14_52_0/1,single_fish
2025_05_08,11_14_52_0,11_14_52_0,frame_619,0,255,1,1,False,False,True,1.5231287479400637,False,[],,,,,,,33.5,,,,ochoa_cinta,,2025_05_08/11_14_52_0/1,single_fish
2025_05_08,11_14_52_0,11_14_52_0,frame_620,0,255,1,1,False,False,True,1.6703007221221924,False,[],,,,,,,33.5,,,,ochoa_cinta,,2025_05_08/11_14_52_0/1,single_fish
2025_05_08,11_14_52_0,11_14_52_0,frame_621,0,255,1,1,False,False,True,1.924452900886536,False,[],,,,,,,33.5,,,,ochoa_cinta,,2025_05_08/11_14_52_0/1,single_fish
2025_05_08,11_14_52_0,11_14_52_0,frame_622,0,255,1,1,False,False,True,0.0,False,[],[    0.40419     0.23542     0.88386],26.20458957061892,91.56984363246076,1.7300181799619758,0.2381182801244854,0.2395258911433112,33.5,9.68817198755146,28.91991638075062,1.2793147773907625,ochoa_cinta,,2025_05_08/11_14_52_0/1,single_fish
2025_05_08,11_14_52_0,11_14_52_0,frame_623,0,255,1,1,False,False,True,0.0,False,[],[    0.39598     0.22475     0.89033],26.277004113413295,89.13848408913229,1.7214544864442578,0.2565068214056587,0.2635336935018351,33.5,7.849317859434127,23.430799580400382,1.295911187158681,ochoa_cinta,,2025_05_08/11_14_52_0/1,single_fish
2025_05_08,11_14_52_0,11_14_52_0,frame_625,0,255,1,1,False,False,True,0.0,False,[],[    0.39029     0.22884      0.8918],24.875029110533603,89.87553691601015,1.7609540198256937,0.2736992886188277,0.2705063676484739,33.5,6.130071138117231,18.298719815275305,1.3132452127197023,ochoa_cinta,,2025_05_08/11_14_52_0/1,single_fish
2025_05_08,11_14_52_0,11_14_52_0,frame_626,0,255,1,1,False,False,True,0.0,False,[],[    0.38995      0.2314     0.89129],25.36935766636923,91.06156305067762,1.7776163358270456,0.287786103996079,0.2802756171761209,33.5,4.721389600392097,14.093700299677897,1.3159536470511022,ochoa_cinta,,2025_05_08/11_14_52_0/1,single_fish
2025_05_08,11_14_52_0,11_14_52_0,frame_627,0,255,1,1,False,False,True,0.0,False,[],[    0.39219     0.22023     0.89313],25.986910104188468,92.79670657702304,1.7798178338903043,0.2918800699088338,0.294847943927612,33.5,4.31199300911662,12.871620922736168,1.3135413177908724,ochoa_cinta,,2025_05_08/11_14_52_0/1,single_fish
2025_05_08,11_14_52_0,11_14_52_0,frame_628,0,255,1,1,False,False,True,0.0,False,[],[     0.3885      0.2258     0.89336],27.47775381052,94.76227386958776,1.7623147746380028,0.2915360518598978,0.2895284546768727,33.5,4.346394814010221,12.974312877642443,1.3090610317281774,ochoa_cinta,,2025_05_08/11_14_52_0/1,single_fish
2025_05_08,11_14_52_0,11_14_52_0,frame_629,0,255,1,1,False,False,True,1.9612038135528564,False,[],,,,,,,33.5,,,,ochoa_cinta,,2025_05_08/11_14_52_0/1,single_fish
2025_05_08,11_14_52_0,11_14_52_0,frame_630,0,255,1,1,False,False,True,1.750947117805481,False,[],,,,,,,33.5,,,,ochoa_cinta,,2025_05_08/11_14_52_0/1,single_fish
2025_05_08,11_14_52_0,11_14_52_0,frame_631,0,255,1,1,False,False,True,1.6280877590179443,False,[],,,,,,,33.5,,,,ochoa_cinta,,2025_05_08/11_14_52_0/1,single_fish
2025_05_08,11_14_52_0,11_14_52_0,frame_632,0,255,1,1,False,False,True,1.5079693794250488,False,[],,,,,,,33.5,,,,ochoa_cinta,,2025_05_08/11_14_52_0/1,single_fish
2025_05_08,11_14_52_0,11_14_52_0,frame_633,0,255,1,1,False,False,True,1.3710200786590576,False,[],,,,,,,33.5,,,,ochoa_cinta,,2025_05_08/11_14_52_0/1,single_fish
2025_05_08,11_14_52_0,11_14_52_0,frame_634,0,255,1,1,False,False,True,1.3490546941757202,False,[],,,,,,,33.5,,,,ochoa_cinta,,2025_05_08/11_14_52_0/1,single_fish
2025_05_08,11_14_52_0,11_14_52_0,frame_635,0,255,1,1,False,False,True,1.4346407651901243,False,[],,,,,,,33.5,,,,ochoa_cinta,,2025_05_08/11_14_52_0/1,single_fish
2025_05_08,11_14_52_0,11_14_52_0,frame_636,0,255,1,1,False,False,True,1.4342960119247437,False,[],,,,,,,33.5,,,,ochoa_cinta,,2025_05_08/11_14_52_0/1,single_fish
2025_05_08,11_14_52_0,11_14_52_0,frame_637,0,255,1,1,False,False,True,1.4604779481887815,False,[],,,,,,,33.5,,,,ochoa_cinta,,2025_05_08/11_14_52_0/1,single_fish
2025_05_08,11_14_52_0,11_14_52_0,frame_638,0,255,1,1,False,False,True,1.3128935098648071,False,[],,,,,,,33.5,,,,ochoa_cinta,,2025_05_08/11_14_52_0/1,single_fish
2025_05_08,11_14_52_0,11_14_52_0,frame_639,0,255,1,1,False,False,True,1.2613064050674438,False,[],,,,,,,33.5,,,,ochoa_cinta,,2025_05_08/11_14_52_0/1,single_fish
2025_05_08,11_14_52_0,11_14_52_0,frame_640,0,255,1,1,False,False,True,1.169977784156799,False,[],,,,,,,33.5,,,,ochoa_cinta,,2025_05_08/11_14_52_0/1,single_fish
2025_05_08,11_14_52_0,11_14_52_0,frame_641,0,255,1,1,False,False,True,1.0955883264541626,False,[],,,,,,,33.5,,,,ochoa_cinta,,2025_05_08/11_14_52_0/1,single_fish
2025_05_08,11_14_52_0,11_14_52_0,frame_642,0,255,1,1,False,False,True,1.0874128341674805,False,[],,,,,,,33.5,,,,ochoa_cinta,,2025_05_08/11_14_52_0/1,single_fish
2025_05_08,11_14_52_0,11_14_52_0,frame_643,0,255,1,1,False,False,True,1.1107136011123655,False,[],,,,,,,33.5,,,,ochoa_cinta,,2025_05_08/11_14_52_0/1,single_fish
2025_05_08,11_14_52_0,11_14_52_0,frame_644,0,255,1,1,False,False,True,1.1265069246292114,False,[],,,,,,,33.5,,,,ochoa_cinta,,2025_05_08/11_14_52_0/1,single_fish
2025_05_08,11_14_52_0,11_14_52_0,frame_645,0,255,1,1,False,False,True,1.1638950109481812,False,[],,,,,,,33.5,,,,ochoa_cinta,,2025_05_08/11_14_52_0/1,single_fish
2025_05_08,11_14_52_0,11_14_52_0,frame_646,0,255,1,1,False,False,True,1.210102677345276,False,[],,,,,,,33.5,,,,ochoa_cinta,,2025_05_08/11_14_52_0/1,single_fish
2025_05_08,11_14_52_0,11_14_52_0,frame_647,0,255,1,1,False,False,True,1.2324904203414917,False,[],,,,,,,33.5,,,,ochoa_cinta,,2025_05_08/11_14_52_0/1,single_fish
2025_05_08,11_14_52_0,11_14_52_0,frame_648,0,255,1,1,False,False,True,1.2031506299972534,False,[],,,,,,,33.5,,,,ochoa_cinta,,2025_05_08/11_14_52_0/1,single_fish
2025_05_08,11_14_52_0,11_14_52_0,frame_649,0,255,1,1,False,False,True,1.3015334606170654,False,[],,,,,,,33.5,,,,ochoa_cinta,,2025_05_08/11_14_52_0/1,single_fish
2025_05_08,11_14_52_0,11_14_52_0,frame_650,0,255,1,1,False,False,True,1.3534575700759888,False,[],,,,,,,33.5,,,,ochoa_cinta,,2025_05_08/11_14_52_0/1,single_fish
2025_05_08,11_14_52_0,11_14_52_0,frame_651,0,255,1,1,False,False,True,1.2879613637924194,False,[],,,,,,,33.5,,,,ochoa_cinta,,2025_05_08/11_14_52_0/1,single_fish
2025_05_08,11_14_52_0,11_14_52_0,frame_652,0,255,1,1,True,False,True,1.287302017211914,False,[],,,,,,,33.5,,,,ochoa_cinta,,2025_05_08/11_14_52_0/1,single_fish
2025_05_08,11_14_52_0,11_14_52_0,frame_653,0,255,1,1,True,False,True,1.3245842456817627,False,[],,,,,,,33.5,,,,ochoa_cinta,,2025_05_08/11_14_52_0/1,single_fish
2025_05_08,11_14_52_0,11_14_52_0,frame_654,0,255,1,1,True,False,True,1.353718638420105,False,[],,,,,,,33.5,,,,ochoa_cinta,,2025_05_08/11_14_52_0/1,single_fish
2025_05_08,11_14_52_0,11_14_52_0,frame_655,0,255,1,1,True,False,True,1.369576096534729,False,[],,,,,,,33.5,,,,ochoa_cinta,,2025_05_08/11_14_52_0/1,single_fish
2025_05_08,11_14_52_0,11_14_52_0,frame_656,0,255,1,1,True,False,True,1.369999647140503,False,[],,,,,,,33.5,,,,ochoa_cinta,,2025_05_08/11_14_52_0/1,single_fish
2025_05_08,11_14_52_0,11_14_52_0,frame_657,0,255,1,1,True,False,True,1.3736761808395386,False,[],,,,,,,33.5,,,,ochoa_cinta,,2025_05_08/11_14_52_0/1,single_fish
2025_05_08,11_14_52_0,11_14_52_0,frame_658,0,255,1,1,False,False,True,1.3237683773040771,False,[],,,,,,,33.5,,,,ochoa_cinta,,2025_05_08/11_14_52_0/1,single_fish
2025_05_08,11_14_52_0,11_14_52_0,frame_659,0,255,1,1,False,False,True,1.2695285081863403,False,[],,,,,,,33.5,,,,ochoa_cinta,,2025_05_08/11_14_52_0/1,single_fish
2025_05_08,11_14_52_0,11_14_52_0,frame_660,0,255,1,1,False,False,True,1.2482532262802124,False,[],,,,,,,33.5,,,,ochoa_cinta,,2025_05_08/11_14_52_0/1,single_fish
2025_05_08,11_14_52_0,11_14_52_0,frame_661,0,255,1,1,False,False,True,1.2255020141601562,False,[],,,,,,,33.5,,,,ochoa_cinta,,2025_05_08/11_14_52_0/1,single_fish
2025_05_08,11_14_52_0,11_14_52_0,frame_662,0,255,1,1,False,False,True,1.2173346281051636,False,[],,,,,,,33.5,,,,ochoa_cinta,,2025_05_08/11_14_52_0/1,single_fish
2025_05_08,11_14_52_0,11_14_52_0,frame_663,0,255,1,1,False,False,True,1.214002013206482,False,[],,,,,,,33.5,,,,ochoa_cinta,,2025_05_08/11_14_52_0/1,single_fish
2025_05_08,11_14_52_0,11_14_52_0,frame_664,0,255,1,1,False,False,True,1.2001863718032837,False,[],,,,,,,33.5,,,,ochoa_cinta,,2025_05_08/11_14_52_0/1,single_fish
2025_05_08,11_14_52_0,11_14_52_0,frame_665,0,255,1,1,False,False,True,1.1686124801635742,False,[],,,,,,,33.5,,,,ochoa_cinta,,2025_05_08/11_14_52_0/1,single_fish
