frame_id,class_name,object_id,track_id,is_3D_complete,in_image_borders,does_overlap,is_front_fish,aspect_ratio,fish_3d_ok,overlapping_fish_ids,fish_direction,elevation_deg,azimuth_deg,raw_length,filtered_length,spine_length,gt,abs_error_cm,rel_error_%,fish_dist_from_camera
frame_0,0,255,1,-1,False,False,True,1.2258065,False,[],,64.50617363644106,-136.2702524470423,-1,0.1644677060948642,0.1697927041318041,28.9,12.45322939051357,43.09075913672516,1.7730712948618708
frame_1,0,255,1,-1,False,False,True,1.6007768,False,[],,56.245739289938825,-162.85903165783398,-1,0.2250039476267147,0.2637843401170122,28.9,6.399605237328526,22.143962758922235,1.8092525820601677
frame_2,0,255,1,-1,False,False,True,1.5262703,False,[],,-30.54511565250202,5.620938286789154,-1,0.1443560698054875,0.140864483414995,28.9,14.464393019451244,50.04980283547143,1.8425299143022107
frame_3,0,255,1,-1,False,False,True,1.3636647,False,[],,67.3647499671552,-150.56144206924463,-1,0.272888378434287,0.28562907931305,28.9,1.611162156571294,5.574955559070222,1.812376306170509
frame_4,0,255,1,-1,False,False,True,1.2117361,False,[],,73.23077459255661,-139.95771225233725,-1,0.2524224390606451,0.2629728190886983,28.9,3.657756093935488,12.656595480745631,1.8140733465153904
frame_5,0,255,1,-1,False,False,True,1.0075262,False,[],,75.21281379840512,-124.88589586538797,-1,0.2789000558888266,0.2685875198089654,28.9,1.0099944111173376,3.4947903498869817,1.8061319102411684
frame_6,0,255,1,-1,False,False,True,1.1938455,False,[],,74.32436706885487,-112.18477877938687,-1,0.253624462604711,0.2745187129913237,28.9,3.5375537395288923,12.240670378992707,1.7980195809690371
frame_7,0,255,1,-1,False,False,True,1.38058,False,[],,72.33285318440852,-105.74862204136672,-1,0.2528099383262621,0.2508224656076533,28.9,3.619006167373789,12.522512689874704,1.790394179421182
frame_8,0,255,1,-1,False,False,True,1.6337929,False,[],,71.43542256411806,-97.97371545194198,-1,0.2568734801665799,0.2595230630870849,28.9,3.2126519833420017,11.116442848934264,1.7758873190433198
frame_9,0,255,1,-1,False,False,True,2.0101233,True,[],,66.81184456616626,-94.5244931476114,-1,0.2010399589715596,0.2153894205415839,28.9,8.79600410284403,30.436000355861697,1.7557492451361048
frame_10,0,255,1,-1,False,False,True,2.153633,True,[],,77.10972489379944,-88.52011342242452,-1,0.2972446285837091,0.3389466210576365,28.9,0.8244628583709168,2.852812658722896,1.7822112541440347
frame_11,0,255,1,-1,False,False,True,2.0878673,True,[],,-35.311505244524575,112.96100245279524,-1,0.1066804457807717,0.1000180686726454,28.9,18.231955421922823,63.08635094090943,1.7010674619357495
frame_12,0,255,1,-1,False,False,True,1.9908435,True,[],,49.30886072704419,-57.20780694852302,-1,0.1132393067379073,0.1070528866258033,28.9,17.57606932620926,60.81684887961683,1.7054209783852818
frame_13,0,255,1,-1,False,False,True,1.8165421,True,[],,44.610443439675215,-72.6208748399223,-1,0.1555743366942039,0.1956455781815957,28.9,13.342566330579604,46.16804958678063,1.7266286814631349
frame_14,0,255,1,-1,False,False,True,1.6467818,False,[],,58.323990252342576,-52.24341127881868,-1,0.1702484914226558,0.1647469251092223,28.9,11.875150857734411,41.09048739700489,1.7253396450936258
frame_15,0,255,1,-1,False,False,True,1.5395727,False,[],,42.76223689093106,-57.50659805022652,-1,0.1338973706250035,0.1637281481049343,28.9,15.510262937499649,53.66872988754204,1.7157017433751385
frame_16,0,255,1,-1,False,False,True,1.4996,False,[],,60.55138383383376,-38.13644277030221,-1,0.2119688081397981,0.2144260892875703,28.9,7.703119186020185,26.654391647128666,1.7129789281589716
frame_17,0,255,1,-1,False,False,True,1.3868891,False,[],,64.51647138259518,-47.69178406592896,-1,0.2571243588605336,0.2444382137528319,28.9,3.187564113946633,11.029633612272088,1.747077850136012
frame_18,0,255,1,-1,False,False,True,1.3170272,False,[],,54.165788852196016,-44.21632898727541,-1,0.1502387290526234,0.1592816547106454,28.9,13.876127094737653,48.01428060462855,1.7336552868638824
frame_19,0,255,1,-1,False,False,True,1.186494,False,[],,51.67080814671371,-45.03586866663155,-1,0.1703331090205719,0.1550710826129731,28.9,11.8666890979428,41.06120795135917,1.7309117506893117
frame_20,0,255,1,-1,False,False,True,1.2462133,False,[],,50.387799876937,-47.28220792589713,-1,0.1484713039966241,0.1562396222380201,28.9,14.052869600337589,48.62584636795013,1.734875726449239
frame_21,0,255,1,-1,False,False,True,1.266226,False,[],,61.23065673408905,-44.02669834129773,-1,0.2425049440302877,0.2309279818111671,28.9,4.6495055969712205,16.08825466080007,1.7430488932989314
frame_22,0,255,1,-1,False,False,True,1.273772,False,[],,62.48386790198416,-37.56932134893261,-1,0.2630833019137126,0.2584260564827565,28.9,2.5916698086287324,8.967715600791463,1.761683769134122
frame_23,0,255,1,-1,False,False,True,1.2669737,False,[],,55.45400840477289,-37.2284991107784,-1,0.2048783033099606,0.2244441478932402,28.9,8.412169669003939,29.10785352596519,1.7350002716350823
frame_24,0,255,1,-1,False,False,True,1.2029864,False,[],,64.35937556335057,-31.144666116378847,-1,0.2534349592727623,0.2650700445186465,28.9,3.5565040727237704,12.306242466172217,1.7571878336701798
frame_25,0,255,1,-1,False,False,True,1.1411072,False,[],,64.21230818034263,-33.929350028419464,-1,0.2551717894586895,0.248940548999117,28.9,3.382821054131041,11.705263163083186,1.7693671152402584
frame_26,0,255,1,-1,False,False,True,1.1183462,False,[],,64.14713588365711,-32.43709033518261,-1,0.2434326145783536,0.2489780236779072,28.9,4.556738542164634,15.767261391573127,1.778208274449875
frame_27,0,255,1,-1,False,False,True,1.0341489,False,[],,66.27134514042555,-27.19351659484812,-1,0.2557155711227004,0.2805572983928517,28.9,3.32844288772996,11.517103417750729,1.7813736638947637
frame_28,0,255,1,-1,False,False,True,1.093914,False,[],,63.56310042396236,-26.4887213570931,-1,0.2767663391549664,0.2611859609980764,28.9,1.2233660845033578,4.233100638419924,1.7587297616973716
frame_29,0,255,1,-1,False,False,True,1.0171179,False,[],,62.78223024278922,-31.274039734855823,-1,0.219258108809693,0.223895088092484,28.9,6.974189119030699,24.132142280383043,1.772461393453779
frame_30,0,255,1,-1,False,False,True,1.0388682,False,[],,43.84968184210517,-38.57455286135161,-1,0.1759942010463766,0.188255406804971,28.9,11.300579895362334,39.10235257910843,1.7360214918994448
frame_31,0,255,1,-1,False,False,True,1.0684683,False,[],,49.44442999755438,-38.10927288035907,-1,0.2131616480221463,0.2136677320284268,28.9,7.583835197785365,26.241644282994347,1.7464620942957918
frame_32,0,255,1,-1,False,False,True,1.0385505,False,[],,54.06136504178885,-33.03676151505489,-1,0.2104352466457417,0.2089932066597641,28.9,7.856475335425822,27.185035762719107,1.7538227921188474
frame_33,0,255,1,-1,False,False,True,1.0054907,False,[],,60.79238367065945,-30.50463621010331,-1,0.219697864022502,0.2304843032338908,28.9,6.930213597749796,23.979977846885102,1.768741879693658
frame_34,0,255,1,-1,False,False,True,1.077228,False,[],,60.95872437823387,-28.141460254841377,-1,0.2247825579246924,0.2285952212852156,28.9,6.421744207530749,22.220568192147923,1.7749802561242178
frame_35,0,255,1,-1,False,False,True,1.0722347,False,[],,60.82919983209211,-30.62775327015663,-1,0.2541457941893308,0.2480612139475905,28.9,3.4854205810669168,12.060278827221168,1.7784619407289346
frame_36,0,255,1,-1,False,False,True,1.1051247,False,[],,58.81238734622036,-34.42186880723079,-1,0.2550164781320709,0.2569313493595692,28.9,3.398352186792902,11.759004106549837,1.773230446957106
frame_37,0,255,1,-1,False,False,True,1.1211286,False,[],,62.56463869919274,-26.741368512983808,-1,0.2615959176523859,0.270051691084175,28.9,2.74040823476141,9.482381435160589,1.7964685607504296
frame_38,0,255,1,-1,False,False,True,1.0904326,False,[],,61.78247648873049,-27.4787556030497,-1,0.2737827021604502,0.2833375773146961,28.9,1.5217297839549782,5.265500982543178,1.7987597577820411
frame_39,0,255,1,-1,False,False,True,1.0886984,False,[],,62.58564243434805,-24.11579226946741,-1,0.2760250328104729,0.2799652334392585,28.9,1.297496718952701,4.489608024057789,1.804444539713305
frame_40,0,255,1,-1,False,False,True,1.0821534,False,[],,62.87588183333674,-23.996592650308475,-1,0.2688594476527759,0.2770854328228139,28.9,2.014055234722406,6.969049255094831,1.808857537150496
frame_41,0,255,1,-1,False,False,True,1.0789969,False,[],,63.77992314146972,-22.692175455303666,-1,0.2713447745731339,0.2820617002146748,28.9,1.7655225426866097,6.109074542168199,1.8107431150288973
frame_42,0,255,1,-1,False,False,True,1.086259,False,[],,62.25269309798509,-26.00512496857382,-1,0.2741328573575463,0.290661310180557,28.9,1.4867142642453646,5.144340014689843,1.8012608903330296
frame_43,0,255,1,-1,False,False,True,1.0799752,False,[],,64.74490353754217,-18.902141962418074,-1,0.3053930795639072,0.2849561324572548,28.9,1.639307956390729,5.672345869864113,1.808566980532732
frame_44,0,255,1,-1,False,False,True,1.0934415,False,[],,63.12716275608371,-21.855266245506545,-1,0.277857387887352,0.2832045967120369,28.9,1.1142612112647945,3.855575125483717,1.8069584569123789
frame_45,0,255,1,-1,False,False,True,1.093446,False,[],,59.487249298102576,-23.84971615783008,-1,0.2817463123576844,0.2737987075949424,28.9,0.7253687642315543,2.509926519832368,1.8023793938173016
frame_46,0,255,1,-1,False,False,True,1.1100461,False,[],,63.306123291047655,-20.133992451224373,-1,0.3126880978585751,0.2987309511126128,28.9,2.368809785857512,8.196573653486201,1.8067449923634424
frame_47,0,255,1,-1,False,False,True,1.148841,False,[],,61.612367972850365,-21.878616444159,-1,0.2641655409255594,0.2534063227419453,28.9,2.483445907444054,8.59323843406247,1.810106300300276
frame_48,0,255,1,-1,False,False,True,1.1522664,False,[],,60.41219004147137,-24.245486092224343,-1,0.2661241175338886,0.2702487045762538,28.9,2.287588246611133,7.915530265090426,1.8112894174296887
frame_49,0,255,1,-1,False,False,True,1.1744289,False,[],,59.62032268761244,-23.748177709208413,-1,0.2664086160011818,0.2786632988057363,28.9,2.259138399881816,7.817087888864414,1.8146548295041809
frame_50,0,255,1,-1,False,False,True,1.1826457,False,[],,58.12203101953107,-26.56186740130174,-1,0.2575421270653519,0.2587615732707883,28.9,3.145787293464802,10.885077140016616,1.807672673901478
frame_51,0,255,1,-1,False,False,True,1.1561363,False,[],,58.51487846340506,-25.937390150580004,-1,0.2887893690781027,0.2742327832514646,28.9,0.021063092189727,0.0728826719367716,1.8058074766293672
frame_52,0,255,1,-1,False,False,True,1.1323898,False,[],,60.163824637895246,-20.13434105020588,-1,0.2751679332073511,0.288342117520417,28.9,1.3832066792648867,4.78618228119338,1.807265458320703
frame_53,0,255,1,-1,False,False,True,1.1625298,False,[],,59.018055315877056,-18.77775971989445,-1,0.2639575332111423,0.26363900396809,28.9,2.504246678885763,8.665213421750046,1.8040817862850125
frame_54,0,255,1,-1,False,False,True,1.1279147,False,[],,56.9634573374439,-22.30629117935303,-1,0.278439605018111,0.2784268424402736,28.9,1.0560394981888932,3.654115910688212,1.801896517899256
frame_55,0,255,1,-1,False,False,True,1.1383436,False,[],,58.27730961979488,-25.05224020994643,-1,0.3011871025040837,0.2998275659161271,28.9,1.218710250408378,4.216990485842138,1.8131638171942448
frame_56,0,255,1,-1,False,False,True,1.1198673,False,[],,48.41970138353692,-23.64528735293153,-1,0.2171441036917754,0.2346676399437835,28.9,7.1855896308224585,24.863631940562144,1.793990878909347
frame_57,0,255,1,-1,False,False,True,1.1514467,False,[],,53.2586915897651,-20.934331127641983,-1,0.2527674548555478,0.2595873231605514,28.9,3.623254514445212,12.5372128527516,1.8014469437329277
frame_58,0,255,1,-1,False,False,True,1.2427354,False,[],,52.07990647483702,-18.488258441412377,-1,0.2338018241180852,0.2547983972217565,28.9,5.519817588191472,19.099714838032774,1.803315718682836
frame_59,0,255,1,-1,False,False,True,1.306537,False,[],,51.56838712888917,-20.42381506415863,-1,0.2515564248276412,0.2517260058193782,28.9,3.74435751723588,12.956254384899236,1.803092450426336
frame_60,0,255,1,-1,False,False,True,1.3491114,False,[],,53.80496544756091,-17.98914809865252,-1,0.2778389484652439,0.2688853257389103,28.9,1.116105153475605,3.861955548358495,1.811436437355482
frame_61,0,255,1,-1,False,False,True,1.3901886,False,[],,56.86782904879429,-15.295037741085965,-1,0.2782355202155138,0.2749921340619501,28.9,1.0764479784486192,3.7247334894415887,1.818906413855278
frame_62,0,255,1,-1,False,False,True,1.3805611,False,[],,53.11958626304898,-19.49129433358412,-1,0.2984081747979452,0.2791842401228113,28.9,0.9408174797945256,3.25542380551739,1.8202395758458547
frame_63,0,255,1,-1,False,False,True,1.3761221,False,[],,54.75692654984916,-16.48885401705128,-1,0.2860358324297181,0.2852494978914022,28.9,0.2964167570281895,1.0256635191286834,1.8202442934863456
frame_64,0,255,1,-1,False,False,True,1.4355229,False,[],,53.0201842619806,-18.570892277101656,-1,0.2978495218888273,0.2887663294443786,28.9,0.8849521888827316,3.0621183006322896,1.816816024872697
frame_65,0,255,1,-1,False,False,True,1.4851528,False,[],,52.24469953721276,-16.320882056633597,-1,0.2661655387215196,0.270283893818075,28.9,2.2834461278480376,7.901197674214663,1.8318377987382373
frame_66,0,255,1,-1,False,False,True,1.5190719,False,[],,53.69507318253694,-17.047641295416074,-1,0.2748325272902474,0.26897218302498,28.9,1.4167472709752549,4.9022396919559,1.827683785922236
frame_67,0,255,1,-1,False,False,True,1.4544294,False,[],,54.79185574598159,-16.08265733203704,-1,0.3123912211828048,0.294229765474135,28.9,2.3391221182804847,8.093848160140086,1.8341471914690743
frame_68,0,255,1,-1,False,False,True,1.4149678,False,[],,57.01969501295872,-16.646752477290242,-1,0.3099926293687356,0.2989321427452159,28.9,2.099262936873564,7.263885594718215,1.8370140161074648
frame_69,0,255,1,-1,False,False,True,1.3936989,False,[],,56.0746624989641,-16.15495179943498,-1,0.2937091285858451,0.2943143835694119,28.9,0.4709128585845101,1.62945625807789,1.8387738819135664
frame_70,0,255,1,-1,False,False,True,1.405963,False,[],,54.90085607642723,-15.672027088139073,-1,0.2787568903837527,0.2997201780120413,28.9,1.0243109616247248,3.544328586936764,1.8264795382131
frame_71,0,255,1,-1,False,False,True,1.4296166,False,[],,54.85027271902934,-16.874003609555263,-1,0.3021594997759502,0.2977816104053,28.9,1.3159499775950267,4.553460130086598,1.8334977045164005
frame_72,0,255,1,-1,False,False,True,1.4709102,False,[],,53.6674844238045,-17.857525939752914,-1,0.2847680445354543,0.2903295361216356,28.9,0.4231955464545633,1.4643444513998731,1.833953487202059
frame_73,0,255,1,-1,False,False,True,1.4454166,False,[],,53.16407344936544,-17.94504496585202,-1,0.251526838120282,0.2663777538179759,28.9,3.7473161879718,12.966491999902422,1.838404391137816
frame_74,0,255,1,-1,False,False,True,1.4263376,False,[],,56.02755987443371,-18.25974301568848,-1,0.2756672333189915,0.2821346583166264,28.9,1.3332766681008412,4.613414076473499,1.8335583596112384
frame_75,0,255,1,-1,False,False,True,1.3872554,False,[],,54.97442237453731,-18.25392817061924,-1,0.281951417806807,0.2881303863985583,28.9,0.7048582193192987,2.438955776191345,1.832133966312918
frame_76,0,255,1,-1,False,False,True,1.3513572,False,[],,57.42942425104941,-18.640724782141454,-1,0.2753189632668062,0.2787031681799884,28.9,1.3681036733193708,4.733922745049727,1.8317578114333444
frame_77,0,255,1,-1,False,False,True,1.3758408,False,[],,58.84879467782987,-17.7702228779825,-1,0.3061787982253379,0.3002396832265124,28.9,1.717879822533791,5.94422083921727,1.8228203511094905
frame_78,0,255,1,-1,False,False,True,1.37915,False,[],,59.1965729399026,-17.009692669530057,-1,0.2876521350974896,0.2970546388095645,28.9,0.134786490251032,0.4663892396229483,1.8234282841938332
frame_79,0,255,1,-1,False,False,True,1.3804431,False,[],,57.81449957271245,-18.33230251419322,-1,0.2746469284187014,0.2776053674519705,28.9,1.435307158129856,4.966460754774588,1.8154955270350543
frame_80,0,255,1,-1,False,False,True,1.403082,False,[],,58.16799787486882,-18.487993487551208,-1,0.3024170348556501,0.3054641001076355,28.9,1.34170348556501,4.642572614411799,1.8134069370878472
frame_81,0,255,1,-1,False,False,True,1.3907572,False,[],,57.44505542628832,-18.732592304910508,-1,0.2847935205885292,0.287125860238285,28.9,0.4206479411470731,1.4555292081213604,1.8080551260396052
frame_82,0,255,1,-1,False,False,True,1.3417096,False,[],,55.64715934104353,-21.4715766848442,-1,0.2871333839703787,0.2984978048414122,28.9,0.1866616029621293,0.6458878995229388,1.8042536910595897
frame_83,0,255,1,-1,False,False,True,1.3298767,False,[],,55.183227400672365,-18.600610317384337,-1,0.274933076038111,0.2843042699968048,28.9,1.4066923961888966,4.867447737677844,1.805687224695044
frame_84,0,255,1,-1,False,False,True,1.3613542,False,[],,53.65292349143323,-18.85762844328037,-1,0.2698360330529918,0.2822100475021208,28.9,1.9163966947008115,6.631130431490698,1.8049708102506417
frame_85,0,255,1,-1,False,False,True,1.362502,False,[],,52.72438881877013,-23.6517446901659,-1,0.2680210643722813,0.2736375696269285,28.9,2.097893562771863,7.259147276027207,1.7973167935531296
frame_86,0,255,1,-1,False,False,True,1.3836915,False,[],,48.87918276421495,-17.835084716887536,-1,0.2285532022312162,0.2362623593244168,28.9,6.044679776878375,20.91584697881791,1.7850465174360033
frame_87,0,255,1,-1,False,False,True,1.4527903,False,[],,33.31060202434378,-16.32486642580742,-1,0.1964902538661329,0.1815117589563942,28.9,9.250974613386704,32.010292779884786,1.771105479345233
frame_88,0,255,1,-1,False,False,True,1.5323814,False,[],,41.49617589758272,-22.88700698282612,-1,0.235576844788925,0.2434336485613323,28.9,5.342315521107493,18.485520834281985,1.788656785570342
frame_89,0,255,1,-1,False,False,True,1.6093768,False,[],,41.76856747135076,-15.92897039837015,-1,0.2582383677407405,0.2611066051294514,28.9,3.0761632259259484,10.644163411508472,1.7943203554692373
frame_90,0,255,1,-1,False,False,True,1.7395651,False,[],,40.24922957637139,-18.36787965303935,-1,0.2722339052247884,0.2666756244346119,28.9,1.676609477521157,5.801416877235837,1.7853998081417248
frame_91,0,255,1,-1,False,False,True,1.8862548,True,[],,39.23291557836389,-13.835902525727464,-1,0.2542281797671351,0.2614987005796334,28.9,3.47718202328649,12.031771706873668,1.785129354688473
frame_92,0,255,1,-1,False,False,True,2.0492132,True,[],,44.097835924864,-9.85185984236912,-1,0.276872942608825,0.2781944284303889,28.9,1.2127057391174978,4.196213630164353,1.7946647975755774
frame_93,0,255,1,-1,False,False,True,2.144697,True,[],,42.08326855592619,-9.792852387878558,-1,0.2780234839174436,0.2788190521982819,28.9,1.0976516082556398,3.7981024507115566,1.796799077798557
frame_94,0,255,1,-1,False,False,True,2.2736146,True,[],,42.18043640385835,-8.87138779015132,-1,0.2927980777555474,0.2868106730304997,28.9,0.3798077755547469,1.3142137562447989,1.7957625889459183
frame_95,0,255,1,-1,False,False,True,2.3846154,True,[],,43.128253230475885,-8.60120471482257,-1,0.3013301736413523,0.2881181863924272,28.9,1.2330173641352304,4.266496069672078,1.802964898078246
frame_96,0,255,1,-1,False,False,True,2.472957,True,[],,43.04297314188043,-8.180512353161602,-1,0.2883054859006664,0.2880626824644882,28.9,0.0694514099333576,0.2403162973472582,1.801548215171398
frame_97,0,255,1,-1,False,False,True,2.4842114,True,[],,44.99008228658688,-7.439402732616856,-1,0.2912571368012762,0.2922354736040651,28.9,0.2257136801276205,0.7810161942132198,1.7961056895831855
frame_98,0,255,1,-1,False,False,True,2.5289361,True,[],,46.34323711495124,-7.694966898766778,-1,0.3014821983051619,0.2982940139263733,28.9,1.2482198305161896,4.31909975957159,1.7980970787013182
frame_99,0,255,1,-1,False,False,True,2.5292683,True,[],,48.37536655021567,-6.381031243761573,-1,0.3064715064154122,0.2945746526188377,28.9,1.747150641541223,6.04550394996963,1.7974966527923706
frame_100,0,255,1,-1,False,False,True,2.5109966,True,[],,49.413232047827975,-6.695418161914715,-1,0.2972199311231636,0.3068956686050738,28.9,0.8219931123163604,2.8442668246240843,1.7985503228702566
frame_101,0,255,1,-1,False,False,True,2.5117533,True,[],,48.59852740603966,-6.07810948470845,-1,0.3057246257948345,0.2849030877154807,28.9,1.6724625794834524,5.787067749077691,1.7923430625007053
frame_102,0,255,1,-1,False,False,True,2.5295343,True,[],,49.34789217252772,-5.47796124839016,-1,0.3284044216576358,0.315856437519409,28.9,3.940442165763586,13.634747978420714,1.7941545363483593
frame_103,0,255,1,-1,False,False,True,2.4858453,True,[],,49.92854689743445,-4.41643281913615,-1,0.2936443395841641,0.2906451215372684,28.9,0.4644339584164159,1.6070379183959027,1.7857570341430975
frame_104,0,255,1,-1,False,False,True,2.392328,True,[],,51.36379245414976,-5.536365025837799,-1,0.3044930872122329,0.309420244576579,28.9,1.5493087212232914,5.360929831222462,1.79019573723972
frame_105,0,255,1,-1,False,False,True,2.3819396,True,[],,50.2856770415545,-4.7610298091980825,-1,0.2965988885362058,0.2937218193178587,28.9,0.7598888536205883,2.629373195918991,1.7920667275680215
frame_106,0,255,1,-1,False,False,True,2.4463148,True,[],,50.75735865139027,-5.637463396747887,-1,0.2879784127274527,0.3033048843490332,28.9,0.1021587272547253,0.3534904057256931,1.7848387426720742
frame_107,0,255,1,-1,False,False,True,2.4702318,True,[],,50.30199262957567,-6.00082873190112,-1,0.2853358421054641,0.2870880655336304,28.9,0.3664157894535835,1.2678747039916387,1.7887363298140655
frame_108,0,255,1,-1,False,False,True,2.4466515,True,[],,53.84409690770214,-5.160802184272591,-1,0.284789819243989,0.2946392332823628,28.9,0.4210180756010928,1.4568099501767915,1.7876476935133463
frame_109,0,255,1,-1,False,False,True,2.4185941,True,[],,52.856191431082266,-5.19087097005655,-1,0.2719434887476839,0.2768115979054884,28.9,1.7056511252316051,5.901907007721818,1.782423337484827
frame_110,0,255,1,-1,False,False,True,2.308415,True,[],,56.12175244119393,-6.183735974005716,-1,0.2858290151882994,0.2988468121334811,28.9,0.3170984811700583,1.0972265784431086,1.7879464340493418
frame_111,0,255,1,-1,False,False,True,2.274483,True,[],,56.226738905404815,-5.821993126439418,-1,0.2811608484541632,0.2857447659588708,28.9,0.7839151545836753,2.7125091854106413,1.7867492094209054
frame_112,0,255,1,-1,False,False,True,2.1268675,True,[],,57.37459968703149,-5.687447289531179,-1,0.2805871841154428,0.2866581005257986,28.9,0.8412815884557168,2.911008956594176,1.7929113047164784
frame_113,0,255,1,-1,False,False,True,2.0761268,True,[],,57.602971011402666,-5.183366490972998,-1,0.2814502705911683,0.2880165366244727,28.9,0.754972940883164,2.6123631172427824,1.7817435279645415
frame_114,0,255,1,-1,False,False,True,2.0169911,True,[],,59.05712113621138,-6.393356382846809,-1,0.2984982584551228,0.2964510189053451,28.9,0.949825845512281,3.286594621149761,1.7840397400906567
frame_115,0,255,1,-1,False,False,True,1.9173287,True,[],,59.92560288358672,-8.801324644055983,-1,0.2881861678954709,0.2829561811524295,28.9,0.0813832104529066,0.2816028043353171,1.7860585886055116
frame_116,0,255,1,-1,False,False,True,1.8078887,True,[],,59.03888537117424,-9.0415749006641,-1,0.2846530918609422,0.2866184582555914,28.9,0.4346908139057748,1.5041204633417813,1.77646237179193
frame_117,0,255,1,-1,False,False,True,1.8850847,True,[],,58.30889916883577,-11.508864133280644,-1,0.2884194128733992,0.2898872211652938,28.9,0.0580587126600751,0.2008951995158308,1.7767808174452402
frame_118,0,255,1,-1,False,False,True,1.9122058,True,[],,60.89434345740637,-11.570859632317466,-1,0.3509453954817025,0.3026879426923006,28.9,6.194539548170258,21.43439290024311,1.7794299094720116
frame_119,0,255,1,-1,False,False,True,1.8319833,True,[],,59.90973738332504,-12.121933391694585,-1,0.3488699417671324,0.2974585995782093,28.9,5.98699417671324,20.71624282599737,1.7822765253467017
frame_120,0,255,1,-1,False,False,True,1.7124072,False,[],,61.8831074357516,-12.03181302245303,-1,0.2879420914154693,0.2956380779972862,28.9,0.1057908584530642,0.3660583337476271,1.7793797624876055
frame_121,0,255,1,-1,False,False,True,1.6030365,False,[],,64.58240270698637,-12.108790926083552,-1,0.2823153315078739,0.2986220992266152,28.9,0.6684668492126067,2.3130340803204383,1.775868739440756
frame_122,0,255,1,-1,False,False,True,1.3374469,False,[],,64.94107898023813,-21.998930574800628,-1,0.3662296517277208,0.2857631500294441,28.9,7.722965172772084,26.723062881564307,1.7624492624903418
frame_123,0,255,1,-1,False,False,True,1.2280617,False,[],,58.63823449472424,-24.68272590625796,-1,0.2776163379353022,0.2582711413986412,28.9,1.1383662064697708,3.9389834133902095,1.7269496098508577
frame_124,0,255,1,-1,False,False,True,1.2072908,False,[],,60.185528673655234,-20.956638069758,-1,0.2467109671930352,0.2405129377728936,28.9,4.2289032806964775,14.632883324209264,1.7280710036257552
frame_125,0,255,1,-1,False,False,True,1.3529414,False,[],,59.24282130347737,-19.07711857597155,-1,0.2637157888836368,0.259945780203851,28.9,2.52842111163632,8.748861977980345,1.7246757426963013
frame_126,0,255,1,-1,False,False,True,1.338153,False,[],,59.831588453347166,-17.81960270327492,-1,0.2786393825630948,0.2658827124284172,28.9,1.036061743690514,3.584988732493128,1.7215600991574016
frame_127,0,255,1,-1,False,False,True,1.2983971,False,[],,61.15940899092882,-16.713647391414796,-1,0.2817470427617046,0.2770050114096801,28.9,0.7252957238295388,2.5096737848772968,1.7365541954441357
frame_128,0,255,1,-1,False,False,True,1.3310941,False,[],,63.68897489737304,-13.24334825542591,-1,0.3631792905917372,0.3787071430894415,28.9,7.417929059173728,25.66757459921705,1.7507539182289007
frame_129,0,255,1,-1,False,False,True,1.3673798,False,[],,67.24693733296341,-8.515202605694045,-1,0.4039363085222509,0.4020304033024439,28.9,11.493630852225095,39.77034896963701,1.7387906633935324
frame_130,0,255,1,-1,False,False,True,1.3878828,False,[],,64.78093820822583,4.263186107623345,-1,0.2805819203413346,0.2915496591306504,28.9,0.8418079658665312,2.912830331718101,1.7779144485957783
frame_131,0,255,1,-1,False,False,True,1.3726107,False,[],,74.22287627510384,-1.7794812712201526,-1,0.3700126804339037,0.390443858235316,28.9,8.10126804339037,28.032069354291934,1.7572422814949362
frame_132,0,255,1,-1,False,False,True,1.0936844,False,[],,79.91248133504973,-13.419554522711415,-1,0.3718446364839269,0.3731629597349615,28.9,8.284463648392698,28.665964181289617,1.7256332833286427
frame_133,0,255,1,-1,False,False,True,1.2856594,False,[],,66.96066566036477,-87.47767224380615,-1,0.141719828211607,0.1213452898768644,28.9,14.728017178839298,50.96199715861349,1.6263032160099085
frame_134,0,255,1,-1,False,False,True,1.3384732,False,[],,84.38040104435915,-3.810058777274811,-1,0.3924750610465863,0.4185681607547483,28.9,10.347506104658638,35.80451939328248,1.67700668787912
frame_135,0,255,1,-1,False,False,True,1.1837862,False,[],,67.31812444973937,178.37683448254072,-1,0.1029681244383395,0.122156884976636,28.9,18.60318755616604,64.37089119780637,1.605548549054274
frame_136,0,255,1,-1,False,False,True,1.2332019,False,[],,87.53930969074895,-166.07714933758177,-1,0.3262942207671873,0.3031938595418874,28.9,3.7294220767187305,12.904574659926404,1.6232073957920077
frame_137,0,255,1,-1,False,False,True,1.3836238,False,[],,-1.0,-1.0,-1,-1.0,0.0830358247086494,28.9,,,1.5967482981616503
frame_138,0,255,1,-1,False,False,True,1.4067024,False,[],,-1.0,-1.0,-1,-1.0,0.088299285195176,28.9,,,1.5912369646836275
frame_139,0,255,1,-1,False,False,True,1.3074276,False,[],,-1.0,-1.0,-1,-1.0,0.112012702548637,28.9,,,1.5948969017594092
frame_141,0,255,1,-1,False,False,True,1.2209297,False,[],,75.30144122754784,147.6407382694573,-1,0.2646716160535813,0.276079306311359,28.9,2.4328383946418617,8.418125933016823,1.6079023942915964
frame_142,0,255,1,-1,False,False,True,1.1293528,False,[],,72.71412740093446,-173.58881562924813,-1,0.1286720793891937,0.1312071523925749,28.9,16.03279206108062,55.47678913868727,1.589730678126216
frame_143,0,255,1,-1,False,False,True,1.1835139,False,[],,73.71347762941717,-161.52233812840618,-1,0.1425770052344963,0.1381412405076576,28.9,14.642299476550363,50.665396112631015,1.58688157323807
frame_144,0,255,1,-1,False,False,True,1.1978852,False,[],,80.61705710362061,-140.45228307216405,-1,0.2885081291784706,0.2940508717909471,28.9,0.0491870821529405,0.1701975161001402,1.5955317981207549
frame_145,0,255,1,-1,False,False,True,1.0788264,False,[],,81.18554171287055,-155.38589180579493,-1,0.2922702406752622,0.3051706472361146,28.9,0.3270240675262215,1.131571167910801,1.5970269938646735
frame_146,0,255,1,-1,False,False,True,1.084875,False,[],,81.25139925398398,-163.4963063023085,-1,0.2908696360361864,0.2821431794356838,28.9,0.186963603618645,0.6469328844935816,1.6006465700670922
frame_147,0,255,1,-1,False,False,True,1.1575164,False,[],,79.68443981974055,-170.10181158601196,-1,0.171694225770304,0.1788345309522839,28.9,11.730577422969596,40.59023329747265,1.5950216230871053
frame_148,0,255,1,-1,False,False,True,1.0666591,False,[],,73.41370356004025,163.82074908491876,-1,0.1572794122552643,0.15248856708819,28.9,13.172058774473566,45.57805804316113,1.5742437912196647
frame_149,0,255,1,-1,False,False,True,1.0604506,False,[],,74.78058931062311,-169.69469830683724,-1,0.2090109173967271,0.1757615635926951,28.9,7.998908260327281,27.67788325372761,1.575833852474506
frame_150,0,255,1,-1,False,False,True,1.1293786,False,[],,81.02005814508973,-139.34626881956328,-1,0.288912955457058,0.2872587867553276,28.9,0.0087044542942005,0.0301192190110744,1.5921379403582816
frame_151,0,255,1,-1,False,False,True,1.0840646,False,[],,76.63013760060319,-151.270824996728,-1,0.2565100062549095,0.2526475568785603,28.9,3.248999374509048,11.24221236854342,1.5793001391059296
frame_152,0,255,1,-1,False,False,True,1.044877,False,[],,68.6603508005366,163.561032136727,-1,0.1035333830331233,0.113015338761849,28.9,18.546661696687668,64.17529998853865,1.5638062558331332
frame_153,0,255,1,-1,False,False,True,1.0318042,False,[],,-1.0,-1.0,-1,-1.0,0.1053101224486222,28.9,,,1.5527212215368604
frame_154,0,255,1,-1,False,False,True,1.0625817,False,[],,77.2334861967448,-154.42415876015508,-1,0.1625153346029904,0.1638328630026465,28.9,12.64846653970096,43.76632020657772,1.5634930486636311
frame_155,0,255,1,-1,False,False,True,1.0590843,False,[],,78.4943817328156,177.05683927081245,-1,0.162726792520135,0.1798810005919623,28.9,12.6273207479865,43.69315137711591,1.580454140594325
frame_156,0,255,1,-1,False,False,True,1.0941955,False,[],,76.79306232058734,174.16630147937985,-1,0.1690996388386554,0.1586111999839539,28.9,11.990036116134457,41.48801424267978,1.572998401873252
frame_157,0,255,1,-1,False,False,True,1.1700122,False,[],,76.6617195960665,-156.3470777919598,-1,0.1521494166629038,0.1589071811634101,28.9,13.685058333709616,47.35314302321667,1.5667895272226615
frame_158,0,255,1,-1,False,False,True,1.3095936,False,[],,-1.0,-1.0,-1,-1.0,0.0980321405714971,28.9,,,1.550116344380774
frame_159,0,255,1,-1,False,False,True,1.2155268,False,[],,80.03591029059591,-148.6400199115041,-1,0.3096268970880924,0.3073132098091333,28.9,2.0626897088092457,7.137334632557944,1.5934169058288847
frame_160,0,255,1,-1,False,False,True,1.1415431,False,[],,70.27083545470639,163.2525718868904,-1,0.1252609726226634,0.1359785411257053,28.9,16.373902737733655,56.65710289873237,1.5662607324620088
frame_161,0,255,1,-1,False,False,True,1.2200117,False,[],,69.78070907607889,158.45922707337,-1,0.1195658843307279,0.126748229764123,28.9,16.943411566927207,58.62772168486923,1.5610421199194142
frame_162,0,255,1,-1,False,False,True,1.0013556,False,[],,81.78477512428313,-134.8667865107139,-1,0.327266057749104,0.2919039955506292,28.9,3.8266057749104014,13.240850432215924,1.6246896874649444
frame_163,0,255,1,-1,False,False,True,1.0439487,False,[],,73.69547188801288,172.327122604853,-1,0.15304638403084,0.1504905910390805,28.9,13.595361596915994,47.04277369175085,1.5720800897571083
frame_164,0,255,1,-1,False,False,True,1.07937,False,[],,73.80640759343238,-178.74029414376668,-1,0.1226803792129729,0.1280079882310016,28.9,16.631962078702706,57.55004179481905,1.5668103238716211
frame_165,0,255,1,-1,False,False,True,1.2436153,False,[],,68.29530834446356,-157.3554397807881,-1,0.0956655971546731,0.0999534390999153,28.9,19.33344028453268,66.89771724751793,1.557567895859402
frame_166,0,255,1,-1,False,False,True,1.4293832,False,[],,79.39756888732522,-150.31018039028243,-1,0.2549925323070061,0.2619217924496317,28.9,3.400746769299384,11.76728985916742,1.6162300509375496
frame_167,0,255,1,-1,False,False,True,1.2536029,False,[],,77.67143907607476,-155.430282712888,-1,0.2391093097660792,0.2304560544766186,28.9,4.989069023392073,17.263214613813403,1.6020073504340504
frame_168,0,255,1,-1,False,False,True,1.1629795,False,[],,79.70223778282251,-146.1870894735082,-1,0.2724196663616756,0.2695197629063932,28.9,1.6580333638324396,5.737139667240276,1.6218364190593098
frame_169,0,255,1,-1,False,False,True,1.2151413,False,[],,79.12598178067199,-150.81078920196762,-1,0.2539616941621194,0.2650359575948413,28.9,3.503830583788053,12.123981258782193,1.616464486074208
frame_170,0,255,1,-1,False,False,True,1.075253,False,[],,80.13359642314266,-158.97103339274346,-1,0.2639379197255127,0.2832873136074046,28.9,2.506208027448725,8.672000094978289,1.613947324915895
frame_171,0,255,1,-1,False,False,True,1.0437176,False,[],,82.54195943635912,-142.60399551352685,-1,0.4093672314975862,0.3714978845108601,28.9,12.036723149758627,41.64956107182916,1.6291394865334925
frame_172,0,255,1,-1,False,False,True,1.0866311,False,[],,79.92677336703207,-142.06076115636924,-1,0.2952962260773764,0.2971896030048032,28.9,0.6296226077376399,2.17862494026865,1.630250438596263
frame_173,0,255,1,-1,False,False,True,1.1556767,False,[],,79.49845134693057,-137.29428384372102,-1,0.2948316953835486,0.3053221819223882,28.9,0.5831695383548607,2.0178876759683764,1.6229726867158285
frame_174,0,255,1,-1,False,False,True,1.1431,False,[],,75.64616742909213,-169.51461339618726,-1,0.1447114774987428,0.1556912805905721,28.9,14.428852250125718,49.92682439489868,1.5843683390646746
frame_175,0,255,1,-1,False,False,True,1.2260591,False,[],,78.98620783219025,-145.24136763970216,-1,0.2923693421921636,0.2845196337464701,28.9,0.3369342192163616,1.165862350229625,1.61550877350421
frame_176,0,255,1,-1,False,False,True,1.1255708,False,[],,73.61922285270808,-131.4228575980299,-1,0.1418748476514522,0.138429166545266,28.9,14.71251523485478,50.90835721403037,1.57184021796995
frame_177,0,255,1,-1,False,False,True,1.206152,False,[],,80.4458737165775,-142.6154019074578,-1,0.2815836555802289,0.2734730321718077,28.9,0.741634441977107,2.566209141789298,1.6295650179517338
frame_178,0,255,1,-1,False,False,True,1.1074544,False,[],,66.14574178274854,-168.36685468544962,-1,0.1142521774144875,0.1262266829870322,28.9,17.47478225855124,60.46637459706312,1.581526868330325
frame_179,0,255,1,-1,False,False,True,1.0668173,False,[],,66.2208098154654,-178.98368459705404,-1,0.1314443711123385,0.1322067733478893,28.9,15.755562888766145,54.51751864624964,1.5891891368107447
frame_180,0,255,1,-1,False,False,True,1.1691988,False,[],,70.16761337618844,-162.42747129905496,-1,0.1227811966582264,0.1304567021632901,28.9,16.62188033417736,57.51515686566561,1.59246780293556
frame_181,0,255,1,-1,False,False,True,1.2522055,False,[],,74.54761960249944,-144.39454896751704,-1,0.2227554181263151,0.218780260674678,28.9,6.624458187368481,22.92200064833385,1.587354670411774
frame_182,0,255,1,-1,False,False,True,1.3426111,False,[],,77.92655711329519,-141.7887952180313,-1,0.2705606297499097,0.243055001717847,28.9,1.8439370250090288,6.380404930827091,1.5958861652577276
frame_183,0,255,1,-1,False,False,True,1.3721526,False,[],,78.83397062921384,-143.65631288654572,-1,0.2095193518270524,0.1995521454512254,28.9,7.9480648172947586,27.501954385102973,1.5969281813777083
frame_184,0,255,1,-1,False,False,True,1.2985432,False,[],,76.26883845787272,-130.42883710837742,-1,0.2269136945600758,0.2298103096314294,28.9,6.208630543992416,21.48315067125404,1.6016970500184795
frame_185,0,255,1,-1,False,False,True,1.3805368,False,[],,-1.0,-1.0,-1,-1.0,0.1413602581795048,28.9,,,1.5913396368564017
frame_186,0,255,1,-1,False,False,True,1.2433753,False,[],,83.9658696032013,-118.14300029936147,-1,0.399310747590736,0.4076668532729124,28.9,11.031074759073606,38.169808854925975,1.657541378721621
frame_187,0,255,1,-1,False,False,True,1.0372112,False,[],,69.71206351560744,174.8542368166268,-1,0.2156098397582104,0.1369573602193547,28.9,7.339016024178951,25.394519114806062,1.594849226633048
frame_188,0,255,1,-1,False,False,True,1.1061599,False,[],,84.36347693370668,-110.11771993005088,-1,0.3690030445884331,0.3735106906005558,28.9,8.000304458843315,27.6827143904613,1.6819019583164234
frame_189,0,255,1,-1,False,False,True,1.2690207,False,[],,85.12632768561483,-97.24141799155204,-1,0.435510928683023,0.4151524137565331,28.9,14.6510928683023,50.69582307371039,1.6968821952556077
frame_190,0,255,1,-1,False,False,True,1.3910649,False,[],,-1.0,-1.0,-1,-1.0,0.0757355249586987,28.9,,,1.5863909735956687
frame_191,0,255,1,-1,False,False,True,1.3322192,False,[],,80.02384027033828,-156.4175292831347,-1,0.2086146855071187,0.1857159043439523,28.9,8.038531449288127,27.81498771379975,1.6070369511620874
frame_195,0,255,1,-1,False,False,True,1.3719234,False,[],,70.1562250691124,-106.7955661729918,-1,0.163119329427319,0.1451920109126786,28.9,12.588067057268098,43.55732545767509,1.6066434578080873
frame_198,0,255,1,-1,False,False,True,1.2488737,False,[],,82.62164528165208,-174.84805967661654,-1,0.2328263540821946,0.2519823910897266,28.9,5.617364591780532,19.43724772242399,1.6012516496455775
frame_201,0,255,1,-1,False,False,True,1.291957,False,[],,70.51242826476516,-94.16680403598106,-1,0.2400301811957039,0.1427957406973146,28.9,4.8969818804296015,16.944573980725266,1.5999957704423955
frame_202,0,255,1,-1,False,False,True,1.0490055,False,[],,-1.0,-1.0,-1,-1.0,0.0776731694803746,28.9,,,1.5930981608404629
frame_203,0,255,1,-1,False,False,True,1.0740325,False,[],,-1.0,-1.0,-1,-1.0,0.090485946785616,28.9,,,1.5962397755675055
frame_204,0,255,1,-1,False,False,True,1.2468027,False,[],,83.58471052428074,-147.41365076652178,-1,0.2449599241549682,0.2468966296763257,28.9,4.404007584503172,15.23878056921513,1.610601419101179
frame_205,0,255,1,-1,False,False,True,1.4518179,False,[],,-1.0,-1.0,-1,-1.0,0.0929762252033888,28.9,,,1.6002758339328589
frame_206,0,255,1,-1,False,False,True,1.4672395,False,[],,70.4710749179656,-153.1975580569788,-1,0.1708580862725561,0.0994250674426956,28.9,11.814191372744382,40.87955492299095,1.6031074171652466
frame_207,0,255,1,-1,False,False,True,1.2125027,False,[],,80.73837354963378,-166.69204541647147,-1,0.2288995574361416,0.2194759634359974,28.9,6.010044256385832,20.796000887148207,1.6159012250180511
frame_208,0,255,1,-1,False,False,True,1.256536,False,[],,81.45318622957429,-128.62050025584608,-1,0.2528267939917572,0.2471411010321898,28.9,3.617320600824275,12.516680279668774,1.6224256126248109
frame_209,0,255,1,-1,False,False,True,1.1861783,False,[],,68.30174712489726,-163.58851953683015,-1,0.1127845754966152,0.1041922848417516,28.9,17.621542450338474,60.97419532989091,1.6021497980791517
frame_210,0,255,1,-1,False,False,True,1.0932719,False,[],,76.71471471817998,-148.7112080238064,-1,0.220577879189685,0.1636075789388832,28.9,6.84221208103149,23.675474328828685,1.603937603694536
frame_211,0,255,1,-1,False,False,True,1.1698197,False,[],,81.84482184825066,-126.84431940634518,-1,0.3805640596406507,0.2386788090514605,28.9,9.156405964065078,31.683065619602345,1.623375516739961
frame_212,0,255,1,-1,False,False,True,1.1097099,False,[],,73.2148143519679,-174.01858586589347,-1,0.1429296673410214,0.1359786135725941,28.9,14.607033265897856,50.54336770206871,1.603871778490142
frame_213,0,255,1,-1,False,False,True,1.0813396,False,[],,78.31119508111347,-165.4703460670684,-1,0.2191289141679027,0.2265951581000898,28.9,6.987108583209728,24.17684630868418,1.608943769007128
frame_214,0,255,1,-1,False,False,True,1.0127052,False,[],,76.37737405528145,-150.0078147221191,-1,0.1768040236185477,0.1666692573090591,28.9,11.219597638145224,38.82213715621185,1.611118163381304
frame_215,0,255,1,-1,False,False,True,1.107409,False,[],,82.07832036100983,-137.05334015309208,-1,0.3123833500894462,0.3092862566604588,28.9,2.33833500894462,8.091124598424292,1.6266455659360597
frame_216,0,255,1,-1,False,False,True,1.0103167,False,[],,76.10120803335177,-160.05304414831437,-1,0.1983979940114424,0.1695335279531047,28.9,9.060200598855756,31.350175082545874,1.611267904440562
frame_217,0,255,1,-1,False,False,True,1.0341039,False,[],,79.1554254053915,-158.07714330242013,-1,0.2167127846519023,0.2287285103720933,28.9,7.228721534809762,25.01287728307876,1.6193307536343733
frame_218,0,255,1,-1,False,False,True,1.0837244,False,[],,81.63564055886563,-142.33547806791535,-1,0.3908187452001059,0.2400898651037302,28.9,10.181874520010595,35.23139972322006,1.6226397257406735
frame_219,0,255,1,-1,False,False,True,1.272536,False,[],,78.38776171318625,-176.19198850123672,-1,0.1647254657508658,0.1845575911821707,28.9,12.42745342491341,43.00156894433706,1.611806715495706
frame_220,0,255,1,-1,False,False,True,1.2439647,False,[],,77.24184781757891,-151.86396519183245,-1,0.2020232777021213,0.1962493081517434,28.9,8.697672229787862,30.09575166016561,1.626250205063584
frame_221,0,255,1,-1,False,False,True,1.1753535,False,[],,71.58032737474034,144.7006647664632,-1,0.1635069643949473,0.1683869634139025,28.9,12.54930356050526,43.42319571109087,1.5916823720053044
frame_222,0,255,1,-1,False,False,True,1.2143368,False,[],,78.92033881105812,-145.39611423452718,-1,0.3540846889754423,0.2953687540154832,28.9,6.508468897544234,22.52065362472053,1.6321817557262674
frame_223,0,255,1,-1,False,False,True,1.0864419,False,[],,76.91382244186164,-155.22531903418877,-1,0.2105800815121901,0.2231979699513145,28.9,7.841991848780988,27.13491989197574,1.630132058848384
frame_224,0,255,1,-1,False,False,True,1.1245631,False,[],,73.2427310152055,176.24820539645435,-1,0.1723501835406025,0.1831671690344632,28.9,11.664981645939749,40.36325829044896,1.607560249422327
frame_225,0,255,1,-1,False,False,True,1.0624717,False,[],,77.08321244778759,-152.6217631438184,-1,0.2673616573654744,0.2155789331969738,28.9,2.163834263452552,7.48731579049326,1.633417337364317
frame_226,0,255,1,-1,False,False,True,1.0420799,False,[],,72.90700862723837,-165.48685021483783,-1,0.238045130098331,0.2468339279167951,28.9,5.095486990166892,17.631442872549798,1.621825625198056
frame_228,0,255,1,-1,False,False,True,1.0343502,False,[],,77.0638849578258,-155.53662803162734,-1,0.2992683367247593,0.2734130265439941,28.9,1.0268336724759295,3.5530576902281306,1.6273504481258163
frame_230,0,255,1,-1,False,False,True,1.0387444,False,[],,81.14989494647081,-129.3536224955216,-1,0.4263672867659474,0.4137377170594147,28.9,13.73672867659474,47.531933137006014,1.6546068366528155
frame_231,0,255,1,-1,False,False,True,1.0045353,False,[],,75.14098107988808,-145.36302806292466,-1,0.3569827944391643,0.2514739272264532,28.9,6.798279443916439,23.523458283447884,1.6341663206899182
frame_232,0,255,1,-1,False,False,True,1.0084511,False,[],,67.6886559634812,-158.4053378185989,-1,0.2026119575523957,0.2085253347694177,28.9,8.63880424476043,29.8920562102437,1.6176450308926316
frame_233,0,255,1,-1,False,False,True,1.0050225,False,[],,62.72968491024703,-155.01782558785385,-1,0.1721380810723962,0.1698368230337897,28.9,11.686191892760371,40.43665014795977,1.6117359089730965
frame_234,0,255,1,-1,False,False,True,1.0188216,False,[],,60.42562942171275,-160.95943248514467,-1,0.1848664565532181,0.1937360154230438,28.9,10.413354344678188,36.03236797466501,1.604681704227264
frame_239,0,255,1,-1,False,False,True,1.1273136,False,[],,56.036049513630886,-156.4507783777019,-1,0.1825625580306111,0.1813513027782759,28.9,10.64374419693888,36.82956469529024,1.6069175222229986
frame_240,0,255,1,-1,False,False,True,1.2054441,False,[],,72.89919110956527,-154.201667513268,-1,0.3780406089296626,0.303378599299514,28.9,8.904060892966264,30.80989928362029,1.6285145528176252
frame_241,0,255,1,-1,False,False,True,1.2265261,False,[],,69.08046122633424,-163.9989506256157,-1,0.2274265455940127,0.246947027394921,28.9,6.157345440598721,21.305693566085544,1.632215148369896
frame_242,0,255,1,-1,False,False,True,1.2589465,False,[],,60.95945577496091,-162.31826474912612,-1,0.2066218855117392,0.2051242216218654,28.9,8.237811448826077,28.504537885211334,1.611555915136595
frame_243,0,255,1,-1,False,False,True,1.0682144,False,[],,66.49933703452953,-170.4200654036911,-1,0.2320272599843627,0.2266678708787601,28.9,5.697274001563729,19.71375087046273,1.6181190498295646
frame_247,0,255,1,-1,False,False,True,1.1024216,False,[],,60.4803549571518,-165.96121712962747,-1,0.1905544774143912,0.2059584408713216,28.9,9.844552258560874,34.06419466630061,1.6147589723435405
frame_248,0,255,1,-1,False,False,True,1.162874,False,[],,77.57766560774455,-144.04941000518852,-1,0.4123824360356178,0.4286761428224848,28.9,12.338243603561788,42.69288444139027,1.6670559556607778
frame_249,0,255,1,-1,False,False,True,1.1525999,False,[],,64.79868598459352,-163.88788349838933,-1,0.2048665268620528,0.198438604974816,28.9,8.413347313794711,29.111928421434985,1.6217762702557168
frame_250,0,255,1,-1,False,False,True,1.067218,False,[],,65.72661200831237,-152.99493078270373,-1,0.2369163771976659,0.2338062732991874,28.9,5.208362280233408,18.022014810496223,1.631386387688773
frame_251,0,255,1,-1,False,False,True,1.1374625,False,[],,69.83421715956156,-149.41701004714497,-1,0.4241489907397915,0.3079274721625634,28.9,13.514899073979151,46.76435665736732,1.6385193129400757
frame_254,0,255,1,-1,False,False,True,1.1779873,False,[],,65.90395686884204,-161.5047576939279,-1,0.1866687123229062,0.1832580646285224,28.9,10.23312876770937,35.4087500612781,1.6203976291048383
frame_255,0,255,1,-1,False,False,True,1.2053101,False,[],,62.238860359507655,-154.83529298178053,-1,0.1982711918161295,0.1928120353240779,28.9,9.072880818387048,31.394051274695663,1.6145591405797597
frame_256,0,255,1,-1,False,False,True,1.1690261,False,[],,66.85602261756172,-154.74684244382033,-1,0.264655850525223,0.1760225999381359,28.9,2.434414947477697,8.423581133140823,1.6237375185568146
frame_257,0,255,1,-1,False,False,True,1.1654668,False,[],,65.15368839503036,-155.8839689791019,-1,0.1662135726301101,0.1815303713901459,28.9,12.27864273698898,42.48665306916603,1.6236815654933128
frame_259,0,255,1,-1,False,False,True,1.1616647,False,[],,66.77731858586404,-154.15903214941972,-1,0.2731935539788552,0.2449332919910907,28.9,1.5806446021144729,5.4693584848251655,1.628815780856652
frame_260,0,255,1,-1,False,False,True,1.1489133,False,[],,58.61318381781392,-165.30824029839653,-1,0.1896940599708974,0.2030221737646362,28.9,9.93059400291026,34.36191696508741,1.6069765919779504
frame_261,0,255,1,-1,False,False,True,1.1719444,False,[],,-8.875074904354666,60.99930564978597,-1,0.1922257559611268,0.2458599823989234,28.9,9.677424403887317,33.485897591305594,1.947330259050204
frame_262,0,255,1,-1,False,False,True,1.1290139,False,[],,62.9539130650658,-159.59607960826153,-1,0.1894146846261091,0.1998627274462471,28.9,9.958531537389089,34.45858663456431,1.616252137944589
frame_263,0,255,1,-1,False,False,True,1.1456367,False,[],,65.9382698445344,-155.43753367659494,-1,0.1978629172375132,0.2126824350645899,28.9,9.113708276248673,31.53532275518572,1.619535458783094
frame_264,0,255,1,-1,False,False,True,1.1242565,False,[],,72.81953498228263,-135.88216417788715,-1,0.4369075390169485,0.4616743298638204,28.9,14.790753901694858,51.17907924461888,1.678470197607892
frame_265,0,255,1,-1,False,False,True,1.1293194,False,[],,71.85327901374635,-130.04943136181654,-1,0.4382833829145676,0.4589712133018836,28.9,14.92833829145676,51.65514979742824,1.6774542151839775
frame_266,0,255,1,-1,False,False,True,1.1373361,False,[],,69.43399776431099,-130.15913885219203,-1,0.4258543891170256,0.4495522147524367,28.9,13.685438911702567,47.35445990208502,1.6442803760633986
frame_267,0,255,1,-1,False,False,True,1.093388,False,[],,70.25729095653038,-128.28963909179686,-1,0.4433192236420402,0.4557657631923298,28.9,15.431922364204024,53.39765523946029,1.625653091990998
frame_268,0,255,1,-1,False,False,True,1.1136944,False,[],,66.04635387831068,-148.61917993362266,-1,0.232109117176853,0.2301056279268982,28.9,5.689088282314697,19.6854265824038,1.6215964655895705
frame_269,0,255,1,-1,False,False,True,1.1320115,False,[],,71.98285308215615,-130.16709659193478,-1,0.4443002595601146,0.4545701755274933,28.9,15.530025956011468,53.73711403464176,1.6839267845036554
frame_270,0,255,1,-1,False,False,True,1.1472484,False,[],,72.51036442449849,-128.39845656741363,-1,0.4486988733872699,0.4736245919222378,28.9,15.96988733872699,55.25912573953976,1.701349383567456
frame_271,0,255,1,-1,False,False,True,1.1564295,False,[],,73.706089793287,-135.36934309530636,-1,0.4467304856198291,0.4526922043440176,28.9,15.773048561982913,54.57802270582322,1.680526018045466
frame_272,0,255,1,-1,False,False,True,1.1364563,False,[],,73.56805926197802,-125.14892528715444,-1,0.4387974220120882,0.4470549712785084,28.9,14.979742201208827,51.83301799726239,1.7349391197501414
frame_273,0,255,1,-1,False,False,True,1.1524984,False,[],,-18.793082296157497,65.22228798214655,-1,0.188552310827996,0.2038115933491099,28.9,10.044768917200392,34.75698587266572,1.947484428974429
frame_274,0,255,1,-1,False,False,True,1.1754323,False,[],,70.69414047312932,-131.97563895681327,-1,0.4419908729895312,0.4522129552458023,28.9,15.299087298953124,52.93801833547794,1.6372615214441255
frame_275,0,255,1,-1,False,False,True,1.158314,False,[],,63.07517154559679,-140.51567543795088,-1,0.2136369140709337,0.2145698420342862,28.9,7.536308592906621,26.07719236299869,1.6071630290774412
frame_276,0,255,1,-1,False,False,True,1.1851523,False,[],,72.52282634228214,-125.15903111101396,-1,0.4370855636258834,0.4515152314282583,28.9,14.808556362588348,51.24067945532301,1.6956951176515922
frame_277,0,255,1,-1,False,False,True,1.1865321,False,[],,6.018190679768472,44.11415985882496,-1,0.1910001841019368,0.2028073665720239,28.9,9.799981589806317,33.90997089898379,1.9518079967976183
frame_278,0,255,1,-1,False,False,True,1.1708233,False,[],,74.07502930031775,-123.01559077964497,-1,0.4386714024524956,0.4593597540179072,28.9,14.96714024524956,51.78941261332027,1.7454821145543595
frame_279,0,255,1,-1,False,False,True,1.1562713,False,[],,-1.0,-1.0,-1,-1.0,0.2317378710485136,28.9,,,1.9481341296062504
frame_280,0,255,1,-1,False,False,True,1.1527102,False,[],,73.68822944004874,-128.59339080959603,-1,0.4432363034457409,0.447073209906849,28.9,15.423630344574097,53.36896313001418,1.701019792980618
frame_281,0,255,1,-1,False,False,True,1.2093954,False,[],,64.4874167980695,-168.87555219257405,-1,0.171304746209373,0.1605413948994473,28.9,11.76952537906269,40.72500131163561,1.5866375950224478
frame_283,0,255,1,-1,False,False,True,1.309743,False,[],,-33.76588931121887,61.34977628498157,-1,0.1399609071088519,0.1452222155458085,28.9,14.903909289114807,51.5706203775599,1.93813774698467
frame_284,0,255,1,-1,False,False,True,1.3639871,False,[],,75.06276680993021,-134.61599915520478,-1,0.4331369475287208,0.4474998626181735,28.9,14.41369475287208,49.87437630751585,1.6981829404830933
frame_285,0,255,1,-1,False,False,True,1.277042,False,[],,73.41247586780392,-129.11781793997451,-1,0.4382735880297992,0.4545956805014881,28.9,14.927358802979922,51.65176056394437,1.6830495579440603
frame_286,0,255,1,-1,False,False,True,1.3493675,False,[],,74.2997900566773,-120.61268462376728,-1,0.4455989727890246,0.457229309274518,28.9,15.659897278902465,54.18649577474901,1.7448670324870958
frame_287,0,255,1,-1,False,False,True,1.3238633,False,[],,-24.38817853430172,70.93689352068664,-1,0.1927508889015854,0.2217539960861608,28.9,9.624911109841456,33.30419069149293,1.9425298248762
frame_292,0,255,1,-1,False,False,True,1.2713847,False,[],,75.35237078827058,-129.31359944680213,-1,0.4366128401896463,0.4537508746584191,28.9,14.761284018964632,51.07710733205756,1.7181055411409611
frame_293,0,255,1,-1,False,False,True,1.3088111,False,[],,75.48466881586934,-127.26464911603811,-1,0.4310332542902799,0.455170642960245,28.9,14.203325429027997,49.14645477172318,1.728588297009686
frame_294,0,255,1,-1,False,False,True,1.2939736,False,[],,74.73245594890241,-126.02033751154616,-1,0.441258469554262,0.4487118612046114,28.9,15.225846955426208,52.68459154126715,1.7219073278866266
frame_310,0,255,1,-1,False,False,True,1.4281117,False,[],,76.1419791256007,-124.55026546603683,-1,0.2174832489134632,0.2150131874487079,28.9,7.151675108653671,24.746280652780868,1.5926180121968094
frame_311,0,255,1,-1,False,False,True,1.4460876,False,[],,77.05132018313455,-126.07809490057976,-1,0.2949362318651631,0.2912668068747444,28.9,0.5936231865163177,2.0540594689145943,1.5964969537354925
frame_313,0,255,1,-1,False,False,True,1.3748659,False,[],,-3.4107783996270644,57.96181629351506,-1,0.1764359718213664,0.1923728062506405,28.9,11.256402817863355,38.94949071925037,1.951511201220499
frame_315,0,255,1,-1,False,False,True,1.4696155,False,[],,73.43860092861101,-132.09218943153132,-1,0.2681266217728606,0.2699054125214595,28.9,2.087337822713936,7.222622223923654,1.5954313963701914
frame_317,0,255,1,-1,False,False,True,1.4427203,False,[],,82.27799944759374,-115.52177288615508,-1,0.4085346563853342,0.4175733959990891,28.9,11.953465638533428,41.36147279769353,1.6775187140264691
frame_318,0,255,1,-1,False,False,True,1.4344842,False,[],,77.82690741005932,-129.975028090949,-1,0.3283122765593547,0.3051501179290592,28.9,3.931227655935471,13.602863861368414,1.6053112656839432
frame_320,0,255,1,-1,False,False,True,1.3308963,False,[],,-35.315434083450896,71.05720480325712,-1,0.1426935659478776,0.1476835962676315,28.9,14.630643405212234,50.62506368585549,1.9400702134757024
frame_325,0,255,1,-1,False,False,True,1.2330288,False,[],,55.38773096071461,-152.98759731633902,-1,0.1134145256248755,0.0929104932399089,28.9,17.558547437512445,60.75621950696348,1.58128960723177
frame_326,0,255,1,-1,False,False,True,1.3982811,False,[],,-1.0,-1.0,-1,-1.0,0.2223560823718776,28.9,,,1.939789751611383
frame_327,0,255,1,-1,False,False,True,1.4094042,False,[],,68.700091997678,-146.29432701928658,-1,0.1900796011377115,0.1821692408235859,28.9,9.892039886228847,34.22851171705484,1.5986645525023782
frame_328,0,255,1,-1,False,False,True,1.3081212,False,[],,62.05068218158393,-156.29983686031002,-1,0.1353531200758648,0.1391740050259589,28.9,15.364687992413511,53.16501035437201,1.5878645589477138
frame_329,0,255,1,-1,False,False,True,1.3649988,False,[],,-1.1119636600532277,64.21193043427719,-1,0.1666336425357507,0.2423452432071075,28.9,12.236635746424923,42.34130016063988,1.9504373078600743
frame_330,0,255,1,-1,False,False,True,1.3352776,False,[],,-1.0,-1.0,-1,-1.0,0.2240626234884047,28.9,,,1.9598809218575768
frame_331,0,255,1,-1,False,False,True,1.326565,False,[],,-22.918275979991865,67.22568137915864,-1,0.1902480979374889,0.219698689042129,28.9,9.8751902062511,34.170208326128375,1.947103632526248
frame_332,0,255,1,-1,False,False,True,1.3367494,False,[],,73.67433775674411,-123.2133380499526,-1,0.4295899953319178,0.4391532581200136,28.9,14.05899953319178,48.64705720827605,1.6627259941308632
frame_333,0,255,1,-1,False,False,True,1.2555165,False,[],,64.96204539794863,-134.88776484758856,-1,0.1928793388363343,0.183942470036982,28.9,9.612066116366565,33.25974434728915,1.5897284613326848
frame_334,0,255,1,-1,False,False,True,1.3213993,False,[],,42.7216948770992,-113.4036425132462,-1,0.2145045673766163,0.2215755350720563,28.9,7.449543262338359,25.776966305669063,1.9214553399395915
frame_335,0,255,1,-1,False,False,True,1.2991261,False,[],,71.33236709754154,-132.11342927563228,-1,0.4390131410448377,0.4416015706405297,28.9,15.00131410448377,51.90766126118952,1.6038984016817048
frame_336,0,255,1,-1,False,False,True,1.3045032,False,[],,73.35501323192729,-121.87600582460304,-1,0.4349312696628207,0.4657551050899702,28.9,14.593126966282073,50.495249018277065,1.665669965172956
frame_337,0,255,1,-1,False,False,True,1.3064122,False,[],,74.07115162884581,-115.0179961322436,-1,0.4508201778800915,0.463515851692664,28.9,16.182017788009155,55.99314113497977,1.707190117903695
frame_338,0,255,1,-1,False,False,True,1.3558993,False,[],,-36.42922160766982,78.15538550814652,-1,0.1870677000673015,0.2596966381257677,28.9,10.193229993269842,35.27069201823475,1.9368374016888608
frame_339,0,255,1,-1,False,False,True,1.3302512,False,[],,65.5617549051704,-140.64710127621802,-1,0.2160408871819579,0.2188436967899689,28.9,7.295911281804207,25.245367757107985,1.595702510761564
frame_340,0,255,1,-1,False,False,True,1.3518128,False,[],,72.61744115191982,-122.06255069649752,-1,0.441253922545975,0.4555543303240881,28.9,15.225392254597509,52.6830181819983,1.6459160028379174
frame_341,0,255,1,-1,False,False,True,1.3233471,False,[],,59.56916937936738,-143.55060251229852,-1,0.1765077987702041,0.1797100262683001,28.9,11.24922012297958,38.92463710373558,1.6041000554696052
frame_342,0,255,1,-1,False,False,True,1.3061217,False,[],,47.61935118802758,-157.35371621931915,-1,0.1367027454822063,0.1427737901039888,28.9,15.22972545177937,52.69801194387325,1.587295045593445
frame_343,0,255,1,-1,False,False,True,1.2889526,False,[],,71.73809816083563,-120.8228101719283,-1,0.447636953216119,0.4790569355573633,28.9,15.863695321611909,54.89167931353602,1.9163994384743976
frame_344,0,255,1,-1,False,False,True,1.2989749,False,[],,64.83446420286703,-152.89279677565716,-1,0.2511414588800931,0.2049925092978457,28.9,3.785854111990688,13.099841217960858,1.6077984106742729
frame_345,0,255,1,-1,False,False,True,1.310454,False,[],,76.10505439662681,-115.05617965764864,-1,0.4405265351926963,0.4750495581553925,28.9,15.152653519269638,52.431327056296325,1.7402374111943777
frame_346,0,255,1,-1,False,False,True,1.3081445,False,[],,71.71763522655402,-124.15074439801518,-1,0.4476138610421392,0.4606200270140659,28.9,15.86138610421392,54.88368894191669,1.626856039710871
frame_347,0,255,1,-1,False,False,True,1.3094727,False,[],,59.49762781842839,-160.36786407371437,-1,0.1823234580120576,0.1781548533355186,28.9,10.667654198794237,36.912298265724,1.602880744963456
frame_348,0,255,1,-1,False,False,True,1.2607561,False,[],,58.54968571990669,-160.67799628393945,-1,0.1771334236927828,0.1992493523920598,28.9,11.186657630721712,38.70815789177063,1.5946702905032666
frame_349,0,255,1,-1,False,False,True,1.3150315,False,[],,48.97881862898025,-108.43240976065704,-1,0.2095290624562074,0.2257547452079663,28.9,7.947093754379258,27.498594305810585,1.942285038727365
frame_350,0,255,1,-1,False,False,True,1.3099407,False,[],,65.9517857074022,-156.91043677425904,-1,0.2589606450076687,0.235556126221436,28.9,3.003935499233129,10.394240481775531,1.60399355961982
frame_351,0,255,1,-1,False,False,True,1.350799,False,[],,62.76488391288341,-155.78184678627105,-1,0.2353574312138722,0.2279968747441177,28.9,5.364256878612777,18.561442486549403,1.6081145052937256
frame_352,0,255,1,-1,False,False,True,1.3564867,False,[],,63.906940361065935,-155.45726108242962,-1,0.1785898515429913,0.1867287957262496,28.9,11.041014845700865,38.20420361834209,1.6140712143913392
frame_353,0,255,1,-1,False,False,True,1.3704224,False,[],,65.1721879484646,-161.214199127869,-1,0.1890749669467231,0.1902126446947304,28.9,9.992503305327688,34.57613600459408,1.6078976571998636
frame_354,0,255,1,-1,False,False,True,1.3985368,False,[],,66.31594878104148,-161.19010672515856,-1,0.2053138349170009,0.2026681082927027,28.9,8.368616508299903,28.957150547750533,1.6082416499863152
frame_355,0,255,1,-1,False,False,True,1.4001245,False,[],,54.18898725821175,-156.16453320481708,-1,0.1527551911239844,0.1521022672593709,28.9,13.62448088760156,47.14353248305038,1.5917957489607764
frame_356,0,255,1,-1,False,False,True,1.439748,False,[],,69.97706536788782,-149.2207039419484,-1,0.2882856148748687,0.2839818062794955,28.9,0.0714385125131278,0.2471920848205115,1.610684848347079
frame_357,0,255,1,-1,False,False,True,1.4479375,False,[],,48.14713853392689,-141.7399107414437,-1,0.1236454382487077,0.133482493827591,28.9,16.53545617512922,57.216111332627065,1.5873224624906268
frame_358,0,255,1,-1,False,False,True,1.4523842,False,[],,70.826212033902,-157.62675577297125,-1,0.3496215317747406,0.3194285869051597,28.9,6.062153177474067,20.976308572574627,1.625620069118176
frame_359,0,255,1,-1,False,False,True,1.4178194,False,[],,65.82208457097893,-156.51771564962343,-1,0.2046341672029981,0.1925440631102527,28.9,8.436583279700189,29.192329687543904,1.595775167004894
frame_360,0,255,1,-1,False,False,True,1.4828459,False,[],,-18.692137831031093,89.8347793311547,-1,0.2012208000911464,0.2207148816297976,28.9,8.777919990885358,30.373425573997785,1.9540020517357015
frame_361,0,255,1,-1,False,False,True,1.3420815,False,[],,59.73716415210174,-146.8692865776415,-1,0.192111876504516,0.1821733442424621,28.9,9.688812349548398,33.52530224757231,1.593590981497374
frame_362,0,255,1,-1,False,False,True,1.3474042,False,[],,56.007303108221386,-145.4314684630697,-1,0.1762233388189868,0.1619063122723902,28.9,11.27766611810131,39.02306615259969,1.58673562191019
frame_363,0,255,1,-1,False,False,True,1.4313002,False,[],,56.91028779615887,-143.3752013850487,-1,0.1800283167332361,0.1741868404972554,28.9,10.897168326676384,37.70646479818818,1.597923893104365
frame_364,0,255,1,-1,False,False,True,1.4734281,False,[],,73.7716841871435,-143.70958092739446,-1,0.4420899695520721,0.4558792747096343,28.9,15.308996955207215,52.97230780348517,1.649080918609746
frame_365,0,255,1,-1,False,False,True,1.4743369,False,[],,-13.336303736240758,96.56927350643744,-1,0.1725429338619905,0.1810157000768096,28.9,11.645706613800945,40.29656267751192,1.9505085031730915
frame_366,0,255,1,-1,False,False,True,1.4068059,False,[],,-1.0,-1.0,-1,-1.0,0.1869126453890335,28.9,,,1.9531591142589677
frame_367,0,255,1,-1,False,False,True,1.3719195,False,[],,74.71598673836137,-132.54422545572115,-1,0.4376470291817127,0.4389810558805648,28.9,14.864702918171274,51.43495819436426,1.7087737697579286
frame_368,0,255,1,-1,False,False,True,1.4685115,False,[],,71.59815284319076,-150.3015457895137,-1,0.3539851767208208,0.3124138539634684,28.9,6.498517672082088,22.486220318623143,1.6402141287493608
frame_369,0,255,1,-1,False,False,True,1.5455621,False,[],,-1.0,-1.0,-1,-1.0,0.1583130715616685,28.9,,,1.95522999663453
frame_370,0,255,1,-1,False,False,True,1.5050523,False,[],,-17.83751436743158,97.90012253119409,-1,0.1727779648189134,0.1808781690576524,28.9,11.62220351810866,40.21523708688117,1.9482139604205784
frame_371,0,255,1,-1,False,False,True,1.4598448,False,[],,71.63220098852456,-149.30771912007978,-1,0.2772420727036884,0.2820375978389152,28.9,1.1757927296311588,4.068486953741034,1.634897010567857
frame_372,0,255,1,-1,False,False,True,1.566342,False,[],,-20.23181635973024,99.0686700433118,-1,0.1629809043554683,0.1640736152184812,28.9,12.601909564453168,43.60522340641235,1.9483874823226304
frame_373,0,255,1,-1,False,False,True,1.5845233,False,[],,-13.203377547000594,95.05757988057472,-1,0.1602913369742389,0.1915061964543703,28.9,12.8708663025761,44.535869559086855,1.9493173123110343
frame_374,0,255,1,-1,False,False,True,1.5952257,False,[],,-17.342858596000784,96.1504833045984,-1,0.1854299039006239,0.2223996388100557,28.9,10.357009609937606,35.837403494593794,1.9532259225845336
frame_375,0,255,1,-1,False,False,True,1.5827944,False,[],,74.84745721025266,-128.00168836962413,-1,0.4386857755445157,0.4604310007784608,28.9,14.968577554451572,51.79438600156254,1.711260194730277
frame_376,0,255,1,-1,False,False,True,1.6046729,False,[],,74.72091942122252,-133.4348707715056,-1,0.4350204030618134,0.4503922611789905,28.9,14.602040306181346,50.52609102484895,1.677364829215772
frame_377,0,255,1,-1,False,False,True,1.6558167,False,[],,75.44483317078534,-135.78869205019396,-1,0.43461668772546,0.4406331357933566,28.9,14.561668772546003,50.38639713683739,1.6644217412931406
frame_378,0,255,1,-1,False,False,True,1.7291567,False,[],,-19.18411213331464,94.119227855332,-1,0.1739454101820031,0.1963621525881566,28.9,11.505458981799682,39.81127675363212,1.9458904452886892
frame_379,0,255,1,-1,False,False,True,1.7120131,False,[],,-30.706669402000124,77.2941850395098,-1,0.1913971553468059,0.2566139854247238,28.9,9.760284465319408,33.77261060664155,1.9450148458920375
frame_380,0,255,1,-1,False,False,True,1.7176803,False,[],,-20.410563319802037,95.55162490438322,-1,0.1943328586480588,0.2178171345956871,28.9,9.466714135194117,32.756796315550574,1.9482060386876392
frame_381,0,255,1,-1,False,False,True,1.7125156,False,[],,-8.647942976940874,101.43359929124924,-1,0.1575144672150506,0.1542443262367425,28.9,13.148553278494935,45.496724147041306,1.950154199793532
frame_382,0,255,1,-1,False,False,True,1.7343078,False,[],,-20.67241300423624,97.19747616274633,-1,0.1827818130662832,0.2160843594481724,28.9,10.62181869337167,36.75369790094003,1.950670561387171
frame_383,0,255,1,-1,False,False,True,1.7846082,False,[],,-24.00038228124529,90.7941471279317,-1,0.189680968246898,0.2017689314407769,28.9,9.931903175310191,34.36644697339167,1.9446958067088287
frame_384,0,255,1,-1,False,False,True,1.7888561,False,[],,59.26421351845183,-153.80965976282562,-1,0.129457111417887,0.1595416907113923,28.9,15.95428885821129,55.20515175851658,1.586045815947942
frame_385,0,255,1,-1,False,False,True,1.8301669,True,[],,-17.252583822572074,91.99141121633862,-1,0.1728006497404126,0.19667643372382,28.9,11.61993502595874,40.20738763307523,1.9505309489722675
frame_386,0,255,1,-1,False,False,True,1.8737895,True,[],,-37.19479445978019,83.15628902979496,-1,0.2188682602272553,0.2569712696439339,28.9,7.0131739772744615,24.267037983648656,1.950051908863002
frame_387,0,255,1,-1,False,False,True,1.8131803,True,[],,75.49306068753934,-104.79884720033584,-1,0.4405945707456231,0.449687800374453,28.9,15.159457074562315,52.454868770111815,1.6904296724275611
frame_388,0,255,1,-1,False,False,True,1.8869765,True,[],,-14.084044854117884,98.24307271476252,-1,0.1797976735590925,0.2084126215464544,28.9,10.920232644090744,37.78627212488147,1.951133924903292
frame_389,0,255,1,-1,False,False,True,1.8642851,True,[],,72.82489170143832,-147.8064020050597,-1,0.2663619535713759,0.1942959101110655,28.9,2.263804642862405,7.833234058347421,1.6143447750107536
frame_390,0,255,1,-1,False,False,True,1.8204696,True,[],,-32.21639910711554,81.78870503525738,-1,0.1931548811758837,0.2266425484543496,28.9,9.584511882411622,33.164400977202845,1.9447996696504224
frame_391,0,255,1,-1,False,False,True,1.7915984,False,[],,-30.885466563190217,86.19304167106938,-1,0.2113669863168447,0.2338877909078087,28.9,7.763301368315528,26.86263449244128,1.946541202835905
frame_392,0,255,1,-1,False,False,True,1.7280362,False,[],,9.43569022045021,108.77677032963278,-1,0.1173935565799715,0.120397392469182,28.9,17.160644342002847,59.37939218686107,1.9564258378964885
frame_393,0,255,1,-1,False,False,True,1.8186327,True,[],,-28.622502857549183,86.85316607329632,-1,0.1957049220124466,0.2236948421250555,28.9,9.329507798755335,32.282033905727815,1.946016204617004
frame_394,0,255,1,-1,False,False,True,1.7968162,False,[],,65.13565791028111,-136.99666047028768,-1,0.2148130380633028,0.2114140477892389,28.9,7.41869619366971,25.670229043839832,1.5924463529041435
frame_395,0,255,1,-1,False,False,True,1.8126676,True,[],,69.06740075269549,-143.62433009862082,-1,0.2508677658478211,0.1870119498242052,28.9,3.813223415217887,13.194544689335247,1.59191547573983
frame_396,0,255,1,-1,False,False,True,1.8220268,True,[],,-29.719975348199316,102.19387902077465,-1,0.1679906067280693,0.2123686222466309,28.9,12.100939327193066,41.87176237783068,1.942966080140853
frame_397,0,255,1,-1,False,False,True,1.8358448,True,[],,58.97561492440733,-150.94004767256712,-1,0.1307023352111793,0.1404232462058642,28.9,15.829766478882062,54.77427847364036,1.58184465701366
frame_398,0,255,1,-1,False,False,True,1.7792274,False,[],,-20.895260767259483,96.06906263844571,-1,0.1742772870447012,0.1782161021572175,28.9,11.472271295529874,39.69644046896151,1.949703735041331
frame_399,0,255,1,-1,False,False,True,1.8655525,True,[],,-28.176879076521335,87.59326220716522,-1,0.2056132865028386,0.2690688235497234,28.9,8.338671349716137,28.85353408206276,1.950212335650812
frame_400,0,255,1,-1,False,False,True,1.9175112,True,[],,-15.923453164158497,97.9535762585444,-1,0.1711780559217902,0.2039416562952716,28.9,11.782194407820972,40.76883878138745,1.950908601284027
frame_401,0,255,1,-1,False,False,True,1.8974519,True,[],,-1.0,-1.0,-1,-1.0,0.2516650968531621,28.9,,,1.9488863432874528
frame_402,0,255,1,-1,False,False,True,1.8513196,True,[],,-11.538565236748704,96.27103762486772,-1,0.1669890616309934,0.1882636956628994,28.9,12.201093836900656,42.21831777474275,1.9521526389407675
frame_403,0,255,1,-1,False,False,True,1.7951393,False,[],,-15.304508551267592,94.15040708966602,-1,0.1639349257610904,0.1662335840607542,28.9,12.50650742389095,43.27511219339429,1.949482965190508
frame_404,0,255,1,-1,False,False,True,1.8948501,True,[],,71.47886681990941,-154.71030915084168,-1,0.1859838155194173,0.1929234319046391,28.9,10.301618448058264,35.645738574596066,1.611338064156843
frame_405,0,255,1,-1,False,False,True,1.7481505,False,[],,-27.345161800882995,90.88003440722188,-1,0.1800791257082082,0.2130017676432385,28.9,10.89208742917917,37.68888383799021,1.9479772601952527
frame_406,0,255,1,-1,False,False,True,1.7939951,False,[],,-19.0200230451265,99.84380611023948,-1,0.1671370679511665,0.1985873030674826,28.9,12.18629320488334,42.16710451516728,1.9471460966804308
frame_407,0,255,1,-1,False,False,True,1.7993915,False,[],,-32.65032291560875,84.74052665329263,-1,0.1933197655993246,0.2113650292888423,28.9,9.568023440067536,33.107347543486284,1.9437912829519144
frame_408,0,255,1,-1,False,False,True,1.8317294,True,[],,-26.88015177947226,92.69478128412068,-1,0.1845304019821516,0.2227943218884697,28.9,10.446959801784834,36.14864983316552,1.944349989736366
frame_409,0,255,1,-1,False,False,True,1.8510282,True,[],,-18.278490239620297,98.41693337207388,-1,0.162247299615267,0.181653837651002,28.9,12.675270038473291,43.859065877070215,1.958643822986892
frame_410,0,255,1,-1,False,False,True,1.8334955,True,[],,-23.17873333881456,87.87196988791237,-1,0.1698945729557469,0.2036172162670866,28.9,11.910542704425303,41.21295053434361,1.9474051898601008
frame_411,0,255,1,-1,False,False,True,1.8340659,True,[],,-19.60095734810613,98.33547105252087,-1,0.1717559757586669,0.1896081771975285,28.9,11.7244024241333,40.56886651949239,1.948497850431813
frame_412,0,255,1,-1,False,False,True,1.834165,True,[],,-23.465791800776703,95.48307375264,-1,0.1819066209402011,0.1965500458925529,28.9,10.709337905979885,37.0565325466432,1.948374399843142
frame_413,0,255,1,-1,False,False,True,1.872475,True,[],,76.68277358596615,-116.67087205405086,-1,0.4553341930434473,0.4582346564622789,28.9,16.633419304344738,57.55508409807868,1.6898537056516358
frame_414,0,255,1,-1,False,False,True,1.8950887,True,[],,51.055892149486745,-132.45918502323048,-1,0.109772919916556,0.1030407285257261,28.9,17.922708008344397,62.01629068631279,1.5889249703326782
frame_415,0,255,1,-1,False,False,True,1.8840488,True,[],,73.98981422235254,-107.9398333096204,-1,0.4283733975642942,0.4599786331139242,28.9,13.937339756429427,48.22608912259318,1.9292868115107216
frame_416,0,255,1,-1,False,False,True,1.8924823,True,[],,-31.8262482044841,84.74840715445859,-1,0.1886467650235341,0.2627609294531247,28.9,10.035323497646582,34.72430276002277,1.9482157498421755
frame_417,0,255,1,-1,False,False,True,1.8753808,True,[],,79.09542423153967,-102.85425761383114,-1,0.4316074849003473,0.4678781760655918,28.9,14.26074849003473,49.34515048454925,1.7526361700446549
frame_418,0,255,1,-1,False,False,True,2.0196266,True,[],,-5.63112152201256,94.86869127375346,-1,0.1732105471128409,0.1986873139294121,28.9,11.578945288715907,40.06555463223498,1.9577117191293825
frame_419,0,255,1,-1,False,False,True,2.0312984,True,[],,-22.721487898907373,93.26589837288368,-1,0.1816331208413389,0.2043649966374464,28.9,10.7366879158661,37.151169259052246,1.9451630934542985
frame_420,0,255,1,-1,False,False,True,1.8904122,True,[],,-16.993784777950193,98.6898208106197,-1,0.1666348887318452,0.2013981274182243,28.9,12.236511126815476,42.340868950918605,1.948794123783086
frame_421,0,255,1,-1,False,False,True,2.002277,True,[],,-16.875275559186992,100.53054921067464,-1,0.1833329397060049,0.1968553371576283,28.9,10.566706029399503,36.562996641520776,1.9484494688746692
frame_422,0,255,1,-1,False,False,True,1.9868917,True,[],,-16.593097371369147,99.62634051466097,-1,0.1663757107796222,0.1981667691847893,28.9,12.262428922037778,42.43054990324491,1.951950690004884
frame_423,0,255,1,-1,False,False,True,1.9671359,True,[],,-20.81934071286904,101.45043509766752,-1,0.1679358429136218,0.196802715598773,28.9,12.106415708637812,41.89071179459451,1.9521936629269572
frame_424,0,255,1,-1,False,False,True,1.9916775,True,[],,-17.752038650284067,96.05673932111632,-1,0.1698669778108886,0.1895714442061712,28.9,11.91330221891113,41.22249902737416,1.9485922181625008
frame_425,0,255,1,-1,False,False,True,1.9476476,True,[],,-14.188671355818764,99.99531335411194,-1,0.1615405776234451,0.1956260762524609,28.9,12.74594223765549,44.10360635866952,1.9537194310729185
frame_426,0,255,1,-1,False,False,True,1.9226935,True,[],,-1.0,-1.0,-1,-1.0,0.0932928569493152,28.9,,,1.5777959043597
frame_427,0,255,1,-1,False,False,True,1.9238135,True,[],,79.02726988475862,-104.53184869288276,-1,0.4368459709559853,0.4809368626109808,28.9,14.784597095598532,51.15777541729597,1.7957477631224426
frame_428,0,255,1,-1,False,False,True,1.9935219,True,[],,-1.0,-1.0,-1,-1.0,0.1634528892013141,28.9,,,1.5876804783298215
frame_429,0,255,1,-1,False,False,True,2.1235094,True,[],,67.76615637644103,-149.7493820804159,-1,0.1405048837850002,0.1577221262791412,28.9,14.849511621499971,51.382393153979145,1.599362867065223
frame_430,0,255,1,-1,False,False,True,2.0789363,True,[],,-29.06403195463181,104.35106002067914,-1,0.1640397106417619,0.1750850019553298,28.9,12.496028935823803,43.23885444921732,1.9413674962693368
frame_431,0,255,1,-1,False,False,True,2.0862293,True,[],,-20.36340179360117,97.23320945005322,-1,0.1825490518346032,0.2015607173914762,28.9,10.645094816539672,36.834238119514445,1.9504596500933824
frame_432,0,255,1,-1,False,False,True,2.0529518,True,[],,60.30852621565227,-160.20691153488616,-1,0.1294463469367015,0.1347570802354205,28.9,15.955365306329844,55.20887649249081,1.5930395938245088
frame_433,0,255,1,-1,False,False,True,2.1181962,True,[],,78.83742415674236,-104.4374678248178,-1,0.4203751997486056,0.4639861828463948,28.9,13.13751997486056,45.458546625815096,1.7897183581500384
frame_434,0,255,1,-1,False,False,True,2.0229182,True,[],,-23.117120605930037,93.46989388250157,-1,0.1733958624752702,0.1915463055323994,28.9,11.56041375247297,40.00143166945664,1.9505160695792416
frame_435,0,255,1,-1,False,False,True,1.9975531,True,[],,80.0075705687967,-104.1035337360518,-1,0.4305606149917851,0.4728438763094205,28.9,14.156061499178511,48.98291176186337,1.7938334982514288
frame_436,0,255,1,-1,False,False,True,2.0750854,True,[],,-13.567731648619157,98.8124659359456,-1,0.1713501178407704,0.1879831694576659,28.9,11.76498821592295,40.70930178520052,1.9480106378366424
frame_437,0,255,1,-1,False,False,True,2.1488914,True,[],,79.73987667047284,-100.88471749462953,-1,0.4358919399407683,0.476220231704802,28.9,14.689193994076838,50.82766087915861,1.7868119378510323
frame_438,0,255,1,-1,False,False,True,2.0535681,True,[],,-33.21885054665731,91.34547382462178,-1,0.187597357611569,0.2310343385415797,28.9,10.140264238843097,35.0874195115678,1.9424798972415227
frame_439,0,255,1,-1,False,False,True,1.9876968,True,[],,72.75288837048322,-148.6793114622366,-1,0.2345268105586255,0.1908411728481102,28.9,5.447318944137441,18.848854477984226,1.598743774379488
frame_440,0,255,1,-1,False,False,True,1.8392878,True,[],,64.35119302010699,-149.17888420996712,-1,0.1694877718218341,0.1519156807314139,28.9,11.951222817816582,41.35371217237572,1.594814061600229
frame_441,0,255,1,-1,False,False,True,1.6781062,False,[],,-23.085126736612494,94.8171109111132,-1,0.1569447763567024,0.1837528359668962,28.9,13.205522364329752,45.69384901152164,1.9460858032240165
frame_442,0,255,1,-1,False,False,True,1.9124315,True,[],,-15.956569223400304,99.46898285222464,-1,0.1812350600415356,0.2152804301135034,28.9,10.776493995846437,37.28890656002227,1.948646117105573
frame_443,0,255,1,-1,False,False,True,1.7907072,False,[],,66.70262694475927,-155.18945320407894,-1,0.144001364306967,0.1409855305993484,28.9,14.49986356930329,50.17253830208751,1.593351394419453
frame_444,0,255,1,-1,False,False,True,1.7664251,False,[],,69.17195665521798,-154.77534620426255,-1,0.1942370844968595,0.1809551392366963,28.9,9.476291550314048,32.789936160256225,1.6063887305293525
frame_445,0,255,1,-1,False,False,True,1.5743201,False,[],,69.70974939641306,174.76247276124607,-1,0.1740149392168566,0.17460358294316,28.9,11.498506078314335,39.78721826406345,1.5793998704883525
frame_446,0,255,1,-1,False,False,True,1.6881654,False,[],,-20.279341437079413,99.36182628950525,-1,0.160110828312881,0.1814866022044997,28.9,12.888917168711894,44.598329303501366,1.9470249067449796
frame_447,0,255,1,-1,False,False,True,1.7614146,False,[],,70.60346907768971,-145.55671606072767,-1,0.234532695117503,0.2317349179382144,28.9,5.44673048824969,18.84681829844184,1.604167352821157
frame_448,0,255,1,-1,False,False,True,1.6651385,False,[],,-1.0,-1.0,-1,-1.0,0.1119140709896263,28.9,,,1.581747373002906
frame_449,0,255,1,-1,False,False,True,1.488563,False,[],,75.59716375231413,-125.90662537858414,-1,0.4132983986437581,0.4225081970118261,28.9,12.429839864375818,43.00982652033155,1.6130467764093266
frame_450,0,255,1,-1,False,False,True,1.579215,False,[],,67.65054013823453,-150.5246242286469,-1,0.2516563771687827,0.2012927953416932,28.9,3.7343622831217225,12.921668799729144,1.599036716655964
frame_451,0,255,1,-1,False,False,True,1.6831188,False,[],,72.2105508169568,-157.04646677266888,-1,0.2890669644445984,0.2745158479554628,28.9,0.0066964444598471,0.023171088096357,1.616801952708299
frame_452,0,255,1,-1,False,False,True,1.4329132,False,[],,72.01704410333434,-160.66258798360553,-1,0.196219019837917,0.191866338310293,28.9,9.278098016208297,32.10414538480379,1.6037336602745214
frame_453,0,255,1,-1,False,False,True,1.4625871,False,[],,80.98302210093459,-121.6251949399556,-1,0.4181808256332275,0.4694733005210414,28.9,12.918082563322756,44.69924762395418,1.6994611941065108
frame_454,0,255,1,-1,False,False,True,1.3192326,False,[],,67.06099014178676,-156.8247985987948,-1,0.1894750895489478,0.1921747444997997,28.9,9.95249104510521,34.43768527718066,1.6066293963764775
frame_455,0,255,1,-1,False,False,True,1.5613532,False,[],,64.06235541730341,-149.78662770435352,-1,0.1855783535082711,0.1870468012275645,28.9,10.342164649172886,35.78603684834909,1.604205339794745
frame_456,0,255,1,-1,False,False,True,1.3534331,False,[],,63.90059389982791,-163.52242700634733,-1,0.2165160796363292,0.1776079305650725,28.9,7.248392036367074,25.08094130230821,1.5971899928442752
frame_457,0,255,1,-1,False,False,True,1.1065127,False,[],,68.0757799293564,-160.8462073265091,-1,0.2007988026775324,0.1964989768066732,28.9,8.82011973224675,30.51944544030017,1.6133733676951467
frame_458,0,255,1,-1,False,False,True,1.010014,False,[],,64.52465152556628,-174.67060390012963,-1,0.1447543873476309,0.1520706479394167,28.9,14.424561265236909,49.91197669632148,1.5892686609333084
frame_459,0,255,1,-1,False,False,True,1.015586,False,[],,55.10132405726406,-159.0602088758295,-1,0.1499737898789048,0.1388738686531556,28.9,13.902621012109512,48.10595505920247,1.5918770726904812
frame_460,0,255,1,-1,False,False,True,1.1228983,False,[],,72.03976107742454,-165.25851414237812,-1,0.3104984035300446,0.2979657742612024,28.9,2.149840353004468,7.438893955032761,1.611697068955923
frame_461,0,255,1,-1,False,False,True,1.0131115,False,[],,60.08783649340445,-156.6369658386806,-1,0.1764773118860976,0.1736987040591098,28.9,11.252268811390238,38.93518619858214,1.5926540740114024
frame_462,0,255,1,-1,False,False,True,1.0394474,False,[],,66.1484912364065,-171.07141539016004,-1,0.1986298397777948,0.1910885253936856,28.9,9.037016022220518,31.26995163398104,1.592649471344321
frame_463,0,255,1,-1,False,False,True,1.0630842,False,[],,70.67881516838995,-163.28564947020885,-1,0.2816266758862156,0.2670306417099677,28.9,0.7373324113784385,2.551323222762764,1.6296501274792206
frame_464,0,255,1,-1,False,False,True,1.1160629,False,[],,61.53744939444564,-153.1292470858099,-1,0.1411369041635055,0.1589512486216936,28.9,14.786309583649444,51.16370098148596,1.5829040788941913
frame_465,0,255,1,-1,False,False,True,1.1193805,False,[],,68.8098405396192,-166.2819778734565,-1,0.2974233301947449,0.2776318404690943,28.9,0.8423330194744894,2.914647126209306,1.620056008486814
frame_466,0,255,1,-1,False,False,True,1.16704,False,[],,62.8331322802818,-162.77448659025592,-1,0.207967689011292,0.2059594392770067,28.9,8.103231098870795,28.038861933808985,1.6053286417225372
frame_467,0,255,1,-1,False,False,True,1.2022887,False,[],,67.50564940520749,-163.94102122071055,-1,0.3210488059465954,0.2794562069772595,28.9,3.2048805946595484,11.089552230655878,1.617796899394229
frame_468,0,255,1,-1,False,False,True,1.2014,False,[],,67.36536206152213,-162.24439471523303,-1,0.2569423948472515,0.2566632393029562,28.9,3.205760515274841,11.09259693866727,1.624903392213494
frame_469,0,255,1,-1,False,False,True,1.1884812,False,[],,65.74587491566227,-166.93225387266645,-1,0.1983707572562423,0.184526260370314,28.9,9.062924274375767,31.359599565314078,1.592346264489332
frame_470,0,255,1,-1,False,False,True,1.1486796,False,[],,64.91263547387557,-162.190170017025,-1,0.2295491490078154,0.2293526683503928,28.9,5.945085099218455,20.57122871701888,1.6039063499404953
frame_471,0,255,1,-1,False,False,True,1.1263921,False,[],,73.82567069139634,-152.17445405753318,-1,0.4263427938225788,0.4271369104477602,28.9,13.73427938225788,47.52345807009647,1.6404269683860733
frame_472,0,255,1,-1,False,False,True,1.2285839,False,[],,70.12767996245019,-163.8728925131374,-1,0.3665225039979611,0.3840424160382372,28.9,7.752250399796118,26.82439584704539,1.6466291466574867
frame_473,0,255,1,-1,False,False,True,1.2505357,False,[],,65.34083583519677,-165.4005687795791,-1,0.2633028530077763,0.2054142265563136,28.9,2.569714699222364,8.891746364091224,1.6231172452667295
frame_474,0,255,1,-1,False,False,True,1.3018491,False,[],,66.721081608856,-168.1870091530833,-1,0.3085682819314412,0.2587843315655404,28.9,1.956828193144128,6.771031810187293,1.614905973199233
frame_475,0,255,1,-1,False,False,True,1.358677,False,[],,75.51294834589349,-149.2704498635728,-1,0.4203563389456128,0.4439585275746995,28.9,13.135633894561288,45.45202039640584,1.6848836996131211
frame_476,0,255,1,-1,False,False,True,1.3326081,False,[],,67.6652716022944,-157.6513475255594,-1,0.3879775520953186,0.3920755447919368,28.9,9.89775520953186,34.24828792225557,1.647083688601792
frame_477,0,255,1,-1,False,False,True,1.3261772,False,[],,77.77300385072017,-150.02499712627505,-1,0.4407198328887201,0.4481222871937236,28.9,15.17198328887201,52.49821207222149,1.69576116848266
frame_478,0,255,1,-1,False,False,True,1.3327677,False,[],,52.26384888566261,-150.55338982846783,-1,0.2024845796896928,0.1952540268811086,28.9,8.651542031030719,29.936131595262005,1.5890098833378896
frame_479,0,255,1,-1,False,False,True,1.3271272,False,[],,75.38925287243875,-147.4869891528982,-1,0.4279435938497637,0.448988287799323,28.9,13.89435938497638,48.07736811410513,1.6966369879213188
frame_480,0,255,1,-1,False,False,True,1.2008188,False,[],,70.09994414266514,-161.3713775543651,-1,0.2932647057549686,0.282842246734102,28.9,0.4264705754968678,1.475676731823072,1.6509373811659989
frame_481,0,255,1,-1,False,False,True,1.2664523,False,[],,68.99404451367207,-157.38117472885773,-1,0.3863193535540974,0.3637597928265955,28.9,9.731935355409744,33.674516800725755,1.677310007770649
frame_482,0,255,1,-1,False,False,True,1.2884333,False,[],,69.34129756662665,-160.6941165598048,-1,0.3687268583220355,0.3547373763865877,28.9,7.972685832203558,27.58714820831681,1.67076786164703
frame_483,0,255,1,-1,False,False,True,1.1984723,False,[],,68.19005698285638,-153.00279337657614,-1,0.3867000494914645,0.3169515778160139,28.9,9.770004949146454,33.80624549877666,1.6720616631455474
frame_484,0,255,1,-1,False,False,True,1.2162136,False,[],,68.76449414390501,-158.19484485508946,-1,0.3358400433036805,0.3247006116391565,28.9,4.684004330368058,16.207627440719925,1.676137888056447
frame_485,0,255,1,-1,False,False,True,1.2425157,False,[],,70.52311308742267,-157.96661387687533,-1,0.3938246148929181,0.3877962345270761,28.9,10.482461489291811,36.27149304253222,1.6840922790560886
frame_486,0,255,1,-1,False,False,True,1.190078,False,[],,78.09723477710644,-141.56609367671413,-1,0.4224821215026189,0.4459603200167327,28.9,13.34821215026189,46.18758529502384,1.7302094101905825
frame_487,0,255,1,-1,False,False,True,1.0679262,False,[],,69.59027720304738,-158.20194652006364,-1,0.3822900379589511,0.3858971582636683,28.9,9.329003795895114,32.28028995119417,1.663845419677305
frame_488,0,255,1,-1,False,False,True,1.0582409,False,[],,77.61877231130579,-145.83957414471897,-1,0.4352129480177131,0.4462249699185055,28.9,14.621294801771317,50.59271557706339,1.7163895670956335
frame_489,0,255,1,-1,False,False,True,1.1647873,False,[],,62.77662843998655,-162.49600895122367,-1,0.333892741478478,0.334083458563078,28.9,4.489274147847805,15.533820580788255,1.7267629990729343
frame_490,0,255,1,-1,False,False,True,1.195531,False,[],,71.83790994215497,-160.68601554382016,-1,0.3909918071297789,0.3882483834083906,28.9,10.19918071297789,35.29128274386814,1.691477831243125
frame_491,0,255,1,-1,False,False,True,1.1192809,False,[],,68.80866637799923,-157.72603587350864,-1,0.2485725586253697,0.2505158045949923,28.9,4.042744137463022,13.988734039664438,1.61400832188146
frame_492,0,255,1,-1,False,False,True,1.1026657,False,[],,72.60333958080021,-154.24389131995238,-1,0.4096490083797419,0.4192919473291405,28.9,12.064900837974196,41.747061723094106,1.6873440468760563
frame_493,0,255,1,-1,False,False,True,1.0154626,False,[],,69.43744315855132,-134.69432216578184,-1,0.1343431021954242,0.1388827615916781,28.9,15.465689780457575,53.514497510233824,1.5787365913391114
frame_494,0,255,1,-1,False,False,True,1.0613672,False,[],,79.16492561503331,-127.09516590245596,-1,0.4131597376846634,0.4324530498096369,28.9,12.415973768466342,42.96184694971053,1.725285387802124
frame_495,0,255,1,-1,False,False,True,1.505537,False,[],,-22.601786344543704,121.10760243511764,-1,0.1418094658882882,0.1620138485319987,28.9,14.719053411171174,50.93098066149195,1.9501599360043835
frame_496,0,255,1,-1,False,False,True,1.1326869,False,[],,-1.0,-1.0,-1,-1.0,0.1275779295411404,28.9,,,1.5702440862899725
frame_497,0,255,1,-1,False,False,True,1.0520849,False,[],,67.15509745109969,-159.9554848577863,-1,0.3009388192179234,0.2870501264765671,28.9,1.1938819217923446,4.131079314160362,1.70621027154537
frame_498,0,255,1,-1,False,False,True,1.253389,False,[],,-2.629481506912827,116.44107029603715,-1,0.163698694373974,0.2324675365621692,28.9,12.530130562602595,43.35685315779445,1.9538747353846968
frame_499,0,255,1,-1,False,False,True,1.4640522,False,[],,79.52664027340006,-95.44966079947808,-1,0.4316951994334883,0.4551201462995828,28.9,14.269519943348834,49.37550153407901,1.7818226971789637
frame_500,0,255,1,-1,False,False,True,1.7470149,False,[],,-5.258324087473421,103.73123871427678,-1,0.185705134240196,0.2164756842467986,28.9,10.329486575980392,35.742168082977145,1.9574741830023767
frame_502,0,255,1,-1,False,False,True,2.0805535,True,[],,-7.89548483395088,103.7932022310254,-1,0.1929226456937681,0.2122914245365137,28.9,9.607735430623189,33.24475927551276,1.957016235306149
frame_503,0,255,1,-1,False,False,True,2.0235267,True,[],,78.2098425408259,-101.15068978450742,-1,0.4580637484829741,0.5029622898459123,28.9,16.906374848297418,58.49956694912601,1.86029935848466
frame_504,0,255,1,-1,False,False,True,2.1140969,True,[],,3.5619422838946035,117.00957149392568,-1,0.1128031702430283,0.1143880220118085,28.9,17.619682975697167,60.96776116158189,1.956653418866071
frame_505,0,255,1,-1,False,False,True,2.2115488,True,[],,-1.0,-1.0,-1,-1.0,0.2673009372527374,28.9,,,1.9561793053958096
frame_506,0,255,1,-1,False,False,True,2.1066782,True,[],,-15.589521969338044,104.0972082992432,-1,0.181000229834265,0.276482895733087,28.9,10.799977016573498,37.370162687105534,1.9536524738439105
frame_507,0,255,1,-1,False,False,True,2.1487079,True,[],,-8.979792002298465,104.2712896585864,-1,0.1828335282832304,0.2107916353695232,28.9,10.616647171676954,36.735803362204,1.9499143570049768
frame_508,0,255,1,-1,False,False,True,2.2330604,True,[],,-29.317176657110988,107.36705569452454,-1,0.1823355910707632,0.2048647310889884,28.9,10.666440892923672,36.90809997551444,1.9449799551208868
frame_509,0,255,1,-1,False,False,True,2.3554142,True,[],,72.10554697279997,-70.57654149077764,-1,0.4125183578187881,0.4443648235772308,28.9,12.351835781878812,42.73991620027271,1.9183577864974004
frame_510,0,255,1,-1,False,False,True,1.8058386,True,[],,63.37071722776109,-104.91959433909588,-1,0.1258187022551333,0.1290793094200132,28.9,16.31812977448666,56.46411686673585,1.573210384988565
frame_511,0,255,1,-1,False,False,True,1.3310014,False,[],,72.70046058303514,-166.67784845418234,-1,0.257627160985294,0.246617048726368,28.9,3.137283901470594,10.855653638306554,1.5886632254860351
frame_512,0,255,1,-1,False,False,True,1.0722345,False,[],,70.55933549451122,-156.7019054665982,-1,0.1965407494238724,0.1668007719349221,28.9,9.245925057612752,31.992820268556244,1.5958985460388078
frame_513,0,255,1,-1,False,False,True,1.007818,False,[],,75.11200921925344,-167.7878658651723,-1,0.3620024196222358,0.1645854385400615,28.9,7.300241962223581,25.260352810462216,1.596935032215093
frame_514,0,255,1,-1,False,False,True,1.0852916,False,[],,68.26569637823555,-158.42604532975875,-1,0.1467688014779493,0.1555467209770327,28.9,14.223119852205064,49.21494758548464,1.59602568085403
frame_515,0,255,1,-1,False,False,True,1.0493271,False,[],,71.29654294716377,-152.51215784050711,-1,0.2071457469227466,0.196070568754863,28.9,8.18542530772533,28.3232709609873,1.6058360085294054
frame_516,0,255,1,-1,False,False,True,1.0171415,False,[],,71.68556351761954,-153.97612315494104,-1,0.1745664488773091,0.1929745904919597,28.9,11.443355112269089,39.59638447151934,1.6045917574220483
frame_517,0,255,1,-1,False,False,True,1.0107691,False,[],,69.70070671650831,-150.42179104631785,-1,0.1860829945444972,0.1703010842251077,28.9,10.29170054555027,35.61142057283831,1.6088464282793442
frame_518,0,255,1,-1,False,False,True,1.0589724,False,[],,61.950020645553565,-156.26136413346083,-1,0.1602200352110419,0.1562942162863742,28.9,12.87799647889581,44.56054144946647,1.5951695226834324
frame_519,0,255,1,-1,False,False,True,1.049635,False,[],,56.970104511670456,-153.83881806313573,-1,0.1738099623738882,0.1596723377120141,28.9,11.519003762611174,39.85814450730511,1.5862358174895768
frame_520,0,255,1,-1,False,False,True,1.0880362,False,[],,59.142226600701946,-149.4489358351373,-1,0.196591508036237,0.1758927013507512,28.9,9.240849196376294,31.97525673486607,1.596654454629387
frame_521,0,255,1,-1,False,False,True,1.0529107,False,[],,67.88936915867829,-160.47901972905393,-1,0.2309055697040101,0.2317218059869018,28.9,5.809443029598987,20.101878995152205,1.606629188542023
frame_522,0,255,1,-1,False,False,True,1.0096805,False,[],,59.49602037662691,-148.7602487384717,-1,0.1479342750270773,0.1538148906674654,28.9,14.106572497292264,48.811669540803685,1.5868757689749444
frame_523,0,255,1,-1,False,False,True,1.0091022,False,[],,72.77694038935086,-166.09003095594647,-1,0.3312342655288489,0.3120145418668881,28.9,4.223426552884896,14.613932708944278,1.5849493467413578
frame_524,0,255,1,-1,False,False,True,1.0841173,False,[],,-1.0,-1.0,-1,-1.0,0.1028619444795212,28.9,,,1.5763779404811529
frame_525,0,255,1,-1,False,False,True,1.0336497,False,[],,65.3384958297555,-157.83026622391168,-1,0.2118748058165367,0.2061602886912683,28.9,7.712519418346325,26.68691840258244,1.6046591440836588
frame_526,0,255,1,-1,False,False,True,1.012921,False,[],,49.50705038539269,-159.10985274255037,-1,0.1670456362169872,0.1704323689881819,28.9,12.195436378301276,42.19874179343003,1.5840790072036663
frame_527,0,255,1,-1,False,False,True,1.0042121,False,[],,54.35518558924584,-148.4360627137064,-1,0.1757028498311099,0.1804560502303622,28.9,11.329715016889002,39.20316614840485,1.588891577399789
frame_528,0,255,1,-1,False,False,True,1.0354967,False,[],,55.289774661350144,-149.91774697317018,-1,0.1709225839976558,0.1771977132083983,28.9,11.807741600234417,40.857237371053344,1.5937941398801685
frame_529,0,255,1,-1,False,False,True,1.0995889,False,[],,46.52350240101352,-151.9157601032693,-1,0.2150232144402746,0.2191700032473801,28.9,7.397678555972536,25.59750365388421,1.5878553973449456
frame_530,0,255,1,-1,False,False,True,1.1407334,False,[],,-38.96732328362505,26.03812471705916,-1,0.1408887244440262,0.1240665835390976,28.9,14.811127555597375,51.249576316945934,1.587632291727905
frame_531,0,255,1,-1,False,False,True,1.2125806,False,[],,51.58231910896482,-159.0081718498861,-1,0.1953623265516069,0.1830935452789296,28.9,9.363767344839308,32.40057904788688,1.5863381456690582
frame_532,0,255,1,-1,False,False,True,1.1154147,False,[],,57.22769899548324,-154.22761355769552,-1,0.2457671686943288,0.2440332015194785,28.9,4.323283130567118,14.959457199194182,1.6011310795257832
frame_533,0,255,1,-1,False,False,True,1.1153913,False,[],,47.44592224204587,-157.1567684317381,-1,0.1818946625559914,0.1762004149849569,28.9,10.710533744400855,37.06067039585072,1.589981243535739
frame_534,0,255,1,-1,False,False,True,1.1269217,False,[],,54.47326070454839,-168.48052785977853,-1,0.2144939269273833,0.2028960345606022,28.9,7.450607307261664,25.78064812201268,1.5932100444390582
frame_535,0,255,1,-1,False,False,True,1.1161623,False,[],,45.63504570207171,-164.51943158639102,-1,0.1799320716891066,0.1706632231878426,28.9,10.906792831089335,37.739767581624,1.5905891945464208
frame_536,0,255,1,-1,False,False,True,1.1394433,False,[],,48.98331631566554,-166.16799025469894,-1,0.1607926080575614,0.1684136460944125,28.9,12.820739194243853,44.36241935724517,1.590175523505463
frame_537,0,255,1,-1,False,False,True,1.1637172,False,[],,-42.21968527182723,18.21455848819176,-1,0.1630716424760896,0.1661435924973994,28.9,12.592835752391036,43.57382613284096,1.5915375994007972
frame_538,0,255,1,-1,False,False,True,1.1875631,False,[],,51.92443390764205,-158.64982303028933,-1,0.1924815115810949,0.1904307792319162,28.9,9.651848841890503,33.397400836991366,1.59039698059068
frame_539,0,255,1,-1,False,False,True,1.1910166,False,[],,49.76163890670284,-160.1035131620612,-1,0.2124607020045976,0.2033920901220672,28.9,7.653929799540232,26.48418615757866,1.5912337297094992
frame_540,0,255,1,-1,False,False,True,1.3552244,False,[],,-42.19496753088563,11.089534965453884,-1,0.1522182251416242,0.1560618393242144,28.9,13.678177485837578,47.32933386102968,1.5820259851598275
frame_541,0,255,1,-1,False,False,True,1.5228386,False,[],,-35.49465538124636,14.337011517512884,-1,0.1216059949421461,0.1383060502792932,28.9,16.73940050578538,57.9218010580809,1.5723003869226804
frame_542,0,255,1,-1,False,False,True,1.6641423,False,[],,66.42397085842528,-167.45100725392763,-1,0.3059572561397568,0.3065070530417043,28.9,1.6957256139756791,5.8675626781165375,1.6389118252431645
frame_543,0,255,1,-1,False,False,True,1.7515923,False,[],,50.19802827546899,-159.36687801387174,-1,0.1795369368361739,0.1775509542530675,28.9,10.946306316382609,37.87649244423048,1.584231252746379
frame_544,0,255,1,-1,False,False,True,1.8501204,True,[],,63.80620158636425,-167.6039987180904,-1,0.2941516618212061,0.3075831052662745,28.9,0.5151661821206133,1.7825819450540257,1.6277277376585049
frame_545,0,255,1,-1,False,False,True,1.8938086,True,[],,-42.94583167836808,19.21218234375473,-1,0.1474239450041941,0.1442745345611298,28.9,14.157605499580589,48.98825432380826,1.57619401803211
frame_546,0,255,1,-1,False,False,True,1.855381,True,[],,46.463044677086266,-170.57851045736857,-1,0.1331934989677452,0.1503413635029409,28.9,15.580650103225476,53.9122840942058,1.576714266103615
frame_547,0,255,1,-1,False,False,True,1.7459443,False,[],,51.641532085206464,-159.36843704052305,-1,0.1748291621445969,0.174716893333832,28.9,11.4170837855403,39.50548022678305,1.5801228135968457
frame_548,0,255,1,-1,False,False,True,1.7702036,False,[],,-42.0497068097528,11.151875059420098,-1,0.1380966478679404,0.1534211646845401,28.9,15.090335213205956,52.21569277925937,1.5771505650156823
frame_549,0,255,1,-1,False,False,True,1.7810832,False,[],,59.83728307115133,-164.13217736062157,-1,0.2685788430629814,0.2772133643212311,28.9,2.0421156937018567,7.066144268864556,1.6045931499725468
frame_550,0,255,1,-1,False,False,True,1.7827952,False,[],,63.28284037040408,-169.0722705311209,-1,0.3128688189727679,0.3167502956457421,28.9,2.3868818972768,8.259106910992385,1.645836608180796
frame_551,0,255,1,-1,False,False,True,1.7667437,False,[],,63.09620761015632,-167.83024254909552,-1,0.3079094833013851,0.3023895878976944,28.9,1.8909483301385144,6.543073806707662,1.6424650518385098
frame_552,0,255,1,-1,False,False,True,1.7385724,False,[],,63.69399064713867,-166.40831765796375,-1,0.3002218070637592,0.3068602569575139,28.9,1.1221807063759248,3.8829782227540655,1.6458675230729296
frame_553,0,255,1,-1,False,False,True,1.7193043,False,[],,52.51863302645485,-165.65927455578196,-1,0.1353151681273323,0.1456921372188883,28.9,15.368483187266763,53.178142516494,1.5710164145633834
frame_554,0,255,1,-1,False,False,True,1.6948913,False,[],,43.46524245917482,-158.82888388665916,-1,0.1487223610689447,0.1426849367312136,28.9,14.027763893105522,48.53897540866963,1.5792077407628515
frame_555,0,255,1,-1,False,False,True,1.6850458,False,[],,62.4251237891775,-167.13717713029976,-1,0.2921743340898759,0.2909618516841887,28.9,0.3174334089875941,1.0983854982269692,1.6479097807661016
frame_556,0,255,1,-1,False,False,True,1.7007821,False,[],,64.40700685190616,-165.69549807468584,-1,0.3522535366913593,0.3548951992808173,28.9,6.32535366913593,21.88703691742537,1.651334346177873
frame_557,0,255,1,-1,False,False,True,1.642385,False,[],,60.20794462843101,-157.17544447395073,-1,0.2926868596455545,0.287582663891786,28.9,0.3686859645554541,1.275729981160741,1.587723234266467
frame_558,0,255,1,-1,False,False,True,1.5865829,False,[],,59.33119728110259,-161.863874172862,-1,0.2515221574991744,0.2459695740445106,28.9,3.7477842500825584,12.968111591981172,1.5776939859769636
frame_559,0,255,1,-1,False,False,True,1.5905153,False,[],,43.35179609661616,-147.97257277233138,-1,0.1744520569349215,0.1702882575333915,28.9,11.454794306507848,39.63596645850467,1.7603278560700657
frame_560,0,255,1,-1,False,False,True,1.627216,False,[],,63.225551549005885,-165.06223703954004,-1,0.2847650322953259,0.2913164952732981,28.9,0.4234967704674075,1.4653867490221717,1.6482789891770575
frame_561,0,255,1,-1,False,False,True,1.6258249,False,[],,43.78769133275619,-157.78997482909006,-1,0.1319454478536752,0.1350333901346286,28.9,15.705455214632474,54.34413569076981,1.5720388757177146
frame_562,0,255,1,-1,False,False,True,1.6356245,False,[],,70.15105495535977,-164.66026699816246,-1,0.3847368989756858,0.4924474721858808,28.9,9.573689897568588,33.126954662867085,1.6749588184605884
frame_563,0,255,1,-1,False,False,True,1.6650403,False,[],,65.49711408056437,-167.00513300976698,-1,0.2984455896263622,0.3022637826979935,28.9,0.9445589626362272,3.268370112928122,1.6488522171572126
frame_564,0,255,1,-1,False,False,True,1.6528144,False,[],,67.70529478839941,-167.69162512893087,-1,0.3979856523961844,0.3123578241883505,28.9,10.898565239618446,37.71129840698425,1.6631443575865528
frame_565,0,255,1,-1,False,False,True,1.5885444,False,[],,57.84291897860759,-149.6146276395223,-1,0.2651055381423544,0.1709918163734272,28.9,2.38944618576456,8.267979881538269,1.5736139892583183
frame_566,0,255,1,-1,False,False,True,1.6046284,False,[],,62.63021480323872,-153.34405278806418,-1,0.2788085741360135,0.274465343680617,28.9,1.0191425863986414,3.5264449356354373,1.5811788687151815
frame_567,0,255,1,-1,False,False,True,1.5502911,False,[],,64.84651747324413,-166.021393222614,-1,0.2926211018276388,0.3000694284916581,28.9,0.3621101827638806,1.252976410947684,1.6194570739177372
frame_568,0,255,1,-1,False,False,True,1.5263994,False,[],,57.97766691035893,-157.03819989820337,-1,0.2792925993533148,0.2843241731065723,28.9,0.9707400646685128,3.358962161482743,1.5723616835849532
frame_569,0,255,1,-1,False,False,True,1.5135448,False,[],,65.46485639280077,-157.1371735016378,-1,0.2906394682700985,0.2939621243456769,28.9,0.1639468270098587,0.5672900588576427,1.6137230798466229
frame_570,0,255,1,-1,False,False,True,1.4577416,False,[],,-1.0,-1.0,-1,-1.0,0.1307576264970755,28.9,,,1.566434169500931
frame_571,0,255,1,-1,False,False,True,1.471205,False,[],,67.62888312274143,-164.34719644702693,-1,0.3211588395515987,0.3209984130078268,28.9,3.2158839551598764,11.127626142421718,1.6271965674651685
frame_572,0,255,1,-1,False,False,True,1.5037,False,[],,-42.44953017660299,11.896640098227095,-1,0.115428563473189,0.1548825943281689,28.9,17.35714365268109,60.059320597512425,1.561269875040646
frame_573,0,255,1,-1,False,False,True,1.473229,False,[],,67.03886847914964,-166.2598555796662,-1,0.2907915680379884,0.2924211016520424,28.9,0.1791568037988467,0.6199197363281892,1.6049887143029755
frame_574,0,255,1,-1,False,False,True,1.4959015,False,[],,-1.0,-1.0,-1,-1.0,0.1330065323132697,28.9,,,1.567114079592961
frame_575,0,255,1,-1,False,False,True,1.3838341,False,[],,57.58634163496829,-148.00893540950688,-1,0.159806162502303,0.1672034549011027,28.9,12.919383749769692,44.70374999920308,1.5737605671487265
frame_576,0,255,1,-1,False,False,True,1.3714644,False,[],,56.24977817797922,-146.8900406271205,-1,0.160978712175444,0.1622010271879738,28.9,12.802128782455595,44.29802346870449,1.5733070074298812
frame_577,0,255,1,-1,False,False,True,1.3786302,False,[],,71.09830408335583,-162.9329965248038,-1,0.4165137175457121,0.3137952538417777,28.9,12.751371754571212,44.12239361443326,1.63738691542684
frame_578,0,255,1,-1,False,False,True,1.2706655,False,[],,76.81586012712091,-156.3553677071056,-1,0.4049212438943463,0.4307501728853072,28.9,11.592124389434638,40.111157056867256,1.6796740809028192
frame_579,0,255,1,-1,False,False,True,1.3298047,False,[],,65.27375284353677,-157.48720112632108,-1,0.2582933623146168,0.272377326276824,28.9,3.070663768538312,10.62513414719139,1.57598545857552
frame_580,0,255,1,-1,False,False,True,1.4020011,False,[],,51.67470931961041,-165.62061340329595,-1,0.1459340846465577,0.1555084331233431,28.9,14.30659153534422,49.50377693890734,1.5689860328099432
frame_581,0,255,1,-1,False,False,True,1.3117994,False,[],,58.60125401853645,-137.50841205734605,-1,0.1223762670074872,0.1278443024810256,28.9,16.66237329925127,57.65527093166531,1.569803316095657
frame_582,0,255,1,-1,False,False,True,1.3231788,False,[],,-1.0,-1.0,-1,-1.0,0.1246203483396079,28.9,,,1.5606318967180617
frame_583,0,255,1,-1,False,False,True,1.3367753,False,[],,46.44452093159886,-139.1520126594903,-1,0.1347258676347686,0.150287818598177,28.9,15.42741323652313,53.38205272153333,1.5631139503689262
frame_584,0,255,1,-1,False,False,True,1.3475243,False,[],,48.86319340767095,-153.48292182038244,-1,0.138325829024164,0.146636049959601,28.9,15.067417097583595,52.13639134111971,1.5640194417549411
frame_585,0,255,1,-1,False,False,True,1.3047037,False,[],,67.57121622091601,-153.61195701846583,-1,0.29434980452348,0.3037689756793423,28.9,0.5349804523480051,1.8511434337301216,1.5957606051842013
frame_586,0,255,1,-1,False,False,True,1.3631241,False,[],,57.54259931001624,-161.69969881942473,-1,0.1511331580236277,0.1514401488818595,28.9,13.786684197637229,47.70478961120149,1.566578363781946
frame_587,0,255,1,-1,False,False,True,1.3567015,False,[],,62.97233883902419,-161.8621532970865,-1,0.2611917898875238,0.219703035341007,28.9,2.7808210112476197,9.622218031998685,1.580362508628542
frame_588,0,255,1,-1,False,False,True,1.316751,False,[],,52.179473186836766,-160.6767916181636,-1,0.1548916057879881,0.1582101576814732,28.9,13.410839421201189,46.40428865467539,1.57615407980796
frame_589,0,255,1,-1,False,False,True,1.283391,False,[],,47.40382781489682,-162.8661213225518,-1,0.1369953771104637,0.1491435228483945,28.9,15.200462288953624,52.59675532509905,1.570237033190141
frame_590,0,255,1,-1,False,False,True,1.385087,False,[],,54.76258349607132,-153.8579115496571,-1,0.1624504871478276,0.165810756724983,28.9,12.654951285217235,43.78875877237798,1.5749094851884222
frame_591,0,255,1,-1,False,False,True,1.4644002,False,[],,-1.0,-1.0,-1,-1.0,0.1558758970030037,28.9,,,1.566204426868692
frame_592,0,255,1,-1,False,False,True,1.5185628,False,[],,50.36069838036228,-150.31082815242908,-1,0.1711535265189847,0.1711101852997402,28.9,11.784647348101524,40.77732646401911,1.5720898533706589
frame_593,0,255,1,-1,False,False,True,1.4559299,False,[],,50.22693669357705,-151.58939754946132,-1,0.1560836597791433,0.157796247814092,28.9,13.291634022085669,45.99181322520992,1.573327716778625
frame_594,0,255,1,-1,False,False,True,1.3617691,False,[],,-1.0,-1.0,-1,-1.0,0.120709414901536,28.9,,,1.5640531301213565
frame_595,0,255,1,-1,False,False,True,1.3691205,False,[],,-41.70230074416808,18.8098836637664,-1,0.1573131128425502,0.1682322040962192,28.9,13.168688715744976,45.566396940294034,1.582303347518666
frame_596,0,255,1,-1,False,False,True,1.4205096,False,[],,61.10752790897445,-165.0880962046919,-1,0.2582785405601961,0.260872714770777,28.9,3.072145943980381,10.630262781939036,1.6166391779674605
frame_597,0,255,1,-1,False,False,True,1.4538004,False,[],,61.66260572322722,-164.90790634425147,-1,0.2492600375958367,0.2641004305050614,28.9,3.973996240416328,13.750852042963071,1.621522837043215
frame_598,0,255,1,-1,False,False,True,1.5288714,False,[],,-43.41064594991925,18.577835579635465,-1,0.1762651605800085,0.1653302149085907,28.9,11.273483941999146,39.008594955014345,1.5820236965229637
frame_599,0,255,1,-1,False,False,True,1.6270602,False,[],,60.60247009078724,-168.80204115521704,-1,0.2741460209468545,0.2712651494575404,28.9,1.4853979053145503,5.139785139496715,1.6240633443578498
frame_600,0,255,1,-1,False,False,True,1.6703265,False,[],,58.990742848484,-166.6558947913053,-1,0.2763790358456075,0.2686112734223224,28.9,1.2620964154392456,4.367115624357251,1.6273113445053853
frame_601,0,255,1,-1,False,False,True,1.6907095,False,[],,58.137995003431215,-167.51561538202972,-1,0.2997082373687789,0.2952828247779178,28.9,1.070823736877896,3.705272445944277,1.6200060648014225
frame_602,0,255,1,-1,False,False,True,1.6467063,False,[],,-1.0,-1.0,-1,-1.0,0.1408172701244697,28.9,,,1.5751204799679877
frame_603,0,255,1,-1,False,False,True,1.7329433,False,[],,59.13415378512536,-171.2377209058494,-1,0.2843616555695143,0.2862878201423349,28.9,0.4638344430485663,1.6049634707562852,1.6285751353816935
frame_604,0,255,1,-1,False,False,True,1.6855721,False,[],,57.06583744773506,-167.83016454406845,-1,0.2845036861224479,0.2762262657130789,28.9,0.449631387755206,1.5558179507100556,1.6274458350886267
frame_605,0,255,1,-1,False,False,True,1.670692,False,[],,53.46181375408618,-168.20608156849377,-1,0.2574211913295883,0.2574548387135726,28.9,3.157880867041168,10.926923415367366,1.622510424931464
frame_606,0,255,1,-1,False,False,True,1.6923817,False,[],,-38.49176582794513,18.98457137866723,-1,0.1627764922450385,0.1661913918942505,28.9,12.622350775496145,43.67595424047109,1.5849385923582084
frame_607,0,255,1,-1,False,False,True,1.751418,False,[],,54.36098268058044,-168.97439512801134,-1,0.3090815413314982,0.2944003877509055,28.9,2.0081541331498256,6.948630218511507,1.6219540177282277
frame_608,0,255,1,-1,False,False,True,1.8280803,True,[],,-1.0,-1.0,-1,-1.0,0.1296286622971586,28.9,,,1.5768497981334932
frame_609,0,255,1,-1,False,False,True,1.9541827,True,[],,49.12519466009706,-158.0332197969783,-1,0.224171835876153,0.2150819344749329,28.9,6.48281641238469,22.43189070029305,1.5957379283943796
