frame_id,class_name,object_id,track_id,is_3D_complete,in_image_borders,does_overlap,is_front_fish,aspect_ratio,pointcloud_size_ok,fish_3d_ok,overlapping_fish_ids,fish_direction,elevation_deg,azimuth_deg,raw_length,filtered_length,spine_length,gt,abs_error_cm,rel_error_%,fish_dist_from_camera
frame_0,0,255,2,1,False,False,True,4.686982029095749,True,True,[],[    0.38592     0.17114     0.90652],47.487334548079694,-54.82494090163965,2.027250005645446,0.283731865247788,0.2817590897014225,33.5,5.126813475221198,15.303920821555812,1.2850426817425924
frame_0,0,127,1,0,False,False,True,4.414562469727066,True,False,[],[   -0.36052     0.21487     0.90767],-3.3043279404748445,6.566769172513842,1.639277199870189,0.2394276667817708,0.2324294368996551,33.5,9.557233321822917,28.52905469200871,1.712728068101441
frame_1,0,255,2,1,False,False,True,4.689038450539921,True,True,[],[    0.38805     0.15996     0.90765],47.39518309672199,-55.20623585068857,2.01740320222042,0.2811029251241677,0.2795783017724017,33.5,5.389707487583234,16.088679067412638,1.2840887867138238
frame_2,0,255,1,0,False,False,True,4.321243669513326,True,False,[],[   -0.37393     0.23206     0.89795],-2.404646484859205,12.22875669759162,1.635527692905424,0.2254566857795349,0.2226698861317018,33.5,10.95433142204651,32.69949678222839,1.7086363108194829
frame_2,0,127,2,1,False,False,True,4.586006918221401,True,True,[],[    0.38433     0.16954      0.9075],46.79480449889968,-55.12559579451354,2.0008581485373065,0.2902310915153059,0.2925875694067464,33.5,4.476890848469411,13.363853279013169,1.2834205403543408
frame_3,0,255,1,1,False,False,True,4.3205033120038205,True,True,[],[     -0.376     0.23597     0.89607],-4.039504589458589,15.897589175651223,1.6133182516468054,0.2250471882738611,0.222723032100134,33.5,10.995281172613886,32.82173484362354,1.708569569187978
frame_3,0,127,2,1,False,False,True,4.6728866337012835,True,True,[],[    0.38514     0.17122     0.90684],46.45332250897168,-55.775105627398126,1.862890492926504,0.3050901181356,0.2849040375647157,33.5,2.9909881864399965,8.928322944597005,1.2836809765644388
frame_4,0,255,2,1,False,False,True,4.695615031311649,True,True,[],[    0.38389     0.17143     0.90733],47.22155536571757,-55.51204108199901,1.967368464777288,0.2951726903925615,0.2946369466790476,33.5,3.9827309607438464,11.888749136548796,1.2852710996882366
frame_5,0,255,2,1,False,False,True,4.7613817083512,True,True,[],[    0.38419     0.16735     0.90796],46.95660688697552,-55.81654846823659,2.1568318610743766,0.2873536740849995,0.2875027845701245,33.5,4.764632591500045,14.222783855224016,1.2850588604290052
frame_6,0,255,2,1,False,False,True,4.973179919844411,True,True,[],[    0.38605     0.15472     0.90941],46.97192610571007,-56.0489388744956,1.9273691670659172,0.2996122001056628,0.2982316276246289,33.5,3.538779989433721,10.563522356518572,1.2842937953977365
frame_7,0,255,1,1,False,False,True,4.445979062330231,True,True,[],[   -0.34634      0.2376     0.90752],-1.9018691927701652,32.26207069293212,1.4282796852946884,0.2328928450282148,0.2300059942418609,33.5,10.21071549717852,30.479747752771697,1.7032114174369442
frame_7,0,127,2,1,False,False,True,4.919644951083815,True,True,[],[    0.38578     0.16495     0.90773],46.59540620337028,-56.22590369075093,2.077178081445693,0.2883301612429954,0.2823738714882573,33.5,4.666983875700464,13.931295151344669,1.285168598516213
frame_8,0,255,1,1,False,False,True,4.598063271225707,True,True,[],[   -0.34047     0.24481     0.90783],-5.488513682223056,33.654072885189265,1.5916865465249517,0.2335347040939319,0.2309911893290214,33.5,10.146529590606807,30.28814803166211,1.6988543540691992
frame_8,0,127,2,1,False,False,True,4.941949055319504,True,True,[],[    0.38894     0.16813     0.90579],47.159969606030565,-56.14660054486958,2.1371278407376044,0.3018266600489009,0.3005507415000659,33.5,3.3173339951099114,9.902489537641529,1.2881080506140723
frame_9,0,255,2,1,False,False,True,4.947020086441855,True,True,[],[    0.39133     0.15995     0.90625],46.70841884376604,-56.63129323461368,2.170515879750819,0.2973973390526003,0.293944590913389,33.5,3.760266094739967,11.224674909671542,1.2873262483604386
frame_10,0,255,2,1,False,False,True,4.867237831347738,True,True,[],[    0.38966      0.1791     0.90338],45.757078219225285,-57.32306607168783,1.8582385419628225,0.2882465940802886,0.293336087701045,33.5,4.675340591971139,13.956240573048175,1.2851283909326576
frame_11,0,255,2,1,False,False,True,4.913121421253206,True,True,[],[    0.38948       0.172     0.90483],46.20073296976813,-56.5687000093697,1.909386067346534,0.3103718203204634,0.2918517672277272,33.5,2.4628179679536624,7.351695426727351,1.2853375357822177
frame_12,0,255,2,1,False,False,True,4.84190376210784,True,True,[],[    0.39082     0.18327     0.90204],45.68185294834191,-57.45400812823257,1.8181650200569155,0.28600661664112,0.2847705408457975,33.5,4.899338335887999,14.624890554889546,1.2859324282281916
frame_13,0,255,2,1,False,False,True,4.7811583986462205,True,True,[],[    0.39214      0.1847     0.90117],46.2511900717511,-56.91895458400175,1.8296028122159955,0.2979362773915601,0.2962963633559239,33.5,3.7063722608439873,11.063797793564142,1.2862006867107156
frame_14,0,255,1,0,False,False,True,4.509066596246156,True,False,[],[    -0.3392     0.27563     0.89943],0.11357684094666,39.12337730525705,1.2209025890107472,0.2035630259548603,0.2024455918429259,33.5,13.143697404513963,39.23491762541482,1.702767698931308
frame_14,0,127,2,1,False,False,True,4.650461076149891,True,True,[],[    0.38626     0.19611      0.9013],46.8825943880781,-55.81676414278821,2.003506514551768,0.3901077629422322,0.2866481760025463,33.5,5.510776294223224,16.45007849021858,1.2831561067389703
frame_15,0,255,1,0,False,False,True,4.49148367041448,True,False,[],[   -0.35704     0.27781     0.89182],-1.176597941761799,37.83534533111625,1.3165704546900776,0.1993379672874372,0.1973736025225397,33.5,13.566203271256285,40.496129167929205,1.7040137994289395
frame_15,0,127,2,1,False,False,True,4.7056016895387645,True,True,[],[    0.39391     0.17594     0.90215],46.63937240094051,-56.55052259837285,2.144328582421437,0.3163972402253348,0.2890234922636178,33.5,1.8602759774665245,5.553062619303058,1.2848089488571068
frame_16,0,255,1,0,False,False,True,4.454544808222435,True,False,[],,-0.587172366350553,39.751483000937945,-1.0,0.2062872082959355,0.2005692978285643,33.5,12.871279170406446,38.42172886688491,1.703806279139657
frame_16,0,127,2,1,False,False,True,4.623927125657056,True,True,[],[     0.3937     0.19528     0.89826],47.08764922663927,-56.7426135073086,1.892660530114128,0.298098061639459,0.2974070505222393,33.5,3.690193836054095,11.01550398822118,1.2860906527190272
frame_17,0,255,1,0,False,False,True,4.453537061203612,True,False,[],[   -0.38655     0.24608     0.88884],-3.089733018304071,39.62550458817107,1.2514760125647653,0.1902604372287717,0.1884855060958085,33.5,14.473956277122827,43.20583963320247,1.7020007410954927
frame_17,0,127,2,1,False,False,True,4.761046904185155,True,True,[],[    0.39069     0.17168     0.90437],46.9217850127774,-56.27516964328584,1.9931469430650064,0.2989621291280313,0.296054822078826,33.5,3.603787087196869,10.757573394617518,1.2838595510904605
frame_18,0,255,1,0,False,False,True,4.582152940112037,True,False,[],,-2.042833222976539,43.65831609017077,-1.0,0.1939935650553173,0.1910413839238129,33.5,14.100643494468269,42.09147311781573,1.704390556338734
frame_18,0,127,2,1,False,False,True,4.780365480200286,True,True,[],[    0.39298     0.16272     0.90504],46.47354463015161,-56.23742569521697,2.1836453769150834,0.3073568999257506,0.2807780438968431,33.5,2.7643100074249363,8.251671663955033,1.2817581327931735
frame_19,0,255,2,1,False,False,True,4.857142926882253,True,True,[],[    0.39301     0.17035     0.90362],47.206904602929335,-56.02008748793632,1.8167169325498849,0.3160856248779204,0.3061258016522798,33.5,1.8914375122079552,5.646082125993896,1.2858278597554853
frame_20,0,255,2,1,False,False,True,4.873983402637473,True,True,[],[    0.39443     0.17176     0.90273],47.20517146748477,-55.30944009856367,2.099397387844846,0.2681143068401329,0.2636368175681366,33.5,6.688569315986709,19.965878555184204,1.2817966778489436
frame_21,0,255,2,1,False,False,True,4.87854273243272,True,True,[],[    0.39092      0.1946     0.89962],46.96631939952784,-55.816658518618326,1.9968570291787444,0.2679083588602964,0.2699963039393867,33.5,6.7091641139703615,20.027355564090637,1.282829401376364
frame_22,0,255,2,1,False,False,True,4.842742112501566,True,True,[],[    0.39152     0.16461     0.90533],48.35326029085689,-54.64619544438879,2.1465490167977874,0.2825180248753229,0.2759242500838765,33.5,5.248197512467706,15.666261231246883,1.2828953350941144
frame_23,0,255,2,1,False,False,True,4.779311297284653,True,True,[],[    0.39259     0.16269     0.90521],46.79870834543517,-56.64092223067467,2.00018053756936,0.268935656290036,0.2752395770979243,33.5,6.6064343709964,19.72069961491463,1.284097118630186
frame_24,0,255,2,1,False,False,True,4.83404017736516,True,True,[],[    0.39645     0.18235     0.89976],48.83901366385918,-55.24078731668491,2.1365025856426474,0.2980876198937665,0.2976341766271209,33.5,3.6912380106233487,11.018620927233878,1.2860736979378595
frame_25,0,255,2,1,False,False,True,4.8289295042570375,True,True,[],[    0.38989     0.19927     0.89904],47.99436976746416,-56.32750768670473,1.8628529978609285,0.3009746662932978,0.2994784366381651,33.5,3.402533370670219,10.1568160318514,1.2873620751613808
frame_26,0,255,2,1,False,False,True,4.783170419941278,True,True,[],[    0.39146     0.17922     0.90257],46.92368127126309,-56.77702766423645,2.0389123510978147,0.3019479711477182,0.3008406281917027,33.5,3.305202885228181,9.866277269337854,1.2836391970393348
frame_27,0,255,1,0,False,False,True,4.001803274267066,True,False,[],[   -0.41368     0.23266     0.88019],-7.036395999575424,54.03873732664433,1.506486970389867,0.1595567697765201,0.1552135025333418,33.5,17.544323022347992,52.37111349954624,1.7209415991586408
frame_27,0,127,2,1,False,False,True,4.610389587541287,True,True,[],[    0.39074     0.18734     0.90123],46.60629671936575,-57.02091889473604,1.854363506219183,0.300930028098235,0.2990047492923575,33.5,3.4069971901765026,10.170140866198516,1.2825516148545275
frame_28,0,255,2,1,False,False,True,4.66766647679605,True,True,[],[    0.39382     0.16719     0.90386],46.79364695365256,-56.365948191765575,2.1507199506707275,0.3203237836388053,0.302324283790177,33.5,1.4676216361194705,4.380960107819315,1.2822934994474051
frame_29,0,255,2,1,False,False,True,4.600781253034101,True,True,[],[    0.39618     0.16802     0.90267],45.50416753925156,-57.88275727227563,2.007760797776112,0.3054481892420554,0.3008460901854776,33.5,2.955181075794461,8.821436047147644,1.2832338867677378
frame_30,0,255,2,1,False,False,True,4.719110160489966,True,True,[],[    0.39427     0.16073     0.90483],45.9226873713897,-56.34676889442463,2.054449160644051,0.3001650327205207,0.2844728087149825,33.5,3.4834967279479265,10.398497695366943,1.280283457735537
frame_31,0,255,1,0,False,False,True,4.274382179472598,True,False,[],[    -0.4138     0.22636     0.88178],3.977570621133796,29.26297506235955,1.2656754955847824,0.1155180522646984,0.1204702763229344,33.5,21.94819477353016,65.51699932397064,1.7341061563254252
frame_31,0,127,2,1,False,False,True,4.7638543009332395,True,True,[],[    0.39805      0.1882     0.89785],45.87525870961921,-57.53567898885488,1.896698164739567,0.2941367419252155,0.2919301727334731,33.5,4.086325807478447,12.197987485010293,1.2842270194780865
frame_32,0,255,1,0,False,False,True,4.2466367745135685,False,False,[],[   -0.35456     0.24825     0.90147],-1.0,-1.0,-1.0,-1.0,0.1183324681087253,33.5,,,1.7410110080145238
frame_33,0,255,2,1,False,False,True,4.795720020165701,True,True,[],[    0.39379     0.17255     0.90286],45.995370126558576,-57.03229363948583,2.005468679369967,0.3067168254055733,0.2816245810200796,33.5,2.82831745944267,8.442738684903492,1.2805053249696967
frame_33,0,127,1,0,False,False,True,4.367324427295951,True,False,[],[   -0.45527     0.23209     0.85957],23.55953258169414,25.33019322577819,1.6549248306150846,0.1038062644547935,0.1106705510501332,33.5,23.11937355452065,69.01305538662879,1.7450525773453542
frame_34,0,255,2,1,False,False,True,4.813494129804941,True,True,[],[    0.39557     0.17341     0.90191],45.27276445034576,-57.779534995562834,2.109391323987809,0.299128074125867,0.3020789457745512,33.5,3.587192587413296,10.708037574368047,1.2798736232203516
frame_34,0,127,1,0,False,False,True,4.343176247370335,False,False,[],,-1.0,-1.0,-1.0,-1.0,0.1068084162579922,33.5,,,1.7486611957903262
frame_35,0,255,2,1,False,False,True,4.809131167230273,True,True,[],[    0.39609     0.17978     0.90044],46.35018125245923,-56.18996724911526,1.908982869483828,0.265440082663985,0.2660322682462014,33.5,6.955991733601502,20.7641544286612,1.2789336952436914
frame_35,0,127,1,0,False,False,True,4.4195322610999135,False,False,[],[   -0.39508     0.25201      0.8834],-1.0,-1.0,-1.0,-1.0,0.1253710802652903,33.5,,,1.7470862727011405
frame_36,0,255,2,1,False,False,True,4.816840319719434,True,True,[],[    0.39659     0.17696     0.90078],45.70857651068596,-57.39334832937293,1.919070378174036,0.2698838023423467,0.2674287212230131,33.5,6.511619765765325,19.43767094258306,1.2790527939325265
frame_37,0,255,1,0,False,False,True,4.797559181396271,True,False,[],[    0.84343    0.025477     0.53664],30.853127023276127,0.7331280306373823,0.1106909403545844,0.106456959542645,0.1205278805631273,33.5,22.854304045735503,68.22180312159851,1.7588981887314217
frame_37,0,127,2,1,False,False,True,4.764912191817773,True,True,[],[    0.39824     0.16641     0.90206],46.53374331029186,-57.16086594605091,1.8086426968221856,0.2888862581805181,0.2832205660255635,33.5,4.611374181948186,13.765296065516974,1.2822719890615708
frame_38,0,255,2,1,False,False,True,4.821171803076791,True,True,[],[    0.39632     0.17265     0.90174],47.58490786457394,-56.52132984938512,1.9443956595520109,0.3421355166465416,0.3099828039879517,33.5,0.7135516646541606,2.1300049691168974,1.2819038059161258
frame_39,0,255,2,1,False,False,True,4.874999914741482,True,True,[],[    0.39631      0.1673     0.90275],47.6587890823978,-56.44742300543481,2.151625404371438,0.3038994840419392,0.2982015482250845,33.5,3.1100515958060795,9.283736106883818,1.281681728363037
frame_40,0,255,2,1,False,False,True,4.8046897080207,True,True,[],[    0.39804     0.17823     0.89989],47.34605537211314,-57.08121872160278,1.8289866380834157,0.3009556874552378,0.297762036034421,33.5,3.4044312544762203,10.162481356645433,1.2805437761605765
frame_41,0,255,2,1,False,False,True,4.838709677419355,True,True,[],[    0.39829     0.17054     0.90127],47.349855821767456,-57.03337344824264,1.8901813595995232,0.292376761675945,0.2923689555041853,33.5,4.262323832405496,12.723354723598495,1.279461242049544
frame_42,0,255,1,0,False,False,True,5.269230769230769,True,False,[],[    0.96645    -0.11681     0.22877],13.664962224923077,-7.189813930961928,0.1337129238381012,0.1309495148247157,0.1229082133849303,33.5,20.405048517528428,60.91059258963711,1.7710541309062489
frame_42,0,127,2,1,False,False,True,4.677400735718174,True,True,[],[    0.39898     0.17656      0.8998],46.5506860909174,-57.6491047556372,2.118148360898568,0.2895592982860948,0.2641569174425856,33.5,4.544070171390518,13.56438857131498,1.277138414600446
frame_43,0,255,2,1,False,False,True,4.617255110217233,True,True,[],[    0.39903     0.17808     0.89948],46.47866849620409,-57.38742040603505,1.94642727240933,0.2867651240167214,0.2690000479869595,33.5,4.823487598327864,14.398470442769742,1.276491289038952
frame_44,0,255,1,0,False,False,True,5.023671380069045,True,False,[],[   -0.53599       0.245     0.80789],10.112818981703482,-13.400563687243135,0.8050853939837777,0.1406032695214686,0.1345309690918218,33.5,19.43967304785314,58.02887476971087,1.7774366331796576
frame_44,0,127,2,1,False,False,True,4.592521143988628,True,True,[],[     0.3989     0.17304     0.90052],45.87399423150271,-58.75246111433064,2.074624245752959,0.2669227453127674,0.2726375896831501,33.5,6.807725468723263,20.321568563353026,1.2763345789818363
frame_45,0,255,1,0,False,False,True,4.973147550361623,True,False,[],[   -0.36114     0.17425     0.91609],18.1303739587005,-12.678859662162832,1.4460498842244942,0.135812740639544,0.1364388229726807,33.5,19.9187259360456,59.4588833911809,1.773229820888206
frame_45,0,127,2,1,False,False,True,4.655461667153517,True,True,[],[     0.4021     0.16679     0.90027],47.26044730442441,-57.18273286337218,1.9306270977994533,0.2721800897636807,0.2800917301446676,33.5,6.281991023631933,18.752212010841596,1.2808529349884503
frame_46,0,255,1,0,False,False,True,4.8746207759339,True,False,[],[   -0.52768     0.24283     0.81399],19.19548083368101,-18.381222711903444,0.9742958745275848,0.1574175826732091,0.1526780261543127,33.5,17.758241732679085,53.009676813967424,1.7748126831589912
frame_46,0,127,2,1,False,False,True,4.680671676802011,True,True,[],[    0.40128     0.17073      0.8999],47.40555259087802,-57.237504258693605,1.9793941457613144,0.2864671346197148,0.2888832306583727,33.5,4.8532865380285175,14.487422501577663,1.2793177571036145
frame_47,0,255,1,0,False,False,True,4.922162439009957,True,False,[],[    0.90559    -0.28883     0.31062],18.86991889512312,-17.25089960191848,0.1600905775520159,0.1563925436572521,0.1543266423008828,33.5,17.86074563427479,53.31565860977548,1.77780278466174
frame_47,0,127,2,1,False,False,True,4.670768946937616,True,True,[],[    0.40145     0.15899     0.90198],48.01909130660355,-54.917751217896914,1.8255860490318496,0.2481271801229405,0.2449357585177519,33.5,8.687281987705948,25.9321850379282,1.2748163456739117
frame_48,0,255,1,0,False,False,True,4.876461686164892,True,False,[],,14.036908166371324,-17.705164957026945,-1.0,0.162188796616075,0.1601366356470206,33.5,17.2811203383925,51.58543384594777,1.780610186000203
frame_48,0,127,2,1,False,False,True,4.817664022863662,True,True,[],[    0.40202     0.16418     0.90079],47.68712888569071,-57.379628826838925,1.861055902490992,0.2851328337458759,0.2751968657900933,33.5,4.986716625412408,14.885721269887783,1.2796975945876468
frame_49,0,255,2,1,False,False,True,4.926208990853393,True,True,[],[    0.40454     0.14935     0.90224],64.71428468127209,19.27674581255084,2.0642933857236065,1.9904816918243544,2.0077257722734148,33.5,165.54816918243546,494.1736393505536,1.4066668805354785
frame_50,0,255,2,1,False,False,True,4.858099565114696,True,True,[],[    0.40388      0.1641     0.89997],47.06273132210647,-58.38105190118286,1.9816801780434243,0.3132770762604661,0.289318671254692,33.5,2.172292373953394,6.484454847622072,1.2803553720789056
frame_51,0,255,2,1,False,False,True,4.78125,True,True,[],[    0.40222     0.17316     0.89902],46.85650097368763,-59.55329585953682,1.8531343568108196,0.2964893565219501,0.2969354122233841,33.5,3.851064347804994,11.495714471059683,1.2837657178225723
frame_52,0,255,2,1,False,False,True,4.760683813302432,True,True,[],[    0.40652     0.18359     0.89501],64.57215428686843,25.910819386726622,1.845743074102841,1.80842643667354,1.4663660512511476,33.5,147.34264366735397,439.8287870667283,1.3234237597856908
frame_53,0,255,1,0,False,False,True,4.812381580151374,True,False,[],,14.437928419663711,-1.4189429363320605,-1.0,0.1683757491965655,0.167345283603045,33.5,16.662425080343446,49.73858232938343,1.7681549330352235
frame_53,0,127,2,1,False,False,True,4.804185460258985,True,True,[],[    0.40417     0.17477     0.89783],48.050825634952005,-58.58735323339802,1.8416985771621337,0.3378141681649076,0.3250824109832533,33.5,0.2814168164907593,0.8400501984798785,1.2819208167105869
frame_54,0,255,2,1,False,False,True,4.870967741935484,True,True,[],[    0.40597     0.16152      0.8995],47.652651227104464,-58.94631319980298,2.1863921879529618,0.3259584949552522,0.3110851542890709,33.5,0.9041505044747822,2.6989567297754693,1.281419213518017
frame_55,0,255,2,1,False,False,True,4.903225806451613,True,True,[],[     0.4095     0.14935         0.9],64.43424671499845,19.854847337551977,2.1049058750067964,1.8364265001593727,1.8816098600734803,33.5,150.14265001593728,448.1870149729471,1.368107095563034
frame_56,0,255,2,1,False,False,True,4.870967741935484,True,True,[],[    0.41104     0.17838     0.89399],49.23059323710538,-57.48220920399967,2.1106920667011515,0.3507126939550035,0.3037661488275275,33.5,1.5712693955003465,4.690356404478646,1.2808886194551312
frame_57,0,255,2,1,False,False,True,4.924050824959217,True,True,[],[    0.41096     0.17398      0.8949],48.9170692014546,-58.93119409104717,1.7847595523642612,0.3382573078985272,0.306298272226121,33.5,0.3257307898527239,0.9723307159782806,1.279778757204121
frame_58,0,255,2,1,False,False,True,5.206896551724138,True,True,[],[    0.41925     0.17214      0.8914],50.04911984063526,-57.44860998080669,2.1967746976052944,0.3130709157553306,0.2609942420048226,33.5,2.192908424466938,6.545995296916233,1.2773485776290152
frame_59,0,255,2,1,False,False,True,4.806451612903226,True,True,[],[     0.4137     0.16959     0.89448],49.77325306512775,-59.53189105405277,1.8415186472286245,0.2932181619098671,0.2933244374117107,33.5,4.178183809013286,12.472190474666526,1.28160249088051
frame_60,0,255,2,1,False,False,True,5.206896551724138,True,True,[],[    0.42107      0.1709     0.89078],49.66988906944368,-60.15850010522316,1.893233587581004,0.298058053805326,0.2991952647942806,33.5,3.694194619467401,11.027446625275822,1.2850236681272398
frame_61,0,255,2,1,False,False,True,4.966666666666667,True,True,[],[    0.42067     0.17026     0.89109],50.41920894971791,-57.79510121492366,1.7080523171273123,0.3301549843324036,0.3003404980345978,33.5,0.4845015667596375,1.4462733336108582,1.277779971697318
frame_62,0,255,2,1,False,False,True,5.137931034482759,True,True,[],[    0.42032     0.15301     0.89438],51.016882869564746,-58.18696105381592,2.1843167607753493,0.2700306203390643,0.2627423592584956,33.5,6.496937966093569,19.393844674906173,1.2771215634594053
frame_63,0,255,2,1,False,False,True,5.172413793103448,True,True,[],[    0.41673     0.16065     0.89472],49.85699615523356,-60.53209906766826,1.977472778076114,0.2998812473935623,0.2996678866225117,33.5,3.511875260643765,10.48320973326497,1.2820004662283884
frame_64,0,255,2,1,False,False,True,5.137931034482759,True,True,[],[    0.42424     0.16631     0.89015],49.759568090195984,-60.49102205703663,1.69238288301767,0.3284834824074558,0.3014778924095115,33.5,0.651651759254418,1.94522913210274,1.282981959646714
frame_65,0,255,2,1,False,False,True,4.870967356893153,True,True,[],[     0.4156     0.17501     0.89255],49.91695044391968,-60.95632543221412,1.8422629116593137,0.3012498691409768,0.2973186065783849,33.5,3.3750130859023173,10.07466592806662,1.2874636874117449
frame_67,0,255,2,1,False,False,True,4.64364181847317,True,True,[],[    0.42162     0.15918     0.89269],49.422354879189925,-60.739789966954646,1.799414625575278,0.3062344328067105,0.3011613975111206,33.5,2.8765567193289545,8.58673647560882,1.2809320960824635
frame_68,0,255,2,1,False,False,True,4.696969696969697,True,True,[],[    0.42148     0.16993     0.89078],59.53004696196122,-46.04611310575241,2.158196814970787,0.6079853618181463,0.5916288881311953,33.5,27.29853618181463,81.48816770690934,1.2895675599780434
frame_69,0,255,2,1,False,False,True,4.558823654808416,True,True,[],[    0.42117     0.16509     0.89183],62.303228855558686,21.850361951529912,2.128506579393883,1.7545904357257074,1.7906881516380588,33.5,141.95904357257075,423.7583390225993,1.346733930371455
frame_70,0,255,2,1,False,False,True,4.836775091504436,True,True,[],[     0.4149      0.1364     0.89958],49.34656024261788,-59.94270173942765,2.023446132340756,0.2609817578651182,0.2546006619289105,33.5,7.401824213488179,22.09499765220352,1.2763974070334374
frame_71,0,255,2,1,False,False,True,4.90625,True,True,[],[    0.42146     0.14518     0.89515],49.69724236155736,-59.69425357962732,2.077894877102975,0.2615510098924408,0.2533826208608093,33.5,7.344899010755918,21.925071673898263,1.2751135044255817
frame_72,0,255,2,1,False,False,True,4.90625,True,True,[],[    0.42212      0.1459     0.89472],49.46137034339879,-59.52969555551167,2.002215275005308,0.2641662490513273,0.2547487234142206,33.5,7.083375094867267,21.144403268260497,1.2737346470727016
frame_73,0,255,2,1,False,False,True,4.90625,True,True,[],[    0.42219      0.1513     0.89379],49.68715475930383,-59.4736843349633,2.1376504709744744,0.271922162276752,0.2533077554585967,33.5,6.307783772324799,18.829205290521784,1.2728080797668244
frame_74,0,255,2,1,False,False,True,4.967741935483871,True,True,[],[    0.42234     0.14939     0.89404],49.68155922279412,-59.37243966379087,2.161579126266185,0.2614094063411681,0.2524596996923416,33.5,7.359059365883186,21.96734139069608,1.2721263730273866
frame_75,0,255,2,1,False,False,True,4.78125,True,True,[],[    0.42128     0.15775      0.8931],50.55333432277091,-58.06244111402427,2.0480936309335385,0.2736057695943833,0.2586497557425168,33.5,6.13942304056167,18.326635941975137,1.273370951765257
frame_76,0,255,2,1,False,False,True,4.806451612903226,True,True,[],[     0.4244     0.14167     0.89432],50.8366928486198,-58.38978111150033,1.7894455318849265,0.2768730272388464,0.2605168608454742,33.5,5.812697276115358,17.351335152583157,1.2755811800692325
frame_77,0,255,2,1,False,False,True,4.870967741935484,True,True,[],[    0.42417     0.14043     0.89463],52.54619101067951,-55.86003593026046,2.016500951820575,0.3660493786863014,0.3242372816959698,33.5,3.1049378686301363,9.268471249642198,1.2741750417044837
frame_78,0,255,2,1,False,False,True,4.838709288407515,True,True,[],[    0.42474     0.14466     0.89368],50.73765383855612,-57.63071993668083,2.025608475429814,0.3413250904040599,0.2442735675124787,33.5,0.6325090404059874,1.888086687779067,1.2695799549658615
frame_79,0,255,2,1,False,False,True,4.870967741935484,True,True,[],[    0.42813     0.14721     0.89165],54.10930072091798,-53.709353728226766,1.857201073361107,0.4606297109915734,0.4811548661930418,33.5,12.562971099157345,37.50140626614133,1.2735150379542064
frame_80,0,255,2,1,False,False,True,4.870967741935484,True,True,[],[    0.42636     0.14947     0.89212],51.215485304274246,-57.53729388297357,1.9680968181529288,0.2597063355379579,0.2457578306018323,33.5,7.529366446204206,22.475720734937926,1.2700168368881126
frame_81,0,255,2,1,False,False,True,4.806451612903226,True,True,[],[    0.41671     0.15704     0.89537],51.48673899953423,-56.66828537023461,2.24687883100073,0.247103008461607,0.2390731098749667,33.5,8.789699153839297,26.23790792190835,1.2699915294485968
frame_82,0,255,2,1,False,False,True,4.806451219921877,True,True,[],[    0.42807     0.15066      0.8911],64.30849943373086,-23.80499235638205,2.0694541993771978,0.9383250551296194,0.8961141781948523,33.5,60.33250551296194,180.09703138197594,1.2850587080312916
frame_83,0,255,2,1,False,False,True,4.806451612903226,True,True,[],[    0.43057     0.16197     0.88791],58.82170960592111,-43.49825028443004,1.6829799852341476,0.6408417174732348,0.6306905719069744,33.5,30.58417174732348,91.29603506663726,1.274437104923045
frame_84,0,255,2,1,False,False,True,4.764526762697001,True,True,[],[    0.42881     0.15629     0.88977],51.2018746659035,-57.48526688332496,1.7480686646395218,0.2747036976062768,0.2487269575004296,33.5,6.029630239372325,17.998896236932314,1.2698664746852515
frame_85,0,255,2,1,False,False,True,4.718749608844472,True,True,[],[     0.4287     0.15656     0.88978],50.03855978963354,-58.44053171715242,2.1080173175901864,0.2965630112177636,0.2435481642383928,33.5,3.84369887822364,11.473727994697432,1.2688786579366154
frame_86,0,255,2,1,False,False,True,4.853540221488178,True,True,[],[    0.42333     0.16008     0.89172],63.66692098965261,19.13170791880397,2.048654249496645,2.006303272666,2.014110343512446,33.5,167.1303272666,498.8964993032836,1.409297768175067
frame_87,0,255,2,1,False,False,True,4.71875,True,True,[],[    0.42539     0.14707     0.89298],50.06076569482294,-58.05243319865038,2.157446185216433,0.2761530462221014,0.2477719001170186,33.5,5.884695377789856,17.5662548590742,1.2677213890854688
frame_88,0,255,2,1,False,False,True,4.935483493864428,True,True,[],[     0.4329     0.15888     0.88733],65.72311448838626,-11.516649766702288,2.095753997847787,1.020183324028661,1.21013083016643,33.5,68.51833240286611,204.5323355309436,1.2866097262166634
frame_89,0,255,2,1,False,False,True,4.84375,True,True,[],[    0.42987     0.15553      0.8894],51.48334752001674,-56.09150621542911,2.1360481924556094,0.3410015351353213,0.2813240975227022,33.5,0.6001535135321256,1.7915030254690318,1.2684117855431798
frame_90,0,255,2,1,False,False,True,5.0,True,True,[],[     0.4318     0.15197     0.88907],50.322835599352494,-57.536885394866914,2.1794014317799983,0.2473848951477657,0.2452738341745319,33.5,8.761510485223429,26.153762642457995,1.268591403728351
frame_91,0,255,2,1,False,False,True,4.967741935483871,True,True,[],[    0.43005       0.157     0.88905],50.39153671252872,-56.83262933794378,2.1165785894810822,0.2729523280937438,0.2592483460929586,33.5,6.2047671906256205,18.521693106345136,1.268976401495174
frame_93,0,255,2,1,False,False,True,4.84375,True,True,[],[    0.43059     0.14043     0.89156],49.70626851633292,-57.25852664585464,1.696225161640201,0.3158809231162013,0.276075199020718,33.5,1.9119076883798716,5.707187129492153,1.2688267359233376
frame_94,0,255,2,1,False,False,True,5.0,True,True,[],[     0.4278     0.14777     0.89171],47.58785694607808,-59.59000018118766,2.2099385506274816,0.2805347746241761,0.2342050678407074,33.5,5.446522537582394,16.25827623158923,1.2657732057998652
frame_95,0,255,2,1,False,False,True,5.0,True,True,[],[    0.43124     0.15233     0.88928],47.66517991847497,-59.264363224117865,2.1884832707935797,0.2825632681835743,0.2581740064876099,33.5,5.243673181642566,15.652755766097211,1.265776638753206
frame_96,0,255,2,1,False,False,True,5.133333333333334,True,True,[],[    0.43392     0.14243     0.88962],49.01135325083341,-57.760993583136994,1.8690606540863104,0.3086801775002358,0.2787847752529033,33.5,2.6319822499764225,7.85666343276544,1.2662269170081644
frame_97,0,255,6,0,False,False,True,4.4719216854666906,True,False,[],[   -0.65081     0.25291     0.71588],2.2303774340947844,-16.99631995500194,1.5109624381345896,0.2031687211549084,0.1992728146456387,33.5,13.183127884509156,39.3526205507736,1.7754056637000066
frame_97,0,127,2,1,False,False,True,4.967741935483871,True,True,[],[    0.43599     0.14586     0.88805],48.76209452668853,-58.92072096873423,1.7910260210936737,0.2610220376949519,0.2391113172303927,33.5,7.39779623050481,22.08297382240242,1.2689848112838384
frame_98,0,255,6,0,False,False,True,4.404853020939294,True,False,[],[   -0.49101     0.20251     0.84729],2.4128078745772563,-17.4426435438558,1.730577096735814,0.2144401373453052,0.2119921944420958,33.5,12.055986265469482,35.988018702893974,1.777082112013248
frame_98,0,127,2,1,False,False,True,5.133333333333334,True,True,[],[    0.43688     0.14167      0.8883],49.280286474995485,-57.595396939650776,1.8853087126834465,0.3265893623205665,0.2749401856590695,33.5,0.8410637679433453,2.510638113263717,1.2678451528386616
frame_99,0,255,2,1,False,False,True,5.1,True,True,[],[    0.43483     0.14532     0.88871],50.44937305238744,-56.34431915097653,2.182664849647804,0.3114148664263135,0.2725727389581523,33.5,2.358513357368647,7.040338380204917,1.2690616791941356
frame_100,0,255,2,1,False,False,True,5.00232897128751,True,True,[],[    0.43284     0.15275     0.88843],50.06170224854411,-56.855103915089465,2.1015051629029275,0.3098605581289497,0.2757078360191188,33.5,2.513944187105027,7.504311006283662,1.2673320585864811
frame_101,0,255,2,1,False,False,True,4.935483870967742,True,True,[],[    0.43658     0.15554     0.88612],51.766281278132425,-54.79372325911024,2.051735822317376,0.392743023431541,0.3458032088587578,33.5,5.774302343154098,17.23672341240029,1.273209894857099
frame_102,0,255,2,1,False,False,True,4.870967741935484,True,True,[],[    0.43546     0.15604     0.88658],50.9867784672891,-57.33478137732568,1.7745098232851233,0.31822597902892,0.2912022268461626,33.5,1.6774020971079997,5.007170439128357,1.2721609760248835
frame_103,0,255,2,1,False,False,True,5.033333333333333,True,True,[],[    0.43014     0.15707     0.88899],47.52239170521543,-59.969634778978666,2.2220749945063254,0.2575020708368565,0.2338958658295423,33.5,7.749792916314352,23.133710197953288,1.2659486866470602
frame_104,0,255,2,1,False,False,True,4.870967741935484,True,True,[],[    0.43393     0.15101      0.8882],49.23359127248783,-58.08043494616918,2.192169836354436,0.289626433069895,0.2430409348899935,33.5,4.537356693010502,13.544348337344784,1.2691117674841577
frame_105,0,255,6,1,False,False,True,4.383511115065259,True,True,[],[    0.84306    -0.52043    -0.13564],-6.89973412110535,-31.20309331636077,0.2920507916971404,0.2921375356347452,0.2906540278328633,33.5,4.286246436525482,12.794765482165618,1.7860770128533427
frame_105,0,127,2,1,False,False,True,5.033333333333333,True,True,[],[    0.43779     0.14368     0.88752],62.52412914061328,18.088035872908325,1.6846422281325846,1.6071096855201292,1.670123322580928,33.5,127.21096855201291,379.7342344836207,1.4283523380734884
frame_106,0,255,2,1,False,False,True,5.172413793103448,True,True,[],[    0.42994      0.1461     0.89096],48.1536985593798,-58.910624521145714,2.223015694144163,0.2572921189098277,0.2335965449753465,33.5,7.770788109017229,23.196382414976803,1.2662671880530003
frame_107,0,255,2,1,False,False,True,4.870967741935484,True,True,[],[    0.43046     0.14483     0.89092],54.42375381323949,-47.384060658284255,2.3032688067656872,0.3963031428662148,0.4115804837648279,33.5,6.13031428662148,18.29944563170591,1.2671418618535837
frame_108,0,255,6,1,False,False,True,4.642884008701486,True,True,[],[   -0.51294     0.29657     0.80557],-5.154766130591956,-33.752900508658726,1.543646817983913,0.305102107932888,0.294324153592824,33.5,2.9897892067111966,8.924743900630437,1.7857684991320382
frame_108,0,127,2,1,False,False,True,4.870967741935484,True,True,[],[    0.43378     0.14422      0.8894],62.63414610085476,17.022678561754173,2.022051900375506,1.625342190372998,1.6266510664426193,33.5,129.0342190372998,385.17677324567103,1.4154772774163744
frame_109,0,255,2,1,False,False,True,4.870967741935484,True,True,[],[    0.43424     0.15275     0.88775],48.78104945806479,-57.69595162723032,2.149394772362842,0.2861317017258917,0.2538851295711831,33.5,4.886829827410827,14.587551723614409,1.2680291821588523
frame_110,0,255,2,1,False,False,True,4.838709288407515,True,True,[],[    0.43698     0.13956     0.88858],64.92931708790837,7.190429151517769,2.1136736442094985,1.3692326383041171,1.1875816050309016,33.5,103.42326383041171,308.7261606877961,1.286736241900004
frame_111,0,255,6,1,False,False,True,4.110398781778155,True,True,[],[    -0.5009     0.27918     0.81924],-7.63074832712885,-36.45767730121337,1.6283522892860225,0.3087058731764019,0.31088122389576,33.5,2.6294126823598054,7.848993081671061,1.7846174657795364
frame_111,0,127,2,1,False,False,True,5.033333333333333,True,True,[],[    0.43434     0.15444     0.88741],48.03097266666831,-59.31924475920549,1.904446277357799,0.2513382635237953,0.2441366031170377,33.5,8.366173647620473,24.9736526794641,1.2675524409004628
frame_112,0,255,6,1,False,False,True,4.041841130930458,True,True,[],[    0.76872    -0.58413    -0.26052],-8.212875391148076,-37.7147475201666,0.5270594029607432,0.3127127846139285,0.311873191183898,33.5,2.2287215386071537,6.6529001152452345,1.7861533483041858
frame_112,0,127,2,1,False,False,True,4.71875,True,True,[],[    0.42964      0.1474     0.89089],48.70945415124688,-58.27403350068111,1.8976978944307143,0.3162195167624303,0.2807835898276327,33.5,1.87804832375697,5.606114399274538,1.2696738048355178
frame_113,0,255,6,1,False,False,True,4.056913700540445,True,True,[],[    -0.5245     0.33076     0.78453],-8.143609084882161,-40.30120414325247,1.343490681137262,0.3061441609485481,0.3031701544362845,33.5,2.885583905145189,8.613683298940863,1.7826630054328363
frame_113,0,127,2,1,False,False,True,4.870967741935484,True,True,[],[    0.42887     0.14887     0.89102],51.30353146578957,-55.100321951924414,2.2191401512515885,0.3722164974623422,0.3565949104776185,33.5,3.7216497462342177,11.10940222756483,1.2729759613512988
frame_114,0,255,6,1,False,False,True,3.9318178613627968,True,True,[],[   -0.47732     0.27946     0.83311],-5.367241409699892,-42.2140815672192,1.6260640248262528,0.3082091001754022,0.3034722186042325,33.5,2.679089982459776,7.997283529730674,1.778048725497831
frame_115,0,255,2,1,False,False,True,4.78125,True,True,[],[    0.43092     0.14851     0.89008],63.02992811985898,18.671668956578127,2.2247618264236184,2.04867915477122,2.0617993397561314,33.5,171.367915477122,511.546016349618,1.4855677795267628
frame_115,0,127,6,1,False,False,True,4.095539410559282,True,True,[],[   -0.49318     0.30312     0.81541],-3.955595328982031,-43.57352052864491,1.503136876805212,0.290486457741431,0.291081473738099,33.5,4.451354225856901,13.28762455479672,1.7787316114721303
frame_116,0,255,2,1,False,False,True,4.639558222013891,True,True,[],[    0.43713     0.15236      0.8864],62.273246820442765,19.185519767645097,2.354592852583508,1.7868726285078782,1.7675875873041382,33.5,145.18726285078782,433.39481447996366,1.4244439703696703
frame_117,0,255,6,1,False,False,True,4.288812687251389,True,True,[],[   -0.39848     0.23743     0.88591],-5.120333522624708,-44.55876155586398,1.5581459233581796,0.2995911511414182,0.2951047156924922,33.5,3.5408848858581807,10.569805629427403,1.7772486303548534
frame_117,0,127,2,1,False,False,True,4.78125,True,True,[],[    0.43515      0.1494     0.88788],62.9248668002617,17.7373411638583,2.3427886736993933,2.242273489056956,2.181766816361108,33.5,190.7273489056956,569.335369867748,1.436803074018839
frame_118,0,255,6,1,False,False,True,4.448771775932546,True,True,[],[    -0.4454      0.2696     0.85378],-5.744351468912575,-43.28101081812269,1.546918347249504,0.3224995072985335,0.3011242518049986,33.5,1.2500492701466526,3.731490358646724,1.7795312788057207
frame_119,0,255,2,1,False,False,True,4.870967741935484,True,True,[],[    0.43798     0.14288     0.88756],51.68023298786693,-55.39001800453792,2.066308501193205,0.3025340455407252,0.2799442485368664,33.5,3.2465954459274746,9.691329689335744,1.2743981114035765
frame_119,0,127,6,1,False,False,True,4.495279510670924,True,True,[],[   -0.49724     0.34093     0.79782],-5.294674841808431,-42.739832339568544,1.5059545630769149,0.3038808850397859,0.3005641792017261,33.5,3.111911496021408,9.2892880478251,1.782903271394152
frame_120,0,255,2,1,False,False,True,4.78125,True,True,[],[    0.44009     0.14571     0.88605],54.17601900645482,-51.17080004907378,1.835066195624432,0.4172900186620606,0.4083209623691832,33.5,8.22900186620606,24.56418467524197,1.276648783897397
frame_120,0,127,6,1,False,False,True,4.435410407383095,True,True,[],[    0.74387    -0.63737    -0.20103],-6.563677438409337,-41.06252299119036,0.4472491149218123,0.3071905766029303,0.3016614051003503,33.5,2.780942339706965,8.301320417035717,1.7828255987566386
frame_121,0,255,2,1,False,False,True,4.84928852855969,True,True,[],[    0.43479     0.13276     0.89069],51.33024429450855,-56.1795123759475,2.122770590375376,0.3266563084352807,0.2986770052705672,33.5,0.8343691564719313,2.4906541984236754,1.2748825377358737
frame_121,0,127,6,1,False,False,True,4.275049993100427,True,True,[],[    0.75217    -0.65585   -0.064044],-4.1486885470881445,-40.98891187422869,0.3071177988550777,0.3054844030649015,0.3026932148769739,33.5,2.951559693509848,8.810625950775663,1.7882190363288215
frame_122,0,255,2,1,False,False,True,4.967741935483871,True,True,[],[    0.43904     0.13592     0.88813],65.13596327237254,-10.704893579127567,1.9681629041086,1.053265948100962,1.0483030364099797,33.5,71.82659481009621,214.40774570177973,1.2886389676964367
frame_122,0,127,6,1,False,False,True,4.077565475805498,True,True,[],[    0.75984     -0.6163    -0.20693],-3.5361693639958967,-40.16577029208674,0.3868716754685837,0.3007391641216365,0.3059758477811821,33.5,3.426083587836354,10.227115187571206,1.790716008756932
frame_123,0,255,2,1,False,False,True,4.78125,True,True,[],[    0.43995     0.14022     0.88701],50.26993575512278,-59.22944752962333,2.2383486234050034,0.3005358774791825,0.282992885469102,33.5,3.446412252081749,10.287797767408206,1.2740894819173632
frame_123,0,127,6,1,False,False,True,4.052241350858107,True,True,[],,-2.219751568730844,-41.17721205670743,-1.0,0.2984236658251713,0.3025717176464747,33.5,3.657633417482869,10.918308708904087,1.7992086960413771
frame_124,0,255,6,1,False,False,True,4.087037667517522,True,True,[],,-0.0460925643671573,-41.900740038757554,-1.0,0.3022533651787294,0.2935136505595912,33.5,3.2746634821270604,9.775114872021076,1.803651864757601
frame_125,0,255,2,1,False,False,True,4.875,True,True,[],[    0.43448      0.1415      0.8895],54.30725513746653,-52.23075406123747,2.221265568812223,0.4544484240741583,0.4515148587512311,33.5,11.944842407415829,35.65624599228606,1.2760328814807231
frame_125,0,127,6,1,False,False,True,4.287522142730236,True,True,[],,-0.9325670015189388,-42.47929077447194,-1.0,0.3140912239978476,0.3074591969020863,33.5,2.090877600215241,6.241425672284302,1.8080878719090905
frame_126,0,255,2,1,False,False,True,4.888111420121589,True,True,[],[    0.43903     0.13825     0.88777],62.7792123526568,16.7056759897057,2.260885411913873,1.7497442694198797,1.7304707101647874,33.5,141.47442694198796,422.3117222148894,1.4325941299073854
frame_126,0,127,6,1,False,False,True,4.232558165794037,True,True,[],,0.5643420047491128,-43.298373121191176,-1.0,0.2994646703343793,0.2994082282888482,33.5,3.5535329665620727,10.607561094215145,1.8110182515078488
frame_127,0,255,2,1,False,False,True,4.715087411561903,True,True,[],[    0.44096     0.15277     0.88443],52.45246370063495,-56.70860830975714,1.9076028914618648,0.3662175840930781,0.341588785660064,33.5,3.1217584093078123,9.31868181882929,1.272958416613063
frame_127,0,127,6,1,False,False,True,4.2627369601075085,True,True,[],,-1.2730361238295185,-43.00844139633978,-1.0,0.3019025048235167,0.3022313251684089,33.5,3.3097495176483305,9.879849306412927,1.81695821731362
frame_128,0,255,2,1,False,False,True,4.606060606060606,True,True,[],[    0.43587     0.14613     0.88807],53.16582238923206,-54.694866897470845,2.1375365149197068,0.3144770406653473,0.2913747885123248,33.5,2.0522959334652704,6.126256517806778,1.2704141828315505
frame_128,0,127,6,1,False,False,True,4.154046740375563,True,True,[],,-0.5730539179108696,-42.64697411822516,-1.0,0.3094173305889254,0.2996040030870974,33.5,2.558266941107462,7.63661773464914,1.8193614307617607
frame_129,0,255,2,1,False,False,True,4.647287463415155,True,True,[],[    0.44389     0.16257     0.88121],61.7490844231016,20.33148336162868,1.913402781808966,1.7259658847492028,1.7089223189968212,33.5,139.09658847492028,415.2136969400606,1.399877526995367
frame_129,0,127,6,1,False,False,True,4.023972456747439,True,True,[],[   -0.11575    0.086355     0.98952],-1.85987367782018,-42.70372930170035,0.4971632557319796,0.2947768298631266,0.2959417912151606,33.5,4.022317013687338,12.006916458768172,1.8250997784678256
frame_130,0,255,2,1,False,False,True,4.715308663425578,True,True,[],[    0.43805     0.14144     0.88775],63.863832138214725,13.909858720350742,2.372943428709881,1.7878531841605143,1.5926226890997248,33.5,145.28531841605147,433.6875176598551,1.3745627738685342
frame_130,0,127,6,1,False,False,True,3.9268566900843633,True,True,[],[    -0.1722     0.15431      0.9729],-3.4976401647550226,-42.52003893008918,0.4770592291800464,0.2973215101967973,0.2977715230515031,33.5,3.767848980320271,11.247310389015734,1.8312368890999076
frame_131,0,255,2,1,False,False,True,4.756853011060052,True,True,[],[    0.43926      0.1422     0.88704],62.79052478766,16.874663546317905,2.2411760376811776,1.8557218899939945,1.847887865316037,33.5,152.07218899939946,453.9468328340282,1.456926162107998
frame_131,0,127,6,1,False,False,True,3.9835377713914686,True,True,[],[   -0.20089     0.16398     0.96579],-1.81152102398188,-41.707679498785495,0.538386337498507,0.2931579243448494,0.2928043380671568,33.5,4.184207565515058,12.490171837358382,1.8293332909810565
frame_132,0,255,2,1,False,False,True,4.843459038636963,True,True,[],[    0.43883     0.15523     0.88506],62.45059768088895,19.087429542214707,1.962721217711572,1.6678246797066076,1.6863359083108207,33.5,133.28246797066078,397.858113345256,1.4325160627717195
frame_132,0,127,6,1,False,False,True,3.8247331605612476,True,True,[],[   -0.36789     0.31842     0.87365],-3.649865077722688,-40.98110128059744,0.5667078156323719,0.2922003122481993,0.294370864032996,33.5,4.279968775180071,12.776026194567375,1.833318667518689
frame_133,0,255,2,1,False,False,True,4.792217482123659,True,True,[],[    0.43921     0.14305     0.88692],54.07838165576973,-55.11416889367904,1.8295073036449268,0.3042732719417934,0.3036714454742749,33.5,3.072672805820659,9.1721576293154,1.269434578973453
frame_133,0,127,6,1,False,False,True,3.8497790933890395,True,True,[],[   -0.39194      0.3564     0.84815],-2.5025270596003204,-41.565788280790656,1.1001687206580957,0.304712759018515,0.2999627185455443,33.5,3.0287240981484995,9.0409674571597,1.8433199683500356
frame_134,0,255,2,1,False,False,True,4.751783396874932,True,True,[],[    0.43703     0.14242      0.8881],63.04702320832041,16.986375557473167,2.2663211108811634,1.7887338010802762,1.7746951190507647,33.5,145.37338010802762,433.950388382172,1.474927034118989
frame_134,0,127,6,1,False,False,True,3.9811202956634824,True,True,[],[   -0.41555      0.3393     0.84391],-3.717089931171195,-40.30953944286949,0.6660438042186618,0.3004714410979458,0.3030149805899962,33.5,3.45285589020542,10.30703250807588,1.8440635700316013
frame_135,0,255,2,1,False,False,True,4.728660550458716,True,True,[],[    0.43879     0.14099     0.88746],62.70768884650633,17.28071660488707,2.3773357443719414,1.638242502232128,1.6256922434748913,33.5,130.3242502232128,389.0276126066054,1.4726002965597498
frame_135,0,127,6,1,False,False,True,4.05991311983643,True,True,[],[   -0.43284     0.33455     0.83709],-4.318767505324964,-41.64302612882619,1.183998391288432,0.2618466753235807,0.2633785275149629,33.5,7.315332467641933,21.83681333624457,1.8456267014191048
frame_136,0,255,2,1,False,False,True,4.911656463169973,True,True,[],[    0.43999      0.1365     0.88757],63.56410579279944,15.614876831294048,2.2247396726596502,1.5446699394642804,1.5251738468885854,33.5,120.96699394642803,361.09550431769566,1.363234015311808
frame_136,0,127,6,1,False,False,True,4.306981858589535,True,True,[],[   -0.41578     0.33069     0.84721],52.009875787979496,140.73148188857897,1.3718108065870462,0.6143859304368815,0.6212410751467743,33.5,27.938593043688147,83.39878520503925,1.9212151388669425
frame_137,0,255,2,1,False,False,True,4.705145968233241,True,True,[],[    0.43778      0.1412     0.88793],63.51918624487328,16.216717773528973,2.346582849880682,1.7597321067837353,1.7454087697037717,33.5,142.47321067837353,425.2931662041001,1.429124133570211
frame_137,0,127,6,1,False,False,True,4.764943379830595,True,True,[],[   -0.48934     0.38494     0.78254],-3.352799165236393,-38.50505472384282,0.6160601225085331,0.2864906933381054,0.2809086444367389,33.5,4.850930666189457,14.480390048326738,1.847141419384918
frame_138,0,255,2,1,False,False,True,4.625645514705705,True,True,[],[    0.43885     0.13583     0.88823],53.980193926256014,-53.22606500765856,2.1869697599101023,0.3009888977055085,0.2840849820935408,33.5,3.4011102294491504,10.152567849101942,1.2658222405244712
frame_138,0,127,6,1,False,False,True,4.576882602807903,True,True,[],[   -0.48776     0.35031     0.79961],-4.179500722821135,-36.86932286402676,0.797315159994451,0.2679665582318001,0.2673595549015281,33.5,6.703344176819987,20.00998261737309,1.8500086011056296
frame_139,0,255,2,1,False,False,True,4.6432745912646105,True,True,[],[    0.43703     0.15144      0.8866],51.85833702415625,-54.93830810108816,2.299697433157498,0.2895127593072417,0.2594378390570102,33.5,4.548724069275828,13.57828080380844,1.261276524862345
frame_139,0,127,6,1,False,False,True,4.345805898769092,True,True,[],[    -0.4726     0.31775       0.822],-6.186417766671237,-35.33979183477414,0.8826605001683381,0.2823378988627844,0.2843616958503181,33.5,5.266210113721565,15.720030190213627,1.8528452764749528
frame_140,0,255,6,1,False,False,True,4.491614857152186,True,True,[],[   -0.48703     0.30265     0.81927],-4.3845595098925845,-33.037808956634514,0.8952673064689973,0.2808751590366286,0.2841349418211563,33.5,5.412484096337139,16.15666894428997,1.8516273605835307
frame_141,0,255,6,1,False,False,True,4.1920875836285845,True,True,[],[   -0.42419     0.25779      0.8681],-1.3462770100400678,-30.45882979275672,1.397758844608542,0.2779389189273877,0.2806210054170264,33.5,5.706108107261231,17.033158529138003,1.8513944870685304
frame_142,0,255,2,1,False,False,True,4.786167391216005,True,True,[],[    0.43887     0.13144     0.88888],53.78440534313548,-51.7940821649425,1.866091178556102,0.3868218735520576,0.3464889975115798,33.5,5.182187355205764,15.469215985688848,1.2649272843192287
frame_143,0,255,2,1,False,False,True,4.668843496611629,True,True,[],[    0.44037     0.12505     0.88907],63.54259782135506,14.70933591760394,1.9558529572359449,1.9372958312836888,1.9343259025749928,33.5,160.22958312836892,478.297263069758,1.390775712367669
frame_144,0,255,2,1,False,False,True,4.74869117636432,True,True,[],[    0.43981     0.13507     0.88788],63.1299654980623,16.333093807909087,2.110154396807212,2.1108667926695155,2.097726876944757,33.5,177.58667926695156,530.1094903491091,1.4762973292584285
frame_145,0,255,2,1,False,False,True,4.649859949127144,True,True,[],[    0.44017     0.12781     0.88877],62.7228161657814,14.767406204258986,2.0004659290247377,1.972950368763676,1.96184564576973,33.5,163.79503687636756,488.9404085861718,1.4747499390928314
frame_146,0,255,6,1,False,False,True,4.033082130135108,True,True,[],,3.5601846027724537,-24.15082211080805,-1.0,0.2993584183745884,0.3013457477165189,33.5,3.564158162541159,10.639278097137788,1.857435165210981
frame_146,0,127,2,1,False,False,True,4.70508301969765,True,True,[],[    0.44132     0.13263      0.8875],64.35955851897512,-11.640240962373523,1.8352686403459797,0.8041803380202086,0.7623066156405603,33.5,46.91803380202086,140.0538322448384,1.2861600416948535
frame_147,0,255,6,1,False,False,True,3.3636826781573905,True,True,[],[   -0.13314     0.27836     0.95121],3.505392231277571,-26.210415381219992,0.6555608041422227,0.2996186074241703,0.3042048306381635,33.5,3.5381392575829675,10.56160972412826,1.8593017990759195
frame_147,0,127,2,1,False,False,True,4.700061128988701,True,True,[],[    0.44092     0.13318     0.88761],64.5152496553139,-9.59879615660312,2.347771072632976,0.8686431421921899,0.8176476120637913,33.5,53.36431421921899,159.2964603558776,1.293025902418202
frame_148,0,255,6,1,False,False,True,3.5920728105610347,True,True,[],[   -0.23047     0.28103     0.93161],2.854602004183061,-28.366332196329708,1.4128537517179949,0.2960178000278406,0.3002267176927574,33.5,3.89821999721594,11.636477603629672,1.862883798492834
frame_148,0,127,2,1,False,False,True,4.752280756358819,True,True,[],[    0.44171     0.13194      0.8874],63.13661285211841,15.037034620281313,1.971255564652444,1.970857307616146,1.9567226729142844,33.5,163.5857307616146,488.3156142137749,1.4771448164462886
frame_149,0,255,6,1,False,False,True,3.7918617923084845,True,True,[],[   -0.34679     0.32681     0.87916],3.698810696602415,-31.10125790229706,0.5850791372014004,0.2969553036394777,0.301125027255696,33.5,3.804469636052227,11.35662577926038,1.8676248185632407
frame_149,0,127,2,1,False,False,True,4.700488501311301,True,True,[],[    0.44232     0.13599     0.88649],58.12670430811175,-45.600551678830456,2.1435141682689234,0.438533089387418,0.4134822554077562,33.5,10.353308938741796,30.90539981713969,1.2702718179734027
frame_150,0,255,6,1,False,False,True,3.976677079715078,True,True,[],[   -0.38884     0.33651     0.85765],6.296752977003609,-32.37960718808853,1.4620368120221023,0.2956423054424888,0.2981917271429145,33.5,3.93576945575112,11.748565539555582,1.8721258926020097
frame_150,0,127,2,1,False,False,True,4.732204658952256,True,True,[],[    0.44173     0.13358     0.88715],55.78124943175288,-50.643254729240894,2.211969816449696,0.3024734072672952,0.301717860948249,33.5,3.2526592732704804,9.709430666479047,1.2623894400649018
frame_151,0,255,6,1,False,False,True,3.954005223405048,True,True,[],[   -0.44502      0.3604      0.8198],-2.603100589286688,-33.57139475831074,1.221880463999031,0.2844158210726172,0.2824756774564316,33.5,5.058417892738277,15.099754903696349,1.882433494454936
frame_151,0,127,2,1,False,False,True,4.720531851245907,True,True,[],[    0.44188     0.13256     0.88723],53.82443120059078,-53.71546539305289,1.977922050465288,0.3120700283596019,0.2863750901731089,33.5,2.2929971640398064,6.844767653850169,1.2602719205698136
frame_152,0,255,6,1,False,False,True,3.849056474956839,True,True,[],[   -0.32093     0.28306     0.90382],3.359918266436803,-31.57314864318222,1.4693625518952511,0.2950045592085284,0.2965707714812942,33.5,3.99954407914716,11.938937549693016,1.869137225464044
frame_152,0,127,2,1,False,False,True,4.685837144795801,True,True,[],[     0.4417     0.13718     0.88661],56.14337643355167,-50.61234180244859,1.954193080289319,0.338257619227535,0.3320968564747837,33.5,0.3257619227535036,0.9724236500104584,1.264408301465413
frame_153,0,255,6,1,False,False,True,4.207101357276796,True,True,[],[   -0.41281     0.32518     0.85079],-5.1100139036126455,-31.01890019907509,1.1299005255310135,0.2874690748904612,0.2838165924055241,33.5,4.753092510953882,14.188335853593678,1.8798163220300963
frame_153,0,127,2,1,False,False,True,4.777613812129646,True,True,[],[    0.44274     0.13611     0.88626],64.3982002942943,-9.51089024474177,1.963619715132167,1.005640632035937,0.7995727896786669,33.5,67.0640632035937,200.19123344356328,1.282459657951709
frame_154,0,255,6,1,False,False,True,3.8283903358965157,True,True,[],[   -0.41947     0.33889     0.84214],-2.5971229687623905,-29.704876206181677,1.4047335767421405,0.2769300711450559,0.276761720264535,33.5,5.806992885494411,17.33430712087884,1.8807253871223717
frame_154,0,127,2,1,False,False,True,4.5621975702768465,True,True,[],[    0.44326     0.13871      0.8856],62.81304033939318,15.933534771458172,1.9777439388921645,1.977870643988928,1.9673304609366369,33.5,164.2870643988928,490.40914745938153,1.5307129059325566
frame_155,0,255,6,1,False,False,True,3.8876809683510856,True,True,[],[   -0.42066     0.33989     0.84114],-2.4242013252950434,-28.520435189568524,1.1109436785078417,0.2898476479460692,0.2883219076980934,33.5,4.515235205393081,13.478314045949494,1.8850625893580784
frame_155,0,127,2,1,False,False,True,4.66855300722084,True,True,[],[    0.44267     0.13755     0.88607],63.64426485157717,-20.46483566370009,2.023194933336855,0.7849978166200124,0.779026712152301,33.5,44.99978166200124,134.32770645373503,1.2832741982631095
frame_156,0,255,2,1,False,False,True,4.48105560146345,True,True,[],[    0.44268     0.13818     0.88597],63.05407644152344,15.71861722287873,2.027645548897195,2.026441498310738,2.009546553650085,33.5,169.14414983107383,504.907909943504,1.486277686227217
frame_157,0,255,6,1,False,False,True,4.005843502376016,True,True,[],,-0.5376431163755906,-27.44743268281822,-1.0,0.2771716706862023,0.2743081634327089,33.5,5.782832931379772,17.26218785486499,1.887133761334013
frame_157,0,127,2,1,False,False,True,4.581016486816746,True,True,[],[    0.44236     0.13385     0.88679],63.414001872504514,15.2560464106503,1.9903710973149868,1.9892402190290424,1.9866764257842535,33.5,165.42402190290423,493.8030504564305,1.3740613310354155
frame_158,0,255,6,1,False,False,True,4.1888692527555085,True,True,[],[   -0.44121     0.33384       0.833],-2.281117385505922,-24.01289358509244,1.1338223667085654,0.289019565677963,0.2857711225381871,33.5,4.5980434322036965,13.7255027826976,1.8887251508376453
frame_158,0,127,2,1,False,False,True,4.430698868476187,True,True,[],[    0.44318     0.13623     0.88602],62.79454198559474,15.899856886771929,1.9335882446588653,1.9334212077800377,1.928764709001205,33.5,159.84212077800376,477.1406590388172,1.500860167147242
frame_159,0,255,2,1,False,False,True,4.561128382572165,True,True,[],[    0.44435     0.14315     0.88434],62.822818474995415,-25.1780287070358,1.884198704428151,0.8420187718677028,0.7382567725979428,33.5,50.70187718677028,151.34888712468742,1.2791406387279205
frame_160,0,255,2,1,False,False,True,4.396867201502504,True,True,[],[    0.44437     0.13897       0.885],55.62037503488546,-50.95673096411842,2.048944169973592,0.3420462921983228,0.3221374344731891,33.5,0.7046292198322812,2.1033708054694964,1.2670448752867471
frame_161,0,255,2,1,False,False,True,4.3432132299378985,True,True,[],[    0.44533     0.13703     0.88482],53.82622307986034,-55.617030692162345,1.959487279093952,0.304919265744217,0.295325653829646,33.5,3.0080734255783,8.979323658442686,1.2678210748645835
frame_162,0,255,2,1,False,False,True,4.4259262407782085,True,True,[],[    0.44666     0.13459     0.88452],55.79905591086854,-51.2969120585984,1.983171713194373,0.323375508189081,0.310053732591001,33.5,1.162449181091901,3.469997555498213,1.264635394746805
frame_163,0,255,6,1,False,False,True,4.011891409643881,True,True,[],[   -0.29788     0.23877     0.92426],-5.577215244833849,-12.536616843299202,1.3826779422810436,0.2774479484156045,0.2753291783482558,33.5,5.755205158439552,17.179716890864334,1.8985950136750671
frame_163,0,127,2,1,False,False,True,4.565679476239388,True,True,[],[    0.44549      0.1339     0.88521],59.7844126017483,-41.89156440945411,1.9550106597426324,0.480125676472469,0.4540383674794708,33.5,14.512567647246904,43.32109745446837,1.2726881581473637
frame_164,0,255,6,1,False,False,True,3.9957032833400894,True,True,[],,-7.244354494481199,-14.669716329302066,-1.0,0.287366417671984,0.290726953513409,33.5,4.763358232801601,14.218979799407766,1.9045209253706583
frame_164,0,127,2,1,False,False,True,4.493216172100279,True,True,[],[    0.44607     0.13684     0.88447],55.07856178986757,-52.0743449234629,1.9490220990877596,0.3196784005035437,0.3132782443267112,33.5,1.532159949645634,4.573611789986967,1.265831506721228
frame_165,0,255,6,1,False,False,True,3.9685795756245263,True,True,[],[    0.92628    -0.32163    -0.19638],-12.644362315476917,-19.987221352193654,0.3055933510905936,0.2845943645901643,0.2838284977784274,33.5,5.040563540983572,15.046458331294248,1.9091651940028849
frame_165,0,127,2,1,False,False,True,4.36196138086219,True,True,[],[    0.44725     0.14059     0.88329],52.98796355859289,-57.5202851522427,2.015994340487418,0.2802866738311489,0.2602780066983542,33.5,5.47133261688511,16.3323361698063,1.2639951025523442
frame_166,0,255,6,1,False,False,True,4.273762992476094,True,True,[],,-10.998051237823542,-22.64714839129838,-1.0,0.3107688776877212,0.307562901940424,33.5,2.4231122312278752,7.233170839486195,1.9086618498888452
frame_166,0,127,2,1,False,False,True,4.6155506048318315,True,True,[],[     0.4463     0.14203     0.88354],53.39063980517737,-56.18535488788181,1.9485996034462676,0.2812351781448599,0.277378585691219,33.5,5.376482185514014,16.049200553773176,1.2649673129958978
frame_167,0,255,6,1,False,False,True,4.037313395236164,True,True,[],,-13.723687087097431,-26.031003511995664,-1.0,0.3019520764980377,0.3026273215683946,33.5,3.3047923501962284,9.865051791630531,1.910025286847625
frame_167,0,127,2,1,False,False,True,4.6982846503153715,True,True,[],[    0.44736     0.13841     0.88358],56.39257916539479,-52.16489083709583,2.0955769773553907,0.3949673088998238,0.340735004430021,33.5,5.996730889982377,17.900689223827992,1.2713477227606291
frame_168,0,255,6,1,False,False,True,4.054778367598747,True,True,[],[   -0.30974     0.31264     0.89795],-12.681630407805224,-28.53372369485205,1.3647831801110872,0.272181231397969,0.2707570198493631,33.5,6.2818768602031,18.751871224486862,1.9149482719635549
frame_168,0,127,2,1,False,False,True,4.57005535191867,True,True,[],[    0.44773     0.14823      0.8818],54.90474068486927,-54.54749972832726,2.0115129306500625,0.3399019225465662,0.3285250070150032,33.5,0.4901922546566239,1.463260461661564,1.2741549110842518
frame_169,0,255,6,1,False,False,True,4.051748084968211,True,True,[],[  -0.046066     0.22754     0.97268],-14.29178557353116,-28.070334230533373,2.118780262836653,0.2642965725152458,0.2627430589457796,33.5,7.070342748475422,21.10550074171768,1.9132686336645703
frame_169,0,127,2,1,False,False,True,4.582352646602233,True,True,[],[    0.44776     0.13761      0.8835],52.76592693661105,-57.48456121386597,1.9364699091613744,0.2606262381965177,0.2420339470098565,33.5,7.437376180348227,22.201122926412616,1.2630026146127178
frame_170,0,255,6,1,False,False,True,3.9124399644542662,True,True,[],[   0.085832     0.17149     0.98144],-14.913171190628097,-27.28744407416288,1.924014055881867,0.2591862524422349,0.2599355003217413,33.5,7.58137475577651,22.63096942022839,1.912154611869561
frame_170,0,127,2,1,False,False,True,4.635944971916039,True,True,[],[    0.44864     0.13801     0.88299],55.78230790082024,-54.02683223404256,1.9294623907524255,0.3191229256115082,0.3178784739871937,33.5,1.5877074388491783,4.739425190594563,1.2743420029462946
frame_171,0,255,6,1,False,False,True,3.9417576590178385,True,True,[],,-16.045298979380384,-23.531990069408515,-1.0,0.2818175933095087,0.2786249653761314,33.5,5.318240669049129,15.87534528074367,1.914617857340112
frame_171,0,127,2,1,False,False,True,4.6289926244639705,True,True,[],[    0.44776     0.13757     0.88351],55.15987738012024,-55.13765004139695,2.038850670715121,0.2930350789409286,0.2948053635413815,33.5,4.19649210590714,12.526842107185493,1.270306728963456
frame_172,0,255,6,1,False,False,True,3.7787417074814478,True,True,[],[    -0.4344     0.32019     0.84189],-15.604831405721232,-20.02358632893247,1.269329549633019,0.3013046293738094,0.2990738651176416,33.5,3.3695370626190604,10.058319589907642,1.9217665022080976
frame_172,0,127,2,1,False,False,True,4.744185538606676,True,True,[],[    0.44853     0.14151     0.88249],55.53886591500456,-55.07101761804751,1.7227411215498567,0.3449143156494315,0.3187742818670114,33.5,0.9914315649431517,2.959497208785527,1.276358504056836
frame_173,0,255,6,1,False,False,True,3.8489123226073105,True,True,[],[    0.82949    -0.29807    -0.47233],-19.618955604631605,-17.00609154636304,0.4837147006567699,0.2995612850198585,0.2904287402002084,33.5,3.543871498014145,10.57872088959446,1.9220310854886784
frame_173,0,127,2,1,False,False,True,4.671272720728377,True,True,[],[    0.44685     0.13494     0.88437],55.04547487699225,-54.9282253045218,1.895370913952076,0.3013197965630344,0.2878401511235393,33.5,3.36802034369656,10.053792070736,1.2689137824915893
frame_174,0,255,6,1,False,False,True,3.905694263246481,True,True,[],,-11.553020774654362,-11.912492355591604,-1.0,0.2876550101214595,0.293561455365838,33.5,4.734498987854052,14.132832799564335,1.9234882107733715
frame_174,0,127,2,1,False,False,True,4.742568646753521,True,True,[],[     0.4468     0.13544     0.88432],59.359422065341874,-45.09520822800057,1.6541143467115187,0.4892615698265765,0.4634149388403846,33.5,15.426156982657652,46.04822979897806,1.283118023904838
frame_175,0,255,6,1,False,False,True,3.9244188161419578,True,True,[],[   -0.19871     0.24588     0.94871],-18.37661951817428,-10.87341885046126,1.2926198839207268,0.2840074356317138,0.2868490946679461,33.5,5.09925643682862,15.221661005458568,1.9290640721557597
frame_175,0,127,2,1,False,False,True,4.679389414785252,True,True,[],[    0.44814     0.13515     0.88369],55.457720830962046,-54.459130466628096,1.612182459049123,0.3144106614907058,0.2957020941470872,33.5,2.0589338509294173,6.146071196804231,1.2728174365286595
frame_176,0,255,6,1,False,False,True,4.020194679330429,True,True,[],,-15.80391372951681,-7.5021259736309,-1.0,0.2888410523181622,0.2940680281551628,33.5,4.615894768183776,13.77879035278739,1.926394017071601
frame_176,0,127,2,1,False,False,True,4.760987052622399,True,True,[],[    0.44683     0.13202     0.88483],56.92258083881461,-51.72038234392471,1.938752940739324,0.344927724144733,0.3417738919815954,33.5,0.992772414473303,2.963499744696427,1.277999392775602
frame_177,0,255,6,1,False,False,True,4.001530375566362,True,True,[],,-18.113715727847985,-6.87775444796288,-1.0,0.2907236797232685,0.2888484183911077,33.5,4.427632027673145,13.216812022904907,1.9313129104538265
frame_177,0,127,2,1,False,False,True,4.783486039665925,True,True,[],[    0.44755     0.13352     0.88423],55.18994241762973,-54.221418638971,1.7721583859069705,0.3361873669831623,0.3050442644273299,33.5,0.1187366983162296,0.3544379054215811,1.27167834874386
frame_178,0,255,6,1,False,False,True,4.163355352039985,True,True,[],,-18.67052110280844,-6.578261370482547,-1.0,0.2947570700660862,0.282890871802475,33.5,4.024292993391382,12.012814905645914,1.9403050218292184
frame_178,0,127,2,1,False,False,True,4.747803893889094,True,True,[],[    0.44755      0.1335     0.88424],57.02921650642498,-51.27196685284892,1.6486936817949709,0.3350765566998699,0.3350975236070963,33.5,0.0076556699869889,0.0228527462298178,1.2809004562451436
frame_179,0,255,6,1,False,False,True,4.142056014450276,True,True,[],[   -0.18141     0.22337      0.9577],-19.017499300762868,-6.371501338525595,1.2366640098720536,0.2948611652861023,0.2869072856162329,33.5,4.013883471389768,11.9817417056411,1.9380289688594132
frame_179,0,127,2,1,False,False,True,4.63533834456067,True,True,[],[     0.4491     0.13822     0.88272],55.98115037249238,-53.86816640578247,1.9163322571488368,0.3415663535559229,0.335804741253403,33.5,0.6566353555922888,1.9601055390814592,1.2763280423755967
frame_180,0,255,6,1,False,False,True,4.172932081194242,True,True,[],,-18.50506759781387,-6.357814551032168,-1.0,0.275538303941623,0.2805232278982239,33.5,5.946169605837698,17.749760017425963,1.937681962727265
frame_180,0,127,2,1,False,False,True,4.671968625216816,True,True,[],[    0.44773     0.13757     0.88352],57.470749854474064,-50.76354924209178,1.61663320088343,0.3669048735250582,0.3621612451741343,33.5,3.1904873525058166,9.523842843300944,1.2822601153839344
frame_181,0,255,6,1,False,False,True,4.100665527362202,True,True,[],,-19.22758904138738,-7.250626483371994,-1.0,0.3013834795918261,0.2937566523274983,33.5,3.3616520408173867,10.034782211395184,1.9385223717032791
frame_181,0,127,2,1,False,False,True,4.622662824590625,True,True,[],[    0.44799     0.13961     0.88307],54.112622365670624,-57.029498784911816,1.701771203416953,0.287793492393946,0.2729848705006702,33.5,4.720650760605399,14.09149480777731,1.2736700829474503
frame_182,0,255,6,1,False,False,True,4.083065583085288,True,True,[],[   -0.20814     0.23105     0.95042],-18.12882047201175,-7.906729206015173,1.7357899310289853,0.2965166839660761,0.2927921507389604,33.5,3.848331603392391,11.487557025051917,1.9411289487583288
frame_182,0,127,2,1,False,False,True,4.777340658241079,True,True,[],[     0.4471     0.13375     0.88442],52.447274439808965,-59.41227861206928,1.6894302335128588,0.2407504752941585,0.2335695209163016,33.5,9.424952470584152,28.13418647935568,1.2718915549646084
frame_183,0,255,6,1,False,False,True,4.0783228009398576,True,True,[],,-14.26481832910904,-8.416883316312884,-1.0,0.2893890476196632,0.2837151253943923,33.5,4.56109523803368,13.61520966577218,1.9411469944634083
frame_183,0,127,2,1,False,False,True,4.702155533776243,True,True,[],[    0.44796     0.13858     0.88325],54.22454410282306,-55.801091314191154,1.6405475234747384,0.337597032369672,0.3099724641128747,33.5,0.2597032369671959,0.7752335431856594,1.274897286281258
frame_184,0,255,6,1,False,False,True,4.151064511462905,True,True,[],[    0.10314     0.19344     0.97568],-14.874651034221758,-8.849752847647107,1.2800388808320375,0.2965819846250527,0.2905384416769013,33.5,3.841801537494727,11.468064291029036,1.9398363994844128
frame_184,0,127,2,1,False,False,True,4.766044011148277,True,True,[],[    0.44804     0.13056     0.88443],53.863988965429606,-57.13305805401615,1.6506265974229404,0.2803525093418201,0.2766210075907759,33.5,5.464749065817992,16.312683778561173,1.2741102391123869
frame_185,0,255,6,1,False,False,True,4.054869508992492,True,True,[],,-13.39331946426524,-8.906156732293583,-1.0,0.2958908277980534,0.2965059447488328,33.5,3.9109172201946594,11.674379761775104,1.9417897378163915
frame_185,0,127,2,1,False,False,True,4.7353312283386035,True,True,[],[    0.44833     0.13634     0.88341],55.918095506646296,-53.58171485846656,1.707329823996343,0.3382120367434515,0.326952641521388,33.5,0.3212036743451552,0.9588169383437468,1.2765238236953325
frame_186,0,255,6,1,False,False,True,4.1032150326257515,True,True,[],[  -0.096304     0.24183     0.96553],-11.783769890676425,-9.067342448993283,1.3186001942504468,0.2910423208106509,0.2899045336916204,33.5,4.395767918934906,13.121695280402704,1.9472262735536612
frame_186,0,127,2,1,False,False,True,4.761905144515965,True,True,[],[    0.44852     0.13712     0.88319],54.28786747315984,-56.3261431048234,1.8183250250000167,0.3326936769600983,0.2892299958446392,33.5,0.2306323039901692,0.6884546387766245,1.2757690543883784
frame_187,0,255,6,1,False,False,True,4.106796075695034,True,True,[],[   -0.14648     0.23236     0.96154],-14.183397214254375,-8.796958685584043,1.1722630247753485,0.2930178686260011,0.2897084407210065,33.5,4.198213137399892,12.531979514626546,1.9442875200444456
frame_187,0,127,2,1,False,False,True,4.740586790530527,True,True,[],[    0.45285     0.14366     0.87994],53.82645106432377,-58.49927694432006,1.703200327810292,0.3427067235916186,0.3128828959251962,33.5,0.7706723591618558,2.300514504960764,1.2854908939857217
frame_188,0,255,2,1,False,False,True,4.771816203311599,True,True,[],[    0.45014     0.13156     0.88321],54.52058890758309,-55.88625267356186,1.630206707288845,0.3420906596227626,0.3292340476767732,33.5,0.7090659622762618,2.116614812764961,1.27669393962035
frame_189,0,255,2,1,False,False,True,4.742212197098252,True,True,[],[    0.45348     0.14787     0.87892],53.534291538745,-59.95127301428169,2.07581297009827,0.3174781947772385,0.3074861954439546,33.5,1.7521805222761533,5.230389618734786,1.2856841718132848
frame_190,0,255,2,1,False,False,True,4.785196009863899,True,True,[],[    0.44901     0.13501     0.88327],54.81891221039936,-55.04452595947024,1.640256020765012,0.3277924015867529,0.3106087328810279,33.5,0.7207598413247085,2.1515219144021147,1.2765614266787462
frame_191,0,255,6,1,False,False,True,3.9482758012873966,True,True,[],,-10.738242463022829,-14.304746476882356,-1.0,0.2840736575181754,0.2892910670346484,33.5,5.09263424818246,15.201893278156597,1.9492270840538872
frame_191,0,127,2,1,False,False,True,4.827586675633436,True,True,[],[    0.44825     0.13621     0.88347],54.23172719184304,-55.59707423504275,1.7848386691668772,0.298019838573622,0.2702941112390905,33.5,3.6980161426378,11.038854157127762,1.2732401144917371
frame_192,0,255,6,1,False,False,True,4.07261858492969,True,True,[],,-8.629488170830104,-16.312563436552907,-1.0,0.2928318531587158,0.3008568128325357,33.5,4.216814684128423,12.587506519786338,1.95024326981493
frame_192,0,127,2,1,False,False,True,4.667269797184772,True,True,[],[    0.44959     0.13371     0.88317],55.72693872663504,-52.1853275983774,1.6552417608965335,0.3639428416553367,0.3541514254877935,33.5,2.894284165533673,8.63965422547365,1.275329666521082
frame_193,0,255,6,1,False,False,True,4.1776200575416915,True,True,[],,-4.677156865199229,-16.84666416314991,-1.0,0.2915804353102811,0.2971032564897063,33.5,4.341956468971886,12.961064086483242,1.9451079023381077
frame_193,0,127,2,1,False,False,True,4.61854210221646,True,True,[],[    0.45055     0.13219     0.88291],53.0605271359351,-57.79690296950055,1.641700764222927,0.3174925941926116,0.3107988018665449,33.5,1.7507405807388354,5.226091285787569,1.273699210310083
frame_194,0,255,6,1,False,False,True,4.248088617397493,True,True,[],,-5.551361203667773,-17.605994461953465,-1.0,0.2954134557448581,0.3021385874379058,33.5,3.958654425514185,11.816878882131896,1.9502366989976747
frame_194,0,127,2,1,False,False,True,4.530302445915458,True,True,[],[    0.45572     0.15056      0.8773],62.13579810645476,16.08734633968615,1.7929964418837128,1.79170891750937,1.7979177032656688,33.5,145.670891750937,434.8384828386178,1.406006328653882
frame_195,0,255,2,1,False,False,True,4.495390865226362,True,True,[],[    0.45541     0.14628     0.87818],53.121165867120126,-59.12387066661904,1.6321585809119157,0.2925132778713456,0.283373717466524,33.5,4.24867221286544,12.682603620493852,1.281397882394531
frame_196,0,255,2,1,False,False,True,4.501967345643954,True,True,[],[     0.4542     0.15414     0.87747],51.58034886648775,-61.09299858994189,1.5701686149206049,0.2966852661461699,0.2811759002840797,33.5,3.831473385383005,11.437233986217926,1.2804454539489591
frame_197,0,255,6,1,False,False,True,4.183222870776632,True,True,[],,-4.48047164051845,-18.65781202792049,-1.0,0.2955042141559424,0.3026625333841048,33.5,3.949578584405761,11.789786819121677,1.9556284417760184
frame_197,0,127,2,1,False,False,True,4.636683484569225,True,True,[],[    0.45635     0.14225     0.87836],53.1889886118899,-59.89447502521829,1.659447406146297,0.3341256775956109,0.2920698467335697,33.5,0.087432240438906,0.2609917625041972,1.2815284628159416
frame_198,0,255,6,1,False,False,True,4.234682597714166,True,True,[],,0.2544164693236903,-17.56184239599257,-1.0,0.3016528007844919,0.3007905814143987,33.5,3.3347199215508105,9.954387825524808,1.9664844171424285
frame_198,0,127,2,1,False,False,True,4.457174955121509,True,True,[],[    0.45636     0.15236     0.87666],55.3649747139272,-56.11506541349247,1.6359598938758502,0.4147537418206608,0.3620321951957964,33.5,7.975374182066081,23.807087110645018,1.2878852776946308
frame_199,0,255,6,1,False,False,True,4.380952257859202,True,True,[],,-2.5794233410074745,-17.3843720072462,-1.0,0.3043631431276774,0.2984305706296624,33.5,3.063685687232259,9.145330409648537,1.9650893483917289
frame_199,0,127,2,1,False,False,True,4.529708958544716,True,True,[],[    0.45345     0.14243     0.87983],54.07504736193541,-58.00443735773918,1.5957632773417634,0.3292797270766128,0.3091822186602105,33.5,0.5720272923387226,1.7075441562349931,1.2805058341347235
frame_200,0,255,6,1,False,False,True,4.220092688996074,True,True,[],[   0.035771     0.20295     0.97854],1.9588011212376988,-14.259536864099248,2.2036028748812555,0.2816563907709809,0.2763977728217796,33.5,5.33436092290191,15.92346544149824,1.968878156656704
frame_200,0,127,2,1,False,False,True,4.6300192394655895,True,True,[],[     0.4578     0.15032     0.87626],55.13595256940653,-56.47722501798478,1.595817472019061,0.3981618022901891,0.4051878414101905,33.5,6.316180229018914,18.854269340354968,1.286837055474464
frame_201,0,255,6,1,False,False,True,4.246969693411892,True,True,[],,-1.2396914483313766,-12.733848185917662,-1.0,0.2821762619861327,0.2710959857040393,33.5,5.282373801386731,15.768280004139497,1.9697756671626812
frame_201,0,127,2,1,False,False,True,4.505869620546309,True,True,[],[    0.45539     0.14818     0.87787],61.93484011600788,16.69408377631083,1.72551303021152,1.5944202879927392,1.6229268737909632,33.5,125.94202879927391,375.94635462469824,1.4239905206889172
frame_202,0,255,6,1,False,False,True,4.129880025240447,True,True,[],[   -0.10586     0.23336     0.96661],-0.1256191701022406,-9.419881791041142,1.2811112682192276,0.290398318489655,0.2877602563450532,33.5,4.460168151034499,13.31393477920746,1.9713756005723768
frame_202,0,127,2,1,False,False,True,4.4960585344222315,True,True,[],[    0.45719     0.14666     0.87719],52.057058590027765,-60.62690146551416,1.9066920150735636,0.3468005441348071,0.3061505871879569,33.5,1.1800544134807078,3.522550488002113,1.278651257191419
frame_203,0,255,6,1,False,False,True,4.032258064516129,True,True,[],,1.120299875536433,-8.23132800925857,-1.0,0.2854891638385726,0.2854320819655511,33.5,4.951083616142743,14.779354078038038,1.9711775374334453
frame_203,0,127,2,1,False,False,True,4.740916911267443,True,True,[],[    0.45736     0.13679      0.8787],55.93844167744383,-54.29356611210936,1.594349561524057,0.5144475586181153,0.4613364053735055,33.5,17.94475586181153,53.56643540839262,1.2876306940679965
frame_204,0,255,2,1,False,False,True,4.531394916997407,True,True,[],[    0.45607     0.15281     0.87672],53.509720356669646,-58.42976645223257,1.7907347572729062,0.333578457113678,0.322283299978322,33.5,0.1421542886321958,0.4243411600961069,1.2815376999973125
frame_205,0,255,2,1,False,False,True,4.584847731481374,True,True,[],[    0.45689      0.1492     0.87692],53.379721846433824,-57.86231810185461,1.609211266101432,0.3292960322615134,0.3051130560726207,33.5,0.5703967738486637,1.7026769368616828,1.2786068905354826
frame_206,0,255,2,1,False,False,True,4.484838603749739,True,True,[],[    0.46047     0.15988     0.87316],52.28222679421072,-60.52495162193588,1.6125572687278,0.3156571352548452,0.2972802776495963,33.5,1.934286474515484,5.7739894761656245,1.2850535589444063
frame_207,0,255,6,1,False,False,True,3.9902436269565853,True,True,[],[ -0.0026366     0.23576     0.97181],-3.661473681463801,-9.827119738258924,1.263646749038658,0.2752147960970428,0.287294262445423,33.5,5.978520390295716,17.846329523270796,1.981665665770436
frame_207,0,127,2,1,False,False,True,4.555768944623806,True,True,[],[    0.45804     0.15223      0.8758],53.61415359186508,-56.99306196954166,1.6224031122812506,0.3386915647032014,0.3067239932044137,33.5,0.3691564703201366,1.1019596128959304,1.2803376101059003
frame_208,0,255,2,1,False,False,True,4.62942452584738,True,True,[],[    0.45812     0.15441     0.87538],62.113465917238464,15.840955049389237,1.645318595932004,1.6523974169948277,1.6724629424854052,33.5,131.73974169948278,393.2529602969635,1.388568477032449
frame_209,0,255,2,1,False,False,True,4.589049902581946,True,True,[],[    0.45782     0.15121     0.87609],62.10405927131647,16.10208265318359,1.8600645487304244,1.8605126724404355,1.872369262506694,33.5,152.55126724404354,455.3769171463986,1.4007613794062954
frame_210,0,255,2,1,False,False,True,4.547445623840677,True,True,[],[    0.45667     0.14974     0.87695],53.12676492352945,-57.32669060158594,1.5736263507508377,0.3610908672918557,0.3322857332653467,33.5,2.6090867291855666,7.788318594583781,1.2809775223897624
frame_211,0,255,2,1,False,False,True,4.6060600709587325,True,True,[],[    0.45808     0.14527     0.87696],59.86341434406852,-43.76840048066457,1.602161066660653,0.584558127962123,0.5805287544714137,33.5,24.9558127962123,74.49496357078299,1.2905874708641014
frame_212,0,255,6,1,False,False,True,3.770563062874772,True,True,[],,-2.9404853663089985,-15.142871554774697,-1.0,0.2624075078016584,0.2733279701701514,33.5,7.259249219834163,21.669400656221384,1.9906552205759225
frame_212,0,127,2,1,False,False,True,4.483091700795266,True,True,[],[    0.46007     0.15782     0.87374],53.89095619051619,-57.90800450131443,1.574212319194782,0.4569732908701061,0.3023046021688551,33.5,12.197329087010605,36.40993757316598,1.2844532841368566
frame_213,0,255,6,1,False,False,True,3.7611341781589633,True,True,[],,-4.393501236422294,-16.76520791830961,-1.0,0.2614325575506275,0.2718056909249194,33.5,7.356744244937246,21.96043058190223,1.993869939917908
frame_214,0,255,2,1,False,False,True,4.450823887693348,True,True,[],[    0.46091      0.1703     0.87095],50.51559480828042,-63.05938605676948,1.8964400206191363,0.3100270675446001,0.2842921949741265,33.5,2.4972932455399945,7.454606703104462,1.2825792914841707
frame_214,0,127,6,1,False,False,True,3.7891653292252476,True,True,[],,-6.4040925757016325,-18.117055382111086,-1.0,0.2544716488677869,0.2627086145020542,33.5,8.052835113221313,24.03831377080989,1.996223772442664
frame_215,0,255,2,1,False,False,True,4.555183438766424,True,True,[],[    0.46169     0.15226     0.87388],54.30960507867604,-57.1866793100277,1.5805615962822803,0.3520847611625118,0.3182122199980614,33.5,1.708476116251184,5.099928705227415,1.2858261504331552
frame_215,0,127,6,1,False,False,True,3.753846394860436,True,True,[],[   -0.20905     0.27154     0.93945],-4.662623490598305,-16.9077759515102,1.2089805479278135,0.258248134296147,0.2515198533258767,33.5,7.675186570385295,22.9110046877173,1.9974949864853544
frame_216,0,255,6,1,False,False,True,3.712727531760459,True,True,[],,0.8090754588041518,-14.309817889846531,-1.0,0.2525920832826409,0.2539025421351758,33.5,8.240791671735915,24.59937812458482,2.0019362761940758
frame_217,0,255,6,1,False,False,True,3.7020935190479944,True,True,[],[   -0.07427      0.2443     0.96685],-0.611510823904022,-12.34058021981632,1.2755375136672211,0.2575187780262665,0.2661060969985201,33.5,7.748122197373347,23.128722977233878,1.9982802103176704
frame_218,0,255,6,1,False,False,True,3.6650040816415266,True,True,[],[    0.12301     0.19066     0.97392],2.0600442767512943,-10.733063899699328,2.0334501869976043,0.2364906798580901,0.2346772488055215,33.5,9.850932014190988,29.40576720654026,2.0101331127902817
frame_220,0,255,6,1,False,False,True,3.6035940515917995,True,True,[],,-1.2566432597248558,-6.338001667287449,-1.0,0.2409077098170619,0.2283135672936655,33.5,9.409229018293813,28.08725080087705,2.013490683667872
frame_220,0,127,2,1,False,False,True,4.758159036623644,True,True,[],[    0.46233     0.15076      0.8738],51.423650596047295,-62.476164255581175,1.603863921123781,0.3740249296672733,0.3171438254728105,33.5,3.902492966727328,11.649232736499489,1.2847418959027557
frame_221,0,255,2,1,False,False,True,4.648230430831645,True,True,[],[    0.46559     0.15727     0.87092],52.50653412029815,-61.1036259546139,1.600407771987885,0.3948664749750903,0.3480985917393313,33.5,5.986647497509029,17.870589544803074,1.2853237461945242
frame_222,0,255,2,1,False,False,True,4.736474066432426,True,True,[],[    0.46534     0.16084      0.8704],51.4164667197851,-62.9741561489471,1.600636947094092,0.34333163996254,0.3148721088753081,33.5,0.8331639962539994,2.487056705235819,1.284044120468483
frame_223,0,255,2,1,False,False,True,4.6830599484078546,True,True,[],[     0.4658     0.16315     0.86972],55.69845017822762,-55.458003957288895,1.5891282241762772,0.523799964445061,0.5219833849531412,33.5,18.8799964445061,56.35819834180926,1.286286924534232
frame_224,0,255,6,1,False,False,True,3.3846153846153846,True,True,[],,-0.9460991741963992,1.0161388520812529,-1.0,0.2320953128036507,0.2303827771144932,33.5,10.290468719634932,30.717817073537116,2.0197450256527367
frame_224,0,127,2,1,False,False,True,4.609913253255303,True,True,[],[    0.46653      0.1484     0.87197],53.14938999434592,-60.72866497815229,1.5782095378630423,0.3337063210361229,0.2977441181198156,33.5,0.1293678963877054,0.3861728250379266,1.2823683451037546
frame_225,0,255,2,1,False,False,True,4.53409071581265,True,True,[],[    0.46757      0.1684     0.86777],52.8227164276196,-61.48208348988553,1.5904479023266171,0.3350324435490718,0.2997802698895104,33.5,0.0032443549071781,0.0096846415139645,1.285112806257492
frame_226,0,255,6,1,False,False,True,3.269230769230769,True,True,[],,-0.3732361892675651,3.9343054981281305,-1.0,0.2337020691700821,0.2352102746953508,33.5,10.129793082991783,30.23818830743816,2.019970782138222
frame_226,0,127,2,1,False,False,True,4.564166949672105,True,True,[],[    0.46454     0.15313     0.87221],52.26636033446337,-62.32199043874691,1.580857669847361,0.3099832237884635,0.2872796454583158,33.5,2.501677621153648,7.467694391503425,1.2837940902246785
frame_227,0,255,2,1,False,False,True,4.786585871371236,True,True,[],[    0.45907     0.14368     0.87671],52.56155448808868,-62.01738370915057,1.586913598501649,0.3018159659007904,0.2788571877883124,33.5,3.318403409920961,9.905681820659586,1.2843048484221748
frame_228,0,255,6,1,False,False,True,3.225051128607915,True,True,[],,3.013131361972674,7.943844550557759,-1.0,0.2232862912813403,0.2210438110175846,33.5,11.171370871865966,33.347375736913335,2.019241438708296
frame_228,0,127,2,1,False,False,True,4.690839214360506,True,True,[],[    0.46053     0.13278     0.87766],52.70477565196531,-61.98345024171682,1.5749107324513856,0.3093850000886323,0.2756786156390007,33.5,2.561499991136768,7.646268630259008,1.283638578038876
frame_229,0,255,2,1,False,False,True,4.60000009153515,True,True,[],[    0.46529     0.15031      0.8723],53.43496842947872,-61.23171190383278,1.5731243060244071,0.3695521451675649,0.319914950343851,33.5,3.4552145167564943,10.314073184347745,1.2880213166904315
frame_230,0,255,6,1,False,False,True,2.9792185377276246,True,True,[],[    0.23373     0.18737     0.95408],2.031940074953358,11.506555387576425,1.588085047044942,0.2083504263775801,0.2069867991843452,33.5,12.66495736224199,37.80584287236415,2.02121031057507
frame_230,0,127,2,1,False,False,True,4.5111106868409365,True,True,[],[    0.46283     0.15065     0.87355],53.2261232711253,-61.58246282560223,1.5573154489142589,0.3607135180514778,0.3145115005656792,33.5,2.571351805147776,7.675677030291868,1.288333297337558
frame_231,0,255,6,1,False,False,True,2.955813763675738,True,True,[],,4.720945490142731,12.094518736301945,-1.0,0.2110700184313791,0.2058553276374234,33.5,12.392998156862085,36.99402434884204,2.019760914276101
frame_231,0,127,2,1,False,False,True,4.552380563200792,True,True,[],[    0.46324     0.14954     0.87352],51.92230099638796,-63.74869356592335,1.559687834913133,0.3096460399310886,0.3028069567827416,33.5,2.5353960068911388,7.56834628922728,1.2889611002353172
frame_232,0,255,6,1,False,False,True,2.898395683866504,True,True,[],[      0.879     0.27936     0.38641],4.834921416498849,14.348988221389211,0.5172707062019583,0.1992784072695614,0.197583076382654,33.5,13.572159273043855,40.51390827774285,2.019926477270373
frame_232,0,127,2,1,False,False,True,4.6097295746236675,True,True,[],[     0.4642     0.15435     0.87218],54.1400918450379,-60.21213304365134,1.518615868731079,0.4226750192909362,0.4089130408012512,33.5,8.76750192909362,26.17164754953319,1.2929065266001558
frame_233,0,255,6,1,False,False,True,2.744406217058141,True,True,[],,5.882126265014724,18.045120367427263,-1.0,0.2016790222906752,0.1994073589515929,33.5,13.332097770932478,39.79730677890292,2.021200969273394
frame_233,0,127,2,1,False,False,True,4.594203621489499,True,True,[],[    0.46542     0.15356     0.87167],52.66474793078928,-62.66633655197486,1.5523536438289545,0.3358639621524931,0.3175747625952203,33.5,0.0863962152493125,0.2578991499979478,1.2907405390058244
frame_234,0,255,6,1,False,False,True,2.8488806683220123,True,True,[],[    0.16094     0.21933     0.96229],0.428453363285328,18.57311665202849,1.8070355164370355,0.1980336812607868,0.1954004519725923,33.5,13.69663187392132,40.88546828036215,2.023094831281398
frame_234,0,127,2,1,False,False,True,4.603375458273183,True,True,[],[    0.46558     0.16039     0.87035],54.2345489128064,-60.60891817090804,1.551067858506493,0.432129605022573,0.4361039795847412,33.5,9.7129605022573,28.99391194703672,1.2941533117833657
frame_235,0,255,6,1,False,False,True,2.968243061333109,True,True,[],[    0.81749     0.41419     0.40018],15.500797409027388,25.38578367116909,0.2583431631493482,0.2183155260857686,0.2210943167095405,33.5,11.668447391423136,34.831186243054134,2.016676054079699
frame_235,0,127,2,1,False,False,True,4.657521162146121,True,True,[],[    0.46534     0.16288     0.87002],52.23029187991344,-64.05770792211507,1.5683599595785982,0.3054642621462852,0.2973987779491407,33.5,2.953573785371483,8.816638165288008,1.2933106425212373
frame_236,0,255,2,1,False,False,True,4.660818561783888,True,True,[],[    0.46426     0.16483     0.87022],56.11196050216253,-56.71272745119883,1.5710268508898506,0.5181830434956958,0.5749228934550967,33.5,18.318304349569576,54.68150552110321,1.2961019329094958
frame_237,0,255,2,1,False,False,True,4.629268923232672,True,True,[],[    0.46638     0.16696     0.86869],53.239833673578,-62.673136200829816,1.553376738150437,0.3660288058518487,0.3122374596895155,33.5,3.1028805851848693,9.26233010502946,1.2942679464936018
frame_238,0,255,6,1,False,False,True,2.643312175246583,True,True,[],[    0.35928      0.4173     0.83473],16.391068371686455,35.17221343863712,1.084502905272733,0.2131140571112715,0.22278057116637,33.5,12.188594288872851,36.38386354887418,2.01126523192086
frame_238,0,127,2,1,False,False,True,4.665049001905649,True,True,[],[    0.46733     0.16176     0.86916],64.94262083663371,-23.856062851177366,1.5261609895934698,0.8991715189950344,0.8069573976653502,33.5,56.41715189950345,168.4094086552342,1.3070225137161289
frame_239,0,255,6,1,False,False,True,2.4983274836455913,True,True,[],[    0.44466     0.52589     0.72506],20.21787198218915,41.529069814413205,0.9554116844500042,0.2004865621132818,0.2186510323339192,33.5,13.451343788671815,40.15326504081138,2.00310814702833
frame_239,0,127,2,1,False,False,True,4.520000128933773,True,True,[],[    0.46746     0.17149     0.86722],52.07704493605706,-65.0955184368156,1.5872732285429356,0.3240598583246075,0.2928007646126789,33.5,1.0940141675392534,3.265713932952995,1.2964972345974728
frame_240,0,255,6,1,False,False,True,2.24924245356411,True,True,[],[    0.40491     0.52521     0.74846],19.48190205147324,43.49820522977232,0.9456321375927764,0.2078249559890018,0.232331413977847,33.5,12.717504401099816,37.96269970477557,2.000959871469513
frame_240,0,127,2,1,False,False,True,4.550724673421953,True,True,[],[    0.46484     0.15714     0.87134],55.116292555793066,-60.28582531599326,1.5672813306897275,0.490468642769201,0.4201137134488922,33.5,15.546864276920097,46.408550080358495,1.2994101433675798
frame_241,0,255,2,1,False,False,True,4.574712281328948,True,True,[],[    0.46564     0.15909     0.87056],53.457454720931445,-63.450987684199546,1.6142800223955165,0.3729900556781579,0.307487564654744,33.5,3.799005567815789,11.340315127808324,1.2977333691914876
frame_242,0,255,2,1,False,False,True,4.533696663785378,True,True,[],[    0.46288     0.15064     0.87353],65.27180179971265,-7.363847072291475,1.5747941985689,1.359017303825406,1.1103355300627875,33.5,102.4017303825406,305.6768071120615,1.313520182429167
frame_243,0,255,2,1,False,False,True,4.5620052111290486,True,True,[],[    0.46045     0.15225     0.87453],53.36335025809967,-63.892822850678925,1.5773695404927977,0.3084460432559349,0.2846506479244681,33.5,2.655395674406508,7.9265542519597245,1.295318203569274
frame_244,0,255,2,1,False,False,True,4.708556128462348,True,True,[],[    0.46297     0.15016     0.87356],59.16942602662081,-52.36745495095958,1.557169834576653,0.6061203028498676,0.6099573508880455,33.5,27.11203028498676,80.93143368652763,1.3029966077705557
frame_245,0,255,2,1,False,False,True,4.633135916922822,True,True,[],[     0.4652     0.16062     0.87051],53.89658709528214,-63.61039117282778,1.5531123226483683,0.3288948787429512,0.31290868466663,33.5,0.6105121257048818,1.822424255835468,1.2983853184091656
frame_246,0,255,6,1,False,False,True,1.1521739130434783,True,False,[],[    0.48575     0.66857     0.56308],34.00344199359593,54.43671855741972,0.2524683605507525,0.1984720232161994,0.2187508523568812,33.5,13.652797678380065,40.75461993546288,1.9584944166299951
frame_246,0,127,2,1,False,False,True,4.505813934421131,True,True,[],[    0.46108     0.15753     0.87327],54.64046408004907,-62.65119883807036,1.5534035698614104,0.3617666942971033,0.3294352373435645,33.5,2.6766694297103264,7.990057999135303,1.298860126219877
frame_247,0,255,2,1,False,False,True,4.624183423452996,True,True,[],[    0.45754     0.15473     0.87562],53.5763392470315,-64.63926226948965,1.570053546979371,0.3113654777875798,0.2810828916265081,33.5,2.363452221242018,7.05508125743886,1.2979321485588238
frame_248,0,255,6,1,False,False,True,1.0888888888888888,True,False,[],[    0.41841     0.72947     0.54111],32.81479798685708,59.60922035035556,0.1715079428693726,0.1667589795969406,0.1991855884257621,33.5,16.824102040305938,50.22120012031623,1.940553792931965
frame_248,0,127,2,1,False,False,True,4.569343828272481,True,True,[],[    0.46148     0.14983     0.87441],54.180191055949145,-63.308558865189134,1.5698639653430642,0.3025397372135546,0.2854489469040709,33.5,3.2460262786445373,9.689630682521006,1.2982856945475616
frame_249,0,255,6,1,False,False,True,1.0,True,False,[],[    0.37951     0.72742      0.5717],34.92387661244896,62.41309500172744,0.2015322467026623,0.198496203322777,0.2146621781930937,33.5,13.650379667722296,40.74740199320088,1.932216348009628
frame_249,0,127,2,1,False,False,True,4.635037117307592,True,True,[],[    0.46127     0.15435     0.87373],54.50061352394127,-63.074884754530665,1.6039102955061422,0.3805584396655754,0.3337630504116321,33.5,4.555843966557544,13.59953422852998,1.2994603787262404
frame_250,0,255,6,1,False,False,True,1.1333333333333333,True,False,[],[    0.38675     0.78422      0.4852],29.78949646654123,64.03392922052124,0.1781907204593411,0.1781139546784245,0.2066547566551949,33.5,15.688604532157552,46.83165531987329,1.928234200714798
frame_250,0,127,2,1,False,False,True,4.576643184659366,True,True,[],[    0.46491     0.16344     0.87014],55.14478492138296,-62.39687497535893,1.6010909758412242,0.3941235964513385,0.3676072784587683,33.5,5.9123596451338525,17.64883476159359,1.3023880125715102
frame_251,0,255,6,1,False,False,True,1.2325581395348837,True,False,[],[    0.12355     0.42316     0.89759],30.434814972209917,67.99505672621899,0.8072726742507756,0.1790141452156066,0.2035778618215056,33.5,15.598585478439336,46.562941726684585,1.9211689206587208
frame_251,0,127,2,1,False,False,True,4.6239668487301175,True,True,[],[    0.46312     0.15546     0.87256],54.42182937453733,-63.413332236543255,1.619990903072745,0.297166212377674,0.2862988933168932,33.5,3.783378762232598,11.293667946962978,1.3002087335315562
frame_252,0,255,6,1,False,False,True,1.3181818181818181,True,False,[],[    0.33475      0.8138     0.47504],28.961013104288806,68.12055921894631,0.1912029269504331,0.1911190638577705,0.2164993759949574,33.5,14.388093614222946,42.94953317678492,1.9151194071537891
frame_252,0,127,2,1,False,False,True,4.586956573770703,True,True,[],[    0.45803     0.14476     0.87707],53.58096484760654,-64.59950413520244,1.5593036410262002,0.3559400609038498,0.2977977868320216,33.5,2.0940060903849758,6.250764448910375,1.300238212111856
frame_253,0,255,6,1,False,False,True,1.532195193706029,True,False,[],[    0.33103     0.82289     0.46181],27.404267479484453,67.85601980429325,0.2006792393462109,0.2007460919524257,0.2234017569521548,33.5,13.425390804757424,40.075793447037086,1.9127425790442607
frame_253,0,127,2,1,False,False,True,4.532763279646848,True,True,[],[    0.46063     0.14965     0.87489],53.652713081935424,-64.6741571300458,1.683960331063495,0.3932063941410391,0.2822276707386402,33.5,5.820639414103907,17.375043027175842,1.3011574728593285
frame_254,0,255,6,1,False,False,True,1.5244014916040092,True,False,[],[    0.33508     0.88096     0.33412],19.84069366910421,69.41947719720567,0.198753950747717,0.1982588620253349,0.2122700131456225,33.5,13.674113797466507,40.81825014169107,1.9100179975273228
frame_254,0,127,2,1,False,False,True,4.593176152046758,True,True,[],[    0.46413     0.15423     0.87224],52.78014728993055,-65.75119635860149,1.705738222923448,0.3358270215468337,0.2998239241646319,33.5,0.0827021546833728,0.2468721035324562,1.3013584169788062
frame_255,0,255,6,1,False,False,True,1.5736568087519083,True,False,[],[    0.36078     0.88497     0.29439],15.424568569452507,67.6316260921289,0.2002173536775854,0.2000102400658286,0.2159598780397301,33.5,13.498975993417131,40.29545072661831,1.907958523553385
frame_255,0,127,2,1,False,False,True,4.566473796065368,True,True,[],[    0.46579     0.15991     0.87033],61.8084197925533,-45.18494667711924,1.6916763816655334,0.60189390043102,0.7159494602028204,33.5,26.689390043101994,79.66982102418505,1.309494816339933
frame_256,0,255,6,1,False,False,True,1.723288999672774,True,False,[],[    0.33392     0.85248     0.40222],13.765516663791828,67.13452915502404,0.3528248503740872,0.2239432671822839,0.2304491178554834,33.5,11.105673281771612,33.151263527676456,1.907222819768139
frame_256,0,127,2,1,False,False,True,4.550000645987938,True,True,[],[    0.46997     0.18269     0.86357],53.41148915863453,-64.44657585216733,2.1712129658344925,0.3824647381179612,0.3190418248423685,33.5,4.74647381179612,14.168578542674984,1.3036578919797044
frame_257,0,255,6,1,False,False,True,1.7623878035453464,True,False,[],[  -0.023659    0.069139     0.99733],10.325529566587974,65.3714319789988,1.2675501342853468,0.2079907110729777,0.2222088993273646,33.5,12.700928892702224,37.91322057523052,1.904796879121347
frame_257,0,127,2,1,False,False,True,4.634779900891178,True,True,[],[    0.46363     0.14893     0.87342],52.30689983033664,-65.90881636041179,1.5649105575269189,0.3265168561630096,0.2933855336087537,33.5,0.8483143836990392,2.532281742385192,1.3025898033086043
frame_258,0,255,6,1,False,False,True,1.7225318844700555,True,False,[],[    0.41463     0.88786     0.19946],11.07093782290828,64.78255984802409,0.2105255033918436,0.2105203549352289,0.2226218439897006,33.5,12.44796450647711,37.15810300440928,1.8943058243786344
frame_258,0,127,2,1,False,False,True,4.501066418176868,True,True,[],[    0.46542     0.14621     0.87293],52.92398029648913,-64.82481336429544,1.6517710591402903,0.337644837141499,0.2959211917096868,33.5,0.2644837141499045,0.7895036243280733,1.3023631951306467
frame_260,0,255,6,1,False,False,True,1.5602484385692694,True,False,[],[    0.46883     0.80865     0.35537],20.348509206501703,60.33427931119619,0.2192944309225594,0.2159454497080534,0.2358532591617988,33.5,11.90545502919466,35.538671728939285,1.8779825516491029
frame_260,0,127,2,1,False,False,True,4.545817092768056,True,True,[],[    0.46963     0.14971     0.87008],52.8745414759042,-64.44956301019909,1.6066817590102271,0.3722305859847619,0.3305220450845046,33.5,3.723058598476187,11.113607756645337,1.3004373755974648
frame_261,0,255,6,1,False,False,True,1.5102041741654892,True,False,[],[     0.4819      0.7945     0.36953],21.48269049320329,59.07744625151833,0.212025439913622,0.2110491508571953,0.2273229332137614,33.5,12.395084914280469,37.000253475464085,1.8727619882577504
frame_261,0,127,2,1,False,False,True,4.575539034323781,True,True,[],[    0.47155     0.15998      0.8672],55.36578281594227,-60.00033127273649,1.5741531282686207,0.4958635965903305,0.4395997990035014,33.5,16.08635965903305,48.01898405681507,1.301905789214315
frame_262,0,255,6,1,False,False,True,1.4230272173929037,True,False,[],[    0.46055     0.76095     0.45701],26.956627115538563,58.78287314905463,0.2106066387250226,0.2039121502580538,0.2235178727958963,33.5,13.108784974194617,39.13070141550632,1.866442332190852
frame_262,0,127,2,1,False,False,True,4.594117449181413,True,True,[],[    0.47507     0.15314     0.86652],52.81306193403453,-64.13290307400814,1.6416833862514175,0.3890237929871624,0.3537859912474251,33.5,5.4023792987162365,16.126505369302198,1.2988752928126717
frame_263,0,255,6,1,False,False,True,1.0555555555555556,True,False,[],[    0.44254     0.73649      0.5116],30.66697600235273,58.95638231845038,0.200118175251462,0.2001472901497009,0.2174966796538137,33.5,13.485270985029912,40.25454025382063,1.852175432173553
frame_263,0,127,2,1,False,False,True,4.670658863972048,True,True,[],[    0.47931      0.1539     0.86405],52.121673311451815,-65.34388872747202,1.582621831910781,0.3378986367760961,0.2998396695374932,33.5,0.2898636776096086,0.8652647092824138,1.2995104807813769
frame_264,0,255,6,1,False,False,True,1.0566037735849056,True,False,[],[    0.38243     0.73731     0.55688],33.930164764893426,62.8397185820014,0.1981228423367665,0.1971898439395882,0.2209462951708932,33.5,13.781015606041176,41.13736001803336,1.8461918778404065
frame_264,0,127,2,1,False,False,True,4.702380562309128,True,True,[],[    0.47808     0.16025     0.86357],52.59463807619825,-65.2920249932269,1.6477059548010506,0.3047165486211548,0.2974352741449987,33.5,3.02834513788452,9.039836232491105,1.2982721375491928
frame_265,0,255,6,1,False,False,True,1.0784313725490196,True,False,[],[    0.12687     0.49363     0.86037],35.73299188097364,63.48296940383123,1.207983873170874,0.2097318586133874,0.2290667441616775,33.5,12.526814138661264,37.3934750407799,1.840303084165743
frame_265,0,127,2,1,False,False,True,4.5912409789862805,True,True,[],[    0.47922      0.1824     0.85854],52.35627205275166,-65.46313235284556,1.5809341850072751,0.3234630074654131,0.2843930441664647,33.5,1.1536992534586898,3.4438783685334027,1.2988119987757043
frame_266,0,255,6,1,False,False,True,1.1458333333333333,True,False,[],[    0.27342     0.71088     0.64799],32.55948485472442,66.72345442662447,0.4981188424712415,0.1968506105297019,0.2188881141873151,33.5,13.814938947029804,41.23862372247702,1.8373950754821424
frame_266,0,127,2,1,False,False,True,4.667425793286158,True,True,[],[    0.47843     0.16937     0.86164],52.85794338169755,-64.68662005938019,2.2366979261139743,0.2919451175834421,0.2842215502332001,33.5,4.305488241655792,12.8522037064352,1.2989597573338765
frame_267,0,255,6,1,False,False,True,1.1224489795918366,True,False,[],[    0.27726     0.64691     0.71037],33.593006166146594,63.664259705493066,0.4584119631235022,0.1949694090774113,0.2029399804881252,33.5,14.003059092258868,41.80017639480259,1.8337322276909156
frame_267,0,127,2,1,False,False,True,4.712373793186029,True,True,[],[    0.47753     0.15297      0.8652],53.35138520074601,-63.95085957157873,1.6174235684265694,0.316098821019849,0.2866338313198627,33.5,1.8901178980151037,5.642142979149563,1.3004336347318677
frame_268,0,255,6,1,False,False,True,1.183673469387755,True,False,[],[    0.15959     0.58363     0.79618],31.209054855315134,65.51560295760402,0.8250524118211884,0.1932709651479442,0.2200017693609887,33.5,14.172903485205572,42.307174582703205,1.8270371531327456
frame_268,0,127,2,1,False,False,True,4.681062902823829,True,True,[],[     0.4763      0.1664     0.86339],53.98491864088665,-62.93569582246417,1.605391860392961,0.3507541772868556,0.3174817109776859,33.5,1.575417728685563,4.702739488613621,1.3002563998169645
frame_269,0,255,6,1,False,False,True,1.24,True,False,[],[    0.29665     0.80303     0.51686],28.72236471377473,70.67558137753286,0.238077706980554,0.2108342322961507,0.2326508323792923,33.5,12.41657677038493,37.06440826980576,1.824197074552285
frame_269,0,127,2,1,False,False,True,4.640718898348289,True,True,[],[    0.47686     0.18162     0.86001],53.63426847091527,-62.91510879254979,1.9740156557267008,0.3381325176746417,0.3032640859200679,33.5,0.3132517674641677,0.9350799028781128,1.301001894727495
frame_270,0,255,6,1,False,False,True,1.4984872229372008,True,False,[],[    0.34773     0.85562      0.3834],22.5984394372954,67.92830068178975,0.2029296641248437,0.2029381117165857,0.2247280950550325,33.5,13.20618882834143,39.421459189078895,1.828361375103172
frame_270,0,127,2,1,False,False,True,4.687371674734291,True,True,[],[    0.47851     0.16688     0.86208],55.15461833283855,-60.234216898194745,2.060417820843732,0.4444837155100712,0.4240479654658448,33.5,10.948371551007124,32.681706122409324,1.299730770366288
frame_271,0,255,6,1,False,False,True,1.59094259323398,True,False,[],[    0.34047     0.88688     0.31229],17.12698093614694,68.49023140986975,0.2064854273488319,0.2063794467374882,0.2204764220931082,33.5,12.862055326251182,38.39419500373487,1.8242766949331533
frame_272,0,255,2,1,False,False,True,4.723466404285069,True,True,[],[    0.47758     0.15051      0.8656],54.40968511952338,-61.374700863296326,1.744568157765967,0.4397376454582029,0.3359208105858507,33.5,10.473764545820291,31.26496879349341,1.2992038843069005
frame_272,0,127,6,1,False,False,True,1.6612269750886337,True,False,[],,12.41866734052834,68.6749722041531,-1.0,0.2022683913596543,0.2168137213092424,33.5,13.273160864034567,39.621375713536025,1.825289395331728
frame_273,0,255,6,1,False,False,True,1.7205556787477108,True,False,[],,5.158622067269702,64.85083678763733,-1.0,0.2047029121743669,0.2196732992409228,33.5,13.029708782563304,38.89465308227852,1.8214383443604687
frame_274,0,255,6,1,False,False,True,1.8288735011879782,True,True,[],[   -0.22049     0.19614     0.95547],0.7222063411350019,61.7326573467695,1.409653285340345,0.205002906314885,0.2114354514569301,33.5,12.999709368511498,38.80510259257164,1.8239362133013737
frame_275,0,255,2,1,False,False,True,4.5622036328996955,True,True,[],[    0.47892     0.16491     0.86223],63.77352326377048,-30.898116833608164,1.7422494401160449,0.6978196785283781,0.9386117402944338,33.5,36.28196785283781,108.30438165026212,1.304008462815734
frame_275,0,127,6,1,False,False,True,1.8526952888915096,True,True,[],,0.6862125411673249,60.17419027249488,-1.0,0.2020315660110953,0.2072904887716865,33.5,13.296843398890468,39.69206984743423,1.8154047800695765
frame_276,0,255,2,1,False,False,True,4.6137724071330215,True,True,[],[    0.47668     0.15541     0.86523],52.92518315519211,-62.87879933875732,1.6494327642371454,0.3727369446070633,0.3016377709439791,33.5,3.773694460706328,11.264759584197996,1.296022199308435
frame_276,0,127,6,1,False,False,True,1.7397782132953972,True,False,[],,1.8597747416201371,58.36768730450623,-1.0,0.2059031856803923,0.2095596740531684,33.5,12.909681431960768,38.53636248346498,1.8142951489975732
frame_277,0,255,2,1,False,False,True,4.573090612819035,True,True,[],[    0.48202      0.1675        0.86],53.31471207669709,-62.32834450069079,1.6681650156567565,0.3723508483098542,0.3242667444403997,33.5,3.7350848309854183,11.14950695816543,1.295263962423458
frame_277,0,127,6,1,False,False,True,1.7046819643433835,True,False,[],,7.009400203019229,57.86124058656536,-1.0,0.2052409733192888,0.213825660010977,33.5,12.975902668071122,38.73403781513768,1.8102335277107535
frame_278,0,255,2,1,False,False,True,4.404747724182035,True,True,[],[    0.48082     0.17634     0.85891],52.35838242216613,-63.58871211042012,1.634107295744417,0.3217224307303974,0.2975053268459526,33.5,1.3277569269602607,3.963453513314212,1.293256978004946
frame_278,0,127,6,1,False,False,True,1.8767123287671232,True,True,[],,4.606329087819183,47.44883176719554,-1.0,0.1992115032798107,0.2011412918896821,33.5,13.578849672018928,40.53387961796695,1.813359376446974
frame_279,0,255,2,1,False,False,True,4.54807691020494,True,True,[],[    0.47849     0.16596     0.86227],51.53046183270896,-64.93052042306458,1.671098599707773,0.3223854128242579,0.2999402045481147,33.5,1.2614587175742098,3.765548410669283,1.2929559603978005
frame_279,0,127,6,1,False,False,True,1.6142322492160086,True,False,[],,9.582475450143122,50.21635342434635,-1.0,0.195458470960579,0.2079956999478697,33.5,13.9541529039421,41.654187772961485,1.8071299511660357
frame_280,0,255,2,1,False,False,True,4.492718011200054,True,True,[],[    0.47886     0.16845     0.86158],52.349934750450494,-63.60999396355319,2.009600567522288,0.3585724604856131,0.3112977661370981,33.5,2.357246048561307,7.036555368839722,1.2943744341736034
frame_280,0,127,6,1,False,False,True,1.618388989115183,True,False,[],[   -0.30451      0.1107     0.94605],18.475018735177805,43.91657596450898,0.571854968050791,0.1975823326604126,0.2025977878733071,33.5,13.741766733958736,41.02019920584698,1.8076837070665528
frame_281,0,255,2,1,False,False,True,4.444444395899999,True,True,[],[     0.4834     0.16495     0.85972],51.03483090332403,-65.35188338752528,2.182606732822076,0.3175660273644091,0.2961954957174694,33.5,1.7433972635590933,5.204170935997293,1.2932312705368747
frame_281,0,127,6,1,False,False,True,1.658450797048382,True,False,[],[   -0.34108   -0.012926     0.93994],22.638493359145485,37.12022031880535,0.5104792088861501,0.1961194466652078,0.1966966462492897,33.5,13.888055333479215,41.45688159247527,1.803810132629681
frame_282,0,255,2,1,False,False,True,4.554655400440527,True,True,[],[    0.48833     0.16087      0.8577],52.26561773644843,-63.86205659874268,1.9269188477940924,0.3827778860433626,0.3078823352023579,33.5,4.7777886043362585,14.262055535332117,1.2936712225227405
frame_282,0,127,6,1,False,False,True,1.7158248363027298,True,False,[],[    -0.3371   0.0015181     0.94147],27.39580968578331,33.190395913046274,0.5445975257078892,0.1935622127927412,0.1956481397316951,33.5,14.14377872072588,42.22023498724143,1.7994037015293003
frame_283,0,255,2,1,False,False,True,4.464454928353843,True,True,[],[     0.4793     0.18036     0.85892],64.14920989534878,5.73223715636793,2.0988629933455814,0.9502171716758834,1.0739517177602504,33.5,61.52171716758834,183.64691691817416,1.309249380046893
frame_283,0,127,6,1,False,False,True,1.6666668093861585,True,False,[],[   -0.28729    0.082813     0.95426],34.80071454166817,32.50274362465986,0.8850511772588558,0.1983757975950395,0.1953067754844361,33.5,13.662420240496049,40.78334400148074,1.7897780609304677
frame_284,0,255,2,1,False,False,True,4.516587817404023,True,True,[],[    0.48083     0.17185     0.85981],50.67343561931106,-66.17704838774497,1.6872042624712793,0.3065976672245094,0.287252487491943,33.5,2.840233277549059,8.47830829119122,1.2949803630863284
frame_285,0,255,2,1,False,False,True,4.5197738647742645,True,True,[],[    0.48073     0.16315     0.86156],52.21234395333215,-64.2083952340779,1.6698364470602436,0.3530435327462889,0.3079788087606009,33.5,1.8043532746288948,5.386129177996701,1.2943862718428116
frame_286,0,255,2,1,False,False,True,4.510489798921736,True,True,[],[    0.47863     0.16046     0.86323],52.32233096756129,-64.43818391439966,1.6728655080427084,0.3307408281915364,0.3094353448950416,33.5,0.4259171808463635,1.2713945696906377,1.2962634831365911
frame_287,0,255,2,1,False,False,True,4.491525423728813,True,True,[],[    0.48238     0.19105     0.85487],51.98243668279662,-64.78879357061889,2.187450405586618,0.3058759486457504,0.2907276097230395,33.5,2.9124051354249616,8.693746672910335,1.2956829795487983
frame_288,0,255,2,1,False,False,True,4.662790672689758,True,True,[],[    0.48027     0.16122     0.86218],52.713870375489634,-64.8860263812704,1.9297052026530248,0.457006200535937,0.2933106501989873,33.5,12.200620053593696,36.41976135401104,1.2983892873137322
frame_289,0,255,2,1,False,False,True,4.599358647749541,True,True,[],[    0.47952     0.18097     0.85867],52.98467526709721,-64.67024657740886,2.091298501573209,0.3764196222007688,0.3137348668595772,33.5,4.141962220076883,12.364066328587713,1.299503826494292
frame_290,0,255,2,1,False,False,True,4.543589767610236,True,True,[],[      0.481     0.17107     0.85987],55.56620376878809,-60.08960777848704,2.292468015684463,0.4778592812449344,0.4583632292586685,33.5,14.285928124493436,42.64456156565205,1.3005304613518236
frame_291,0,255,2,1,False,False,True,4.528571372398565,True,True,[],[    0.48066      0.1671     0.86084],53.41831744077594,-65.09573820466188,2.097697601254729,0.3231765371806036,0.2927133440507559,33.5,1.1823462819396446,3.529391886386999,1.299037142720599
frame_292,0,255,6,1,False,False,True,2.486704493915908,True,True,[],[    -0.1464     0.22699     0.96283],76.42319443603756,108.78667983193756,0.9534811134662908,0.5953031568617011,0.619560784895022,33.5,26.03031568617011,77.70243488408988,1.7816080495582096
frame_293,0,255,2,1,False,False,True,4.709029489787889,True,True,[],[    0.48073     0.16478     0.86125],54.5732273153158,-63.962024041655816,2.277135659380952,0.364477282391909,0.3176212750723636,33.5,2.9477282391909,8.799188773704177,1.301633179605983
frame_294,0,255,6,1,False,False,True,2.0230593755779345,True,True,[],[    -0.2363     0.18217     0.95445],25.26026381002931,44.364360817198246,0.5610932798007202,0.1866599042620784,0.1906814700076948,33.5,14.834009573792155,44.28062559340943,1.7346929199483296
frame_295,0,255,2,1,False,False,True,4.579881481096123,True,True,[],[    0.47909     0.16163     0.86276],54.14744826499145,-65.52697757386704,1.5748994274172203,0.3623485311362331,0.3060191932131523,33.5,2.734853113623309,8.16374063768152,1.3006991499028644
frame_295,0,127,6,1,False,False,True,1.7736860413636075,True,False,[],[   -0.20029      0.2511     0.94701],26.565861361605727,47.681037793237216,0.7884758939125363,0.1914138514347678,0.1953802421498077,33.5,14.35861485652322,42.86153688514395,1.7315073606380136
frame_296,0,255,2,1,False,False,True,4.639053229920389,True,True,[],[    0.47568     0.15513     0.86583],54.19220808406994,-65.31201903143821,1.5910005656019934,0.3878607230809464,0.3021220776451453,33.5,5.286072308094641,15.77932032267057,1.301669530585339
frame_297,0,255,2,1,False,False,True,4.702970345159483,True,True,[],[    0.47731     0.15168     0.86554],54.05246523555773,-65.31265706982221,1.543582191712363,0.3203457072552842,0.2962163914033293,33.5,1.4654292744715802,4.374415744691285,1.3014868261634596
frame_298,0,255,2,1,False,False,True,4.771523200402473,True,True,[],[    0.47497     0.15032     0.86707],53.68569608863565,-65.831329916567,1.8504645224584828,0.3452358108961457,0.3247826104709527,33.5,1.0235810896145725,3.055465939147978,1.303447256652689
frame_299,0,255,2,1,False,False,True,4.8211013806041185,True,True,[],[    0.48063     0.15893      0.8624],53.36211610007021,-66.56485096450633,1.5885358344432223,0.3601209650476062,0.3104741401125488,33.5,2.512096504760625,7.49879553659888,1.3028471788406373
frame_300,0,255,2,1,False,False,True,4.64069180641774,True,True,[],[    0.48472      0.1526     0.86125],52.71836762577934,-67.54617632772639,1.6703743409436271,0.3382011229902171,0.312167280342744,33.5,0.3201122990217075,0.955559101557336,1.3045174814914573
frame_301,0,255,2,1,False,False,True,4.6865279853895405,True,True,[],[    0.48253     0.16275     0.86063],54.42950264400613,-63.96279373045076,1.6332817810579172,0.4238951883914231,0.3403658777559682,33.5,8.889518839142314,26.5358771317681,1.3064261347472574
frame_302,0,255,2,1,False,False,True,4.7123806180630785,True,True,[],[    0.48034     0.15723     0.86287],52.54617166018558,-67.41176530905031,1.569797909403578,0.3688972928411942,0.3177493014025587,33.5,3.3897292841194195,10.118594877968416,1.3062072132021336
frame_303,0,255,2,1,False,False,True,4.676113822353971,True,True,[],[    0.48221     0.16555     0.86027],52.205425704894274,-68.15102830026449,1.5450857899740569,0.3193808075860277,0.2974465406510509,33.5,1.5619192413972305,4.662445496708151,1.306888253048614
frame_304,0,255,2,1,False,False,True,4.638888923018119,True,True,[],[    0.48438     0.15847     0.86038],51.80274738750746,-68.4645051724624,1.629776423823146,0.3243803922017043,0.2849495654021916,33.5,1.0619607798295685,3.170032178595726,1.307595206852245
frame_305,0,255,7,1,False,False,True,2.8377978342151784,True,True,[],[   -0.33019     0.21044     0.92016],41.77293962376959,-9.754194245592448,1.57195458330395,0.1948952890157845,0.198426294565931,33.5,14.010471098421544,41.82230178633297,1.698541957819671
frame_306,0,255,2,1,False,False,True,4.6506025171390935,True,True,[],[    0.48903     0.17382     0.85477],52.69117684707007,-67.41608015323149,1.597258574964463,0.3135746307254181,0.290889025726279,33.5,2.142536927458188,6.395632619278175,1.309279588335243
frame_307,0,255,2,1,False,False,True,4.567823789031093,True,True,[],[    0.48865     0.16995     0.85577],52.6783605874301,-67.99080685840565,1.555647789608756,0.3356673508157801,0.2984311754281852,33.5,0.0667350815780121,0.1992091987403346,1.3090246535545242
frame_308,0,255,7,1,False,False,True,3.1525773454094703,True,True,[],[    -0.3299     0.22042     0.91792],52.33610296086484,9.66491456369984,1.5491452427414316,0.2466606205835243,0.2394953917912127,33.5,8.833937941647568,26.36996400491811,1.6870615216092046
frame_308,0,127,2,1,False,False,True,4.757022305896417,True,True,[],[     0.4831     0.16533     0.85982],52.4346205160836,-68.87264848707015,1.6394235088126603,0.3202488144825267,0.2864511395893061,33.5,1.4751185517473286,4.403338960439787,1.3101749512447318
frame_309,0,255,2,1,False,False,True,4.641083511071258,True,True,[],[    0.49083     0.16473     0.85554],53.02970341522797,-68.03811970645302,1.5735140197907254,0.3483565337018071,0.2837323407191979,33.5,1.335653370180706,3.987024985614048,1.3099989120079123
frame_310,0,255,7,1,False,False,True,3.3333333333333335,True,True,[],[    -0.3301     0.20274     0.92192],55.71075299445827,22.585086575768205,1.7631399109267063,0.2145140884412185,0.2257309713953206,33.5,12.048591155878146,35.96594374888999,1.6730356247869067
frame_311,0,255,2,1,False,False,True,4.7499999710875,True,True,[],[    0.48458     0.16308     0.85941],53.51108997760328,-68.52279159199297,1.749010506872566,0.2861360289782437,0.2851418264469524,33.5,4.886397102175627,14.586260006494408,1.3096071688973916
frame_311,0,127,7,1,False,False,True,2.987086511828597,True,True,[],[   -0.33484     0.23209     0.91325],47.42719506844103,23.521929159968447,1.566163424719464,0.2373020336115623,0.2316716620633298,33.5,9.76979663884377,29.163572056250057,1.6771892564503226
frame_312,0,255,2,1,False,False,True,4.664234083631704,True,True,[],[    0.48463       0.143     0.86295],54.86574280058954,-66.08017098488888,1.6344801712711072,0.3846731224465506,0.3175931412798189,33.5,4.967312244655059,14.82779774523898,1.3125549658244808
frame_313,0,255,7,1,False,False,True,2.780000183387815,True,True,[],[   -0.30385     0.23717     0.92273],32.00054141669932,24.2415190884424,1.5066370748512137,0.2007796627170761,0.2005802555973637,33.5,13.422033728292392,40.06577232326087,1.6812558363520378
frame_313,0,127,2,1,False,False,True,4.630605922997747,True,True,[],[    0.48153     0.16388     0.86097],54.54267958814103,-66.7207810058532,1.8841969340220264,0.3044478351230255,0.2865423988635325,33.5,3.0552164876974484,9.12004921700731,1.312192627969852
frame_314,0,255,7,1,False,False,True,2.7269905066498246,True,True,[],[   -0.28811     0.24291     0.92628],30.17839234924817,29.147264837885924,1.5586521363063768,0.2084068704995433,0.2058562709912479,33.5,12.659312950045663,37.78899388073333,1.6802709508378126
frame_314,0,127,2,1,False,False,True,4.523364599774521,True,True,[],[     0.4858     0.15953     0.85939],54.5273759974054,-67.05400771012437,1.6405904368486923,0.2909970986468568,0.2928771082110802,33.5,4.400290135314316,13.135194433774078,1.3128298156433804
frame_315,0,255,7,1,False,False,True,2.7397541153325027,True,True,[],[   -0.32423     0.21954     0.92015],24.412698679037877,26.408910294157952,1.3861530240748592,0.2000666080342516,0.1975753133821193,33.5,13.493339196574835,40.27862446738757,1.6830103206386635
frame_315,0,127,2,1,False,False,True,4.51851864262484,True,True,[],[    0.48762     0.16307     0.85769],55.14603643493114,-65.92395235662713,2.0164941537634427,0.3966252837041971,0.3062009235560147,33.5,6.162528370419712,18.39560707587973,1.313455988137753
frame_316,0,255,7,1,False,False,True,2.8871476684438218,True,True,[],[   -0.31926     0.21326     0.92336],22.82089679884246,27.06766231880355,1.661726903736075,0.2007200240577096,0.1984641657411376,33.5,13.427997594229035,40.083574908146375,1.6829031937098424
frame_316,0,127,2,1,False,False,True,4.509259459897789,True,True,[],[    0.48585     0.16959     0.85743],64.4138595903725,9.673045347425736,1.6653071101691828,0.9641154477775256,1.008812352849469,33.5,62.91154477775256,187.7956560529927,1.3320760481000886
frame_317,0,255,2,1,False,False,True,4.478571681349317,True,True,[],[    0.48946     0.17186     0.85492],54.56505628571143,-67.62377639044783,2.021747723752907,0.3243709750334609,0.2987391154087359,33.5,1.0629024966539111,3.1728432735937653,1.3155300902155376
frame_318,0,255,7,1,False,False,True,3.0693972034994115,True,True,[],[   -0.32333     0.21207     0.92222],31.095726166411676,32.29290872062053,1.7252534773630803,0.2106192001257249,0.2119957745933229,33.5,12.438079987427509,37.12859697739555,1.6840162491878754
frame_318,0,127,2,1,False,False,True,4.567707677922878,True,True,[],[     0.4883      0.1596     0.85796],54.10974297245984,-67.50365396283455,1.78593510178044,0.3093208625619751,0.2939943053120448,33.5,2.5679137438024915,7.665414160604452,1.3146396367559892
frame_319,0,255,2,1,False,False,True,4.575539034323781,True,True,[],[    0.48464     0.14025      0.8634],54.50948696999836,-66.90604963369897,1.7494822392611071,0.31691966648663,0.2885943960312354,33.5,1.808033351336996,5.397114481602974,1.315346268153546
frame_320,0,255,2,1,False,False,True,4.489362079495352,True,True,[],[    0.48814     0.16515       0.857],54.05348258778416,-67.63552863452352,1.7335311370397233,0.3093871152309082,0.2844643894003901,33.5,2.561288476909179,7.645637244505012,1.315310511965051
frame_321,0,255,7,1,False,False,True,3.087322123664404,True,True,[],[    -0.3236     0.21756     0.92084],28.01976444970329,24.21552954464332,1.682318931414478,0.2064279384013934,0.2040509809785354,33.5,12.857206159860665,38.379719880181085,1.6899724882983027
frame_321,0,127,2,1,False,False,True,4.5219448495647745,True,True,[],[    0.48851     0.15501     0.85868],54.730152965831,-65.3501183187859,1.8373158126948528,0.3818912869464002,0.333161105449804,33.5,4.689128694640016,13.99739908847766,1.3157546224130183
frame_322,0,255,7,1,False,False,True,3.155992263512605,True,True,[],[   -0.33041     0.22589     0.91641],23.66075192288547,20.948001508503676,1.5962580530271049,0.2021317601892688,0.1978105755120959,33.5,13.286823981073118,39.66216113753169,1.692470302224642
frame_322,0,127,2,1,False,False,True,4.559105442797545,True,True,[],[    0.49145     0.14668     0.85847],53.6321608210409,-66.97107614010883,1.8611220977660288,0.3912143013672343,0.3052461663841291,33.5,5.621430136723432,16.780388467831138,1.313983529768027
frame_323,0,255,7,1,False,False,True,3.2113205788908856,True,True,[],[   -0.32355     0.22976     0.91789],27.08849046875277,21.394925263377527,1.6433717822414202,0.2081641357543802,0.2014666283377045,33.5,12.683586424561982,37.86145201361786,1.6924174694725165
frame_323,0,127,2,1,False,False,True,4.663229696124498,True,True,[],[    0.49098     0.13649     0.86041],53.25356434388159,-67.27511360596542,1.5310645285047697,0.3369581486948564,0.2964967839318921,33.5,0.1958148694856387,0.5845219984645933,1.3109458862051884
frame_324,0,255,7,1,False,False,True,3.1976361378913665,True,True,[],[   -0.31808     0.21041     0.92442],25.415228159789034,19.837105382605504,1.6621844572768747,0.2054268199073005,0.2041250283276542,33.5,12.957318009269947,38.67856122170134,1.6905560642629416
frame_324,0,127,2,1,False,False,True,4.6053728248231875,True,True,[],[     0.4948     0.14993     0.85598],52.98577335559306,-67.50598758314023,1.3111780437004286,0.3123657292734609,0.2985423254933387,33.5,2.263427072653906,6.756498724340018,1.3118692524884852
frame_325,0,255,7,1,False,False,True,3.28602291051475,True,True,[],[   -0.32196     0.23676     0.91667],24.626192675099777,20.778898281028304,1.2843601815956305,0.2070507896015083,0.2068206477325898,33.5,12.794921039849166,38.19379414880349,1.6930272854828252
frame_325,0,127,2,1,False,False,True,4.535098479433618,True,True,[],[    0.49392     0.16759     0.85321],62.24353254444859,-43.71904538845468,1.5598054261116947,0.5921334342269731,0.8066153222765339,33.5,25.713343422697303,76.75624902297702,1.317721002962542
frame_326,0,255,7,1,False,False,True,3.334517133480309,True,True,[],[   -0.31155     0.23064     0.92181],24.297960147299268,21.729134457593943,1.6313232621863596,0.211510998098128,0.2085196184283385,33.5,12.348900190187194,36.86238862742446,1.6956099916370155
frame_326,0,127,2,1,False,False,True,4.637954218208931,True,True,[],[    0.49042     0.15566     0.85747],52.3586688320172,-67.65830598228837,1.6085848304158326,0.3342888902747265,0.2959712310143108,33.5,0.0711109725273495,0.2122715597831329,1.310434312831041
frame_327,0,255,2,1,False,False,True,4.688927602729952,True,True,[],[    0.49259     0.15904      0.8556],52.89252257824791,-67.41501672817743,1.6248473501994751,0.3235702878704334,0.2876531450864609,33.5,1.1429712129566616,3.4118543670348105,1.309450091699664
frame_328,0,255,2,1,False,False,True,4.602739375012152,True,True,[],[    0.49399      0.1623     0.85418],52.936581259178354,-66.77712557726275,1.823801924607464,0.3284550437453242,0.2985295343774108,33.5,0.6544956254675827,1.9537182849778587,1.3091204585039016
frame_329,0,255,7,1,False,False,True,3.341503371500678,True,True,[],[   -0.35407     0.19466     0.91473],20.074838539314428,24.549317486012185,1.64695726930789,0.2026451129988003,0.2007881539619727,33.5,13.235488700119966,39.50892149289543,1.6986824629054902
frame_329,0,127,2,1,False,False,True,4.63436740310096,True,True,[],[    0.49435     0.14651     0.85683],53.89141796792769,-65.57264682954494,1.9637536716324624,0.4375744485996877,0.3018539051405717,33.5,10.257444859968771,30.619238387966487,1.309288995117662
frame_330,0,255,7,1,False,False,True,3.454545595125998,True,True,[],[   -0.37257     0.20518     0.90504],20.64956247961269,26.427973058988087,1.6632268322428154,0.2080821783191005,0.2066036310293776,33.5,12.691782168089953,37.88591691967149,1.7001531737158413
frame_330,0,127,2,1,False,False,True,4.634550121966276,True,True,[],[    0.49097     0.15569     0.85715],52.51117470824979,-67.78960536533482,2.0515950441129585,0.3263102857971601,0.2997940599851247,33.5,0.8689714202839871,2.593944538161156,1.3090494606061207
frame_331,0,255,7,1,False,False,True,3.3701188910316153,True,True,[],[   -0.37681     0.19981     0.90448],17.777330767661077,27.211168253888868,1.6671540564046063,0.2090828618380558,0.20799004855048,33.5,12.591713816194424,37.587205421475886,1.7020098371009127
frame_331,0,127,2,1,False,False,True,4.495353939618407,True,True,[],[     0.4985     0.17204     0.84965],53.26684010495617,-65.93760795932451,1.7073509551573025,0.3799146674295139,0.3560652534465693,33.5,4.491466742951395,13.40736341179521,1.3115966948981146
frame_332,0,255,7,1,False,False,True,3.2842227016526384,True,True,[],[   -0.32914     0.21725     0.91895],23.335383543344708,31.238571274116836,1.631264989601829,0.2104523263190237,0.2068620711409761,33.5,12.454767368097633,37.178410054022784,1.7009071528795403
frame_332,0,127,2,1,False,False,True,4.463570420965685,True,True,[],[    0.49133     0.17791     0.85261],52.92675827783686,-67.45566778163185,1.962387739418083,0.3370835917350859,0.2975974100284068,33.5,0.2083591735085932,0.6219676821152037,1.3106633119671716
frame_333,0,255,7,1,False,False,True,3.160683889796424,True,True,[],[   -0.29938     0.22609     0.92696],17.68129611420913,29.469614493657996,1.6569464763933806,0.2075625919312804,0.2089475979136535,33.5,12.743740806871957,38.04101733394614,1.7004296307584306
frame_333,0,127,2,1,False,False,True,4.563379745033785,True,True,[],[    0.49827     0.17178     0.84984],52.28103635957671,-68.03290625144639,1.6185722024759257,0.320929909027153,0.2847132685857597,33.5,1.4070090972847005,4.200027156073733,1.3086174930619427
frame_334,0,255,7,1,False,False,True,3.2437533753252445,True,True,[],[   -0.29671     0.23515     0.92556],22.988663190560256,32.749240917400954,1.6629741134311664,0.2153798229107391,0.2137865976983051,33.5,11.962017708926089,35.7075155490331,1.699024927255221
frame_334,0,127,2,1,False,False,True,4.6884061282865375,True,True,[],[    0.49839     0.15824     0.85239],52.99545352654066,-67.20645842198856,1.688522760196171,0.3865196195657882,0.2838603631471941,33.5,5.151961956578815,15.378990915160642,1.308448210616359
frame_336,0,255,7,1,False,False,True,3.2986867370162813,True,True,[],[   -0.30647     0.24053     0.92099],18.847443278173515,31.464143773982855,1.615229042420251,0.2136881770717854,0.2118934140240223,33.5,12.131182292821464,36.21248445618348,1.6998340612498983
frame_336,0,127,2,1,False,False,True,4.6115102239690176,True,True,[],[    0.50137     0.16904     0.84856],52.82514201156023,-67.15880797289361,1.6884427432081004,0.351249661307999,0.2933668403038444,33.5,1.6249661307999042,4.850645166566879,1.307536243745965
frame_337,0,255,7,1,False,False,True,3.305689878487328,True,True,[],[   -0.31793     0.22856     0.92015],20.867763213025977,33.33307557244885,1.6833087230568582,0.213061293652332,0.2118769448500916,33.5,12.193870634766796,36.39961383512477,1.6989430477255287
frame_337,0,127,2,1,False,False,True,4.686453566446777,True,True,[],[    0.50157     0.16626     0.84899],52.17689045208038,-68.26371418953866,1.8330257137234325,0.3006896593493436,0.2782660819527409,33.5,3.431034065065636,10.241892731539211,1.3058768522295627
frame_338,0,255,2,1,False,False,True,4.611336474389858,True,True,[],[    0.50238     0.17774     0.84618],51.65088545013352,-68.76639712812894,1.7264141636392794,0.3024946136034506,0.2891333295873857,33.5,3.2505386396549376,9.703100416880412,1.305163468161231
frame_339,0,255,7,1,False,False,True,3.17275418708434,True,True,[],[   -0.32965      0.2211     0.91785],18.7298310673064,32.38470710702042,1.600507849554886,0.2117315645750079,0.2110874360657096,33.5,12.326843542499205,36.79654788805733,1.7004588140176549
frame_339,0,127,2,1,False,False,True,4.496453468753748,True,True,[],[    0.50139     0.18372     0.84549],52.22502870460699,-67.98511867347693,2.019067133721392,0.3347499287720338,0.3006111321406195,33.5,0.0250071227966219,0.0746481277511103,1.305170305463902
frame_340,0,255,7,1,False,False,True,3.057142991184507,True,True,[],[   -0.33742     0.20923     0.91781],18.864719650901563,31.58420222985116,1.663966958690016,0.2096541602577951,0.2102602505425371,33.5,12.534583974220489,37.41666857976265,1.6996434029137215
frame_340,0,127,2,1,False,False,True,4.574468566902872,True,True,[],[    0.49725     0.16279      0.8522],54.5195382480588,-64.23506955578667,1.5686964972103683,0.4455913965228212,0.3863846021605336,33.5,11.059139652282118,33.01235717099139,1.3047473038142583
frame_341,0,255,7,1,False,False,True,3.0544427302022727,True,True,[],[   -0.32961     0.20963     0.92055],21.39902857578406,29.937281730459453,1.6358874467476106,0.2069079560402721,0.2078389432971102,33.5,12.80920439597279,38.2364310327546,1.7024897219388362
frame_341,0,127,2,1,False,False,True,4.47436556381781,True,True,[],[    0.50042     0.17472     0.84797],51.73582691669495,-68.82126597119027,1.5138759243367077,0.2898213327329263,0.2853376826446702,33.5,4.51786672670737,13.486169333454836,1.3052628203331769
frame_342,0,255,7,1,False,False,True,3.0849738559971036,True,True,[],[   -0.33375     0.21156     0.91861],21.897630729531983,27.102950963753457,1.5266403803771642,0.2061582632093829,0.2046905932249955,33.5,12.88417367906171,38.46021993749764,1.7005743618972178
frame_342,0,127,2,1,False,False,True,4.629629352458908,True,True,[],[    0.49889     0.17019     0.84979],61.57170987763768,12.386963773972788,1.6057754032678453,1.6090444633943932,1.657642773994295,33.5,127.40444633943932,380.31178011772937,1.3362201437935814
frame_343,0,255,7,1,False,False,True,3.1763901657767213,True,True,[],[   -0.31546        0.21     0.92541],25.740488222054243,25.017719972216828,1.626663999577733,0.2050903057345107,0.204114235595448,33.5,12.990969426548924,38.77901321357888,1.694995763720483
frame_343,0,127,2,1,False,False,True,4.600587187132555,True,True,[],[    0.50069     0.17014     0.84874],62.27847352190537,-41.99673597568815,2.2014252600159754,0.5833342400582839,0.7319440500411507,33.5,24.83342400582839,74.1296238979952,1.3127061430365985
frame_344,0,255,7,1,False,False,True,3.095923320815311,True,True,[],[   -0.31353      0.2091     0.92627],26.51454393675117,22.706917439612337,1.6367055793993013,0.2036624559108178,0.2027172299037613,33.5,13.133754408918213,39.2052370415469,1.69872872358008
frame_344,0,127,2,1,False,False,True,4.657408210995837,True,True,[],[    0.50206     0.16095     0.84972],52.369330957826,-67.40400535007198,1.5051147610955709,0.3337899202349054,0.3048748051972613,33.5,0.1210079765094629,0.361217840326755,1.3075903667372666
frame_345,0,255,7,1,False,False,True,3.062919270714349,True,True,[],[   -0.32405      0.2099     0.92246],26.62200758168725,20.521209216313995,1.615483862646958,0.2002675604601455,0.1994187059970533,33.5,13.473243953985447,40.21863866861327,1.6994187924992386
frame_345,0,127,2,1,False,False,True,4.60283724730679,True,True,[],[    0.50269     0.15682     0.85012],52.6659597748186,-67.3892137878653,1.4764158150914313,0.3549012051527807,0.312421086208125,33.5,1.9901205152780652,5.94065825456139,1.3070467314715764
frame_346,0,255,7,1,False,False,True,3.093975958006928,True,True,[],[    -0.3385     0.20685     0.91795],29.6712974643742,20.290215157231888,1.6237891890090868,0.2018738893368925,0.2010295187042665,33.5,13.312611066310753,39.739137511375375,1.6966881946494572
frame_346,0,127,2,1,False,False,True,4.563380250489186,True,True,[],[    0.50119     0.16302     0.84984],52.587047139537,-68.48453446785652,1.7454357571886183,0.3363145340890681,0.2861550179009582,33.5,0.1314534089068064,0.3923982355427058,1.3077526057120596
frame_347,0,255,7,1,False,False,True,3.136642305528025,True,True,[],[   -0.34383     0.20111     0.91724],30.525907978157687,16.106355031327393,1.6259108511547322,0.2031262326208167,0.2019644534464584,33.5,13.18737673791833,39.3653036952786,1.6937284184889885
frame_347,0,127,2,1,False,False,True,4.46365066425401,True,True,[],[    0.49958     0.15697     0.85192],52.02711017285939,-69.54600753409117,2.0101034160933464,0.2834723498780278,0.2794140427314276,33.5,5.152765012197219,15.3813880961111,1.3065857227836082
frame_348,0,255,2,1,False,False,True,4.624000215061862,True,True,[],[    0.49941     0.16275     0.85094],51.958692192532695,-69.07787368636838,1.4620857599004615,0.3681773909327777,0.2983741460546312,33.5,3.3177390932777664,9.90369878590378,1.311576327590411
frame_349,0,255,2,1,False,False,True,4.595744519461107,True,True,[],[    0.50372     0.16945     0.84708],51.92781990394555,-69.4218791659128,1.5289398071274702,0.3436390375157303,0.3057356113415728,33.5,0.8639037515730308,2.5788171688747186,1.309612296123817
frame_350,0,255,7,1,False,False,True,3.2190403788438835,True,True,[],[   -0.34553     0.18266     0.92046],43.19113651875016,5.695839903042576,1.648843037600097,0.205752182731176,0.2170024707740749,33.5,12.9247817268824,38.581437990693736,1.7062667610114102
frame_350,0,127,2,1,False,False,True,4.568807503932969,True,True,[],[    0.50113     0.15995     0.85046],52.520841496267806,-68.62919850660579,1.6951051169156284,0.3413803564428017,0.3173288432957073,33.5,0.6380356442801716,1.904584012776632,1.3096916422666356
frame_351,0,255,7,1,False,False,True,3.2893888211745463,True,True,[],[   -0.34714      0.1746     0.92142],42.57615168686301,1.3400439704143738,1.7033505082678326,0.2082086798026187,0.2094259714125541,33.5,12.679132019738129,37.84815528280038,1.70350827478836
frame_351,0,127,2,1,False,False,True,4.538462156091076,True,True,[],[    0.50113      0.1542     0.85152],53.17703654865719,-68.58393223928383,1.967172107827663,0.337495745775992,0.2937263904404086,33.5,0.2495745775992042,0.7449987391021021,1.3060692701237564
frame_352,0,255,7,1,False,False,True,3.2151820918942335,True,True,[],[   -0.32756     0.17449     0.92858],42.19714933044524,-2.435202823028479,1.5933301138850648,0.2057635614134311,0.2066679831937986,33.5,12.923643858656892,38.578041369125046,1.7002714602103144
frame_352,0,127,2,1,False,False,True,4.575494999783414,True,True,[],[    0.50155     0.16214      0.8498],52.90080161810162,-69.09553565501115,1.8316212437596957,0.3271772439354995,0.299652863812508,33.5,0.7822756064500502,2.3351510640300006,1.3081615716264896
frame_353,0,255,7,1,False,False,True,3.1731843807161075,True,True,[],[   -0.35287      0.1776     0.91866],39.58114648930837,-7.688944700313161,1.6634578400985425,0.2000114282489681,0.1962767421239704,33.5,13.498857175103185,40.29509604508414,1.7037034619971916
frame_353,0,127,2,1,False,False,True,4.539999835593223,True,True,[],[    0.50124     0.16371     0.84968],53.32551404050179,-68.91292261787535,1.6019867319191476,0.3550798946868796,0.3234190954421566,33.5,2.00798946868796,5.99399841399391,1.309502422846258
frame_354,0,255,7,1,False,False,True,3.136942873713856,True,True,[],[    -0.3265     0.15569     0.93229],48.33341519445042,-6.883261166634215,1.5308982675344276,0.203780198267891,0.2061051930727135,33.5,13.121980173210895,39.17009006928625,1.7033681978272182
frame_354,0,127,2,1,False,False,True,4.570093219821145,True,True,[],[    0.50119     0.15279     0.85174],53.17650202360063,-69.72746573552482,1.4447833378589852,0.3016507603795417,0.2865869186950327,33.5,3.334923962045827,9.954996901629334,1.308357974262781
frame_355,0,255,7,1,False,False,True,3.219712281200519,True,True,[],[   -0.32066     0.15441     0.93452],52.292488197823324,-7.5311769535061694,1.6856176729732535,0.2171905853485352,0.2240953523857176,33.5,11.780941465146483,35.16698944819846,1.7014412285434397
frame_355,0,127,2,1,False,False,True,4.602816874230603,True,True,[],[    0.50372     0.16894     0.84718],52.914417689699526,-70.292719690715,1.646353045946642,0.3155102940211469,0.2880809024128584,33.5,1.948970597885308,5.81782268025465,1.3097411297941135
frame_356,0,255,7,1,False,False,True,3.335236075201327,True,True,[],[   -0.31407      0.1522     0.93712],50.42760695886377,-9.558747084876666,1.5665871938950655,0.2146331880507828,0.2312890828637111,33.5,12.036681194921725,35.93039162663201,1.703282717362191
frame_356,0,127,2,1,False,False,True,4.532109902891777,True,True,[],[    0.50364     0.17472     0.84606],53.22366384579232,-69.74642628343399,1.9024282746649857,0.2973845992170634,0.2880021396597816,33.5,3.7615400782936623,11.228477845652725,1.3104944764044162
frame_357,0,255,8,0,False,False,True,1.380952380952381,,False,[],,,,,,,33.5,,,
frame_357,0,170,7,1,False,False,True,3.3798076014780003,True,True,[],[   -0.30813     0.14839      0.9397],75.62304032547647,161.46248668520286,0.8838964168917907,0.6609823820547862,0.6457643859662108,33.5,32.598238205478616,97.30817374769735,1.7183357250615705
frame_357,0,85,2,1,False,False,True,4.518182708461116,True,True,[],[    0.50348     0.17374     0.84636],52.68651286531614,-70.25252352130788,1.7740958990888591,0.3188794522098513,0.2957157642770078,33.5,1.6120547790148654,4.812103817954823,1.3116622148284611
frame_358,0,255,8,0,False,False,True,1.1286406578690007,,False,[],,,,,,,33.5,,,
frame_358,0,170,7,1,False,False,True,3.3792667882460883,True,True,[],[   -0.26261     0.12842     0.95632],39.25710114382075,-18.52895037994529,1.1066453684090525,0.1948543674848829,0.1913746530129693,33.5,14.014563251511708,41.83451716869166,1.714355736733999
frame_358,0,85,2,1,False,False,True,4.568807883666254,True,True,[],[     0.5047     0.17925     0.84448],53.23317271846312,-70.2466044029299,1.5554186975887545,0.297392688155626,0.285567817728116,33.5,3.7607311844374,11.226063237126564,1.3105011772009043
frame_359,0,255,8,0,False,False,True,1.2272727272727273,,False,[],,,,,,,33.5,,,
frame_359,0,170,7,1,False,False,True,3.4003869501108372,True,True,[],[   -0.35129     0.14924      0.9243],46.63223928136304,-20.02557934592,1.6369548364838042,0.2192836696786398,0.2357049640641286,33.5,11.571633032136011,34.54218815562989,1.7084653627688704
frame_359,0,85,2,1,False,False,True,4.626482377784736,True,True,[],[    0.50207     0.16787     0.84838],52.96340775128257,-70.44864378876478,1.7099480350866911,0.295912511787456,0.2838153458122114,33.5,3.908748821254399,11.667906929117608,1.311591390465818
frame_360,0,255,7,1,False,False,True,3.3102650891126455,True,True,[],[   -0.25612     0.08055     0.96328],46.65006372088556,-22.718803063455585,0.7448467452526111,0.214662498247645,0.2259229615084231,33.5,12.033750175235497,35.92164231413581,1.7051584595714482
frame_360,0,127,2,1,False,False,True,4.536364206620862,True,True,[],[    0.50421     0.18203     0.84418],53.06987423167048,-70.1559620434595,1.6676174023123107,0.3352177675356917,0.3169505663942387,33.5,0.0217767535691748,0.0650052345348503,1.3139069959958776
frame_361,0,255,7,1,False,False,True,3.374502064233133,True,True,[],[   -0.28976    0.082897      0.9535],38.05671641512092,-25.67454759653536,0.7303636092154024,0.212121857291479,0.2195215549534632,33.5,12.2878142708521,36.6800425995585,1.7117777003117216
frame_361,0,127,2,1,False,False,True,4.635514317925592,True,True,[],[    0.50322     0.17396     0.84647],52.732376914347725,-70.50758100482042,1.853399396953356,0.2940360247084242,0.2800576393208853,33.5,4.096397529157575,12.228052325843509,1.3133933303661542
frame_362,0,255,7,1,False,False,True,3.4375000874650317,True,True,[],[   -0.32015      0.1043     0.94161],29.71553735273516,-28.349595682508152,1.009744847025967,0.1992134867846329,0.1948438747136146,33.5,13.578651321536706,40.53328752697524,1.7180304215449744
frame_362,0,127,2,1,False,False,True,4.700934227523286,True,True,[],[    0.50074     0.16627     0.84948],52.476079778115576,-71.00802690046334,1.5638974212925805,0.3011268882029553,0.2808082857613654,33.5,3.387311179704472,10.111376655834244,1.3139204653016183
frame_363,0,255,7,1,False,False,True,3.543160546881155,True,True,[],[   -0.37282      0.1411     0.91711],30.12721458901128,-30.227044601020012,1.276822363590133,0.2029472342959626,0.1996595263496257,33.5,13.205276570403743,39.41873603105595,1.7210880573016094
frame_363,0,127,2,1,False,False,True,4.527272874821767,True,True,[],[    0.50555     0.18202     0.84338],52.36998602048229,-70.48142140968179,1.5831112476671472,0.3543302660344041,0.3220848933751079,33.5,1.933026603440408,5.770228666986291,1.3155692788909694
frame_364,0,255,7,1,False,False,True,3.4590970318097782,True,True,[],[   -0.31302     0.11934     0.94222],35.42612990196053,-30.51023727493869,1.3584748475269448,0.2092873923094109,0.2112035065448413,33.5,12.571260769058906,37.52615154942957,1.7186547220203223
frame_364,0,127,2,1,False,False,True,4.518182212975282,True,True,[],[    0.51042     0.18142     0.84057],55.1576095158313,-65.75764605306178,1.9729289253098532,0.4585438618647387,0.4558120388710436,33.5,12.35438618647387,36.8787647357429,1.3175984550176072
frame_365,0,255,7,1,False,False,True,3.5143553980996565,True,True,[],[   -0.31096     0.10863     0.94419],74.80131280528116,174.11221092567968,0.9425437620125144,0.630787232396453,0.7378563856547828,33.5,29.57872323964529,88.29469623774713,1.7477796729592716
frame_365,0,127,2,1,False,False,True,4.629251404677021,True,True,[],[     0.5021      0.1733     0.84727],52.01281399548205,-71.34263172545349,1.5993814983750096,0.3306867248561547,0.2952991041062849,33.5,0.431327514384533,1.2875448190583074,1.3141552576571267
frame_366,0,255,7,1,False,False,True,3.5622434576212614,True,True,[],[   -0.37615     0.16357     0.91201],60.32417112002258,149.13281720902205,0.9984399445854696,0.8077583369379802,0.9593416390450582,33.5,47.27583369379801,141.12189162327766,1.7326372523414857
frame_366,0,127,2,1,False,False,True,4.488294447813335,True,True,[],[    0.50382     0.19304     0.84197],52.478685222512254,-70.74027541447016,2.173125658475475,0.3523562916587741,0.2962060622060264,33.5,1.7356291658774117,5.180982584708691,1.3150396089797431
frame_367,0,255,7,1,False,False,True,3.6306525025857748,True,True,[],[   -0.28057     0.11439     0.95299],34.23574434018672,-21.33181951686564,0.6975576221635387,0.2094120997432476,0.2095486756018921,33.5,12.558790025675243,37.48892544977684,1.722333284653363
frame_367,0,127,2,1,False,False,True,4.610528442558709,True,True,[],[    0.49987     0.17211     0.84883],52.35487579858434,-71.15894181617473,1.8628862075558428,0.3242556262929901,0.302787753206436,33.5,1.0744373707009924,3.2072757334357984,1.316097008634049
frame_368,0,255,7,1,False,False,True,3.683809384013486,True,True,[],[   -0.26326      0.1261     0.95645],44.47136452268805,-10.634957069357409,0.8829446880849412,0.2433336226399965,0.2698861162659913,33.5,9.16663773600035,27.363097719404028,1.714850532375462
frame_368,0,127,2,1,False,False,True,4.533880588058806,True,True,[],[    0.50599     0.17874     0.84382],52.26857293317347,-71.84814593799985,1.5713058486212663,0.3061694817079498,0.2830767601090301,33.5,2.8830518292050247,8.60612486329858,1.3149986475372426
frame_369,0,255,7,1,False,False,True,3.6997018539036777,True,True,[],[    -0.3575     0.18329     0.91575],39.62480762466298,-1.9113940760572847,1.7271942201034158,0.2379448595723015,0.2484743730035231,33.5,9.705514042769847,28.971683709760736,1.7158789191341357
frame_369,0,127,2,1,False,False,True,4.527272551808966,True,True,[],[    0.50716     0.18858     0.84097],53.37872285683888,-69.41858362210563,1.88728117340639,0.4013779784507892,0.3799216583898198,33.5,6.637797845078924,19.81432192560873,1.3192170654541209
frame_370,0,255,7,1,False,False,True,3.8214285714285716,True,True,[],[   -0.28781     0.18144     0.94034],35.22731403319612,7.07251803512779,1.615886921705033,0.2329562656183847,0.2332699587871342,33.5,10.204373438161523,30.460816233317978,1.7185431318679332
frame_370,0,127,2,1,False,False,True,4.5418059172585785,True,True,[],[    0.50419     0.17673     0.84532],52.3483838244262,-71.86282096899538,1.6737011287926955,0.3166908933043308,0.2914692177092511,33.5,1.8309106695669155,5.465404983781837,1.3174971510989884
frame_371,0,255,7,1,False,False,True,3.7262248139995156,True,True,[],[   -0.30288     0.20879     0.92988],27.52522649887751,11.611793288331368,1.6432062363391848,0.2264569038564185,0.2252013008106766,33.5,10.85430961435815,32.40092422196463,1.717069843446343
frame_371,0,127,2,1,False,False,True,4.531914891292126,True,True,[],[    0.50582     0.17163     0.84539],53.19513625921941,-70.97765101531603,1.4848287462840557,0.3228821613692906,0.2889551710193851,33.5,1.211783863070942,3.6172652628983344,1.3184793800097878
frame_372,0,255,7,1,False,False,True,3.6389890303325942,True,True,[],[   -0.24626     0.22281     0.94325],33.328786975161975,22.55771528737264,1.4850134373069497,0.2507252290648199,0.2534346953871881,33.5,8.42747709351801,25.15664804035227,1.7135664774208663
frame_372,0,127,2,1,False,False,True,4.527272551808966,True,True,[],[    0.50482     0.18027     0.84419],52.234790935674845,-72.47815733712106,1.4297280073480034,0.3066765186322593,0.2952439309577245,33.5,2.832348136774071,8.45477055753454,1.319474590668636
frame_373,0,255,7,1,False,False,True,3.6580088648638207,True,True,[],[   -0.28451     0.23293     0.92994],23.699969246736835,25.61305875335668,1.6335850524595212,0.2341614680867399,0.2327524000478888,33.5,10.083853191326003,30.101054302465684,1.7123094188153851
frame_373,0,127,2,1,False,False,True,4.601265833426652,True,True,[],[    0.49874     0.16818     0.85028],53.25078105998514,-71.3722714622613,1.488121975354387,0.3125977339034449,0.2968929376136286,33.5,2.24022660965551,6.6872436109119695,1.3186218497490618
frame_374,0,255,7,1,False,False,True,3.603721558478213,True,True,[],[    -0.2997     0.23961     0.92345],24.38963590251029,32.65817421084472,1.4993682799615071,0.2387156608884866,0.2446576032383959,33.5,9.62843391115134,28.741593764630863,1.7101689866352676
frame_374,0,127,2,1,False,False,True,4.5297299458114955,True,True,[],[    0.50373      0.1712     0.84673],53.90123454658499,-71.4487667802279,1.4455384929074917,0.2941318680999368,0.2869039288009745,33.5,4.086813190006317,12.199442358227811,1.318824011772591
frame_375,0,255,7,1,False,False,True,3.5158559506503066,True,True,[],[   -0.34405     0.20868     0.91547],22.15859352262168,36.21882188217106,1.678777932598785,0.2307046431405887,0.2420490236344929,33.5,10.429535685941133,31.132942346092936,1.7093519076829966
frame_375,0,127,2,1,False,False,True,4.541284464589506,True,True,[],[    0.50643      0.1786     0.84358],55.03857715705172,-69.0357067496665,1.526761149057933,0.4039356517859194,0.3100552682710598,33.5,6.893565178591937,20.57780650325952,1.3217372637429297
frame_376,0,255,7,1,False,False,True,3.4103689593022946,True,True,[],[   -0.33282     0.22297     0.91625],14.689310932432251,35.16155690115733,1.6713791812868235,0.210587951510756,0.2075408171933011,33.5,12.4412048489244,37.13792492216239,1.712634321443549
frame_376,0,127,2,1,False,False,True,4.5523759933615,True,True,[],[    0.49527     0.15061     0.85559],60.72429984882085,12.644740088430392,1.5619201209091105,1.5627099063672163,1.608022234800584,33.5,122.77099063672163,366.4805690648407,1.3759808674870924
frame_377,0,255,7,1,False,False,True,3.289256057606035,True,True,[],[    -0.3729     0.19068     0.90807],12.6229434787764,35.32070342797012,1.4488547812994002,0.2106039757748803,0.2084369771005665,33.5,12.43960242251197,37.13314155973722,1.71248107303716
frame_377,0,127,2,1,False,False,True,4.580491772564244,True,True,[],[    0.50104     0.16504     0.84954],55.25026674994879,-69.53423045641154,1.6744637308317234,0.3912782817571865,0.3046951537278497,33.5,5.627828175718647,16.799487091697454,1.3220857338950007
frame_378,0,255,7,1,False,False,True,3.0436730626944217,True,True,[],[   -0.34984     0.21256     0.91237],7.209548261260357,30.6267864123271,1.6449507490919826,0.1969193804737233,0.1946838318639479,33.5,13.808061952627668,41.21809538097811,1.7106196072142004
frame_378,0,127,2,1,False,False,True,4.610038416882116,True,True,[],[    0.49536     0.14544     0.85643],53.77311189744204,-72.42712705257654,1.5197020357996642,0.2992603341225684,0.2882728670367379,33.5,3.573966587743155,10.668556978337776,1.3210711928323176
frame_379,0,255,7,1,False,False,True,3.075187966605438,True,True,[],[   -0.37404     0.20031     0.90552],8.54492226694569,28.779569196045927,1.5544339495156212,0.1973929805737175,0.1954648905311625,33.5,13.760701942628248,41.076722216800746,1.7116963014073103
frame_379,0,127,2,1,False,False,True,4.552522934947279,True,True,[],[    0.50152      0.1545     0.85124],54.59814946505554,-71.48765457576559,1.653944598521083,0.2901381934562363,0.286998468555182,33.5,4.486180654376365,13.391584042914523,1.320190703076113
frame_380,0,255,7,1,False,False,True,3.0989303973251205,True,True,[],[   -0.32467     0.22876     0.91775],10.628954736656691,25.92736300744197,1.583558156834728,0.1980376464208721,0.1957242934890626,33.5,13.696235357912787,40.88428465048593,1.711051407070265
frame_380,0,127,2,1,False,False,True,4.547469658449458,True,True,[],[    0.49827     0.14425     0.85494],54.388156253931456,-71.16900475524204,1.4479324852729831,0.3066631723274948,0.2821663245289686,33.5,2.833682767250517,8.45875452910602,1.320597537299349
frame_381,0,255,7,1,False,False,True,3.1954022239271302,True,True,[],[   -0.32588     0.21966     0.91954],10.877026023974707,21.59694184542119,1.6416857065255683,0.1965839263326294,0.1922018562222813,33.5,13.841607366737056,41.31823094548375,1.707581801040269
frame_381,0,127,2,1,False,False,True,4.468421538601928,True,True,[],[    0.50179     0.14958     0.85196],53.87437483854325,-71.738637216231,1.5318146397242396,0.3317568718643424,0.29430007001115,33.5,0.324312813565758,0.9680979509425612,1.3219898319924754
frame_382,0,255,2,1,False,False,True,4.461695441698071,True,True,[],[    0.50585     0.15707      0.8482],55.70175144213879,-68.03374646488699,1.52664961931831,0.4105245898955277,0.3847700367784995,33.5,7.552458989552774,22.54465370015753,1.3247280315714445
frame_383,0,255,7,1,False,False,True,3.1990743727680657,True,True,[],[   -0.27147     0.23877     0.93236],17.5021154562487,12.898257516731436,0.6312351964017824,0.1738359521509741,0.1701225825970758,33.5,16.116404784902585,48.1086709997092,1.7119700021786612
frame_383,0,127,2,1,False,False,True,4.444711927004902,True,True,[],[    0.50871     0.14656     0.84837],54.73255619121533,-70.1452643599292,1.4673116824389365,0.3358464560309934,0.3043286670144478,33.5,0.084645603099337,0.2526734420875731,1.3203982533316123
frame_384,0,255,7,1,False,False,True,3.3008849370723437,True,True,[],[   -0.27107     0.23116     0.93439],32.55581050051808,17.316043214566015,0.6449792619371704,0.1818808490871209,0.213248987007087,33.5,15.311915091287906,45.707209227725095,1.7117659673389238
frame_384,0,127,2,1,False,False,True,4.473215210836658,True,True,[],[    0.50771     0.13379     0.85107],54.596671397623226,-70.38655429388416,1.3314746537583122,0.3648242044395191,0.301647616871368,33.5,2.982420443951911,8.902747593886302,1.3208615950228142
frame_385,0,255,2,1,False,False,True,4.652877322957281,True,True,[],[    0.50148     0.12008     0.85679],54.13533360778968,-70.43077779600624,1.9965416656671413,0.3561175091200577,0.2869957229097799,33.5,2.1117509120057667,6.303734065688856,1.3200196582758157
frame_386,0,255,2,1,False,False,True,4.581818094086301,True,True,[],[    0.49931     0.11741     0.85843],54.00631040473413,-70.35832201723181,1.5148057494352165,0.3704306468173185,0.2997150932547248,33.5,3.54306468173185,10.576312482781642,1.3222073727131898
frame_387,0,255,2,1,False,False,True,4.749559144950974,True,True,[],[    0.49788     0.10734     0.86058],53.14023639814619,-71.32451965119601,1.8796268051253744,0.2997743120477953,0.2843101754079598,33.5,3.522568795220465,10.515130732001388,1.3200934637032498
frame_388,0,255,2,1,False,False,True,4.726415437896263,True,True,[],[    0.49948     0.12748      0.8569],52.65721203741135,-72.18145362545346,2.084100725997612,0.3021888398088118,0.2860363120664176,33.5,3.2811160191188184,9.794376176474085,1.3201134398489287
frame_389,0,255,2,1,False,False,True,4.724999742916454,True,True,[],[    0.49861     0.13548     0.85617],53.1827330828567,-71.10753946274863,2.2271919467818124,0.3117450758267861,0.295479117500485,33.5,2.3254924173213896,6.941768409914596,1.321271587918441
frame_390,0,255,7,0,False,False,True,3.207679186942466,True,False,[],[    -0.2835     0.11592     0.95194],28.703804217642144,-23.3908901609509,0.4764952974976693,0.1356149958990167,0.1293263821963357,33.5,19.93850041009833,59.51791167193532,1.732970784903518
frame_390,0,127,2,1,False,False,True,4.660297126480403,True,True,[],[    0.50798     0.12371     0.85244],54.06743387257532,-68.97892084246067,1.5941997548160474,0.4179262718591527,0.36616349260228,33.5,8.292627185915274,24.75411100273216,1.320479193211879
frame_391,0,255,7,0,False,False,True,3.1708093078929553,True,False,[],[   -0.30966    0.088742      0.9467],22.81594516544019,-27.102939431292118,0.4536119428078988,0.1360599603200173,0.1303370230386384,33.5,19.89400396799827,59.38508647163663,1.7387025032710473
frame_391,0,127,2,1,False,False,True,4.555282707306039,True,True,[],[    0.50259     0.14728     0.85189],52.950740185249664,-71.36487380068225,2.2623418424780555,0.2913169063843205,0.2877141165539946,33.5,4.368309361567952,13.039729437516272,1.3196764318636676
frame_392,0,255,7,0,False,False,True,3.200290489887472,True,False,[],[   -0.34523    0.087245     0.93445],17.564729533402215,-28.651952259156666,0.4774386415548033,0.1446370102129526,0.1559189912216197,33.5,19.036298978704743,56.82477307076043,1.7415643793582012
frame_392,0,127,2,1,False,False,True,4.691589177001127,True,True,[],[    0.50658     0.11723     0.85419],53.243536291379336,-70.52256408400997,1.402382845719127,0.3059660435010909,0.2897194176780039,33.5,2.9033956498909106,8.666852686241524,1.3189085119404174
frame_393,0,255,7,0,False,False,True,3.261017379104017,True,False,[],[   -0.44281     0.13783     0.88596],26.637444218946413,-23.70839778503567,1.5110227633941002,0.1248335355708789,0.1212917749860216,33.5,21.01664644291211,62.7362580385436,1.7439001534616925
frame_393,0,127,2,1,False,False,True,4.687199694403919,True,True,[],[     0.5081      0.1023      0.8552],52.742356710497056,-70.31814859277928,1.6497124244876635,0.3324803391362182,0.2982773364090063,33.5,0.2519660863781803,0.7521375712781502,1.320323606526756
frame_394,0,255,7,0,False,False,True,3.4191441712738433,True,False,[],[   -0.39128     0.13317     0.91059],14.131425886538858,-14.209244608375371,0.4678747987200595,0.1138486158539714,0.1158914734195284,33.5,22.115138414602853,66.01533855105329,1.7482684394325874
frame_394,0,127,2,1,False,False,True,4.518805266111129,True,True,[],[    0.50297     0.13969     0.85294],52.927012883157566,-71.07928983048899,1.948885279454524,0.309537438705862,0.2847931978903404,33.5,2.5462561294137984,7.600764565414324,1.3180870945089542
frame_395,0,255,2,1,False,False,True,4.678838333979201,True,True,[],[     0.5069     0.12956     0.85221],52.85474140168854,-70.91591816824435,2.109462272024746,0.3275233653946797,0.2937870844998123,33.5,0.7476634605320276,2.231831225468739,1.3183997548962336
frame_396,0,255,7,0,False,False,True,3.175014579381937,True,False,[],[   -0.35713     0.18834     0.91487],25.23273623170416,2.5881322902972026,0.6782409475298843,0.1006152647892725,0.1038029687053136,33.5,23.43847352107275,69.96559260021716,1.74394074354497
frame_396,0,127,2,1,False,False,True,4.614679794603552,True,True,[],[    0.50724     0.11788     0.85371],54.48093556558096,-67.98014461024962,2.0501955194673105,0.3543228252752179,0.3154556446475896,33.5,1.9322825275217947,5.768007544841178,1.318996650934291
frame_397,0,255,7,0,False,False,True,3.1579602697798035,True,False,[],[   -0.38904     0.16031     0.90716],34.30346450746713,12.279153756654225,0.6271772036365486,0.1023563344697471,0.0975442606667623,33.5,23.26436655302529,69.44587030753819,1.7473013307562208
frame_397,0,127,2,1,False,False,True,4.703704287003413,True,True,[],[    0.50139     0.11061     0.85812],53.481623755848766,-71.12308974971221,1.4591345120857695,0.2928533230067719,0.2900906268378666,33.5,4.214667699322811,12.581097609918835,1.315581147755362
frame_398,0,255,7,0,False,False,True,3.047017823143225,True,False,[],[   -0.39898      0.1858     0.89794],24.74244822066609,11.676410922615371,1.4832976897653125,0.0996121740765615,0.1101624492324193,33.5,23.538782592343843,70.26502266371295,1.7445268349895455
frame_398,0,127,2,1,False,False,True,4.480916210973336,True,True,[],[    0.50789     0.12609     0.85214],52.98519737122378,-71.02222936918987,1.324741882610366,0.3253022064395054,0.295089484448795,33.5,0.969779356049455,2.8948637494013583,1.3155743762028875
frame_399,0,255,7,0,False,False,True,3.005386189758109,False,False,[],[   -0.44739     0.19512     0.87279],-1.0,-1.0,-1.0,-1.0,0.1139345484306763,33.5,,,1.7450738538338684
frame_399,0,127,2,1,True,False,True,4.5391306591706,,False,[],,,,,,,33.5,,,
frame_400,0,255,7,0,False,False,True,3.213114537919446,True,False,[],[   -0.33245     0.18473     0.92485],17.84870250904898,2.3239567178825906,0.4812641028801376,0.0945107615465404,0.1072514184672448,33.5,24.048923845345957,71.78783237416702,1.7463087067287766
frame_400,0,127,2,1,True,False,True,4.466572538357994,,False,[],,,,,,,33.5,,,
frame_401,0,255,7,0,False,False,True,3.2692307398090907,True,False,[],[   -0.41879     0.14542     0.89636],19.31605704739865,2.26700611299431,0.5403492120621662,0.0898871939737169,0.1011670499829797,33.5,24.51128060262831,73.16800179889049,1.7447620481857589
frame_401,0,127,2,1,True,False,True,4.739255321869256,,False,[],,,,,,,33.5,,,
frame_402,0,255,7,0,False,False,True,3.315443485257861,False,False,[],[    -0.3838     0.17029     0.90758],-1.0,-1.0,-1.0,-1.0,0.0950844266403817,33.5,,,1.7442399761673328
frame_402,0,127,2,1,True,False,True,4.74667957880522,,False,[],,,,,,,33.5,,,
frame_403,0,255,7,0,False,False,True,3.3566512482958473,False,False,[],[   -0.44984     0.15772     0.87907],-1.0,-1.0,-1.0,-1.0,0.1056267959561132,33.5,,,1.7414581953510753
frame_403,0,127,2,1,True,False,True,4.510662423640065,,False,[],,,,,,,33.5,,,
frame_404,0,255,7,0,False,False,True,3.2550586385750595,True,False,[],[   -0.46945     0.21266     0.85697],18.288834153551687,9.839226881293046,1.4532857453680603,0.0798386145805702,0.0856262977279816,33.5,25.51613854194298,76.16757773714322,1.74347669554736
frame_404,0,127,2,1,True,False,True,4.7036388916533545,,False,[],,,,,,,33.5,,,
frame_405,0,255,9,0,False,False,True,2.875,,False,[],,,,,,,33.5,,,
frame_405,0,170,7,0,False,False,True,3.296167368985664,False,False,[],[   -0.46603     0.16419      0.8694],-1.0,-1.0,-1.0,-1.0,0.0924353586115529,33.5,,,1.7457302835127
frame_405,0,85,2,1,True,False,True,4.753651676841503,,False,[],,,,,,,33.5,,,
frame_406,0,255,7,0,False,False,True,3.43800732843974,False,False,[],[   -0.41138     0.13836      0.9009],-1.0,-1.0,-1.0,-1.0,0.0853511429089369,33.5,,,1.747668301822334
frame_406,0,127,2,1,True,False,True,4.823898823091498,,False,[],,,,,,,33.5,,,
frame_407,0,255,7,0,False,False,True,3.5213974692093513,False,False,[],[   -0.43631     0.15037     0.88714],-1.0,-1.0,-1.0,-1.0,0.1194150070537584,33.5,,,1.7539546387927678
frame_407,0,127,2,1,True,False,True,4.731548920737621,,False,[],,,,,,,33.5,,,
frame_408,0,255,9,0,False,False,True,3.375,,False,[],,,,,,,33.5,,,
frame_408,0,170,7,0,False,False,True,3.7631580234746336,True,False,[],[   -0.41038     0.14357     0.90054],31.5179213484006,-34.82509742240184,1.353452117928049,0.0871494069413706,0.0971434574121463,33.5,24.78505930586294,73.98525165929236,1.7471265698787892
frame_408,0,85,2,1,True,False,True,4.643747001047797,,False,[],,,,,,,33.5,,,
frame_409,0,255,9,0,False,False,True,3.125,,False,[],,,,,,,33.5,,,
frame_409,0,170,7,0,False,False,True,3.9932527685781416,True,False,[],[   -0.43504     0.13562     0.89014],34.630631347351404,-34.97382048488105,1.3809893245905225,0.0835581651017349,0.0891812212156782,33.5,25.14418348982651,75.05726414873585,1.7525613726121594
frame_409,0,85,2,1,True,False,True,4.705357733319863,,False,[],,,,,,,33.5,,,
frame_410,0,255,7,0,False,False,True,4.159474565002528,True,False,[],[    -0.4306     0.12726     0.89352],29.195599343292116,-39.37074574963637,1.3316283154994442,0.0883531469383471,0.09902891743455,33.5,24.66468530616529,73.62592628706055,1.7519751678440534
frame_410,0,127,2,1,True,False,True,4.79504070697605,,False,[],,,,,,,33.5,,,
frame_411,0,255,7,0,False,False,True,4.201201491599257,True,False,[],[   -0.42854     0.12939     0.89421],37.49384205441313,-45.92885391947235,1.4845123366107758,0.0878182041567584,0.0856177056846828,33.5,24.71817958432416,73.78561069947511,1.7569474100235862
frame_411,0,127,2,1,True,False,True,4.809986469416123,,False,[],,,,,,,33.5,,,
frame_412,0,255,7,0,False,False,True,4.374149841914983,True,False,[],[   -0.42467     0.12249     0.89702],17.40226193891253,-40.56749795487745,0.8897608454239152,0.0903876833217244,0.1027986691742687,33.5,24.46123166782756,73.01860199351509,1.7614867842807131
frame_412,0,127,2,1,True,False,True,4.88865421023759,,False,[],,,,,,,33.5,,,
frame_413,0,255,7,0,False,False,True,4.3940548580278485,True,False,[],[   -0.43176     0.10522     0.89583],23.176239505103077,-44.46088745943644,0.7035384954342914,0.0897491459882052,0.0984866547975464,33.5,24.525085401179474,73.20921015277455,1.7599894167852157
frame_413,0,127,2,1,True,False,True,5.008695670799098,,False,[],,,,,,,33.5,,,
frame_414,0,255,7,0,False,False,True,4.392083993944029,True,False,[],[     -0.386     0.13399     0.91272],-26.39554360092366,133.21393557155798,0.4566502699594075,0.0841838990651897,0.0856717618184247,33.5,25.08161009348102,74.87047789098811,1.7625651869236465
frame_414,0,127,2,1,True,False,True,4.669216511779411,,False,[],,,,,,,33.5,,,
frame_415,0,255,7,0,False,False,True,4.403225961783194,True,False,[],[   -0.38057     0.11472     0.91761],-14.82586236145532,131.03122899748703,0.4851663864422495,0.0986899384475924,0.0987489533601318,33.5,23.63100615524076,70.5403168813157,1.7678492184879495
frame_415,0,127,2,1,True,False,True,4.985897781524509,,False,[],,,,,,,33.5,,,
frame_416,0,255,7,0,False,False,True,4.497136126501788,True,False,[],[   -0.40969     0.13406     0.90232],43.3337937607816,-48.81905473107999,0.8129314441864719,0.0767429264139387,0.0739606482154891,33.5,25.825707358606127,77.09166375703322,1.757551827680752
frame_416,0,127,2,1,True,False,True,4.618697099726545,,False,[],,,,,,,33.5,,,
frame_417,0,255,7,0,False,False,True,4.40350892665937,True,False,[],[   -0.40715     0.11936     0.90553],-17.643221012581638,128.18211747856364,0.7526196080004373,0.1028896026933695,0.1074165445946899,33.5,23.21103973066305,69.28668576317327,1.7662247121334076
frame_417,0,127,2,1,True,False,True,4.7246757587604025,,False,[],,,,,,,33.5,,,
frame_418,0,255,7,0,False,False,True,4.370621522542452,True,False,[],[   -0.40366    0.066179     0.91251],-22.28214221423153,123.35903334782142,0.4597623669823922,0.1023455672795435,0.106602932820567,33.5,23.26544327204565,69.44908439416612,1.7627560943365097
frame_418,0,127,2,1,True,False,True,4.402285393280232,,False,[],,,,,,,33.5,,,
frame_419,0,255,7,0,False,False,True,4.438271908364119,True,False,[],[   -0.39885     0.14827     0.90495],-21.614313665240385,121.19713609745811,0.5585937277382262,0.1047278938652352,0.1142286348447877,33.5,23.027210613476477,68.73794212978052,1.7660872556864766
frame_419,0,127,2,1,True,False,True,4.410657424025919,,False,[],,,,,,,33.5,,,
frame_420,0,255,7,0,False,False,True,4.3609465293120575,True,False,[],[   -0.39077    0.078787     0.91711],-21.08035338817928,124.72435787459156,0.4535202138946415,0.1046616926830317,0.1040333496624067,33.5,23.03383073169683,68.75770367670697,1.7720497742787495
frame_420,0,127,2,1,True,False,True,4.4603665234385925,,False,[],,,,,,,33.5,,,
frame_421,0,255,7,0,False,False,True,4.571713285986489,True,False,[],[   -0.35538  -0.0013043     0.93472],-25.494715167175244,122.38318904139253,0.4471115917064134,0.1137244603778115,0.1278251381118259,33.5,22.12755396221885,66.05239988722045,1.77243795659807
frame_421,0,127,2,1,True,False,True,4.3979838815410695,,False,[],,,,,,,33.5,,,
frame_422,0,255,7,0,False,False,True,4.720183593665133,True,False,[],[   -0.42485     0.12412     0.89671],-22.547533980300653,125.62180937886306,1.48507852964427,0.1131727921666538,0.1160408814030188,33.5,22.182720783334613,66.21707696517795,1.768321045874301
frame_422,0,127,2,1,True,False,True,4.336131253812846,,False,[],,,,,,,33.5,,,
frame_423,0,255,2,1,True,False,True,4.403325236376305,,False,[],,,,,,,33.5,,,
frame_424,0,255,7,0,False,False,True,4.976922521147805,True,False,[],[   -0.34796     0.10035     0.93212],20.66561663289248,-40.57719115782526,0.4503152373938122,0.110797098807827,0.1141735132359643,33.5,22.420290119217302,66.92623916184269,1.771398978066568
frame_424,0,127,2,1,True,False,True,4.271999834960945,,False,[],,,,,,,33.5,,,
frame_425,0,255,2,1,True,False,True,4.441687514908283,,False,[],,,,,,,33.5,,,
frame_426,0,255,7,0,False,False,True,4.878626771862109,True,False,[],[   -0.34229     0.13039      0.9305],3.1118355979623717,-29.56047775144738,0.4274433897523637,0.1175516217607046,0.1226656383958234,33.5,21.744837823929537,64.909963653521,1.7803876195549213
frame_426,0,127,2,1,True,False,True,4.466340603433392,,False,[],,,,,,,33.5,,,
frame_427,0,255,7,0,False,False,True,4.784574776368038,True,False,[],[   -0.36839     0.12773     0.92085],2.162407863302546,-26.935630705282637,0.8016882793262401,0.1250099650723958,0.1463327105029479,33.5,20.99900349276042,62.68359251570275,1.7760856662891615
frame_427,0,127,2,1,True,False,True,4.476870196801866,,False,[],,,,,,,33.5,,,
frame_428,0,255,7,0,False,False,True,4.740208785699262,True,False,[],[   -0.37269     0.12239     0.91985],8.205472220214727,-24.74883030363468,0.4606732335093508,0.1144526767398018,0.1231082790444982,33.5,22.054732326019817,65.83502186871587,1.7797640986338548
frame_428,0,127,2,1,True,False,True,4.489132965087162,,False,[],,,,,,,33.5,,,
frame_429,0,255,7,0,False,False,True,4.669105875463545,True,False,[],[   -0.37255     0.12394      0.9197],4.895715556551863,-23.7904412525979,1.057986414744145,0.1200279990614355,0.1279374431847224,33.5,21.49720009385645,64.1707465488252,1.782002408148717
frame_429,0,127,2,1,True,False,True,4.4730660702581915,,False,[],,,,,,,33.5,,,
frame_430,0,255,7,0,False,False,True,4.649082483448953,True,False,[],[   -0.38418      0.1431      0.9121],68.35167730538403,156.7053454064749,1.1815923799595311,0.4431860541267742,0.4474703156792139,33.5,10.818605412677424,32.294344515454995,1.8026585589615205
frame_430,0,127,2,1,True,False,True,4.319479177168449,,False,[],,,,,,,33.5,,,
frame_431,0,255,7,0,False,False,True,4.719490550391137,True,False,[],[   -0.33183     0.10752     0.93719],23.279306896902757,-26.960284238503043,0.4357091328686024,0.1193409602215992,0.1181167572722802,33.5,21.56590397784008,64.37583276967189,1.7778203595768325
frame_431,0,127,2,1,True,False,True,4.477467886770505,,False,[],,,,,,,33.5,,,
frame_432,0,255,7,0,False,False,True,4.662538170233756,True,False,[],[   -0.45856     0.15744     0.87461],6.799292750906305,-27.425756640928736,1.613705867636276,0.1315082451076251,0.1395894428488527,33.5,20.349175489237485,60.74380743055966,1.7794249586395554
frame_432,0,127,2,1,True,False,True,4.448497631602467,,False,[],,,,,,,33.5,,,
frame_433,0,255,7,0,False,False,True,4.73863677290508,True,False,[],[   -0.35748     0.12471     0.92556],6.842461647607749,-26.28835571599425,0.5846111272436434,0.137080574159956,0.1394586923672749,33.5,19.791942584004403,59.08042562389374,1.786397526661555
frame_433,0,127,2,1,True,False,True,4.418033016588773,,False,[],,,,,,,33.5,,,
frame_434,0,255,7,0,False,False,True,4.877750739404105,True,False,[],[   -0.31552     0.10197     0.94342],18.5135240006397,-20.611900978368315,0.4392650513219138,0.1278648506160671,0.1214557466881936,33.5,20.71351493839329,61.83138787580087,1.7830033139143575
frame_434,0,127,2,1,True,False,True,4.311344516339149,,False,[],,,,,,,33.5,,,
frame_435,0,255,7,0,False,False,True,4.872928343732531,True,False,[],[   -0.35537     0.11304     0.92787],3.135739602670454,-12.395609646548248,0.5125239793658991,0.1616497434766818,0.2524213233934506,33.5,17.33502565233182,51.74634523084125,1.7837947262608311
frame_435,0,127,2,1,True,False,True,4.421557975166045,,False,[],,,,,,,33.5,,,
frame_436,0,255,2,1,True,False,True,4.3592592730432,,False,[],,,,,,,33.5,,,
frame_437,0,255,2,1,True,False,True,4.447909335278453,,False,[],,,,,,,33.5,,,
frame_438,0,255,7,0,False,False,True,4.922833465849392,True,False,[],[   -0.35171     0.13287     0.92663],17.493244698903183,-8.713102361046724,0.4744780013030789,0.1249957545375475,0.1234161258472933,33.5,21.00042454624525,62.68783446640372,1.7795286845226743
frame_438,0,127,2,1,True,False,True,4.276633122448791,,False,[],,,,,,,33.5,,,
frame_439,0,255,7,0,False,False,True,4.937801436311747,True,False,[],[   -0.41745     0.14812     0.89655],71.05496035701731,140.8626371642442,1.5262789583220102,0.4361713238171973,0.4408509945937274,33.5,10.117132381719737,30.20039516931264,1.7882055132775694
frame_439,0,127,2,1,True,False,True,4.596264592983466,,False,[],,,,,,,33.5,,,
frame_440,0,255,2,1,True,False,True,4.622377742642006,,False,[],,,,,,,33.5,,,
frame_441,0,255,7,0,False,False,True,4.669955700479761,True,False,[],[   -0.35851     0.13462     0.92377],7.736940158310686,-10.324482113393488,0.5234573764793924,0.1323233392849704,0.131489225130586,33.5,20.26766607150296,60.50049573582973,1.7810666755090812
frame_441,0,127,2,1,True,False,True,4.384925986184506,,False,[],,,,,,,33.5,,,
frame_442,0,255,7,0,False,False,True,4.658823036047075,True,False,[],[   -0.33884     0.12249     0.93284],12.341188467541103,-8.859587147548917,0.478237275490162,0.1349393844313071,0.1271600646044218,33.5,20.006061556869287,59.71958673692325,1.7866139481222318
frame_442,0,127,2,1,True,False,True,4.546564970055831,,False,[],,,,,,,33.5,,,
frame_443,0,255,7,0,False,False,True,4.746131874996756,True,False,[],[   -0.38272     0.15188     0.91129],12.983460559631906,-8.051823982180442,1.436344574718521,0.1309206763860227,0.1292632645249426,33.5,20.40793236139773,60.91920107879919,1.7812563821748024
frame_443,0,127,2,1,True,False,True,4.532963880381623,,False,[],,,,,,,33.5,,,
frame_444,0,255,7,0,False,False,True,4.708596637110622,True,False,[],[   -0.36078     0.15621     0.91948],11.553560541715804,-6.801476482115539,1.104149350337833,0.1285058815609725,0.1330548441623534,33.5,20.649411843902747,61.64003535493357,1.7800846949919755
frame_444,0,127,2,1,True,False,True,4.388428227007103,,False,[],,,,,,,33.5,,,
frame_445,0,255,2,1,True,False,True,4.414246175868146,,False,[],,,,,,,33.5,,,
frame_446,0,255,7,0,False,False,True,4.592322000119262,True,False,[],[   -0.37926     0.14069     0.91453],9.59917764637421,-9.02042158474014,1.5729469599242265,0.1342129065966368,0.1301070801663981,33.5,20.078709340336317,59.9364457920487,1.7827682105123897
frame_446,0,127,2,1,True,False,True,4.575376587854697,,False,[],,,,,,,33.5,,,
frame_447,0,255,7,0,False,False,True,4.561111302999866,True,False,[],[   -0.28798     0.10509     0.95185],0.9963421861354802,-9.395026383738823,0.4074289903040988,0.1701195199480868,0.2605236829716924,33.5,16.48804800519132,49.218053746839765,1.786744296354683
frame_447,0,127,2,1,True,False,True,4.571279821647711,,False,[],,,,,,,33.5,,,
frame_448,0,255,2,1,True,False,True,4.782608666527259,,False,[],,,,,,,33.5,,,
frame_449,0,255,7,0,False,False,True,5.049278445853977,True,False,[],[   -0.31564     0.14006     0.93849],9.87409115327124,-15.303292176743732,1.268165379156979,0.1289313305926916,0.127562624963533,33.5,20.606866940730832,61.51303564397264,1.7825415072022228
frame_449,0,127,2,1,True,False,True,4.760776359002859,,False,[],,,,,,,33.5,,,
frame_450,0,255,2,1,True,False,True,4.528066408744476,,False,[],,,,,,,33.5,,,
frame_451,0,255,7,0,False,False,True,4.750402938886272,True,False,[],[   -0.27265     0.12419     0.95406],5.9656349015452825,-17.592507872738086,0.4358478367080598,0.1249497255900656,0.1256996318418169,33.5,21.005027440993437,62.70157445072668,1.7862629796525893
frame_451,0,127,2,1,True,False,True,4.882154315075726,,False,[],,,,,,,33.5,,,
frame_452,0,255,7,0,False,False,True,4.651229828805754,True,False,[],[   -0.32484     0.11806     0.93837],13.257371630813644,-18.29837940925357,0.4234602206119229,0.1278232795541065,0.127076523641864,33.5,20.717672044589342,61.8437971480279,1.7845529372243687
frame_452,0,127,2,1,True,False,True,4.513513915911697,,False,[],,,,,,,33.5,,,
frame_453,0,255,7,0,False,False,True,4.687082558098419,True,False,[],[   -0.30961     0.11386     0.94402],9.425994686504032,-20.56312632459248,0.7458205555553383,0.1315897765055558,0.1264146028803405,33.5,20.341022349444422,60.71946969983409,1.7930514251881888
frame_453,0,127,2,1,True,False,True,4.451685781103028,,False,[],,,,,,,33.5,,,
frame_454,0,255,2,1,True,False,True,4.555093465299506,,False,[],,,,,,,33.5,,,
frame_455,0,255,7,0,False,False,True,4.591577074904381,True,False,[],[   -0.31596      0.1101     0.94236],3.42539951095728,-19.96886431188223,0.4215449665235822,0.1296469704147208,0.1269849327769743,33.5,20.53530295852792,61.29941181650125,1.7895318137771865
frame_455,0,127,2,1,True,False,True,4.419713315009314,,False,[],,,,,,,33.5,,,
frame_456,0,255,7,0,False,False,True,4.535290455066007,True,False,[],[   -0.34635     0.12408     0.92986],1.4722687233468532,-22.25961804084041,0.4906052443903237,0.1209509899350539,0.1285914674500728,33.5,21.404901006494608,63.89522688505853,1.7865128181979493
frame_456,0,127,2,1,True,False,True,4.508071170620224,,False,[],,,,,,,33.5,,,
frame_457,0,255,7,0,False,False,True,4.550270726389582,True,False,[],[   -0.36974     0.10707     0.92294],-2.4872499527825904,-25.93316501410066,0.4174589852908084,0.1424704233574099,0.1506688692943413,33.5,19.25295766425901,57.47151541569855,1.7939256403757178
frame_457,0,127,2,1,True,False,True,4.588876517198623,,False,[],,,,,,,33.5,,,
frame_458,0,255,7,0,False,False,True,4.523478104253874,True,False,[],[   -0.39755      0.1009     0.91202],-1.247180448328124,-26.91063467674268,0.4215867922215932,0.1308431381240963,0.1238419863703964,33.5,20.41568618759037,60.94234682862797,1.7930149033479572
frame_458,0,127,2,1,True,False,True,4.535328843026023,,False,[],,,,,,,33.5,,,
frame_459,0,255,7,0,False,False,True,4.578213160393326,True,False,[],[   -0.38496     0.10501     0.91694],3.1886037621905747,-34.190900097993314,0.420306521206097,0.1226917403416566,0.1209217418815297,33.5,21.230825965834335,63.37559989801294,1.7924622277167277
frame_459,0,127,2,1,True,False,True,4.918002042628443,,False,[],,,,,,,33.5,,,
frame_460,0,255,7,0,False,False,True,4.5874126477883905,True,False,[],[   -0.46131     0.14734     0.87492],2.1946018128135827,-32.15447965151169,1.5122711406905722,0.1312078749263379,0.122638606652683,33.5,20.37921250736621,60.83347017124242,1.800917149203936
frame_460,0,127,2,1,True,False,True,4.426650316700014,,False,[],,,,,,,33.5,,,
frame_461,0,255,7,0,False,False,True,4.588010295976579,True,False,[],[   -0.43313     0.13917     0.89052],-9.212764851722158,-28.051279194350062,1.402562103553489,0.1383329890531697,0.1385864017048355,33.5,19.66670109468303,58.706570431889645,1.8009216992857513
frame_461,0,127,2,1,True,False,True,4.322382040263383,,False,[],,,,,,,33.5,,,
frame_462,0,255,7,0,False,False,True,4.672248744514178,True,False,[],[   -0.36081     0.12324     0.92446],-0.6593461783103173,-27.4992108739232,0.4221730528543386,0.1191998702441481,0.1222732517412421,33.5,21.580012975585188,64.41794918085131,1.79349333888606
frame_462,0,127,2,1,True,False,True,4.4750780570155495,,False,[],,,,,,,33.5,,,
frame_463,0,255,7,0,False,False,True,4.664407023654697,True,False,[],[   -0.37403     0.11666     0.92005],-3.8706626873579983,-21.913594628486685,0.4195110673392648,0.1225462611501941,0.1355638301784265,33.5,21.245373884980584,63.4190265223301,1.7965168497031758
frame_463,0,127,2,1,True,False,True,4.46340240998003,,False,[],,,,,,,33.5,,,
frame_464,0,255,7,0,False,False,True,4.659240085286401,True,False,[],[   -0.35961     0.14155      0.9223],2.5899162888105174,-24.926506539695687,0.4418592835045429,0.1160070192902605,0.1240702768915356,33.5,21.899298070973945,65.37103901783267,1.7923093387322833
frame_465,0,255,2,1,True,False,True,4.351145661208381,,False,[],,,,,,,33.5,,,
frame_465,0,127,7,0,False,False,True,4.599195656444766,True,False,[],[   -0.40412     0.13397     0.90484],-2.655672880170963,-25.004969114952964,0.4773951617681904,0.1216678845613323,0.1225128911665593,33.5,21.333211543866764,63.68122848915452,1.7997944332935192
frame_466,0,255,2,1,True,False,True,4.698281212639205,,False,[],,,,,,,33.5,,,
frame_466,0,127,7,0,False,False,True,4.562500017228761,True,False,[],[   -0.34033     0.12543      0.9319],6.705423498165274,-24.19337561061867,0.4310369762474284,0.1216921636472572,0.1189221199948196,33.5,21.33078363527428,63.67398100081875,1.7977938688894324
frame_467,0,255,2,1,True,False,True,4.614589566145019,,False,[],,,,,,,33.5,,,
frame_467,0,127,7,0,False,False,True,4.553702502630964,True,False,[],[   -0.42891     0.13487     0.89322],-0.35113119334034,-25.621744936018565,1.500501577114674,0.1289498804940893,0.1313871149120158,33.5,20.605011950591077,61.50749835997336,1.8025420864380344
frame_468,0,255,2,1,True,False,True,4.491399894844382,,False,[],,,,,,,33.5,,,
frame_468,0,127,7,0,False,False,True,4.687421197421875,True,False,[],[   -0.34837     0.12148     0.92945],-4.396771271231285,-23.650729882608037,0.4139761153850614,0.1283123214023738,0.1337053616375857,33.5,20.66876785976262,61.69781450675409,1.8037793757185228
frame_469,0,255,2,1,True,False,True,4.665850069333314,,False,[],,,,,,,33.5,,,
frame_469,0,127,7,0,False,False,True,4.676856124544053,True,False,[],[   -0.36924     0.14226     0.91838],-7.001883486322206,-24.19678800545406,0.4057248726654143,0.1330633227185096,0.1323714227438642,33.5,20.19366772814904,60.27960515865386,1.8066278660776247
frame_470,0,255,2,1,True,False,True,5.276785607464063,,False,[],,,,,,,33.5,,,
frame_470,0,127,7,0,False,False,True,4.693110822559953,True,False,[],[   -0.44772     0.12888     0.88484],7.995235180290836,-26.904593855737808,0.7986964080230954,0.122486264805847,0.1198661508488926,33.5,21.2513735194153,63.43693587885164,1.8028957949002928
frame_471,0,255,2,1,True,False,True,4.705612848844907,,False,[],,,,,,,33.5,,,
frame_471,0,127,7,0,False,False,True,4.72293833398957,True,False,[],[   -0.39494     0.12765     0.90979],-3.233671564265092,-26.234595695510755,1.277257269622789,0.1253082192217334,0.1254679187968162,33.5,20.969178077826665,62.59456142634825,1.8049221050531064
frame_472,0,255,2,1,True,False,True,4.78675237639186,,False,[],,,,,,,33.5,,,
frame_472,0,127,7,0,False,False,True,4.762172308199755,False,False,[],[   -0.32868    0.085408     0.94057],-1.0,-1.0,-1.0,-1.0,0.1182510236180117,33.5,,,1.7964897081176905
frame_473,0,255,2,1,True,False,True,4.819391199163372,,False,[],,,,,,,33.5,,,
frame_473,0,127,7,0,False,False,True,4.814362856013345,True,False,[],[   -0.37748     0.11654     0.91866],5.031445309228585,-27.17965194164752,0.7098232446804289,0.1256879528172204,0.1282951201851396,33.5,20.93120471827796,62.48120811426256,1.802174304443475
frame_474,0,255,2,1,True,False,True,4.455696418686524,,False,[],,,,,,,33.5,,,
frame_474,0,127,7,0,False,False,True,4.8035712455081025,True,False,[],[   -0.34261     0.11425      0.9325],0.6087418137342476,-29.267867244239444,0.419374990513381,0.1361875644342862,0.1469996166424493,33.5,19.881243556571377,59.346995691257845,1.8022513513524177
frame_475,0,255,2,1,True,False,True,4.631255978844664,,False,[],,,,,,,33.5,,,
frame_475,0,127,7,0,False,False,True,4.7699115980388775,True,False,[],[   -0.41955     0.14677     0.89579],3.3470048336978264,-27.86003216502782,1.5929262696957691,0.1274412879173438,0.1279533222310341,33.5,20.755871208265614,61.95782450228542,1.802300949121645
frame_476,0,255,2,1,True,False,True,4.667279790805899,,False,[],,,,,,,33.5,,,
frame_476,0,127,7,0,False,False,True,4.7699115980388775,True,False,[],[   -0.46411     0.14248     0.87425],-0.388237618626284,-25.998036547726223,1.5004266864947176,0.1374380868935293,0.129076350367317,33.5,19.75619131064707,58.97370540491662,1.8086439945310824
frame_477,0,255,2,1,True,False,True,4.52991474853326,,False,[],,,,,,,33.5,,,
frame_477,0,127,7,0,False,False,True,4.704348129951326,True,False,[],[   -0.43726        0.13     0.88989],4.762223778723832,-27.38466222883178,1.307530762227883,0.1225768518698809,0.1225064952662004,33.5,21.2423148130119,63.40989496421463,1.8024343460148369
frame_478,0,255,2,1,True,False,True,4.503469055654026,,False,[],,,,,,,33.5,,,
frame_478,0,127,7,0,False,False,True,4.670140621679661,True,False,[],[   -0.42712     0.10642     0.89791],1.3768554552250292,-27.39398958920545,0.3942640242982689,0.1148758975365573,0.1218119354309905,33.5,22.012410246344267,65.70868730252019,1.8026684204975287
frame_479,0,255,2,1,True,False,True,4.584615778129098,,False,[],,,,,,,33.5,,,
frame_479,0,127,7,0,False,False,True,4.674863550913733,True,False,[],[    -0.4047     0.11241     0.90751],0.7742955430405456,-28.357732529571397,0.383453586401572,0.1342438031937789,0.1282967419896052,33.5,20.075619680622108,59.927222927230176,1.7994381750822068
frame_480,0,255,2,1,True,False,True,4.4205126893415825,,False,[],,,,,,,33.5,,,
frame_480,0,127,7,0,False,False,True,4.753946069949663,True,False,[],[   -0.39952      0.0952     0.91177],11.04998794251596,-30.400796111838485,0.3803148424581439,0.1277490766686053,0.1227157683584687,33.5,20.725092333139468,61.865947263102896,1.7985522859167344
frame_481,0,255,2,1,True,False,True,4.6265354891012285,,False,[],,,,,,,33.5,,,
frame_481,0,127,7,0,False,False,True,4.753148976986494,True,False,[],[   -0.43683     0.11477     0.89219],2.158496769786786,-28.548026851578705,0.6448525325273202,0.135056013824382,0.121975185372317,33.5,19.9943986175618,59.684771992721785,1.8007491305470469
frame_482,0,255,2,1,True,False,True,4.531586061289309,,False,[],,,,,,,33.5,,,
frame_482,0,127,7,0,False,False,True,4.873188280027463,True,False,[],[   -0.42888     0.12337      0.8949],2.391807303537292,-27.66960795633136,1.01142624411816,0.1275140695500708,0.1251120253892659,33.5,20.74859304499292,61.93609864176991,1.7983598523904205
frame_483,0,255,2,1,True,False,True,4.3828688490578775,,False,[],,,,,,,33.5,,,
frame_483,0,127,7,0,False,False,True,4.973864413065678,True,False,[],[   -0.41039     0.12772     0.90292],2.9282830749483377,-27.8992726805874,1.30793456946274,0.142956773926949,0.1382550688087591,33.5,19.204322607305095,57.32633614120925,1.7940243492050776
frame_484,0,255,2,1,True,False,True,4.4363633651924275,,False,[],,,,,,,33.5,,,
frame_484,0,127,7,0,False,False,True,4.95606442916628,True,False,[],[   -0.40953     0.12767     0.90332],-1.8413361089365552,-26.927954776746063,1.349171765664273,0.1413025970141495,0.1495906884865331,33.5,19.369740298585054,57.82012029428374,1.8002097223610585
frame_485,0,255,2,1,True,False,True,4.51704248794371,,False,[],,,,,,,33.5,,,
frame_485,0,127,7,0,False,False,True,4.989421770139136,True,False,[],[   -0.37668     0.10405     0.92048],-4.479666997583872,-25.24683186738935,0.3890560763897133,0.1447696071330266,0.1612969713228847,33.5,19.023039286697337,56.78519190058906,1.797201423964712
frame_486,0,255,2,1,True,False,True,4.306430147900863,,False,[],,,,,,,33.5,,,
frame_486,0,127,7,0,False,False,True,4.916015236387331,True,False,[],[   -0.42179     0.13305     0.89688],-6.762450589655411,-27.244442421168984,0.7075354937166503,0.151679333900212,0.1478334127307241,33.5,18.3320666099788,54.7225868954591,1.8013074617576963
frame_487,0,255,2,1,True,False,True,4.64814811919001,,False,[],,,,,,,33.5,,,
frame_487,0,127,7,0,False,False,True,4.932496928263273,True,False,[],[   -0.41754     0.14803     0.89652],-3.622169412269398,-28.30849293894404,0.6022738087051276,0.1479848849256859,0.1483296942609746,33.5,18.701511507431405,55.82540748486987,1.800907829969815
frame_488,0,255,2,1,True,False,True,4.390908610377758,,False,[],,,,,,,33.5,,,
frame_488,0,127,7,0,False,False,True,4.813533810633312,True,False,[],[   -0.32613    0.077885     0.94211],10.142158368024496,-27.898559152930893,0.401261756464327,0.1429150449109776,0.14757904525672,33.5,19.20849550890224,57.33879256388728,1.797693864923897
frame_489,0,255,2,1,True,False,True,4.402092799374129,,False,[],,,,,,,33.5,,,
frame_489,0,127,7,0,False,False,True,4.837008738673908,True,False,[],[   -0.42772     0.12649     0.89502],1.7126473706291925,-30.084686436033493,0.9524835773723392,0.155165964389895,0.1462053504731206,33.5,17.983403561010498,53.6818016746582,1.8042054788685435
frame_490,0,255,2,1,True,False,True,4.380728054898027,,False,[],,,,,,,33.5,,,
frame_490,0,127,7,0,False,False,True,4.808414294146117,True,False,[],[   -0.45882     0.18324     0.86943],-6.663016206143913,-28.230002451011643,0.7661177085331166,0.1688224694204492,0.193725248087712,33.5,16.61775305795508,49.60523300882114,1.7980019645805323
frame_491,0,255,2,1,True,False,True,4.379396726097201,,False,[],,,,,,,33.5,,,
frame_491,0,127,7,0,False,False,True,4.702366006376691,True,False,[],[   -0.35271    0.077547     0.93251],3.088461282296864,-33.14670597402694,0.3770077061224133,0.1684724303849373,0.1619189761572295,33.5,16.65275696150627,49.70972227315305,1.8022949555516243
frame_492,0,255,2,1,True,False,True,4.4444446389109915,,False,[],,,,,,,33.5,,,
frame_492,0,127,7,0,False,False,True,4.822054740333807,True,False,[],[   -0.38164     0.12242     0.91617],-6.370609339032396,-32.48642607446248,0.4219760234171461,0.1925117335065507,0.2131146670185421,33.5,14.248826649344933,42.53381089356696,1.79891342124814
frame_493,0,255,2,1,True,False,True,4.472385011000455,,False,[],,,,,,,33.5,,,
frame_493,0,127,7,0,False,False,True,4.827924442621189,True,False,[],[   -0.35217     0.11224     0.92918],3.095964783397484,-34.89696546008064,0.4200195101038186,0.1650286440335128,0.1589440751007803,33.5,16.99713559664872,50.73771819895141,1.7978030081805243
frame_494,0,255,2,1,True,False,True,4.334637875080722,,False,[],,,,,,,33.5,,,
frame_494,0,127,7,0,False,False,True,4.831815613017816,True,False,[],[   -0.42479     0.14679     0.89331],-4.488402103747262,-33.60829628753857,1.2272286837213628,0.1867031430784991,0.18546510559281,33.5,14.829685692150091,44.26771848403012,1.8054397804853848
frame_495,0,255,2,1,True,False,True,4.5867447320357275,,False,[],,,,,,,33.5,,,
frame_495,0,127,7,0,False,False,True,4.9516782263462185,True,False,[],[    -0.3802     0.11603      0.9176],-7.527416702726046,-32.68549299209229,0.6375471988740147,0.2207761806304762,0.2398726294028504,33.5,11.42238193695238,34.09666249836532,1.8084355735289028
frame_496,0,255,2,1,True,False,True,4.348624111104778,,False,[],,,,,,,33.5,,,
frame_496,0,127,7,0,False,False,True,5.005675158847121,True,False,[],[    -0.3763     0.12864     0.91752],-6.45251787484609,-33.69581761205383,1.2122970746789576,0.215776856973026,0.2327268317941401,33.5,11.922314302697396,35.588997918499686,1.7995150712324164
frame_497,0,255,7,0,False,False,True,4.813074498673872,True,False,[],[   -0.41563     0.18916     0.88965],-0.2050654090212961,-35.10300749558086,1.1222347732698958,0.178523985342091,0.1710400543054587,33.5,15.6476014657909,46.70925810683851,1.807923681670187
frame_498,0,255,7,0,False,False,True,4.802097594388984,True,False,[],[   -0.43242     0.16415     0.88661],-11.101733507193591,-32.285744843298,1.0511131565641518,0.2037276690962963,0.2140930280514461,33.5,13.127233090370366,39.185770419016016,1.8053799674578523
frame_499,0,255,2,1,True,False,True,4.626712823408049,,False,[],,,,,,,33.5,,,
frame_499,0,127,7,0,False,False,True,4.693035363576551,True,False,[],[   -0.40724     0.14409     0.90188],6.529212612500879,-37.61709314637938,1.26747360940371,0.1864362375239728,0.1743370945519657,33.5,14.856376247602714,44.3473917838887,1.803032092154847
frame_500,0,255,2,1,True,False,True,4.356401359108027,,False,[],,,,,,,33.5,,,
frame_500,0,127,7,0,False,False,True,4.7613637752395945,True,False,[],[   -0.45324     0.18029     0.87296],-9.384382044902738,-33.12557882187013,0.7325281090604918,0.2391234781184363,0.2306767470200042,33.5,9.587652188156364,28.619857278078705,1.8038895981436005
frame_501,0,255,2,1,True,False,True,4.543086072135452,,False,[],,,,,,,33.5,,,
frame_501,0,127,7,0,False,False,True,4.782640567882659,True,False,[],[   -0.42545     0.15325     0.89191],-11.664206718256692,-31.441878281447487,1.017495005645551,0.2300294748452789,0.2213474587531924,33.5,10.497052515472111,31.33448512081227,1.805797885086162
frame_502,0,255,12,1,True,False,True,1.96,,False,[],,,,,,,33.5,,,
frame_502,0,170,2,1,True,False,True,4.685121177508675,,False,[],,,,,,,33.5,,,
frame_502,0,85,7,0,False,False,True,4.808377090268428,True,False,[],[   -0.35161    0.094476     0.93137],-1.4385697065674918,-32.503291168136634,0.4562463613088485,0.1969511996631165,0.204251967205489,33.5,13.804880033688343,41.20859711548759,1.8016046916989064
frame_503,0,255,12,1,True,False,True,1.875,,False,[],,,,,,,33.5,,,
frame_503,0,170,2,1,True,False,True,4.67183474695801,,False,[],,,,,,,33.5,,,
frame_503,0,85,7,0,False,False,True,4.791862698087289,True,False,[],[   -0.30977     0.11893     0.94334],-7.365671016856902,-31.509163204456662,0.4563120249464194,0.2168436194064869,0.2105530833046149,33.5,11.815638059351311,35.27056137119795,1.8099020697506776
frame_504,0,255,12,1,True,False,True,1.7499998876084073,,False,[],,,,,,,33.5,,,
frame_504,0,170,2,1,True,False,True,4.86752109835698,,False,[],,,,,,,33.5,,,
frame_504,0,85,7,0,False,False,True,4.6760360193350845,True,False,[],[   -0.37638      0.1589     0.91274],-6.225469767098642,-30.53093194335841,0.5153608073087261,0.2102594774245709,0.2252572421387098,33.5,12.474052257542906,37.235976888187786,1.806363785842268
frame_505,0,255,12,1,True,False,True,2.203389930514069,,False,[],,,,,,,33.5,,,
frame_505,0,170,2,1,True,False,True,4.869815903766853,,False,[],,,,,,,33.5,,,
frame_505,0,85,7,0,False,False,True,4.75912334425368,True,False,[],[   -0.42893     0.16638     0.88788],-5.858660196033658,-30.59860593511736,1.3726102548629855,0.224127269992763,0.2488167698991819,33.5,11.087273000723702,33.09633731559314,1.806461935745921
frame_506,0,255,12,1,True,False,True,2.257622095888859,,False,[],,,,,,,33.5,,,
frame_506,0,170,2,1,True,False,True,4.773295288311457,,False,[],,,,,,,33.5,,,
frame_506,0,85,7,0,False,False,True,4.79716989069952,True,False,[],[   -0.43054     0.19604     0.88102],0.4484569073852176,-30.74193502936475,1.1417999908167855,0.2017619334615005,0.2016403119396831,33.5,13.323806653849951,39.77255717567149,1.8036687008028025
frame_507,0,255,2,1,True,False,True,4.723809532562817,,False,[],,,,,,,33.5,,,
frame_508,0,255,12,1,True,False,True,2.2411241990060446,,False,[],,,,,,,33.5,,,
frame_508,0,127,2,1,True,False,True,4.770718317724014,,False,[],,,,,,,33.5,,,
frame_509,0,255,12,1,True,False,True,2.4180605164078064,,False,[],,,,,,,33.5,,,
frame_510,0,255,2,1,True,False,True,4.7788463702151995,,False,[],,,,,,,33.5,,,
frame_510,0,170,7,0,False,False,True,4.779134489166198,True,False,[],[   -0.41283     0.20764     0.88682],-0.0896942380540198,-28.137394175357244,0.5452782952176247,0.2004988086759439,0.1975360473146424,33.5,13.450119132405607,40.1496093504645,1.8092635259994685
frame_510,0,85,12,1,True,False,True,2.4271525361284008,,False,[],,,,,,,33.5,,,
frame_511,0,255,2,1,True,False,True,4.639221118587174,,False,[],,,,,,,33.5,,,
frame_512,0,255,12,1,True,False,True,2.335195279472638,,False,[],,,,,,,33.5,,,
frame_512,0,127,2,1,True,False,True,4.707428800151855,,False,[],,,,,,,33.5,,,
frame_513,0,255,12,1,True,False,True,2.160516522167576,,False,[],,,,,,,33.5,,,
frame_513,0,127,2,1,True,False,True,4.728002247458603,,False,[],,,,,,,33.5,,,
frame_514,0,255,12,1,True,False,True,1.9523809523809523,,False,[],,,,,,,33.5,,,
frame_514,0,127,2,1,True,False,True,4.779542221251848,,False,[],,,,,,,33.5,,,
frame_515,0,255,7,0,False,False,True,4.6350441551192185,True,False,[],[   -0.44372      0.1635     0.88112],-5.192910785850986,-31.682639255940945,1.4247783456208378,0.2156697929035294,0.2120767016073499,33.5,11.933020709647064,35.62095734223004,1.8032601116933509
frame_515,0,170,12,1,True,False,True,1.8,,False,[],,,,,,,33.5,,,
frame_515,0,85,2,1,True,False,True,4.735148789187449,,False,[],,,,,,,33.5,,,
frame_516,0,255,7,0,False,False,True,4.624954344269407,True,False,[],[   -0.38105     0.14967     0.91236],-7.326266628550481,-32.37494318571214,0.4827909603026754,0.229875434629682,0.2254961920169029,33.5,10.512456537031795,31.38046727472178,1.809625184499149
frame_516,0,127,2,1,True,False,True,4.699059442716662,,False,[],,,,,,,33.5,,,
frame_517,0,255,7,0,False,False,True,4.836842023630183,True,False,[],[   -0.29017    0.064668     0.95479],-6.867807094015459,-33.20048163439028,0.4693651493636968,0.2539262285837862,0.2520439284939298,33.5,8.107377141621381,24.20112579588472,1.8092412715562984
frame_517,0,127,2,1,True,False,True,4.823232483185358,,False,[],,,,,,,33.5,,,
frame_518,0,255,12,1,True,False,True,1.95,,False,[],,,,,,,33.5,,,
frame_518,0,127,2,1,True,False,True,4.721420552246814,,False,[],,,,,,,33.5,,,
frame_519,0,255,2,1,True,False,True,4.8369568788539,,False,[],,,,,,,33.5,,,
frame_520,0,255,12,1,True,False,True,1.894736842105263,,False,[],,,,,,,33.5,,,
frame_520,0,170,7,0,False,False,True,4.91253558110402,True,False,[],[   -0.26635    0.042865     0.96292],-4.795502977856832,-34.93212546875715,0.4671600565375926,0.2580952078258347,0.2473940619925083,33.5,7.690479217416529,22.95665438034785,1.8116709130788369
frame_520,0,85,2,1,True,False,True,4.913357316920123,,False,[],,,,,,,33.5,,,
frame_521,0,255,7,0,False,False,True,4.889307431735029,True,False,[],[   -0.28659    0.065245     0.95583],-8.267394411632482,-34.35814759246228,0.4784914755997391,0.27071004894174,0.2547625908132383,33.5,6.428995105826002,19.191030166644783,1.813087253771304
frame_522,0,255,2,1,True,False,True,4.680385710613222,,False,[],,,,,,,33.5,,,
frame_523,0,255,7,0,False,False,True,4.910780483320577,True,False,[],[    -0.2927    0.062901     0.95413],-4.985864659426471,-35.16889457339222,0.474766075529007,0.2677745535475785,0.2623583032644943,33.5,6.722544645242151,20.067297448484037,1.806501209916856
frame_523,0,127,2,1,True,False,True,4.7612898530768035,,False,[],,,,,,,33.5,,,
frame_524,0,255,7,0,False,False,True,4.769851831407646,True,False,[],[   -0.32196    0.092327     0.94224],-5.968424925697,-36.19837097295236,0.4630230927212759,0.2654497256167745,0.2620699425808359,33.5,6.955027438322553,20.7612759352912,1.8120845985896696
frame_524,0,127,2,1,True,False,True,4.819183844041838,,False,[],,,,,,,33.5,,,
frame_525,0,255,7,0,False,False,True,4.89538489230657,True,False,[],[   -0.30457    0.079562     0.94916],-8.194609287330792,-36.03877523810175,0.4739577537780444,0.2624947048963748,0.2594187298385413,33.5,7.250529510362519,21.643371672723934,1.8107513197660443
frame_525,0,127,2,1,True,False,True,4.726086847712306,,False,[],,,,,,,33.5,,,
frame_526,0,255,2,1,True,False,True,4.692359907528393,,False,[],,,,,,,33.5,,,
frame_527,0,255,7,0,False,False,True,4.8707147797817125,True,False,[],[   -0.39973      0.1452     0.90506],-9.154197686762505,-37.27737724278768,1.380768349678121,0.2828967823967727,0.2464756467948135,33.5,5.210321760322728,15.553199284545457,1.8108109039411688
frame_527,0,127,2,1,True,False,True,4.593220166890935,,False,[],,,,,,,33.5,,,
frame_528,0,255,2,1,True,False,True,4.591184651636556,,False,[],,,,,,,33.5,,,
frame_529,0,255,7,0,False,False,True,4.938413941203376,True,False,[],[   -0.46284     0.19224     0.86535],-5.022624292130965,-37.82682556148526,1.2620709222485136,0.2383817006337221,0.234542225058691,33.5,9.661829936627791,28.841283392918783,1.809486273019859
frame_529,0,127,2,1,True,False,True,4.536082566536874,,False,[],,,,,,,33.5,,,
frame_530,0,255,12,1,True,False,True,2.0,,False,[],,,,,,,33.5,,,
frame_530,0,127,2,1,True,False,True,4.552560476994132,,False,[],,,,,,,33.5,,,
frame_531,0,255,12,1,True,False,True,1.55,,False,[],,,,,,,33.5,,,
frame_531,0,127,2,1,True,False,True,4.429217733192465,,False,[],,,,,,,33.5,,,
frame_532,0,255,2,1,True,False,True,4.459863969135954,,False,[],,,,,,,33.5,,,
frame_533,0,255,2,1,True,False,True,4.495133423618625,,False,[],,,,,,,33.5,,,
frame_534,0,255,7,0,False,False,True,4.758426869428783,True,False,[],[    -0.2775    0.068474     0.95828],-5.637396481276973,-28.392114223669136,0.7317649686780474,0.2518677333805845,0.240602279408852,33.5,8.313226661941547,24.81560197594492,1.8090650943375215
frame_534,0,127,2,1,True,False,True,4.51284634998457,,False,[],,,,,,,33.5,,,
frame_535,0,255,7,0,False,False,True,4.783245134578176,True,False,[],[   -0.28993    0.094895     0.95233],-4.367723977875732,-26.64617841045954,0.45925991822012,0.236215528343202,0.2301090049647879,33.5,9.878447165679798,29.487901987103875,1.8110671424742508
frame_535,0,127,2,1,True,False,True,4.786251172524008,,False,[],,,,,,,33.5,,,
frame_536,0,255,7,0,False,False,True,4.928806683420331,True,False,[],[   -0.30292     0.12149     0.94524],-5.898674181600273,-23.32941798095662,0.5043295107230117,0.2444669893918611,0.2366222686866443,33.5,9.053301060813885,27.0247792860116,1.810844185730456
frame_536,0,127,2,1,True,False,True,4.363190361339655,,False,[],,,,,,,33.5,,,
frame_537,0,255,-1,1,False,False,True,1.8,True,True,[],[   -0.42333     0.01319     0.90588],63.758827946988575,-155.27830011652784,0.1652202329913399,0.0879704406872665,0.0899080259161345,33.5,24.702955931273348,73.74016695902492,1.7843570332316792
frame_538,0,255,15,1,False,False,True,2.111111111111111,False,True,[],[   -0.43824    0.098814     0.89341],-1.0,-1.0,-1.0,-1.0,0.0649909896629898,33.5,,,1.7799808321975348
frame_539,0,255,7,0,False,False,True,4.6626159776115905,True,False,[],[   -0.36021     0.14307     0.92184],4.719821470503447,-21.553395284995062,1.460912703474471,0.2203942754452243,0.2145635158316711,33.5,11.460572455477564,34.210664046201686,1.801917897545144
frame_540,0,255,7,1,False,False,True,4.570379279985492,True,True,[],[   -0.36024     0.14079     0.92218],-3.363106368471804,-20.867292002805478,0.5068918624373249,0.2422415413918194,0.2426151887385755,33.5,9.27584586081806,27.689092121844958,1.8061538138293511
frame_542,0,255,7,1,False,False,True,4.443854626244707,True,True,[],[   -0.39042      0.1445     0.90923],-7.926104029529079,-24.469110302172517,0.4941862841006548,0.2766697208311626,0.2738797781920463,33.5,5.833027916883743,17.412023632488786,1.8124016848641733
frame_542,0,127,2,1,True,False,True,4.557739305487788,,False,[],,,,,,,33.5,,,
frame_543,0,255,2,1,True,False,True,4.2325894662555665,,False,[],,,,,,,33.5,,,
frame_544,0,255,2,1,True,False,True,4.584615754900263,,False,[],,,,,,,33.5,,,
frame_545,0,255,7,1,False,False,True,4.678455901906074,True,True,[],[   -0.39146     0.14149     0.90925],-2.2868392454606465,-29.67164597177586,0.4918110320145334,0.2668724923620538,0.2624619004953508,33.5,6.812750763794623,20.33656944416305,1.8142860664070852
frame_545,0,127,2,1,True,False,True,4.2472824260617505,,False,[],,,,,,,33.5,,,
frame_546,0,255,7,1,False,False,True,4.60876445246051,True,True,[],[   -0.40934     0.16249      0.8978],-2.505440046856154,-29.41505441635158,1.1029563853874615,0.2783385865270069,0.2697508169351066,33.5,5.666141347299308,16.913854768057636,1.8156497682944608
frame_547,0,255,7,1,False,False,True,4.815303188236461,True,True,[],[   -0.36838    0.097346     0.92457],-0.8249291736395328,-27.668576673898176,0.4674651396267493,0.2690882229020491,0.2679134967769902,33.5,6.591177709795088,19.675157342671906,1.814329251057684
frame_549,0,255,7,1,False,False,True,4.734621115795717,True,True,[],[   -0.46466     0.18314     0.86634],-0.9452321813684054,-25.486525166206704,1.5201344162890118,0.2745948524853754,0.27106471679021,33.5,6.040514751462461,18.03138731779839,1.8145818412880368
frame_549,0,127,2,1,True,False,True,4.429598780735603,,False,[],,,,,,,33.5,,,
frame_550,0,255,7,1,False,False,True,4.706131038848493,True,True,[],[   -0.41719     0.15271      0.8959],-0.7529343042335075,-24.02646178994752,0.4841513255155654,0.2730852532148837,0.2702276261491433,33.5,6.191474678511627,18.482013965706347,1.814523701045824
frame_550,0,127,2,1,True,False,True,4.597273630905984,,False,[],,,,,,,33.5,,,
frame_551,0,255,7,1,False,False,True,4.7201373233780455,True,True,[],[   -0.41511     0.14861     0.89755],0.2391207464660479,-22.942821625633098,0.8813730937975544,0.2793400726147724,0.2798316329214116,33.5,5.565992738522757,16.61490369708286,1.8122798507074709
frame_551,0,127,2,1,True,False,True,4.219335870189369,,False,[],,,,,,,33.5,,,
frame_552,0,255,7,1,False,False,True,4.751147003672094,True,True,[],[   -0.47722     0.17053     0.86208],-0.8262646871647719,-21.41621395050105,0.4862340502677307,0.2897243300803728,0.2882772436449055,33.5,4.527566991962723,13.515125349142457,1.813933844734262
frame_552,0,127,2,1,True,False,True,4.457831347665961,,False,[],,,,,,,33.5,,,
frame_553,0,255,7,1,False,False,True,4.776823786179105,True,True,[],[    -0.5184      0.1774     0.83653],1.0895941583214772,-20.90058912811247,0.527624813649159,0.2830994151106374,0.2796890612671397,33.5,5.190058488936261,15.492711907272422,1.8126192038366684
frame_553,0,127,2,1,True,False,True,4.68939391928533,,False,[],,,,,,,33.5,,,
frame_554,0,255,7,1,False,False,True,4.736380822270965,True,True,[],,2.0254839951381505,-19.0385973902126,-1.0,0.2747034725636601,0.2740731510710423,33.5,6.0296527436339895,17.998963413832804,1.811579698672178
frame_554,0,127,2,1,True,False,True,4.607299976722326,,False,[],,,,,,,33.5,,,
frame_555,0,255,7,1,False,False,True,4.823837317578625,True,True,[],,1.415102572538958,-18.01689022583428,-1.0,0.2948020303727023,0.2933381908146302,33.5,4.019796962729766,11.999393918596317,1.815215583266516
frame_555,0,127,2,1,True,False,True,4.571045139792468,,False,[],,,,,,,33.5,,,
frame_556,0,255,2,1,True,False,True,4.560846573350492,,False,[],,,,,,,33.5,,,
frame_557,0,255,7,1,False,False,True,4.771659760420121,True,True,[],,6.242175751606442,-16.964071511736602,-1.0,0.286981720641413,0.2830783409158963,33.5,4.801827935858699,14.333814733906566,1.8135198833448676
frame_557,0,127,2,1,True,False,True,4.636746265057912,,False,[],,,,,,,33.5,,,
frame_558,0,255,7,1,False,False,True,4.744004129930333,True,True,[],,1.394349226819007,-15.559366950374072,-1.0,0.2968871241626557,0.2900563182198975,33.5,3.8112875837344298,11.37697786189382,1.818111271016738
frame_558,0,127,2,1,True,False,True,4.5442638371017186,,False,[],,,,,,,33.5,,,
frame_559,0,255,2,1,True,False,True,4.387499826670371,,False,[],,,,,,,33.5,,,
frame_560,0,255,7,1,False,False,True,4.690909210485932,True,True,[],,1.330591768428248,-12.737548274029658,-1.0,0.3013593091182883,0.2950892136656198,33.5,3.364069088171168,10.04199727812289,1.817811215892468
frame_560,0,127,2,1,True,False,True,4.394904006056061,,False,[],,,,,,,33.5,,,
frame_561,0,255,7,1,False,False,True,4.7193307378351035,True,True,[],,2.833063713072616,-11.42842537609549,-1.0,0.295631725473067,0.2945752112937029,33.5,3.936827452693298,11.75172373938298,1.8170555871984715
frame_561,0,127,2,1,True,False,True,4.3842238973171055,,False,[],,,,,,,33.5,,,
frame_562,0,255,7,1,False,False,True,4.6311879394463125,True,True,[],,7.915070650666111,-9.008886688433831,-1.0,0.2913079433841986,0.2922417816192538,33.5,4.369205661580139,13.042404959940717,1.82011805229929
frame_562,0,127,2,1,True,False,True,4.634615285852046,,False,[],,,,,,,33.5,,,
frame_563,0,255,7,1,False,False,True,4.614055203061722,True,True,[],[   -0.41955     0.16536     0.89255],14.357459422238914,-7.120860139038864,0.4629436613913762,0.283639740982143,0.2799627520000825,33.5,5.136025901785701,15.331420602345377,1.812520532815157
frame_563,0,127,2,1,True,False,True,4.516959106441357,,False,[],,,,,,,33.5,,,
frame_564,0,255,2,1,True,False,True,4.406451623591454,,False,[],,,,,,,33.5,,,
frame_565,0,255,2,1,True,False,True,4.404000181208662,,False,[],,,,,,,33.5,,,
frame_566,0,255,7,1,False,False,True,4.77282435915813,True,True,[],[   -0.53583     0.15697     0.82961],11.677795113350578,-5.9893368054534815,1.3622408653031146,0.2859093940434487,0.2848954308606393,33.5,4.909060595655129,14.653912225836203,1.8203488029001769
frame_566,0,127,2,1,True,False,True,4.317204397473655,,False,[],,,,,,,33.5,,,
frame_567,0,255,2,1,True,False,True,4.344155751039461,,False,[],,,,,,,33.5,,,
frame_568,0,255,7,1,False,False,True,4.786982311078049,True,True,[],[   -0.46364     0.14817     0.87355],5.54946988192208,-7.42746982045938,0.4728741674240233,0.2934931947752132,0.2873830891825606,33.5,4.150680522478684,12.390091111876668,1.8236434643170727
frame_568,0,127,2,1,True,False,True,4.496093545604249,,False,[],,,,,,,33.5,,,
frame_569,0,255,7,1,False,False,True,4.728395160135462,True,True,[],[   -0.46862     0.14757     0.87099],8.850590207469713,-7.511813165462084,0.4565749903115057,0.2902919842912175,0.2873023006954103,33.5,4.470801570878247,13.345676330979842,1.8262003509226044
frame_569,0,127,2,1,True,False,True,4.509138353854002,,False,[],,,,,,,33.5,,,
frame_570,0,255,7,1,False,False,True,4.681603496050639,True,True,[],[   -0.50578      0.1623     0.84726],8.724803392824715,-8.408956804939532,1.1725815885936612,0.294275389649083,0.289874659115529,33.5,4.072461035091695,12.156600104751329,1.8241269559738544
frame_570,0,127,2,1,True,False,True,4.52892564061499,,False,[],,,,,,,33.5,,,
frame_571,0,255,7,1,False,False,True,4.674137348859355,True,True,[],[    -0.4628     0.15157     0.87341],9.195687663329124,-8.616742564250403,0.4627563600779434,0.2964654571043667,0.2906066913947764,33.5,3.8534542895633295,11.502848625562176,1.8261805068669843
frame_571,0,127,2,1,True,False,True,4.613333446682861,,False,[],,,,,,,33.5,,,
frame_572,0,255,7,1,False,False,True,4.7785716498786455,True,True,[],,7.297367424619418,-9.456400658647729,-1.0,0.2933602953810827,0.2880338183208066,33.5,4.163970461891731,12.429762572811136,1.8295575492224605
frame_572,0,127,2,1,True,False,True,4.799126456383415,,False,[],,,,,,,33.5,,,
frame_573,0,255,7,1,False,False,True,4.7798075826953,True,True,[],,9.13484826889431,-9.904921316759152,-1.0,0.2925469902482416,0.2881252504039675,33.5,4.245300975175836,12.672540224405482,1.8290521211692103
frame_573,0,127,2,1,True,False,True,4.68078681967015,,False,[],,,,,,,33.5,,,
frame_574,0,255,2,1,True,False,True,4.567934526212883,,False,[],,,,,,,33.5,,,
frame_575,0,255,7,1,False,False,True,4.803681252371286,True,True,[],,10.615598181098044,-9.97296566986758,-1.0,0.2927551366438198,0.2869537451008327,33.5,4.224486335618022,12.610406971994095,1.8277900590071183
frame_575,0,127,2,1,True,False,True,4.482300785089465,,False,[],,,,,,,33.5,,,
frame_576,0,255,2,1,True,False,True,4.541002049338812,,False,[],,,,,,,33.5,,,
frame_577,0,255,2,1,True,False,True,4.529711415736849,,False,[],,,,,,,33.5,,,
frame_578,0,255,7,1,False,False,True,4.719246025949958,True,True,[],[   -0.37149     0.15032     0.91619],8.569579390650658,-11.284103381989864,1.4872231671897231,0.2972821701280174,0.2924988631674536,33.5,3.7717829871982578,11.259053693129127,1.833938101180514
frame_578,0,127,2,1,True,False,True,4.5911820297950205,,False,[],,,,,,,33.5,,,
frame_579,0,255,2,1,True,False,True,4.5669639424169945,,False,[],,,,,,,33.5,,,
frame_580,0,255,7,1,False,False,True,4.744970694832034,True,True,[],,8.726067129466763,-11.600662832027307,-1.0,0.2919718149911743,0.2884068829544899,33.5,4.302818500882566,12.844234330992736,1.8364539217593063
frame_580,0,127,2,1,True,False,True,4.508379736536566,,False,[],,,,,,,33.5,,,
frame_581,0,255,7,1,False,False,True,4.704347582876531,True,True,[],[   -0.48866     0.16689     0.85636],7.875273436249178,-11.818379624665456,1.3307249747027128,0.2914491697007357,0.2870153172279734,33.5,4.355083029926432,13.00024785052666,1.835091101248025
frame_581,0,127,2,1,True,False,True,4.718254203177593,,False,[],,,,,,,33.5,,,
frame_582,0,255,7,1,False,False,True,4.747825805094073,True,True,[],,7.44197413140676,-12.5311276792675,-1.0,0.2890807026393935,0.2856757706504792,33.5,4.591929736060646,13.707252943464615,1.8375024903251465
frame_582,0,127,2,1,True,False,True,4.247545554001642,,False,[],,,,,,,33.5,,,
frame_583,0,255,7,1,False,False,True,4.634419330230602,True,True,[],[   -0.45556     0.16178     0.87538],8.364068303124162,-13.2943923809367,0.4596267051256704,0.2861134249351186,0.2855289057093984,33.5,4.888657506488137,14.59300748205414,1.8360274037959408
frame_583,0,127,2,1,True,False,True,4.713600247119668,,False,[],,,,,,,33.5,,,
frame_584,0,255,2,1,True,False,True,4.672176228357381,,False,[],,,,,,,33.5,,,
frame_585,0,255,7,1,False,False,True,4.69283287827191,True,True,[],,7.104514049069351,-15.280757757964594,-1.0,0.2876481713916339,0.2831359716089614,33.5,4.735182860836612,14.134874211452573,1.8345161795150489
frame_585,0,127,2,1,True,False,True,4.632353435420351,,False,[],,,,,,,33.5,,,
frame_586,0,255,2,1,True,False,True,4.5777778318822016,,False,[],,,,,,,33.5,,,
frame_587,0,255,7,1,False,False,True,4.694915254237288,True,True,[],,7.422925919030026,-17.592066367502433,-1.0,0.28505522457063,0.2830144244679849,33.5,4.994477542937004,14.908888187871652,1.840169718739257
frame_587,0,127,2,1,True,False,True,4.550866305038082,,False,[],,,,,,,33.5,,,
frame_588,0,255,2,1,True,False,True,4.710045351255027,,False,[],,,,,,,33.5,,,
frame_589,0,255,7,1,False,False,True,4.6297848841894655,True,True,[],,3.264589077221001,-20.94280221616896,-1.0,0.2820991265739502,0.2809590983092247,33.5,5.290087342604982,15.79130550031338,1.8471123878737443
frame_589,0,127,2,1,True,False,True,4.866414664836234,,False,[],,,,,,,33.5,,,
frame_590,0,255,7,1,False,False,True,4.56113239476659,True,True,[],[   -0.48276     0.20979     0.85025],3.6538939018647647,-22.466338441295417,0.8601661445146127,0.2831983744286159,0.2814422233290553,33.5,5.180162557138407,15.463171812353451,1.84744225277473
frame_590,0,127,2,1,True,False,True,4.781010398167609,,False,[],,,,,,,33.5,,,
frame_591,0,255,2,1,True,False,True,4.742008696161433,,False,[],,,,,,,33.5,,,
frame_592,0,255,7,1,False,False,True,4.527124740836703,True,True,[],[   -0.50074     0.23812      0.8322],3.7977789756324087,-24.04711047822223,0.5069824311556774,0.285506341470369,0.2861314686547586,33.5,4.9493658529631,14.774226426755524,1.848784046220352
frame_592,0,127,2,1,True,False,True,4.268551549040597,,False,[],,,,,,,33.5,,,
frame_593,0,255,2,1,True,False,True,4.4437225361367485,,False,[],,,,,,,33.5,,,
frame_594,0,255,2,1,True,False,True,4.716341555978447,,False,[],,,,,,,33.5,,,
frame_595,0,255,7,1,False,False,True,4.476923180897279,True,True,[],[   -0.43459     0.20874      0.8761],1.3680843743019353,-25.994467441953837,0.4870706532377813,0.287679881726214,0.2791081173641054,33.5,4.732011827378596,14.125408439936107,1.8504309628055176
frame_595,0,127,2,1,True,False,True,4.3905673749810346,,False,[],,,,,,,33.5,,,
frame_596,0,255,2,1,True,False,True,4.655032665935248,,False,[],,,,,,,33.5,,,
frame_597,0,255,2,1,True,False,True,4.513332674156122,,False,[],,,,,,,33.5,,,
frame_598,0,255,7,1,False,False,True,4.4718312085637795,True,True,[],[    -0.4542     0.22236      0.8627],3.1774505429794,-25.08616432339882,0.4832213875211002,0.2984255467068871,0.2938749693667614,33.5,3.657445329311288,10.917747251675486,1.8531180442227009
frame_598,0,170,19,0,False,False,True,2.1666666666666665,True,False,[],[   -0.45991     -0.1403     0.87681],45.84817730964525,173.62624264588632,0.9489961649509286,0.0603071669621857,0.0,33.5,27.469283303781427,81.99786060830276,2.139438336895358
frame_598,0,85,2,1,True,False,True,4.391129439661838,,False,[],,,,,,,33.5,,,
frame_599,0,255,2,1,True,False,True,4.3224373637376265,,False,[],,,,,,,33.5,,,
frame_600,0,255,2,1,True,False,True,4.2550281328614545,,False,[],,,,,,,33.5,,,
frame_601,0,255,2,1,True,False,True,4.233387735356958,,False,[],,,,,,,33.5,,,
frame_602,0,255,2,1,True,False,True,4.21537230320565,,False,[],,,,,,,33.5,,,
frame_603,0,255,2,1,True,False,True,4.39062475057194,,False,[],,,,,,,33.5,,,
frame_604,0,255,2,1,True,False,True,3.979436424278394,,False,[],,,,,,,33.5,,,
frame_605,0,255,2,1,True,False,True,4.486440554409951,,False,[],,,,,,,33.5,,,
frame_606,0,255,2,1,True,False,True,4.317708521685026,,False,[],,,,,,,33.5,,,
frame_607,0,255,2,1,True,False,True,4.3416151508699645,,False,[],,,,,,,33.5,,,
frame_608,0,255,2,1,True,False,True,4.380235245943843,,False,[],,,,,,,33.5,,,
frame_609,0,255,7,1,False,False,True,4.65643479496225,True,True,[],[   -0.46245     0.18949     0.86616],9.878570056228275,-8.594226931320195,1.2422536828591484,0.2952789527480348,0.2942322342572772,33.5,3.972104725196518,11.857029030437364,1.86537666979951
frame_609,0,127,2,1,True,False,True,4.338564935175025,,False,[],,,,,,,33.5,,,
frame_610,0,255,7,1,False,False,True,4.520709992552098,True,True,[],[   -0.45882     0.19613     0.86661],10.511525114625538,-6.878266218456546,1.239509407554332,0.2867696708871573,0.2818368171729724,33.5,4.82303291128427,14.397113168012746,1.856769640734628
frame_610,0,127,2,1,True,False,True,4.514728898059529,,False,[],,,,,,,33.5,,,
frame_611,0,255,7,1,False,False,True,4.4646227322214065,True,True,[],[   -0.35601     0.17694     0.91758],13.51852907058818,-4.899420067126541,1.3460567259799987,0.2897600160900309,0.2863263175564765,33.5,4.523998390996914,13.50447280894601,1.8613741238267136
frame_611,0,127,2,1,True,False,True,4.500000383905985,,False,[],,,,,,,33.5,,,
frame_612,0,255,2,1,True,False,True,4.181283054866617,,False,[],,,,,,,33.5,,,
frame_613,0,255,2,1,True,False,True,4.0966247180453665,,False,[],,,,,,,33.5,,,
frame_614,0,255,2,1,True,False,True,4.2164650005976,,False,[],,,,,,,33.5,,,
frame_615,0,255,2,1,True,False,True,3.750970420522961,,False,[],,,,,,,33.5,,,
frame_616,0,255,2,1,True,False,True,3.776868833632045,,False,[],,,,,,,33.5,,,
frame_617,0,255,2,1,True,False,True,4.3650387671182775,,False,[],,,,,,,33.5,,,
frame_618,0,255,2,1,True,False,True,3.943681304281823,,False,[],,,,,,,33.5,,,
frame_619,0,255,2,1,True,False,True,4.205088682404615,,False,[],,,,,,,33.5,,,
frame_620,0,255,2,1,True,False,True,4.028740093827492,,False,[],,,,,,,33.5,,,
frame_621,0,255,2,1,True,False,True,4.082792983384339,,False,[],,,,,,,33.5,,,
frame_622,0,255,2,1,True,False,True,4.320512441805059,,False,[],,,,,,,33.5,,,
frame_623,0,255,2,1,True,False,True,4.309803999704067,,False,[],,,,,,,33.5,,,
frame_624,0,255,19,1,False,False,True,2.1666666666666665,True,True,[],[   -0.45789    -0.17698     0.87121],18.958158776829784,-11.180912866836268,0.9202053887230854,0.0548998173291872,0.0602197274866459,33.5,28.01001826708128,83.61199482710829,2.1028483521479826
frame_624,0,127,2,1,True,False,True,4.218234168128045,,False,[],,,,,,,33.5,,,
frame_625,0,255,2,1,True,False,True,4.175384176166341,,False,[],,,,,,,33.5,,,
frame_626,0,255,2,1,True,False,True,3.8524035735536444,,False,[],,,,,,,33.5,,,
frame_627,0,255,2,1,True,False,True,3.814918869110752,,False,[],,,,,,,33.5,,,
frame_628,0,255,2,1,True,False,True,3.9824563577805185,,False,[],,,,,,,33.5,,,
frame_629,0,255,7,1,False,False,True,4.148997461266664,True,True,[],[   -0.31898     0.22082     0.92168],15.553625667777526,-3.46057146809034,1.4227889727868352,0.2667276468771437,0.2637733920508752,33.5,6.827235312285628,20.37980690234516,1.886418570769696
frame_629,0,127,2,1,True,False,True,3.6600000955537655,,False,[],,,,,,,33.5,,,
frame_630,0,255,7,1,False,False,True,4.259529761019203,True,True,[],[   -0.35661      0.2103     0.91028],15.95420127456809,-4.171018746028721,1.43377828575294,0.2660163639702056,0.2647545638825426,33.5,6.898363602979435,20.59213015814757,1.8838939535240355
frame_630,0,127,2,1,True,False,True,3.8243974869326074,,False,[],,,,,,,33.5,,,
frame_631,0,255,7,1,False,False,True,3.96204212455057,True,True,[],[   -0.31872     0.22453     0.92087],10.34527610445772,-5.431123586870162,1.4113228063715515,0.2700171556569516,0.2641328803770144,33.5,6.498284434304841,19.397863982999525,1.8887315645999436
frame_631,0,127,2,1,True,False,True,4.041051292030592,,False,[],,,,,,,33.5,,,
frame_632,0,255,7,1,False,False,True,4.154878058046586,True,True,[],[   -0.32953     0.22135     0.91783],12.904897226534944,-4.6290449052196125,1.4156092078148237,0.2716571329020109,0.2658629702900592,33.5,6.334286709798914,18.90831853671318,1.887532588184958
frame_632,0,127,2,1,True,False,True,4.169555095997276,,False,[],,,,,,,33.5,,,
frame_633,0,255,7,1,False,False,True,4.2920962407073695,True,True,[],[   -0.35376      0.2103     0.91139],9.067029812916138,-4.747386245126518,1.398306139279611,0.272232182003171,0.2687940949539458,33.5,6.276781799682901,18.736662088605677,1.8906363959033643
frame_633,0,127,2,1,True,False,True,4.038095467167674,,False,[],,,,,,,33.5,,,
frame_634,0,255,7,1,False,False,True,4.006069881270553,True,True,[],[   -0.30095     0.22241     0.92734],12.399209179840287,-3.559777839957637,1.4401017152682234,0.2676894850365439,0.2647195844882469,33.5,6.731051496345608,20.09269103386749,1.8873743097236535
frame_634,0,127,2,1,True,False,True,4.151729608243844,,False,[],,,,,,,33.5,,,
frame_635,0,255,7,1,False,False,True,4.194897144677308,True,True,[],[   -0.31854      0.1852     0.92964],15.292292151492692,-2.510431544681365,1.398963022269389,0.2676977162974329,0.2623630370582435,33.5,6.730228370256707,20.0902339410648,1.8865765367737863
frame_635,0,127,2,1,True,False,True,4.614679067184566,,False,[],,,,,,,33.5,,,
frame_636,0,255,7,1,False,False,True,4.062921259991848,True,True,[],[   -0.31651     0.20765     0.92558],15.339672537841372,-1.086334499903718,1.4141662507093713,0.2669388826874631,0.263736728033167,33.5,6.806111731253689,20.316751436578176,1.889216793729113
frame_636,0,127,2,1,True,False,True,4.226666225960291,,False,[],,,,,,,33.5,,,
frame_637,0,255,7,1,False,False,True,4.011299278164811,True,True,[],[    -0.3429     0.19977     0.91788],12.201341293594194,-0.911448310397129,1.393732873390501,0.254723087727388,0.2513310702922312,33.5,8.027691227261203,23.96325739480956,1.8882408154921848
frame_637,0,127,2,1,True,False,True,4.293054345925513,,False,[],,,,,,,33.5,,,
frame_638,0,255,7,1,False,False,True,4.393724324833007,True,True,[],[   -0.35744     0.20145     0.91195],14.453338310810244,1.0229465561641238,1.3943157400135076,0.269940168977463,0.2660031493894845,33.5,6.5059831022536985,19.42084508135432,1.8955604288806307
frame_638,0,127,2,1,True,False,True,4.336842405008517,,False,[],,,,,,,33.5,,,
frame_639,0,255,7,1,False,False,True,4.538461538461538,True,True,[],[   -0.42615      0.1829     0.88597],7.833142245962015,1.0362447436564075,1.3975108201884516,0.2838628960021007,0.2742163490909134,33.5,5.113710399789934,15.26480716355204,1.89610727603198
frame_639,0,127,2,1,True,False,True,4.501566934460745,,False,[],,,,,,,33.5,,,
frame_640,0,255,7,1,False,False,True,4.8,True,True,[],[   -0.36329     0.20501     0.90884],10.428938729133671,1.3014565837847003,1.4253522524901108,0.2733652795356098,0.2674732430121685,33.5,6.163472046439017,18.398424019220947,1.8975699438694345
frame_640,0,127,2,1,True,False,True,4.494506099642796,,False,[],,,,,,,33.5,,,
frame_641,0,255,7,1,False,False,True,4.6923076923076925,True,True,[],[   -0.38968     0.20191     0.89854],10.808728297001531,2.309266478876129,1.4107760947752406,0.2716756003881311,0.2700544240445018,33.5,6.332439961186892,18.902805854289227,1.896398483776525
frame_641,0,127,2,1,True,False,True,4.404977723098861,,False,[],,,,,,,33.5,,,
frame_642,0,255,7,1,False,False,True,4.421831560197483,True,True,[],[   -0.38835     0.19028     0.90165],12.37014772781053,4.150164254700362,1.4224778662677555,0.282434527731935,0.2811586395515537,33.5,5.2565472268064966,15.691185751661182,1.892608292948892
frame_642,0,127,2,1,True,False,True,4.113989662680636,,False,[],,,,,,,33.5,,,
frame_643,0,255,7,1,False,False,True,4.422413573991581,True,True,[],[   -0.31229     0.21734     0.92479],16.79771740404489,5.912365786321722,1.363974424659613,0.2896901404478392,0.2900957425372739,33.5,4.530985955216077,13.52533120960023,1.9010432305043203
frame_643,0,127,2,1,True,False,True,4.073298274758039,,False,[],,,,,,,33.5,,,
frame_644,0,255,7,1,False,False,True,4.414743097990214,True,True,[],[   -0.29077     0.21736     0.93178],17.179274009134286,5.906426008266522,1.39261530159602,0.2874855997102165,0.287732031256502,33.5,4.751440028978349,14.18340307157716,1.8954932404782825
frame_644,0,127,2,1,True,False,True,3.8172641594520287,,False,[],,,,,,,33.5,,,
frame_645,0,255,7,1,False,False,True,4.555555555555555,True,True,[],[   -0.28335     0.21718      0.9341],18.936851855819583,5.815098973733724,1.3957951528299537,0.2885477044748727,0.2893014746149384,33.5,4.645229552512731,13.86635687317233,1.8972988714138277
frame_645,0,127,2,1,True,False,True,4.0730251826279185,,False,[],,,,,,,33.5,,,
frame_646,0,255,7,1,False,False,True,4.481481481481482,True,True,[],[   -0.31605     0.21216     0.92472],18.930749463925803,5.561356573524442,1.385050034735226,0.2804825625891816,0.2816992044086057,33.5,5.451743741081844,16.273861913677145,1.900212778743491
frame_646,0,127,2,1,True,False,True,3.9129773346016337,,False,[],,,,,,,33.5,,,
frame_647,0,255,7,1,False,False,True,4.518518518518518,True,True,[],[   -0.39807     0.19659     0.89604],19.97606795260206,4.92381567769506,1.3627267676893369,0.2730005826361862,0.2692613745927261,33.5,6.199941736381382,18.50728876531756,1.8990263706938848
frame_647,0,127,2,1,True,False,True,3.9718310600986033,,False,[],,,,,,,33.5,,,
frame_648,0,255,7,1,False,False,True,4.555555555555555,True,True,[],[   -0.40377     0.19275     0.89433],13.172017732808692,2.118145822637513,1.4022619158222835,0.2819885361310222,0.2721996726109507,33.5,5.301146386897776,15.824317572829184,1.9017727504148887
frame_648,0,127,2,1,True,False,True,3.7741176470588234,,False,[],,,,,,,33.5,,,
frame_649,0,255,7,1,False,False,True,4.555555555555555,True,True,[],[    -0.3324     0.20348     0.92093],18.046326423330697,3.8140020877141367,1.364609852326304,0.2872838652780385,0.2850707173804242,33.5,4.771613472196151,14.243622305063136,1.8991425146190908
frame_650,0,255,2,1,True,False,True,3.643130077946228,,False,[],,,,,,,33.5,,,
frame_651,0,255,7,1,False,False,True,4.2592592592592595,True,True,[],[   -0.29143      0.2119     0.93283],16.22419514622471,2.1722504196917427,1.3990016912591683,0.2738355870685385,0.2751557092209989,33.5,6.1164412931461465,18.25803371088402,1.9019650731767928
frame_651,0,127,2,1,True,False,True,3.218556957816884,,False,[],,,,,,,33.5,,,
frame_656,0,255,7,1,False,False,True,3.838709677419355,True,True,[],[   -0.29727     0.21643     0.92994],19.932050786862973,9.531640801976812,1.4475855091389604,0.2877967366422687,0.2884039740749085,33.5,4.720326335773134,14.090526375442192,1.897640628286149
frame_657,0,255,7,1,False,False,True,3.861285097107453,True,True,[],[   -0.29552     0.22508     0.92844],20.82328966830797,8.193022437906956,1.4099024905115485,0.2822403495305321,0.2847582024626135,33.5,5.27596504694679,15.749149393871017,1.8991355311870572
frame_658,0,255,7,1,False,False,True,4.214285714285714,True,True,[],[   -0.25987     0.21535     0.94133],23.040845630443343,6.514227071145499,1.4118095982206038,0.2818559533290838,0.2856737142836252,33.5,5.314404667091621,15.863894528631702,1.89797641989508
frame_659,0,255,7,1,False,False,True,4.178571428571429,True,True,[],[   -0.34032     0.20616     0.91743],19.62311602190773,2.221128064065292,1.411480325524225,0.2735734668015005,0.2629871865288896,33.5,6.14265331984995,18.336278566716267,1.90474196826442
frame_660,0,255,7,1,False,False,True,3.9736673798044047,True,True,[],[   -0.28935     0.20672     0.93464],22.49556042695536,0.8407455120037896,1.4403148582586882,0.2772144785845415,0.2790017028250573,33.5,5.778552141545851,17.24940937774881,1.897204671791586
frame_663,0,255,7,1,False,False,True,3.9,True,True,[],[   -0.23679     0.21089      0.9484],22.536296500702576,-0.0764116600306717,1.4232645166351197,0.2816690798832883,0.2840972385759818,33.5,5.3330920116711695,15.91967764677961,1.8981126949726008
