frame_id,class_name,object_id,track_id,is_3D_complete,in_image_borders,does_overlap,is_front_fish,aspect_ratio,fish_3d_ok,overlapping_fish_ids,fish_direction,elevation_deg,azimuth_deg,raw_length,filtered_length,spine_length,gt,abs_error_cm,rel_error_%,fish_dist_from_camera
frame_0,0,255,1,-1,False,False,True,2.323529453765719,False,[],,68.24236331889712,-143.37885387516636,-1,0.2894497054860829,0.292668241321712,28.9,0.0449705486082974,0.1556074346307869,1.7804548950756298
frame_1,0,255,1,-1,False,False,True,2.4701751265375367,False,[],,64.54114786113797,-131.41271190383927,-1,0.258784908945141,0.2427428724665664,28.9,3.021509105485892,10.455048807909662,1.7196059823036194
frame_2,0,255,1,-1,False,False,True,2.666666993624085,False,[],,-1.0,-1.0,-1,-1.0,0.2242588574814375,28.9,,,1.916531713815724
frame_3,0,255,1,-1,False,False,True,2.8492645158936916,False,[],,37.58949461818221,-131.43320666091105,-1,0.1654550587835821,0.1778886199335611,28.9,12.354494121641784,42.74911460775704,1.88744379373992
frame_4,0,255,1,-1,False,False,True,2.5728810569376406,False,[],,44.83191713278095,-155.39300083858328,-1,0.1495330258646838,0.1491398031690523,28.9,13.946697413531613,48.25846855893292,1.8638834311411927
frame_5,0,255,1,-1,False,False,True,2.3142857451131236,False,[],,67.72120565859768,-145.4935714421721,-1,0.2771265102168934,0.2863456230365626,28.9,1.1873489783106594,4.108473973393285,1.7699057551711916
frame_6,0,255,1,-1,False,False,True,2.624277243614583,False,[],,64.5206153559878,-148.0568681587847,-1,0.2917215483712532,0.295723338959317,28.9,0.2721548371253213,0.941712239187963,1.7578389617559071
frame_7,0,255,1,-1,False,False,True,2.572034010428426,False,[],,54.94885180127576,-140.51962147056022,-1,0.1523179511505996,0.1521779117747067,28.9,13.668204884940032,47.29482659148801,1.6947170710463904
frame_8,0,255,1,-1,False,False,True,2.5030675866932097,False,[],,74.6042984799786,-140.58317415355305,-1,0.2932951289434451,0.3202616317736487,28.9,0.4295128943445137,1.486203786659217,1.8316190411046165
frame_9,0,255,1,-1,False,False,True,2.4473282520824933,False,[],,68.14738946014916,-147.01441910429654,-1,0.285655685818625,0.3052035052905455,28.9,0.3344314181374985,1.157202138884078,1.7728420412289343
frame_10,0,255,1,-1,False,False,True,2.5967743381112864,False,[],,63.73671802136866,-134.97149581468918,-1,0.3007870768313978,0.3074124405059291,28.9,1.1787076831397847,4.07857329806154,1.7411169042728218
frame_11,0,255,1,-1,False,False,True,2.470587969019478,False,[],,63.37978548040165,-143.5527143237953,-1,0.2698819533773786,0.2638330555166956,28.9,1.9118046622621343,6.615241045889738,1.7633097433049592
frame_12,0,255,1,-1,False,False,True,2.5482455856167268,False,[],,57.5818356861255,-145.43013790398803,-1,0.2780946028603945,0.1650919292072335,28.9,1.0905397139605422,3.773493819932672,1.6959089160934695
frame_13,0,255,1,-1,False,False,True,2.3207237649459396,False,[],,57.34305755236222,-151.07240003204402,-1,0.1580492224965943,0.1587214222332165,28.9,13.09507775034056,45.31168771744139,1.693528727573507
frame_14,0,255,1,-1,False,False,True,2.4588743383408813,False,[],,66.29766883792882,-140.41608558669245,-1,0.2969564323631659,0.333255264191403,28.9,0.7956432363165955,2.7530907831024067,1.758237044180213
frame_15,0,255,1,-1,False,False,True,2.505494568609502,False,[],,66.02335486211231,-149.91872183680076,-1,0.2939578075795799,0.301552496875101,28.9,0.495780757957992,1.7155043527958205,1.7616637531548631
frame_16,0,255,1,-1,False,False,True,2.5340265600994565,False,[],,62.81728166772155,-143.60349725950522,-1,0.2812071194528152,0.2840804933837583,28.9,0.77928805471848,2.696498459233495,1.762668229960188
frame_17,0,255,1,-1,False,False,True,2.405994454158498,False,[],,59.90915723066356,-142.85460562259746,-1,0.2579392883454887,0.2685180878561936,28.9,3.106071165451124,10.74765109152638,1.7504318908661751
frame_18,0,255,1,-1,False,False,True,2.4394904168695866,False,[],,60.12435128076444,-140.74635830930242,-1,0.3000098180271429,0.3012787116146828,28.9,1.1009818027142904,3.8096256149283407,1.7530611666641922
frame_19,0,255,1,-1,False,False,True,2.4315634495317484,False,[],,60.970040108522326,-142.30707450938857,-1,0.2907830714271997,0.2905699506904796,28.9,0.1783071427199745,0.6169797325950674,1.750676435095596
frame_20,0,255,1,-1,False,False,True,2.4911997702664603,False,[],,58.48238832569305,-144.81590453954772,-1,0.2898024205077212,0.2932007489315814,28.9,0.0802420507721224,0.2776541549208389,1.7447122556496395
frame_21,0,255,1,-1,False,False,True,2.331275944649246,False,[],,-31.788065999718363,34.019159670858734,-1,0.1667891874643483,0.1629975529071624,28.9,12.221081253565163,42.28747838603863,1.7020863794725996
frame_22,0,255,1,-1,False,False,True,2.3394660679484858,False,[],,-28.25974942126755,37.24328701375767,-1,0.1582471112167363,0.1696453571811727,28.9,13.075288878326369,45.24321411185595,1.7088030221568358
frame_23,0,255,1,-1,False,False,True,2.0759975052507604,False,[],,47.19082119403681,-156.34590330633412,-1,0.2218544041029233,0.2401753029301055,28.9,6.714559589707664,23.233770206600912,1.7265652892320975
frame_24,0,255,1,-1,False,False,True,1.9903146586019314,False,[],,-21.53059815215136,20.260973987314355,-1,0.1900697805858666,0.1986524831357506,28.9,9.893021941413332,34.23190983188004,1.7257337037792158
frame_25,0,255,1,-1,False,False,True,2.30991464488096,False,[],,-6.297649101655443,16.002881469869063,-1,0.1790435189214591,0.1760667528347198,28.9,10.99564810785408,38.04722528669232,1.723656874185607
frame_26,0,255,1,-1,False,False,True,2.548043052179321,False,[],,-18.90961302582593,19.064426666112595,-1,0.2183035356334506,0.2427387195866943,28.9,7.069646436654936,24.462444417491128,1.730966685763044
frame_27,0,255,1,-1,False,False,True,2.616071518006326,False,[],,-31.40186838575944,17.86330761109982,-1,0.2423816627870119,0.2726235837682012,28.9,4.661833721298808,16.130912530445705,1.7444875944744458
frame_28,0,255,1,-1,False,False,True,2.9644271195683554,False,[],,-25.3586798504352,16.05989744596446,-1,0.2676512064503443,0.2924339505732976,28.9,2.134879354965564,7.387125795728592,1.7465673474818773
frame_29,0,255,1,-1,False,False,True,3.0085602533221,False,[],,-23.148427433254323,17.32251682190608,-1,0.2705213095326184,0.2885073688829512,28.9,1.8478690467381544,6.394010542346555,1.7486295618861298
frame_30,0,255,1,-1,False,False,True,3.1010557905700735,False,[],,-20.173193491796304,16.113380897484394,-1,0.2642664707237259,0.2653187814508512,28.9,2.473352927627409,8.558314628468542,1.7549432099084734
frame_31,0,255,1,-1,False,False,True,3.433652515806391,False,[],,-12.491122949718443,14.50707115926443,-1,0.2696367601549826,0.2726356072391876,28.9,1.9363239845017368,6.700082991355489,1.7459373202075366
frame_32,0,255,1,-1,False,False,True,3.4973888272749774,False,[],,-14.866453125476914,15.131682505239088,-1,0.287738309822477,0.2965388300969265,28.9,0.1261690177522978,0.4365709956826914,1.7516610824065253
frame_33,0,255,1,-1,False,False,True,3.518647197679774,False,[],,-11.428269302357814,14.211726323308152,-1,0.2862050704157853,0.2948765717886872,28.9,0.2794929584214622,0.9671036623580008,1.744879330973175
frame_34,0,255,1,-1,False,False,True,3.458991073871238,False,[],,-11.179895421257571,14.970200034099356,-1,0.2868090443229127,0.283833437203449,28.9,0.2190955677087269,0.7581161512412697,1.7484581505730203
frame_35,0,255,1,-1,False,False,True,3.4315337177368637,False,[],,-11.233685240610628,14.722779309730909,-1,0.2743288607435989,0.2781918756500792,28.9,1.467113925640107,5.0765187738412,1.7490865426151487
frame_36,0,255,1,-1,False,False,True,3.473068031226556,False,[],,-9.017385694718485,14.093465260984814,-1,0.2671139163337369,0.387709328062109,28.9,2.1886083666263048,7.573039330886868,1.74481087553547
frame_37,0,255,1,-1,False,False,True,3.4307689700233284,False,[],,15.185547724482008,10.622935386560185,-1,0.223754932640618,0.2230710405969997,28.9,6.524506735938196,22.57614787521868,1.7310408434273434
frame_38,0,255,1,-1,False,False,True,3.561700070776373,False,[],,-1.0,-1.0,-1,-1.0,0.426626718786346,28.9,,,1.7547111867942455
frame_39,0,255,1,-1,False,False,True,3.6535808566377206,False,[],,13.536325240429475,10.254490334040591,-1,0.2763010169504877,0.3066867379506333,28.9,1.2698983049512225,4.39411178183814,1.7376261732184872
frame_40,0,255,1,-1,False,False,True,3.5756030269746524,False,[],,13.706479429476804,11.07298325658748,-1,0.2648164157974455,0.2697477310355511,28.9,2.418358420255445,8.368022215416765,1.7359854209002326
frame_41,0,255,1,-1,False,False,True,3.371579755937358,False,[],,12.092798695766884,8.470252931824678,-1,0.2898987229532859,0.3035632010282204,28.9,0.0898722953285968,0.3109768004449718,1.7440696246972245
frame_42,0,255,1,-1,False,False,True,3.698967629600473,False,[],,17.337471289075808,6.998961570838969,-1,0.2956820967892728,0.2845871739119931,28.9,0.668209678927284,2.312144217741467,1.7475532764948687
frame_43,0,255,1,-1,False,False,True,3.8021979829309824,False,[],,17.01426948384232,6.989974426924486,-1,0.2915485228604529,0.278301442816334,28.9,0.2548522860452984,0.881841820225946,1.7536385524511868
frame_44,0,255,1,-1,False,False,True,3.624293975918623,False,[],,12.283808047325245,5.716644209410158,-1,0.2589207540333032,0.2545012189788279,28.9,3.0079245966696755,10.408043587092305,1.7611365917940427
frame_45,0,255,1,-1,False,False,True,3.566666666666667,False,[],,8.18853889293553,6.099278694987746,-1,0.2737892381290709,0.2797626119676917,28.9,1.5210761870929068,5.26323940170556,1.7773481602222378
frame_46,0,255,1,-1,False,False,True,3.7241379310344827,False,[],,0.6988422022807105,4.503840749676927,-1,0.2656961919216191,0.2697689190798286,28.9,2.3303808078380897,8.063601411204463,1.7808725790516151
frame_47,0,255,1,-1,False,False,True,3.7396674280322846,False,[],,-9.166881568804245,4.300622249380617,-1,0.2966888598554765,0.2960526517176348,28.9,0.7688859855476571,2.660505140303312,1.7830091395280645
frame_48,0,255,1,-1,False,False,True,3.6333333333333333,False,[],,-0.8307433139215005,3.661160829850808,-1,0.2743027453381726,0.2722832605885596,28.9,1.4697254661827364,5.085555246307046,1.7796774499882888
frame_49,0,255,1,-1,False,False,True,3.892857142857143,False,[],,-2.3774128965424377,2.26765766951228,-1,0.2681319751234927,0.2913698806480403,28.9,2.0868024876507296,7.220769853462733,1.774554322288109
frame_50,0,255,1,-1,False,False,True,3.9642857142857144,False,[],,-2.78557556117108,2.374404364282616,-1,0.2779547592487654,0.2681858230446068,28.9,1.1045240751234586,3.82188261288394,1.7733407673332515
frame_51,0,255,1,-1,False,False,True,3.9285714285714284,False,[],,-4.411824706036351,2.0624799999163894,-1,0.27433067579148,0.2615593270708687,28.9,1.4669324208519907,5.075890729591664,1.7714901978786337
frame_52,0,255,1,-1,False,False,True,4.111111111111111,False,[],,-3.213502505499635,1.5771923795356817,-1,0.272232986228384,0.2751293803992145,28.9,1.676701377161599,5.801734869071278,1.773711344009996
frame_53,0,255,1,-1,False,False,True,3.9285714285714284,False,[],,-3.970230737200509,1.4538146299696773,-1,0.2676531589413978,0.2755313463685615,28.9,2.1346841058602184,7.386450193287954,1.7747151865135746
frame_54,0,255,1,-1,False,False,True,3.892857142857143,False,[],,-4.33648900023014,1.764801262049613,-1,0.2737598088057819,0.2801371246995006,28.9,1.5240191194218045,5.273422558552957,1.7742992832118094
frame_55,0,255,1,-1,False,False,True,4.0,False,[],,-9.609730455559744,0.7417871293147382,-1,0.2734340968532509,0.26900528843643,28.9,1.5565903146749105,5.38612565631457,1.7727980159846015
frame_56,0,255,1,-1,False,False,True,3.7857142857142856,False,[],,-10.253001083797896,1.8807476314477785,-1,0.2784110804340864,0.2549121226835428,28.9,1.0588919565913513,3.663986008966614,1.772813922131491
frame_57,0,255,1,-1,False,False,True,3.6206896551724137,False,[],,-10.84026949842611,3.496652300824483,-1,0.267267144589204,0.2668104030113391,28.9,2.1732855410796006,7.520019173285815,1.766419124702982
frame_58,0,255,1,-1,False,False,True,3.6551724137931036,False,[],,-1.0,-1.0,-1,-1.0,0.3771988682838222,28.9,,,1.7771914398248216
frame_59,0,255,1,-1,False,False,True,3.75,False,[],,-14.22450633328131,2.4107235363328923,-1,0.2696718526431593,0.2807493900083676,28.9,1.9328147356840688,6.687940261882591,1.7729039482700546
frame_60,0,255,1,-1,False,False,True,3.6206896551724137,False,[],,-18.52108852783697,2.581247906018698,-1,0.2880937756184033,0.323806461613208,28.9,0.0906224381596654,0.3135724503794651,1.7681545055378365
frame_61,0,255,1,-1,False,False,True,3.6551724137931036,False,[],,-1.0,-1.0,-1,-1.0,0.3415084339011522,28.9,,,1.7787600752042796
frame_62,0,255,1,-1,False,False,True,3.689655172413793,False,[],,-18.975514481664863,3.0832002295708127,-1,0.3041553007695433,0.3682052778722928,28.9,1.5155300769543356,5.244048709184552,1.7788212930175924
frame_63,0,255,1,-1,False,False,True,3.6551724137931036,False,[],,-24.08573390303008,4.70546672425939,-1,0.2958834294895437,0.3053111023709966,28.9,0.6883429489543735,2.381809511952849,1.777049601365979
frame_64,0,255,1,-1,False,False,True,3.5833335554430343,False,[],,-18.85136131201132,5.603752658215276,-1,0.290612650723945,0.362579612099247,28.9,0.1612650723945008,0.5580106311228403,1.770745182316532
frame_65,0,255,1,-1,False,False,True,3.466666666666667,False,[],,-23.049613167989136,5.036057263843301,-1,0.3052780810250798,0.3808099877443898,28.9,1.6278081025079827,5.632553987916896,1.7716300775555858
frame_66,0,255,1,-1,False,False,True,3.5,False,[],,-27.32329570072676,5.217715630824833,-1,0.3046795150901185,0.3219729247277348,28.9,1.56795150901185,5.425437747445849,1.7695400662554948
frame_67,0,255,1,-1,False,False,True,3.689655172413793,False,[],,-31.88751095379292,4.8371471762201965,-1,0.3146152023278618,0.3294783988109049,28.9,2.5615202327861795,8.86339180894872,1.7777990141802438
frame_68,0,255,1,-1,False,False,True,3.6653620023042803,False,[],,-26.126672559677427,4.322617336466792,-1,0.2788314966997783,0.2711077054466685,28.9,1.016850330022162,3.518513252671841,1.7699074501021672
frame_69,0,255,1,-1,False,False,True,3.6439687897307285,False,[],,-26.54259133120667,5.000554142415286,-1,0.2689113630034262,0.270394946478403,28.9,2.0088636996573763,6.951085465942479,1.7718580954690517
frame_70,0,255,1,-1,False,False,True,3.6086959764621365,False,[],,-26.68517454032377,5.816032932662676,-1,0.2939730862669703,0.2709310302415264,28.9,0.4973086266970294,1.7207910958374724,1.770729979256836
frame_71,0,255,1,-1,False,False,True,3.779635137250066,False,[],,-33.632993435899174,6.8897685695711655,-1,0.326868935831504,0.3690741766139342,28.9,3.786893583150402,13.103438003980632,1.7856583221963895
frame_72,0,255,1,-1,False,False,True,3.7219914918195016,False,[],,-35.66970423434237,6.079227815012179,-1,0.3607485711330734,0.3786167281370929,28.9,7.174857113307348,24.82649520175553,1.7786882203358871
frame_73,0,255,1,-1,False,False,True,3.5517241379310347,False,[],,-23.12460245030321,5.400545218685449,-1,0.2766017906727216,0.2616664490970722,28.9,1.2398209327278364,4.290037829508084,1.762228215074418
frame_74,0,255,1,-1,False,False,True,3.586206896551724,False,[],,-35.55009123466243,7.760460624318699,-1,0.3057168151771906,0.314304793423693,28.9,1.6716815177190647,5.784365113214758,1.7791382563792593
frame_75,0,255,1,-1,False,False,True,3.5,False,[],,-27.117271497337725,5.84625448075467,-1,0.2893871342180579,0.2967057841991974,28.9,0.0387134218057971,0.1339564768366684,1.7683104194523582
frame_76,0,255,1,-1,False,False,True,3.7680249637060106,False,[],,-35.702187614529365,8.785521299292759,-1,0.3273775303909813,0.3249605692566407,28.9,3.83775303909813,13.279422280616366,1.7879418827959748
frame_77,0,255,1,-1,False,False,True,3.8754865602624586,False,[],,-22.529451337267485,5.525857647560112,-1,0.2961058012870575,0.2863543954773817,28.9,0.7105801287057567,2.458754770608155,1.7607938960742322
frame_78,0,255,1,-1,False,False,True,3.918366908824897,False,[],,-37.80823836097023,8.609918484055807,-1,0.3808756451145837,0.3648029496377187,28.9,9.187564511458374,31.790880662485726,1.791205451817177
frame_79,0,255,1,-1,False,False,True,3.663366426248348,False,[],,-35.60547466373772,8.6144988068644,-1,0.3010215921153263,0.3303920500701927,28.9,1.202159211532633,4.159720455130218,1.7819863678012764
frame_80,0,255,1,-1,False,False,True,3.9454731359493023,False,[],,-37.69820628351738,10.390722684100403,-1,0.3468443721935978,0.3487082140366828,28.9,5.7844372193597895,20.015353700206884,1.786829054909076
frame_81,0,255,1,-1,False,False,True,3.8155845795887893,False,[],,-35.47203416735635,8.879558812241491,-1,0.3208903431195059,0.3651502994141582,28.9,3.1890343119505946,11.034720802597214,1.779342568092055
frame_82,0,255,1,-1,False,False,True,3.495184368892424,False,[],,-26.020840290300967,7.955272828620231,-1,0.2720381099426602,0.2726863954532735,28.9,1.696189005733978,5.8691661098061525,1.7553269767383644
frame_83,0,255,1,-1,False,False,True,3.3548387096774195,False,[],,-26.99016004251901,7.006415902639401,-1,0.278339477059158,0.2778130836650452,28.9,1.066052294084191,3.688762263267097,1.7624211579315947
frame_84,0,255,1,-1,False,False,True,3.5148513429639068,False,[],,-36.91176556329359,9.430583966463516,-1,0.3016407826049193,0.3442964525437721,28.9,1.2640782604919354,4.373973219695278,1.7741604769626518
frame_85,0,255,1,-1,False,False,True,3.3623189624661403,False,[],,-38.46928830705123,7.487293061831511,-1,0.290231986849504,0.3123071968354659,28.9,0.123198684950404,0.4262930275100487,1.7781444227729557
frame_86,0,255,1,-1,False,False,True,3.6734694799818985,False,[],,-29.388669858821984,5.912767449031246,-1,0.3056061049423061,0.3112325477724338,28.9,1.6606104942306132,5.74605707346233,1.7798702910010304
frame_87,0,255,1,-1,False,False,True,3.6478869939703658,False,[],,-27.200834084747417,5.322408996893387,-1,0.2928746346261712,0.3056205080549985,28.9,0.3874634626171269,1.3407040228966332,1.7796405764555625
frame_88,0,255,1,-1,False,False,True,3.6650943507257625,False,[],,-43.88636845011689,8.913025514671618,-1,0.3004926694864085,0.3354050653579524,28.9,1.1492669486408535,3.976702244432019,1.799207675982195
frame_89,0,255,1,-1,False,False,True,3.4881303603512337,False,[],,-32.48035310699633,5.240942163914004,-1,0.3173386440219714,0.3136533357420807,28.9,2.833864402197145,9.805759177152751,1.7819426743029017
frame_90,0,255,1,-1,False,False,True,3.4166666666666665,False,[],,45.25345227339196,-171.65664382830528,-1,0.3198198584859069,0.3716155090873627,28.9,3.0819858485906906,10.664310894777476,1.7983084062378714
frame_91,0,255,1,-1,False,False,True,3.121212121212121,False,[],,-41.64059397822585,7.858051328351136,-1,0.3222519497266052,0.3302447682464521,28.9,3.3251949726605226,11.505864957302848,1.7888620459080369
frame_92,0,255,1,-1,False,False,True,3.426269301147739,False,[],,-39.70924772094019,8.442302419650362,-1,0.3230813861288161,0.3263212520259831,28.9,3.408138612881612,11.792867172600731,1.788325496935175
frame_93,0,255,1,-1,False,False,True,3.225806451612903,False,[],,-34.30840329101404,6.584361728008131,-1,0.2981265548420637,0.3120407211936921,28.9,0.912655484206376,3.1579774540013017,1.7771900654953217
frame_94,0,255,1,-1,False,False,True,3.262003973793367,False,[],,-29.12731855155309,5.927741174350726,-1,0.2710589341204852,0.27009147356954,28.9,1.7941065879514773,6.207981273188503,1.7606276794711453
frame_95,0,255,1,-1,False,False,True,3.240487185866791,False,[],,-38.20260842786033,6.054482090973009,-1,0.2873355500738946,0.3026405243087762,28.9,0.1664449926105315,0.5759342304862686,1.7802112067955127
frame_96,0,255,1,-1,False,False,True,3.2,False,[],,-31.737856156968668,5.748624048968969,-1,0.2712788413456948,0.2739399315343777,28.9,1.772115865430518,6.131888807718056,1.7746560001504652
frame_97,0,255,1,-1,False,False,True,3.15625,False,[],,45.13253137473917,-172.00929541737926,-1,0.3337891730628133,0.3323420583642482,28.9,4.478917306281333,15.497983758758938,1.794053218930083
frame_98,0,255,1,-1,False,False,True,3.3648810866939156,False,[],,-33.358779044412465,6.114754127275855,-1,0.2937268067044153,0.2866950234663256,28.9,0.4726806704415331,1.6355732541229522,1.7762292869181573
frame_99,0,255,1,-1,False,False,True,3.3225806451612905,False,[],,-32.80714983709025,4.98967585038059,-1,0.3045876154735998,0.2987994541121424,28.9,1.5587615473599823,5.393638572179871,1.7811627193663278
frame_100,0,255,1,-1,False,False,True,3.5992469305555117,False,[],,-39.04819991037839,7.696669600136369,-1,0.3226059735317871,0.3109792446266766,28.9,3.3605973531787123,11.628364543870978,1.7923131698909516
frame_101,0,255,1,-1,False,False,True,3.3,False,[],,-32.33596827470404,4.923766689332035,-1,0.2887170247059116,0.2989673485048113,28.9,0.0282975294088327,0.0979153266741619,1.771050443001671
frame_102,0,255,1,-1,False,False,True,3.6731906144334108,False,[],,-31.864729935977014,6.153231265641512,-1,0.3202146209101899,0.3156416492644465,28.9,3.121462091018995,10.800906889339084,1.7785867065623189
frame_103,0,255,1,-1,False,False,True,3.413793103448276,False,[],,-34.12118949963382,5.051231388418921,-1,0.289515361346886,0.2836667481926281,28.9,0.0515361346886067,0.1783257255661133,1.774264482560089
frame_104,0,255,1,-1,False,False,True,3.463277044651839,False,[],,-32.23767850813169,6.036403743735615,-1,0.2960794779254667,0.2939097101203508,28.9,0.707947792546676,2.449646340991958,1.777448891820552
frame_105,0,255,1,-1,False,False,True,3.161290322580645,False,[],,46.41127671334466,-169.75946592018423,-1,0.3081222306959406,0.3487101287334269,28.9,1.91222306959406,6.616688822124776,1.7911497247131432
frame_106,0,255,1,-1,False,False,True,3.325786327591654,False,[],,45.611251483769,-169.9579247795235,-1,0.3026123521379411,0.3248858172743977,28.9,1.3612352137941153,4.710156449114586,1.7797962253849682
frame_107,0,255,1,-1,False,False,True,3.4049082084148723,False,[],,-41.25677847844309,8.377710975113086,-1,0.3167037215584829,0.3111205890703549,28.9,2.7703721558482943,9.58606282300448,1.788441937877517
frame_108,0,255,1,-1,False,False,True,3.6810746981883624,False,[],,-32.509033483377,5.105524758900818,-1,0.3047593477487832,0.2977648549761897,28.9,1.5759347748783237,5.453061504769286,1.776038674473245
frame_109,0,255,1,-1,False,False,True,3.6200222755032025,False,[],,-39.60593732087242,8.378723219178001,-1,0.3133075191160061,0.3198509693333831,28.9,2.430751911600609,8.41090626851422,1.7926488940308734
frame_110,0,255,1,-1,False,False,True,3.2666666666666666,False,[],,-39.979776457448594,9.05100352503783,-1,0.2911138632093534,0.3148218646596807,28.9,0.2113863209353417,0.7314405568696944,1.7784720636119775
frame_111,0,255,1,-1,False,False,True,3.466097148268138,False,[],,-35.03050961481103,6.744751123336312,-1,0.3129022723576431,0.30240893003413,28.9,2.390227235764314,8.27068247669313,1.780706314563042
frame_112,0,255,1,-1,False,False,True,3.4443113154209253,False,[],,46.226138688673736,-170.09319705513113,-1,0.2957616071220148,0.3130393115748444,28.9,0.6761607122014845,2.3396564436037526,1.7922681052770906
frame_113,0,255,1,-1,False,False,True,3.3707864231126465,False,[],,-39.2843609805176,5.864831425329511,-1,0.2839180019707424,0.2824334457353147,28.9,0.5081998029257517,1.758476826732705,1.7759778119876553
frame_114,0,255,1,-1,False,False,True,3.399639501178854,False,[],,-35.442343943179054,6.804863889781164,-1,0.2835285816560537,0.2723762778374048,28.9,0.547141834394621,1.893224340465817,1.77538781523771
frame_115,0,255,1,-1,False,False,True,3.371900830647507,False,[],,-37.853312047494775,7.645401051403719,-1,0.2972578456650737,0.2945965513784875,28.9,0.825784566507376,2.857386043278118,1.7787106156407362
frame_116,0,255,1,-1,False,False,True,3.3163321699767794,False,[],,-31.4441111477046,7.745720429377524,-1,0.2799203491746639,0.2640822094326235,28.9,0.9079650825336072,3.141747690427707,1.7693431954902097
frame_117,0,255,1,-1,False,False,True,3.296547850582264,False,[],,-41.56209983759844,9.764843644696782,-1,0.2931803331540497,0.3127570527467099,28.9,0.4180333154049698,1.446482060224809,1.7847464172318213
frame_118,0,255,1,-1,False,False,True,3.585100285630711,False,[],,47.43600900675519,-169.31398901994098,-1,0.3076595766692802,0.3176423978994591,28.9,1.865957666928025,6.456600923626385,1.7945553209389755
frame_119,0,255,1,-1,False,False,True,3.6156521794614114,False,[],,-43.40853944892644,9.063004161461915,-1,0.3081094667890856,0.337626296118699,28.9,1.91094667890856,6.612272245358337,1.796147579008626
frame_120,0,255,1,-1,False,False,True,3.396928419329089,False,[],,-33.730042792355874,8.088835015042699,-1,0.3056835045371386,0.292079716271608,28.9,1.6683504537138685,5.772838940186396,1.767094275121354
frame_121,0,255,1,-1,False,False,True,3.308747841382574,False,[],,49.17860587971059,-168.2198718397608,-1,0.3118052078079003,0.3065446484984443,28.9,2.2805207807900354,7.891075366055486,1.8016021762800785
frame_122,0,255,1,-1,False,False,True,3.484439769060556,False,[],,-39.38007952713512,8.541186666378875,-1,0.3047094907381451,0.3271284572748132,28.9,1.5709490738145149,5.435809943994861,1.7875132968015333
frame_123,0,255,1,-1,False,False,True,3.308815241939877,False,[],,-33.34252087334687,6.621311927921828,-1,0.2851931326477238,0.2769938286356025,28.9,0.3806867352276144,1.3172551391958978,1.7669713077420026
frame_124,0,255,1,-1,False,False,True,3.634463189654358,False,[],,-38.48746155807066,9.255163513772196,-1,0.3059041142210772,0.3074395213947215,28.9,1.6904114221077238,5.849174470960982,1.789325057234923
frame_125,0,255,1,-1,False,False,True,3.6153435919560892,False,[],,-36.19870171026624,8.696890906502459,-1,0.3267229657032645,0.3257142694226373,28.9,3.7722965703264553,13.052929309088082,1.7848549541219396
frame_126,0,255,1,-1,False,False,True,3.2714738948415207,False,[],,-32.09235539493385,7.915230660097269,-1,0.2993744601334659,0.2785380777496858,28.9,1.0374460133465937,3.589778592894787,1.7726588775585224
frame_127,0,255,1,-1,False,False,True,3.4080719994507893,False,[],,-33.861985549143114,7.514911607411688,-1,0.2851051401628697,0.2876906881553552,28.9,0.3894859837130282,1.347702365789025,1.7760908830254605
frame_128,0,255,1,-1,False,False,True,3.308223051219981,False,[],,-29.44882230691242,9.95407660092628,-1,0.2716577872805986,0.2459727943944111,28.9,1.734221271940134,6.000765646851676,1.7697767119794945
frame_129,0,255,1,-1,False,False,True,3.4195006408404365,False,[],,-39.047855440761545,9.109118008476203,-1,0.2946487405830487,0.3160901976445388,28.9,0.5648740583048706,1.9545815166258496,1.785940941469852
frame_130,0,255,1,-1,False,False,True,3.3860868561588657,False,[],,-40.91696656097166,10.80642227046993,-1,0.3158836536771325,0.308505728174264,28.9,2.688365367713258,9.3023023104265,1.785836174013545
frame_131,0,255,1,-1,False,False,True,3.30030050683873,False,[],,-31.594130044857227,9.488544163301716,-1,0.267244716984105,0.2806985197835837,28.9,2.1755283015894964,7.527779590275074,1.764004352362075
frame_132,0,255,1,-1,False,False,True,3.489899100856104,False,[],,-32.49194742839315,7.719162853903466,-1,0.2849799045512986,0.2846446761975904,28.9,0.4020095448701355,1.3910364874399153,1.7745090120475409
frame_133,0,255,1,-1,False,False,True,3.7816263856933463,False,[],,-38.09536185909684,9.777559136064848,-1,0.3360353772019281,0.3394508766085466,28.9,4.703537720192813,16.275217024888626,1.7952234948355814
frame_134,0,255,1,-1,False,False,True,3.5532354844890772,False,[],,44.61698425470525,-167.99493064740795,-1,0.3167284154840868,0.3327547576562173,28.9,2.7728415484086835,9.594607433940082,1.7958897545185146
frame_135,0,255,1,-1,False,False,True,3.3946603699524545,False,[],,47.56109470561941,-166.38714352244122,-1,0.3091918651439453,0.3104067039784879,28.9,2.019186514394539,6.9868045480779895,1.7900060907472577
frame_136,0,255,1,-1,False,False,True,3.922951132502703,False,[],,-36.65494499363395,11.273308716602086,-1,0.3292183086876727,0.3252706928187973,28.9,4.021830868767279,13.916369788122074,1.8001551026220262
frame_137,0,255,1,-1,False,False,True,3.890339689619846,False,[],,-39.25739238633856,11.533077829684004,-1,0.3364173203112295,0.3282105964379386,28.9,4.741732031122953,16.40737727032164,1.7959530583366368
frame_138,0,255,1,-1,False,False,True,3.8666666841426665,False,[],,44.61483940212039,-165.5571825080057,-1,0.3534431001253648,0.3590694584124299,28.9,6.444310012536486,22.29865056240999,1.8020685026284664
frame_139,0,255,1,-1,False,False,True,3.63612245077794,False,[],,-34.64537471489463,12.44153126323954,-1,0.3065106349412348,0.3039207655168961,28.9,1.7510634941234893,6.059043232261209,1.7737837354300403
frame_140,0,255,1,-1,False,False,True,3.8916967266253617,False,[],,-38.55508167592669,13.62630382210506,-1,0.3338051913881232,0.3401161079356354,28.9,4.480519138812328,15.503526431876567,1.7940775597442502
frame_141,0,255,1,-1,False,False,True,3.424999845992751,False,[],,-35.63616945668627,13.34257312785838,-1,0.2808151169967676,0.2809023201398291,28.9,0.8184883003232335,2.832139447485237,1.7828849656087855
frame_142,0,255,1,-1,False,False,True,3.947368355699165,False,[],,-40.297812936497365,13.111376122400136,-1,0.3196209004020951,0.3214203157325926,28.9,3.0620900402095144,10.59546726716095,1.792093101314867
frame_143,0,255,1,-1,False,False,True,3.6553105308097615,False,[],,-38.8754942063496,12.17631697751128,-1,0.3049096191378865,0.3005200858362028,28.9,1.590961913788652,5.50505852522025,1.7926904673727266
frame_144,0,255,1,-1,False,False,True,3.7155169070806817,False,[],,-37.902393747630654,12.617810673285906,-1,0.3024138003811422,0.3008235168206702,28.9,1.3413800381142205,4.641453419080348,1.7843800516528483
frame_145,0,255,1,-1,False,False,True,3.746220634061543,False,[],,-40.13781117133671,11.746488220853571,-1,0.3420596308543919,0.344731469168957,28.9,5.305963085439197,18.359733859651204,1.7875147117433736
frame_146,0,255,1,-1,False,False,True,3.785124052883822,False,[],,45.935511002971765,-164.7312261740093,-1,0.3251835111031878,0.3904485771083575,28.9,3.61835111031878,12.520246056466366,1.8071745949373264
frame_147,0,255,1,-1,False,False,True,3.7272729163444076,False,[],,-41.07143463220029,13.599590588184924,-1,0.3284326892211882,0.3406639052449221,28.9,3.94326892211882,13.644529142279657,1.794255795193198
frame_148,0,255,1,-1,False,False,True,3.5825864281392197,False,[],,-36.57837938218962,8.721733762064705,-1,0.3102639277883093,0.3084490275383197,28.9,2.1263927788309376,7.3577604803838685,1.7734602066303018
frame_149,0,255,1,-1,False,False,True,3.4633026731152627,False,[],,-42.89787913281423,14.128170919977006,-1,0.3235405736256247,0.3674033423901657,28.9,3.454057362562474,11.951755579800947,1.7921746301430244
frame_150,0,255,1,-1,False,False,True,3.709115242730445,False,[],,-36.339752702955394,10.050155414229785,-1,0.3111964187254032,0.3107150353820481,28.9,2.219641872540329,7.680421704291797,1.7758264067942813
frame_151,0,255,1,-1,False,False,True,3.795879820489055,False,[],,-40.875839170155615,10.976205471996138,-1,0.3309006378405301,0.3334446183267627,28.9,4.190063784053017,14.498490602259572,1.7916902004707085
frame_152,0,255,1,-1,False,False,True,3.58552609521216,False,[],,-37.49849092090944,9.7464397480976,-1,0.3127427444544287,0.3173451319429268,28.9,2.3742744454428752,8.21548251018296,1.7831650916790909
frame_153,0,255,1,-1,False,False,True,3.4113925908955127,False,[],,-42.61294811858184,10.9438349207623,-1,0.3153118333259588,0.313041692002295,28.9,2.6311833325958824,9.104440597217586,1.7894815029494582
frame_154,0,255,1,-1,False,False,True,3.5454543387710014,False,[],,49.74314649022053,-167.73935676525187,-1,0.3479622753652316,0.364433832345703,28.9,5.896227536523163,20.402171406654546,1.7981610502285903
frame_155,0,255,1,-1,False,False,True,3.387096628672822,False,[],,-42.74480124990632,8.902055053735078,-1,0.319827841328403,0.3083896698002448,28.9,3.082784132840305,10.667073124014898,1.786778622913768
frame_156,0,255,1,-1,False,False,True,3.542206092966755,False,[],,-43.91927840675062,9.116116607280082,-1,0.3248260121470778,0.3485965718978941,28.9,3.582601214707787,12.396543995528674,1.7892456592788766
frame_157,0,255,1,-1,False,False,True,3.4040890744862584,False,[],,-35.975901855933785,6.316434995087875,-1,0.3037449776757325,0.3019558905806194,28.9,1.4744977675732518,5.102068399907446,1.7707149768042898
frame_158,0,255,1,-1,False,False,True,3.409290766978877,False,[],,48.76088846183082,-169.33454786375626,-1,0.3185071573858078,0.3259817522479402,28.9,2.950715738580784,10.210089060833162,1.785987164896942
frame_159,0,255,1,-1,False,False,True,3.1666666666666665,False,[],,48.708903360173785,-171.55966410859108,-1,0.2982822232081197,0.3175456950656408,28.9,0.9282223208119722,3.211841940525856,1.7899544323496073
frame_160,0,255,1,-1,False,False,True,3.4811916291691807,False,[],,-40.223461361235096,8.032301061358924,-1,0.3085135483560216,0.3060909937983584,28.9,1.9513548356021648,6.752092856754896,1.776716125981089
frame_161,0,255,1,-1,False,False,True,3.430939105403778,False,[],,50.31205327036732,-169.22103371826086,-1,0.3140186733828782,0.3372192837883341,28.9,2.501867338287828,8.656980409300443,1.7930282447245214
frame_162,0,255,1,-1,False,False,True,3.4313970534349445,False,[],,-40.998444687172686,5.74278383179408,-1,0.3062183215763354,0.3175029963953429,28.9,1.721832157633546,5.957896739216423,1.7711687031127297
frame_163,0,255,1,-1,False,False,True,3.220588219614115,False,[],,59.090308424576506,-165.32996172752968,-1,0.2859130879864813,0.3511388725317559,28.9,0.3086912013518683,1.0681356448161534,1.792634924422884
frame_164,0,255,1,-1,False,False,True,3.272300582423911,False,[],,47.07667720588741,-170.59140639311008,-1,0.308909261165035,0.341714399241719,28.9,1.9909261165035053,6.889017704164378,1.7774045000483183
frame_165,0,255,1,-1,False,False,True,3.2307693876848504,False,[],,-43.105051784307385,9.029396532910322,-1,0.2813641837298553,0.2902971567444979,28.9,0.7635816270144702,2.642150958527578,1.7722147339491376
frame_166,0,255,1,-1,False,False,True,3.2614378706894662,False,[],,51.04002398838677,-169.39615473351253,-1,0.3080606957370171,0.3418101824283255,28.9,1.906069573701713,6.595396448794855,1.779428544595386
frame_167,0,255,1,-1,False,False,True,3.2215989231063613,False,[],,49.16006783565612,-167.85103697194594,-1,0.3079999170130305,0.3089645225113538,28.9,1.899991701303056,6.57436574845348,1.7870476274955562
frame_168,0,255,1,-1,False,False,True,3.066666666666667,False,[],,-30.843283545784367,7.0768860614607485,-1,0.26600033049646,0.2619177219426933,28.9,2.2999669503539986,7.958363150013836,1.758676311010855
frame_169,0,255,1,-1,False,False,True,3.032258064516129,False,[],,-29.231849386870262,3.927965721436623,-1,0.2702247615557683,0.2689049223459504,28.9,1.8775238444231623,6.496622299042085,1.7577941276760387
frame_170,0,255,1,-1,False,False,True,3.075558557164737,False,[],,47.00607174641004,-168.70263048623286,-1,0.3182331887576133,0.2983771530214005,28.9,2.923318875761333,10.115290227547865,1.7773867243190549
frame_171,0,255,1,-1,False,False,True,3.096774193548387,False,[],,-35.49041111220891,6.294929124243249,-1,0.2755371804723139,0.2737621692592307,28.9,1.3462819527686076,4.658415061483072,1.7644098509655657
frame_172,0,255,1,-1,False,False,True,3.326797427582831,False,[],,59.756949807124826,-164.35760694704285,-1,0.2757792330454374,0.3938614219649543,28.9,1.322076695456259,4.574659845869409,1.7823425133834527
frame_173,0,255,1,-1,False,False,True,3.032258064516129,False,[],,-34.070851984831286,4.648289003383263,-1,0.2655449760411855,0.2658341442019755,28.9,2.345502395881444,8.115925245264512,1.7589349891998871
frame_174,0,255,1,-1,False,False,True,3.46451609017031,False,[],,52.63204679775795,-166.92633916645082,-1,0.3170106944063886,0.4057971146528519,28.9,2.801069440638865,9.692281801518565,1.7890732310732311
frame_175,0,255,1,-1,False,False,True,3.225806451612903,False,[],,-39.72872369347288,6.8223471845352845,-1,0.3225730326788788,0.3032118458578135,28.9,3.357303267887884,11.616966324871573,1.775498121083091
frame_176,0,255,1,-1,False,False,True,3.225806451612903,False,[],,55.74437141059888,-167.4344238149233,-1,0.3117284336414623,0.3403376384006782,28.9,2.272843364146232,7.864509910540596,1.7919497594411
frame_177,0,255,1,-1,False,False,True,3.239845165124749,False,[],,-44.28229259117426,9.424383824191702,-1,0.3181429099046611,0.3033640245465868,28.9,2.914290990466112,10.084051870124956,1.7810280380827008
frame_178,0,255,1,-1,False,False,True,3.385826519086383,False,[],,57.39119602625353,-167.54286239176,-1,0.3192127820496535,0.3578158326611197,28.9,3.0212782049653555,10.45424984417078,1.7929920590934465
frame_179,0,255,1,-1,False,False,True,3.37481252558714,False,[],,-28.88814105654908,5.030774240930686,-1,0.2606768477989604,0.2554838760404599,28.9,2.8323152201039594,9.800398685480827,1.7538652044114236
frame_180,0,255,1,-1,False,False,True,3.224074150953045,False,[],,46.33979238850607,-170.16707867859435,-1,0.3049934029181145,0.304919797594261,28.9,1.599340291811452,5.534049452634782,1.7760819454835888
frame_181,0,255,1,-1,False,False,True,3.272229573480835,False,[],,52.65422917657343,-167.48209490093245,-1,0.2993327096173148,0.3351749098264595,28.9,1.033270961731486,3.575332047513793,1.7870300444709215
frame_182,0,255,1,-1,False,False,True,3.4134383403399946,False,[],,-42.18707166622912,8.677849707858888,-1,0.3150833987062991,0.3190407404214609,28.9,2.6083398706299112,9.025397476228068,1.7792742901653158
frame_183,0,255,1,-1,False,False,True,3.289887278580954,False,[],,-35.651403964530544,4.940132738660217,-1,0.2811507729161964,0.2884810121998699,28.9,0.7849227083803589,2.715995530727886,1.7687470709771216
frame_184,0,255,1,-1,False,False,True,3.344673499453107,False,[],,45.33642523336135,-169.69215127069535,-1,0.3343368288517516,0.3244842103465934,28.9,4.533682885175167,15.687484031747983,1.7820494004818723
frame_185,0,255,1,-1,False,False,True,3.5601750808229156,False,[],,45.80984209299398,-169.3633169405689,-1,0.3355320059521878,0.3434886820900645,28.9,4.653200595218782,16.101040121864298,1.7900436574856062
frame_186,0,255,1,-1,False,False,True,3.687686020011144,False,[],,-33.157192913809624,4.538781836611203,-1,0.2967768287550885,0.2917833403852049,28.9,0.7776828755088505,2.690944205912978,1.7640440273284912
frame_187,0,255,1,-1,False,False,True,3.6024876619399127,False,[],,-32.439978978175105,3.730843282826512,-1,0.2876744857013456,0.2829327004723134,28.9,0.1325514298654406,0.4586554666624244,1.7564140498508296
frame_188,0,255,1,-1,False,False,True,3.4311774788989045,False,[],,-42.057393664533336,8.999137465461953,-1,0.3307525869938996,0.3325013047005903,28.9,4.175258699389967,14.447261935605422,1.7832110038227178
frame_189,0,255,1,-1,False,False,True,3.481590270845237,False,[],,-38.5630919539142,7.306024477205621,-1,0.3146568428009531,0.3167240965550086,28.9,2.5656842800953097,8.8778002771464,1.7780842607923009
frame_190,0,255,1,-1,False,False,True,3.4148938214209124,False,[],,46.14825981106456,-172.08099533208235,-1,0.3026076166928648,0.3191950283403734,28.9,1.3607616692864866,4.708517886804453,1.7893604829379373
frame_191,0,255,1,-1,False,False,True,3.2580645161290325,False,[],,-26.0281778460791,7.048779105502542,-1,0.2405792201202025,0.2415684725839603,28.9,4.842077987979748,16.75459511411678,1.7493503626433733
frame_192,0,255,1,-1,False,False,True,3.5650406241355403,False,[],,45.23306402046453,-169.62948679341514,-1,0.3486691748029626,0.3498138409236518,28.9,5.966917480296269,20.646773288222388,1.7863253979506004
frame_193,0,255,1,-1,False,False,True,3.5505616231101516,False,[],,46.08397083435758,-169.7440931017384,-1,0.2996996040008695,0.3316051509062613,28.9,1.06996040008695,3.702285121408132,1.776373709566453
frame_194,0,255,1,-1,False,False,True,3.424206161905744,False,[],,45.97658401478825,-170.34617952886944,-1,0.3258631095401714,0.3338719045666559,28.9,3.6863109540171415,12.75540122497281,1.7765588427685886
frame_195,0,255,1,-1,False,False,True,3.5690423204346127,False,[],,-41.39676377585592,9.330908717304196,-1,0.3420226092763125,0.353717272963317,28.9,5.302260927631258,18.346923625021656,1.7867696842542005
frame_196,0,255,1,-1,False,False,True,3.7359307236920225,False,[],,-44.42816618380991,9.235009989790296,-1,0.3396635158160079,0.3740017909591024,28.9,5.066351581600798,17.530628310037365,1.7887862130582484
frame_197,0,255,1,-1,False,False,True,3.622572863898722,False,[],,-41.56347876585172,9.334776775983324,-1,0.3403010918534785,0.3439211783397675,28.9,5.130109185347859,17.751242855874946,1.7834471956365556
frame_198,0,255,1,-1,False,False,True,3.6291390028946244,False,[],,-36.58936839784276,9.586419416972095,-1,0.3181707413627971,0.3163309454132245,28.9,2.9170741362797123,10.093682132455752,1.777107643853327
frame_199,0,255,1,-1,False,False,True,3.449477431761304,False,[],,44.69069316394815,-169.17538412660107,-1,0.3292167065458045,0.3331128071640091,28.9,4.021670654580451,13.915815413773188,1.780963831398997
frame_200,0,255,1,-1,False,False,True,3.310116384455811,False,[],,50.11797227881733,-170.21169372297746,-1,0.3290373873707626,0.3463713466360032,28.9,4.003738737076263,13.85376725631925,1.7826335550011354
frame_201,0,255,1,-1,False,False,True,3.494023947429963,False,[],,44.543611170926646,-169.29358165348626,-1,0.3215222401095032,0.3356395234219472,28.9,3.252224010950328,11.25337028010494,1.7852210832208817
frame_202,0,255,1,-1,False,False,True,3.225806451612903,False,[],,-44.4677514851035,9.15063340865867,-1,0.3066239007361759,0.3224841146783903,28.9,1.762390073617598,6.0982355488498206,1.7834090108537914
frame_203,0,255,1,-1,False,False,True,3.4622356086727137,False,[],,45.99732492527584,-170.75352374077607,-1,0.3176209861532886,0.3352955271845879,28.9,2.862098615328862,9.903455416362846,1.776783701759413
frame_204,0,255,1,-1,False,False,True,3.466666666666667,False,[],,-33.528408509331165,2.675019677130268,-1,0.2885676096609988,0.2899941823125899,28.9,0.0432390339001165,0.1496160342564585,1.758308505165121
frame_205,0,255,1,-1,False,False,True,3.561110968951449,False,[],,-42.78215434504956,6.867346730836528,-1,0.3415094776163929,0.3454379556448734,28.9,5.2509477616392966,18.16936941743701,1.7838410236564275
frame_206,0,255,1,-1,False,False,True,3.600000180474735,False,[],,-42.91744185378346,8.113692524950007,-1,0.3271158289831499,0.3211615415987503,28.9,3.811582898314997,13.188868160259506,1.7893863314475638
frame_207,0,255,1,-1,False,False,True,3.513513431052625,False,[],,44.84452084805317,-172.0414156250567,-1,0.3237472116085507,0.3397453548411746,28.9,3.474721160855071,12.023256611955263,1.783093309402466
frame_208,0,255,1,-1,False,False,True,3.477550882813221,False,[],,50.6074112890437,-170.23413918709593,-1,0.3277150622795612,0.3358636065069891,28.9,3.8715062279561288,13.396215321647508,1.788721462845749
frame_209,0,255,1,-1,False,False,True,3.5228756171550333,False,[],,-42.11677657136117,7.923699253990767,-1,0.3220133015824002,0.3278232269299286,28.9,3.301330158240029,11.423287744775187,1.7869160581731638
frame_210,0,255,1,-1,False,False,True,3.5165795721026716,False,[],,52.327921149120165,-169.47702994096642,-1,0.2975844234585945,0.3149073085436587,28.9,0.8584423458594503,2.970388739998098,1.7936992469257202
frame_211,0,255,1,-1,False,False,True,3.517560151146801,False,[],,-43.91913331309993,9.767271110997669,-1,0.332249931570443,0.3343359366191879,28.9,4.324993157044305,14.965374245828045,1.785829066365214
frame_212,0,255,1,-1,False,False,True,3.614442761182778,False,[],,-39.583596454311824,8.887566434658968,-1,0.3168808004537771,0.3262114677610503,28.9,2.788080045377712,9.64733579715471,1.7877578145754671
frame_213,0,255,1,-1,False,False,True,3.6466668624755654,False,[],,-44.07852993788277,9.6208697538479,-1,0.3353312290566774,0.3430924059058233,28.9,4.633122905667747,16.031567147639265,1.783696653777577
frame_214,0,255,1,-1,False,False,True,3.576158732244323,False,[],,-25.4261227502972,5.1721298404967335,-1,0.2530129935127749,0.2416033855219574,28.9,3.5987006487225024,12.45225137966264,1.7454111230619622
frame_215,0,255,1,-1,False,False,True,3.5833329731950703,False,[],,53.29519423170173,-167.1369319864097,-1,0.3139780824154821,0.4618078716869409,28.9,2.497808241548211,8.642935091862322,1.7907719322768123
frame_216,0,255,1,-1,False,False,True,3.5183823146738953,False,[],,51.72158481165879,-169.0741944143775,-1,0.2881161390213684,0.3520738221686819,28.9,0.0883860978631523,0.3058342486614267,1.7885073018720186
frame_217,0,255,1,-1,False,False,True,3.6018868868884826,False,[],,-43.26881262832733,10.149895584347083,-1,0.3201058142671982,0.3295681042326874,28.9,3.110581426719822,10.763257531902498,1.785592653836862
frame_218,0,255,1,-1,False,False,True,3.4605261911885488,False,[],,53.32388807515739,-168.03966597831456,-1,0.3045348634833569,0.3293285987265646,28.9,1.553486348335692,5.375385288358796,1.788338666321129
frame_219,0,255,1,-1,False,False,True,3.5552781465541954,False,[],,-35.22147951485135,4.6863368035234245,-1,0.2915820035776678,0.2902857545646765,28.9,0.2582003577667857,0.8934268434836877,1.7701697132465866
frame_220,0,255,1,-1,False,False,True,3.6256408616814078,False,[],,-42.78102772734746,9.042434164980037,-1,0.3044499182239337,0.3136977839739057,28.9,1.5449918223933767,5.345992465028986,1.7871575450122772
frame_221,0,255,1,-1,False,False,True,3.5992784229519197,False,[],,49.27481399760412,-169.32549356704934,-1,0.3056112303514706,0.3373561731417808,28.9,1.6611230351470665,5.747830571443136,1.7868889591910622
frame_222,0,255,1,-1,False,False,True,3.5878135868632466,False,[],,-42.00574934868339,9.89726361853087,-1,0.3156253436950498,0.3273559951194508,28.9,2.662534369504982,9.212921693788866,1.7830961789939272
frame_223,0,255,1,-1,False,False,True,3.5186915941519277,False,[],,-30.40904652319006,4.086272800078675,-1,0.2858222257806398,0.2961952139616161,28.9,0.3177774219360108,1.0995758544498644,1.760138670559258
frame_224,0,255,1,-1,False,False,True,3.4885582043448147,False,[],,-25.127880920657173,5.022335470193424,-1,0.2740538168184619,0.2525009438328499,28.9,1.4946183181538009,5.171689682193083,1.750908392416875
frame_225,0,255,1,-1,False,False,True,3.4746835053452676,False,[],,44.85942876790333,-169.22587104604762,-1,0.3457490481541254,0.3594428737042839,28.9,5.674904815412546,19.636348842257945,1.7944180433276669
frame_226,0,255,1,-1,False,False,True,3.4113926633583596,False,[],,49.68712724974186,-168.0108126322717,-1,0.3144107385821144,0.3589338036286607,28.9,2.541073858211446,8.792643107998083,1.7998156571061084
frame_227,0,255,1,-1,False,False,True,3.5215823763540754,False,[],,-32.34472240604524,4.963576558754771,-1,0.2885538712568875,0.2814531031888383,28.9,0.0446128743112506,0.1543698073053654,1.7645672239513095
frame_228,0,255,1,-1,False,False,True,3.5741938082763918,False,[],,-40.87491261108537,9.873435170715322,-1,0.3230054236320283,0.3246499804026832,28.9,3.4005423632028355,11.76658257163611,1.7837778579692267
frame_229,0,255,1,-1,False,False,True,3.431703376658966,False,[],,46.2830092775971,-168.74703431893636,-1,0.3117391723598877,0.3272068608044582,28.9,2.2739172359887707,7.868225730064951,1.7827656332147184
frame_230,0,255,1,-1,False,False,True,3.234177113897696,False,[],,-43.970504369598544,10.768966295648028,-1,0.3087663359216566,0.2885228220595859,28.9,1.9766335921656608,6.839562602649346,1.7867696426882602
frame_231,0,255,-1,-1,False,False,True,3.4338944758335224,False,[],,-38.30372927315653,4.815456627100482,-1,0.2961687660100609,0.3051341883292137,28.9,0.7168766010060945,2.4805418719934065,1.7761268097156149
frame_232,0,255,2,-1,False,False,True,3.540441481826917,False,[],,-42.72245554973734,8.860212359559567,-1,0.3358008389938898,0.3232156107751744,28.9,4.680083899388982,16.194061935602015,1.7887058552586357
frame_233,0,255,2,-1,False,False,True,3.545787505927287,False,[],,-41.850195583804414,8.386848812499569,-1,0.3330756921380351,0.3359323630188321,28.9,4.407569213803514,15.25110454603292,1.7885374528418785
frame_234,0,255,2,-1,False,False,True,3.3225806451612905,False,[],,47.309147297367474,-170.77054938087852,-1,0.3404195331051731,0.3351577919843296,28.9,5.141953310517317,17.792225987949195,1.7870704314300416
frame_235,0,255,2,-1,False,False,True,3.470803168399864,False,[],,-33.35837068334516,5.782030698786215,-1,0.2974442480459291,0.3037653032611218,28.9,0.8444248045929192,2.9218851369997205,1.769879841523725
frame_236,0,255,2,-1,False,False,True,3.2580645161290325,False,[],,47.21384946214686,-171.95397469033435,-1,0.3224791139918455,0.3366889789934163,28.9,3.34791139918455,11.5844685092891,1.793210403988785
frame_237,0,255,2,-1,False,False,True,3.225806451612903,False,[],,47.49090783756901,-171.4955023065577,-1,0.2968319697948103,0.3236190057718322,28.9,0.7831969794810323,2.7100241504534,1.7887492065671016
frame_238,0,255,2,-1,False,False,True,3.2903225806451615,False,[],,-42.67358064412822,8.467961382268117,-1,0.3195309094278158,0.3217183469301927,28.9,3.0530909427815835,10.564328521735582,1.7820158042168364
frame_239,0,255,2,-1,False,False,True,3.586206896551724,False,[],,-38.3071278243285,6.690735259818938,-1,0.321372479488368,0.3115424349505791,28.9,3.237247948836802,11.201549995975094,1.7750400381217946
frame_240,0,255,2,-1,False,False,True,3.466666666666667,False,[],,44.76523923398005,-172.44034160763934,-1,0.3172183959627261,0.2932858536790523,28.9,2.8218395962726186,9.76415085215439,1.8001121473966155
frame_241,0,255,2,-1,False,False,True,3.466666666666667,False,[],,46.71992855901584,-171.01605970917765,-1,0.316596348592747,0.3148045980781405,28.9,2.7596348592747013,9.548909547663326,1.7942687395779864
frame_242,0,255,2,-1,False,False,True,3.466666666666667,False,[],,-40.88711193898395,7.142024436479462,-1,0.3084607137026838,0.3292988431482608,28.9,1.9460713702683816,6.733810969786788,1.7826173810237045
frame_243,0,255,2,-1,False,False,True,3.6206896551724137,False,[],,-42.06805958189588,6.451414107683132,-1,0.3342291113257709,0.341997622668288,28.9,4.522911132577096,15.650211531408637,1.7953313518972958
frame_244,0,255,2,-1,False,False,True,3.586206896551724,False,[],,-38.53966193181992,6.128467226665331,-1,0.2896130073288069,0.3007470242474387,28.9,0.0613007328806924,0.2121132625629498,1.7960867021951017
frame_245,0,255,2,-1,False,False,True,3.586206896551724,False,[],,-44.09813550802079,6.790279490288107,-1,0.3345906157158702,0.3323483396378305,28.9,4.5590615715870255,15.775299555664448,1.805634495832372
frame_246,0,255,2,-1,False,False,True,3.75,False,[],,-37.2868633180562,5.0410072614651895,-1,0.3067982809064504,0.3037229244772411,28.9,1.779828090645047,6.15857470811435,1.7889447938967742
frame_247,0,255,2,-1,False,False,True,3.6206896551724137,False,[],,-38.15140678774171,6.376291210018287,-1,0.3131171011919859,0.294857407804041,28.9,2.41171011919859,8.34501771348993,1.790279589989606
frame_248,0,255,2,-1,False,False,True,3.7857142857142856,False,[],,-36.08225977131226,4.361987849370391,-1,0.2963363711721271,0.2897558057660875,28.9,0.7336371172127099,2.538536737760242,1.7802444258527574
frame_249,0,255,2,-1,False,False,True,3.6206896551724137,False,[],,-41.40060007983832,7.284841282266065,-1,0.298036999903073,0.2915859420471642,28.9,0.9036999903072996,3.126989585838407,1.7955018195626204
frame_250,0,255,2,-1,False,False,True,3.6551724137931036,False,[],,-1.0,-1.0,-1,-1.0,0.3295785955020253,28.9,,,1.8091528848458087
frame_251,0,255,2,-1,False,False,True,3.586206896551724,False,[],,-38.43072097642581,6.369304148414996,-1,0.2963403652372243,0.3049162127841594,28.9,0.7340365237224311,2.539918767205644,1.7885083167758935
frame_252,0,255,2,-1,False,False,True,3.586206896551724,False,[],,-38.01027526148112,4.7391135191360485,-1,0.3148698768809983,0.3416216029776001,28.9,2.5869876880998346,8.95151449169493,1.7943120093006617
frame_253,0,255,2,-1,False,False,True,3.6206896551724137,False,[],,-39.2346894473389,5.576475127872083,-1,0.3167191658607347,0.3053764369157108,28.9,2.77191658607347,9.59140687222654,1.794312352622481
frame_254,0,255,2,-1,False,False,True,3.586206896551724,False,[],,47.77509761331169,-171.97308654802296,-1,0.3000518143365649,0.3452544034414472,28.9,1.1051814336564936,3.824157209884061,1.8084280078290424
frame_255,0,255,2,-1,False,False,True,3.586206896551724,False,[],,-44.060815072021086,6.67022435115893,-1,0.2965659600061512,0.306011598114943,28.9,0.7565960006151229,2.6179792408827787,1.80366001010872
frame_256,0,255,2,-1,False,False,True,3.5,False,[],,-40.60938785794058,4.754614399017162,-1,0.3064929922401582,0.3028585978178351,28.9,1.7492992240158267,6.052938491404245,1.7940658309828736
frame_257,0,255,2,-1,False,False,True,3.466666666666667,False,[],,-41.50825450631773,5.95543459307952,-1,0.3117677753514167,0.3011734924214217,28.9,2.2767775351416777,7.878122958967743,1.790828006115952
frame_258,0,255,2,-1,False,False,True,3.586206896551724,False,[],,-41.44656160284708,6.205227756906909,-1,0.322546973377819,0.3129931012115121,28.9,3.354697337781904,11.607949265681327,1.796463959500903
frame_259,0,255,2,-1,False,False,True,3.5,False,[],,-38.35677339768914,5.703129308387359,-1,0.3009312080063347,0.3025725467735321,28.9,1.1931208006334793,4.128445676932454,1.7866405107763406
frame_260,0,255,2,-1,False,False,True,3.5,False,[],,-40.3424811933217,7.26038061535502,-1,0.3104403226283154,0.3014753808299156,28.9,2.144032262831547,7.4187967572025855,1.7898288365112178
frame_261,0,255,2,-1,False,False,True,3.466666666666667,False,[],,-37.93116800049625,7.285672938818188,-1,0.3027709992700398,0.2964278021925703,28.9,1.377099927003983,4.765051650532813,1.7886779252132012
frame_262,0,255,2,-1,False,False,True,3.3870967741935485,False,[],,-40.8396359998932,7.721646040347269,-1,0.3278164545691167,0.3136367931758198,28.9,3.88164545691167,13.43129915886391,1.7991016121937122
frame_263,0,255,2,-1,False,False,True,3.3548387096774195,False,[],,-39.63199475709854,7.730438655549895,-1,0.2891177658625226,0.297247091029449,28.9,0.01177658625226,0.0407494333988238,1.7965336037966009
frame_264,0,255,2,-1,False,False,True,3.433333333333333,False,[],,-1.0,-1.0,-1,-1.0,0.3094023869595663,28.9,,,1.8065573908078585
frame_265,0,255,2,-1,False,False,True,3.3961119445277452,False,[],,-36.39616930361954,5.543517760410245,-1,0.31571059268705,0.300876623258847,28.9,2.6710592687050063,9.242419614896216,1.7893730618265091
frame_266,0,255,2,-1,False,False,True,3.4038712277173264,False,[],,-1.0,-1.0,-1,-1.0,0.3254338784472849,28.9,,,1.8078107557427336
frame_267,0,255,2,-1,False,False,True,3.3870967741935485,False,[],,-39.815316090359055,8.539365338076069,-1,0.2901885414035527,0.2907829608939908,28.9,0.1188541403552789,0.411260001229339,1.7954373399455037
frame_268,0,255,2,-1,False,False,True,3.3548387096774195,False,[],,-39.8245253160684,7.148355326636602,-1,0.3181227447125703,0.296964034717705,28.9,2.912274471257032,10.077074295007032,1.7943277764356298
frame_269,0,255,2,-1,False,False,True,3.3225806451612905,False,[],,-37.3764950416404,7.062478886253008,-1,0.3183217048275325,0.310975990204399,28.9,2.9321704827532544,10.145918625443787,1.792830749420123
frame_270,0,255,2,-1,False,False,True,3.2580645161290325,False,[],,-41.033996540569376,7.353539974522956,-1,0.3061342086581604,0.3122159348232567,28.9,1.7134208658160457,5.928791923238912,1.7971644678634446
frame_271,0,255,2,-1,False,False,True,3.306451691316695,False,[],,-39.49347524345547,5.623395598189112,-1,0.3172756587716028,0.3131169685613524,28.9,2.827565877160282,9.78396497287295,1.7942354363218065
frame_272,0,255,2,-1,False,False,True,3.304401401131267,False,[],,46.93241317647735,-170.07697531228905,-1,0.313603036601001,0.3198429057904245,28.9,2.4603036601001,8.513161453633563,1.8101614297835225
frame_273,0,255,2,-1,False,False,True,3.308504067250412,False,[],,-38.03768619232751,7.066479147548294,-1,0.3281369918083354,0.3167313662906971,28.9,3.9136991808335466,13.542211698385977,1.7915725259377238
frame_274,0,255,2,-1,False,False,True,3.342621953733041,False,[],,-42.04432623983277,6.905206731310673,-1,0.321980965658962,0.3207261083579429,28.9,3.2980965658962083,11.412098843931515,1.8025126664023965
frame_275,0,255,2,-1,False,False,True,3.3666666666666667,False,[],,-39.59005384612173,5.317460257114025,-1,0.3014214660442975,0.2872096785226593,28.9,1.2421466044297558,4.298085136435141,1.782767332047954
frame_276,0,255,2,-1,False,False,True,3.3,False,[],,-1.0,-1.0,-1,-1.0,0.3128300880225864,28.9,,,1.8181431670110304
frame_277,0,255,2,-1,False,False,True,3.3666666666666667,False,[],,-37.55408157384774,5.918934583589121,-1,0.302804536796696,0.283967196662775,28.9,1.3804536796696076,4.776656331036705,1.7947893984390029
frame_278,0,255,2,-1,False,False,True,3.4580648124513877,False,[],,-41.74688946017197,8.139938106682992,-1,0.3240512413401426,0.3163463402581873,28.9,3.505124134014265,12.128457211122026,1.798044505441706
frame_279,0,255,2,-1,False,False,True,3.406524489511907,False,[],,-37.2699905412121,6.769955955365304,-1,0.3087529751546555,0.2840885115231145,28.9,1.975297515465552,6.834939499880802,1.793574134406828
frame_280,0,255,2,-1,False,False,True,3.457280672465665,False,[],,-41.437677325674734,7.28673600686435,-1,0.3414655159086364,0.3326918586704906,28.9,5.246551590863641,18.15415775385343,1.7960887701292243
frame_281,0,255,2,-1,False,False,True,3.3666666666666667,False,[],,-39.11597545363975,5.848337348813076,-1,0.3037701925544896,0.2878633940610889,28.9,1.4770192554489692,5.110793271449721,1.7995389030069997
frame_282,0,255,2,-1,False,False,True,3.412947985253941,False,[],,-40.72580099296604,7.129696074347935,-1,0.3144266257872148,0.2920157886252931,28.9,2.542662578721483,8.79814041080098,1.8072193028434875
frame_283,0,255,2,-1,False,False,True,3.4,False,[],,-36.78876579561091,7.134539098540208,-1,0.3009383211850733,0.2859398809366403,28.9,1.1938321185073375,4.130906984454455,1.7894815763981222
frame_284,0,255,2,-1,False,False,True,3.5573246341001394,False,[],,-34.47332664504791,6.133794933497584,-1,0.2999894030932136,0.2910558969912658,28.9,1.0989403093213668,3.802561623949366,1.7841892947544506
frame_285,0,255,2,-1,False,False,True,3.433333333333333,False,[],,-42.29770390770812,8.052907110612198,-1,0.3191538538210521,0.320473312378851,28.9,3.015385382105213,10.433859453651255,1.8011720736375016
frame_286,0,255,2,-1,False,False,True,3.54970408002933,False,[],,-40.56459599807757,6.969702411054957,-1,0.3100946216893994,0.312381393466381,28.9,2.109462168939941,7.299177055155505,1.791244405386278
frame_287,0,255,2,-1,False,False,True,3.3666666666666667,False,[],,-36.87094190747534,5.039468624819192,-1,0.302342140699828,0.2924765378447259,28.9,1.3342140699828031,4.616657681601395,1.7889496161675578
frame_288,0,255,2,-1,False,False,True,3.48252590117514,False,[],,-41.34883155548051,7.5009578047569505,-1,0.311997688384116,0.3275192391503763,28.9,2.2997688384116035,7.957677641562642,1.7925718863116065
frame_289,0,255,2,-1,False,False,True,3.421614932124773,False,[],,-39.44829170631564,7.430302916850423,-1,0.3140261744042326,0.2970188707694919,28.9,2.5026174404232657,8.659575918419606,1.7984112324695258
frame_290,0,255,2,-1,False,False,True,3.43528070723082,False,[],,-39.11116587856749,7.5771418943193,-1,0.3193204998745369,0.3026530391485841,28.9,3.0320499874536946,10.49152244793666,1.7862006863393631
frame_291,0,255,2,-1,False,False,True,3.4313833090013643,False,[],,-38.5320945124292,6.500903305638386,-1,0.3057087277763413,0.2999690720982506,28.9,1.6708727776341303,5.781566704616369,1.7854056702434666
frame_292,0,255,2,-1,False,False,True,3.465939766653781,False,[],,-37.688961654387214,6.305528714193402,-1,0.3119199041862315,0.2933507485713379,28.9,2.2919904186231523,7.93076269419776,1.7904720406783254
frame_293,0,255,2,-1,False,False,True,3.4279638194442064,False,[],,-40.85996531364771,7.772293487313021,-1,0.313429431860228,0.3035026481847517,28.9,2.4429431860228004,8.453090609075433,1.7942565017530203
frame_294,0,255,2,-1,False,False,True,3.25,False,[],,-38.92451801122432,8.166498902779871,-1,0.3115432682863999,0.2901296650510845,28.9,2.254326828639991,7.800438853425576,1.7914038127827867
frame_295,0,255,2,-1,False,False,True,3.25,False,[],,-36.98064499878164,7.193720997070869,-1,0.2812176976467236,0.2808373418561932,28.9,0.7782302353276316,2.692838184524677,1.7945600270871938
frame_296,0,255,2,-1,False,False,True,3.4492926139303193,False,[],,-42.39534908331906,7.871829148268044,-1,0.3278011216104313,0.3298564768721274,28.9,3.8801121610431313,13.425993636827444,1.7879527798163473
frame_297,0,255,2,-1,False,False,True,3.3491893362650456,False,[],,-40.69159878828559,8.73311800560295,-1,0.2960715014001243,0.306907811401332,28.9,0.7071501400124303,2.446886297620866,1.80498380174658
frame_298,0,255,2,-1,False,False,True,3.2903225806451615,False,[],,-37.54191170720304,7.198472089939917,-1,0.2998389319946805,0.2915925655904662,28.9,1.08389319946805,3.750495499889447,1.7894455214528269
frame_299,0,255,2,-1,False,False,True,3.3134018370800127,False,[],,-41.80542160173645,8.644724533110159,-1,0.3195265745505149,0.3319482312153762,28.9,3.052657455051494,10.56282856419202,1.7984191542361156
frame_300,0,255,2,-1,False,False,True,3.46093756383903,False,[],,-38.14553623067608,8.209130562293748,-1,0.333432504792665,0.300155386378781,28.9,4.443250479266508,15.374569132410064,1.7934809826531743
frame_301,0,255,2,-1,False,False,True,3.3314286037768666,False,[],,-41.73719697614411,8.442780223883235,-1,0.3083275799317984,0.3025094879149026,28.9,1.93275799317984,6.687743921037509,1.799089841444695
frame_302,0,255,2,-1,False,False,True,3.3938142789131405,False,[],,-40.72176299484713,10.202735095931994,-1,0.2952891478723543,0.2996230620899038,28.9,0.6289147872354295,2.1761757343786488,1.8010215191559
frame_303,0,255,2,-1,False,False,True,3.480769230769231,False,[],,-43.33231073090362,10.799868635576264,-1,0.321402984062638,0.3097104065833783,28.9,3.240298406263803,11.21210521198548,1.8031425473770657
frame_304,0,255,2,-1,False,False,True,3.4488189210417004,False,[],,-41.060998530381966,10.783577559250244,-1,0.31615922013235,0.3135192765593125,28.9,2.7159220132350006,9.397654025034605,1.8033227458735768
frame_305,0,255,2,-1,False,False,True,3.4999999063785716,False,[],,-38.09857733102573,10.306614643917294,-1,0.2916166708189923,0.2860657238153072,28.9,0.2616670818992361,0.9054224287170802,1.7999780871282238
frame_306,0,255,2,-1,False,False,True,3.421875342714792,False,[],,-35.275874022508745,10.52158491838968,-1,0.3081206127680245,0.2931494564344708,28.9,1.912061276802452,6.616128985475611,1.8012723094483576
frame_307,0,255,2,-1,False,False,True,3.429687934393399,False,[],,-39.68978985575328,11.824122584123618,-1,0.2963273533912656,0.2962248914489452,28.9,0.7327353391265612,2.535416398361804,1.8061320091728488
frame_308,0,255,2,-1,False,False,True,3.1767710183573667,False,[],,-35.58752517747236,10.177680009444098,-1,0.2901327991490854,0.2866067233271916,28.9,0.1132799149085428,0.3919720239049925,1.807207618123876
frame_309,0,255,2,-1,False,False,True,3.4901960460251407,False,[],,-38.98957073319357,10.929312964914224,-1,0.3056499537829409,0.2911274130062108,28.9,1.664995378294093,5.761229682678523,1.81011872339158
frame_310,0,255,2,-1,False,False,True,3.6102533484638033,False,[],,-35.76823153876491,11.212744199511222,-1,0.2954832061626945,0.2867446952241597,28.9,0.6483206162694544,2.243323931728216,1.8042468700124603
frame_311,0,255,2,-1,False,False,True,3.5562539223808574,False,[],,-35.21595489690424,11.300628606641755,-1,0.3072035488054644,0.3023814681698071,28.9,1.8203548805464431,6.298805815039596,1.8081287507313053
frame_312,0,255,2,-1,False,False,True,3.534536603137534,False,[],,-34.59572679689711,11.249780659944872,-1,0.2912455858801871,0.3140056507208701,28.9,0.2245585880187139,0.7770193357048927,1.8055011675271528
frame_313,0,255,2,-1,False,False,True,3.5599999429430915,False,[],,-33.90932726381141,11.131928324699308,-1,0.2969455975183378,0.2890944908333606,28.9,0.7945597518337844,2.7493417018470048,1.8058662012025908
frame_314,0,255,2,-1,False,False,True,3.6506848927248647,False,[],,-23.06289312590141,7.941614295698447,-1,0.2243352747453957,0.2237405956893423,28.9,6.466472525460426,22.37533745834057,1.7796742799309202
frame_315,0,255,2,-1,False,False,True,3.6827584061753997,False,[],,-34.550954477203405,11.552769049996543,-1,0.3035057667239734,0.2997762033963074,28.9,1.4505766723973468,5.019296444281477,1.809639068858218
frame_316,0,255,2,-1,False,False,True,3.7534246630093495,False,[],,-37.735170968337314,11.387130162190273,-1,0.3294275852002741,0.3258541617377286,28.9,4.042758520027418,13.988783806323246,1.8057257042295325
frame_317,0,255,2,-1,False,False,True,3.714285505924187,False,[],,-33.833579558890975,11.756071070130512,-1,0.2981607034183817,0.2864563567160699,28.9,0.9160703418381766,3.169793570374314,1.811448973646531
frame_318,0,255,2,-1,False,False,True,3.7413792183753536,False,[],,-35.77909485540988,12.355017347962974,-1,0.2943237111976295,0.2983095323565482,28.9,0.5323711197629588,1.842114601255913,1.8073305381625429
frame_319,0,255,2,-1,False,False,True,3.617977545666379,False,[],,-33.14365781053961,11.43450628884067,-1,0.3076907639547357,0.3029820446980691,28.9,1.8690763954735727,6.4673923718808775,1.809738649756604
frame_320,0,255,2,-1,False,False,True,3.6717793429631613,False,[],,-32.500794809668214,12.550072192432692,-1,0.3100918402045578,0.3039518581579684,28.9,2.109184020455785,7.298214603653235,1.8036908287315137
frame_321,0,255,2,-1,False,False,True,3.627118855153727,False,[],,-36.86281553859367,11.32456083472626,-1,0.3272348190518683,0.3125907400724209,28.9,3.8234819051868376,13.230041194418124,1.8037538394380608
frame_322,0,255,2,-1,False,False,True,3.6734696523975012,False,[],,-34.55582785032618,11.919562221520096,-1,0.313274262866158,0.3166739794675589,28.9,2.4274262866158027,8.399398915625616,1.808577573907397
frame_323,0,255,2,-1,False,False,True,3.7125000666400108,False,[],,-33.45596872930112,11.136756726960629,-1,0.3029438589792592,0.3047842915460514,28.9,1.394385897925926,4.8248646987056265,1.8122996910041944
frame_324,0,255,2,-1,False,False,True,3.6894411821835633,False,[],,-35.67393877773246,11.21043122209268,-1,0.3061266921839942,0.3123520036240294,28.9,1.7126692183994263,5.926191067126043,1.805852256868742
frame_325,0,255,2,-1,False,False,True,3.723602723667559,False,[],,-34.153913349435335,11.314644151364895,-1,0.3257345895841189,0.3062372049562976,28.9,3.673458958411896,12.710930651944278,1.804472772812411
frame_326,0,255,2,-1,False,False,True,3.708571513052557,False,[],,-35.79689577921393,11.77883216440502,-1,0.3043050326750501,0.3141933263028866,28.9,1.530503267505018,5.295859057110789,1.8064558582008576
frame_327,0,255,2,-1,False,False,True,3.6647727583600775,False,[],,-33.322506440413385,10.494351472326755,-1,0.3035413136211025,0.3016227244542545,28.9,1.4541313621102503,5.031596408685987,1.8111296768400005
frame_328,0,255,2,-1,False,False,True,3.72812475009996,False,[],,-35.959227814580764,10.9242279277061,-1,0.3055032864601241,0.2988414834617344,28.9,1.6503286460124167,5.710479743987601,1.807170436765764
frame_329,0,255,2,-1,False,False,True,3.6404493473903763,False,[],,-34.99064644544143,10.516232930990238,-1,0.3076507656312429,0.3062964119320119,28.9,1.865076563124296,6.453552121537356,1.8127503253673685
frame_330,0,255,2,-1,False,False,True,3.722222320948164,False,[],,-34.09219154548723,10.38573935027824,-1,0.3119937987133261,0.3086103715435681,28.9,2.299379871332613,7.956331734714925,1.8072798704967816
frame_331,0,255,2,-1,False,False,True,3.737142803347699,False,[],,-38.43924061070944,10.624594924405953,-1,0.3176936223391148,0.311200466762557,28.9,2.869362233911482,9.928589044676407,1.80726859028795
frame_332,0,255,2,-1,False,False,True,3.749999819287682,False,[],,-33.735675661264665,10.424521696371858,-1,0.308489277388159,0.2968170212483769,28.9,1.9489277388159032,6.743694597978904,1.809890588323728
frame_333,0,255,2,-1,False,False,True,3.7428570614067276,False,[],,-33.44846903507804,10.527708999614845,-1,0.3086469727566111,0.3037236519247034,28.9,1.9646972756611147,6.798260469415622,1.807713554774676
frame_334,0,255,2,-1,False,False,True,3.74011318914186,False,[],,-36.80894128976023,10.876300403345171,-1,0.3016756981792514,0.3074729635456765,28.9,1.267569817925146,4.386054733305004,1.8106294867137205
frame_335,0,255,2,-1,False,False,True,3.701789639729926,False,[],,-35.01483163852938,10.829373584251687,-1,0.3229363304912411,0.3140524096628514,28.9,3.3936330491241176,11.742674910464077,1.809056480148409
frame_336,0,255,2,-1,False,False,True,3.7382550221672077,False,[],,-34.49534941603025,10.527867352207442,-1,0.3138465123610688,0.3039034908542677,28.9,2.484651236106888,8.597409121477122,1.8112183807682416
frame_337,0,255,2,-1,False,False,True,3.6483178577428212,False,[],,-33.37337238751324,10.801489646198164,-1,0.3036465903268439,0.319534609678584,28.9,1.4646590326843956,5.068024334548082,1.8030643031403824
frame_338,0,255,2,-1,False,False,True,3.8103446838839137,False,[],,-32.18709041086563,10.966480355340346,-1,0.328829650453773,0.3095301713591848,28.9,3.982965045377301,13.781885970163671,1.802829120030852
frame_339,0,255,2,-1,False,False,True,3.7897726841998924,False,[],,-32.73653816013783,9.981276425291789,-1,0.3242093488561052,0.3146873153783208,28.9,3.5209348856105214,12.183165694154054,1.816451757080472
frame_340,0,255,2,-1,False,False,True,3.7499998519110873,False,[],,-31.91127150616665,10.233013727488878,-1,0.2983153583982449,0.2922297613645096,28.9,0.9315358398244988,3.2233074042370204,1.8030900486916648
frame_341,0,255,2,-1,False,False,True,3.743243429727687,False,[],,-30.59960031636804,10.00440800102733,-1,0.3003057107293186,0.2907542097276842,28.9,1.1305710729318683,3.912010632982245,1.802354744441024
frame_342,0,255,2,-1,False,False,True,3.7561727243259075,False,[],,-34.448031924274765,9.9563302358399,-1,0.3081173837031287,0.298508581246427,28.9,1.911738370312871,6.615011661982252,1.8097086419858024
frame_343,0,255,2,-1,False,False,True,3.721712484779177,False,[],,-33.97247686968646,10.422495977625664,-1,0.3251638913412616,0.3270100583846446,28.9,3.6163891341261687,12.513457211509236,1.810762100568844
frame_344,0,255,2,-1,False,False,True,3.6666667311219374,False,[],,-34.56060320663069,9.744212207264598,-1,0.3105844602671626,0.3352665410970664,28.9,2.15844602671626,7.468671372720623,1.808540073897324
frame_345,0,255,2,-1,False,False,True,3.700000141801605,False,[],,-31.08868836476556,8.900629842731325,-1,0.3019181225017782,0.2965301975751233,28.9,1.2918122501778206,4.469938581930175,1.814751820648666
frame_346,0,255,2,-1,False,False,True,3.7226562723572476,False,[],,-30.559703049560177,8.90617318111924,-1,0.2962879110289048,0.2932355779931335,28.9,0.7287911028904859,2.521768522112408,1.8035330576409925
frame_347,0,255,2,-1,False,False,True,3.6973684740922246,False,[],,-32.08736990054456,8.79653954118252,-1,0.2955729384241307,0.2944553855686697,28.9,0.6572938424130703,2.274373157138652,1.806062925911717
frame_348,0,255,2,-1,False,False,True,3.703947336849866,False,[],,-22.72358574120312,6.255781019041258,-1,0.2745696406821993,0.2621327582464338,28.9,1.4430359317800625,4.993203916193988,1.7784637040706073
frame_349,0,255,2,-1,False,False,True,3.7124184701631053,False,[],,-33.14654466366428,8.24899270365914,-1,0.2988985381956782,0.3135079119053735,28.9,0.9898538195678264,3.4250997216879804,1.8045440295887083
frame_350,0,255,2,-1,False,False,True,3.755555948016563,False,[],,-31.293443552185,8.337368650848418,-1,0.2896652113042723,0.2855329382706763,28.9,0.0665211304272384,0.2301769218935584,1.8141603305604723
frame_351,0,255,2,-1,False,False,True,3.744140709028082,False,[],,-30.74273957684436,7.702672888321366,-1,0.3001620874237763,0.3014982544390804,28.9,1.116208742377639,3.862313987465879,1.8127432522974312
frame_352,0,255,2,-1,False,False,True,3.6638420204980924,False,[],,-26.34734317383343,6.774498737022088,-1,0.2975695063490745,0.287953725169531,28.9,0.8569506349074552,2.965227110406419,1.7927064523452112
frame_353,0,255,2,-1,False,False,True,3.6299999408393595,False,[],,-31.19283725616416,7.6664184138834575,-1,0.2856223852133303,0.3046153900411631,28.9,0.3377614786669702,1.1687248396780978,1.80628116698086
frame_354,0,255,2,-1,False,False,True,3.76276289545505,False,[],,-30.64417787175591,7.960975689153686,-1,0.3016251886874912,0.3018766909990121,28.9,1.262518868749124,4.368577400516,1.8068262049614008
frame_355,0,255,2,-1,False,False,True,3.6633332084386483,False,[],,-28.38056701236743,7.424156990955217,-1,0.2990288632831552,0.2933168060180967,28.9,1.0028863283155276,3.470194907666185,1.806730046013448
frame_356,0,255,2,-1,False,False,True,3.6679865750825367,False,[],,-31.563790373861245,7.991351651712704,-1,0.3150660803309897,0.3040398744987872,28.9,2.606608033098973,9.019404958819976,1.8054082980852448
frame_357,0,255,2,-1,False,False,True,3.6895830943168533,False,[],,-30.917898881348336,7.741693347335317,-1,0.3060759553115303,0.2970095537681151,28.9,1.7075955311530333,5.908635055892849,1.807561184208424
frame_358,0,255,2,-1,False,False,True,3.674718554054134,False,[],,-24.54472797398299,6.0146555175083165,-1,0.2920494537125979,0.2919268976072414,28.9,0.304945371259796,1.0551742950165954,1.7879298515657862
frame_359,0,255,2,-1,False,False,True,3.7343285926915377,False,[],,-30.7780333402087,7.809113216242844,-1,0.299218633573971,0.2960798266085631,28.9,1.021863357397107,3.53585936815608,1.8060450443184712
frame_360,0,255,2,-1,False,False,True,3.790055488725053,False,[],,-29.518578319695,7.8684447533859645,-1,0.2984513872168215,0.3020000366674921,28.9,0.9451387216821538,3.270376199592228,1.803275327811256
frame_361,0,255,2,-1,False,False,True,3.671492047996497,False,[],,-29.282493507335086,7.391753828637868,-1,0.3117784351414077,0.2911732479513253,28.9,2.2778435141407707,7.881811467615124,1.8069989330129907
frame_362,0,255,2,-1,False,False,True,3.7999997941558794,False,[],,-31.3899802039919,7.259864060516773,-1,0.321702230566609,0.3082145187944914,28.9,3.2702230566609094,11.315650715089651,1.8129764358845253
frame_363,0,255,2,-1,False,False,True,3.805555722065005,False,[],,-30.685796763130966,8.203701859588472,-1,0.3064055699377124,0.3198405705266205,28.9,1.7405569937712415,6.0226885597620825,1.807556610625723
frame_364,0,255,2,-1,False,False,True,3.8111112507641978,False,[],,-29.2475732355123,7.041267289726812,-1,0.3004092312968651,0.312603465801544,28.9,1.1409231296865163,3.947830898569261,1.8081111783357269
frame_365,0,255,2,-1,False,False,True,3.8221154214003517,False,[],,-28.88425157903793,7.330688871385729,-1,0.3014444679553881,0.2892184541092873,28.9,1.2444467955388172,4.306044275220821,1.8079779639239903
frame_366,0,255,2,-1,False,False,True,3.826923014575675,False,[],,-28.860790557549173,7.258112958565005,-1,0.3150561663166709,0.3082832647472431,28.9,2.6056166316670906,9.015974504038375,1.801989327647412
frame_367,0,255,2,-1,False,False,True,3.6946237136430033,False,[],,-27.09850906747572,6.329662888527124,-1,0.2931138512099168,0.2979442962274921,28.9,0.4113851209916863,1.4234779273068732,1.7942177754125854
frame_368,0,255,2,-1,False,False,True,3.8373208254941544,False,[],,-29.169308973747352,7.182518980461318,-1,0.3031908275235639,0.2853132259053951,28.9,1.4190827523563987,4.910320942409684,1.8073965123661035
frame_369,0,255,2,-1,False,False,True,3.751783275459232,False,[],,-32.09800376351195,7.72027201056754,-1,0.2875474649128273,0.2947365386844503,28.9,0.1452535087172635,0.5026072965995277,1.8146229318112228
frame_370,0,255,2,-1,False,False,True,3.8086125081188134,False,[],,-25.22396797180065,6.130093069830885,-1,0.3013371043484876,0.2774858435178065,28.9,1.2337104348487615,4.268894238231009,1.7995340600032217
frame_371,0,255,2,-1,False,False,True,3.8373208254941544,False,[],,-29.73818463698605,6.943743313845439,-1,0.3066567855799772,0.3138766313966165,28.9,1.765678557997724,6.1096143875353786,1.808424985719764
frame_372,0,255,2,-1,False,False,True,3.8380462434806195,False,[],,-29.92753839735845,7.078795250672938,-1,0.3117069551267815,0.309914292248407,28.9,2.2706955126781505,7.857077898540314,1.8018585940245064
frame_373,0,255,2,-1,False,False,True,3.716223736670506,False,[],,-27.91627798377401,7.246822785653679,-1,0.3103440893849183,0.2928020743249046,28.9,2.134408938491833,7.385498057065167,1.80342216625022
frame_374,0,255,2,-1,False,False,True,3.7,False,[],,-27.05481556229659,7.00771120545342,-1,0.3015123640664749,0.287075052318638,28.9,1.251236406647499,4.329537739264703,1.8026363330967423
frame_375,0,255,2,-1,False,False,True,3.857881166934534,False,[],,-27.83848235804168,7.092224917786321,-1,0.2856781503772536,0.3022771960803141,28.9,0.3321849622746342,1.149428935206347,1.805551923717371
frame_376,0,255,2,-1,False,False,True,3.8980585149461393,False,[],,-28.228413223073908,7.007980042390238,-1,0.3093238952147118,0.3071660892305154,28.9,2.032389521471184,7.032489693671917,1.8010502717153771
frame_377,0,255,2,-1,False,False,True,3.913612370143909,False,[],,-26.9748006677888,7.189044910002475,-1,0.2978530510362805,0.3222385032422284,28.9,0.885305103628059,3.06333945892062,1.801470676157948
frame_378,0,255,2,-1,False,False,True,3.921874639656582,False,[],,-27.19697208599961,7.046348945729568,-1,0.298236260294307,0.2976865521962025,28.9,0.9236260294307076,3.1959378180993343,1.8076632260346936
frame_379,0,255,2,-1,False,False,True,3.93620173679715,False,[],,-29.1722472125399,6.9442185120067474,-1,0.3086727027795436,0.3098398647166909,28.9,1.967270277954364,6.807163591537592,1.807875664486797
frame_380,0,255,2,-1,False,False,True,3.8465317953043767,False,[],,-25.96673705763748,6.831233472808802,-1,0.2978245312499818,0.2930968002779933,28.9,0.8824531249981893,3.0534710207549804,1.8011262075338186
frame_381,0,255,2,-1,False,False,True,3.9655174069243633,False,[],,-29.3085208012466,6.826753039923484,-1,0.2970592573628273,0.3048822982377391,28.9,0.8059257362827366,2.7886703677603344,1.806527139892528
frame_382,0,255,2,-1,False,False,True,3.9261361965886845,False,[],,-23.65437626690281,6.081136894755872,-1,0.3026568268197859,0.288364736812996,28.9,1.3656826819785917,4.72554561238267,1.8039464067714484
frame_383,0,255,2,-1,False,False,True,4.009463638149978,False,[],,-27.06457012826618,6.8724818427161765,-1,0.3092069281880443,0.2991682876576125,28.9,2.020692818804432,6.992016674063778,1.80423065551122
frame_384,0,255,2,-1,False,False,True,3.9884393621798466,False,[],,-28.15930106084341,7.264040953777568,-1,0.3067319160026819,0.3276757560747616,28.9,1.7731916002681924,6.1356110735923615,1.8074210998268856
frame_385,0,255,2,-1,False,False,True,3.939393915205919,False,[],,-25.64821537017592,6.540198616376584,-1,0.2948493647158346,0.3014875157967845,28.9,0.5849364715834693,2.02400163177671,1.7870907732967336
frame_386,0,255,2,-1,False,False,True,3.959501475264491,False,[],,-29.70412451764512,6.421632153979917,-1,0.3015148125549516,0.2971905395190137,28.9,1.2514812554951626,4.33038496711129,1.8114334959744027
frame_387,0,255,2,-1,False,False,True,4.070588166244458,False,[],,-29.582936021502423,6.775205648234249,-1,0.2976193898167467,0.302601182210269,28.9,0.8619389816746759,2.9824878258639305,1.8098412376096948
frame_388,0,255,2,-1,False,False,True,4.054139735048155,False,[],,-27.21104735346188,6.169241408516251,-1,0.3023674263647674,0.2975337927281624,28.9,1.3367426364767454,4.625407046632337,1.8008432656930078
frame_389,0,255,2,-1,False,False,True,4.051556256621989,False,[],,-24.68002173203446,6.815960277115558,-1,0.2948628116871407,0.2990864980403921,28.9,0.5862811687140701,2.028654563024464,1.8008723922500645
frame_390,0,255,2,-1,False,False,True,3.9154789461433825,False,[],,-20.86118148926717,6.007884621270985,-1,0.2851939789356277,0.2849042395556476,28.9,0.3806021064372278,1.316962306011169,1.8007622334743305
frame_391,0,255,2,-1,False,False,True,3.988535315458588,False,[],,-26.04292121102564,6.705088732687636,-1,0.2913952287857884,0.2879237369279775,28.9,0.2395228785788405,0.8287988878160574,1.8090359066864057
frame_392,0,255,2,-1,False,False,True,4.068323175713496,False,[],,-24.54914568822397,6.638786354145817,-1,0.3030172766861483,0.2963445105710676,28.9,1.4017276686148328,4.850268749532294,1.8012299819518904
frame_393,0,255,2,-1,False,False,True,4.0,False,[],,-27.001974408822807,6.05596273436287,-1,0.297034983657251,0.2950062809489276,28.9,0.8034983657251027,2.7802711616785563,1.7974786732945718
frame_394,0,255,2,-1,False,False,True,4.028168921478046,False,[],,-25.65453552770148,7.224257659387373,-1,0.2919129524141577,0.2878996016279889,28.9,0.2912952414157732,1.0079420118192846,1.8010106725969175
frame_395,0,255,2,-1,False,False,True,4.0,False,[],,-28.802958442475862,7.107785092207733,-1,0.301858120578229,0.3027111044166957,28.9,1.2858120578229049,4.449176670667491,1.8069881322824053
frame_396,0,255,2,-1,False,False,True,4.059734900054289,False,[],,-27.59052666532473,7.127153793600942,-1,0.303506139871939,0.2994688372240152,28.9,1.4506139871938994,5.0194255612245655,1.811581104199271
frame_397,0,255,2,-1,False,False,True,4.0465636175800395,False,[],,-27.587532341479807,7.090868920213456,-1,0.3003760308997217,0.2996119049711928,28.9,1.1376030899721778,3.936342871876048,1.8049604630690017
frame_398,0,255,2,-1,False,False,True,4.032362633752762,False,[],,-27.47730881586245,7.473943887849639,-1,0.2955365166997573,0.2983451981046801,28.9,0.6536516699757355,2.2617704843451056,1.8029561253794788
frame_399,0,255,2,-1,False,False,True,4.04424812499824,False,[],,-26.880524949629944,8.174891875218043,-1,0.2948608084939256,0.3033838058707232,28.9,0.5860808493925618,2.027961416583259,1.8028579396651587
frame_400,0,255,2,-1,False,False,True,4.063829506927564,False,[],,-25.44936915589645,7.726658188252894,-1,0.2956509527495066,0.2868536883890981,28.9,0.6650952749506611,2.301367733393292,1.8034044365423665
frame_401,0,255,2,-1,False,False,True,4.015974389524712,False,[],,-28.39369611354504,8.371295550296093,-1,0.304369214952462,0.2901016669744908,28.9,1.5369214952462074,5.318067457599334,1.8052688899208933
frame_402,0,255,2,-1,False,False,True,4.10749201483345,False,[],,-26.929516592471305,8.562413463814183,-1,0.2971743138980337,0.3015636388052631,28.9,0.8174313898033747,2.828482317658736,1.811586965052373
frame_403,0,255,2,-1,False,False,True,4.078571236044101,False,[],,-24.48737648609926,8.883858064562203,-1,0.2927924051639148,0.3099377388188117,28.9,0.3792405163914825,1.3122509217698357,1.810060988837418
frame_404,0,255,2,-1,False,False,True,4.046641484010631,False,[],,-23.88692437975173,9.108823569249274,-1,0.2959824757359861,0.2936267137202302,28.9,0.6982475735986149,2.4160815695453803,1.8060252857079029
frame_405,0,255,2,-1,False,False,True,4.0357140334840835,False,[],,-25.9805810845688,8.912895078535424,-1,0.2991827005417026,0.2846262851381121,28.9,1.0182700541702616,3.523425792976684,1.8024116098796696
frame_406,0,255,2,-1,False,False,True,4.006126216003214,False,[],,-25.358697738794707,9.962842011496637,-1,0.2792961149626248,0.2835414847602387,28.9,0.9703885037375126,3.357745687673054,1.8072047517870364
frame_407,0,255,2,-1,False,False,True,4.035104000826014,False,[],,-22.79938458552077,10.009510574855634,-1,0.2837756582992918,0.2895158504157825,28.9,0.5224341700708124,1.807730692286548,1.78906783936298
frame_408,0,255,2,-1,False,False,True,3.981308016430624,False,[],,-25.974442157238048,10.48356198132848,-1,0.2955360018255286,0.3016704878595497,28.9,0.6536001825528659,2.2615923271725467,1.815079589954753
frame_409,0,255,2,-1,False,False,True,4.10478024977434,False,[],,-24.037335103336027,10.619814637449904,-1,0.2847539655261114,0.2907319672604719,28.9,0.4246034473888549,1.469216080930294,1.80378398481903
frame_410,0,255,2,-1,False,False,True,4.038479831238152,False,[],,-22.65135284174211,10.700412839027091,-1,0.2858309027104292,0.283532152791851,28.9,0.3169097289570766,1.096573456598881,1.7981478130439517
frame_411,0,255,2,-1,False,False,True,4.03349743176849,False,[],,-28.45876269094179,11.100225949588005,-1,0.2754225075673721,0.3100715507034703,28.9,1.3577492432627902,4.698094267345296,1.8111679037592627
frame_412,0,255,2,-1,False,False,True,3.985236187610831,False,[],,-26.87088575556572,11.977714204729352,-1,0.2923107380623603,0.2911065169030458,28.9,0.3310738062360319,1.1455841046229478,1.8084362054570755
frame_413,0,255,2,-1,False,False,True,4.086956164951245,False,[],,-21.538255970883046,9.645633123478971,-1,0.2811144155207584,0.2798683347828692,28.9,0.7885584479241536,2.728575944374234,1.7844141740315609
frame_414,0,255,2,-1,False,False,True,4.029885012404894,False,[],,-27.800834097577194,13.674696814369964,-1,0.297466920341793,0.3021342324755027,28.9,0.8466920341793027,2.929730222073712,1.799565177731746
frame_415,0,255,2,-1,False,False,True,3.931676490917065,False,[],,-26.957349679948205,13.575520328475278,-1,0.2910656351562081,0.2879847567587543,28.9,0.2065635156208112,0.7147526492069592,1.8027297748038704
frame_416,0,255,2,-1,False,False,True,4.026086712716684,False,[],,-29.2068012204104,14.439012325389962,-1,0.291026618990276,0.3084738617993065,28.9,0.2026618990276063,0.7012522457702641,1.8134355763831924
frame_417,0,255,2,-1,False,False,True,3.8595040575695814,False,[],,-25.66568384672905,14.463840545771928,-1,0.2925462297780785,0.2983356346348124,28.9,0.3546229778078558,1.2270691273628227,1.8016408775277648
frame_418,0,255,2,-1,False,False,True,3.8216955893028315,False,[],,-29.368770178579005,14.47681904537513,-1,0.2893396339035138,0.2898948618819671,28.9,0.0339633903513825,0.1175203818386938,1.8084664070144008
frame_419,0,255,2,-1,False,False,True,3.6631582662439137,False,[],,-28.760576084429736,14.182943242355057,-1,0.289202070088965,0.2991914204192066,28.9,0.0202070088965056,0.0699204460086699,1.808640327516555
frame_420,0,255,2,-1,False,False,True,3.746575599671833,False,[],,-26.07517824311476,14.558453017849368,-1,0.2920095177400328,0.2929118065077976,28.9,0.300951774003283,1.0413556193885225,1.8030645672304149
frame_421,0,255,2,-1,False,False,True,3.788617728156738,False,[],,-25.796268629837662,15.070365849164371,-1,0.2869107357860929,0.2973153161609144,28.9,0.2089264213907038,0.7229287937394597,1.808252837922838
frame_422,0,255,2,-1,False,False,True,3.7308932724456576,False,[],,-26.07744318014567,14.607620264607467,-1,0.2975260512177203,0.2959334649666749,28.9,0.8526051217720376,2.950190732775217,1.8055736706163408
frame_423,0,255,2,-1,False,False,True,3.7523099530364785,False,[],,-25.11998727294788,15.437729117348946,-1,0.2871597960936052,0.2966935786928141,28.9,0.1840203906394777,0.6367487565379852,1.8059919773736173
frame_424,0,255,2,-1,False,False,True,3.668789905190811,False,[],,-23.381476783057902,13.689741261584658,-1,0.2952898686046451,0.2875993890108989,28.9,0.6289868604645144,2.1764251227145825,1.8043896138198727
frame_425,0,255,2,-1,False,False,True,3.730593131855559,False,[],,-23.28944316166812,13.475456620507591,-1,0.285240157703881,0.2889123098985851,28.9,0.3759842296118976,1.3009834934667737,1.807665101512448
frame_426,0,255,2,-1,False,False,True,3.7310515549765677,False,[],,-20.79724133368705,12.001544679977007,-1,0.2867350003931459,0.2837149250004179,28.9,0.2264999606854056,0.7837368881847948,1.8024563342665605
frame_427,0,255,2,-1,False,False,True,3.7661290936331944,False,[],,-26.866565728576628,13.362604019278256,-1,0.3010956952132102,0.2977347699265544,28.9,1.2095695213210245,4.185361665470673,1.813012024831668
frame_428,0,255,2,-1,False,False,True,3.69230771149035,False,[],,-21.51621358183698,13.188505875035744,-1,0.2883845472699645,0.289195499497376,28.9,0.0615452730035437,0.2129594221575907,1.802691088125616
frame_429,0,255,2,-1,False,False,True,3.7351405249065257,False,[],,-26.041566136193502,13.684375134729205,-1,0.2832041495223387,0.3028604986066127,28.9,0.5795850477661235,2.005484594346448,1.8036184006796945
frame_430,0,255,2,-1,False,False,True,3.929424515963261,False,[],,-21.595119618698327,12.885884595359215,-1,0.2807771352412287,0.2899565019837475,28.9,0.8222864758771264,2.8452819234502646,1.8071569610183889
frame_431,0,255,2,-1,False,False,True,3.7200002466213196,False,[],,-23.855295321729223,13.66269435057357,-1,0.2813890697522634,0.2968042901268781,28.9,0.7610930247736569,2.63353987810954,1.804602800026757
frame_432,0,255,2,-1,False,False,True,3.844983346153383,False,[],,-22.823864080187057,13.67808342389647,-1,0.2788084943086178,0.2881972426539649,28.9,1.0191505691382108,3.526472557571664,1.8027842449182048
frame_433,0,255,2,-1,False,False,True,3.770845476347245,False,[],,-21.862828117678163,13.834429938337832,-1,0.2873453417065388,0.290839215571303,28.9,0.1654658293461175,0.572546122304905,1.8122382672122967
frame_434,0,255,2,-1,False,False,True,3.8959809629282867,False,[],,-21.19353654572947,12.703473909961104,-1,0.2897619911167278,0.2876159015457269,28.9,0.0761991116727867,0.2636647462726184,1.8042575721872776
frame_435,0,255,2,-1,False,False,True,3.8496239968524555,False,[],,-20.44314575799897,11.892819144965804,-1,0.2944401257532637,0.2959882110886696,28.9,0.5440125753263747,1.8823964544165213,1.8012870763584776
frame_436,0,255,2,-1,False,False,True,3.956834636026366,False,[],,-19.933177598059743,12.325312156931586,-1,0.2863710285973893,0.2935898727919073,28.9,0.2628971402610647,0.9096786860244452,1.7950456715492564
frame_437,0,255,2,-1,False,False,True,4.034210685977612,False,[],,-22.016260636389323,11.576643975710102,-1,0.286339646366209,0.2928206373812245,28.9,0.2660353633790968,0.920537589547048,1.802706675047285
frame_438,0,255,2,-1,False,False,True,3.8244047143047544,False,[],,-21.097136347657337,11.731288477644863,-1,0.2850814000850111,0.2921730647289496,28.9,0.3918599914988829,1.3559169256016712,1.7988421772547512
frame_439,0,255,2,-1,False,False,True,3.8842974744675107,False,[],,-23.992648348203087,12.303305465844373,-1,0.2857731417408017,0.2884451471037552,28.9,0.3226858259198273,1.116559951279679,1.803966298044383
frame_440,0,255,2,-1,False,False,True,3.9920230392156535,False,[],,-20.301957288605102,12.847896192070904,-1,0.2809668700819693,0.2777623514315524,28.9,0.8033129918030679,2.7796297294223806,1.7994403995346124
frame_441,0,255,2,-1,False,False,True,3.9265538133538427,False,[],,-22.433786539169947,13.714061020879091,-1,0.2811771124955416,0.2863336132321475,28.9,0.7822887504458309,2.706881489431941,1.807365446532373
frame_442,0,255,2,-1,False,False,True,3.83480141817766,False,[],,-24.55923260994691,13.944433795751232,-1,0.2858690530402508,0.296488583719862,28.9,0.3130946959749192,1.0833726504322465,1.805781308955404
frame_443,0,255,2,-1,False,False,True,3.9114350882014324,False,[],,-23.16866798984524,13.045329785582366,-1,0.2895758033304116,0.2875586545605136,28.9,0.0575803330411683,0.1992399067168456,1.80357875311986
frame_444,0,255,2,-1,False,False,True,3.885714129662439,False,[],,-25.121844449806066,12.991751762963968,-1,0.2885938254394029,0.2944468642526467,28.9,0.040617456059705,0.1405448306564187,1.809722413258599
frame_445,0,255,2,-1,False,False,True,4.035417676903165,False,[],,-23.14871725042192,12.692419633487168,-1,0.2886302483001843,0.2964065220173558,28.9,0.0369751699815623,0.1279417646420843,1.797152333398185
frame_446,0,255,2,-1,False,False,True,3.895910821495841,False,[],,-28.4202477012412,11.750707885670254,-1,0.2974937172519266,0.3015514150398852,28.9,0.8493717251926658,2.939002509317183,1.80761121997638
frame_447,0,255,2,-1,False,False,True,3.888699239150523,False,[],,-27.309237731160906,12.767012359105808,-1,0.2967857918693887,0.3149888517072872,28.9,0.7785791869388714,2.694045629546268,1.80925569092517
frame_448,0,255,2,-1,False,False,True,3.917948564027444,False,[],,-24.79966141041435,13.427969626957635,-1,0.287853813706455,0.3008371105250694,28.9,0.1146186293544959,0.3966042538217853,1.8102285475385245
frame_449,0,255,2,-1,False,False,True,3.9023281965309793,False,[],,-24.628999919968173,12.787038718787931,-1,0.2893093796999407,0.3014318386757349,28.9,0.030937969994077,0.1070517992874638,1.805691385207532
frame_450,0,255,2,-1,False,False,True,3.8823530562593374,False,[],,-26.31194769566724,13.949205748896247,-1,0.286613242393005,0.3024763683170516,28.9,0.2386757606994971,0.8258676840813051,1.811058244859019
frame_451,0,255,2,-1,False,False,True,3.941176050749597,False,[],,-24.977958682811263,13.421300653580044,-1,0.2832863485954626,0.2992007687902164,28.9,0.5713651404537334,1.9770420084904272,1.813416656766025
frame_452,0,255,2,-1,False,False,True,3.681063563634921,False,[],,-22.72153751637036,14.539917436735466,-1,0.2873409614871247,0.2860287712623825,28.9,0.1659038512875243,0.5740617691609841,1.809106115673356
frame_453,0,255,2,-1,False,False,True,3.772522460464546,False,[],,-23.27766078818218,14.223679074010922,-1,0.2893461968923581,0.2816256498205079,28.9,0.0346196892358097,0.1197913122346356,1.8024906598352293
frame_454,0,255,2,-1,False,False,True,3.818388181450091,False,[],,-23.94864126531722,13.893256986645484,-1,0.2874832798920174,0.2940393365171933,28.9,0.1516720107982594,0.5248166463607593,1.80092572013871
frame_455,0,255,2,-1,False,False,True,4.0,False,[],,-27.85458750066683,13.685605578293982,-1,0.2881158229601486,0.2980422797840208,28.9,0.0884177039851386,0.3059436124053238,1.806653999806316
frame_456,0,255,2,-1,False,False,True,3.947565695513451,False,[],,-26.938421125230875,12.560327641539187,-1,0.2780555913647925,0.3196685860292523,28.9,1.094440863520746,3.7869926073382216,1.81738815720304
frame_457,0,255,2,-1,False,False,True,3.8999999935162606,False,[],,-23.499845809001272,12.791281503430657,-1,0.2936428366821114,0.2940957719156765,28.9,0.4642836682111462,1.6065178830835511,1.8080717966087865
frame_458,0,255,2,-1,False,False,True,3.8510097141482333,False,[],,-27.841584895424333,13.364268886807226,-1,0.2867580467386263,0.3150906424515532,28.9,0.2241953261373608,0.7757623741777192,1.8050806598954885
frame_459,0,255,2,-1,False,False,True,3.875916603693832,False,[],,-25.029928279378577,13.598536577530767,-1,0.2949567605469521,0.2928851667175668,28.9,0.59567605469521,2.061162819014568,1.8076515955975536
frame_460,0,255,2,-1,False,False,True,3.8625952092825178,False,[],,-25.614603683433987,13.62976955462901,-1,0.2896742603502129,0.3106258440320801,28.9,0.0674260350212951,0.2333080796584608,1.8117234572813503
frame_461,0,255,2,-1,False,False,True,3.91596620218104,False,[],,-23.06962457445392,14.380248829468426,-1,0.2890015318260336,0.2888161518343546,28.9,0.0001531826033629,0.0005300436102524,1.806085501970088
frame_462,0,255,2,-1,False,False,True,3.8524588420326533,False,[],,-23.26189517486548,14.325193853910848,-1,0.2874654638686391,0.2883980347326205,28.9,0.1534536131360842,0.5309813603324712,1.805561676106682
frame_463,0,255,2,-1,False,False,True,3.934973480780728,False,[],,-23.52756448654184,14.925763221820832,-1,0.2895076196073196,0.2928916493342005,28.9,0.0507619607319653,0.175646922947977,1.801925205475133
frame_464,0,255,2,-1,False,False,True,3.891985781680359,False,[],,-25.43722936379601,14.694366773221066,-1,0.2895398552393318,0.2962103071771835,28.9,0.053985523933181,0.1868011208760588,1.8098147455602884
frame_465,0,255,2,-1,False,False,True,3.759862894669886,False,[],,-25.782906937406004,15.324408655316637,-1,0.2880901382623901,0.2991858083402872,28.9,0.0909861737609818,0.3148310510760617,1.8093738451374788
frame_466,0,255,2,-1,False,False,True,3.8051475743622456,False,[],,-25.581275859569875,14.647366564461636,-1,0.2871210615128837,0.2912331980950371,28.9,0.1878938487116233,0.6501517256457554,1.81149796840068
frame_467,0,255,2,-1,False,False,True,3.8956745001097857,False,[],,-24.723811137759988,14.034517271153067,-1,0.2905165406502495,0.2888870331510306,28.9,0.1516540650249587,0.5247545502593727,1.817904540859211
frame_468,0,255,2,-1,False,False,True,3.7499999842992113,False,[],,-20.70670252751821,13.487699193479898,-1,0.2909362468679312,0.281223277820719,28.9,0.1936246867931201,0.6699816152011079,1.805967402938228
frame_469,0,255,2,-1,False,False,True,3.814535939645613,False,[],,-22.82499456409229,14.23378578675406,-1,0.2855131670647453,0.2862693693857966,28.9,0.3486832935254702,1.2065165865933227,1.800118794629303
frame_470,0,255,2,-1,False,False,True,3.8476820398682934,False,[],,-23.28253624283464,13.69903002238221,-1,0.2938088585852341,0.2932146313180681,28.9,0.480885858523411,1.6639649083855057,1.8027454105395715
frame_471,0,255,2,-1,False,False,True,3.844262025086927,False,[],,-25.68436970166351,13.274648950701106,-1,0.2898679981946077,0.2935416395872906,28.9,0.0867998194607755,0.3003453960580468,1.8076081887671824
frame_472,0,255,2,-1,False,False,True,3.8833332830898337,False,[],,-26.13375896116516,15.11191636592918,-1,0.2902091596710684,0.304202373754118,28.9,0.1209159671068438,0.4183943498506707,1.8088374880145488
frame_473,0,255,2,-1,False,False,True,3.7151827358689435,False,[],,-21.85949309581822,15.638614079896929,-1,0.2867010057772513,0.2899335314904546,28.9,0.2298994222748651,0.7954997310548967,1.8059003172579216
frame_474,0,255,2,-1,False,False,True,3.823260660545866,False,[],,-22.852117396851444,15.245253724020486,-1,0.2853926597100676,0.2856786457688307,28.9,0.3607340289932315,1.2482146331945727,1.808477179615087
frame_475,0,255,2,-1,False,False,True,3.8239564353198388,False,[],,-27.506045660186626,15.666582326581366,-1,0.2910623330511376,0.2974430192793931,28.9,0.2062333051137621,0.7136100522967549,1.810665890216008
frame_476,0,255,2,-1,False,False,True,3.899999882037001,False,[],,-24.77021409214634,14.78993645460198,-1,0.2938387378827509,0.2884541270716545,28.9,0.4838737882750965,1.6743037656577735,1.811290132468784
frame_477,0,255,2,-1,False,False,True,4.0,False,[],,-28.617065639764075,14.27529753174016,-1,0.2881147175471377,0.3025630597804075,28.9,0.088528245286229,0.3063261082568479,1.816925407470768
frame_478,0,255,2,-1,False,False,True,3.941176050749597,False,[],,-21.4520566623648,13.95128771838331,-1,0.294511601546006,0.2897493004448431,28.9,0.5511601546005995,1.9071285626318324,1.813106330591236
frame_479,0,255,2,-1,False,False,True,3.9526317699776294,False,[],,-25.146037812653475,13.905383238547644,-1,0.281132476376886,0.3019400155446524,28.9,0.7867523623113992,2.7223265131882326,1.8117265243869185
frame_480,0,255,2,-1,False,False,True,3.906249852966193,False,[],,-26.84589778779204,14.51521553267836,-1,0.2866288057718583,0.3034101421009348,28.9,0.2371194228141637,0.8204824318829197,1.8113886880320167
frame_481,0,255,2,-1,False,False,True,3.8571427816163295,False,[],,-22.12869353802139,14.849828429183692,-1,0.2827415024406144,0.2786038846285302,28.9,0.6258497559385512,2.165570089752772,1.805589154806124
frame_482,0,255,2,-1,False,False,True,3.8479427358106513,False,[],,-25.805258473753486,15.887848374789312,-1,0.2975792581490931,0.2846641727308603,28.9,0.8579258149093161,2.9686014356723742,1.8105544197943904
frame_483,0,255,2,-1,False,False,True,3.658375047673013,False,[],,-25.69762962678459,16.05798574230924,-1,0.2930741941591575,0.2864958934022547,28.9,0.4074194159157496,1.4097557644143586,1.8042908853747588
frame_484,0,255,2,-1,False,False,True,3.730205353401227,False,[],,-22.07431154978175,15.798911496684555,-1,0.2808047044022448,0.2863910736500644,28.9,0.819529559775517,2.835742421368571,1.8094625702209164
frame_485,0,255,2,-1,False,False,True,3.8768768076478817,False,[],,-25.890352483218305,15.387966403236735,-1,0.278827347882237,0.3064721267896347,28.9,1.0172652117762917,3.5199488296757493,1.8116093456667093
frame_486,0,255,2,-1,False,False,True,3.813007744382564,False,[],,-21.947883036569888,15.535498769947068,-1,0.2817139532277799,0.2867415107367098,28.9,0.7286046772220056,2.521123450595175,1.8014056569493635
frame_487,0,255,2,-1,False,False,True,3.798387027215713,False,[],,-25.15618214342004,15.045383755289889,-1,0.2893985059847911,0.2826248611791308,28.9,0.0398505984791131,0.1378913442183844,1.80638349361634
frame_488,0,255,2,-1,False,False,True,3.7462685700244633,False,[],,-26.34024565103469,14.621752754265938,-1,0.2928688470102564,0.3081033352367895,28.9,0.3868847010256415,1.3387013876319778,1.8111685661057224
frame_489,0,255,2,-1,False,False,True,3.7886907196744146,False,[],,-26.04953979406832,14.57052223198059,-1,0.288303288605515,0.2884441196395867,28.9,0.0696711394484961,0.2410766070882219,1.8160726980067647
frame_490,0,255,2,-1,False,False,True,3.795081896940433,False,[],,-26.370932973012085,15.636294541009873,-1,0.2774519477919804,0.2974197240707769,28.9,1.154805220801952,3.9958658159237097,1.8059012368560987
frame_491,0,255,2,-1,False,False,True,3.737463088428869,False,[],,-29.71488775693493,16.11868303482219,-1,0.2841776842896015,0.3000827231939157,28.9,0.4822315710398428,1.668621353079041,1.808916125572356
frame_492,0,255,2,-1,False,False,True,3.743362942561109,False,[],,-25.32095310216576,15.807277337198952,-1,0.2837186435089933,0.2957829227794791,28.9,0.5281356491006639,1.827458993427903,1.8007008597496157
frame_493,0,255,2,-1,False,False,True,3.611428422305462,False,[],,-25.411507235129992,16.31783373708683,-1,0.2821880061653427,0.2926746982318147,28.9,0.6811993834657304,2.357091292268964,1.8041812688981087
frame_494,0,255,2,-1,False,False,True,3.7786885208916017,False,[],,-27.245060657654097,15.466735258508637,-1,0.2873776960057225,0.2979458665396996,28.9,0.1622303994277485,0.5613508630717943,1.8108520346819057
frame_495,0,255,2,-1,False,False,True,3.8278689068807172,False,[],,-24.83815346993765,14.77948489550206,-1,0.2900238249524972,0.2867070916234864,28.9,0.1023824952497254,0.3542646894454166,1.8041422225246349
frame_496,0,255,2,-1,False,False,True,3.7439997725044156,False,[],,-21.81777088995001,14.455247330993476,-1,0.2776571588765961,0.2874792504365105,28.9,1.1342841123403835,3.924858520208939,1.8065887903584568
frame_497,0,255,2,-1,False,False,True,3.737752014366387,False,[],,-27.74983930462515,14.904400351791423,-1,0.2897774093506664,0.3106617441010376,28.9,0.0777409350666447,0.2689997753171097,1.81611491595206
frame_498,0,255,2,-1,False,False,True,3.690677983379874,False,[],,-23.803018916676294,14.772235906224996,-1,0.2862882161987659,0.2928309875671584,28.9,0.2711783801234102,0.9383334952367136,1.80364535571774
frame_499,0,255,2,-1,False,False,True,3.650793569556009,False,[],,-28.44907039413839,14.66448366651396,-1,0.2886032262770535,0.3046458541135105,28.9,0.0396773722946497,0.1372919456562275,1.8151861255613928
frame_500,0,255,2,-1,False,False,True,3.8264460817144945,False,[],,-24.373317219959,14.752573613672327,-1,0.2861979941009553,0.2870692769451129,28.9,0.2802005899044613,0.9695522142022884,1.8045710238945727
frame_501,0,255,2,-1,False,False,True,3.7854986895835543,False,[],,-27.860430159483546,14.864122692237522,-1,0.2897145847306127,0.2968522149558653,28.9,0.0714584730612755,0.2472611524611609,1.8076468267525507
frame_502,0,255,2,-1,False,False,True,3.795547683673417,False,[],,-27.62093587212017,15.096419109225367,-1,0.2864439292035979,0.2963513880782743,28.9,0.2556070796402021,0.8844535627688656,1.810030892269576
frame_503,0,255,2,-1,False,False,True,3.755639109599607,False,[],,-27.662166832100603,15.357891463286109,-1,0.2890201055684994,0.2967790606169838,28.9,0.0020105568499462,0.0069569441174609,1.812302673185194
frame_504,0,255,2,-1,False,False,True,3.7394609916276584,False,[],,-27.471401263578787,15.42145699581396,-1,0.2861193450421567,0.2970162894654112,28.9,0.2880654957843231,0.996766421399042,1.8119866936121296
frame_505,0,255,2,-1,False,False,True,3.848949551684369,False,[],,-29.456058005182246,14.627549051523673,-1,0.2889269007777513,0.2943921952136139,28.9,0.0073099222248684,0.0252938485289566,1.8066887747562448
frame_506,0,255,2,-1,False,False,True,3.9237670897424466,False,[],,-25.917138025560973,14.712846512151655,-1,0.2861303140188208,0.2941232189225413,28.9,0.2869685981179148,0.99297092774365,1.8136517256431184
frame_507,0,255,2,-1,False,False,True,3.915285634162457,False,[],,-25.50448409850837,14.254759157157574,-1,0.2754335628534775,0.3012748159221193,28.9,1.3566437146522448,4.694268908831297,1.8164819292773868
frame_508,0,255,2,-1,False,False,True,3.8907560892696367,False,[],,-28.21479174648978,14.588941376460074,-1,0.283451070605625,0.3064117915242873,28.9,0.5548929394374957,1.920044773140124,1.8144779437073293
frame_509,0,255,2,-1,False,False,True,3.9230769076711804,False,[],,-26.00385448938311,14.670420556286784,-1,0.2723966305446296,0.2924735277337006,28.9,1.6603369455370387,5.7451105381904455,1.8083062729121784
frame_510,0,255,2,-1,False,False,True,3.858333253599084,False,[],,-27.37097647958179,14.623437082756348,-1,0.2955704708658512,0.2940155911499405,28.9,0.6570470865851219,2.2735193307443664,1.8153881095004207
frame_511,0,255,2,-1,False,False,True,3.988588552621415,False,[],,-26.261615435620293,14.406403155792882,-1,0.2921170519975733,0.2966918674795467,28.9,0.3117051997573339,1.078564705042678,1.813765784168904
frame_512,0,255,2,-1,False,False,True,3.8917347162848435,False,[],,-22.57344805581757,14.176053831524252,-1,0.2935312629039756,0.2789144547263134,28.9,0.4531262903975597,1.567911039437923,1.8042586060850168
frame_513,0,255,2,-1,False,False,True,3.873333104349237,False,[],,-24.846478854947275,15.032404062555644,-1,0.2849317555687056,0.310006535219801,28.9,0.4068244431294332,1.407697035049942,1.809084211692457
frame_514,0,255,2,-1,False,False,True,3.831838746776674,False,[],,-26.226500672786106,15.05821279455923,-1,0.2888298435355327,0.2967147958080384,28.9,0.0170156464467219,0.0588776693658198,1.8090560843542671
frame_515,0,255,2,-1,False,False,True,3.8974357733459537,False,[],,-26.86739311981374,14.1630547278703,-1,0.2869065215065124,0.2894132427719422,28.9,0.2093478493487566,0.724387021968016,1.8115784656669576
frame_516,0,255,2,-1,False,False,True,3.8571425172734832,False,[],,-23.500474377778986,13.383869269009118,-1,0.2814314893019143,0.2954972978217941,28.9,0.7568510698085673,2.618861833247638,1.814704132538776
frame_517,0,255,2,-1,False,False,True,3.732373194487304,False,[],,-25.4663961429846,13.211512061284465,-1,0.2839193963236883,0.2982585896398774,28.9,0.5080603676311635,1.7579943516649257,1.8148760956531045
frame_518,0,255,2,-1,False,False,True,3.8258260592040254,False,[],,-27.4327454378869,13.357115988971554,-1,0.2851451900178332,0.2896331369593088,28.9,0.3854809982166751,1.3338442844867653,1.8136009797153856
frame_519,0,255,2,-1,False,False,True,3.815533713611286,False,[],,-25.97327152831264,13.2583168030501,-1,0.2850056816170455,0.2970728695746776,28.9,0.3994318382954442,1.3821170875274889,1.8101894481488203
frame_520,0,255,2,-1,False,False,True,3.863453794845314,False,[],,-23.33173293021854,13.764579177423052,-1,0.2852723591937581,0.2771358472822282,28.9,0.3727640806241827,1.289841109426238,1.8023509940375453
frame_521,0,255,2,-1,False,False,True,3.791044595922328,False,[],,-26.8825678354244,13.470657193528483,-1,0.2769278822536523,0.3017795510398168,28.9,1.20721177463477,4.17720337243865,1.814615341549006
frame_522,0,255,2,-1,False,False,True,3.828125083871397,False,[],,-27.600652652535448,13.163172546314971,-1,0.2885927271312237,0.2934670786543157,28.9,0.0407272868776231,0.1409248680886615,1.813265866587054
frame_523,0,255,2,-1,False,False,True,3.8133332175252845,False,[],,-24.689669298275124,13.249181284635135,-1,0.2830444716605014,0.2843632583678034,28.9,0.5955528339498584,2.060736449653489,1.811689109216165
frame_524,0,255,2,-1,False,False,True,3.8235289452773302,False,[],,-25.066589886896583,13.03233710604426,-1,0.2838856809622175,0.2930809791816557,28.9,0.5114319037782422,1.7696605667067205,1.812775920829064
frame_525,0,255,2,-1,False,False,True,3.923076830009465,False,[],,-25.7990832993037,13.606568803007669,-1,0.2866505006954479,0.2874171893516568,28.9,0.2349499304552027,0.812975537907276,1.809684483734044
frame_526,0,255,2,-1,False,False,True,3.875471938504661,False,[],,-25.416213150723188,12.94727810979998,-1,0.2912395706549351,0.2927413585348754,28.9,0.223957065493513,0.7749379428841282,1.80380409784072
frame_527,0,255,2,-1,False,False,True,3.9496021157494097,False,[],,-25.49831465668009,12.840074364467318,-1,0.2841806544492035,0.294420559872119,28.9,0.4819345550796494,1.6675936161925586,1.81066280156842
frame_528,0,255,2,-1,False,False,True,3.8250000557047494,False,[],,-23.24630460148412,12.820762223884271,-1,0.2852291138510588,0.2929842441371246,28.9,0.377088614894111,1.304804895827374,1.80487805207938
frame_529,0,255,2,-1,False,False,True,3.876640501463548,False,[],,-23.362244560024653,12.424405631424095,-1,0.2905853509205029,0.2944245597537137,28.9,0.1585350920502992,0.5485643323539767,1.8097105828328908
frame_530,0,255,2,-1,False,False,True,3.783333194620581,False,[],,-29.83683397486885,12.260500095527464,-1,0.2907458745375073,0.3042456190042246,28.9,0.1745874537507352,0.6041088365077345,1.816339914432831
frame_531,0,255,2,-1,False,False,True,3.900243602267703,False,[],,-26.139597672768883,12.298043556327798,-1,0.2919616352978653,0.2999101516914965,28.9,0.2961635297865361,1.0247873002994332,1.810097247718656
frame_532,0,255,2,-1,False,False,True,3.8554216804043375,False,[],,-22.470771597143024,11.934267061847947,-1,0.2865061975776228,0.2827669829593392,28.9,0.2493802422377122,0.8629074125872398,1.807603836164786
frame_533,0,255,2,-1,False,False,True,3.8707483960852245,False,[],,-24.146168379123,11.953749460554745,-1,0.2835163636928157,0.294769085439147,28.9,0.5483636307184236,1.8974520094063103,1.815713686917256
frame_534,0,255,2,-1,False,False,True,3.8461535249268395,False,[],,-22.787823846455776,11.885956508668045,-1,0.2853795556972235,0.2966628964621877,28.9,0.3620444302776471,1.2527488936942806,1.807103698020101
frame_535,0,255,2,-1,False,False,True,3.876865400122031,False,[],,-23.1203136351398,11.861333578330676,-1,0.2894565686641728,0.2925483458226527,28.9,0.0456568664172818,0.1579822367379994,1.805673958751829
frame_536,0,255,2,-1,False,False,True,3.864734072626434,False,[],,-20.86628044705525,11.64122534317571,-1,0.2815869065165708,0.2875430536178855,28.9,0.7413093483429167,2.565084250321511,1.806199392051556
frame_537,0,255,2,-1,False,False,True,3.8310806392905246,False,[],,-20.89984450498945,11.775190091550495,-1,0.2864404512009487,0.2896734920974601,28.9,0.2559548799051236,0.8856570238931615,1.801720613120128
frame_538,0,255,2,-1,False,False,True,3.888888675032592,False,[],,-21.967187708287508,11.77828045781241,-1,0.2957554218659326,0.290381027320176,28.9,0.6755421865932643,2.3375162165856898,1.8055843963451863
frame_539,0,255,2,-1,False,False,True,3.897959176922387,False,[],,-20.28019629364416,12.967808940331691,-1,0.2813400062296104,0.2974669465053954,28.9,0.7659993770389562,2.6505168755673223,1.790671041467513
frame_540,0,255,2,-1,False,False,True,3.8574878014527503,False,[],,-21.428289138493007,11.098506293938309,-1,0.2824834593356037,0.2859702503718048,28.9,0.6516540664396275,2.2548583613827944,1.8052138875467003
frame_541,0,255,2,-1,False,False,True,3.837036590298993,False,[],,-25.918238262470155,11.03372756899206,-1,0.2904166453126093,0.3028329086128767,28.9,0.1416645312609377,0.4901886894842135,1.817085192623011
frame_542,0,255,2,-1,False,False,True,3.931972608186647,False,[],,-21.11924272192984,11.70369933242026,-1,0.2835599045878445,0.2917780044248606,28.9,0.5440095412155455,1.8823859557631333,1.8046525450156348
frame_543,0,255,2,-1,False,False,True,3.871621443573367,False,[],,-23.96866973241865,11.379436243641209,-1,0.2821072949050108,0.2904363803155106,28.9,0.6892705094989127,2.3850190640100783,1.8107724115023849
frame_544,0,255,2,-1,False,False,True,3.8824939667903324,False,[],,-22.281756957916297,11.31666709011348,-1,0.2903550011243823,0.2980202160465465,28.9,0.1355001124382304,0.4688585205475102,1.81175544698254
frame_545,0,255,2,-1,False,False,True,3.82879380659611,False,[],,-20.70588395318308,11.404312420792596,-1,0.2872824893204213,0.2834641017618469,28.9,0.1717510679578648,0.5942943527953802,1.8082383096033567
frame_546,0,255,2,-1,False,False,True,3.868216898796216,False,[],,-26.522279861856333,12.031135212879589,-1,0.27944702854824,0.3071128446614615,28.9,0.9552971451759984,3.305526453896188,1.8125463205249697
frame_547,0,255,2,-1,False,False,True,3.889688368757634,False,[],,-24.99279451526403,11.518694446005728,-1,0.2809597807712461,0.300552509614428,28.9,0.8040219228753809,2.782082778115505,1.812292396586803
frame_548,0,255,2,-1,False,False,True,3.8824939667903324,False,[],,-19.10285775806629,10.9902666857878,-1,0.2831598129771347,0.2957028146670765,28.9,0.5840187022865262,2.0208259594689486,1.8053645170857555
frame_549,0,255,2,-1,False,False,True,3.8968825087673915,False,[],,-22.94093724482937,11.03259322469937,-1,0.2838715990485334,0.290267385924858,28.9,0.512840095146655,1.7745332011994983,1.809437887592953
frame_550,0,255,2,-1,False,False,True,3.901678689426411,False,[],,-20.87715127626315,10.671579893273636,-1,0.2822595592164604,0.2888496526255429,28.9,0.6740440783539581,2.3323324510517582,1.8014977918050243
frame_551,0,255,2,-1,False,False,True,3.89448428745911,False,[],,-21.830395415827493,10.372827579669154,-1,0.2867716755260872,0.2939923164461412,28.9,0.2228324473912801,0.7710465307656753,1.8040604674905447
frame_552,0,255,2,-1,False,False,True,3.90666664846416,False,[],,-23.70528360961639,10.111588723176238,-1,0.2830250068825366,0.2975113341972115,28.9,0.5974993117463356,2.067471666942338,1.8133019588417087
frame_553,0,255,2,-1,False,False,True,3.955197076357295,False,[],,-25.69394997186501,9.369906375180038,-1,0.2894179124956044,0.3011906981782237,28.9,0.0417912495604466,0.1446063998631372,1.8114330557169256
frame_554,0,255,2,-1,False,False,True,3.901678689426411,False,[],,-19.02915488645863,10.05538968388326,-1,0.2910277997676432,0.290167253631309,28.9,0.2027799767643279,0.7016608192537298,1.8090374932887248
frame_555,0,255,2,-1,False,False,True,3.902953510489943,False,[],,-24.45250346056419,9.724923271550454,-1,0.2872586754285244,0.3108228034772518,28.9,0.1741324571475522,0.6025344537977585,1.807916298447933
frame_556,0,255,2,-1,False,False,True,3.8749999272684064,False,[],,-20.36510960869385,10.553894370419004,-1,0.2803726998300514,0.3064007404563634,28.9,0.862730016994856,2.98522497230054,1.811093094351892
frame_557,0,255,2,-1,False,False,True,3.9074726989490776,False,[],,-19.8976487478121,10.939446967534773,-1,0.2818814945629756,0.2924355385826718,28.9,0.7118505437024358,2.463150670250643,1.805682071681978
frame_558,0,255,2,-1,False,False,True,3.8523488128034438,False,[],,-22.79996114096523,11.365043926403532,-1,0.2804565893843622,0.2994159828838516,28.9,0.8543410615637737,2.9561974448573487,1.810778952599393
frame_559,0,255,2,-1,False,False,True,3.8859056871834365,False,[],,-19.44752707455893,10.43156782427406,-1,0.2914403950053553,0.2814045639265299,28.9,0.2440395005355311,0.8444273374931874,1.8074709781880125
frame_560,0,255,2,-1,False,False,True,3.8807949493817477,False,[],,-19.106768381001032,10.128215027438271,-1,0.2820564139719382,0.2828889802730037,28.9,0.6943586028061721,2.402624923204748,1.804050801966016
frame_561,0,255,2,-1,False,False,True,3.8490196945569863,False,[],,-18.990446163162723,9.269888726724169,-1,0.2886070685843159,0.2972549762717033,28.9,0.0392931415684083,0.1359624275723472,1.8042711345215665
frame_562,0,255,2,-1,False,False,True,3.891253071383144,False,[],,-23.27664636289461,10.069855703641467,-1,0.2911504271701255,0.2930864281588365,28.9,0.2150427170125535,0.7440924464102198,1.814725170599872
frame_563,0,255,2,-1,False,False,True,3.8074245320755193,False,[],,-24.067846805563565,9.78049114865647,-1,0.3026013649539495,0.300951359679,28.9,1.3601364953949535,4.70635465534586,1.8072877844773745
frame_564,0,255,2,-1,False,False,True,3.8424904626164063,False,[],,-21.55828037635436,10.11600594189774,-1,0.2881473753715471,0.296731378614787,28.9,0.0852624628452869,0.2950258229940724,1.805964088181353
frame_565,0,255,2,-1,False,False,True,3.812392702552944,False,[],,-22.580837665343257,10.40779077166066,-1,0.2827793428087386,0.2973201828163422,28.9,0.6220657191261358,2.1524765367686363,1.8050535664152592
frame_566,0,255,2,-1,False,False,True,3.8939926974951464,False,[],,-20.5825430576106,11.036649899279476,-1,0.2895654579922448,0.2885863468306343,28.9,0.0565457992244888,0.1956602049290272,1.8072081774433928
frame_567,0,255,2,-1,False,False,True,3.8666664669371307,False,[],,-25.298415529150947,11.495471163437934,-1,0.2842265186158714,0.2877622422440261,28.9,0.477348138412853,1.6517236623282114,1.8077662280488576
frame_568,0,255,2,-1,False,False,True,3.8669278307398147,False,[],,-20.545808708412235,11.184188161535028,-1,0.2840915425561149,0.2835084475980018,28.9,0.4908457443885072,1.6984281812751116,1.7991628611234454
frame_569,0,255,2,-1,False,False,True,3.944844053400045,False,[],,-20.084235137827285,11.088109242928288,-1,0.2851024164029779,0.2967970848614146,28.9,0.3897583597022025,1.3486448432602165,1.802579067062508
frame_570,0,255,2,-1,False,False,True,4.023684382876496,False,[],,-21.647467126738825,11.642726921626926,-1,0.2890308819969017,0.2931615861635032,28.9,0.0030881996901765,0.0106858120767356,1.8101965119719403
frame_571,0,255,2,-1,False,False,True,3.9471113174928623,False,[],,-21.619199621565112,10.915866421923836,-1,0.293418051343161,0.3028260856726412,28.9,0.4418051343161033,1.5287374889830567,1.807791862613434
frame_572,0,255,2,-1,False,False,True,4.048905195122642,False,[],,-21.19067890590004,10.720456383767644,-1,0.2962033436455284,0.3051532398758207,28.9,0.7203343645528493,2.492506451739963,1.805983032513262
frame_573,0,255,2,-1,False,False,True,4.025157162289278,False,[],,-17.832383574566716,11.136211448444683,-1,0.2838501607824021,0.2879170747272103,28.9,0.5149839217597818,1.7819512863660272,1.810869014293231
frame_574,0,255,2,-1,False,False,True,4.003453986394424,False,[],,-19.56453896221508,11.24758043496776,-1,0.2859796255919336,0.302495745437987,28.9,0.3020374408066406,1.0451122519260925,1.804531893657364
frame_575,0,255,2,-1,False,False,True,4.035634633147696,False,[],,-19.64687419901999,11.566819600614169,-1,0.2858666331906911,0.3099465082926379,28.9,0.3133366809308868,1.0842099686189857,1.8093144795432616
frame_576,0,255,2,-1,False,False,True,4.040816064588628,False,[],,-19.045337369206727,10.77583244864232,-1,0.2967936309997514,0.2926112276990756,28.9,0.7793630999751444,2.696758131401884,1.809150599834204
frame_577,0,255,2,-1,False,False,True,3.9051646553699495,False,[],,-19.25617603310789,10.467393247263972,-1,0.2857096636352053,0.295906951913738,28.9,0.3290336364794644,1.1385246937005689,1.813605079942696
frame_578,0,255,2,-1,False,False,True,4.042826879914131,False,[],,-20.597988116041947,11.076411898072994,-1,0.2932678573571302,0.296921361663637,28.9,0.4267857357130256,1.4767672516021646,1.8078727328012307
frame_579,0,255,2,-1,False,False,True,4.128821057504142,False,[],,-19.884111053998502,11.491644494667876,-1,0.2897722321173478,0.2933216080186127,28.9,0.0772232117347837,0.2672083451030579,1.816858084456932
frame_580,0,255,2,-1,False,False,True,4.142376688371988,False,[],,-21.5398991115764,12.032610920314324,-1,0.2846755749488088,0.3145376716178366,28.9,0.4324425051191183,1.4963408481630391,1.820719445435233
frame_581,0,255,2,-1,False,False,True,4.061899624749528,False,[],,-20.4369592896358,11.938814212045427,-1,0.2964075371934619,0.3007182014547502,28.9,0.7407537193461933,2.563161658637347,1.807317707624649
frame_582,0,255,2,-1,False,False,True,4.095054843118157,False,[],,-16.13828209158442,11.935662853901984,-1,0.2832603252894029,0.2906223439720197,28.9,0.5739674710597054,1.9860466126633405,1.808318531304075
frame_583,0,255,2,-1,False,False,True,4.061775769223301,False,[],,-18.069083378616032,13.023026131843556,-1,0.2862542011576627,0.29628056316469,28.9,0.2745798842337277,0.9501034056530372,1.805590875055032
frame_584,0,255,2,-1,False,False,True,3.9915253248897598,False,[],,-15.87512997381651,13.348791097484847,-1,0.2892706196219632,0.2906661618619363,28.9,0.0270619621963286,0.093640007599753,1.8125508485809163
frame_585,0,255,2,-1,False,False,True,4.0546149007467776,False,[],,-17.45753110631542,13.534503848558431,-1,0.2896848187814007,0.3015193526604566,28.9,0.0684818781400697,0.2369615160556047,1.8158742914542028
frame_586,0,255,2,-1,False,False,True,3.963656465496681,False,[],,-18.521159197531592,14.154474890451906,-1,0.2808957276004938,0.2802691469260712,28.9,0.8104272399506174,2.8042465050194374,1.809953634856177
frame_587,0,255,2,-1,False,False,True,4.0,False,[],,-19.180590261529048,14.431491145529996,-1,0.2843007624241374,0.288532149603895,28.9,0.4699237575862602,1.626033763274257,1.8057038132888568
frame_588,0,255,2,-1,False,False,True,3.9137929117525587,False,[],,-24.355759867987672,15.531208087497962,-1,0.2844310589858112,0.2930330360326083,28.9,0.4568941014188754,1.580948447816178,1.816073556410091
frame_589,0,255,2,-1,False,False,True,3.9051776700383725,False,[],,-21.01733248517161,15.731615426095637,-1,0.2845659654491664,0.2980283465036313,28.9,0.4434034550833521,1.5342680106690385,1.8127784771748272
frame_590,0,255,2,-1,False,False,True,3.8994597411187604,False,[],,-24.661463472011256,16.05150755163002,-1,0.2836870834073947,0.2884802856371599,28.9,0.5312916592605299,1.8383794438080616,1.8154341207002973
frame_591,0,255,2,-1,False,False,True,3.8842514434602964,False,[],,-21.83226237593185,17.882774079024045,-1,0.2681630880890899,0.2867347293728606,28.9,2.0836911910910025,7.210004121422155,1.8096419982870475
frame_592,0,255,2,-1,False,False,True,3.796324847205805,False,[],,-22.31481202439496,17.769620047794128,-1,0.2741736964544897,0.2768739320240196,28.9,1.482630354551023,5.130208839276897,1.810062697198656
frame_593,0,255,2,-1,False,False,True,3.8265606974330875,False,[],,-26.248351067562428,18.180407823274308,-1,0.2678721450249791,0.2993721835833462,28.9,2.112785497502085,7.31067646194493,1.811966232561813
frame_594,0,255,2,-1,False,False,True,3.5607026936817765,False,[],,-23.779969562979577,18.161270463060887,-1,0.2782660650412021,0.2886040977869156,28.9,1.0733934958797875,3.7141643456048015,1.8126766952777031
frame_595,0,255,2,-1,False,False,True,3.657548549027893,False,[],,-20.84354991425532,18.238839093829068,-1,0.2731508425127668,0.2811595496715149,28.9,1.58491574872332,5.484137538835018,1.8110363721959784
frame_596,0,255,2,-1,False,False,True,3.7054792208414833,False,[],,-23.58977580739593,16.996596049972652,-1,0.2602435891765831,0.2824640293156664,28.9,2.87564108234169,9.950315163812077,1.806172183253752
frame_597,0,255,2,-1,False,False,True,3.7727270719330313,False,[],,-30.10026012943701,17.08782303184952,-1,0.2804082023344734,0.2901236030759078,28.9,0.859179766552659,2.972940368694322,1.8127259129744309
frame_598,0,255,2,-1,False,False,True,3.7931034243695367,False,[],,-32.16165385067131,17.934253696560422,-1,0.2712863934584075,0.3007544929279404,28.9,1.771360654159243,6.129275619928177,1.817456359344392
frame_599,0,255,2,-1,False,False,True,3.6853934838206954,False,[],,-30.54284510206561,19.64022064944292,-1,0.2738673801678002,0.2970440117171178,28.9,1.5132619832199767,5.236200633979158,1.8205926559021743
frame_600,0,255,2,-1,False,False,True,3.7611410187620313,False,[],,-33.86105883332673,19.81424875868215,-1,0.2758431879649611,0.3029093596947009,28.9,1.3156812035038878,4.552530115930408,1.8201206798212868
frame_601,0,255,2,-1,False,False,True,3.7702957994655932,False,[],,-33.57517268491843,20.47971867554195,-1,0.2804818534504002,0.2922645903376027,28.9,0.8518146549599759,2.947455553494726,1.8194703604918925
frame_602,0,255,2,-1,False,False,True,3.706666752489801,False,[],,-33.55361215016185,20.03818707501771,-1,0.2863877988792759,0.2932912482942849,28.9,0.2612201120724078,0.9038758203197504,1.8249186245684927
frame_603,0,255,2,-1,False,False,True,3.6825104667591284,False,[],,-32.676903985757775,21.1837250449206,-1,0.2752527954130854,0.2876795068194085,28.9,1.374720458691453,4.756818196164198,1.8167587879385785
frame_604,0,255,2,-1,False,False,True,3.763255443267783,False,[],,-31.324472076803044,20.41700697299739,-1,0.2785680193194534,0.2842567159841871,28.9,1.043198068054657,3.609681896382897,1.8204650000736984
frame_605,0,255,2,-1,False,False,True,3.806034160609373,False,[],,-32.01405245132056,19.46668268174462,-1,0.2825523026258455,0.2832173934641262,28.9,0.644769737415446,2.2310371536866644,1.815373752776969
frame_606,0,255,2,-1,False,False,True,3.83529424286989,False,[],,-34.46922211129087,19.213088775696008,-1,0.270140464090141,0.2926970206584972,28.9,1.8859535909858949,6.525790972269532,1.819316270513672
frame_607,0,255,2,-1,False,False,True,3.7785235371236174,False,[],,-33.12008349964953,19.52835088170696,-1,0.2713559146580604,0.2913910656767102,28.9,1.7644085341939564,6.10521984150158,1.81681145134983
frame_608,0,255,2,-1,False,False,True,3.6473027642740856,False,[],,-33.44157341665676,20.630124078311944,-1,0.2800668146001364,0.2869275482757339,28.9,0.8933185399863597,3.091067612409549,1.8152208627030944
frame_609,0,255,2,-1,False,False,True,3.571428696024319,False,[],,-32.65700030130865,21.61570324711295,-1,0.2750671062353019,0.2895327047525657,28.9,1.3932893764698029,4.821070506815927,1.8119160769991445
frame_610,0,255,2,-1,False,False,True,3.5779819093487113,False,[],,-32.686381478415626,21.561140965717705,-1,0.2729557336042525,0.284332439604307,28.9,1.6044266395747464,5.551649271884936,1.8167319521716296
