frame_id,class_name,object_id,track_id,is_3D_complete,in_image_borders,does_overlap,is_front_fish,aspect_ratio,pointcloud_size_ok,fish_3d_ok,overlapping_fish_ids,fish_direction,elevation_deg,azimuth_deg,raw_length,filtered_length,spine_length,gt,abs_error_cm,rel_error_%,fish_dist_from_camera
frame_0,0,255,3,1,False,False,True,3.9189188,True,True,[],[  -0.021773    0.019993     0.99956],-0.8407107079999265,82.83831608308164,2.358928451096566,0.15493667788906598,0.15106710725483852,33.5,18.006332211093405,53.750245406248965,0.7822968847865525
frame_0,0,170,2,1,False,False,True,4.142857,True,True,[],[    0.98245    -0.17495   -0.064644],-4.043222767145621,-9.93464368004848,0.2860170183875386,0.2861963547044515,0.3343598473108462,33.5,4.8803645295548534,14.568252327029413,1.4255601846328363
frame_0,0,85,1,1,False,False,True,1.8378378,True,True,[],[     0.3103     0.20923     0.92733],64.78635515892638,-160.19217471636134,1.5655249447032615,0.22202193584375174,0.19078122526623378,33.5,11.297806415624828,33.724795270521874,1.1012641153455207
frame_1,0,255,3,1,False,False,True,3.6189826,True,True,[],[  -0.023591    0.045588     0.99868],-16.506367774082207,84.15150203056074,1.7873702336951882,0.15605992745643582,0.16361281865833555,33.5,17.89400725435642,53.414947027929614,0.7876458321375615
frame_1,0,170,2,1,False,False,True,5.1929717,True,False,[],,-6.6978133999659795,-3.454281385030492,-1.0,0.2844479823902928,0.28080144861441664,33.5,5.055201760970723,15.090154510360367,1.4442797447305071
frame_1,0,85,1,1,False,False,True,2.0013773,True,True,[],[    0.32171     0.21397     0.92234],55.36722262418034,-164.9569523308512,1.6133795136950602,0.20671380207919038,0.20479791521386742,33.5,12.828619792080964,38.294387439047654,1.0927044767770708
frame_2,0,255,3,1,False,False,True,3.8092334,True,True,[],[   -0.03644    0.036403     0.99867],-12.043578304087776,96.53885362698318,2.3351772044933847,0.12801452557721127,0.1366788871142402,33.5,20.698547442278876,61.78670878292202,0.7986121894944956
frame_2,0,170,2,1,False,False,True,3.1523468,True,True,[],[    0.96412    -0.26127   -0.047028],-2.639376417734832,-15.002552988015779,0.285804386973991,0.2858358745426076,0.3268041738676585,33.5,4.916412545739241,14.67585834549027,1.4246047949890226
frame_2,0,85,1,1,False,False,True,2.2714171,True,True,[],[    0.29314     0.20854     0.93305],55.13666267092746,-169.58059155113284,1.1692851081503939,0.20911402042882432,0.20295099167304692,33.5,12.58859795711757,37.57790434960469,1.0947396695075264
frame_3,0,255,3,1,False,False,True,3.665796,True,True,[],[  0.0099067    0.049021     0.99875],47.891276024070535,-76.10770044197088,2.2649194673678594,0.18647604294510733,0.16425858174829683,33.5,14.852395705489268,44.33550956862468,0.802944542615241
frame_3,0,170,2,1,False,False,True,2.2733488,True,True,[],[    0.91684    -0.39924 -0.00097314],-0.07083689100580104,-23.637351799423712,0.28146096953421207,0.28161446816541746,0.31055932038635026,33.5,5.338553183458256,15.935979652114195,1.4113762551513256
frame_3,0,85,1,1,False,False,True,2.1238444,True,True,[],[    0.29133     0.20723     0.93391],56.821417568135004,-166.23314294655978,1.5550816703870505,0.22101685621726164,0.20295593984180366,33.5,11.398314378273838,34.0248190396234,1.0983678587361203
frame_4,0,255,3,1,False,False,True,3.511206,True,True,[],[   0.015054    0.060349     0.99806],44.340270123405766,-74.83327126140972,2.262916980579928,0.16077815446942145,0.15941290813825995,33.5,17.422184553057857,52.00652105390405,0.8363027467201554
frame_4,0,170,2,1,False,False,True,1.711323,True,True,[],[    0.85026    -0.52608   -0.017455],-1.1170534737593165,-31.95083964507979,0.2798375749903947,0.28007806486245695,0.2884899746412712,33.5,5.492193513754307,16.3946075037442,1.4151437743510662
frame_4,0,85,1,1,False,False,True,2.0074942,True,True,[],[    0.30024     0.21648     0.92897],59.4705290346542,-164.2850841146232,2.0135358062953697,0.18484580339036283,0.18863542933640443,33.5,15.015419660963719,44.82214824168274,1.0913290363517012
frame_5,0,255,3,1,False,False,True,3.859371,True,True,[],[   0.013425    0.055107     0.99839],-36.42510048648781,100.76364622057828,1.894341747378273,0.15212391794476243,0.15764868084483988,33.5,18.28760820552376,54.58987524036944,0.8674040651198515
frame_5,0,170,2,1,False,False,True,1.3280474,True,True,[],[    0.78129    -0.62409  -0.0099538],2.7665777094484985,-39.35887824608535,0.2783359585997991,0.2682371800689156,0.26380378260338444,33.5,6.67628199310844,19.92919997942818,1.412846686058147
frame_5,0,85,1,1,False,False,True,2.0171783,True,True,[],[     0.3299     0.21287      0.9197],52.73362969288368,-164.58798867822182,1.5414673816033273,0.20013246783320587,0.19775183914660294,33.5,13.486753216679414,40.2589648259087,1.090230697167836
frame_6,0,255,3,1,False,False,True,3.9253263,True,True,[],[ -0.0097956    0.033705     0.99938],-32.14537734073402,96.08060739666945,2.2318790526941683,0.13467142068682297,0.1301134871670525,33.5,20.032857931317704,59.79957591438121,0.8940299345612247
frame_6,0,170,2,1,False,False,True,1.1823119,True,True,[],[    0.77175    -0.63561   -0.020064],2.1839379563082386,-40.256045903879425,0.27938221683649733,0.2750014709255175,0.26498609154239644,33.5,5.99985290744825,17.91000867895,1.4141865044950963
frame_6,0,85,1,1,False,False,True,2.1562934,True,True,[],[    0.31896     0.21668     0.92267],55.92735572231828,-169.17458520260755,1.3896845125597672,0.2063026217820071,0.20434875095619986,33.5,12.869737821799292,38.417127826266544,1.0945483890858392
frame_7,0,255,3,1,False,False,True,4.358326,True,True,[],[ -0.0011075    0.035983     0.99935],-35.315764426541115,94.66662957079704,1.880808318562234,0.16916010073343274,0.16930045410626007,33.5,16.583989926656727,49.50444754225889,0.9235315606478722
frame_7,0,170,2,1,False,False,True,1.2971848,True,True,[],[    0.83594    -0.54847   -0.019658],-0.9667767529205842,-33.37380896379863,0.2751912640124812,0.27265455066667665,0.27153920390427266,33.5,6.234544933332336,18.610581890544285,1.4060742656960563
frame_7,0,85,1,1,False,False,True,2.2439406,True,True,[],[    0.33477     0.21228     0.91808],55.49311834784192,-168.04600932378352,1.2308169439155663,0.20649506214331237,0.20373032063412647,33.5,12.850493785668766,38.35968294229482,1.09218296944633
frame_8,0,255,3,1,False,False,True,4.2805686,True,True,[],[   0.010208   -0.002154     0.99995],-37.3506405732443,98.15625795399296,1.956857889119559,0.1656870356084128,0.1660173419471156,33.5,16.93129643915872,50.5411834004738,0.9401755080228746
frame_8,0,170,2,1,False,False,True,1.3799367,True,True,[],[    0.85628    -0.49969     0.13076],7.306602647907104,-30.282311073580914,0.28136394116918556,0.28151001351439997,0.2881015843783806,33.5,5.348998648560005,15.967160144955239,1.4071684398547897
frame_8,0,85,1,1,False,False,True,2.0999928,True,True,[],[    0.32601     0.21186     0.92132],56.72704570679932,-164.89944785470453,1.4245027963600512,0.19731599333005279,0.19601430361382519,33.5,13.768400666994724,41.099703483566344,1.0951252826777371
frame_9,0,255,3,1,False,False,True,4.001895,True,True,[],[  0.0068675    0.062107     0.99805],-32.43114980032883,102.21891961585227,1.4750998823882906,0.1628426543138815,0.16257133297474355,33.5,17.21573456861185,51.39025244361747,0.9467911279758896
frame_9,0,170,2,1,False,False,True,1.795149,True,True,[],[    0.85276    -0.26826     0.44816],12.767713062698604,-17.89148525773507,0.5384898628935625,0.27604576378102974,0.2854628813415403,33.5,5.895423621897028,17.598279468349336,1.4093898156873859
frame_9,0,85,1,1,False,False,True,2.0538778,True,True,[],[    0.31062     0.20747     0.92762],51.35724896622532,-164.2094975815798,1.5379654909176441,0.19676566412090407,0.19354506312137082,33.5,13.823433587909594,41.263980859431626,1.0881935289272895
frame_10,0,255,3,1,False,False,True,3.0924227,True,True,[],[   0.043704     0.12307     0.99144],-35.24765199561958,106.75999780712434,2.0499494644625247,0.1561107056756294,0.15951489134421637,33.5,17.888929432437063,53.3997893505584,0.9621324751970446
frame_10,0,170,2,1,False,False,True,2.9166725,True,True,[],[    0.57379   -0.073139     0.81573],18.698255133928228,-7.949748933625863,1.6687086232092652,0.2621845778585872,0.2612617698617056,33.5,7.281542214141284,21.73594690788443,1.398908286397324
frame_10,0,85,1,1,False,False,True,1.8709565,True,True,[],[    0.32582     0.20185     0.92364],60.7754912237454,-160.09336842149926,1.665763844839151,0.19362870272161758,0.19077289022310584,33.5,14.137129727838243,42.200387247278336,1.1032262965154922
frame_11,0,255,3,1,False,False,True,2.310931,True,True,[],[    0.19479    -0.16854     0.96626],45.41882122199939,-56.66894246704335,0.4317732501545166,0.1769438640281844,0.1779283067857139,33.5,15.805613597181562,47.180936110989734,0.9749399288446324
frame_11,0,170,2,1,False,False,True,4.235616,True,True,[],[    0.25176   -0.040991     0.96692],-2.5855924379946416,3.443397463859201,1.787810982571701,0.28257561153773675,0.2782064069100464,33.5,5.242438846226327,15.649071182765157,1.43313898476826
frame_11,0,85,1,1,False,False,True,1.6473136,True,True,[],[    0.32798      0.1923     0.92491],59.64182126990311,-149.790132725018,1.6176913656371859,0.20225503797567324,0.1926387908494584,33.5,13.274496202432678,39.6253617983065,1.1004476358158832
frame_12,0,255,3,1,False,False,True,1.9911892,True,True,[],[    0.14115   -0.017305     0.98984],-29.99014391764552,123.11885248729425,0.7067247124904069,0.17996113123313145,0.18011520289369198,33.5,15.503886876686856,46.280259333393595,0.9825272319176707
frame_12,0,170,2,1,False,False,True,2.0884511,True,True,[],[    0.87076     0.45035    -0.19739],-11.408437453811661,27.434678566048678,0.28811438857202987,0.2881403864001867,0.28170489507153407,33.5,4.6859613599813335,13.987944358153234,1.4520348796200198
frame_12,0,85,1,1,False,False,True,1.5280604,True,True,[],[    0.33376      0.1933     0.92263],61.357298135663356,-146.53943565197108,1.618051312445628,0.19062214886636042,0.18643476705371964,33.5,14.43778511336396,43.09786601004167,1.0980386165723408
frame_13,0,255,3,1,False,False,True,1.3292512,True,False,[],,25.903039736956757,-39.99085358263219,-1.0,0.17952435513425619,0.17534432452677973,33.5,15.547564486574384,46.410640258430995,0.9860378179880676
frame_13,0,170,2,1,False,False,True,1.6964482,True,True,[],[    0.83653     0.51794    -0.17878],-10.456110194091256,31.70656942811742,0.2921523639457472,0.2921637884900298,0.29719813333828526,33.5,4.283621150997025,12.786928808946344,1.4578223556648557
frame_13,0,85,1,1,False,False,True,1.4700302,True,True,[],[    0.33958     0.19635     0.91985],60.718512912444965,-146.42394719292997,1.6286395206336217,0.19217766209537102,0.18872337773190415,33.5,14.2822337904629,42.633533702874324,1.0984069509954935
frame_14,0,255,3,1,False,False,True,1.1055825,True,False,[],,17.08904122062477,-37.07545645096364,-1.0,0.1751094674961271,0.175363528719089,33.5,15.989053250387292,47.7285171653352,0.988252766303567
frame_14,0,170,2,1,False,False,True,1.7706313,True,False,[],,-11.867286442892079,24.431215707898346,-1.0,0.2887224266139199,0.3050918426221182,33.5,4.627757338608013,13.814201010770185,1.4641581729446587
frame_14,0,85,1,1,False,False,True,1.4829504,True,True,[],[    0.32754     0.19252     0.92502],61.76957237847604,-147.25433768801523,1.6268964360433114,0.1958363288627819,0.1892284336531045,33.5,13.916367113721812,41.54139436931884,1.0981467904936644
frame_15,0,255,3,1,False,False,True,1.3555311,True,False,[],,-14.629493816164445,126.61690359494759,-1.0,0.18282756474868575,0.18089014926149827,33.5,15.217243525131426,45.424607537705754,0.9890649629892074
frame_15,0,170,2,1,False,False,True,2.0240219,True,False,[],,-17.71571536300797,19.66811463846817,-1.0,0.2836036364122321,0.29548413667444773,33.5,5.139636358776794,15.342198085900879,1.4540876563368013
frame_15,0,85,1,1,False,False,True,1.4449214,True,True,[],[    0.32617     0.18372     0.92729],60.39257388018877,-144.27263251213247,1.9443659128793975,0.20708466449087815,0.19500178910527483,33.5,12.791533550912188,38.18368224152892,1.0997203636727604
frame_16,0,255,3,1,False,True,True,1.0878593,True,True,[2],[    0.12454     0.11384     0.98566],20.063655261844062,-35.87531854244985,1.690676177585936,0.17769006611138355,0.17267087181209623,33.5,15.730993388861647,46.958189220482524,0.9960056978619127
frame_16,0,170,2,1,False,True,False,2.2437725,False,False,[3],,-1.0,-1.0,-1.0,-1.0,0.27887841926378587,33.5,,,1.4426681742357244
frame_16,0,85,1,1,False,False,True,1.2796491,True,True,[],[    0.35861     0.18496     0.91498],58.3489054329973,-133.59244491216333,2.1998887928536517,0.20057990474970655,0.1957815656168821,33.5,13.442009525029347,40.125401567251785,1.099009125731712
frame_17,0,255,3,1,False,False,True,1.1922038,True,True,[],[    0.60174    -0.53984     0.58863],24.56317915654304,-44.7393380188749,0.43704346194095856,0.17406414251046892,0.17395815964507264,33.5,16.09358574895311,48.040554474486896,1.0071354560933992
frame_17,0,127,1,1,False,False,True,1.0938019,True,True,[],[    0.36739     0.17421     0.91361],53.36264320039632,-124.78647639430561,2.3126163034188942,0.20648499464139158,0.20265837898184388,33.5,12.851500535860843,38.36268816674879,1.0937450437047835
frame_18,0,255,2,1,False,True,False,3.498979,True,True,[3],[    0.27348  -0.0064695     0.96186],1.984648901424474,0.7254275755455926,1.2698476790767868,0.2811088447249252,0.28256226501110554,33.5,5.389115527507482,16.086912022410395,1.4386978304439595
frame_18,0,170,3,1,False,True,True,1.555786,True,True,[2],[   -0.52242     0.65645    -0.54419],-26.890020145314338,126.5286770495625,0.3975636919294908,0.16869701828184674,0.17224062001304327,33.5,16.630298171815326,49.6426811098965,1.0249945941168175
frame_18,0,85,1,1,False,False,True,1.02258,True,True,[],[    0.38239     0.17691     0.90691],52.17994847679936,-119.9232487614191,2.3024248750590335,0.20223739235765315,0.1984606787877346,33.5,13.276260764234687,39.63062914696921,1.0878818405722335
frame_19,0,255,2,1,False,False,True,4.6079197,True,False,[],,5.622863258896126,-3.3147656627668973,-1.0,0.28697224669033694,0.28982710038379644,33.5,4.802775330966308,14.336642779003906,1.4499226797085543
frame_19,0,127,1,1,False,False,True,1.1172177,True,True,[],[    0.37442     0.17104     0.91135],51.59871834031227,-113.7249018084791,2.216219900754782,0.17360507248388013,0.17334972929642262,33.5,16.13949275161199,48.17759030331937,1.0803939193021506
frame_20,0,255,3,1,False,False,True,1.6206219,True,True,[],[    0.56486    -0.55623     0.60954],-26.8117832538444,131.44599367793975,0.51285889155164,0.17451819483060788,0.17501939144152456,33.5,16.048180516939215,47.90501646847527,1.0690685278031884
frame_20,0,170,2,1,False,False,True,3.9203954,True,True,[],[    0.38923   -0.028575      0.9207],13.473763835094745,-8.928273735544412,0.7215414945393749,0.28191649111143335,0.3110142686540467,33.5,5.308350888856666,15.84582354882587,1.4139618388885125
frame_20,0,85,1,1,False,False,True,1.2062162,True,True,[],[    0.37696     0.15928     0.91243],49.27976287049778,-110.62292925526977,2.2884719451987197,0.17835445136983108,0.17597042232859153,33.5,15.664554863016894,46.759865262737,1.0781094926835597
frame_21,0,255,3,1,False,False,True,1.4920129,True,True,[],[   -0.64582     0.69473    -0.31665],-18.34413599165626,132.96925724269425,0.17489903606328877,0.17479646851631736,0.17751299292753678,33.5,16.020353148368265,47.82194969662169,1.0775732075118152
frame_21,0,170,2,1,False,False,True,4.0974383,True,True,[],[     0.3092  -0.0015631       0.951],12.271014747297592,-7.02292364800227,0.7166457816949202,0.2836095487717428,0.29490263488194046,33.5,5.13904512282572,15.340433202464835,1.4251621275381607
frame_21,0,85,1,1,False,False,True,1.264686,True,True,[],[    0.38562     0.16154      0.9084],48.62845733185589,-106.15359012004059,2.346834793844365,0.18177461407427392,0.17948233173700215,33.5,15.32253859257261,45.738921171858536,1.0766578212374442
frame_22,0,255,3,1,False,False,True,1.2662672,True,True,[],[    0.74587    -0.63875     0.18889],10.691125871481342,-40.4296751655369,0.1760938341619212,0.1758138586834252,0.17384280746171166,33.5,15.918614131657483,47.51825113927607,1.0828260509820467
frame_22,0,170,2,1,False,False,True,3.6686387,True,False,[],,17.374459695516634,-9.400852534153554,-1.0,0.18495455270349026,0.17879923556148156,33.5,15.004544729650975,44.78968576015217,1.392783670303323
frame_22,0,85,1,1,False,False,True,1.4212637,True,True,[],[    0.40927     0.17232     0.89599],52.05126634777406,-95.3613295980681,2.3540884176931107,0.44060153662676715,0.1799907827247589,33.5,10.560153662676713,31.522846754258843,1.0742036271999924
frame_23,0,255,3,1,False,False,True,1.2440388,True,False,[],,-2.3732920811295783,133.33095529031033,-1.0,0.183477012693638,0.1795492565657596,33.5,15.152298730636202,45.23074247951105,1.0801253829173698
frame_23,0,170,2,1,False,False,True,3.7827642,True,True,[],[    0.97597     -0.1436     0.16392],-26.555485717723172,-8.38858594102371,0.28641228265426727,0.2165830665002328,0.21840645892640517,33.5,11.841693349976723,35.34833835813947,1.4047521816290496
frame_23,0,85,1,1,False,False,True,1.5209428,True,True,[],[    0.43165     0.19238     0.88129],-41.56643296787975,83.33458573856049,2.1844813793464346,0.18278759593880584,0.18332756386779256,33.5,15.221240406119419,45.43653852572961,1.0701741421718178
frame_24,0,255,3,1,False,False,True,1.0095389,True,True,[],[    0.22147     0.13446     0.96585],-3.7430427052042425,-38.1850499840681,2.141001775947064,0.186370487702999,0.1835143082770565,33.5,14.862951229700103,44.36701859611971,1.0702218617350412
frame_24,0,170,2,1,False,False,True,4.1373086,True,True,[],[    0.99281    -0.10791    0.051821],3.8260874697844804,-6.122810289392894,0.28535915487087893,0.2857857866450686,0.32445606336989696,33.5,4.921421335493142,14.690809956695947,1.435816296002271
frame_24,0,85,1,1,False,False,True,1.6146213,True,True,[],[    0.41596     0.16392     0.89449],-41.016758718242244,84.98339133546986,2.412839319321902,0.18077838855059258,0.18082544507100928,33.5,15.422161144940743,46.03630192519625,1.0713011980355034
frame_25,0,255,3,1,False,False,True,1.0229276,True,False,[],,8.483876039225406,133.39251556832875,-1.0,0.1838770246171545,0.18045178324935432,33.5,15.112297538284553,45.11133593517777,1.0565555454781337
frame_25,0,170,2,1,False,False,True,4.3034263,True,True,[],[    0.97993   -0.089562     0.17807],9.42698371119742,-5.2672443609394195,0.286777061797292,0.2871700680249025,0.323939191238017,33.5,4.782993197509749,14.277591634357462,1.4609393577927057
frame_25,0,85,1,1,False,False,True,1.703818,True,True,[],[    0.41254     0.15653     0.89739],-42.80373742954047,88.66746609399696,2.36347304567927,0.19215675116445613,0.18764810825206513,33.5,14.284324883554389,42.639775771804146,1.0727574811573388
frame_26,0,255,3,1,False,False,True,1.1294127,True,False,[],,9.482153532636273,128.11685195814164,-1.0,0.1856205840373615,0.18566159001353907,33.5,14.937941596263851,44.59087043660851,1.0441280139009999
frame_26,0,170,2,1,False,False,True,4.6645045,True,True,[],[    0.99976   -0.013138   -0.017334],-0.8239992973247916,-0.7682031175936932,0.28254815937070227,0.2826469555065038,0.2767047455255099,33.5,5.23530444934962,15.627774475670508,1.4946029492599122
frame_26,0,85,1,1,False,False,True,1.7871016,True,True,[],[    0.41923      0.1586     0.89392],-44.61254547547437,91.89632952151109,2.407960964891136,0.1802153144381367,0.1786711493468967,33.5,15.478468556186332,46.20438374980995,1.072253852629581
frame_27,0,255,3,1,False,False,True,1.0447521,True,False,[],,12.178509485575814,134.2151008018117,-1.0,0.18257794867542992,0.1795287403731513,33.5,15.24220513245701,45.499119798379134,1.0297445154302693
frame_27,0,170,2,1,False,False,True,4.544522,True,False,[],,-4.898759712717092,1.0115707772451359,-1.0,0.2784969911088888,0.27337038043330164,33.5,5.65030088911112,16.866569818242148,1.512120136898045
frame_27,0,85,1,1,False,False,True,1.846291,True,True,[],[    0.41998      0.1597     0.89337],49.23248795015575,-85.45485497116508,2.387944588923724,0.2092357347475685,0.1966917774339796,33.5,12.57642652524315,37.54157171714373,1.078001208621809
frame_28,0,255,3,1,False,False,True,1.1190113,True,True,[],[     0.2702     0.17599     0.94658],13.23931901445815,127.24884989657906,2.2812917603177043,0.18513870764938042,0.18417975607090536,33.5,14.98612923506196,44.73471413451331,1.02323167187044
frame_28,0,170,2,1,False,False,True,4.1073856,True,True,[],[    0.99743     0.04477   -0.056022],-5.491335965619675,2.356567299115517,0.2825722127700042,0.28061927701339295,0.2757603896541486,33.5,5.438072298660707,16.233051637793157,1.5254224252451805
frame_28,0,85,1,1,False,False,True,1.9797533,True,True,[],[    0.42382     0.15449     0.89247],47.51420760979492,-79.39392198626346,2.377800256409903,0.19122973990509107,0.18088998720635552,33.5,14.377026009490896,42.91649555071909,1.072435581122277
frame_29,0,255,3,1,False,False,True,1.136385,True,True,[],[    0.18631     0.24928     0.95034],13.139637326231828,128.66107748335511,1.158233636216848,0.18567597818987713,0.1835023351340459,33.5,14.93240218101229,44.5743348686934,1.0207187500589214
frame_29,0,170,2,1,False,False,True,4.164633,True,False,[],,-1.7472787863654309,1.4790389093198826,-1.0,0.2866287080956275,0.27999996424719653,33.5,4.837129190437251,14.439191613245525,1.5246468905140371
frame_29,0,85,1,1,False,False,True,2.2594388,True,True,[],[     0.4369     0.16052     0.88507],46.55736684979532,-76.51492356938371,2.3242602575514857,0.19084656404488687,0.18495626653287559,33.5,14.415343595511315,43.03087640451139,1.070529446557224
frame_30,0,255,3,1,False,False,True,1.036899,True,True,[],[    0.26535     0.14733     0.95283],15.620732746925535,134.2009788530122,2.3235940959785473,0.18627052818475165,0.18302328609491791,33.5,14.872947181524838,44.3968572582831,1.020931121431997
frame_30,0,170,2,1,False,False,True,4.4598756,True,False,[],,-0.3720558927380735,-0.06345284763507365,-1.0,0.2853939754983076,0.28109524691815185,33.5,4.960602450169244,14.807768507967891,1.5240701898451774
frame_30,0,85,1,1,False,False,True,2.559904,True,True,[],[    0.44122     0.15311     0.88424],-43.263578045877225,106.73164724993885,2.447441209918835,0.18115929136847475,0.18073868030823761,33.5,15.384070863152527,45.92259959150008,1.0670850435710881
frame_31,0,255,3,1,False,False,True,1.077058,True,False,[],,12.962294460966609,131.28327255229567,-1.0,0.18481932093295048,0.18165103152617446,33.5,15.018067906704955,44.83005345285061,1.024920677041409
frame_31,0,170,2,1,False,False,True,4.424951,True,True,[],[    0.99421    -0.10503   -0.022511],-1.1238726426735288,-6.047697984798284,0.2851462558200286,0.28536876063690764,0.29888432780421464,33.5,4.9631239363092385,14.815295332266384,1.5166756985737728
frame_31,0,85,1,1,False,False,True,2.8403602,True,True,[],[     0.4502     0.15588     0.87922],61.534181783808044,21.929340114871863,2.438908408843091,1.4666557129992215,1.4682185436948323,33.5,113.16557129992215,337.80767552215565,1.0778807286219538
frame_32,0,255,3,1,False,False,True,1.0543951,True,False,[],,11.239852996455806,134.19915122888096,-1.0,0.18639975755855537,0.1818713461419738,33.5,14.860024244144466,44.35828132580438,1.0282023320662432
frame_32,0,170,2,1,False,False,True,4.300397,True,True,[],[    0.99237     -0.1224   -0.014902],-0.6175823124147847,-6.819235258841605,0.286912824937317,0.28688965673626887,0.35959390867598795,33.5,4.811034326373115,14.361296496636164,1.504337690050176
frame_32,0,85,1,1,False,False,True,3.099223,True,True,[],[    0.45517     0.15433     0.87693],43.623547855478634,-65.30005881577274,2.4559763126086036,0.17650705644260745,0.17665883299577856,33.5,15.849294355739257,47.31132643504256,1.065457823387676
frame_33,0,255,3,1,False,False,True,1.0344906,True,False,[],,-8.00085560868946,-40.17013020134915,-1.0,0.18705755528439114,0.1815381151805765,33.5,14.794244471560889,44.16192379570415,1.0288547079766814
frame_33,0,170,2,1,False,False,True,4.6233444,True,True,[],[    0.99878   -0.049146   0.0040427],0.5719696726078789,-2.8523460620064474,0.28130827424000404,0.28152753173474204,0.28155508631096127,33.5,5.347246826525797,15.96193082545014,1.5371877928827977
frame_33,0,85,1,1,False,False,True,3.5191722,True,True,[],[    0.45977     0.15908     0.87367],42.83544607256734,-62.71268583240373,2.4676663650048827,0.17993356155340146,0.18000439961523929,33.5,15.506643844659857,46.28848908853689,1.064347088784651
frame_34,0,255,3,1,False,False,True,1.1251543,True,False,[],,3.025251662657861,130.252367880732,-1.0,0.18768070683583246,0.18263462185957152,33.5,14.731929316416755,43.97590840721419,1.0292958874065998
frame_34,0,170,2,1,False,False,True,4.4828334,True,True,[],[    0.99385   -0.088298   -0.066847],-2.5651442900866175,-4.885478427780869,0.2828789856943298,0.2835481892515113,0.30248624339209307,33.5,5.14518107484887,15.358749477160808,1.5283237906314442
frame_34,0,85,1,1,False,False,True,3.6154366,True,True,[],[    0.46562     0.15718     0.87091],44.23732501063641,-59.98305641992419,2.401048871141586,0.17924415365348,0.17922994361855293,33.5,15.575584634652001,46.49428249149851,1.0649647448912705
frame_35,0,255,3,1,False,False,True,1.0184076,True,True,[],[    0.29525     0.12627     0.94704],-1.9017780006894822,-40.208621417105086,1.7111657369859552,0.1868221866029649,0.18006453673937117,33.5,14.817781339703512,44.23218310359257,1.0276432238931161
frame_35,0,170,2,1,False,False,True,4.991639,True,True,[],[    0.99832    -0.05173   -0.026156],1.6329412116305333,-2.6020457456290886,0.28752927236772363,0.2887223201867781,0.2833998699931649,33.5,4.627767981322189,13.814232780066238,1.5468168760490333
frame_35,0,85,1,1,False,False,True,3.927837,True,True,[],[    0.47299     0.16638     0.86522],41.95073634475048,-54.08100087492851,2.2345018915796855,0.18454450473425454,0.18548976200539777,33.5,15.045549526574547,44.9120881390285,1.060315164738884
frame_36,0,255,3,1,False,False,True,1.0337557,True,True,[],[     0.2612     0.12078      0.9577],0.9341577761385965,-42.705639403990034,2.1836097835357586,0.1853721275364144,0.18076256180026062,33.5,14.96278724635856,44.66503655629421,1.0251347141474794
frame_36,0,170,2,1,False,False,True,4.591245,True,False,[],,-6.867156735363348,-6.776936328139776,-1.0,0.28080463926965826,0.3235765769354538,33.5,5.419536073034176,16.17771962099754,1.5180380455421558
frame_36,0,85,1,1,False,False,True,3.7527137,True,True,[],[    0.48464     0.16345     0.85931],-36.682520518359055,126.32799677082913,2.287747265764611,0.18228175068000751,0.18435468098288632,33.5,15.27182493199925,45.58753711044552,1.0571194438725056
frame_37,0,255,3,1,False,False,True,1.1136336,True,True,[],[    0.29532     0.12367     0.94736],-3.17118976029253,134.6554836312805,2.2286360015379065,0.1851068108947129,0.18007457084679176,33.5,14.989318910528713,44.74423555381705,1.0227948987907005
frame_37,0,170,2,1,False,False,True,4.7721815,True,False,[],,-5.538592989565392,-4.4507293310031,-1.0,0.28428713973787945,0.2979368449455613,33.5,5.071286026212057,15.13816724242405,1.5384596058907498
frame_37,0,85,1,1,False,False,True,3.6587698,True,True,[],[    0.48808     0.15349      0.8592],-33.690748785419466,128.115633597069,2.5191455131558365,0.17923607334030978,0.177583421900269,33.5,15.576392665969024,46.49669452528067,1.055047707767545
frame_38,0,255,3,1,False,False,True,1.0912147,True,True,[],[    0.44496   -0.063733     0.89328],6.383690129580527,-41.235954783214225,0.7591011928624694,0.18768979226387278,0.18157263479984997,33.5,14.731020773612723,43.973196339142454,1.0253281044129443
frame_38,0,170,2,1,False,False,True,4.8944044,False,False,[],,-1.0,-1.0,-1.0,-1.0,0.3374214424485033,33.5,,,1.5245021405423107
frame_38,0,85,1,1,False,False,True,3.3362083,True,True,[],[      0.492     0.16864     0.85411],-31.76854755744497,128.69642102353214,2.397110654379759,0.1824668946389506,0.18282470274616447,33.5,15.25331053610494,45.53227025702967,1.053640373879842
frame_39,0,255,3,1,False,False,True,1.2502794,True,False,[],,-3.3638834645320035,130.56960756466938,-1.0,0.18719589628587785,0.18616286997969353,33.5,14.780410371412216,44.12062797436482,1.02523599972161
frame_39,0,170,2,1,False,False,True,4.956039,True,False,[],,-0.14750461515606023,-3.966242685098193,-1.0,0.2859920018388374,0.29347455498121944,33.5,4.900799816116264,14.629253182436608,1.523647934927637
frame_39,0,85,1,1,False,False,True,3.1539142,True,True,[],[    0.49379     0.15893     0.85494],-33.241871550837544,132.11560472601246,2.534890285836247,0.1829115411230431,0.18326097013628512,33.5,15.208845887695693,45.399539963270726,1.0529297479810071
frame_40,0,255,3,1,False,False,True,1.1618589,True,True,[],[    0.30735      0.1349     0.94199],4.778424335531656,-43.26366102855799,1.4000466598516303,0.1861343666631769,0.18145943487176802,33.5,14.886563333682313,44.43750248860392,1.0248722416780545
frame_40,0,170,2,1,False,False,True,5.0758505,True,False,[],,-2.101967251080644,-0.7726757895181283,-1.0,0.2856154073368231,0.28552205597834546,33.5,4.9384592663176905,14.741669451694598,1.52643227252988
frame_40,0,85,1,1,False,False,True,2.6499126,True,True,[],[    0.49789     0.18125     0.84809],-33.55167811942214,134.93405460400524,2.2184722171256808,0.17923908154534174,0.18020844617627524,33.5,15.576091845465829,46.49579655362934,1.0529725242943986
frame_41,0,255,3,1,False,False,True,1.1919664,True,True,[],[    0.29268     0.15372     0.94377],-1.131359133074407,133.8893763877867,1.9159766887209677,0.18610837943579472,0.1829885131425954,33.5,14.88916205642053,44.44525986991203,1.0223466839515942
frame_41,0,170,2,1,False,False,True,4.963637,True,False,[],,-1.926782438454931,1.197140472118416,-1.0,0.2876822688707523,0.28282572461793076,33.5,4.7317731129247695,14.124695859476924,1.521010075209301
frame_41,0,85,1,1,False,False,True,2.327904,True,True,[],[    0.49939     0.18687     0.84599],35.61652873920432,-39.84039914494345,2.45466016169409,0.19681448695719106,0.18989072545950225,33.5,13.818551304280897,41.249406878450436,1.054337036038898
frame_42,0,255,3,1,False,False,True,1.1894838,True,False,[],,0.09647449014975482,132.78384368465154,-1.0,0.1851092041836342,0.18103324584481412,33.5,14.989079581636583,44.743521139213684,1.0218178661756143
frame_42,0,170,2,1,False,False,True,5.05764,True,False,[],,-5.965054784688747,-2.6591150504654824,-1.0,0.2697684141518317,0.2742504724143895,33.5,6.523158584816829,19.4721151785577,1.5010442230324288
frame_42,0,85,1,1,False,False,True,2.0486705,True,True,[],[    0.50906     0.18003      0.8417],30.307718881508464,-40.952024285225264,1.9238837359351528,0.18123529973839592,0.17947071940590553,33.5,15.37647002616041,45.89991052585197,1.0498353755779755
frame_43,0,255,3,1,False,False,True,1.0487448,True,True,[],[    0.28804     0.14068     0.94723],-4.656161656611086,-37.32384774227319,1.8041270017515691,0.1624172080959584,0.15670836378426034,33.5,17.258279190404163,51.51725131463929,1.0179515602366667
frame_43,0,170,2,1,False,False,True,5.1231103,True,False,[],,-6.660379175140993,0.08282383152397546,-1.0,0.287209034982966,0.27850778396574305,33.5,4.779096501703401,14.265959706577316,1.4975762759069247
frame_43,0,85,1,1,False,False,True,1.854028,True,True,[],[    0.51769     0.17296      0.8379],26.49215349396662,-41.02859625304529,2.239984675590148,0.17687870828730567,0.17558964848904973,33.5,15.812129171269435,47.20038558587891,1.0464405121080658
frame_44,0,255,3,1,False,False,True,1.1497074,True,True,[],[    0.31783     0.16468     0.93374],-3.1447608266966647,-41.04177283914139,0.948750775573987,0.13861420316704617,0.13778199030652696,33.5,19.638579683295383,58.62262592028472,1.0170390327320789
frame_44,0,170,2,1,False,False,True,4.072182,True,True,[],[     0.1289   0.0032322     0.99165],-5.613249296826626,1.0064574344435244,0.6319089026617348,0.24604804888238527,0.22181393387481882,33.5,8.895195111761476,26.552821229138736,1.5014792717751182
frame_44,0,85,1,1,False,False,True,1.6591003,True,True,[],[    0.51743     0.17636     0.83736],24.79089653909593,-38.767023024873495,2.2028947594898916,0.18209829842748293,0.18314855202492056,33.5,15.290170157251708,45.64229897687077,1.045031127333641
frame_45,0,255,3,1,False,False,True,1.1103784,True,True,[],[    0.27963     0.13714     0.95026],-0.641920439823145,-37.44433694963597,2.2448500371995572,0.13782060870158733,0.1357047870857318,33.5,19.71793912984127,58.85951979057096,1.018362987553454
frame_45,0,170,2,1,False,False,True,3.6628587,True,True,[],[    0.15807    0.027177     0.98705],88.62009254813772,-158.3606213038373,0.918775704150653,0.5241690946688773,0.5394237655534049,33.5,18.916909466887727,56.468386468321576,1.170949146381973
frame_45,0,85,1,1,False,False,True,1.4992412,True,True,[],[     0.5352     0.17353     0.82671],22.583936422589463,-37.01441442232199,2.115521406978237,0.17781618547016298,0.17541096577365584,33.5,15.718381452983705,46.92054165069763,1.0449394384466506
frame_46,0,255,3,1,False,True,True,1.0224065,True,True,[2],[    0.27073     0.13407     0.95327],5.541785581691873,-36.91382267815701,2.2723749798434545,0.12859302312370446,0.12992330601198454,33.5,20.640697687629554,61.61402294814793,1.0194733686554236
frame_46,0,170,2,1,False,True,False,3.1880968,True,True,[3],[    0.15168    0.014995     0.98832],18.307368409413435,-15.223010591016273,0.5540716632210394,0.14103519492262406,0.1326144897873437,33.5,19.396480507737596,57.899941814142075,1.0358009703256792
frame_46,0,85,1,1,False,False,True,1.4387549,True,True,[],[    0.53713     0.16331     0.82754],22.109293108436212,-36.230557758962476,2.3918526587980637,0.18947947135042742,0.18811168816800367,33.5,14.55205286495726,43.438963775991816,1.0438164688785625
frame_47,0,255,3,1,False,True,True,1.1151009,True,True,[2],[    0.31995     0.11638     0.94026],10.250491535419625,-37.88856013339571,1.572820339934209,0.13082179451074288,0.12738045212116458,33.5,20.417820548925715,60.94871805649467,1.0211384270555355
frame_47,0,170,2,1,False,True,False,2.7889025,True,True,[3],[    0.14769  -0.0017294     0.98903],17.18765360653127,14.441960014958468,0.6303457874008862,0.1924974292629814,0.19303199807659716,33.5,14.25025707370186,42.53808081702048,1.4985538331885315
frame_47,0,85,1,1,False,False,True,1.3370439,True,True,[],[    0.54269     0.16237     0.82409],19.560862659316385,-37.202782482669015,2.240544184670907,0.18611122870841434,0.18669283413681004,33.5,14.888877129158567,44.44440934077185,1.0427041364984206
frame_48,0,255,3,1,False,False,True,1.3542181,True,True,[],[    0.28139     0.14241     0.94897],12.737083561152325,-43.64787496056562,1.917193224968249,0.14222588814064574,0.13843109919038188,33.5,19.277411185935428,57.54451100279232,1.023374717207949
frame_48,0,127,1,1,False,False,True,1.2976143,True,True,[],[    0.54379     0.16877     0.82208],19.3352711458245,-35.24580106816659,2.1468319776533726,0.194883208181451,0.19605757398193957,33.5,14.011679181854902,41.82590800553702,1.0414869156203523
frame_49,0,255,2,1,False,True,False,2.5763779,True,True,[3],[      0.191   0.0014133     0.98159],76.38271742739286,-3.067113592110656,0.5260643491386527,0.5259710734353211,0.6365203222936697,33.5,19.09710734353211,57.00629057770779,1.439094018882419
frame_49,0,170,3,1,False,True,True,1.4653562,True,True,[2],[    0.70764     -0.6581     0.25719],15.071618003440802,-42.50584981511353,0.138045613340178,0.13799133812938125,0.13790998670009738,33.5,19.700866187061877,58.80855578227426,1.0251977348031005
frame_49,0,85,1,1,False,False,True,1.1998256,True,True,[],[    0.54675     0.17588     0.81862],20.368548616796556,-31.38210723428004,2.3269840637077417,0.19723307046246985,0.199141338514797,33.5,13.776692953753017,41.124456578367216,1.0398043968233224
frame_50,0,255,3,1,False,False,True,1.4288661,True,True,[],[     0.3133     0.11681     0.94244],16.99619417800644,-40.369800986583755,1.7225085570601653,0.14110249763891936,0.13704530939412957,33.5,19.389750236108068,57.87985145106885,1.0275435999392861
frame_50,0,127,1,1,False,False,True,1.188467,True,True,[],[    0.55186     0.17233     0.81594],19.2182271684514,-31.857938647910654,1.9064951898343974,0.20465712271643355,0.20294717458517358,33.5,13.034287728356647,38.90832157718402,1.0394143311077657
frame_51,0,255,3,1,False,False,True,1.4503715,True,True,[],[    0.36803     0.11143     0.92311],12.233794132244268,-44.2117906063141,1.041639235179744,0.14224316337206605,0.14153272387945698,33.5,19.275683662793398,57.53935421729373,1.028072937731278
frame_51,0,127,1,1,False,False,True,1.0898966,True,True,[],[    0.56424     0.16442     0.80907],17.528576865444798,-30.451356548528786,1.995691730986882,0.20397318881603155,0.20466315051174552,33.5,13.102681118396847,39.112480950438346,1.03714428347759
frame_52,0,255,2,1,False,True,False,2.5993452,True,True,[3],[     0.1888   0.0018785     0.98201],26.411677098563047,12.766544360262447,0.5359792112027861,0.21646091111428356,0.21742283343550478,33.5,11.853908888571645,35.38480265245268,1.4692844321401177
frame_52,0,170,3,1,False,True,True,1.3598602,True,True,[2],[    0.37294    0.089394     0.92354],11.230487369927086,-41.87980779125415,1.2710580466332635,0.1509183871935742,0.1484093861493081,33.5,18.40816128064258,54.949735166097256,1.0295516788623702
frame_52,0,85,1,1,False,False,True,1.0413308,True,True,[],[    0.56928     0.16831     0.80473],17.700506448867078,-29.408379253227697,1.6528800298880297,0.20813930861336616,0.21003377075810414,33.5,12.686069138663386,37.86886310048772,1.0370521543571216
frame_53,0,255,3,1,False,False,True,1.2854079,True,False,[],,-8.678244294954231,134.62852957084377,-1.0,0.1428298965224038,0.1391630988100876,33.5,19.217010347759622,57.36420999331231,1.0312108912533828
frame_53,0,127,1,1,False,False,True,1.0325005,True,True,[],[    0.56796      0.1551     0.80831],16.525613475298364,-29.113148407920196,2.243079786026928,0.2163917895470101,0.21031655968284713,33.5,11.86082104529899,35.405435956116385,1.0359903825724863
frame_54,0,255,3,1,False,False,True,1.3347911,True,True,[],[    0.38139    0.068996     0.92184],-12.702441497388048,134.30030117618236,1.1741751974016372,0.18270526852235308,0.1772019651732794,33.5,15.229473147764693,45.46111387392446,1.034564408089184
frame_54,0,127,1,1,False,False,True,1.0134082,True,True,[],[    0.57124     0.16797     0.80341],16.22299850916958,-28.840361171717525,2.204067582893933,0.2078059670401593,0.20927281680515747,33.5,12.719403295984073,37.96836804771365,1.0340896094220688
frame_55,0,255,1,1,False,False,True,1.0293827,True,True,[],[    0.56657      0.1656      0.8072],14.2917380895672,-29.587139293346212,2.139064798806711,0.20531939659498388,0.20750250245922103,33.5,12.968060340501614,38.710627882094364,1.0325532641475195
frame_56,0,255,3,1,False,False,True,1.4871176,True,True,[],[   -0.67258     0.70488    -0.22534],-12.706492284998891,133.5036080874515,0.14451219644317204,0.14451908097000943,0.1448613125101818,33.5,19.048091902999058,56.85997582984793,1.0312112777946536
frame_56,0,127,1,1,False,False,True,1.0630724,True,True,[],[    0.56483     0.16949     0.80762],11.428222646586992,-30.093425977518855,2.350470051300645,0.20236178388346843,0.2022778303286888,33.5,13.26382161165316,39.593497348218385,1.0304297143494703
frame_57,0,255,3,1,False,False,True,1.5275674,True,True,[],[     0.3874    0.070745     0.91919],18.927241529461266,-43.4143433115313,0.5165051136332015,0.14082556632886462,0.1389208421827237,33.5,19.417443367113542,57.96251751377177,1.0307157492607029
frame_57,0,127,1,1,False,False,True,1.1234566,True,True,[],[    0.57079     0.16886     0.80354],11.721938738297663,-27.545287599062586,2.297119326896575,0.21349551899885477,0.21221680902236234,33.5,12.150448100114525,36.26999432870008,1.0279568685935094
frame_58,0,255,5,1,False,True,False,1.5164349,True,True,[3],[    0.51817   -0.065229     0.85278],26.125544828892348,-42.564186617042246,2.2955010192486887,0.18478126527393413,0.17777016702924758,33.5,15.02187347260659,44.841413351064446,1.0375859942139878
frame_58,0,170,3,1,False,True,False,1.4401778,True,True,[5],[    0.55511    -0.16461     0.81532],23.161885264174554,-38.48587389644804,0.4126711671919632,0.14730980373804392,0.14724783430514457,33.5,18.76901962619561,56.02692425730034,1.0301033449552042
frame_58,0,85,1,1,False,False,True,1.2265035,True,True,[],[    0.57384     0.17688     0.79964],11.871763442311323,-24.75843641734625,2.332482210156583,0.2109827830919523,0.2081322751635789,33.5,12.401721690804774,37.02006474867097,1.0268699617891823
frame_59,0,255,5,1,False,True,False,1.4418904,True,True,[3],[    0.49236   -0.072248     0.86739],-23.901204920492045,129.144564577996,2.3357619144370236,0.20443891460609442,0.1937407120813862,33.5,13.056108539390559,38.97345832653898,1.0357890205069664
frame_59,0,170,3,1,False,True,False,1.6756413,True,True,[5],[   -0.62901     0.69257    -0.35311],-20.79194138863784,132.52210681258322,0.15163111468651086,0.1515520089710109,0.15014209618793717,33.5,18.34479910289891,54.76059433701167,1.0305344081237118
frame_59,0,85,1,1,False,False,True,1.2770842,True,True,[],[    0.57043     0.18228     0.80087],9.935969257095044,-25.554430915251697,2.1886273233670996,0.2079263969051145,0.20958264093874493,33.5,12.707360309488552,37.93241883429418,1.0268380201355485
frame_60,0,255,5,1,False,True,False,1.5836893,True,True,[3],[    0.53916    -0.06941     0.83934],26.684677723553374,-44.40894971108175,1.9575579680158521,0.19843987031360888,0.1842194511889294,33.5,13.656012968639114,40.764217816833174,1.0378560249273032
frame_60,0,170,3,1,False,True,True,1.5254648,True,True,[5],[    0.27628     0.10879      0.9549],22.699544930428022,-42.63145109058305,2.054195782516895,0.14264668012357662,0.13951315062751868,33.5,19.23533198764234,57.41890145564877,1.0320893231052268
frame_60,0,85,1,1,False,False,True,1.2849499,True,True,[],[    0.57338     0.17474     0.80044],8.439901554326648,-26.429601733947347,2.4084643953933194,0.20556951687053243,0.2066132118986847,33.5,12.94304831294676,38.635965113273905,1.0262062063809354
frame_61,0,255,5,1,False,True,False,1.6757883,True,True,[3],[    0.56493   -0.091154     0.82009],25.431762423154172,-41.892417847222475,2.382203948216561,0.21213874132630128,0.2045342907554606,33.5,12.286125867369874,36.6750025891638,1.0376115484677568
frame_61,0,170,3,1,False,True,False,1.4499141,True,True,[5],[    0.38366    0.061741     0.92141],21.94131931738539,-38.978289080381685,1.0133127012231062,0.14613333819182162,0.14407373435439333,33.5,18.88666618081784,56.378108002441316,1.0323258498814043
frame_61,0,85,1,1,False,False,True,1.2897745,True,True,[],[    0.57736     0.17177     0.79821],9.000556902673637,-25.659411303379205,2.3558206992232473,0.20355219568544508,0.20106642444675815,33.5,13.144780431455494,39.23815054165819,1.0267530891083374
frame_62,0,255,5,1,False,True,False,1.6057898,True,True,[3],[    0.54641   -0.085112     0.83318],-23.212417131369353,128.08973561373156,2.0057175702244017,0.21202007075277873,0.20973201312004552,33.5,12.297992924722129,36.71042664096158,1.0381977053693954
frame_62,0,170,3,1,False,True,False,1.7557324,True,True,[5],[    0.42919   -0.028836     0.90275],-23.041442408142277,129.42863855537362,0.9950190625262467,0.17304854361654187,0.17024921399106135,33.5,16.195145638345814,48.34371832342034,1.0350542199810533
frame_62,0,85,1,1,False,False,True,1.3370533,True,True,[],[     0.5796      0.1813     0.79448],8.667945518067311,-25.37150796585499,1.7531843670984595,0.21109623271927602,0.20823216509875087,33.5,12.3903767280724,36.98619918827582,1.025859714187422
frame_63,0,255,5,1,False,True,False,1.7804561,True,True,[3],[    0.51863   -0.059968     0.85289],26.722072954947137,-41.963937070174744,2.0477221580188605,0.2075994515746269,0.20133254643689433,33.5,12.740054842537313,38.03001445533526,1.0412539126431066
frame_63,0,170,3,1,False,True,True,1.5624382,True,True,[5],[    0.49271    -0.12911     0.86056],25.457155050179477,-41.324426375466324,0.503580047677476,0.17353073015143872,0.16816645262655186,33.5,16.14692698485613,48.199782044346655,1.0377910089743683
frame_63,0,85,1,1,True,False,True,1.3806131,,False,[],,,,,,,33.5,,,
frame_64,0,255,5,1,False,True,False,1.7560006,True,True,[3],[     0.5829   -0.064574     0.80997],-25.834182783251226,130.55544179272772,2.4102283192020253,0.21602050335364043,0.1832069533302374,33.5,11.89794966463596,35.51626765562973,1.0439514587948922
frame_64,0,170,3,1,False,True,False,1.7202628,True,True,[5],[    0.27997     0.13149     0.95096],-24.97596965558322,132.8435874873726,2.091732189363529,0.1718171886699883,0.1699799562866821,33.5,16.31828113300117,48.711286964182605,1.0398857939024402
frame_64,0,85,1,1,True,False,True,1.3925879,,False,[],,,,,,,33.5,,,
frame_65,0,255,3,1,False,False,True,1.8557103,True,True,[],[    0.30741    0.078303     0.94835],-25.00124602879246,130.1196209459575,1.981214092530984,0.17547345738189568,0.17263177837609628,33.5,15.952654261810434,47.61986346809085,1.0411283501515296
frame_65,0,127,1,1,True,False,True,1.445863,,False,[],,,,,,,33.5,,,
frame_66,0,255,2,1,False,True,False,3.563894,True,True,[3],[    0.63261    0.066567      0.7716],-12.875028019486386,9.944730989015758,0.9110420784574753,0.2790696170337912,0.27432932738144145,33.5,5.593038296620883,16.695636706330998,1.3459366211809134
frame_66,0,170,3,1,False,True,True,1.8475966,True,True,[2],[     0.3204     0.02501     0.94695],-26.400082303857353,134.0191122057892,1.963253941937766,0.18801480968305828,0.17681597266477034,33.5,14.698519031694174,43.87617621401246,1.03951851240379
frame_66,0,85,1,1,True,False,True,1.5125327,,False,[],,,,,,,33.5,,,
frame_67,0,255,2,1,False,True,False,3.3863854,True,True,[3],[    0.41672   0.0041226     0.90903],-17.705749405573346,12.28481437624403,1.4535238933913441,0.27796127870246096,0.2765764023097352,33.5,5.703872129753906,17.026483969414645,1.3400916950456028
frame_67,0,170,3,1,False,True,True,1.8249356,True,True,[2],[    0.50998    -0.40698     0.75782],-24.04352077883129,129.7308229212548,0.5517648055987068,0.1906444987805389,0.1790959784084331,33.5,14.435550121946111,43.09119439386899,1.04106511735105
frame_67,0,85,1,1,True,False,True,1.572946,,False,[],,,,,,,33.5,,,
frame_68,0,255,2,1,False,True,False,3.46996,True,True,[3],[    0.66108    0.061579     0.74778],-13.013654903459138,10.959136125915133,1.7604785674419547,0.28218128388623787,0.2735737262629998,33.5,5.281871611376215,15.76678092948124,1.3441684471072186
frame_68,0,170,3,1,False,True,True,1.7436955,True,True,[2],[    0.45999    -0.25167     0.85151],-25.50637201051547,133.15381988376635,0.4541297243698762,0.18352432654791995,0.17990238385513854,33.5,15.147567345208007,45.216618940919425,1.0422050093781114
frame_68,0,85,1,1,True,False,True,1.5300719,,False,[],,,,,,,33.5,,,
frame_69,0,255,2,1,False,False,True,3.5715444,False,False,[],[    0.67052    0.065765     0.73897],-1.0,-1.0,-1.0,-1.0,0.24948675437761247,33.5,,,1.3826913549474529
frame_69,0,127,1,1,True,False,True,1.5702789,,False,[],,,,,,,33.5,,,
frame_70,0,255,3,1,False,True,True,1.6846178,True,True,[2],[    0.44605    -0.22731     0.86566],-28.458371072510765,132.3806255355664,0.561361647586561,0.20407128078616088,0.1781593631022317,33.5,13.092871921383914,39.08319976532512,1.0411554330719672
frame_70,0,170,2,1,False,True,False,3.8267481,True,True,[3],[    0.33649   -0.026158     0.94132],-20.979144379886325,5.2523027202473935,1.1353414121423144,0.2778879196282022,0.2807127213086552,33.5,5.711208037179782,17.048382200536665,1.33753164430411
frame_70,0,85,1,1,True,False,True,1.5253879,,False,[],,,,,,,33.5,,,
frame_71,0,255,3,1,False,True,True,1.7938652,True,True,[2],[    0.37448   -0.044715     0.92616],-30.78218672962402,131.2002090109571,1.343372088898698,0.18266165811075263,0.17796807046715818,33.5,15.233834188924739,45.474131907238025,1.041588221566867
frame_71,0,170,2,1,False,True,False,3.8516798,True,True,[3],[    0.37914   -0.024063     0.92503],-18.532954682942567,7.548846972547621,1.6983127477119195,0.2803485634451622,0.27628696522269486,33.5,5.465143655483784,16.31386165816055,1.3431199725145773
frame_71,0,85,1,1,True,False,True,1.5110768,,False,[],,,,,,,33.5,,,
frame_72,0,255,3,1,False,False,True,1.9921978,True,True,[],[    0.32818    0.044403     0.94357],-29.5483989977235,126.82775547825784,1.6389059815991895,0.17897134386984714,0.1764560072658198,33.5,15.602865613015288,46.57571824780683,1.0408537613639677
frame_72,0,170,2,1,False,False,True,3.942468,True,False,[],,-19.783551474881467,7.29569365521312,-1.0,0.28218171851696094,0.27818799695423163,33.5,5.281828148303908,15.766651188966888,1.3477990891415752
frame_72,0,85,1,1,True,False,True,1.6109507,,False,[],,,,,,,33.5,,,
frame_73,0,255,3,1,False,False,True,1.9701723,True,True,[],[    0.39581    -0.07325     0.91541],-33.17537020690775,132.19510424430683,0.7107877134210454,0.17745347689812907,0.1753476345014332,33.5,15.754652310187096,47.02881286623013,1.0399562497537223
frame_73,0,170,2,1,False,False,True,3.8893683,True,True,[],[     0.4448    0.014757     0.89551],19.94756637058622,10.608100792570385,2.031048652099716,0.33671916204046626,0.3306860489813321,33.5,0.17191620404662378,0.5131826986466381,1.4387302067020644
frame_73,0,85,1,1,True,False,True,1.7008637,,False,[],,,,,,,33.5,,,
frame_74,0,255,3,1,False,False,True,2.063671,True,True,[],[    0.49197    -0.34521     0.79925],-30.241444356524124,128.22764468341907,0.15720211222520197,0.17885486310152832,0.17711020422997142,33.5,15.61451368984717,46.61048862640946,1.0383247053657954
frame_74,0,170,2,1,False,False,True,4.2786274,True,True,[],[     0.9037    0.030143     -0.4271],-16.121524230544928,3.0097666146096005,0.27818736535021155,0.28397619274309394,0.2820081264660297,33.5,5.102380725690608,15.230987240867488,1.3418112623593288
frame_74,0,85,1,1,True,False,True,1.8654249,,False,[],,,,,,,33.5,,,
frame_75,0,255,3,1,False,False,True,1.949704,True,True,[],[   -0.55943     0.64369     -0.5222],-31.788501380423725,131.60703763681428,0.18622327362382496,0.18556683280581787,0.18184951847787,33.5,14.943316719418215,44.606915580352876,1.0395601690355614
frame_75,0,170,2,1,False,False,True,4.578271,True,True,[],[    0.44654    0.018438     0.89457],-17.58700044649147,2.6244805909879307,2.062676888617437,0.29228971065597475,0.29085770972528985,33.5,4.271028934402526,12.74934010269411,1.3422406038725205
frame_75,0,85,1,1,True,False,True,1.9324038,,False,[],,,,,,,33.5,,,
frame_76,0,255,3,1,False,False,True,1.9557683,True,True,[],[    0.46134    -0.24144     0.85374],-32.427100321299754,130.6851838903294,0.4142465082132307,0.1805882446779563,0.17628872888365194,33.5,15.44117553220437,46.093061290162304,1.0408701970745091
frame_76,0,170,2,1,False,False,True,4.377303,True,False,[],,-16.236792943507563,4.653303434420112,-1.0,0.2897060197756505,0.2847610544726571,33.5,4.5293980224349495,13.52059111174612,1.3464606503974161
frame_76,0,85,1,1,True,False,True,1.9548843,,False,[],,,,,,,33.5,,,
frame_77,0,255,3,1,False,False,True,2.0797713,True,True,[],[   -0.51266     0.65381    -0.55652],-32.23334720323407,127.11040314651243,0.2201858473997682,0.17790232189499655,0.17541456248235507,33.5,15.709767810500347,46.89482928507566,1.042034890650817
frame_77,0,170,2,1,False,False,True,4.3246264,True,True,[],[     0.8946    0.045787    -0.44451],-26.63276195724352,2.94545544021345,0.278642226407468,0.2781688944824177,0.2734363236980355,33.5,5.68311055175823,16.964509109726063,1.3589579063980173
frame_77,0,85,1,1,True,False,True,1.9101534,,False,[],,,,,,,33.5,,,
frame_78,0,255,3,1,False,False,True,2.0380235,True,True,[],[    0.30385    0.064887     0.95051],38.082934462268554,-46.51224467378224,2.059197200793908,0.1854143244178944,0.17588068874497162,33.5,14.95856755821056,44.652440472270335,1.0420342422192659
frame_78,0,170,2,1,False,False,True,4.125613,True,True,[],[    0.37744  -0.0097497     0.92598],-18.457351290304146,6.412580988709561,1.965725741087664,0.28587043837736625,0.2807072988463306,33.5,4.912956162263376,14.66554078287575,1.346158589598107
frame_78,0,85,1,1,True,False,True,1.7520833,,False,[],,,,,,,33.5,,,
frame_79,0,255,3,1,False,False,True,2.1614676,True,True,[],[   -0.50549     0.66421    -0.55073],-33.36721770793707,127.42766744154498,0.1859320881374652,0.1813714156483649,0.1820754617255444,33.5,15.362858435163512,45.859278910935856,1.042729718956693
frame_79,0,170,2,1,False,False,True,4.717016,True,True,[],[    0.76123   -0.037021    -0.64743],-20.66160998067534,-0.30281106310780714,0.2598972562755648,0.28380635424849165,0.2781621697860698,33.5,5.119364575150836,15.28168529895772,1.3412840293482622
frame_79,0,85,1,1,True,False,True,1.5837721,,False,[],,,,,,,33.5,,,
frame_80,0,255,3,1,False,False,True,2.3773577,True,True,[],[     0.4649    -0.47725     0.74572],-31.1193464473122,122.91028778194136,0.24917716763127118,0.18334648946224885,0.17802527837630588,33.5,15.165351053775117,45.26970463813468,1.042680980777368
frame_80,0,170,2,1,False,False,True,4.865736,True,True,[],[    0.40943   -0.019251     0.91214],-16.843508786763085,3.38907605874464,1.973553741861195,0.28791760047990816,0.2833332540911341,33.5,4.708239952009185,14.054447617937866,1.339575513836573
frame_80,0,85,1,1,True,False,True,1.6466936,,False,[],,,,,,,33.5,,,
frame_81,0,255,3,1,False,False,True,2.024464,True,True,[],[    0.49351    -0.44473     0.74744],38.154744506484846,-46.35620042179179,0.47517413806343156,0.1857940424553709,0.18083890604179131,33.5,14.920595754462912,44.539091804366905,1.0456617554093495
frame_81,0,170,2,1,False,False,True,4.3841505,True,True,[],[    0.39701   -0.017007     0.91766],-18.72389195899113,5.815943187259182,1.8455529022331008,0.28750855993395524,0.2838073192744355,33.5,4.749144006604478,14.176549273446204,1.3367427444422895
frame_81,0,85,1,1,True,False,True,1.9022065,,False,[],,,,,,,33.5,,,
frame_82,0,255,3,1,False,False,True,2.2942882,True,True,[],[   -0.46423     0.71195     -0.5269],-31.747075540397866,123.1050187551007,0.18147607032410418,0.1813035356772652,0.17871163692374992,33.5,15.369646432273482,45.879541588876066,1.044978484523268
frame_82,0,170,2,1,False,False,True,4.26828,True,True,[],[    0.53347    0.015138     0.84568],-15.651559107718265,4.856689534005791,2.008887680079626,0.2902037817596178,0.28769746490420584,33.5,4.4796218240382215,13.372005444890215,1.3357401441381147
frame_82,0,85,1,1,True,False,True,2.0025692,,False,[],,,,,,,33.5,,,
frame_83,0,255,3,1,False,False,True,2.314632,True,True,[],[   -0.47802     0.68364    -0.55148],-33.44137322434799,124.97031926371913,0.1836264074923668,0.18365503203907563,0.18218061260014426,33.5,15.134496796092439,45.177602376395335,1.043641639211249
frame_83,0,170,2,1,False,False,True,3.883556,True,True,[],[    0.39655   0.0050595       0.918],-31.81025290684894,7.88808005387505,1.8887266177100606,0.2732786138470166,0.27734266213139047,33.5,6.172138615298339,18.424294374024893,1.3658720424605741
frame_83,0,85,1,1,True,False,True,2.0480273,,False,[],,,,,,,33.5,,,
frame_84,0,255,3,1,False,False,True,2.090011,True,True,[],[    0.49566    -0.38373     0.77915],39.9545476944362,-47.709574628819446,0.3460810200289699,0.18011980125611982,0.1752944595796203,33.5,15.488019874388021,46.23289514742693,1.0455501282751387
frame_84,0,170,2,1,False,False,True,4.066174,True,True,[],[    0.33758   -0.016417     0.94115],-19.633054500909115,3.9446068619742025,1.4721599120148199,0.28511084001847964,0.2782424244480238,33.5,4.988915998152038,14.892286561647875,1.3312248740094985
frame_84,0,85,1,1,True,False,True,1.9613594,,False,[],,,,,,,33.5,,,
frame_85,0,255,3,1,False,False,True,2.3453412,True,True,[],[   -0.45843     0.66922    -0.58479],-35.67859461771602,124.40208231113037,0.17905529769830153,0.17909702400248217,0.17658845846493115,33.5,15.590297599751784,46.53820179030384,1.0444839155679113
frame_85,0,170,2,1,False,False,True,3.9608784,True,True,[],[    0.41567   -0.012286     0.90943],-18.88553509655298,7.145739670175391,1.4735786764883707,0.2887405818716705,0.28473398521434534,33.5,4.625941812832951,13.80878153084463,1.3316542969321326
frame_85,0,85,1,1,True,False,True,1.9738083,,False,[],,,,,,,33.5,,,
frame_86,0,255,3,1,False,False,True,2.6054928,True,True,[],[   -0.41966     0.67329    -0.60875],-37.29831591739508,121.98794711542347,0.18201590257237377,0.18125759713528034,0.1829885127852512,33.5,15.374240286471968,45.893254586483486,1.0444757703716836
frame_86,0,170,2,1,False,False,True,4.0916705,True,True,[],[     0.4375  -0.0085138     0.89918],-20.185362992920197,4.779984058546297,1.9763846192122252,0.2885833785260469,0.28294384729977384,33.5,4.641662147395315,13.855707902672581,1.3327064145750496
frame_86,0,85,1,1,True,False,True,1.9671197,,False,[],,,,,,,33.5,,,
frame_87,0,255,3,1,False,False,True,2.4376962,True,True,[],[   -0.40702     0.68459    -0.60471],-37.35110091900776,121.43072779963752,0.1785263492747473,0.17861788876472862,0.18489682951153857,33.5,15.63821112352714,46.68122723440937,1.0434481228864791
frame_87,0,170,2,1,False,False,True,4.1646295,True,True,[],[    0.82121    0.055496    -0.56792],-19.451965547477286,6.077494401212945,0.27362029934186205,0.2929052018789142,0.28595277548276266,33.5,4.2094798121085795,12.565611379428596,1.3274574444708687
frame_87,0,85,1,1,True,False,True,1.9020196,,False,[],,,,,,,33.5,,,
frame_88,0,255,3,1,False,False,True,2.6300278,True,True,[],[    0.37197    -0.47398     0.79811],-29.239118842891855,114.02447615235589,0.51950737720529,0.1844835892363757,0.17839885730771704,33.5,15.051641076362433,44.93027186973861,1.0427208862482775
frame_88,0,170,2,1,False,False,True,4.237457,True,True,[],[    0.41901   -0.010819     0.90792],-20.45474297485008,4.390630837985794,2.064722572879336,0.2873287094268038,0.2826406137748035,33.5,4.767129057319624,14.23023599199888,1.3219909293811485
frame_88,0,85,1,1,True,False,True,1.9584097,,False,[],,,,,,,33.5,,,
frame_89,0,255,3,1,False,False,True,2.4610906,True,True,[],[   -0.40516     0.75064    -0.52191],-31.018907913399012,118.10898363084746,0.1804244864834219,0.18049110520905853,0.17746324079042974,33.5,15.45088947909415,46.1220581465497,1.0476975790123446
frame_89,0,170,2,1,False,False,True,4.0788655,True,True,[],[    0.36863  -0.0067723     0.92955],-19.38549221056024,7.0645579708742225,2.0417488315245045,0.29168939566851865,0.2852026243546865,33.5,4.331060433148137,12.92853860641235,1.3254619704096484
frame_89,0,85,1,1,True,False,True,2.047428,,False,[],,,,,,,33.5,,,
frame_90,0,255,3,1,False,False,True,2.120708,True,True,[],[    0.47343    -0.50658     0.72059],41.62747571915435,-50.202798182518826,0.30244175399968165,0.17898305800033742,0.17963830997774988,33.5,15.601694199966259,46.5722214924366,1.0482966054618628
frame_90,0,170,2,1,False,False,True,3.8796332,True,True,[],[    0.34098   -0.010029     0.94002],-20.663949515608515,7.786218514736372,1.401166144504029,0.2871290432799641,0.2852057473767008,33.5,4.787095672003594,14.2898378268764,1.3226902809405336
frame_90,0,85,1,1,True,False,True,2.0958157,,False,[],,,,,,,33.5,,,
frame_91,0,255,3,1,False,False,True,2.3015118,True,True,[],[    0.44522    -0.55097     0.70584],-38.050853939468645,124.46757392646005,0.30845268027848083,0.176590334347293,0.17622958273282702,33.5,15.840966565270703,47.286467359017024,1.0495174137128662
frame_91,0,170,2,1,False,False,True,3.892516,True,True,[],[    0.36597   -0.017168     0.93047],-35.90815630034299,5.066314658167854,1.7175908861665519,0.27013544668964123,0.2862591042573335,33.5,6.486455331035879,19.36255322697277,1.356942616908922
frame_91,0,85,1,1,True,False,True,2.0391994,,False,[],,,,,,,33.5,,,
frame_92,0,255,3,1,False,False,True,2.7632635,True,True,[],[   -0.38149     0.73176    -0.56479],-34.3524344550503,117.5212513895891,0.18434045826132506,0.18437760299769235,0.18430864107339584,33.5,15.062239700230768,44.961909552927665,1.046811223258133
frame_92,0,170,2,1,False,False,True,3.8958666,True,True,[],[    0.45605    0.021449      0.8897],-20.246315110450645,7.87814999875954,2.102691333035767,0.28818849662127505,0.28301787023244196,33.5,4.681150337872497,13.973583098126857,1.3242481672616009
frame_92,0,85,1,1,True,False,True,1.9959823,,False,[],,,,,,,33.5,,,
frame_93,0,255,3,1,False,False,True,2.590223,True,True,[],[   -0.42574     0.65456    -0.62474],-38.35145971177739,122.96407617432581,0.1768837411837516,0.17687952659222939,0.17864354660061582,33.5,15.812047340777063,47.200141315752425,1.048462101542462
frame_93,0,170,2,1,False,False,True,4.10167,True,True,[],[    0.44924    0.025397     0.89305],-22.973904646970247,4.406423312856476,2.0311832318635306,0.29000904640052444,0.2874058479035187,33.5,4.4990953599475585,13.430135402828533,1.3170374349176948
frame_93,0,85,1,1,True,False,True,2.0443778,,False,[],,,,,,,33.5,,,
frame_94,0,255,3,1,False,False,True,2.9434946,True,True,[],[   -0.37421     0.73993    -0.55899],-33.94060805382409,116.93221575192764,0.17525576760798622,0.17527945607009687,0.17710436861289539,33.5,15.972054392990314,47.67777430743377,1.0494262550137408
frame_94,0,170,2,1,False,False,True,4.111762,True,True,[],[    0.36442  -0.0028668     0.93123],-22.430871274880353,6.719832868101239,1.739352055205163,0.2873716014422613,0.2821954645795083,33.5,4.762839855773871,14.217432405295138,1.315527097979377
frame_94,0,85,1,1,True,False,True,2.0912776,,False,[],,,,,,,33.5,,,
frame_95,0,255,3,1,False,False,True,2.8842432,True,True,[],[   -0.38365      0.7104    -0.59004],-35.91022477687335,118.21527934955284,0.17869684203052405,0.17835062906952848,0.1820860075683628,33.5,15.664937093047154,46.76100624790195,1.0508142410992085
frame_95,0,170,2,1,False,False,True,3.8783572,True,True,[],[    0.39868   -0.024193     0.91677],-34.746540865301554,7.259944933777425,1.5663734151091027,0.27320593499491225,0.2844615350017518,33.5,6.179406500508778,18.445989553757546,1.3455977276516036
frame_95,0,85,1,1,True,False,True,2.1031082,,False,[],,,,,,,33.5,,,
frame_96,0,255,3,1,False,False,True,2.766008,True,True,[],[   -0.40471     0.68511    -0.60567],-37.012503511935066,120.62362409650063,0.17726312942025502,0.17731915128246756,0.1797574179858717,33.5,15.768084871753246,47.06891006493506,1.0465594026949498
frame_96,0,170,2,1,False,False,True,4.0806575,True,True,[],[    0.54968    0.043319     0.83425],-33.98245701093863,3.675107615788144,1.5055325067655203,0.27420059687148934,0.2696292696948754,33.5,6.079940312851067,18.149075560749456,1.3370775634841043
frame_96,0,85,1,1,True,False,True,2.1373682,,False,[],,,,,,,33.5,,,
frame_97,0,255,3,1,False,False,True,2.763617,True,True,[],[    0.35039    -0.21387     0.91186],-36.753524023530204,119.8026071302963,0.7291164746274973,0.18253172641008952,0.18197101232604523,33.5,15.24682735899105,45.51291748952552,1.0461159032357235
frame_97,0,170,2,1,False,False,True,4.2171884,False,False,[],,-1.0,-1.0,-1.0,-1.0,0.2468994532000543,33.5,,,1.3492223503800156
frame_97,0,85,1,1,True,False,True,2.0981405,,False,[],,,,,,,33.5,,,
frame_98,0,255,3,1,False,False,True,2.7145166,True,True,[],[   -0.40165     0.69686    -0.59419],-36.35873524785554,120.05781684262504,0.1818163049460111,0.18127233279847244,0.1784951642200025,33.5,15.37276672015276,45.88885588105301,1.046764521209561
frame_98,0,170,2,1,False,False,True,4.105914,True,True,[],[    0.46134    0.022149     0.88695],-22.266846116627992,6.589243668863025,2.2160529361258208,0.2911905409869594,0.28737701695277773,33.5,4.380945901304062,13.077450451653917,1.3092150954841115
frame_98,0,85,1,1,True,False,True,2.083876,,False,[],,,,,,,33.5,,,
frame_99,0,255,2,1,False,False,True,4.069246,True,True,[],[    0.37675  -0.0051618      0.9263],-20.030650586731365,6.343419757730416,1.7163377950495942,0.2913851706537217,0.2852933053064888,33.5,4.361482934627831,13.019352043665167,1.306426618190477
frame_99,0,127,1,1,True,False,True,2.2075524,,False,[],,,,,,,33.5,,,
frame_100,0,255,2,1,False,False,True,4.072277,True,False,[],,-20.36199763712985,5.9794863244725684,-1.0,0.29096958435144077,0.28477839568115504,33.5,4.403041564855926,13.143407656286346,1.3028218153237883
frame_100,0,127,1,1,True,False,True,2.1969972,,False,[],,,,,,,33.5,,,
frame_101,0,255,3,1,False,False,True,2.5671408,True,True,[],[    0.34763    -0.19374      0.9174],-39.55493431032699,121.38477834633468,0.6536047967283763,0.17704931863011075,0.1772994066859637,33.5,15.795068136988927,47.149457125340085,1.0474637120538985
frame_101,0,170,2,1,False,False,True,4.051529,True,True,[],[    0.54332    0.049173     0.83808],-21.519191268927816,6.115588362215984,2.15652882842436,0.2931550533427149,0.28997211332071327,33.5,4.184494665728511,12.49102885292093,1.3030540698060091
frame_101,0,85,1,1,True,False,True,2.1683652,,False,[],,,,,,,33.5,,,
frame_102,0,255,3,1,False,False,True,3.0396762,True,True,[],[    -0.3322     0.78819    -0.51806],-31.368480756185903,113.00081024949789,0.17750831476094003,0.1774550494984527,0.18267324905081606,33.5,15.754495050154732,47.02834343329771,1.0459277496090182
frame_102,0,170,2,1,False,False,True,4.267129,True,True,[],[    0.35026  -0.0020345     0.93665],-29.90048140158437,3.517118150215283,1.793942288165951,0.2837314337637708,0.2773735967961868,33.5,5.126856623622922,15.304049622754992,1.313123460843072
frame_102,0,85,1,1,True,False,True,2.2969043,,False,[],,,,,,,33.5,,,
frame_103,0,255,2,1,False,False,True,4.2143493,True,True,[],[    0.30937   -0.015586     0.95081],-35.6258738686976,3.9360211437360455,1.308352521580626,0.2706369718003481,0.2666510438626245,33.5,6.4363028199651895,19.212844238702058,1.3173223284337794
frame_103,0,127,1,1,True,False,True,2.3752458,,False,[],,,,,,,33.5,,,
frame_104,0,255,2,1,False,False,True,4.1959715,True,True,[],[    0.55724     0.04224     0.82928],-21.8334925343406,4.348115279151212,2.1280778183472933,0.28578557561797474,0.2820249133267001,33.5,4.9214424382025275,14.690872949858292,1.2947816868389355
frame_104,0,127,1,1,True,False,True,2.4068315,,False,[],,,,,,,33.5,,,
frame_105,0,255,3,1,False,False,True,3.0477629,True,True,[],[   -0.33074     0.78001    -0.53121],-32.053693057366175,112.94251289904358,0.1801907094358436,0.1802296783235402,0.1838209351235559,33.5,15.477032167645982,46.20009602282383,1.0468344670118288
frame_105,0,170,2,1,False,False,True,3.9219117,True,True,[],[    0.37022   -0.010004     0.92889],-21.12350396427046,9.54154292115413,1.7466841900965637,0.28989802392705266,0.28692614795995014,33.5,4.510197607294736,13.463276439685778,1.2939871255490927
frame_105,0,85,1,1,True,False,True,2.3523438,,False,[],,,,,,,33.5,,,
frame_106,0,255,3,1,False,False,True,2.5249963,True,True,[],[    0.44023    -0.59451     0.67287],42.44219337153175,-53.1445589475775,0.17207647748771693,0.17178073943983974,0.17444426539146834,33.5,16.32192605601603,48.722167331391134,1.0476307437073913
frame_106,0,170,2,1,False,False,True,3.987556,True,True,[],[    0.38569   -0.015227      0.9225],-32.0751357739791,3.7442648408614985,1.8263552849296354,0.27740224101792954,0.27339000473650565,33.5,5.759775898207048,17.193360890170293,1.3083521061246728
frame_106,0,85,1,1,True,False,True,2.365445,,False,[],,,,,,,33.5,,,
frame_107,0,255,3,1,False,False,True,2.6218505,True,True,[],[   -0.39172     0.69882     -0.5985],-36.861660026274556,119.39057463753191,0.18721885069368505,0.18722258763894006,0.18938393233064027,33.5,14.777741236105996,44.11266040628655,1.0451225946257423
frame_107,0,170,2,1,False,False,True,4.144425,True,True,[],[    0.40753   -0.026192     0.91282],-23.06037433721769,6.39916788596721,1.8591496023898637,0.29031985320614084,0.28086832383336824,33.5,4.4680146793859175,13.33735725189826,1.2896251273554369
frame_107,0,85,1,1,True,False,True,2.3679016,,False,[],,,,,,,33.5,,,
frame_108,0,255,3,1,False,False,True,3.0446029,True,True,[],[   -0.31581     0.77926    -0.54131],-32.814251635739915,112.25721075002875,0.18130234244831978,0.18127202847684065,0.18527170262705522,33.5,15.372797152315936,45.88894672333115,1.0432725996328895
frame_108,0,170,2,1,False,False,True,4.0006905,True,True,[],[    0.35027   -0.026148     0.93628],-20.184958473806642,9.100782340699666,1.7590922446745496,0.28947724060269914,0.28533605150255303,33.5,4.552275939730088,13.58888340217937,1.2844999984586247
frame_108,0,85,1,1,True,False,True,2.500285,,False,[],,,,,,,33.5,,,
frame_109,0,255,3,1,False,False,True,2.5660224,True,True,[],[   -0.40798     0.65028    -0.64085],-39.6613592748869,122.14798027435697,0.1777715764988841,0.17778987746638464,0.1816595419398595,33.5,15.721012253361538,46.928394786153845,1.045013998167582
frame_109,0,170,2,1,False,False,True,3.9343855,True,True,[],[     0.4954    0.019932     0.86844],-21.47783585520712,9.130832624025766,2.1255397163944343,0.2908026704086853,0.28470882974396095,33.5,4.419732959131473,13.193232713825292,1.2837996541717906
frame_109,0,85,1,1,True,False,True,2.5552123,,False,[],,,,,,,33.5,,,
frame_110,0,255,3,1,False,False,True,2.6125646,True,True,[],[   -0.37604     0.73334     -0.5664],-34.32961314848512,117.18481534502305,0.173828807202971,0.17386231952444398,0.17855144473491333,33.5,16.113768047555606,48.10080014195704,1.0432595592372271
frame_110,0,170,2,1,False,False,True,4.0404305,True,False,[],,-20.442528174509977,5.137928550352035,-1.0,0.29524016927384666,0.28974083810221885,33.5,3.9759830726153353,11.868606186911448,1.2821162061543765
frame_110,0,85,1,1,True,False,True,2.5369415,,False,[],,,,,,,33.5,,,
frame_111,0,255,3,1,False,False,True,2.4985566,True,True,[],[   -0.40197     0.72092    -0.56452],-34.3040688945756,119.17914098811929,0.18088222091184047,0.17934071736163493,0.18656883080127526,33.5,15.56592826383651,46.46545750398958,1.043553498342976
frame_111,0,170,2,1,False,False,True,4.253558,True,True,[],[    0.39556   -0.026242     0.91806],-35.83512174670327,4.644249140539475,1.962626625786845,0.277073352644936,0.2766872264422292,33.5,5.792664735506403,17.29153652389971,1.3040647859518584
frame_111,0,85,1,1,True,False,True,2.4935412,,False,[],,,,,,,33.5,,,
frame_112,0,255,2,1,False,False,True,4.26775,True,True,[],[    0.73711    0.068267    -0.67231],-43.54261547025773,5.458552329639483,0.26411088933536964,0.2627828354469593,0.27191840418424,33.5,7.2217164553040725,21.557362553146486,1.3121737805704596
frame_112,0,127,1,1,True,False,True,2.4744525,,False,[],,,,,,,33.5,,,
frame_113,0,255,3,1,False,False,True,2.57111,True,True,[],[   -0.38043     0.71875    -0.58195],-35.40075501991172,117.83131135056284,0.1829889448045391,0.183074956540625,0.1832518987497349,33.5,15.192504345937502,45.350759241604486,1.0485469560871368
frame_113,0,170,2,1,False,False,True,4.3649073,True,True,[],[    0.41868  -0.0098477     0.90808],-21.313786361024153,6.034427032816913,2.0810766550259574,0.2935976961911364,0.2922330914079722,33.5,4.140230380886361,12.358896659362273,1.2859932195301724
frame_113,0,85,1,1,True,False,True,2.5036557,,False,[],,,,,,,33.5,,,
frame_114,0,255,3,1,False,False,True,2.4396124,True,True,[],[   -0.42109     0.66874    -0.61275],-37.80439347792486,122.32921880149513,0.17832643790844172,0.1776277236988959,0.180326042134817,33.5,15.737227630110413,46.97679889585198,1.0507290943319911
frame_114,0,170,2,1,False,False,True,4.2239385,True,True,[],[    0.81788    0.035891    -0.57427],-22.63140217331252,5.256705057457736,0.2746592750585899,0.28869443937779476,0.28159715434845567,33.5,4.630556062220526,13.82255540961351,1.2873538492971166
frame_114,0,85,1,1,True,False,True,2.5179749,,False,[],,,,,,,33.5,,,
frame_115,0,255,3,1,False,False,True,2.4099257,True,True,[],[   -0.40516     0.68657    -0.60371],-37.20295696258213,120.66298127512061,0.18187283789752118,0.1807933951219366,0.1817428976893658,33.5,15.420660487806343,46.03182235166072,1.0523185225225196
frame_115,0,170,2,1,False,False,True,4.240016,True,True,[],[    0.42935   -0.019387     0.90293],-29.168092823526365,4.724805255885158,1.8549875609866635,0.27939977990480636,0.2760403141542638,33.5,5.560022009519367,16.597080625430944,1.3011037060196946
frame_115,0,85,1,1,True,False,True,2.6349475,,False,[],,,,,,,33.5,,,
frame_116,0,255,3,1,False,False,True,2.5399837,True,True,[],[   -0.37925     0.73025    -0.56824],-34.37382458385484,117.111056780821,0.18093674415993766,0.1804337208006328,0.18500203258973802,33.5,15.456627919936722,46.13918782070663,1.0513851721357377
frame_116,0,170,2,1,False,False,True,4.120762,True,True,[],[    0.82315    0.091259    -0.56045],-34.16644565266311,6.330140554338664,0.2751530797779497,0.2750710015248337,0.27392516706513015,33.5,5.992899847516631,17.889253276169047,1.3107582270447278
frame_116,0,85,1,1,True,False,True,2.6399662,,False,[],,,,,,,33.5,,,
frame_117,0,255,3,1,False,False,True,2.4439695,True,True,[],[   -0.40025     0.69241    -0.60031],-36.88264511470528,120.02125180447955,0.1811226747636232,0.18118269707488288,0.18266862956003044,33.5,15.381730292511714,45.9156128134678,1.0532796982129415
frame_117,0,170,2,1,False,False,True,4.059094,True,True,[],[    0.44903    0.011415     0.89345],-19.622773071367487,6.22644415145075,2.2740511446381957,0.2928684757915777,0.2889356488097947,33.5,4.213152420842231,12.576574390573825,1.2829732736302228
frame_117,0,85,1,1,True,False,True,2.6371868,,False,[],,,,,,,33.5,,,
frame_118,0,255,2,1,False,False,True,4.299689,True,True,[],[    0.45059  -0.0064084     0.89271],-25.479753871654875,5.789303163060357,2.0980465490660034,0.2889545580929008,0.2785645423510041,33.5,4.60454419070992,13.74490803196991,1.2791200528813624
frame_118,0,127,1,1,True,False,True,2.674958,,False,[],,,,,,,33.5,,,
frame_119,0,255,3,1,False,False,True,2.450154,True,True,[],[    -0.3966     0.71637    -0.57404],-35.09983210711433,119.07347979862193,0.1821979810732427,0.18218267992661874,0.18238127467010495,33.5,15.281732007338128,45.61711046966606,1.0504324407186765
frame_119,0,170,2,1,False,False,True,4.5072837,True,True,[],[    0.30818   -0.021076     0.95109],-20.486822166755193,4.282175394562339,1.0207798152022556,0.2923338039765455,0.29001059096490134,33.5,4.26661960234545,12.736177917449107,1.2730442206276225
frame_119,0,85,1,1,True,False,True,2.608292,,False,[],,,,,,,33.5,,,
frame_120,0,255,2,1,False,False,True,4.54545,True,False,[],,-20.528052915259256,4.978127459261351,-1.0,0.29092679069515065,0.29034161457614605,33.5,4.4073209304849374,13.15618188204459,1.272713310461011
frame_120,0,127,1,1,True,False,True,2.4588454,,False,[],,,,,,,33.5,,,
frame_121,0,255,2,1,False,False,True,4.6344223,True,True,[],[    0.41236   -0.015727     0.91089],-29.090255294235583,2.180553513155015,1.4092788184473515,0.28520127482052776,0.29284585718742606,33.5,4.979872517947226,14.865291098349928,1.2744104210202816
frame_121,0,127,1,1,True,False,True,2.4211462,,False,[],,,,,,,33.5,,,
frame_122,0,255,3,1,False,False,True,2.3766053,True,True,[],[   -0.42041      0.6724    -0.60921],-36.933103876961766,121.58805485126044,0.17946211702820747,0.17967233061442411,0.181840391733247,33.5,15.532766938557591,46.36646847330624,1.0508988515116662
frame_122,0,170,2,1,False,False,True,4.0791664,True,True,[],[    0.47251    0.017562     0.88115],-21.13376781762535,8.856414917797899,2.2530547938809553,0.29228719841809264,0.28732856555843345,33.5,4.271280158190738,12.750090024449964,1.273732721586071
frame_122,0,85,1,1,True,False,True,2.580318,,False,[],,,,,,,33.5,,,
frame_123,0,255,3,1,False,False,True,2.3740973,True,True,[],[   -0.40422     0.67789    -0.61406],-37.9208916900171,120.87348253617029,0.18240428950884902,0.18246384592945908,0.18275124788253322,33.5,15.253615407054093,45.53318031956446,1.052064480844023
frame_123,0,170,2,1,False,False,True,4.2203417,True,True,[],[    0.40352   -0.016112     0.91483],-23.69114142870185,5.856825978829026,1.9473497218948073,0.29171975319106735,0.2863758903767235,33.5,4.328024680893266,12.919476659382884,1.2691222667935569
frame_123,0,85,1,1,True,False,True,2.6502385,,False,[],,,,,,,33.5,,,
frame_124,0,255,2,1,False,False,True,4.3527865,True,False,[],,-21.590316105802728,3.4323946958300624,-1.0,0.2904912455677693,0.28746006043275507,33.5,4.450875443223073,13.286195352904695,1.2638837159727592
frame_124,0,127,1,1,True,False,True,2.5092888,,False,[],,,,,,,33.5,,,
frame_125,0,255,2,1,False,False,True,4.336964,True,True,[],[    0.35718   0.0014029     0.93403],-22.394986478790308,6.788930131736806,1.713594266739471,0.2859134265449781,0.28011000763480537,33.5,4.908657345502193,14.652708494036396,1.2651261508605818
frame_125,0,127,1,1,True,False,True,2.495767,,False,[],,,,,,,33.5,,,
frame_126,0,255,3,1,False,False,True,2.2314777,True,True,[],[    -0.4284     0.65429    -0.62321],-38.3944791326307,123.09073367629793,0.18260422421449563,0.1822490398846407,0.1820829359600042,33.5,15.275096011535933,45.597301526972934,1.0540212116245358
frame_126,0,170,2,1,False,False,True,4.021783,True,True,[],[    0.39442   -0.014899     0.91881],-22.59596549751334,9.62588796587085,1.9778036488589605,0.29036417799374364,0.2855936725848854,33.5,4.463582200625638,13.324125972016828,1.2629483935144759
frame_126,0,85,1,1,True,False,True,2.562404,,False,[],,,,,,,33.5,,,
frame_127,0,255,3,1,False,False,True,2.1112304,True,True,[],[   -0.44739     0.66172    -0.60163],-36.948505020116784,124.10844192722065,0.17973493328908574,0.17974060967031058,0.1822120106837101,33.5,15.525939032968944,46.34608666557894,1.0528403274443467
frame_127,0,170,2,1,False,False,True,4.0814366,True,True,[],[    0.53981   -0.011507     0.84171],-30.187647168865897,4.514328596070327,2.1478521105786723,0.28255169419362225,0.2768924231099624,33.5,5.244830580637777,15.656210688470976,1.279423953915624
frame_127,0,85,1,1,True,False,True,2.6276445,,False,[],,,,,,,33.5,,,
frame_128,0,255,3,1,False,False,True,2.1241207,True,True,[],[   -0.43298     0.68662    -0.58402],-35.99737105709158,122.93583198933422,0.1822161189041337,0.18184594427048717,0.18091561125019714,33.5,15.315405572951285,45.71762857597398,1.0550972433542223
frame_128,0,170,2,1,False,False,True,4.195884,True,True,[],[    0.41442   -0.016192     0.90994],-23.384709497787252,5.750348095922531,2.012594375080365,0.2881206694968842,0.27834017375886405,33.5,4.687933050311583,13.993830000930096,1.259228436965642
frame_128,0,85,1,1,True,False,True,2.5738838,,False,[],,,,,,,33.5,,,
frame_129,0,255,3,1,False,False,True,2.1179297,True,True,[],[   -0.43394      0.6647    -0.60818],-37.575835901773374,123.44486140156143,0.1813985792108116,0.18119764729011678,0.18039944323763793,33.5,15.380235270988324,45.911150062651714,1.0539299555385815
frame_129,0,170,2,1,False,False,True,4.1165586,True,False,[],,-22.135056966832643,8.635759065365132,-1.0,0.29103240189898744,0.28645107379960044,33.5,4.396759810101258,13.124656149555994,1.2571758863052636
frame_129,0,85,1,1,True,False,True,2.5171678,,False,[],,,,,,,33.5,,,
frame_130,0,255,3,1,False,False,True,2.0544572,True,True,[],[   -0.45434     0.64301    -0.61653],-38.4497939866267,125.82804786133552,0.17733239939273926,0.1772460197823854,0.17689730089754818,33.5,15.775398021761461,47.09074036346705,1.055547947329278
frame_130,0,170,2,1,False,False,True,4.1642427,True,True,[],[    0.48023   -0.017715     0.87697],-23.315762190435787,7.185527962669492,2.160571574047358,0.2905576597368982,0.28435713711175603,33.5,4.444234026310184,13.266370227791594,1.2528030297989237
frame_130,0,85,1,1,True,False,True,2.6068773,,False,[],,,,,,,33.5,,,
frame_131,0,255,3,1,False,False,True,2.104494,True,True,[],[   -0.43081     0.68648     -0.5858],-35.88406739374816,122.21897508949472,0.18174377396856733,0.18105998388980504,0.18182514883515952,33.5,15.394001611019497,45.95224361498357,1.053577894219956
frame_131,0,170,2,1,False,False,True,4.050874,True,False,[],,-23.832478133310616,6.966773855370431,-1.0,0.28631838443942886,0.28079346643596925,33.5,4.868161556057116,14.531825540469,1.254360932583531
frame_131,0,85,1,1,True,False,True,2.6435523,,False,[],,,,,,,33.5,,,
frame_132,0,255,3,1,False,False,True,2.1595876,True,True,[],[   -0.43519     0.68698    -0.58195],-35.681558903686835,122.578457009374,0.18229767419042653,0.18231054453696738,0.18114239488347803,33.5,15.268945546303264,45.57894192926348,1.0512330761322608
frame_132,0,170,2,1,False,False,True,3.8778012,True,True,[],[     0.4478   -0.011306     0.89406],-17.907012547174457,6.0966742500339475,2.129374579588679,0.29493246635980586,0.2919784207708574,33.5,4.006753364019416,11.960457803043033,1.2367656125778446
frame_132,0,85,1,1,True,False,True,2.6179867,,False,[],,,,,,,33.5,,,
frame_133,0,255,3,1,False,False,True,1.9718909,True,True,[],[   -0.47627     0.64563    -0.59693],-37.0729833544443,127.00489970626987,0.17936015499238533,0.179233418290202,0.17857654075342408,33.5,15.576658170979801,46.49748707755165,1.0552897164207733
frame_133,0,170,2,1,False,False,True,4.11207,True,True,[],[    0.40002  -0.0089898     0.91646],-25.297321537281537,5.653284365614285,2.2241844697031947,0.28672427674528683,0.2809257097347425,33.5,4.827572325471319,14.41066365812334,1.2486080174616576
frame_133,0,85,1,1,True,False,True,2.5129774,,False,[],,,,,,,33.5,,,
frame_134,0,255,3,1,False,False,True,1.9093795,True,True,[],[   -0.47577     0.63301    -0.61069],-38.004433854306576,127.38703571429757,0.18215772549368303,0.18140813721003024,0.18051411301709847,33.5,15.359186278996978,45.848317250737246,1.0526204806740627
frame_134,0,170,2,1,False,False,True,4.3383474,True,True,[],[    0.32705  -0.0098375     0.94495],-24.36833751692474,4.4481178537717705,1.1550048630883656,0.2917223143080376,0.28954137179904427,33.5,4.327768569196245,12.91871214685446,1.2447879354277847
frame_134,0,85,1,1,True,False,True,2.544665,,False,[],,,,,,,33.5,,,
frame_135,0,255,2,1,False,False,True,4.078206,True,True,[],[    0.41053   -0.029745     0.91136],-21.80887510177191,9.228722789155146,1.7318614596535375,0.2923018899327652,0.2903996780520297,33.5,4.269811006723484,12.745704497682041,1.2467712064767045
frame_135,0,127,1,1,True,False,True,2.6307678,,False,[],,,,,,,33.5,,,
frame_136,0,255,3,1,False,False,True,1.8893671,True,True,[],[    0.43511    -0.54894     0.71368],-38.62327623266708,125.88375484300148,0.190819549692387,0.18929409568746658,0.18426552170056112,33.5,14.570590431253343,43.4942997947861,1.054902988958183
frame_136,0,170,2,1,False,False,True,4.0720267,True,False,[],,-24.201464129638328,7.198556667705733,-1.0,0.28819904366358273,0.28344392356487436,33.5,4.680095633641729,13.970434727288744,1.2476405506754242
frame_136,0,85,1,1,True,False,True,2.586663,,False,[],,,,,,,33.5,,,
frame_137,0,255,3,1,False,False,True,1.9625626,True,True,[],[   -0.44259     0.65335     -0.6142],-38.05306423127579,124.43958360985197,0.1819074427160844,0.1806675455253166,0.17899319026983673,33.5,15.433245447468341,46.06938939542788,1.0567514906661437
frame_137,0,170,2,1,False,False,True,4.2576504,True,True,[],[    0.46805   -0.015959     0.88356],-22.954167976873094,4.9885400252240775,2.086649127714349,0.28840978223483915,0.28245298820774245,33.5,4.659021776516087,13.907527691092797,1.2456702643531865
frame_137,0,85,1,1,True,False,True,2.5376425,,False,[],,,,,,,33.5,,,
frame_138,0,255,3,1,False,False,True,2.151913,True,True,[],[   -0.41369     0.66462    -0.62221],-36.55913223809528,121.2818854139359,0.18300194370178402,0.1817603831067155,0.18063077731532023,33.5,15.323961689328453,45.74316922187598,1.059271493666555
frame_138,0,170,2,1,False,False,True,4.2307596,True,True,[],[    0.42125    0.024986      0.9066],-24.164313745637873,7.536991320812956,2.176581783750146,0.290833141544425,0.2848770152095837,33.5,4.4166858455575,13.184136852410447,1.2462510292224254
frame_138,0,85,1,1,True,False,True,2.552631,,False,[],,,,,,,33.5,,,
frame_139,0,255,3,1,False,False,True,2.1223602,True,True,[],[    0.40758    -0.52761     0.74532],-37.22950595238137,123.42342082314718,0.22333715294962087,0.1799680610967278,0.1769401971938821,33.5,15.503193890327221,46.27819071739469,1.0601336780376516
frame_139,0,170,2,1,False,False,True,4.375444,True,True,[],[    0.38381   -0.010733     0.92335],-24.42838389484511,5.681035914897823,2.2059908657258065,0.29262302530691864,0.2838707660288065,33.5,4.237697469308138,12.64984319196459,1.2436457655356905
frame_139,0,85,1,1,True,False,True,2.5944407,,False,[],,,,,,,33.5,,,
frame_140,0,255,3,1,False,False,True,2.1156287,True,True,[],[   -0.44259     0.66932    -0.59677],-35.4035607512355,123.14079212283112,0.1770152756180361,0.1775310357947314,0.1764453201565002,33.5,15.746896420526863,47.00566095679661,1.0602306044505583
frame_140,0,170,2,1,False,False,True,4.30678,True,True,[],[    0.80421    0.033207    -0.59342],-25.638586253250065,4.306447890103149,0.2800472100046841,0.2889154258897717,0.28501222677592536,33.5,4.608457411022831,13.756589286635318,1.2449624435143838
frame_140,0,85,1,1,True,False,True,2.7181938,,False,[],,,,,,,33.5,,,
frame_141,0,255,3,1,False,False,True,2.1239467,True,True,[],[   -0.42544     0.69186    -0.58338],-35.71149362066753,121.6461041680399,0.17909040697499423,0.17887944485293228,0.17921594011902914,33.5,15.612055514706775,46.60315079016948,1.0603008236486955
frame_141,0,170,2,1,False,False,True,4.13015,True,False,[],,-21.434336615427842,7.838380623761273,-1.0,0.2912215953529748,0.2873531977061021,33.5,4.377840464702521,13.068180491649317,1.2431595013766426
frame_141,0,85,1,1,True,False,True,2.6166403,,False,[],,,,,,,33.5,,,
frame_142,0,255,3,1,False,False,True,1.840746,True,True,[],[   0.089522    0.089999     0.99191],38.87194961286676,-50.69163073275134,1.9563484793582744,0.18668949225849363,0.18181310244750976,33.5,14.83105077415064,44.27179335567355,1.0630609142861032
frame_142,0,170,2,1,False,False,True,4.0095115,True,True,[],[     0.3316   -0.024013     0.94312],-24.061752849208556,8.968385926825123,1.3233942849707447,0.28967564561805376,0.28408077459189973,33.5,4.532435438194627,13.529658024461572,1.2416127488687116
frame_142,0,85,1,1,True,False,True,2.5820067,,False,[],,,,,,,33.5,,,
frame_143,0,255,3,1,False,False,True,1.9180357,True,True,[],[    0.28843    -0.27787     0.91629],-34.94935575151807,123.07350303582794,1.17633650889687,0.18517094204259565,0.17894655450923008,33.5,14.982905795740436,44.725091927583385,1.0621757688352165
frame_143,0,170,2,1,False,False,True,4.203828,True,True,[],[    0.48892   0.0019012     0.87233],-24.200794075657868,4.286068336839642,2.337974312513505,0.28947570705964043,0.28425588981226046,33.5,4.552429294035959,13.589341176226743,1.2376826203065554
frame_143,0,85,1,1,True,False,True,2.643696,,False,[],,,,,,,33.5,,,
frame_144,0,255,3,1,False,False,True,2.0696855,True,True,[],[    0.40885    -0.61304     0.67603],-33.96727711903074,120.9272218982085,0.17519257203788952,0.17906522941222902,0.178738328171269,33.5,15.5934770587771,46.547692712767464,1.060942944685618
frame_144,0,170,2,1,False,False,True,4.184542,True,True,[],[     0.2645  -0.0069315     0.96436],-23.66260098718429,6.197436151318799,1.1404737573433275,0.29064243574135085,0.28416041916430507,33.5,4.435756425864917,13.241063957805723,1.2368413658280049
frame_144,0,85,1,1,True,False,True,2.752838,,False,[],,,,,,,33.5,,,
frame_145,0,255,3,1,False,False,True,1.8268026,True,True,[],[    0.48737    -0.60489     0.62974],39.52597723849899,-50.80472306070158,0.18235846587731153,0.18057329648865117,0.18006505501615905,33.5,15.442670351134884,46.09752343622354,1.0626800808059835
frame_145,0,170,2,1,False,False,True,4.2548976,True,True,[],[    0.31086   -0.012283     0.95038],-24.20986166991852,5.137121374833276,1.1813332261698672,0.2873089504008034,0.2819604555541443,33.5,4.769104959919662,14.23613420871541,1.2375011262567002
frame_145,0,85,1,1,True,False,True,2.6304932,,False,[],,,,,,,33.5,,,
frame_146,0,255,3,1,False,False,True,1.9277663,True,True,[],[   0.091119    0.070906     0.99331],-34.47888107329626,122.35315781693981,1.7716459129051618,0.17900831564628605,0.17724125585375683,33.5,15.599168435371396,46.56468189663103,1.0617431087206497
frame_146,0,170,2,1,False,False,True,4.431284,True,True,[],[    0.36272   -0.021338     0.93165],-24.916815088843563,4.0756526832358935,1.2242262689505272,0.29076885045052075,0.2857328157653375,33.5,4.423114954947927,13.203328223725155,1.2325130579385306
frame_146,0,85,1,1,True,False,True,2.5903447,,False,[],,,,,,,33.5,,,
frame_147,0,255,3,1,False,False,True,1.9368601,True,True,[],[   0.088576    0.056743     0.99445],-35.35264321828031,121.93680596967238,1.7741200503217374,0.18205408254586242,0.1806484458947925,33.5,15.29459174541376,45.65549774750376,1.0643848703385086
frame_147,0,170,2,1,False,False,True,4.2960405,True,False,[],,-36.83579944359793,5.544903993406541,-1.0,0.2768177057456247,0.27311336047249324,33.5,5.818229425437532,17.367849031156812,1.2595605217168178
frame_147,0,85,1,1,True,False,True,2.6494627,,False,[],,,,,,,33.5,,,
frame_148,0,255,3,1,False,False,True,1.7404854,True,True,[],[    0.18348   -0.056369     0.98141],-36.966513931811214,128.5467612447316,1.2633571848091776,0.1776209887280361,0.1737321245516952,33.5,15.737901127196391,46.9788093349146,1.0662302489799187
frame_148,0,170,2,1,False,False,True,4.310921,True,True,[],[    0.25378    -0.01523     0.96714],-24.816104604015095,4.798580126009843,1.0086744266225978,0.29116857734092216,0.28439592085448284,33.5,4.383142265907786,13.084006763903838,1.234863562421734
frame_148,0,85,1,1,True,False,True,2.6731703,,False,[],,,,,,,33.5,,,
frame_149,0,255,3,1,False,False,True,1.8536633,True,True,[],[   0.090494    0.032083     0.99538],-34.534358569243004,123.25303876625414,1.6118624582414864,0.18231221032678768,0.17969011894523687,33.5,15.268778967321234,45.57844467857085,1.063291352718722
frame_149,0,170,2,1,False,False,True,4.646763,True,False,[],,-22.234886890932163,2.438570777948127,-1.0,0.2910939924212398,0.28826449701892154,33.5,4.390600757876023,13.106270919032905,1.2246672275702395
frame_149,0,85,1,1,True,False,True,2.6830187,,False,[],,,,,,,33.5,,,
frame_150,0,255,3,1,False,False,True,1.7814322,True,True,[],[   0.080184     0.03237     0.99625],-35.17114417330772,126.0167761017416,2.0356362419853937,0.18105782775348944,0.17865635561260335,33.5,15.394217224651058,45.95288723776435,1.062168473338976
frame_150,0,170,2,1,False,False,True,4.529131,True,True,[],[    0.25376   -0.020022     0.96706],-24.525872024797987,5.37661554219263,1.2555291922670173,0.2937919495631023,0.289927321174995,33.5,4.120805043689773,12.300910578178428,1.2292337836583456
frame_150,0,85,1,1,True,False,True,2.726711,,False,[],,,,,,,33.5,,,
frame_151,0,255,3,1,False,False,True,1.7339993,True,True,[],[    0.12439   -0.028072     0.99184],-33.383356070649334,126.27896421664708,2.060138607598376,0.17901224962964057,0.17704631759272227,33.5,15.598775037035944,46.56350757324162,1.0615106243226262
frame_151,0,170,2,1,False,False,True,3.9646525,True,False,[],,-25.755727864888467,10.798869211130103,-1.0,0.2883277002378532,0.28452168431018765,33.5,4.667229976214681,13.932029779745317,1.2284685302043612
frame_151,0,85,1,1,True,False,True,2.8302233,,False,[],,,,,,,33.5,,,
frame_152,0,255,3,1,False,False,True,1.6968071,True,True,[],[   0.074531    0.034095     0.99664],-32.78408570516427,126.2720182102327,1.7630200307997737,0.17996840937605624,0.17811542207879055,33.5,15.503159062394378,46.278086753416055,1.0661221236317369
frame_152,0,170,2,1,False,False,True,3.8238056,True,True,[],[    0.50963   -0.016977     0.86022],-34.46673143396364,7.726472938134627,1.5283238937876644,0.2766664695702869,0.27497626344243276,33.5,5.8333530429713125,17.412994158123322,1.2471910740018275
frame_152,0,85,1,1,True,False,True,2.823402,,False,[],,,,,,,33.5,,,
frame_153,0,255,3,1,False,False,True,1.5290754,True,True,[],[   0.018619     0.13109      0.9912],-34.13965253134189,131.115651468333,1.142730225995162,0.18192800297302902,0.17946107658183302,33.5,15.3071997026971,45.69313344088686,1.064460295733839
frame_153,0,170,2,1,False,False,True,4.59955,True,True,[],[     0.5204   -0.034429     0.85323],-22.522841524588838,0.16561789393263895,1.6148513319938005,0.2922593849138087,0.2874697820915558,33.5,4.274061508619131,12.758392563042184,1.2224525648298483
frame_153,0,85,1,1,True,False,True,2.820903,,False,[],,,,,,,33.5,,,
frame_154,0,255,3,1,False,False,True,1.5603874,True,True,[],[   0.016553     0.10554     0.99428],-31.620652136079613,127.25569384907412,1.1042858249189307,0.18590790917555405,0.18314745812647598,33.5,14.909209082444598,44.50510173864059,1.0629789335724642
frame_154,0,170,2,1,False,False,True,5.3236823,True,True,[],[    0.34081   -0.016895     0.93998],-21.74942424151319,-1.6448331406717145,1.635391511261804,0.29118900535741343,0.2943649955260277,33.5,4.381099464258659,13.07790884853331,1.210882206302331
frame_154,0,85,1,1,True,False,True,2.7463415,,False,[],,,,,,,33.5,,,
frame_155,0,255,3,1,False,False,True,1.692101,True,True,[],[   0.049236    0.036657     0.99811],-29.168475154068226,125.09156854383717,1.1331221329677168,0.18024083249558898,0.177215877732619,33.5,15.475916750441105,46.196766419227174,1.0614044744466442
frame_155,0,170,2,1,False,False,True,5.483072,True,True,[],[    0.50587   -0.022927      0.8623],-25.169216443182197,1.2678304891224894,2.196057348931542,0.2839949664345597,0.2770112043649849,33.5,5.100503356544034,15.225383153862786,1.2169882144628619
frame_155,0,85,1,1,True,False,True,2.7934253,,False,[],,,,,,,33.5,,,
frame_156,0,255,3,1,False,False,True,1.3538431,True,True,[],[   0.037758    0.096371     0.99463],32.00563179784213,-40.0019370864961,1.1373337068160367,0.17633919750768606,0.17447191443415083,33.5,15.866080249231395,47.36143357979521,1.0628327303919298
frame_156,0,170,2,1,False,False,True,4.9169655,True,True,[],[    0.33982  -0.0093852     0.94044],-23.54126005773005,3.8549609210073474,1.7113183094923528,0.284286865282184,0.28057137750351013,33.5,5.071313471781602,15.13824916949732,1.212254508174471
frame_156,0,85,1,1,True,False,True,2.943598,,False,[],,,,,,,33.5,,,
frame_157,0,255,3,1,False,False,True,1.3896627,True,True,[],[   0.068744    0.028711     0.99722],-28.167128541873574,131.19169183507557,1.3755946656863172,0.18546399149804593,0.18393386904263265,33.5,14.953600850195409,44.63761447819525,1.0617036194959357
frame_157,0,170,2,1,False,False,True,4.4585524,True,True,[],[    0.44071   -0.016295      0.8975],-31.853588636652653,3.136500893647569,2.1572548999808787,0.2778955156000109,0.27265258929862096,33.5,5.710448439998911,17.046114746265406,1.2295578898617585
frame_157,0,85,1,1,True,False,True,2.8822575,,False,[],,,,,,,33.5,,,
frame_158,0,255,3,1,False,False,True,1.4658222,True,True,[],[   0.078971   -0.014755     0.99677],-26.976968058281045,127.47820430725507,1.397851350543174,0.1807452140737721,0.18018141032792911,33.5,15.425478592622794,46.04620475409789,1.0620760142662282
frame_158,0,170,2,1,False,False,True,4.76287,True,True,[],[    0.53534   -0.034078     0.84395],-30.14411283406813,2.0860496158553086,1.4438969789932925,0.28080903027104065,0.2799126619143724,33.5,5.419096972895937,16.176408874316227,1.2300661528143435
frame_158,0,85,1,1,True,False,True,2.8613148,,False,[],,,,,,,33.5,,,
frame_159,0,255,3,1,False,False,True,1.1611063,True,True,[],[   0.019122    0.076645     0.99688],28.996626355444143,-37.114791013339605,1.460462414939216,0.1820054639729698,0.17915877278794165,33.5,15.299453602703023,45.67001075433738,1.0635047551716654
frame_159,0,170,2,1,False,False,True,5.084029,True,True,[],[     0.4726   -0.024544     0.88093],-19.987841681265802,-1.390625551644881,2.0701490493875694,0.2885454741140445,0.28370384753821704,33.5,4.64545258859555,13.86702265252403,1.2006671364772123
frame_159,0,85,1,1,True,False,True,2.8494961,,False,[],,,,,,,33.5,,,
frame_160,0,255,3,1,False,False,True,1.4512639,True,True,[],[   0.065521     0.01204     0.99778],-21.050635023383638,124.84776146018977,1.45551993642733,0.18473305235571646,0.1850725933952721,33.5,15.026694764428356,44.85580526695031,1.05941632025594
frame_160,0,170,2,1,False,False,True,4.7318854,True,True,[],[    0.50437   -0.014313     0.86337],-22.306771822975666,2.9256366297482197,2.0882790334107613,0.28732567132800335,0.2847664364196946,33.5,4.767432867199667,14.231142887163184,1.2057025685628255
frame_160,0,85,1,1,True,False,True,2.9683704,,False,[],,,,,,,33.5,,,
frame_161,0,255,3,1,False,False,True,1.2293779,True,True,[],[   0.044917    0.030466     0.99853],21.423453463860625,-42.897682855144716,1.8730098531092847,0.18376519304503625,0.1838447565497291,33.5,15.123480695496378,45.14471849401904,1.0614247016026543
frame_161,0,170,2,1,False,False,True,4.35685,True,True,[],[    0.76677    0.048189    -0.64011],-21.793753913952116,4.64174006788455,0.3283104645125439,0.29375289769931784,0.28890329603993586,33.5,4.124710230068218,12.312567850949904,1.2062405454009997
frame_161,0,85,1,1,True,False,True,3.0111225,,False,[],,,,,,,33.5,,,
frame_162,0,255,3,1,False,False,True,1.055674,True,True,[],[    0.04367    0.036915     0.99836],21.16015610138735,-37.06231661701946,1.3814844894229847,0.18467852377119198,0.18366464266280236,33.5,15.032147622880803,44.87208245636061,1.0607183231474822
frame_162,0,170,2,1,False,False,True,4.4014435,True,True,[],[     0.3754   -0.012648     0.92678],-22.542809792234593,4.1475156411646585,2.0994649326106867,0.29071163438980996,0.2841893160166411,33.5,4.428836561019006,13.220407644832854,1.196969077580837
frame_162,0,85,1,1,True,False,True,2.9131315,,False,[],,,,,,,33.5,,,
frame_163,0,255,3,1,False,False,True,1.395803,True,True,[],[    0.08477   -0.030951     0.99592],-11.003002966148642,126.77592066860166,1.4087181454509028,0.14947480767417465,0.1458898222500537,33.5,18.552519232582537,55.38065442561951,1.05320839565799
frame_163,0,170,2,1,False,False,True,4.552051,True,True,[],[    0.44359   -0.018934     0.89603],-21.781055131930792,3.31941071213519,2.100479732968992,0.2874847704119968,0.2831984754071825,33.5,4.75152295880032,14.183650623284535,1.194997279112253
frame_163,0,85,1,1,True,False,True,2.8761075,,False,[],,,,,,,33.5,,,
frame_164,0,255,3,1,False,False,True,1.0575927,True,True,[],[   0.057776   0.0096671     0.99828],16.6731848434536,-36.69328592331567,1.339755504811246,0.1866500294206759,0.18362629583963516,33.5,14.834997057932412,44.28357330726093,1.0604375676169915
frame_164,0,170,2,1,False,False,True,4.5799575,True,False,[],,-20.537598323286897,3.4280784751469957,-1.0,0.28970801191678736,0.28463723554263953,33.5,4.529198808321267,13.51999644275005,1.1923790055536634
frame_164,0,85,1,1,True,False,True,2.9264915,,False,[],,,,,,,33.5,,,
frame_165,0,255,3,1,False,False,True,1.0796218,True,True,[],[   0.048597    0.034323     0.99823],13.360025232527466,-42.92352287380741,1.1066950474934456,0.18396847747733602,0.18219294009681553,33.5,15.1031522522664,45.084036573929545,1.0570313574278773
frame_165,0,170,2,1,False,False,True,4.2621217,True,True,[],[    0.38164   -0.021147     0.92407],-34.687681559918985,5.049325195636992,1.9797975836641144,0.27163739096228434,0.2680391219594723,33.5,6.336260903771568,18.914211653049456,1.2090243002264747
frame_165,0,85,1,1,True,False,True,3.0447218,,False,[],,,,,,,33.5,,,
frame_166,0,255,3,1,False,False,True,1.2987819,True,True,[],[    0.06269  -0.0061091     0.99801],-5.6784521583734575,128.96123185657424,1.3349402571557392,0.14755489491333348,0.14118278744113044,33.5,18.744510508666654,55.95376271243777,1.0509650214743242
frame_166,0,170,2,1,False,False,True,3.844178,True,True,[],[    0.40594    0.012063     0.91382],-23.542458431209113,8.865045161185567,1.9598959515760537,0.2869457087245213,0.28130301678823744,33.5,4.805429127547872,14.344564559844395,1.187018475177125
frame_166,0,85,1,1,True,False,True,3.0894856,,False,[],,,,,,,33.5,,,
frame_167,0,255,3,1,False,False,True,1.0511023,True,True,[],[   -0.02466    0.091836     0.99547],11.425695602527759,-38.17443890692647,1.2440809368957768,0.18649213341636786,0.18288344611254714,33.5,14.850786658363216,44.330706442875275,1.0533540509832604
frame_167,0,170,2,1,False,False,True,4.2154446,True,True,[],[    0.51772   -0.025954     0.85516],-18.938425237370343,3.255033542558348,2.195508541562832,0.2896462741975149,0.2832459513466411,33.5,4.535372580248515,13.538425612682135,1.178635948861763
frame_167,0,85,1,1,True,False,True,3.0037827,,False,[],,,,,,,33.5,,,
frame_168,0,255,3,1,False,False,True,1.0081025,True,True,[],[ -0.0022011     0.07092     0.99748],82.04446606407242,85.81860341566325,1.21491506088696,1.1985934308254318,1.1101925792778893,33.5,86.35934308254318,257.7890838284871,1.06487298601838
frame_168,0,170,2,1,False,False,True,4.410634,True,True,[],[    0.54849   0.0016583     0.83616],-19.97553533056215,5.393347278696395,1.98034833024744,0.29239579922490744,0.289751654622343,33.5,4.260420077509258,12.717671873161965,1.1752921802871819
frame_168,0,85,1,1,True,False,True,2.993012,,False,[],,,,,,,33.5,,,
frame_169,0,255,3,1,False,False,True,1.1849412,True,True,[],[  -0.045657     0.16613     0.98505],-5.270189046527969,129.79301558174748,1.8846789736461105,0.18364903064147095,0.18195654185460963,33.5,15.135096935852907,45.17939383836689,1.0495804653297522
frame_169,0,170,2,1,False,False,True,4.6099973,True,True,[],[    0.38286   -0.027878     0.92339],-18.707063084433646,5.958051307224402,1.9430388663131113,0.2937148490429901,0.28680482999209606,33.5,4.12851509570099,12.323925658808927,1.170479100379448
frame_169,0,85,1,1,True,False,True,3.000314,,False,[],,,,,,,33.5,,,
frame_170,0,255,3,1,False,False,True,1.107542,True,True,[],[  -0.024524    0.098658     0.99482],7.539971825598564,-42.20047441316796,1.9484030527755172,0.18301936894718168,0.1794069557776085,33.5,15.198063105281834,45.3673525530801,1.051195235272924
frame_170,0,170,2,1,False,False,True,4.9224687,True,True,[],[    0.48702   0.0038116     0.87338],-17.4569647322199,5.961751368621372,2.3425218114487,0.29675922200772475,0.3031408469035335,33.5,3.8240777992275268,11.415157609634408,1.164352420308405
frame_170,0,85,1,1,True,False,True,3.069286,,False,[],,,,,,,33.5,,,
frame_171,0,255,3,1,False,False,True,1.0689397,True,True,[],[  -0.039066     0.11194     0.99295],3.1885132813220878,-42.644651641141515,1.8671328942717198,0.18377478990278628,0.18125154318897815,33.5,15.122521009721373,45.1418537603623,1.0510243935418617
frame_171,0,170,2,1,False,False,True,4.5556974,True,True,[],[    0.53734   -0.023524     0.84304],-19.363451922090878,2.365479088185569,2.3382947242579495,0.29237628731537524,0.28542658878659055,33.5,4.262371268462478,12.72349632376859,1.1706747226859766
frame_171,0,85,1,1,True,False,True,2.9938345,,False,[],,,,,,,33.5,,,
frame_172,0,255,3,1,False,False,True,1.0576342,True,True,[],[  -0.037907    0.087425     0.99545],4.646219473226029,-42.512815019443735,2.01535888845755,0.18369369104619973,0.18125271253612768,33.5,15.13063089538003,45.16606237426875,1.0488441790766487
frame_172,0,170,2,1,False,False,True,3.9152253,True,False,[],,-19.040445753457202,9.380875020263408,-1.0,0.29213238820588483,0.2850930570934693,33.5,4.286761179411519,12.796302028094086,1.1741263013369645
frame_172,0,85,1,1,True,False,True,2.7837467,,False,[],,,,,,,33.5,,,
frame_173,0,255,3,1,False,False,True,1.1948798,True,True,[],[  -0.059466     0.13374     0.98923],-2.9584025520431863,129.97286494165826,1.7480830479916791,0.18415181608520892,0.1802975135323299,33.5,15.08481839147911,45.02930863128093,1.0465117832361641
frame_173,0,170,2,1,False,False,True,3.0409184,True,True,[],[    0.39893   -0.036056     0.91627],-26.287592268202324,18.343226352780768,1.9723735096578985,0.28677271347678013,0.31741490882671325,33.5,4.822728652321989,14.396204932304446,1.2047151218649534
frame_173,0,85,1,1,True,False,True,2.7929847,,False,[],,,,,,,33.5,,,
frame_174,0,255,3,1,False,False,True,1.0449702,True,True,[],[  -0.081861     0.11231      0.9903],3.5492364176859383,-40.45731147358097,1.325047591418887,0.18582591677647567,0.1822949631106898,33.5,14.917408322352435,44.52957708164906,1.0460103943789616
frame_174,0,170,2,1,False,False,True,3.540692,True,True,[],[    0.42029  -0.0018393     0.90739],-29.171940328826693,3.3394070568420426,2.1923996522706473,0.28028503853206627,0.28021601379475586,33.5,5.471496146793376,16.332824318786194,1.180943299027195
frame_174,0,85,1,1,True,False,True,2.989981,,False,[],,,,,,,33.5,,,
frame_175,0,255,3,1,False,False,True,1.0252793,True,True,[],[  -0.031903    0.068371     0.99715],-1.0067223801536296,-39.678996509493814,1.8869601412635086,0.18571074058565423,0.18139889931706324,33.5,14.928925941434578,44.563958034133066,1.0418358045711853
frame_175,0,170,2,1,False,False,True,4.4691453,True,True,[],[    0.49214   -0.020289     0.87028],-18.009348485474682,-0.4002945102021236,2.2477567802211302,0.28719960008200274,0.2926197253366072,33.5,4.780039991799728,14.268776094924561,1.15273173105238
frame_175,0,85,1,1,True,False,True,2.9650912,,False,[],,,,,,,33.5,,,
frame_176,0,255,3,1,False,False,True,1.2623488,True,True,[],[  -0.019886    0.068287     0.99747],1.4132837149998148,124.09345669617636,2.030928002282547,0.18507472757817592,0.18159909977071254,33.5,14.99252724218241,44.75381266323107,1.0414726937089076
frame_176,0,170,2,1,False,False,True,4.1950026,True,True,[],[    0.35365   -0.039977     0.93452],-16.802120661912937,8.474929369578463,1.4921805203475489,0.29433674099178886,0.29193210196994906,33.5,4.066325900821116,12.138286271107809,1.1576055374054053
frame_176,0,85,1,1,True,False,True,3.056762,,False,[],,,,,,,33.5,,,
frame_177,0,255,2,1,False,False,True,3.592101,True,True,[],[    0.46182    -0.01609     0.88683],-0.17565880378210286,9.9403584294319,1.831008112149094,0.18199770313754104,0.194180729083594,33.5,15.300229686245897,45.67232742162955,1.1445487649352462
frame_177,0,127,1,1,True,False,True,2.9858813,,False,[],,,,,,,33.5,,,
frame_178,0,255,3,1,False,False,True,1.0099986,True,True,[],[   -0.10285     0.10292     0.98936],-9.512199326043891,-38.40217790415789,1.7528709391097064,0.18796868390186217,0.18327047396814466,33.5,14.703131609813786,43.889945103921754,1.0391937670083233
frame_178,0,170,2,1,False,False,True,4.0396442,True,True,[],[    0.52662   -0.026863     0.84968],-14.803935307814093,2.744657348693311,2.1140974274332907,0.2879418145290841,0.284797133733926,33.5,4.705818547091595,14.047219543556999,1.1619436314365692
frame_178,0,85,1,1,True,False,True,2.8705926,,False,[],,,,,,,33.5,,,
frame_179,0,255,3,1,False,False,True,1.2941959,True,True,[],[  -0.076012     0.16043     0.98412],6.345945026296006,123.02440043332653,1.4860404755239391,0.18722266259408726,0.184794546140796,33.5,14.777733740591275,44.112638031615745,1.0407153161193028
frame_179,0,170,2,1,False,False,True,3.966266,True,True,[],[    0.61323   -0.000194      0.7899],-15.995516475377642,8.275167539524277,2.116377395428037,0.2881662418447126,0.2834613989953112,33.5,4.6833758155287395,13.980226315011162,1.1635087284766312
frame_179,0,85,1,1,True,False,True,2.9152508,,False,[],,,,,,,33.5,,,
frame_180,0,255,3,1,False,False,True,1.0385845,True,False,[],,-9.891840527099406,-39.14868678990012,-1.0,0.1863037381427478,0.18333118287843386,33.5,14.86962618572522,44.38694383798573,1.0388237840917203
frame_180,0,170,2,1,False,False,True,3.4845665,True,True,[],[    0.50713  0.00098879     0.86187],-17.013548506289414,12.86287330851919,2.312437963036046,0.2886868118371774,0.2841441488535492,33.5,4.63131881628226,13.82483228740973,1.1587508411022975
frame_180,0,85,1,1,True,False,True,3.0292156,,False,[],,,,,,,33.5,,,
frame_181,0,255,3,1,False,False,True,1.0533884,True,False,[],,-9.900634123297255,-44.91034095367489,-1.0,0.19057357668195854,0.1865284102545873,33.5,14.442642331804148,43.11236516956462,1.0387172360364565
frame_181,0,170,2,1,False,False,True,4.0248475,True,True,[],[    0.44537    0.024769       0.895],-18.302258146372413,2.917715167170136,2.1406992067224424,0.28801055224521954,0.28214631400926693,33.5,4.698944775478048,14.026700822322532,1.1522576702951357
frame_181,0,85,1,1,True,False,True,2.9977782,,False,[],,,,,,,33.5,,,
frame_182,0,255,3,1,False,False,True,1.223586,True,True,[],[  -0.095058     0.19594       0.976],6.26473406872227,128.4770091338158,1.5194776416548423,0.18812760653686128,0.18459083323940406,33.5,14.687239346313874,43.8425055113847,1.0380777348093106
frame_182,0,170,2,1,False,False,True,4.131131,True,True,[],[    0.42712   -0.027276     0.90378],-16.797089056564698,7.241965827117404,2.2322359646884085,0.29578449388947525,0.29188847120727196,33.5,3.921550611052477,11.706121227022319,1.1497314347987906
frame_182,0,85,1,1,True,False,True,3.0350187,,False,[],,,,,,,33.5,,,
frame_183,0,255,2,1,False,False,True,4.1201887,True,True,[],[    0.54505    0.023824     0.83807],-17.011585114565108,7.498988537949395,2.309517239857175,0.2887084536176404,0.2830807539818903,33.5,4.629154638235961,13.818372054435704,1.1490295644076365
frame_183,0,127,1,1,True,False,True,3.0170953,,False,[],,,,,,,33.5,,,
frame_184,0,255,3,1,False,False,True,1.0848088,True,True,[],[   -0.05384    0.071042     0.99602],-7.252165979935049,-44.166109451274224,1.7906535284098974,0.18800009087347336,0.18630944773256003,33.5,14.699990912652666,43.88056988851542,1.0339424866519562
frame_184,0,170,2,1,False,False,True,4.578224,True,True,[],[    0.48086   -0.033866     0.87614],-13.279418702708218,0.17087503384543432,1.1113377191895135,0.28355787959022993,0.2849858070725664,33.5,5.144212040977009,15.355856838737338,1.1438534857389424
frame_184,0,85,1,1,True,False,True,2.972333,,False,[],,,,,,,33.5,,,
frame_185,0,255,3,1,False,False,True,1.3110905,True,True,[],[  -0.044962     0.13123     0.99033],5.368279584555913,124.89438530365163,2.0227072659998866,0.18688275149617373,0.18546021666775483,33.5,14.81172485038263,44.21410403099292,1.0330455846860445
frame_185,0,170,2,1,False,False,True,4.111008,True,True,[],[    0.51914  -0.0011001     0.85469],-16.84343162868549,6.8495694079376985,2.3641386545967595,0.28400891239859727,0.2797231911464519,33.5,5.099108760140275,15.22122017952321,1.1487201743611006
frame_185,0,85,1,1,False,False,True,2.7265522,True,True,[],[    0.25782     0.26268      0.9298],70.82247473758217,76.56345275637004,0.3383751590229205,0.18479750068893053,0.18194522018715853,33.5,15.02024993110695,44.83656695852821,0.9546201279861858
frame_186,0,255,3,1,False,False,True,1.127222,True,False,[],,-7.139740727667821,-30.590645385611893,-1.0,0.18693534636687525,0.18165069606514805,33.5,14.806465363312476,44.19840406958948,1.030572412998581
frame_186,0,170,2,1,False,False,True,4.7026253,True,True,[],[    0.43066  -0.0079604     0.90248],-15.433826811938038,-0.9305241103048342,2.2825499797538154,0.28939509734395397,0.29052118727408005,33.5,4.560490265604606,13.613403777924196,1.1356216754338504
frame_186,0,85,1,1,False,False,True,2.6351297,False,False,[],[    0.37413     0.28152     0.88361],-1.0,-1.0,-1.0,-1.0,0.103400032905131,33.5,,,1.0048409289763092
frame_187,0,255,3,1,False,False,True,1.0005678,True,False,[],,-6.368855458338896,-44.43734762335882,-1.0,0.18800834638647623,0.1843648561740107,33.5,14.699165361352378,43.878105556275756,1.0286505919378057
frame_187,0,170,2,1,False,False,True,5.414467,True,True,[],[    0.40871   -0.018487     0.91248],-15.347328221954395,-1.39324646240447,2.059026474891306,0.2899735673825039,0.2843656274563036,33.5,4.502643261749611,13.440726154476451,1.1286306412494862
frame_187,0,85,1,1,False,False,True,2.4406857,False,False,[],[    0.29864     0.30837     0.90317],-1.0,-1.0,-1.0,-1.0,0.07967681783634704,33.5,,,0.9926590526658182
frame_188,0,255,3,1,False,False,True,1.236489,True,False,[],,3.5648078470233866,126.14242721668987,-1.0,0.18691218910920562,0.18570850736546302,33.5,14.80878108907944,44.20531668381923,1.0293843615795932
frame_188,0,170,2,1,False,False,True,6.0938754,False,False,[],[    0.40565   -0.018747     0.91384],-1.0,-1.0,-1.0,-1.0,0.26555923012726257,33.5,,,1.1581684588095114
frame_188,0,85,1,1,False,False,True,2.1516793,True,True,[],[    0.35332     0.23887     0.90449],65.3080273710638,35.64036063283882,0.3081141271897896,0.3077721180135602,0.32124244153382586,33.5,2.7227881986439826,8.12772596610144,0.964701645201145
frame_189,0,255,2,1,False,False,True,5.637187,True,True,[],[    0.37488   -0.016746     0.92692],-14.777498006038806,3.215072137277957,1.778752589307324,0.29038907388186386,0.2825046100941778,33.5,4.4610926118136165,13.316694363622736,1.1243117770349873
frame_189,0,127,1,1,False,False,True,2.0940955,True,True,[],[    0.24849     0.32397     0.91285],68.53309444413877,63.2510221070645,0.2872621515291749,0.18138482895654506,0.17483037464031725,33.5,15.361517104345495,45.855274938344756,0.9490750534110513
frame_190,0,255,3,1,False,False,True,1.080979,True,True,[],[    -0.0325    0.020583     0.99926],-5.6131242986658565,-43.21727062967058,1.908222433516309,0.1854339866051988,0.18175160574788307,33.5,14.956601339480121,44.64657116262723,1.023945144944093
frame_190,0,170,2,1,False,False,True,4.584086,True,True,[],[    0.48764    0.006018     0.87303],-16.6734026616569,3.572277106763501,1.7432901294536267,0.2851609399827378,0.27915238426765965,33.5,4.983906001726224,14.87733134843649,1.1312975744714118
frame_190,0,85,1,1,False,False,True,2.0020096,True,True,[],[    0.20558     0.33049     0.92115],67.2964020782453,59.74915747334821,0.261534634534225,0.18373940942703237,0.18070136286829896,33.5,15.126059057296764,45.15241509640825,0.9497276499760016
frame_191,0,255,2,1,False,False,True,4.46519,True,True,[],[    0.42438   -0.019539     0.90527],-14.934896820615917,3.6392320880089457,1.7186630889331307,0.2914433439028414,0.2853602412656734,33.5,4.355665609715864,13.00198689467422,1.1361413443916948
frame_191,0,127,1,1,False,False,True,1.9182419,True,True,[],[    0.21377     0.24656     0.94526],73.03185757566483,62.74752584386719,0.3008272335723713,0.25767425133221444,0.22197719601997357,33.5,7.732574866778558,23.082313035159874,0.9454027837754423
frame_192,0,255,3,1,False,False,True,1.0372858,True,True,[],[  0.0041728    0.026059     0.99965],-7.134540663337656,-42.696265059422025,2.0211340780399283,0.18843080912124716,0.18579917895150327,33.5,14.656919087875286,43.75199727723966,1.0227297097746382
frame_192,0,170,2,1,False,False,True,3.880583,True,True,[],[    0.46524   -0.021689     0.88492],-15.076658154938475,10.372726536769107,2.307122393900161,0.2889676666709026,0.2810097406583931,33.5,4.60323333290974,13.740995023611163,1.1383556820439236
frame_192,0,85,1,1,False,False,True,1.8762364,True,True,[],[    0.39338     0.27985     0.87575],67.8297734377806,45.05775314946897,0.28356866167426764,0.1836705284655109,0.17886314376709744,33.5,15.132947153448912,45.17297657745944,0.95877680087758
frame_193,0,255,3,1,False,False,True,1.0340812,True,False,[],,-7.668527620472105,-42.75755136353137,-1.0,0.18681862766395968,0.18340868331867,33.5,14.818137233604034,44.233245473444875,1.0223033505232155
frame_193,0,170,2,1,False,False,True,3.8164008,True,True,[],[    0.40739   -0.012348     0.91317],-22.886245332826615,4.506006190471021,1.5159411507053047,0.2810630137561322,0.27597152610436965,33.5,5.393698624386784,16.100592908617266,1.1497927103440773
frame_193,0,85,1,1,False,False,True,1.6337129,True,True,[],[    0.37418     0.29198     0.88019],64.04458386783597,58.41757891790393,0.35685394151727,0.1765416986689734,0.1751793561026222,33.5,15.845830133102663,47.300985471948245,0.9451669602746432
frame_194,0,255,3,1,False,False,True,1.1161153,True,True,[],[   0.012409    0.011838     0.99985],4.945217503334199,132.46393257564372,1.6189341141073212,0.18791575246667813,0.18502180066528434,33.5,14.708424753332189,43.90574553233489,1.0228796957816622
frame_194,0,170,2,1,False,False,True,4.4068837,True,False,[],,-27.24390995644911,-0.12925639423494426,-1.0,0.27917094521037694,0.2760839611002445,33.5,5.582905478962308,16.66538948943973,1.1529062559616625
frame_194,0,85,1,1,False,False,True,1.5602456,True,True,[],[    0.31413     0.34309     0.88522],56.77760519048011,71.95407581216982,0.3162877136889233,0.0883841828889238,0.0913068199485842,33.5,24.661581711107623,73.61666182420186,0.9803359764894043
frame_195,0,255,3,1,False,False,True,1.1427468,True,True,[],[  -0.042299    0.076651     0.99616],2.872372273128864,134.13199164909082,1.9873279662563665,0.18723468761274856,0.18523933536043857,33.5,14.776531238725147,44.1090484738064,1.0202700512576726
frame_195,0,170,2,1,False,False,True,4.936098,True,True,[],[    0.44839   -0.028321     0.89339],-15.61495234421031,2.7765624295390205,2.2853997582579355,0.2900104895615072,0.2846314509193726,33.5,4.498951043849281,13.429704608505316,1.1301182443135982
frame_195,0,85,1,1,False,False,True,1.495098,True,True,[],[    0.34567     0.24137     0.90678],69.15619239974569,45.416658790607244,0.2786654681105001,0.1635312380501237,0.1659140660307849,33.5,17.14687619498763,51.18470505966457,0.9524769872036564
frame_196,0,255,3,1,False,False,True,1.095905,True,False,[],,-2.778562244193856,-43.4727493443241,-1.0,0.18870454642076884,0.18398002303013186,33.5,14.629545357923119,43.67028465051677,1.0170598342323678
frame_196,0,170,2,1,False,False,True,4.9554467,True,True,[],[    0.38946   -0.015778     0.92091],-14.975520796345693,3.418747771888772,1.6609778817623426,0.2882815643752511,0.2829584881979872,33.5,4.671843562474892,13.945801679029529,1.1288494200225607
frame_196,0,85,1,1,False,False,True,1.241463,True,True,[],[    0.42497     0.25893     0.86738],27.245519682773455,85.19924196988589,0.35469906366126724,0.07218366063994408,0.09123564170438553,33.5,26.281633936005594,78.45263861494207,0.9783295510582506
frame_197,0,255,3,1,False,False,True,1.1523455,True,True,[],[   0.023065   -0.020639     0.99952],2.038202068475374,132.76526093586568,1.8198445162477044,0.18826968103259997,0.18409037849540208,33.5,14.673031896740005,43.80009521414927,1.0141337051582084
frame_197,0,170,2,1,False,False,True,4.4578285,True,True,[],[    0.45067   -0.017112     0.89253],-20.495411601515503,2.6726149567926685,1.9337757239213853,0.2865331003989296,0.2948307996926013,33.5,4.846689960107042,14.467731224200126,1.1452139990737256
frame_197,0,85,1,1,False,False,True,1.1853741,True,True,[],[    0.40635     0.27934     0.86997],42.16389939658624,60.859325508791585,0.35751213740957155,0.12710861498773407,0.13939117744784651,33.5,20.789138501226596,62.05712985440775,0.9761775396545401
frame_198,0,255,2,1,False,False,True,3.800423,True,True,[],[    0.44578   -0.012733     0.89505],-15.84961011845102,8.806893806757223,1.6447543574517387,0.2893979587035187,0.28239213075743647,33.5,4.560204129648132,13.612549640740692,1.1399776803838597
frame_198,0,127,1,1,False,False,True,1.2070343,True,True,[],[    0.40453     0.26198      0.8762],63.23470597646211,46.589506112425546,0.3503059062228133,0.18420947023673806,0.18174130645219028,33.5,15.079052976326196,45.01209843679461,0.9505491402809129
frame_199,0,255,3,1,False,False,True,1.198599,True,True,[],[    0.02736  -0.0079377     0.99959],4.661300555539347,132.03552845324526,1.9074016560062899,0.1878568364983949,0.18484127528986732,33.5,14.71431635016051,43.92333238853884,1.0086881815216928
frame_199,0,170,2,1,False,False,True,4.065526,True,True,[],[    0.56193    0.039627     0.82624],-16.245348828592583,3.325729864862004,2.236041920440596,0.29217098211621095,0.2838554676824577,33.5,4.282901788378907,12.784781457847483,1.1288256294794237
frame_199,0,85,1,1,False,False,True,1.1640604,False,False,[],[    0.41828     0.23184     0.87823],-1.0,-1.0,-1.0,-1.0,0.13096538023154125,33.5,,,0.9740300646476578
frame_200,0,255,3,1,False,False,True,1.1719515,True,True,[],[  -0.021211    0.015453     0.99966],4.823816875488041,133.3772139038832,2.048640237993828,0.18719456226490394,0.18469553201491473,33.5,14.780543773509608,44.12102618958092,1.0073928746300593
frame_200,0,170,2,1,False,False,True,4.493166,True,True,[],[    0.42939    -0.01361     0.90302],-15.871360398537018,0.2960513750571459,1.9893000836968076,0.2951641133236368,0.2923466466246768,33.5,3.9835886676363232,11.891309455630816,1.1250980651432088
frame_200,0,85,1,1,False,False,True,1.0451522,True,True,[],[    0.43182     0.25721     0.86451],60.11915881307511,56.86963329568678,0.3134921568558555,0.18480901532819205,0.18320693626788648,33.5,15.019098467180797,44.8331297527785,0.9453062687601362
frame_201,0,255,3,1,False,False,True,1.0713444,True,True,[],[  -0.091761     0.11248     0.98941],-5.374829989383568,-42.2251580598609,1.2268727567905569,0.1871812625702227,0.1841859427580095,33.5,14.781873742977734,44.124996247694725,1.0067717718232096
frame_201,0,170,2,1,False,False,True,4.566828,True,True,[],[    0.39188   -0.026139     0.91965],-11.672303797938941,-1.3454090078624743,1.98360710833177,0.2889688596613052,0.28260051130002095,33.5,4.603114033869482,13.74063890707308,1.1199065771618024
frame_201,0,85,1,1,False,False,True,1.007034,True,True,[],[    0.41909     0.28738     0.86126],59.12276439172913,55.11732413014846,0.3642688371336864,0.184672757281644,0.18370444191824709,33.5,15.032724271835601,44.87380379652418,0.9371016491221763
frame_202,0,255,3,1,False,False,True,1.0587059,True,True,[],[  -0.082088      0.1278      0.9884],-4.093006894722886,-43.12887419396894,2.0352996036071453,0.18771821444693612,0.18476497931465785,33.5,14.728178555306389,43.96471210539221,1.00531656376955
frame_202,0,170,2,1,False,False,True,4.0320015,True,True,[],[    0.39248   -0.024233     0.91944],-19.463099934721175,6.99891014497392,1.873645408275597,0.2845516657248473,0.2779084591500868,33.5,5.044833427515272,15.059204261239618,1.1491870189109965
frame_202,0,85,1,1,False,False,True,1.0603818,True,True,[],[    0.43093     0.34598     0.83342],58.45884035009134,50.75551796310301,0.29715499653421373,0.18409837702141507,0.18963491181625008,33.5,15.090162297858495,45.04526059062237,0.9340762074400739
frame_203,0,255,3,1,False,False,True,1.2225082,True,True,[],[  -0.017686   -0.043746     0.99889],2.8637098838197352,128.50616435317497,1.398083495379774,0.18783890561565234,0.18486677372156818,33.5,14.716109438434769,43.92868489085006,1.0060196043953886
frame_203,0,170,2,1,False,False,True,3.9620526,True,True,[],[    0.51265    0.024875     0.85824],-15.420232115714272,6.949599056817868,2.285975429778183,0.28776001469161827,0.2812483243047635,33.5,4.723998530838175,14.101488151755747,1.1273081053357181
frame_203,0,85,1,1,False,False,True,1.0176662,True,True,[],[    0.58149     0.39065     0.71362],33.51995493639995,44.00792857983397,0.19945653605028557,0.1268827105216903,0.1321955436747448,33.5,20.81172894783097,62.12456402337604,0.9629466630150613
frame_204,0,255,3,1,False,False,True,1.0126344,True,False,[],,-1.6749693309535332,-38.07976189255361,-1.0,0.18810604604656533,0.18392389934213213,33.5,14.68939539534347,43.84894147863722,1.0044028375866483
frame_204,0,170,2,1,False,False,True,4.179006,True,True,[],[    0.52582   -0.024663     0.85024],-15.41915430778135,1.4399960852543146,1.8699894689307188,0.2847243070070311,0.2796010142478021,33.5,5.027569299296891,15.007669550139974,1.1249378114717865
frame_204,0,85,1,1,False,False,True,1.198301,True,True,[],[    0.41849     0.38311     0.82346],50.95718983012905,69.06317650016143,0.3483871937734977,0.06834337275484348,0.06325869616541006,33.5,26.665662724515656,79.59899320750942,0.994063756852874
frame_205,0,255,3,1,False,False,True,1.0568167,True,True,[],[  -0.031382    0.077689     0.99648],-1.949413541954829,-44.48955418493259,1.7128968978727295,0.18704778325772112,0.18339397463828216,33.5,14.795221674227891,44.16484081859072,1.0039926541614674
frame_205,0,170,2,1,False,False,True,4.331243,True,True,[],[    0.45451   -0.012338     0.89066],-12.925816500534275,4.435365813584681,2.3370583635852746,0.2897724056454386,0.2828848253521934,33.5,4.522759435456142,13.500774434197439,1.1215068001998472
frame_205,0,85,1,1,False,False,True,1.2078524,True,True,[],[    0.46477     0.32324     0.82432],39.799462587092535,50.84475212592697,0.3615667059944365,0.15610718501571874,0.10089262438813063,33.5,17.88928149842813,53.40084029381531,0.9815099460441012
frame_206,0,255,3,1,False,False,True,1.1905895,True,True,[],[   0.011028  -0.0091852      0.9999],1.6021932094391182,130.21408381063733,1.9592485995534554,0.18674005186367243,0.18340580787482902,33.5,14.825994813632759,44.25670093621719,1.003379644564996
frame_206,0,170,2,1,False,False,True,4.1461124,True,False,[],,-12.777709720701932,7.591227979549182,-1.0,0.28932359378098566,0.28374986565091065,33.5,4.567640621901436,13.634748125078913,1.1190752468059677
frame_206,0,85,1,1,False,False,True,1.131798,True,True,[],[    0.42237     0.38867     0.81886],42.396324125572754,54.38738096842738,0.35549085072808273,0.11000951393327019,0.09982827363453853,33.5,22.499048606672982,67.16133912439696,0.9552701186991024
frame_207,0,255,3,1,False,False,True,1.0622432,True,True,[],[  -0.040377    0.056739     0.99757],-1.8380039176594591,-41.19968007787565,1.8509484374403264,0.18844621810162965,0.18467965082372634,33.5,14.655378189837037,43.747397581603096,1.002327450895522
frame_207,0,170,2,1,False,False,True,3.9971697,True,True,[],[    0.44168  -0.0068125     0.89715],-20.8480375602884,5.643248359563753,2.109298780464438,0.2816424639408425,0.27454004427884926,33.5,5.33575360591575,15.927622704226119,1.1312092496256763
frame_207,0,85,1,1,False,False,True,1.1600103,True,True,[],[    0.44987      0.3506      0.8214],51.09877152620772,46.65749573323652,0.30215720713980065,0.18442242440596046,0.19247430310197988,33.5,15.057757559403957,44.94853002807151,0.9620883237416129
frame_208,0,255,3,1,False,False,True,1.0534894,True,True,[],[  0.0085407    0.015999     0.99984],-2.5843927931130444,-42.98755501267807,1.8177994943111844,0.1883029537469295,0.18567673192270684,33.5,14.66970462530705,43.790163060618056,1.0009936358772564
frame_208,0,170,2,1,False,False,True,3.9797752,True,True,[],[    0.45571   -0.013944     0.89002],-15.478002285889703,4.853958258939471,2.391169520662562,0.285842737225646,0.2797932363667116,33.5,4.9157262774354,14.673809783389254,1.1166859870114603
frame_208,0,85,1,1,False,False,True,1.2299708,False,False,[],[    0.45085     0.21743     0.86571],-1.0,-1.0,-1.0,-1.0,0.10295310522165667,33.5,,,0.9946415387577825
frame_209,0,255,3,1,False,False,True,1.1945721,True,False,[],,2.8672990025567624,129.74458275486273,-1.0,0.1884549455786002,0.18507750122857453,33.5,14.654505442139982,43.74479236459696,1.0004256944547334
frame_209,0,170,2,1,False,False,True,3.7048109,True,True,[],[    0.40526   -0.021318     0.91395],-14.685384303423753,9.13510048596004,1.753779896734119,0.28895906560310747,0.28088378323034946,33.5,4.604093439689255,13.74356250653509,1.1155031424527075
frame_209,0,85,1,1,False,False,True,1.2455751,False,False,[],[    0.43857     0.22702     0.86955],-1.0,-1.0,-1.0,-1.0,0.0822499821115307,33.5,,,0.9918070783217748
frame_210,0,255,3,1,False,False,True,1.0532162,True,True,[],[   -0.10953     0.14391     0.98351],-1.5847790234497945,-40.37348176325605,1.7670975275140721,0.18779254737530687,0.1842524750668098,33.5,14.720745262469315,43.94252317155019,0.9965411907174443
frame_210,0,170,2,1,False,False,True,3.859175,True,True,[],[    0.43172  -0.0053499     0.90199],-15.144202441520338,7.195908776519562,2.0381369996339074,0.29067706011479605,0.2832138171065628,33.5,4.432293988520398,13.230728323941484,1.1120879749484371
frame_210,0,85,1,1,False,False,True,1.250149,True,True,[],[    0.43463      0.2309     0.87051],56.611691276567676,49.147630570569696,0.29410776885981216,0.22982270352189182,0.22917069161446046,33.5,10.51772964781082,31.39620790391289,0.9804411691612119
frame_211,0,255,3,1,False,False,True,1.0826153,True,False,[],,-3.076579190371916,-44.8866517726625,-1.0,0.18796579969632704,0.1852452355288609,33.5,14.703420030367297,43.89080606079791,0.9945232913517519
frame_211,0,170,2,1,False,False,True,4.0884247,True,True,[],[    0.52017   0.0095378     0.85401],-17.04271608057365,4.103375927788238,2.4687028264397073,0.2903682400233386,0.2829783721342518,33.5,4.463175997666141,13.322913425869078,1.1083539237814803
frame_211,0,85,1,1,False,False,True,1.278138,True,True,[],[    0.45816     0.24313     0.85497],55.713277965303654,48.12766310245841,0.33351091239916464,0.20432347380100135,0.20177333427994235,33.5,13.067652619899867,39.00791826835781,0.9783136211795571
frame_212,0,255,3,1,False,False,True,1.1639973,True,True,[],[  -0.047723  -0.0093652     0.99882],3.461116784002749,131.73124520212266,1.3377709462807224,0.18635254585491218,0.18211753790790097,33.5,14.864745414508784,44.37237437166801,0.9926008236504167
frame_212,0,170,2,1,False,False,True,3.6963778,True,True,[],[    0.40924   -0.011969     0.91235],-16.173111569396465,8.392001291207757,2.1705389477792334,0.2897927545586804,0.2824464723779131,33.5,4.52072454413196,13.494700131737195,1.1078934158252152
frame_212,0,85,1,1,False,False,True,1.2636969,True,True,[],[    0.43702     0.24418     0.86567],50.41225777277155,49.497714191206505,0.3052521636689556,0.16613814268154825,0.13871166679299865,33.5,16.886185731845178,50.406524572672176,0.9987482682344349
frame_213,0,255,3,1,False,False,True,1.0823108,True,True,[],[  0.0010464   0.0033528     0.99999],-4.469921114198253,-42.88610680311891,1.695447205058041,0.1873033435944128,0.18348267958874837,33.5,14.76966564055872,44.08855415092155,0.9919045760399943
frame_213,0,170,2,1,False,False,True,4.1687827,True,False,[],,-14.603163122035108,2.1843443419662263,-1.0,0.29428152790749124,0.2864535846909496,33.5,4.071847209250878,12.15476778880859,1.104701285795024
frame_213,0,85,1,1,False,False,True,1.2338282,True,True,[],[    0.50131     0.31838     0.80456],45.77363144515643,45.75127594097762,0.34372924573867314,0.15724235591659919,0.15528016213975493,33.5,17.775764408340084,53.06198330847786,0.9752911267244271
frame_214,0,255,2,1,False,False,True,4.340886,True,True,[],[     0.4017   -0.027773     0.91535],-16.128937758090448,2.6390127920792925,1.4765413118614572,0.28651959144426203,0.2810458642808246,33.5,4.848040855573799,14.47176374798149,1.1089722933841324
frame_214,0,127,1,1,False,False,True,1.2665397,True,True,[],[    0.44217     0.26217     0.85776],54.53466545950704,44.0761178278026,0.3504197623049148,0.20334271860757513,0.2036301634360394,33.5,13.16572813924249,39.30068101266414,0.9540001991587634
frame_215,0,255,3,1,False,False,True,1.0355282,True,True,[],[  0.0064571    0.014038     0.99988],-3.350395186354363,-41.91372390179495,1.947447027015249,0.1868127344113772,0.18280040133597675,33.5,14.818726558862283,44.235004653320246,0.9926048994290249
frame_215,0,170,2,1,False,False,True,4.4707985,True,True,[],[    0.44313   -0.027737     0.89603],-14.26228208021845,3.468627404425546,2.3669245443008897,0.29128457715925565,0.28511553713607546,33.5,4.371542284074437,13.049379952461004,1.1053608751387372
frame_215,0,85,1,1,False,False,True,1.221425,True,True,[],[    0.43333     0.27958     0.85677],59.00970831849488,6.993946727334383,0.3297911537609741,0.19579098582616883,0.17820579030802366,33.5,13.920901417383119,41.554929604128716,1.0223224915294762
frame_216,0,255,3,1,False,False,True,1.0551317,True,True,[],[  -0.086226     0.10797     0.99041],-2.592943007678,-43.18205732527712,1.9197711779860418,0.1863142358782813,0.18355365229201853,33.5,14.86857641217187,44.38381018558768,0.992970097971315
frame_216,0,170,2,1,False,False,True,4.5533624,True,True,[],[    0.54829    0.017965      0.8361],-13.746778573441512,3.2181245591499645,2.2504683351206944,0.2933157822513289,0.2880678424342581,33.5,4.1684217748671095,12.443050074230177,1.1056170997171004
frame_216,0,85,1,1,False,False,True,1.2262964,False,False,[],[    0.46561     0.30057     0.83238],-1.0,-1.0,-1.0,-1.0,0.061587713216525605,33.5,,,0.9249391703341605
frame_217,0,255,3,1,False,False,True,1.2025684,True,True,[],[  -0.020513   -0.012088     0.99972],-0.35922232031382684,130.0083371470734,1.5864200983022183,0.18717066900177465,0.1844018830528622,33.5,14.782933099822538,44.12815850693295,0.9952958541304947
frame_217,0,170,2,1,False,False,True,3.9709675,True,True,[],[    0.57346    0.043853     0.81806],-16.7209094445806,6.3014272092118455,2.4537093463411894,0.2857777491702976,0.281572289400816,33.5,4.922225082970244,14.693209202896252,1.1049291614323347
frame_217,0,85,1,1,False,False,True,1.2026424,False,False,[],[    0.47802     0.28488     0.83086],-1.0,-1.0,-1.0,-1.0,0.05861419683543164,33.5,,,0.8685054640799257
frame_218,0,255,3,1,False,False,True,1.0619974,True,True,[],[   0.023506   -0.016635     0.99959],0.9970628167695048,-40.57931534895412,1.8360441072069744,0.18488549214416725,0.18125869948789153,33.5,15.011450785583277,44.810300852487394,0.9937916356066322
frame_218,0,170,2,1,False,False,True,3.5897667,True,True,[],[    0.38249     -0.0166     0.92381],-15.839921847273517,9.656646408452518,1.9229784014760767,0.2877542570143062,0.2821043407561422,33.5,4.724574298569384,14.103206861401146,1.1030230207612404
frame_218,0,85,1,1,False,False,True,1.1971395,True,True,[],[    0.46124     0.26019     0.84827],53.66526050429502,41.604613266180614,0.3216723067459242,0.22794798269348426,0.21459582077443431,33.5,10.705201730651575,31.95582606164649,0.9592203286144283
frame_219,0,255,3,1,False,False,True,1.0680602,True,True,[],[ -0.0038824    0.016172     0.99986],4.77478529321613,-43.68343749614117,1.388007579407553,0.18657224068141826,0.18314958581911106,33.5,14.842775931858176,44.306793826442316,0.9933326178099448
frame_219,0,170,2,1,False,False,True,4.32961,True,False,[],,-15.933906019819252,0.13595511139406077,-1.0,0.28863455331942955,0.28155651896991485,33.5,4.636544668057047,13.840431844946407,1.0981888119541046
frame_219,0,85,1,1,False,False,True,1.1951761,True,True,[],[    0.46333      0.2667      0.8451],53.86753870250953,41.65349411832052,0.32528366578319545,0.2078035458187255,0.20453708236017137,33.5,12.71964541812745,37.96909080038045,0.9336017091901326
frame_220,0,255,3,1,False,False,True,1.1237614,True,True,[],[  -0.015815    0.018087     0.99971],-1.267163913815374,133.6665191721632,1.6114884496176933,0.18747084879963613,0.1840192685323442,33.5,14.75291512003639,44.03855259712355,0.9905777578927951
frame_220,0,170,2,1,False,False,True,5.205823,True,False,[],,-15.425241026067642,-0.8342581163579972,-1.0,0.2877804572490227,0.2832550538922819,33.5,4.721954275097734,14.09538589581413,1.0893514405696765
frame_220,0,85,1,1,False,False,True,1.193498,True,True,[],[    0.45179     0.27746     0.84788],55.308814934632665,41.16929961984742,0.3678130774979578,0.24375788331274828,0.24591853917681303,33.5,9.124211668725174,27.236452742463207,0.9372625361174581
frame_221,0,255,3,1,False,False,True,1.1347483,True,False,[],,-1.193834523831816,134.3078012252447,-1.0,0.18566353236775665,0.18149400107884445,33.5,14.933646763224337,44.57805003947563,0.9894670249629925
frame_221,0,170,2,1,False,False,True,5.8944826,True,True,[],[     0.4029   -0.025149      0.9149],-9.608655543738326,-0.32454822359879093,2.4246482560924596,0.29221635822383474,0.3102685725978046,33.5,4.278364177616528,12.771236351094114,1.0795670287933812
frame_221,0,85,1,1,False,False,True,1.1505492,True,True,[],[    0.44173     0.30288     0.84448],45.00781584134551,39.90476161965954,0.3056997288022534,0.15973442618678857,0.16341894225552261,33.5,17.526557381321144,52.318081735286995,0.9969366667469747
frame_222,0,255,3,1,False,False,True,1.0917143,True,False,[],,-1.1768057111913899,-43.62801988731511,-1.0,0.18793116494650092,0.18402448209791772,33.5,14.70688350534991,43.90114479208928,0.9884940947756405
frame_222,0,170,2,1,False,False,True,6.1799655,True,True,[],[    0.37722   -0.018194     0.92595],-11.31310489083974,1.412562065696619,1.9804616309040293,0.29187354240743835,0.2915733397501751,33.5,4.312645759256167,12.873569430615426,1.077753066478208
frame_222,0,85,1,1,False,False,True,1.1976017,True,True,[],[    0.47087     0.30606     0.82741],45.07008783126887,47.45998999427854,0.3160671632484866,0.15626379078846164,0.16076640492874322,33.5,17.873620921153837,53.35409230195175,0.973463494225967
frame_223,0,255,3,1,False,False,True,1.1025354,True,False,[],,0.5507903918243368,134.83122589713494,-1.0,0.18727624867512413,0.1839743356555762,33.5,14.77237513248759,44.09664218653012,0.9878004375866621
frame_223,0,170,2,1,False,False,True,4.672999,True,True,[],[    0.95749    0.042068    -0.28539],-16.2529552667669,4.097724745169274,0.29143005432990093,0.29023663712545844,0.28593479776930786,33.5,4.476336287454158,13.362197872997486,1.091458468794715
frame_223,0,85,1,1,False,False,True,1.190364,True,True,[],[    0.49327     0.25868     0.83052],62.375114820390195,12.204272094276343,0.3302641145121199,0.11132598605082555,0.11115462343280935,33.5,22.367401394917447,66.7683623728879,0.8894627767912138
frame_224,0,255,2,1,False,False,True,4.11201,True,True,[],[    0.43129   -0.035863      0.9015],-15.380901525721296,7.023751348928995,0.8846287983519563,0.2888342000623075,0.2832505591086727,33.5,4.616579993769254,13.780835802296282,1.0963177325922262
frame_224,0,127,1,1,False,False,True,1.2617319,True,True,[],[    0.47197     0.26263     0.84159],38.595214161815676,32.604487599437746,0.4307841070009122,0.13347230494241247,0.1318380249713299,33.5,20.152769505758755,60.157520912712705,0.9965833207835322
frame_225,0,255,3,1,False,False,True,1.040587,True,True,[],[   0.034271   -0.037367     0.99871],0.7408957365726232,-41.83147293311545,1.5234510833617314,0.1892895889358231,0.18375772459601664,33.5,14.571041106417692,43.495645093784155,0.9881954311858863
frame_225,0,170,2,1,False,False,True,3.6961565,True,True,[],[    0.40679   -0.019209     0.91332],-15.56827742370162,10.096410038544557,1.8251005249934102,0.28650404680823993,0.2824363679965397,33.5,4.849595319176009,14.476403937838834,1.0890320351967893
frame_225,0,85,1,1,False,False,True,1.3119962,True,True,[],[    0.49301     0.26048     0.83011],25.25417177116269,35.15502801013602,0.2936390479457851,0.11690498178120312,0.08852725371295544,33.5,21.80950182187969,65.1029905130737,0.9958770011681605
frame_226,0,255,3,1,False,False,True,1.123622,True,False,[],,-1.3960598448612858,133.6688460061797,-1.0,0.18837634167981665,0.18517846200906724,33.5,14.662365832018336,43.768256214980106,0.9888346860810158
frame_226,0,170,2,1,False,False,True,4.1764264,True,False,[],,-15.72217685611722,-1.1376675971363888,-1.0,0.2887432403858058,0.29564607349038574,33.5,4.625675961419423,13.807987944535594,1.0829235539720357
frame_226,0,85,1,1,False,False,True,1.2653825,True,True,[],[     0.4565     0.26641      0.8489],55.09310450462738,40.415017322605536,0.37961153905663436,0.26140033559492615,0.26361201280148044,33.5,7.359966440507387,21.970049076141454,0.9412969676366293
frame_227,0,255,3,1,False,False,True,1.1171576,True,False,[],,3.346958452965754,-44.64431707034174,-1.0,0.1873020920564244,0.18267831547505547,33.5,14.769790794357561,44.08892774435093,0.9904011755133026
frame_227,0,170,2,1,False,False,True,4.7247753,True,True,[],[    0.39817    -0.02892     0.91686],-16.00471834167514,1.008248806658649,2.027606630525251,0.2886600530004896,0.2842561790758027,33.5,4.633994699951044,13.832819999853863,1.0835150761854242
frame_227,0,85,1,1,False,False,True,1.1878575,True,True,[],[    0.49454     0.23021     0.83812],49.10485418426629,32.941271464940506,0.31345310159675055,0.20324182281395964,0.20106248721386738,33.5,13.175817718604039,39.330799160012056,0.8939183080897611
frame_228,0,255,3,1,False,False,True,1.0909638,True,True,[],[    0.05163   -0.093422     0.99429],2.2532587438554423,-43.61883293114538,1.4087659484783237,0.18750949467178735,0.18326032781665402,33.5,14.749050532821267,44.02701651588438,0.990704367023107
frame_228,0,170,2,1,False,False,True,4.403984,True,True,[],[     0.4258    -0.01929     0.90461],-15.300889674095993,5.583452453130979,2.289305267403968,0.290359962352942,0.28386503335165725,33.5,4.464003764705804,13.325384372256133,1.0844761287563696
frame_228,0,85,1,1,False,False,True,1.1181115,True,True,[],[    0.53615     0.30179     0.78833],43.13436328286561,24.52499830656683,0.29326953833625646,0.07726142146268666,0.0759886664837009,33.5,25.773857853731336,76.93688911561593,0.8792510698350627
frame_229,0,255,3,1,False,False,True,1.1323203,True,True,[],[ -0.0080692   -0.047364     0.99885],-2.336189942352645,133.37906395490933,1.549780567068856,0.186584261479599,0.1842627646118578,33.5,14.841573852040103,44.30320552847792,0.9911558157756754
frame_229,0,170,2,1,False,False,True,4.038014,True,True,[],[    0.34016   -0.018593     0.94018],-16.95704686562766,4.820378711796044,1.3155927457323413,0.2856685765806787,0.28024266225335853,33.5,4.933142341932134,14.725798035618313,1.083487078724451
frame_229,0,85,1,1,False,False,True,1.074849,True,True,[],[    0.51943     0.30304     0.79898],50.30972286360995,14.690910873927699,0.31959718057373876,0.1611615964941806,0.16907487060998644,33.5,17.38384035058194,51.8920607480058,1.0138604094219559
frame_230,0,255,3,1,False,False,True,1.093519,True,False,[],,2.700733173906857,-43.24000488886505,-1.0,0.1865424014138935,0.18263599761629026,33.5,14.845759858610652,44.315701070479555,0.9917198590513004
frame_230,0,170,2,1,False,False,True,4.4620605,True,False,[],,-16.595896140753055,1.326974368782652,-1.0,0.2886477235354905,0.2810062741849877,33.5,4.635227646450951,13.836500437167018,1.0875995836453693
frame_230,0,85,1,1,False,False,True,1.0751247,True,True,[],[    0.52649     0.33599     0.78097],44.85330040884345,41.160709758853955,0.3430040080780301,0.1782179007101763,0.17926103912608987,33.5,15.678209928982373,46.80062665367872,0.9906859942160782
frame_231,0,255,3,1,False,False,True,1.0523404,True,True,[],[  0.0031111   -0.016509     0.99986],3.293654132488009,-42.18802195948135,1.214573681194338,0.187111681930056,0.18381452991568947,33.5,14.788831806994402,44.14576658804299,0.9915589804925641
frame_231,0,170,2,1,False,False,True,4.267425,True,True,[],[    0.43253   -0.041148     0.90068],-17.847733479713632,4.123587903115633,1.3327474331653075,0.28501252491749124,0.27948356377336014,33.5,4.998747508250878,14.921634352987695,1.0913019750656396
frame_231,0,85,1,1,False,False,True,1.1105037,True,True,[],[    0.49296     0.24983     0.83341],51.17693225688918,32.1593869721665,0.3678624514579898,0.25503752290458337,0.25491768200538073,33.5,7.996247709541665,23.869396147885567,0.9608166510517189
frame_232,0,255,3,1,False,False,True,1.1909428,True,True,[],[   -0.11094     0.10156     0.98862],-2.8138706797753947,129.86419807279086,1.9781096162471505,0.18575588017346042,0.1832051771841035,33.5,14.92441198265396,44.55048353031032,0.989767815000387
frame_232,0,170,2,1,False,False,True,3.9451737,True,True,[],[    0.41233   -0.013033     0.91094],-17.012331769562877,7.605446056427042,1.6771809800104274,0.28971455242533306,0.28249927231582883,33.5,4.528544757466696,13.518044052139391,1.084592668000328
frame_232,0,85,1,1,False,False,True,1.0377034,True,True,[],[    0.55413     0.28462     0.78226],51.06053407685102,27.224656812599218,0.3042940833226897,0.30413860933498205,0.3084351488527183,33.5,3.086139066501797,9.212355422393424,0.9569697184700957
frame_233,0,255,3,1,False,False,True,1.0801986,True,True,[],[    0.07087   -0.083562     0.99398],3.164890605807757,-41.40656963579957,1.4015142763772834,0.18641914127889056,0.18164455843480565,33.5,14.858085872110946,44.352495140629685,0.9889362510579358
frame_233,0,170,2,1,False,False,True,4.048116,True,False,[],,-25.65453322289097,1.45355299985598,-1.0,0.2808342571490648,0.2776872226667694,33.5,5.416574285093523,16.16887846296574,1.091701817504026
frame_233,0,85,1,1,False,False,True,1.0448298,True,True,[],[    0.49565     0.25539     0.83012],48.59841064546386,9.361986745491567,0.3249252134274656,0.19040337303459154,0.14913223006893261,33.5,14.459662696540848,43.16317222848014,1.01161048248117
frame_234,0,255,3,1,False,False,True,1.086852,True,False,[],,-1.8261077991086678,134.9002135459042,-1.0,0.18702616378150339,0.18293318497328234,33.5,14.797383621849663,44.171294393581086,0.988055165458019
frame_234,0,170,2,1,False,False,True,4.1235123,True,True,[],[    0.43453    -0.02132      0.9004],-17.427608843806453,4.3640383076031775,2.418573799587016,0.2852788737087215,0.2818678722036356,33.5,4.97211262912785,14.842127251127913,1.0731226622277472
frame_234,0,85,1,1,False,False,True,1.1406945,True,True,[],[    0.47487     0.25939     0.84096],52.2669328923126,32.32600693569216,0.3939130251023166,0.29850006268805007,0.30078390712104863,33.5,3.6499937311949946,10.89550367520894,0.9659586542921264
frame_235,0,255,3,1,False,False,True,1.0830625,True,True,[],[  0.0061141  -0.0098173     0.99993],0.9189085829065675,-44.83546642523477,1.1924251417312974,0.18692041894091893,0.18340009078314995,33.5,14.807958105908108,44.20286001763614,0.9881833693486046
frame_235,0,170,2,1,False,False,True,3.9992235,True,True,[],[    0.43048   -0.020618     0.90237],-17.92860628351712,8.301874062420929,2.3171095964447916,0.2855976923697186,0.28064332579377593,33.5,4.940230763028142,14.746957501576544,1.0745011739560495
frame_235,0,85,1,1,False,False,True,1.1407468,True,True,[],[     0.4804     0.27162     0.83393],34.53357516423153,23.88417887763861,0.4005718541212506,0.13410344930240936,0.13080317680700182,33.5,20.089655069759065,59.96911961122109,1.002708937697461
frame_236,0,255,3,1,False,False,True,1.0715933,True,False,[],,1.0643220122562336,-43.58626091577523,-1.0,0.1868611954119757,0.182970456428022,33.5,14.81388045880243,44.22053868299233,0.9880959420575122
frame_236,0,170,2,1,False,False,True,3.7495143,True,True,[],[    0.37713   -0.025753      0.9258],-17.32162754069507,9.741241493617418,2.3616588711668607,0.28862523384560557,0.2838231696338065,33.5,4.637476615439446,13.843213777431181,1.0710872582738038
frame_236,0,85,1,1,False,False,True,1.0829438,True,True,[],[    0.49614      0.2271     0.83801],46.29777670347634,33.76811372078796,0.29568253787364673,0.20227075875697076,0.2012381774528777,33.5,13.272924124302927,39.62066902776993,0.9778546075912038
frame_237,0,255,3,1,False,False,True,1.2136254,True,False,[],,-0.28013776109101857,129.36878969360788,-1.0,0.1879238825455883,0.18468218015334892,33.5,14.70761174544117,43.903318643107966,0.9900593336962368
frame_237,0,170,2,1,False,False,True,3.9484158,True,True,[],[    0.43927   -0.017723     0.89818],-18.766158815599262,4.124984655444894,1.4799878965430577,0.2855727564930829,0.28194843177705553,33.5,4.942724350691713,14.754401046840934,1.0700441122111244
frame_237,0,85,1,1,False,False,True,1.0228796,True,True,[],[    0.50921     0.25138     0.82311],48.07874610514968,37.715676069015345,0.30696626263584226,0.2027758298550093,0.2083098749812802,33.5,13.222417014499072,39.469901535818124,0.9760978759164003
frame_238,0,255,3,1,False,False,True,1.0138162,True,False,[],,1.0682670226560205,-36.83935709410299,-1.0,0.188606533014458,0.1832056598512979,33.5,14.639346698554201,43.69954238374388,0.9925698468684665
frame_238,0,170,2,1,False,False,True,4.0945625,True,False,[],,-18.511694495475652,5.775666493481415,-1.0,0.28858218410536424,0.28510022877173014,33.5,4.641781589463578,13.856064446159936,1.0712333894426367
frame_238,0,85,1,1,False,False,True,1.0284237,True,True,[],[    0.56365     0.29429     0.77181],42.80174969220682,35.38509374494358,0.2727752298815882,0.16750110524520223,0.16265962013628768,33.5,16.74988947547978,49.99967007605905,0.9539353627830525
frame_239,0,255,3,1,False,False,True,1.0246109,True,False,[],,-0.28360555019305644,-43.34357883617914,-1.0,0.1879349476632558,0.18504623337985704,33.5,14.706505233674422,43.900015622908725,0.9917905007152293
frame_239,0,170,2,1,False,False,True,3.832259,True,True,[],[    0.41768   -0.026173     0.90822],-16.680473093939703,10.33988767332151,2.05343101242359,0.2891855108773385,0.28387244081765406,33.5,4.581448912266151,13.675966902287017,1.071991626017605
frame_239,0,85,1,1,False,False,True,1.0305266,True,True,[],[    0.55345     0.27552     0.78599],49.82665013867918,26.858716495333702,0.28810967499851614,0.23293033153144727,0.25076434808798886,33.5,10.206966846855275,30.46855775180679,0.9620407957653081
frame_240,0,255,3,1,False,False,True,1.2252614,True,True,[],[  -0.096089    0.025953     0.99503],0.2361165637200927,127.76493192754951,1.6535636221214487,0.1865035959429542,0.18342243215022516,33.5,14.849640405704582,44.327284793148,0.9925433270799336
frame_240,0,170,2,1,False,False,True,3.5724416,True,False,[],,-18.32992614571445,11.034596761592082,-1.0,0.2850500345385969,0.2806778925074472,33.5,4.994996546140312,14.910437451165109,1.0717601451744028
frame_240,0,85,1,1,False,False,True,1.0470434,True,True,[],[    0.54218     0.27294      0.7947],43.89501688040484,34.42160487209659,0.2621430304049186,0.19578498186878357,0.20242950196836973,33.5,13.921501813121646,41.55672183021387,0.9545027771173772
frame_241,0,255,3,1,False,False,True,1.0721785,True,False,[],,0.11774741787492388,-33.5474257525811,-1.0,0.1888602409253192,0.18372592032284607,33.5,14.613975907468083,43.6238086790092,0.9924867898472084
frame_241,0,170,2,1,False,False,True,4.201102,True,False,[],,-19.533624515215646,-1.9097802979723157,-1.0,0.2874497357067992,0.2885320969185968,33.5,4.755026429320081,14.194108744239047,1.067125317216681
frame_241,0,85,1,1,False,False,True,1.0861102,True,True,[],[    0.55696     0.29834     0.77511],44.94371183918166,32.05197088963567,0.2659089797175005,0.22242877876454337,0.20282590194137473,33.5,11.257122123545665,33.60334962252438,0.9515543032818892
frame_242,0,255,3,1,False,False,True,1.0190171,True,True,[],[  -0.099472   0.0064271     0.99502],-1.4114207661469012,-43.743835771444765,1.8260521984861349,0.18699806298390545,0.1849925381162355,33.5,14.800193701609457,44.17968269137151,0.9916782317054549
frame_242,0,170,2,1,False,False,True,4.166438,True,True,[],[    0.39721   -0.032316     0.91716],-26.21622094590625,4.477116105963975,1.7515142898767033,0.28341546453608935,0.27726490486371413,33.5,5.158453546391067,15.398368795197214,1.0851701497169344
frame_242,0,85,1,1,False,False,True,1.0679423,True,True,[],[     0.5673     0.27484     0.77629],50.40041370541195,25.99206190547745,0.28853503133745817,0.23870443772215943,0.25511913257432883,33.5,9.62955622778406,28.744943963534503,0.9676583280581486
frame_243,0,255,3,1,False,False,True,1.2141287,True,True,[],[  -0.038334   -0.052811     0.99787],0.12115526644891846,128.03312794631955,2.0779154451833786,0.18589033783995737,0.1832771283424744,33.5,14.910966216004265,44.51034691344557,0.9921863564410865
frame_243,0,170,2,1,False,False,True,3.6556544,True,True,[],[    0.32484   -0.027299     0.94537],-25.458495370686062,10.088390561522953,2.1906382402369347,0.2817517751372069,0.2784913895308879,33.5,5.324822486279313,15.894992496356158,1.085947214484635
frame_243,0,85,1,1,False,False,True,1.0931327,True,True,[],[    0.57734     0.31078     0.75505],41.65608837944968,36.913313908614704,0.25597874248948527,0.17973102083066705,0.17360774926981043,33.5,15.526897916933297,46.34894900577103,0.9620086161045416
frame_244,0,255,3,1,False,False,True,1.0239525,True,True,[],[  -0.022287   0.0011141     0.99975],-0.9398926478894063,-39.08598421592135,2.0299682933625993,0.18561546744055502,0.18192956903653895,33.5,14.9384532559445,44.59239777893881,0.9917820858412401
frame_244,0,170,2,1,False,False,True,3.7413177,True,True,[],[    0.41627   -0.015181     0.90912],-20.104301659696265,6.294751240909083,2.1041670143835614,0.284121684745312,0.2812010631806091,33.5,5.0878315254688005,15.187556792444182,1.066601378357811
frame_244,0,85,1,1,False,False,True,1.1018044,True,True,[],[    0.57434     0.27126     0.77237],40.010714327688326,35.317190448319714,0.24949785627370025,0.19277808996012502,0.19501144654318597,33.5,14.2221910039875,42.4543015044403,0.954356388918689
frame_245,0,255,3,1,False,False,True,1.0049491,True,True,[],[     0.7498     -0.6614   -0.018626],-0.6136228464369013,-41.39838876363636,0.18783345693520215,0.18731598788814535,0.18423529700637048,33.5,14.768401211185466,44.08477973488199,0.9913942777217705
frame_245,0,170,2,1,False,False,True,4.0656586,True,True,[],[    0.39883   -0.028879     0.91657],-30.119767929489782,2.682044067669818,2.1211299614362726,0.2798384116504793,0.27470899410379046,33.5,5.516158834952073,16.466145775976337,1.082994075590342
frame_245,0,85,1,1,False,False,True,1.1380684,True,True,[],[    0.58023     0.29047     0.76089],40.13596411131775,34.879526415890595,0.2765924412152694,0.18818765102299384,0.18350338377930753,33.5,14.681234897700618,43.82458178418095,0.9572659834888753
frame_246,0,255,3,1,False,False,True,1.1690098,True,True,[],[ -0.0029013     -0.0567     0.99839],-1.7567878267180903,130.08246999551213,1.9884246231900677,0.1871139140561165,0.18437951762778176,33.5,14.788608594388354,44.14510028175628,0.9925779104353055
frame_246,0,170,2,1,False,False,True,4.561644,True,False,[],,-21.135263275555026,3.4170781365166802,-1.0,0.2870859844626825,0.2825765830552182,33.5,4.79140155373175,14.3026912051694,1.0640170158353697
frame_246,0,85,1,1,False,False,True,1.1148427,True,True,[],[    0.57781     0.29779      0.7599],41.085032620326686,34.58475325288862,0.30991022481947184,0.19848582761412037,0.2001204987168646,33.5,13.651417238587966,40.75049921966557,0.9555770460552168
frame_247,0,255,3,1,False,False,True,1.1353863,True,False,[],,-3.2386989920881897,134.98644178100628,-1.0,0.18778695311111604,0.18418294551487335,33.5,14.721304688888399,43.9441931011594,0.992491436060231
frame_247,0,170,2,1,False,False,True,4.85257,True,False,[],,-21.330763547365475,3.1180237900202044,-1.0,0.28677966109725583,0.2818714716011682,33.5,4.822033890274419,14.394131015744534,1.0652226307219383
frame_247,0,85,1,1,False,False,True,1.140773,True,True,[],[    0.57888     0.28537     0.76384],41.133210121351354,31.837238764112715,0.3034802855388927,0.1975824598075977,0.20138675739412334,33.5,13.741754019240233,41.020161251463385,0.9524235073546792
frame_248,0,255,3,1,False,False,True,1.0399547,True,True,[],[    0.75587    -0.65422   -0.025762],3.953267559395776,-41.09467219437937,0.18531293966293713,0.18578703159568707,0.18142221424871596,33.5,14.921296840431294,44.54118459830237,0.9951407780374745
frame_248,0,170,2,1,False,False,True,4.5794916,True,True,[],[    0.42887   -0.023031     0.90307],-23.12295334664533,2.456225502302326,2.1113893526222554,0.28564752617984446,0.2854789237489176,33.5,4.9352473820155565,14.73208173735987,1.0638249494054526
frame_248,0,85,1,1,False,False,True,1.1508812,True,True,[],[    0.59706     0.29403     0.74637],40.330284100726224,33.16611017374595,0.2590515783550069,0.1966751857748399,0.1937833465029998,33.5,13.832481422516013,41.290989320943325,0.9590816228055811
frame_249,0,255,3,1,False,False,True,1.0236356,True,False,[],,4.834503805618236,-41.93701343457433,-1.0,0.18676971863767589,0.1820411116991379,33.5,14.823028136232413,44.24784518278332,0.9948532023596706
frame_249,0,170,2,1,False,False,True,5.07965,True,True,[],[    0.45664   -0.032182     0.88907],-17.359817138009426,-1.7639013980852516,0.9922846397004417,0.28799979781082313,0.28715676251950534,33.5,4.700020218917689,14.029911101246832,1.0583091406248026
frame_249,0,85,1,1,False,False,True,1.133794,True,True,[],[     0.5709      0.2621     0.77806],42.22130193246844,32.19143975391086,0.26041644706902356,0.2180259856039748,0.19698774674997874,33.5,11.697401439602523,34.91761623761947,0.9569395272853813
frame_250,0,255,3,1,False,False,True,1.2263415,True,True,[],[   -0.11262    0.010983     0.99358],-3.898911736943138,127.93774590360324,1.6366361237644877,0.18548328134095082,0.18352122338467264,33.5,14.95167186590492,44.63185631613409,0.996498060715043
frame_250,0,170,2,1,False,False,True,4.89202,True,True,[],[    0.46722   -0.034431     0.88347],-21.55304368029861,2.0743767733905503,1.7217554645692474,0.282927873727843,0.28138096364122855,33.5,5.207212627215702,15.543918290196125,1.0724746891932926
frame_250,0,85,1,1,False,False,True,1.2112113,True,True,[],[    0.54252     0.25568     0.80019],39.73982979039515,30.7892115554844,0.28047073276863066,0.19597353976935405,0.19257690844608655,33.5,13.902646023064596,41.50043588974506,0.9609142741880403
frame_251,0,255,3,1,False,False,True,1.0234281,True,False,[],,5.133886766015647,-38.96149370663225,-1.0,0.1861437914451729,0.1818422329062001,33.5,14.885620855482712,44.43468912084392,0.9983265158745961
frame_251,0,170,2,1,False,False,True,4.4789386,True,True,[],[    0.89579    0.060418    -0.44034],-21.85146965999141,4.556416351452933,0.2821466608330918,0.2839325375852574,0.2809852544608411,33.5,5.106746241474264,15.24401863126646,1.069197000564893
frame_251,0,85,1,1,False,False,True,1.2415984,True,True,[],[    0.59733     0.25935      0.7589],38.45972115488074,31.31495283337005,0.24679640268704794,0.18846496173565974,0.19355428110476675,33.5,14.653503826434028,43.74180246696724,0.9577476171861014
frame_252,0,255,3,1,False,False,True,1.1089152,True,False,[],,-4.920933873898495,133.68060821854965,-1.0,0.18722808734908997,0.18541250300669415,33.5,14.777191265091005,44.111018701764195,0.999298465161017
frame_252,0,170,2,1,False,False,True,4.262103,True,True,[],[    0.42037   -0.019281     0.90715],-22.72807312934808,2.8639864388094782,2.3012522387643215,0.2862057989713759,0.28322349854210427,33.5,4.879420102862414,14.565433142872877,1.065013432321377
frame_252,0,85,1,1,False,False,True,1.3177185,True,True,[],[    0.61891     0.32876     0.71335],37.386166821983785,31.720345309046262,0.27127508663849653,0.17669748117299378,0.17702771250355231,33.5,15.830251882700624,47.25448323194216,0.9585419758296632
frame_253,0,255,2,1,False,False,True,4.271487,True,True,[],[    0.40139   -0.026152     0.91553],-23.36284132894959,4.8791138053067975,2.0768114256351393,0.28329896575294683,0.2821405938313136,33.5,5.170103424705319,15.433144551359163,1.0648143111877388
frame_253,0,127,1,1,False,False,True,1.3197176,True,True,[],[    0.63716     0.31868     0.70176],36.56758207954656,29.83969701250816,0.29337506374262534,0.1990697662857679,0.19242425548759867,33.5,13.593023371423213,40.576189168427504,0.9545236658443588
frame_254,0,255,3,1,False,False,True,1.0848475,True,False,[],,6.848941742669268,-43.80135993622186,-1.0,0.1860631676976527,0.18390260178755308,33.5,14.893683230234734,44.45875591114846,0.9994735588688679
frame_254,0,170,2,1,False,False,True,4.3823895,True,False,[],,-22.719733776886265,3.2673940824827423,-1.0,0.2860360629922436,0.2829312021453375,33.5,4.896393700775642,14.616100599330274,1.0607918502952063
frame_254,0,85,1,1,False,False,True,1.3149536,True,True,[],[     0.6082     0.31255     0.72966],39.10327631375072,32.122558618782584,0.2881206259755751,0.21101450569650493,0.21434055140941333,33.5,12.39854943034951,37.01059531447615,0.9599401135683525
frame_255,0,255,3,1,False,False,True,1.1908761,True,False,[],,-5.901729836226097,130.87633647560563,-1.0,0.18719498110549,0.18432437442499414,33.5,14.780501889451003,44.12090116254031,0.9991315534029139
frame_255,0,170,2,1,False,False,True,4.077712,True,True,[],[    0.37342    0.011588     0.92759],-23.80994371136938,5.979235577947019,1.6250526929369677,0.28724977861145473,0.28740914546842267,33.5,4.775022138854529,14.253797429416505,1.0609534204019333
frame_255,0,85,1,1,False,False,True,1.3336216,True,True,[],[    0.63347     0.32857     0.70054],38.74975958298128,31.431910360751253,0.2515024646395494,0.19562925716028112,0.1957221081159134,33.5,13.93707428397189,41.60320681782654,0.9549808245009899
frame_256,0,255,3,1,False,False,True,1.0069672,True,False,[],,7.078551909019324,-37.73516911149319,-1.0,0.18584401405710177,0.1821294366881714,33.5,14.915598594289825,44.524174908327836,0.9995286051618825
frame_256,0,170,2,1,False,False,True,4.4421625,True,True,[],[    0.41252   -0.026431     0.91056],-30.6440740210878,-1.2893205849801352,1.8905927148457398,0.2835415185703719,0.27852296226983775,33.5,5.145848142962811,15.360740725262122,1.064069309017875
frame_256,0,85,1,1,False,False,True,1.2753056,True,True,[],[    0.64733     0.35839     0.67269],38.20431615483287,31.598011723043946,0.27366536776859296,0.21205179967003984,0.21345873316925512,33.5,12.294820032996018,36.700955322376174,0.9576778138895405
frame_257,0,255,3,1,False,False,True,1.0726267,True,True,[],[  -0.068058   -0.026736     0.99732],-6.591252267457859,134.57710330059714,1.8188653390245837,0.1863373633800663,0.18367572404231336,33.5,14.866263661993372,44.376906453711555,0.9985133467115097
frame_257,0,170,2,1,False,False,True,5.015699,True,True,[],[    0.37837   -0.035978     0.92496],-25.542049798300937,1.5264698115001465,2.530519238274053,0.28603361452327764,0.28244904393581527,33.5,4.8966385476722385,14.616831485588772,1.055935546815991
frame_257,0,85,1,1,False,False,True,1.2012757,True,True,[],[    0.57083     0.31236     0.75933],39.34924780821336,33.78243183566389,0.40085699015439524,0.23360926810024862,0.2241049226483689,33.5,10.13907318997514,30.265890119328777,0.9528981161070835
frame_258,0,255,3,1,False,False,True,1.1692779,True,True,[],[   -0.65205     0.74836    -0.12162],-6.99959042125849,131.161449928832,0.1859065666745885,0.18328429260652274,0.1808136512261661,33.5,15.171570739347729,45.28827086372456,1.0002738867098173
frame_258,0,170,2,1,False,False,True,5.129282,True,True,[],[    0.39402   -0.037765     0.91833],-24.558903283324792,2.9951625834981854,2.145977073477715,0.28863528767363533,0.2850675599276006,33.5,4.6364712326364685,13.840212634735726,1.0549564016954363
frame_258,0,85,1,1,False,False,True,1.2571608,True,True,[],[    0.60184     0.32628     0.72892],41.289688415503136,32.802457427845845,0.3345452126106081,0.24990710217346312,0.24942733177636986,33.5,8.50928978265369,25.400865022846837,0.9550852658822364
frame_259,0,255,3,1,False,False,True,1.0425825,True,False,[],,8.367120804810114,-40.01661926756404,-1.0,0.18673417726353736,0.18219902463418233,33.5,14.826582273646267,44.25845454819781,1.003932691232193
frame_259,0,170,2,1,False,False,True,5.176593,True,False,[],,-25.475275764840987,3.253786509773901,-1.0,0.28361025987360194,0.2790563272484594,33.5,5.138974012639808,15.340220933253157,1.0546739496122264
frame_259,0,85,1,1,False,False,True,1.3504362,True,True,[],[    0.64243     0.30639     0.70244],36.030467979051885,29.86927990337292,0.2655463962409077,0.2069705889362623,0.20629290884408014,33.5,12.802941106373773,38.21773464589186,0.9609521954587781
frame_260,0,255,3,1,False,False,True,1.0925442,True,False,[],,-9.5418481865672,134.12785866060415,-1.0,0.18443264136985643,0.18105025125244362,33.5,15.056735863014358,44.94548018810256,1.0063891878554208
frame_260,0,170,2,1,False,False,True,4.3957033,True,True,[],[    0.38362   -0.022377     0.92322],-27.337763117704416,5.152795631640459,2.223824579575581,0.28269934013783987,0.2807667067846943,33.5,5.230065986216015,15.612137272286613,1.0534295319777591
frame_260,0,85,1,1,False,False,True,1.3754635,True,True,[],[    0.60413      0.3374     0.72193],41.113829505157824,32.18855299937632,0.32304684893417457,0.2496505537890391,0.24792401068698028,33.5,8.534944621096091,25.477446630137585,0.9541498395322844
frame_261,0,255,3,1,False,False,True,1.0962247,True,True,[],[   0.065882    -0.13667     0.98842],-11.401635201670981,134.79575326793005,1.2686363146801196,0.1853110745199522,0.1815819018227131,33.5,14.968892548004781,44.68326133732771,1.0085259545602243
frame_261,0,170,2,1,False,False,True,3.716342,True,False,[],,-32.483916117295784,10.085156412352756,-1.0,0.2810116399739018,0.27768792646316187,33.5,5.3988360026098245,16.115928365999476,1.0696225638120351
frame_261,0,85,1,1,False,False,True,1.3851199,True,True,[],[    0.49577     0.27556     0.82357],39.28354295421286,29.370668146878593,1.3191727133600837,0.24412318871113192,0.23849322807245413,33.5,9.08768112888681,27.127406354886002,0.9576355254885488
frame_262,0,255,3,1,False,False,True,1.1768488,True,False,[],,-10.232212908658493,131.8706801000978,-1.0,0.1858390346654844,0.1838624710271512,33.5,14.916096533451562,44.52566129388526,1.0093501547262032
frame_262,0,170,2,1,False,False,True,3.7240348,True,True,[],[    0.33464    0.033523     0.94175],-31.871486157767343,4.619712941212779,1.7756124765831487,0.28157885871768745,0.2774610237902694,33.5,5.342114128231257,15.946609338003753,1.0672592209317402
frame_262,0,85,1,1,False,False,True,1.4101186,True,True,[],[    0.62287     0.28924     0.72689],37.70532267560953,27.507326201737655,0.2887321924857751,0.21747522634038496,0.21311861032115922,33.5,11.752477365961505,35.08202198794479,0.958629616240472
frame_263,0,255,3,1,False,False,True,1.0522673,True,True,[],[  -0.081347   0.0081631     0.99665],11.568690897789669,-40.87321281339919,1.3821432125692756,0.1864016015018047,0.18145889701668128,33.5,14.859839849819531,44.357730894983675,1.0128728080888674
frame_263,0,170,2,1,False,False,True,4.1546044,True,False,[],,-26.374203995538792,2.4184651162050343,-1.0,0.28460542077240697,0.2815476751492505,33.5,5.039457922759305,15.043157978385985,1.0536119136682587
frame_263,0,85,1,1,False,False,True,1.4277331,True,True,[],[    0.66316     0.34105     0.66626],35.71345579756939,29.793379774520293,0.2949277013525019,0.23087362988623628,0.20047816683693123,33.5,10.412637011376374,31.08249854142201,0.9556606565154878
frame_264,0,255,3,1,False,False,True,1.1225183,True,True,[],[  -0.060977  -0.0014078     0.99814],-9.90571065550618,132.90682863587142,2.118651983772236,0.18486360484847728,0.1826729035627379,33.5,15.013639515152274,44.816834373588875,1.0119912594300053
frame_264,0,170,2,1,False,False,True,4.333544,True,False,[],,-34.04747714218695,5.114784567517654,-1.0,0.2832833908465609,0.2776081072560269,33.5,5.171660915343912,15.437793777146005,1.0674326585812055
frame_264,0,85,1,1,False,False,True,1.4337789,True,True,[],[    0.61955     0.29021     0.72934],38.35592641360313,26.53277216400567,0.35553736602668184,0.22420692309717172,0.23282931072334456,33.5,11.07930769028283,33.07256026950098,0.9587920841296558
frame_265,0,255,3,1,False,False,True,1.122223,True,False,[],,-9.457305979036049,133.79620726518058,-1.0,0.18702486411902844,0.1835525123215782,33.5,14.797513588097159,44.17168235252883,1.0142224558053907
frame_265,0,170,2,1,False,False,True,4.0981627,True,True,[],[    0.43038    -0.01696     0.90249],-25.9659397089683,8.362664511978679,2.3678390176528596,0.2853467338967073,0.28092827986377683,33.5,4.9653266103292735,14.821870478594846,1.0534482054987475
frame_265,0,85,1,1,False,False,True,1.4671456,True,True,[],[    0.61982     0.28682     0.73046],34.66829919302844,27.87070020185517,0.34973437359414383,0.22739245120492424,0.22571633624510423,33.5,10.760754879507578,32.121656356739045,0.9592321006279418
frame_266,0,255,3,1,False,False,True,1.0661143,True,False,[],,10.855158500054499,-42.33912687386192,-1.0,0.18758100391853605,0.18300959897265714,33.5,14.741899608146397,44.0056704720788,1.0154496815071066
frame_266,0,170,2,1,False,False,True,4.1967673,True,True,[],[    0.42535   -0.019737     0.90481],-27.700887166911855,2.854622635305236,2.3004196403721906,0.28406296887431776,0.2826768276021403,33.5,5.093703112568226,15.20508391811411,1.0536792156461063
frame_266,0,85,1,1,False,False,True,1.4638634,True,True,[],[    0.66628     0.33042      0.6685],33.778795383467575,28.9602568083837,0.3110856357741695,0.20029866307895028,0.19048963497113508,33.5,13.470133692104975,40.20935430479097,0.9551729592208066
frame_267,0,255,3,1,False,False,True,1.1339786,True,True,[],[  -0.080245   -0.044976     0.99576],-8.855404094536476,133.12776322201975,1.6201138491828966,0.1853115260889362,0.1830706407551968,33.5,14.968847391106383,44.68312654061607,1.014794684029884
frame_267,0,170,2,1,False,False,True,4.325268,True,True,[],[    0.35092  -0.0082083     0.93637],-27.946679426042568,3.0312263585978476,2.145454456879393,0.28556633814566884,0.2839821033298259,33.5,4.943366185433118,14.756316971442143,1.0532976096918163
frame_267,0,85,1,1,False,False,True,1.4464732,True,True,[],[    0.64711     0.33609     0.68432],35.56935588392291,30.519300311937794,0.3168115872531061,0.20937221973995357,0.2028693795559393,33.5,12.562778026004645,37.50082992837208,0.9556697158240627
frame_268,0,255,3,1,False,False,True,1.0838797,True,False,[],,9.491575353806342,-43.772041009742836,-1.0,0.1874468052662725,0.18376753110394844,33.5,14.755319473372753,44.045729771261946,1.0162959483282
frame_268,0,170,2,1,False,False,True,4.765616,True,False,[],,-34.829349171203376,-0.9871969534230037,-1.0,0.2834526486785547,0.2786371483529956,33.5,5.154735132144533,15.38726905117771,1.0624833837338503
frame_268,0,85,1,1,False,False,True,1.4694409,True,True,[],[    0.64094     0.27614      0.7162],34.6968445798988,27.474640907193177,0.2801582813960355,0.20505336598340818,0.20327968970791993,33.5,12.994663401659185,38.79004000495279,0.9543842570522805
frame_269,0,255,2,1,False,False,True,4.6753855,True,True,[],[    0.43183   -0.014874     0.90183],-29.737480524767896,3.1880865754898924,2.276327381194253,0.28340852404355843,0.28048807523497776,33.5,5.159147595644159,15.400440584012415,1.0531279296445115
frame_269,0,127,1,1,False,False,True,1.4465846,True,True,[],[    0.59968     0.27719      0.7507],37.10287481945335,28.277446893729877,0.2951376452461161,0.2544720659563183,0.26005900466166637,33.5,8.052793404368169,24.03818926677065,0.9603746457243907
frame_270,0,255,3,1,False,False,True,1.1367676,True,True,[],[  -0.029118   -0.090027     0.99551],-9.04258225770914,132.83439280501335,1.6534697813498183,0.1851606012263018,0.18163701089032025,33.5,14.983939877369822,44.72817873841738,1.016842644672852
frame_270,0,170,2,1,False,False,True,4.6696653,True,True,[],[    0.30973  -0.0023337     0.95082],-29.761488056495914,0.5945210786394556,2.0312804098443875,0.28477525961550604,0.2844057753188967,33.5,5.022474038449398,14.992459816266859,1.0485457851077027
frame_270,0,85,1,1,False,False,True,1.3934407,True,True,[],[    0.43165      0.2667     0.86172],34.666605746463915,31.07865144018713,1.2751569541891081,0.19167223986070325,0.18665871075861357,33.5,14.332776013929676,42.784406011730375,0.958841683672995
frame_271,0,255,3,1,False,False,True,1.023727,True,True,[],[   -0.14562    0.050515     0.98805],7.9981232512885745,-40.33425716782185,2.088741832837125,0.18543218438831427,0.18120032887842613,33.5,14.956781561168576,44.64710913781664,1.0181511831881642
frame_271,0,170,2,1,False,False,True,4.6020527,True,False,[],,-28.670581614565826,1.7489800425802973,-1.0,0.28507961121479397,0.28874163839836914,33.5,4.992038878520605,14.90160859259882,1.0473652733483714
frame_271,0,85,1,1,False,False,True,1.3359195,True,True,[],[    0.41915     0.25634     0.87098],34.09867834756405,31.055030172697606,1.2824237349649796,0.21493401018536806,0.18519679770830477,33.5,12.006598981463195,35.840593974517,0.9579329845717114
frame_272,0,255,3,1,False,False,True,1.0770584,True,True,[],[   -0.16814    0.061054     0.98387],-8.187771403763822,134.48588245331666,1.9684763900781577,0.18531778964797874,0.18160498394046803,33.5,14.968221035202129,44.68125682149889,1.0177649255268242
frame_272,0,170,2,1,False,False,True,4.56301,True,False,[],,-28.795718904959113,4.790296274562457,-1.0,0.2843911059826704,0.280513500851496,33.5,5.060889401732959,15.107132542486445,1.053264994996668
frame_272,0,85,1,1,False,False,True,1.3958333,True,True,[],[    0.64295      0.3327     0.68987],35.76292627933312,29.713962983082304,0.3427374890314936,0.22909058876394062,0.2264517052506495,33.5,10.59094112360594,31.614749622704302,0.9624496036428746
frame_273,0,255,3,1,False,False,True,1.1440501,True,False,[],,-5.813599838162643,132.3766325795048,-1.0,0.18650006364225485,0.18482599868085492,33.5,14.849993635774517,44.32833921126721,1.0196195397263166
frame_273,0,170,2,1,False,False,True,4.3460903,True,False,[],,-29.821140712149095,4.741026887593342,-1.0,0.28344200981468054,0.282034239310626,33.5,5.1557990185319476,15.390444831438648,1.054870038885962
frame_273,0,85,1,1,False,False,True,1.5323749,True,True,[],[    0.64115     0.28296     0.71334],31.320111336114973,26.607192281754823,0.3080108030990889,0.1980628887854109,0.1894631005647143,33.5,13.693711121458913,40.87674961629526,0.9545539367077237
frame_274,0,255,3,1,False,False,True,1.0650519,True,True,[],[   -0.20627    0.086278     0.97468],7.151720113223399,-42.15382747099146,1.3448873359332856,0.186926262634094,0.18351548860604186,33.5,14.807373736590602,44.20111563161374,1.0229091343449932
frame_274,0,170,2,1,False,False,True,4.238035,True,True,[],[    0.41211   -0.011055     0.91107],-31.04840856783671,2.769171643508575,2.137891036959614,0.28377510491728625,0.28314626728455994,33.5,5.122489508271377,15.291013457526498,1.05191401482343
frame_274,0,85,1,1,False,False,True,1.6240706,True,True,[],[    0.65288      0.2899     0.69979],29.586484199080893,26.038634044792854,0.33223094438077294,0.1832230172953907,0.17827120342005598,33.5,15.177698270460931,45.306562001375916,0.9551044856654299
frame_275,0,255,3,1,False,False,True,1.1134825,True,True,[],[   -0.13316    0.021498     0.99086],-7.356550911046586,134.4954145860441,1.9375918845021975,0.18627430435453166,0.18330279357772858,33.5,14.872569564546836,44.39573004342339,1.0254585966788727
frame_275,0,170,2,1,False,False,True,4.7128534,True,True,[],[    0.40831   -0.033824     0.91221],-31.03558633916853,1.2384366211461424,2.0739308087177655,0.2832832216746094,0.2808649693660114,33.5,5.171677832539062,15.437844276236007,1.0531242085668138
frame_275,0,85,1,1,False,False,True,1.6599641,True,True,[],[    0.48406     0.26195     0.83491],29.89034014789356,26.864033046152098,1.2635694246720515,0.21748808888945093,0.17903524114740377,33.5,11.75119111105491,35.07818242105943,0.9566885556909908
frame_276,0,255,3,1,False,False,True,1.0838813,True,True,[],[   -0.23876     0.14356     0.96041],9.241330146767732,-44.7171674217928,1.6914168958416123,0.18686482009229904,0.1827125719759925,33.5,14.813517990770098,44.21945668886597,1.027000988485787
frame_276,0,170,2,1,False,False,True,4.9984827,True,False,[],,-29.247254670183143,2.6095492473452375,-1.0,0.28600495996887265,0.28357237360958754,33.5,4.899504003112737,14.62538508391862,1.0531492837141039
frame_276,0,85,1,1,False,False,True,1.6430265,True,True,[],[    0.53463     0.28832     0.79438],28.94805309157967,27.755208725218605,0.35428031662272064,0.18040552755280503,0.17258942702746852,33.5,15.459447244719499,46.147603715580594,0.9603689903220956
frame_277,0,255,3,1,False,False,True,1.0946155,True,False,[],,-8.392970612234725,134.80881859418196,-1.0,0.18492804137650687,0.18180337272458408,33.5,15.007195862349315,44.79759958910243,1.0278214087770718
frame_277,0,170,2,1,False,False,True,5.404698,True,False,[],,-28.34759305046885,2.418020713479295,-1.0,0.28236757309618354,0.2841556202540607,33.5,5.263242690381648,15.711172210094471,1.0454260172469874
frame_277,0,85,1,1,False,False,True,1.608322,True,True,[],[    0.45239     0.26112     0.85273],31.801143038200355,27.538333700239168,1.2508507276100411,0.2174917814897086,0.21832855908318932,33.5,11.750821851029142,35.0770801523258,0.9588494343438765
frame_278,0,255,3,1,False,False,True,1.1450524,True,True,[],[    -0.1572    0.029831     0.98712],-9.64989296303055,132.73007345082578,1.624970891442953,0.18510277525892777,0.18177671682931237,33.5,14.989722474107225,44.745440221215595,1.0283294034102968
frame_278,0,170,2,1,False,False,True,4.877811,True,False,[],,-32.00836772120022,2.5160700446610167,-1.0,0.2799984068937392,0.27827260032635537,33.5,5.5001593106260795,16.418386001868896,1.0524133769407247
frame_278,0,85,1,1,False,False,True,1.6778492,True,True,[],[    0.69911     0.29201     0.65266],30.25129415303027,24.898532603558234,0.2614758531752128,0.21372203286866864,0.17727252065444687,33.5,12.127796713133138,36.202378248158624,0.9537947918530991
frame_279,0,255,3,1,False,False,True,1.0680703,True,True,[],[   -0.19451    0.088325     0.97692],7.5120734655437404,-42.3068913121823,1.7814208502447346,0.1855922443464986,0.18106230182360294,33.5,14.940775565350142,44.599330045821326,1.0293751263773288
frame_279,0,170,2,1,False,False,True,3.8380816,True,True,[],[    0.38518   -0.016437      0.9227],-31.58722883915193,10.01119295948813,1.8922683979180615,0.2860105846461599,0.281462052018318,33.5,4.898941535384011,14.623706075773166,1.046650744892995
frame_279,0,85,1,1,False,False,True,1.677344,True,True,[],[    0.51808     0.27909     0.80852],29.87928986565417,27.00997254681434,1.1912435747194068,0.21922439201403443,0.18070169333554442,33.5,11.57756079859656,34.559882980885256,0.9592655962239764
frame_280,0,255,3,1,False,False,True,1.1369871,True,True,[],[   -0.66463     0.73836    -0.11442],-6.322901019098599,132.00312363643297,0.18879770218133507,0.18661264780055367,0.18285011417955893,33.5,14.838735219944635,44.29473199983473,1.0284337262119676
frame_280,0,170,2,1,False,False,True,3.6118672,True,True,[],[    0.40257   -0.020867     0.91515],-31.426812168427222,11.065734728684108,1.8230293099805597,0.2829369614615341,0.2807567958679181,33.5,5.206303853846594,15.54120553387043,1.0496746443013145
frame_280,0,85,1,1,False,False,True,1.5775949,True,True,[],[     0.4208     0.26255     0.86833],29.910559132361183,28.209954366074918,1.319275989587426,0.21279360946266634,0.17994293518814114,33.5,12.220639053733368,36.47951956338319,0.9600991887777292
frame_281,0,255,3,1,False,False,True,1.0931929,True,False,[],,4.884351024868478,-44.10025690481659,-1.0,0.1861361984688836,0.18189526757286145,33.5,14.886380153111642,44.436955680930275,1.0293173526327244
frame_281,0,170,2,1,False,False,True,3.8019288,True,False,[],,-38.56683406973322,4.374069048697488,-1.0,0.2807143603332706,0.27628544987579895,33.5,5.428563966672945,16.204668557232672,1.0685998162261616
frame_281,0,85,1,1,False,False,True,1.6346223,True,True,[],[    0.48662     0.25898     0.83435],32.21497273424043,25.055367970360827,1.2498758721128516,0.222296646133319,0.22536751493108484,33.5,11.270335386668101,33.64279219900926,0.9602062865096291
frame_282,0,255,3,1,False,False,True,1.0208198,True,False,[],,5.409980373686195,-38.835657673905466,-1.0,0.18632890310244374,0.18161917573425912,33.5,14.867109689755628,44.37943190971829,1.0305010356472037
frame_282,0,170,2,1,False,False,True,4.414174,True,False,[],,-31.678903412763706,0.6275530149066685,-1.0,0.28315844512008853,0.2816383675646802,33.5,5.1841554879911484,15.475091008928802,1.0517405730869853
frame_282,0,85,1,1,False,False,True,1.5908781,True,True,[],[    0.43395     0.26103     0.86229],33.400859317431525,26.10644502178247,1.308342056101163,0.24964512067455047,0.2648189098863667,33.5,8.535487932544955,25.47906845535807,0.9623982896737289
frame_283,0,255,3,1,False,False,True,1.1836767,True,False,[],,-5.020233134639268,128.01054274737947,-1.0,0.18648626970222798,0.18322543673575645,33.5,14.851373029777204,44.332456805305085,1.0313738668815688
frame_283,0,170,2,1,False,False,True,4.3993216,True,False,[],,-31.704616999490447,5.76222158010926,-1.0,0.28376017098501094,0.2803862322352515,33.5,5.123982901498908,15.295471347757935,1.0541318834429005
frame_283,0,85,1,1,False,False,True,1.640941,True,True,[],[    0.53869     0.28974     0.79111],28.499811679038082,26.88510428138215,1.2639652392846292,0.18617016258667218,0.1797206268438331,33.5,14.882983741332783,44.42681713830681,0.9589136021761946
frame_284,0,255,3,1,False,False,True,1.0887284,True,True,[],[   -0.18331    0.064882     0.98091],7.670591897795851,-42.990193828432474,1.8779417292824094,0.185451961107865,0.18213230437395878,33.5,14.954803889213503,44.64120563944329,1.033516103097043
frame_284,0,170,2,1,False,False,True,4.1292205,True,True,[],[    0.39905   -0.015831     0.91679],-39.60711809838143,3.8608384978171113,2.4447153349213213,0.27955793734915035,0.2771780385638911,33.5,5.544206265084966,16.549869448014825,1.0666148059701706
frame_284,0,85,1,1,False,False,True,1.6921357,True,True,[],[    0.57866     0.25951     0.77318],30.770436818344432,24.46992161768022,0.34884872752410434,0.2078447829330985,0.20956814117524647,33.5,12.715521706690152,37.95678121400046,0.9575422800575364
frame_285,0,255,3,1,False,False,True,1.0357974,True,False,[],,6.9190502191716226,-42.031113690553944,-1.0,0.18683281182129868,0.1822401362876886,33.5,14.816718817870134,44.229011396627264,1.0359849823159553
frame_285,0,170,2,1,False,False,True,4.4595037,True,False,[],,-32.72276910367829,0.016209954530455362,-1.0,0.2846837316603535,0.28461845864803637,33.5,5.031626833964653,15.019781593924336,1.0544070864001573
frame_285,0,85,1,1,False,False,True,1.7491401,True,True,[],[    0.43648     0.27239     0.85749],29.374757339913963,25.797063255559195,1.1106328805009458,0.22650058212841406,0.21660429103445372,33.5,10.849941787158595,32.387885931816704,0.9600590279824103
frame_286,0,255,3,1,False,False,True,1.1098802,True,True,[],[   -0.21841     0.08591     0.97207],-7.028534482165061,132.68269827702167,1.533580798445744,0.18731849574284043,0.1841233843161011,33.5,14.768150425715959,44.08403112154017,1.0367681723122204
frame_286,0,170,2,1,False,False,True,4.1082306,True,True,[],[    0.28047    -0.01888     0.95968],-34.01624314210165,7.663156793812163,2.320522236269391,0.28566813754493003,0.28285171990429414,33.5,4.933186245506999,14.725929091065668,1.0573700252783789
frame_286,0,85,1,1,False,False,True,1.5818386,True,True,[],[    0.40156     0.25506      0.8796],28.32238286400151,25.586213002804083,1.2470857407019693,0.2329627108534087,0.19597043884341325,33.5,10.203728914659132,30.458892282564577,0.961635331866535
frame_287,0,255,3,1,False,False,True,1.105244,True,False,[],,-6.923396879014951,133.90750711218112,-1.0,0.18607579819526676,0.18268549004636014,33.5,14.892420180473326,44.454985613353216,1.0373021583438544
frame_287,0,170,2,1,False,False,True,3.7122426,True,True,[],[    0.34223  -0.0062084     0.93959],-33.97273901067896,10.059841783926407,2.1324613251064983,0.2846478927617528,0.2828662167323509,33.5,5.035210723824724,15.030479772611116,1.0612029805032572
frame_287,0,85,1,1,False,False,True,1.71768,True,True,[],[    0.47178     0.26935     0.83957],28.492790436406032,24.804153084304748,1.2762709229864324,0.23384095400505478,0.19088818617412617,33.5,10.115904599494524,30.196730147744848,0.9599632999050791
frame_288,0,255,3,1,False,False,True,1.0817609,True,True,[],[     -0.195    0.084734     0.97714],7.497579355823069,-44.012977963147264,1.897582412402735,0.18680445753325947,0.183010055715481,33.5,14.819554246674056,44.23747536320614,1.0404295406707784
frame_288,0,170,2,1,False,False,True,3.8698733,True,False,[],,-38.96246172944487,1.7267134168870895,-1.0,0.2807508985758592,0.28077422593982715,33.5,5.42491014241408,16.193761619146507,1.0641680977344958
frame_288,0,85,1,1,False,False,True,1.8708729,True,True,[],[    0.51117     0.28003     0.81258],29.035030632738465,23.11179604396076,1.103218357986704,0.22369856817840794,0.22497640137887032,33.5,11.130143182159207,33.2243080064454,0.959845837382728
frame_289,0,255,3,1,False,False,True,1.0732229,True,True,[],[   -0.13857   0.0060925     0.99033],7.27904168369728,-44.054037225789,1.3577211904957425,0.1859925149322338,0.1820584267117946,33.5,14.900748506776623,44.47984628888544,1.0403426520043761
frame_289,0,170,2,1,False,False,True,3.834657,True,True,[],[    0.38644   -0.016397     0.92217],-34.155477999895346,6.231544580345308,2.2676527035816294,0.28451592291993555,0.28320126330139295,33.5,5.048407708006447,15.069873755243126,1.0530470365594173
frame_289,0,85,1,1,False,False,True,1.87219,True,True,[],[    0.45974     0.25945     0.84931],27.878085495087618,24.808820760038707,1.3246795361308643,0.22886553521465203,0.18110776362047903,33.5,10.613446478534799,31.68192978667104,0.9571230680703028
frame_290,0,255,3,1,False,False,True,1.0975685,True,True,[],[   -0.14481    0.043495      0.9885],-8.532492738478629,134.08054103870816,1.7156213709024937,0.18616499743610912,0.18178249133914987,33.5,14.88350025638909,44.42835897429579,1.0407081635402782
frame_290,0,170,2,1,False,False,True,4.2990885,True,True,[],[   -0.67092     0.01685     0.74134],-23.169765198522853,-0.9538698798102677,0.27778360298327365,0.2709463275737953,0.25832880097052613,33.5,6.405367242620475,19.120499231702908,1.034686553265663
frame_290,0,85,1,1,False,False,True,1.6441945,True,True,[],[    0.41205     0.25884     0.87362],30.15334829985951,27.242715926842145,1.3145946747019033,0.23597055459637273,0.23533342539429036,33.5,9.902944540362729,29.561028478694713,0.9591690983245829
frame_291,0,255,3,1,False,False,True,1.0932366,True,True,[],[   -0.26733     0.18016     0.94661],-8.966710644968463,134.65836900895135,1.6724092165626812,0.18640287689019414,0.18415440120529966,33.5,14.859712310980589,44.35735018203161,1.040922001673091
frame_291,0,170,2,1,False,False,True,4.522999,True,True,[],[   -0.68926    0.019304     0.72425],-35.19496635239255,1.511500875307325,0.27751323076552536,0.28513236877289294,0.28470701184957736,33.5,4.986763122710708,14.885860067793159,1.0476221881029797
frame_291,0,85,1,1,False,False,True,1.6011859,True,True,[],[    0.41176     0.26058     0.87324],27.491628195098137,26.751135155634216,1.332082570221421,0.20419275069616072,0.1969772041260625,33.5,13.08072493038393,39.04694009069829,0.9565031904951964
frame_292,0,255,3,1,False,False,True,1.0888836,True,False,[],,-9.750253116563039,134.8031343689995,-1.0,0.1854595859583234,0.18249286119971114,33.5,14.954041404167661,44.638929564679586,1.0414188940184457
frame_292,0,170,2,1,False,False,True,4.2426434,True,True,[],[    0.27211   -0.010649     0.96221],-34.59142252910408,4.688159802015045,1.955844435751119,0.2862292933849402,0.28364422230146613,33.5,4.877070661505983,14.558419885092485,1.0483671380177426
frame_292,0,85,1,1,False,False,True,1.7013328,True,True,[],[    0.45714     0.25975     0.85062],26.874955385435655,25.28491736310623,1.3297142105906288,0.19161290391478947,0.18205215232937105,33.5,14.338709608521055,42.80211823439121,0.9560250165270663
frame_293,0,255,3,1,False,False,True,1.0832989,True,False,[],,-9.95931128814668,134.77984979051192,-1.0,0.18663658118262172,0.1832248602514992,33.5,14.83634188173783,44.28758770668009,1.0430035066308048
frame_293,0,170,2,1,False,False,True,4.269148,True,True,[],[    0.36644   -0.022576     0.93017],-36.88710670576288,2.3806422697247056,1.60948285687621,0.2808357859860928,0.27771786444814883,33.5,5.4164214013907195,16.16842209370364,1.0553504284236013
frame_293,0,85,1,1,False,False,True,1.58878,True,True,[],[     0.4029     0.25597     0.87872],28.317337120597493,25.98571078585011,1.3223789971913291,0.23572092959808055,0.23977183382040837,33.5,9.927907040191947,29.635543403558053,0.9588537511266969
frame_294,0,255,3,1,False,False,True,1.0808538,True,True,[],[  -0.098677    0.015924     0.99499],8.630022733697018,-44.57389794119404,1.2661035364010143,0.1855923400760262,0.18101866098340796,33.5,14.940765992397381,44.59930146984293,1.0447344555218665
frame_294,0,170,2,1,False,False,True,4.338172,True,False,[],,-34.24735470377695,2.2199948626796218,-1.0,0.287025091694853,0.28592595192913695,33.5,4.7974908305147,14.320868150790151,1.0441216137220313
frame_294,0,85,1,1,False,False,True,1.5213993,True,True,[],[    0.40779     0.25589     0.87649],28.401706516183932,27.105762075133836,1.2443043645417962,0.22568806262668428,0.1857830285572385,33.5,10.931193737331574,32.630429066661414,0.9591274490999446
frame_295,0,255,3,1,False,False,True,1.1298133,True,True,[],[   -0.25845     0.15545     0.95344],-9.060219672381361,132.50967832367257,1.739767241320658,0.18481749541819217,0.18292712694653174,33.5,15.018250458180784,44.830598382629205,1.0453591955254542
frame_295,0,170,2,1,False,False,True,4.202324,True,False,[],,-40.094690442362115,3.7167420249919916,-1.0,0.2800987030345686,0.27689721542401835,33.5,5.4901296965431445,16.38844685535267,1.0576968009716043
frame_295,0,85,1,1,False,False,True,1.6479084,True,True,[],[    0.49758      0.2415     0.83312],26.974950962301953,24.333898120353307,0.653946813053842,0.22914797132743114,0.18949238670691382,33.5,10.585202867256887,31.597620499274292,0.9570721846172346
frame_296,0,255,3,1,False,False,True,1.0979137,True,False,[],,9.902506846206233,-44.914676892602536,-1.0,0.185487916187632,0.18111890188591537,33.5,14.951208381236803,44.630472779811356,1.0485787859784297
frame_296,0,170,2,1,False,False,True,3.8845863,True,True,[],[    0.37547   -0.019322     0.92663],-40.14452296847752,5.209981335572373,2.238353183356138,0.28164922760034516,0.2794278603544588,33.5,5.335077239965486,15.925603701389509,1.057900134405881
frame_296,0,85,1,1,False,False,True,1.62417,True,True,[],[    0.39953      0.2572      0.8799],26.518680927316503,26.163570846447346,1.3191147843002864,0.2118895366284549,0.19848987300316656,33.5,12.311046337154513,36.7493920512075,0.9576776858705741
frame_297,0,255,3,1,False,False,True,1.0002207,True,True,[],[   -0.19868    0.079428     0.97684],12.818091748263688,-41.176960302950334,1.6463699989970366,0.1860051568620937,0.18107944121514896,33.5,14.899484313790632,44.476072578479496,1.0520531778503293
frame_297,0,170,2,1,False,False,True,4.285938,True,False,[],,-34.2209783975339,1.3655994749189293,-1.0,0.2829254364714645,0.28153384120399155,33.5,5.207456352853551,15.544645829413586,1.041679846093916
frame_297,0,85,1,1,False,False,True,1.6636697,True,True,[],[    0.40676     0.25367     0.87761],59.72757796676612,30.95093954942839,1.2225281623965936,1.1033341448879148,1.105409702697473,33.5,76.83341448879149,229.35347608594475,0.9791189300815893
frame_298,0,255,3,1,False,False,True,1.1528697,True,False,[],,-11.21253730990601,129.24525618182895,-1.0,0.18655625506388915,0.18427238672281543,33.5,14.844374493611086,44.31156565257041,1.0513724340883777
frame_298,0,170,2,1,False,False,True,4.056525,True,True,[],[      0.279  -0.0078342     0.96026],-40.920678011656086,5.670710913226141,2.0614193933035185,0.2808080089038972,0.278090930443583,33.5,5.419199109610284,16.1767137600307,1.0582256714502971
frame_298,0,85,1,1,False,False,True,1.8399473,True,True,[],[     0.4446     0.25443     0.85884],26.39664185445329,23.679459276962056,1.2603084880725515,0.24273193212121835,0.21437291043180906,33.5,9.226806787878166,27.542706829487063,0.9578470976285708
frame_299,0,255,3,1,False,False,True,1.1299447,True,False,[],,-14.187853510030322,133.8456283721743,-1.0,0.18639337843631637,0.18387135019622594,33.5,14.860662156368365,44.3601855413981,1.0538787280012099
frame_299,0,170,2,1,False,False,True,3.635383,True,True,[],[    0.37834   -0.014439     0.92555],-35.503398066745426,11.443176983628465,2.2096803399092027,0.2836751921894779,0.2802896076258221,33.5,5.132480781052212,15.320838152394664,1.0400902887355914
frame_299,0,85,1,1,False,False,True,1.979711,True,True,[],[    0.59743     0.25372     0.76073],25.73915680983736,24.062843064748712,0.3663886556799911,0.23992488622988828,0.2093673304592975,33.5,9.507511377011173,28.380630976152755,0.9546761854746009
frame_300,0,255,3,1,False,False,True,1.0131367,True,True,[],[   -0.11186   -0.014534     0.99362],14.780189995233144,-41.014722808451815,1.6598793164946557,0.18568273607123545,0.18181814624048315,33.5,14.931726392876458,44.57231759067599,1.0558533506358372
frame_300,0,170,2,1,False,False,True,3.8083732,True,True,[],[    0.37454   0.0031327     0.92721],-37.63515318989574,3.1451922364397062,2.3957852790151404,0.28509445533089206,0.2830823600521162,33.5,4.990554466910796,14.897177513166554,1.0365592270139217
frame_300,0,85,1,1,False,False,True,1.9874364,True,True,[],[    0.48038     0.27304     0.83348],23.522913506607313,25.584994499644797,1.1838059691904368,0.23530711854096908,0.20781463637096123,33.5,9.969288145903093,29.759069092248037,0.9552740856260061
frame_301,0,255,3,1,False,False,True,1.1145561,True,True,[],[   -0.17005    0.069887     0.98295],-13.481756844426952,132.1252785754974,1.733817442609895,0.18521898957964233,0.18172396665740273,33.5,14.97810104203577,44.71074937921125,1.055563885216174
frame_301,0,170,2,1,False,False,True,3.8318934,True,True,[],[    0.35528   -0.024612     0.93443],-40.16677310110722,5.869864976688243,2.3844374212735877,0.28256682283915674,0.27908722418663234,33.5,5.243317716084328,15.651694674878591,1.0506798045306665
frame_301,0,85,1,1,False,False,True,1.9237659,True,True,[],[    0.39507     0.26044     0.88096],24.174390596844905,25.974171681092788,1.1078435167910532,0.19327302200490482,0.18942172164100113,33.5,14.172697799509521,42.306560595550806,0.9519586075483144
frame_302,0,255,3,1,False,False,True,1.1689987,True,False,[],,-14.08798333326792,130.6913041048719,-1.0,0.1864836752305234,0.18340190822477967,33.5,14.851632476947662,44.333231274470634,1.0560989087030768
frame_302,0,170,2,1,False,False,True,3.5580678,True,True,[],[    0.71847     0.11948    -0.68522],-38.48554492061933,10.749747226607834,0.28386973971179263,0.2848287145540736,0.2796028886763615,33.5,5.017128544592642,14.97650311818699,1.0460084252681945
frame_302,0,85,1,1,False,False,True,1.9244119,True,True,[],[    0.62123     0.30234     0.72296],23.711773227990342,26.119453990525095,0.3440100562314554,0.19428501033611079,0.18897402649731807,33.5,14.071498966388923,42.004474526534096,0.9507232560637797
frame_303,0,255,3,1,False,False,True,1.0085844,True,True,[],[   -0.22628     0.11062     0.96776],16.406678985925133,-40.30180523080901,2.0934474885873975,0.18539337592169502,0.18266947310712844,33.5,14.9606624078305,44.65869375471791,1.057750924994012
frame_303,0,170,2,1,False,False,True,3.8560529,True,True,[],[    0.32018    0.022807     0.94708],-38.75250544488511,3.186183193038825,1.851228747887734,0.2824968229332331,0.28147492311361877,33.5,5.250317706676694,15.672590169184161,1.0393530498440982
frame_303,0,85,1,1,False,False,True,1.8870593,True,True,[],[    0.54116     0.28485     0.79121],24.387447758674323,27.23110684951073,0.34660347732920016,0.1993634038280333,0.1863136611624031,33.5,13.563659617196672,40.48853617073633,0.9517099306704188
frame_304,0,255,3,1,False,False,True,1.133794,True,True,[],[   -0.24553     0.13722     0.95963],-14.910621681968767,130.7657340667141,1.6147776347100506,0.18739078943929696,0.1838966479988175,33.5,14.760921056070305,44.06245091364271,1.0573218349062807
frame_304,0,170,2,1,False,False,True,4.1630683,True,False,[],,-37.78107656684646,3.4499099306401093,-1.0,0.2837879735788325,0.2823885852933841,33.5,5.121202642116751,15.287172066020153,1.037457916935451
frame_304,0,85,1,1,False,False,True,1.5161672,True,True,[],[    0.39304     0.24907     0.88515],21.017163739741655,31.327521110639548,1.2933171889306778,0.20207099488159608,0.18478965156487925,33.5,13.292900511840394,39.68030003534446,0.9508229932762552
frame_305,0,255,3,1,False,False,True,1.1460088,True,False,[],,-15.071908215316421,132.46636257021143,-1.0,0.1857593317981704,0.18310013626975863,33.5,14.924066820182963,44.54945319457601,1.0571455615141918
frame_305,0,170,2,1,False,False,True,3.6085148,True,True,[],[     0.2636   -0.037398     0.96391],-34.197156750202275,9.896901085198106,2.0158341939190727,0.2831094346247399,0.2675517776221523,33.5,5.18905653752601,15.48972100754033,1.0222477604596987
frame_305,0,85,1,1,False,False,True,1.1496605,True,True,[],[    0.40921     0.23814     0.88082],15.79481713888178,41.00887172015425,1.3386137259469437,0.20810714063663283,0.20639618297624734,33.5,12.68928593633672,37.87846548160215,0.9510609074943015
frame_306,0,255,3,1,False,False,True,1.0908942,True,True,[],[   -0.25213     0.12712     0.95931],15.977060575326528,-44.61624308122669,1.9335831198471052,0.18555405393415442,0.18166789907962866,33.5,14.94459460658456,44.610730168909136,1.0590116567240504
frame_306,0,170,2,1,False,False,True,3.690631,True,True,[],[    0.32256   -0.025697      0.9462],-43.894572963289264,5.173016754447339,1.7891952325337952,0.2851727375967335,0.2779889269203919,33.5,4.9827262403266515,14.87380967261687,1.0533099705274793
frame_306,0,85,1,1,False,False,True,1.1435217,True,True,[],[    0.42642     0.23598      0.8732],16.24176395275926,52.03672967939105,1.4267529038161635,0.2554050843008133,0.25335872954268435,33.5,7.9594915699186695,23.759676328115432,0.9547926163225459
frame_307,0,255,3,1,False,False,True,1.1317538,True,True,[],[   -0.24227      0.1349     0.96079],-13.507187357715907,131.83500362369125,2.2221094564074013,0.18546568325503213,0.18407968262959512,33.5,14.95343167449679,44.63710947610982,1.0578395446704554
frame_307,0,170,2,1,False,False,True,3.872026,True,True,[],[    0.36693   -0.021517        0.93],-39.916283661703844,2.1772868352561283,2.00630478051424,0.2820122633033822,0.2796183876493214,33.5,5.298773669661783,15.817234834811291,1.0362797432712145
frame_307,0,85,1,1,False,False,True,1.7828983,True,True,[],[    0.43858     0.20293     0.87548],11.25321747472334,71.5646105526811,1.4403768682151474,0.25254482126932165,0.24860350463204572,33.5,8.245517873067836,24.613486188262197,0.9505209381580353
frame_308,0,255,3,1,False,False,True,1.1032627,True,False,[],,-15.050129030584614,134.09816186092803,-1.0,0.18572002709749424,0.18182946701461494,33.5,14.927997290250577,44.5611859410465,1.061384065772581
frame_308,0,170,2,1,False,False,True,3.901067,True,False,[],,-42.18829901617644,5.353143003937432,-1.0,0.28783301928366684,0.28076779762746173,33.5,4.716698071633319,14.079695736218861,1.0510658471555916
frame_308,0,85,1,1,False,False,True,2.8116112,True,True,[],[    0.45153     0.18758     0.87231],6.161350574332054,84.42443831809591,1.616024297545306,0.2071529695440248,0.20197611733976856,33.5,12.784703045597523,38.163292673425445,0.9447704230258668
frame_309,0,255,3,1,False,False,True,1.0685991,True,True,[],[   -0.25302     0.10888     0.96131],15.42391773003312,-44.15982916635252,2.0753064408852175,0.18700526228677133,0.1811327534276631,33.5,14.79947377132287,44.177533645739906,1.0639841565083688
frame_309,0,170,2,1,False,False,True,3.8586357,True,False,[],,-42.184962212338846,6.350177329516221,-1.0,0.28628349843638873,0.2822264213040572,33.5,4.871650156361129,14.54223927271979,1.0516819849917218
frame_309,0,85,1,1,False,False,True,3.448806,True,True,[],[    0.44942     0.18627     0.87369],2.614963600355721,84.24442266940629,1.6124221369025964,0.2101272565300425,0.2053681203274046,33.5,12.487274346995752,37.27544581192762,0.9413519112070712
frame_310,0,255,3,1,False,False,True,1.1093932,True,True,[],[   -0.19874    0.063147     0.97802],-15.971324082596414,132.29966588496453,1.6000439700255167,0.18641052366110922,0.18183905387279461,33.5,14.85894763388908,44.355067563848,1.065319683930038
frame_310,0,170,2,1,False,False,True,3.996044,True,True,[],[    0.36785   -0.013133     0.92979],-37.49498470906244,2.6849099126419977,2.3753088765989006,0.28689828237261733,0.2844859637392788,33.5,4.810171762738269,14.35872167981573,1.0359118235572071
frame_310,0,85,1,1,False,False,True,3.0454712,True,True,[],[    0.43877      0.1787     0.88065],-1.3993527111521626,79.71084187194741,1.4714399372066014,0.24584402544296152,0.2278687630775901,33.5,8.91559745570385,26.6137237483697,0.9401578029770062
frame_311,0,255,3,1,False,False,True,1.1917063,True,True,[],[   -0.24316     0.12968     0.96128],-16.212130371575533,129.4689646823057,2.076533803899184,0.18359166373973007,0.1806715289267537,33.5,15.140833626026994,45.196518286647745,1.0657865959078525
frame_311,0,170,2,1,False,False,True,3.933503,True,False,[],,-37.95411151839782,4.560355146422554,-1.0,0.2832340182728346,0.28100533319552246,33.5,5.17659817271654,15.452531858855343,1.0380591301072304
frame_311,0,85,1,1,False,False,True,2.760189,True,True,[],[    0.42521     0.17345     0.88832],-4.704401280876173,78.49281232687832,1.468478410189621,0.20867690108471376,0.20414493299520828,33.5,12.632309891528626,37.70838773590634,0.9351072319235634
frame_312,0,255,3,1,False,False,True,1.0151975,True,False,[],,21.86002182252257,-40.24178471463577,-1.0,0.18621326770421898,0.18247131437372616,33.5,14.878673229578105,44.41394993903912,1.069539479388602
frame_312,0,170,2,1,False,False,True,3.8990836,True,True,[],[   -0.68228   -0.049633     0.72941],-36.89103375944638,5.933562868086423,0.28369279508052336,0.28619268325821995,0.2830185381352891,33.5,4.880731674178007,14.569348281128377,1.0367495436612448
frame_312,0,85,1,1,False,False,True,2.5708234,True,True,[],[    0.41686     0.18078     0.89081],-4.530667728340836,76.6137635644864,1.5042665305970855,0.2067759811718779,0.20099038886582704,33.5,12.822401882812212,38.27582651585735,0.931152540296154
frame_313,0,255,3,1,False,False,True,1.1490753,True,True,[],[   -0.10457    0.023736     0.99423],-18.401914152709228,129.50634601638848,1.6597978920871521,0.18632602548107446,0.18484498082056416,33.5,14.867397451892556,44.38029090117181,1.0667686245271137
frame_313,0,170,2,1,False,False,True,3.8826537,True,True,[],[    0.35569   -0.020233     0.93438],-39.93731035311254,5.742397037648334,1.6967211871867207,0.2865345092067122,0.28325706934238615,33.5,4.846549079328782,14.467310684563529,1.0378863567409968
frame_313,0,85,1,1,False,False,True,2.4299004,True,True,[],[    0.40746     0.19396     0.89239],-4.419527718940117,74.53885637029798,1.4243718037033446,0.21317366278845357,0.20699689080195183,33.5,12.182633721154644,36.366070809416854,0.9268365588488421
frame_314,0,255,3,1,False,False,True,1.2005905,True,True,[],[   -0.20092    0.095532     0.97494],-19.070574508352994,129.05443937566176,1.4695861386687663,0.1860740195587814,0.18298128987530482,33.5,14.892598044121863,44.4555165496175,1.0677749192538464
frame_314,0,170,2,1,False,False,True,3.9300594,True,True,[],[    0.33129   -0.019845     0.94332],-39.646888321419794,3.2066122632537764,2.30345336196359,0.2862193023864862,0.28226784452833864,33.5,4.878069761351384,14.5614022726907,1.032652673545317
frame_314,0,85,1,1,False,False,True,2.598048,True,True,[],[    0.41507     0.20552     0.88627],-1.2184327351635402,77.11098713810254,1.438675148631867,0.21610860161861611,0.2102261452975731,33.5,11.88913983813839,35.48996966608475,0.9248556256319437
frame_315,0,255,3,1,False,False,True,1.0382912,True,True,[],[    0.70916    -0.62154     0.33283],20.05682182027616,-41.25251247752361,0.18506424462289764,0.18501773852373093,0.18104277157461543,33.5,14.998226147626909,44.770824321274354,1.0690064530388643
frame_315,0,170,2,1,False,False,True,4.1144686,True,True,[],[    0.25311   -0.021679     0.96719],-43.54020083590835,0.5852307455335575,1.8975313548599335,0.2857226766220608,0.28391055397350967,33.5,4.9277323377939215,14.709648769534095,1.0425505027635185
frame_315,0,85,1,1,False,False,True,3.0571144,True,True,[],[     0.4177     0.19331     0.88778],2.8626480145442605,80.50932596803356,1.473702628810721,0.29257123992530765,0.21004105036942475,33.5,4.2428760074692375,12.665301514833546,0.9231118608745003
frame_316,0,255,3,1,False,False,True,1.1462402,True,True,[],[   -0.22359     0.15427      0.9624],-18.56001139075929,130.03700465220393,2.170773360590185,0.1864703154473849,0.18318285530213826,33.5,14.85296845526151,44.33721926943734,1.0683012663953102
frame_316,0,170,2,1,False,False,True,4.1285386,True,True,[],[    0.35573   -0.025715     0.93424],-44.61942787717189,3.8513664309083615,2.326210668573335,0.2858123478768053,0.2807293465366558,33.5,4.91876521231947,14.682881230804387,1.0456466044152715
frame_316,0,85,1,1,False,False,True,3.4877887,True,True,[],[    0.41671     0.20189     0.88634],1.264034995559526,82.66613119034,1.4331198723135867,0.21108536822843882,0.20575150087211463,33.5,12.39146317715612,36.98944231986901,0.9202986607235863
frame_317,0,255,3,1,False,False,True,1.1357423,True,True,[],[   -0.64095     0.70142    -0.31176],-18.21635994097343,132.41255439099788,0.1894916017441835,0.18778515409997598,0.18364936970551016,33.5,14.721484590002405,43.94473011941017,1.0713463048373952
frame_317,0,170,2,1,False,False,True,3.936335,True,False,[],,-43.65835907673335,4.838352094548058,-1.0,0.2825704482062365,0.27869670455071105,33.5,5.242955179376352,15.650612475750306,1.0440957564532316
frame_317,0,85,1,1,True,False,True,3.4436035,,False,[],,,,,,,33.5,,,
frame_318,0,255,3,1,False,False,True,1.0947142,True,True,[],[   -0.23054     0.12662     0.96479],-19.160572332644648,134.58042440534734,1.938368159348823,0.1849844752646105,0.1814482170374449,33.5,15.00155247353895,44.780753652355074,1.0745110938610893
frame_318,0,170,2,1,False,False,True,4.002609,True,False,[],,-43.42377884928895,0.8079954393829709,-1.0,0.28389696801276076,0.2829418014203323,33.5,5.110303198723925,15.254636414101268,1.0374767203695026
frame_318,0,85,1,1,False,False,True,3.4718359,True,True,[],[    0.39233     0.23627     0.88896],1.940146642056391,80.13291814885064,1.507739989218056,0.21471090887551864,0.2093457002806778,33.5,12.028909112448138,35.90719138044221,0.9185676289647032
frame_319,0,255,3,1,False,False,True,1.1276262,True,True,[],[   -0.23009     0.13275     0.96407],-18.910255098090794,132.07671071599773,1.4956850846699252,0.1853291820955533,0.1807047083040314,33.5,14.967081790444672,44.67785609087962,1.0767035269365162
frame_319,0,170,2,1,False,False,True,3.7948327,True,True,[],[    0.30779   -0.025179     0.95112],-43.2112548140173,6.0543257436120514,2.0127306027047975,0.28702994449898145,0.28245206322492367,33.5,4.797005550101857,14.319419552542856,1.042336395438343
frame_319,0,85,1,1,True,False,True,3.4153266,,False,[],,,,,,,33.5,,,
frame_320,0,255,3,1,False,False,True,1.1619616,True,False,[],,-20.09228648908927,130.7924478957192,-1.0,0.18677766418736413,0.18193548567955514,33.5,14.822233581263589,44.24547337690623,1.0776186755169053
frame_320,0,170,2,1,False,False,True,3.7240508,True,True,[],[    0.70634    0.068373    -0.70457],-40.69381178228777,7.37709155837855,0.2873719692058783,0.28849672246293806,0.28168435593873953,33.5,4.650327753706196,13.8815753841976,1.0346397519503046
frame_320,0,85,1,1,True,False,True,3.5684934,,False,[],,,,,,,33.5,,,
frame_321,0,255,3,1,False,False,True,1.1926153,True,True,[],[    -0.2293     0.12753     0.96497],-21.18727741116779,131.01925150970084,1.7609771961521112,0.1844596901592107,0.1819718935001912,33.5,15.054030984078931,44.937405922623675,1.0809196323229944
frame_321,0,170,2,1,False,False,True,3.6498315,True,True,[],[   -0.55048   -0.030355      0.8343],45.826379002111096,-176.57653316826264,0.33669803246269714,0.2839042093573822,0.2823243717696922,33.5,5.109579064261782,15.252474818691885,1.0402755356965012
frame_321,0,85,1,1,True,False,True,4.10853,,False,[],,,,,,,33.5,,,
frame_322,0,255,3,1,False,False,True,1.1076428,True,True,[],[   -0.20323    0.086195     0.97533],-22.784273269534,134.6231655461965,1.561106262088717,0.1829445299993158,0.17852712906539886,33.5,15.205547000068423,45.389692537517675,1.083552074450038
frame_322,0,170,2,1,False,False,True,3.8126636,True,True,[],[    0.14425   -0.032885     0.98899],-44.5176065322131,2.6324510375087145,1.5141934897045088,0.2848655801678515,0.28070900966815193,33.5,5.01344198321485,14.965498457357763,1.039034240034994
frame_322,0,85,1,1,False,False,True,4.664326,True,True,[],[    0.37364     0.28974     0.88116],5.456867928689628,87.07407719637152,1.4667738548792422,0.21156514680562366,0.2076073235733218,33.5,12.343485319437637,36.8462248341422,0.9155856136902684
frame_323,0,255,3,1,False,False,True,1.1917264,True,False,[],,-21.0474933104106,129.2039513091533,-1.0,0.18569043069182425,0.1816511504018491,33.5,14.930956930817576,44.57002068900769,1.0826813489028977
frame_323,0,170,2,1,False,False,True,4.013522,True,False,[],,45.33929054260934,-177.7117964416955,-1.0,0.28691696770267533,0.2845056650679443,33.5,4.808303229732469,14.353143969350654,1.039499559714787
frame_323,0,85,1,1,True,False,True,4.8830643,,False,[],,,,,,,33.5,,,
frame_324,0,255,3,1,False,False,True,1.1937392,True,True,[],[   -0.23298      0.1275     0.96409],-20.109958562638244,130.8516460600214,1.7048150485890559,0.18523893719451168,0.18276216657454214,33.5,14.976106280548834,44.70479486730995,1.085003563729841
frame_324,0,170,2,1,False,False,True,4.0197544,True,True,[],[   -0.68536    -0.03762     0.72723],-41.63987469208332,5.2171696151354805,0.28699429666017795,0.2882415241031112,0.28619093602392176,33.5,4.675847589688881,13.957753999071286,1.028416668943552
frame_324,0,85,1,1,True,False,True,5.170655,,False,[],,,,,,,33.5,,,
frame_325,0,255,3,1,False,False,True,1.1204898,True,False,[],,-21.327009599568175,134.44748197934143,-1.0,0.18546083708837158,0.18219548591994414,33.5,14.953916291162844,44.63855609302342,1.0851469572069627
frame_325,0,170,2,1,False,False,True,4.009339,True,True,[],[    -0.4592    0.014785     0.88821],53.030775248863804,178.4199198069233,0.30864776491009727,0.29088875355029864,0.28505201320939083,33.5,4.411124644970138,13.167536253642204,1.0320462302104672
frame_325,0,85,1,1,True,False,True,5.176148,,False,[],,,,,,,33.5,,,
frame_326,0,255,3,1,False,False,True,1.1909322,True,True,[],[   -0.23867      0.1409     0.96082],-19.612479067461802,130.1535706125129,1.575628787015058,0.18539247782158896,0.18302551966852,33.5,14.960752217841106,44.65896184430181,1.084733903854193
frame_326,0,170,2,1,False,False,True,3.7481985,True,True,[],[   -0.69731   -0.086987     0.71147],-44.48761953590035,6.79288581346152,0.28449261653155267,0.2843846731917937,0.28144738883108755,33.5,5.06153268082063,15.109052778569044,1.03417273447494
frame_326,0,85,1,1,True,False,True,5.791613,,False,[],,,,,,,33.5,,,
frame_327,0,255,3,1,False,False,True,1.1538022,True,True,[],[   -0.20086     0.12311     0.97185],-21.084727508876156,132.90175665340897,1.5654899544649892,0.18589009040294957,0.18155261283957713,33.5,14.910990959705044,44.51042077523894,1.0868608782622204
frame_327,0,170,2,1,False,False,True,4.080083,True,True,[],[   -0.68063   0.0096613     0.73256],-42.28502092710554,1.2668827489992238,0.2842017918988669,0.28575707938895994,0.2839026858121264,33.5,4.9242920611040075,14.699379286877633,1.0234437577436055
frame_327,0,85,1,1,True,False,True,6.0267115,,False,[],,,,,,,33.5,,,
frame_328,0,255,3,1,False,False,True,1.1161795,True,True,[],[   -0.21442     0.10895     0.97065],-20.510687636451724,133.65450044674563,2.0188473760676167,0.18408824643124053,0.1796233748368104,33.5,15.091175356875949,45.048284647390894,1.0872860380350233
frame_328,0,170,2,1,False,False,True,4.176598,True,True,[],[   -0.69868   -0.016178     0.71526],-42.8403081879344,2.6118244994286797,0.2848659323750777,0.2862273091606266,0.28463035748413423,33.5,4.877269083937341,14.559012190857734,1.0267616203802679
frame_328,0,85,1,1,True,False,True,5.8890505,,False,[],,,,,,,33.5,,,
frame_329,0,255,3,1,False,False,True,1.2059364,True,False,[],,-18.61552830895796,128.12742663485483,-1.0,0.18499468492958157,0.1818743514218753,33.5,15.000531507041845,44.77770599116969,1.088484659924436
frame_329,0,170,2,1,False,False,True,4.010288,True,True,[],[   -0.69309   -0.031349     0.72017],46.07249780900915,-177.39159808280579,0.2887209557458048,0.2887330806817695,0.28435836958524674,33.5,4.626691931823052,13.81102069200911,1.0356833437455202
frame_329,0,85,1,1,True,False,True,5.3104835,,False,[],,,,,,,33.5,,,
frame_330,0,255,3,1,False,False,True,1.1040047,True,True,[],[   -0.23783    0.099055     0.96624],21.036291439781728,-44.754294237761954,1.5655160437798885,0.18691968611892254,0.18227078820715115,33.5,14.808031388107748,44.20307877047089,1.0907077594866463
frame_330,0,170,2,1,False,False,True,3.8820243,True,True,[],[   -0.67678   -0.019849     0.73592],-43.8069711351034,3.285280823274748,0.28103890605185544,0.2822521802181052,0.27910460749545085,33.5,5.2747819781894805,15.745617845341734,1.0241034632119097
frame_330,0,85,1,1,True,False,True,4.959553,,False,[],,,,,,,33.5,,,
frame_331,0,255,3,1,False,False,True,1.1568998,True,True,[],[   -0.15724    0.074689     0.98473],-20.255156526684086,130.8413186359985,1.529482694099609,0.18637772933544675,0.18336863076712542,33.5,14.862227066455327,44.36485691479202,1.091349705072132
frame_331,0,170,2,1,False,False,True,3.8224547,True,True,[],[    -0.6795   -0.032117     0.73297],47.12384527138325,-177.1531428052861,0.28625758701965276,0.2863234919764888,0.2831135637770431,33.5,4.86765080235112,14.530300902540658,1.0361801436499172
frame_331,0,85,1,1,True,False,True,4.626251,,False,[],,,,,,,33.5,,,
frame_332,0,255,3,1,False,False,True,1.1751102,True,False,[],,-22.12869279942161,130.5287267832053,-1.0,0.18633718164074664,0.1830241294470582,33.5,14.866281835925339,44.37696070425474,1.0941492007296811
frame_332,0,170,2,1,False,False,True,3.8775423,True,True,[],[    -0.6917   -0.019429     0.72192],45.81871128817763,-178.1503188979318,0.28602615384479146,0.2864403875753404,0.2826480116654739,33.5,4.855961242465962,14.495406693928246,1.0347010424889513
frame_332,0,85,1,1,True,False,True,4.4077525,,False,[],,,,,,,33.5,,,
frame_333,0,255,3,1,False,False,True,1.153006,True,True,[],[   -0.15553    0.028096     0.98743],-24.65803863927227,133.1298276532391,1.9203007820175262,0.1864029798465375,0.18302454057073864,33.5,14.859702015346251,44.35731944879478,1.0962943922049824
frame_333,0,170,2,1,False,False,True,4.1579485,True,True,[],[   -0.57922     0.02348     0.81483],-43.875094350849245,1.02223441147613,0.32596310566593745,0.2852301340336297,0.2827201425849447,33.5,4.976986596637034,14.856676407871744,1.0251691747609004
frame_333,0,85,1,1,True,False,True,4.3290553,,False,[],,,,,,,33.5,,,
frame_334,0,255,3,1,False,False,True,1.1986145,True,False,[],,-22.371892541150924,129.78269213489668,-1.0,0.18503996242787665,0.18124543933181025,33.5,14.996003757212337,44.76419032003683,1.0981777186150492
frame_334,0,170,2,1,False,False,True,3.897074,True,True,[],[   -0.66297   -0.054251     0.74668],47.24033927132347,-175.79007320743628,0.2846256491514688,0.2849651856943723,0.2807726135842461,33.5,5.003481430562773,14.935765464366485,1.0358967001639239
frame_334,0,85,1,1,True,False,True,4.2333865,,False,[],,,,,,,33.5,,,
frame_335,0,255,3,1,False,False,True,1.2171391,True,False,[],,-23.794080639071566,129.6058875512983,-1.0,0.18544307485985725,0.18354553996759576,33.5,14.955692514014277,44.64385825078889,1.0974258970987463
frame_335,0,170,2,1,False,False,True,3.6810064,True,True,[],[   -0.66509   -0.037761      0.7458],47.399553259987805,-176.75896152956255,0.28436134204408786,0.2844050862844731,0.27809803275310707,33.5,5.059491371552694,15.102959318067743,1.0312140996911625
frame_335,0,85,1,1,True,False,True,4.123784,,False,[],,,,,,,33.5,,,
frame_336,0,255,3,1,False,False,True,1.225589,True,False,[],,-22.881327887508128,129.1102718404225,-1.0,0.18440603423698976,0.17977299093533647,33.5,15.059396576301026,44.95342261582395,1.0987223745097412
frame_336,0,170,2,1,False,False,True,3.768521,True,True,[],[   -0.66743   -0.008073     0.74463],47.980785649652525,-179.18996747062442,0.2838243233412647,0.2839875711219701,0.28205026911833864,33.5,5.101242887802993,15.227590709859681,1.0290142942523826
frame_336,0,85,1,1,True,False,True,3.984772,,False,[],,,,,,,33.5,,,
frame_337,0,255,3,1,False,False,True,1.113412,True,True,[],[   -0.23358     0.10604     0.96654],-23.61843484356806,134.9645502761868,1.5604883503955411,0.1870627538310359,0.18361436755479643,33.5,14.793724616896412,44.160371990735555,1.1010374896076185
frame_337,0,170,2,1,False,False,True,3.9097455,True,True,[],[   -0.67811 -0.00014876     0.73496],47.19928164008173,-179.88096287671166,0.28501819559606717,0.2851197918318031,0.2819474958993309,33.5,4.988020816819693,14.889614378566248,1.0255032198454577
frame_337,0,85,1,1,True,False,True,3.8939433,,False,[],,,,,,,33.5,,,
frame_338,0,255,3,1,False,False,True,1.1483366,True,True,[],[   -0.25071     0.12828     0.95953],-20.69175312992471,131.32008025360471,1.9947414742289324,0.18550725732739695,0.18259648390160876,33.5,14.949274267260307,44.62469930525465,1.0983080718972438
frame_338,0,170,2,1,False,False,True,3.9141777,True,True,[],[   -0.66354   -0.035667     0.74729],-44.15685397708979,4.431756950826146,0.2865246633485732,0.28799730563625797,0.28415657389152327,33.5,4.700269436374205,14.030655033952849,1.0176774866132663
frame_338,0,85,1,1,True,False,True,3.7444963,,False,[],,,,,,,33.5,,,
frame_339,0,255,3,1,False,False,True,1.2291938,True,True,[],[   -0.25174     0.12241     0.96002],-22.276569214388868,127.337359624405,1.6756552313633941,0.18573265563255906,0.18164444814409078,33.5,14.926734436744097,44.557416229086854,1.0994139108679561
frame_339,0,170,2,1,False,False,True,3.613784,True,True,[],[   -0.67319   -0.068086     0.73633],47.093620490997665,-174.1038282140716,0.28898480734567183,0.28952082391186823,0.2832192851945635,33.5,4.547917608813179,13.57587345914382,1.0295821153218645
frame_339,0,85,1,1,True,False,True,3.6017704,,False,[],,,,,,,33.5,,,
frame_340,0,255,3,1,False,False,True,1.109382,True,True,[],[    -0.2583     0.11823      0.9588],-23.784175352036122,134.7709873378459,1.5766313327870585,0.18434901975269188,0.18163816034630842,33.5,15.065098024730814,44.9704418648681,1.1020765155246577
frame_340,0,170,2,1,False,False,True,3.707897,True,True,[],[   -0.65273   -0.014793     0.75745],45.249361099980725,-176.44821948819194,0.282503957731135,0.28417472903923163,0.28340964683768377,33.5,5.082527096076839,15.171722674856236,1.017022017318373
frame_340,0,85,1,1,True,False,True,3.589523,,False,[],,,,,,,33.5,,,
frame_341,0,255,3,1,False,False,True,1.1275626,True,False,[],,-22.799510077499747,131.45327833865457,-1.0,0.1874732704954411,0.18222772777568108,33.5,14.752672950455892,44.03782970285341,1.1027571639540636
frame_341,0,170,2,1,False,False,True,3.711543,True,True,[],[   -0.68319   -0.050882     0.72847],46.61496808137846,-175.55315088627293,0.286868961169458,0.2849202434578754,0.2820237953046194,33.5,5.00797565421246,14.949181057350627,1.0272719158730075
frame_341,0,85,1,1,True,False,True,3.5385687,,False,[],,,,,,,33.5,,,
frame_342,0,255,3,1,False,False,True,1.2406645,True,True,[],[   -0.25172     0.11979     0.96036],-21.88335380974375,126.21972396459766,1.5541818408543189,0.18674020659206056,0.18458769577806702,33.5,14.825979340793946,44.256654748638645,1.1039491397834913
frame_342,0,170,2,1,False,False,True,3.5906143,True,True,[],[   -0.67374    -0.07573     0.73508],47.19536728201495,-173.42225353627106,0.2879341596832077,0.28809700717158876,0.2809596147052533,33.5,4.690299282841126,14.0008933816153,1.0299086120145107
frame_342,0,85,1,1,True,False,True,3.5043464,,False,[],,,,,,,33.5,,,
frame_343,0,255,3,1,False,False,True,1.182814,True,True,[],[   -0.20532    0.086237     0.97489],-24.805447382994796,132.31518921484928,1.479808461654591,0.18523201458424865,0.18079127545114249,33.5,14.976798541575137,44.70686131813474,1.106870887698708
frame_343,0,170,2,1,False,False,True,3.701302,True,True,[],[   -0.57647   0.0036236     0.81711],-43.97150584980449,3.1326031730662356,0.316316084969646,0.28415472003252634,0.28332066914278337,33.5,5.084527996747368,15.17769551267871,1.0136967886512713
frame_343,0,85,1,1,True,False,True,3.4616807,,False,[],,,,,,,33.5,,,
frame_344,0,255,3,1,False,False,True,1.186492,True,True,[],[   -0.24595     0.13862     0.95932],-25.202410805120774,130.2736880393104,1.5412076475646084,0.18569432895483134,0.18083505155601337,33.5,14.930567104516868,44.56885702840856,1.1094845765601002
frame_344,0,170,2,1,False,False,True,3.6885488,True,True,[],[   -0.64348   -0.049813     0.76384],-44.59005261099931,5.9724942811872745,0.28451862851150245,0.28586242782991034,0.2837582529186674,33.5,4.9137572170089685,14.667931991071548,1.022905224734421
frame_344,0,85,1,1,True,False,True,3.4346862,,False,[],,,,,,,33.5,,,
frame_345,0,255,3,1,False,False,True,1.1895349,True,True,[],[    -0.2431     0.13008     0.96124],-26.346472605361676,130.40918682011517,2.161154537550844,0.18491067044553544,0.18292154286624335,33.5,15.008932955446458,44.80278494163122,1.1110130836608834
frame_345,0,170,2,1,False,False,True,3.354082,True,True,[],[   -0.65639    -0.11213     0.74604],-39.50001766359024,11.063017833374277,0.2852742351489902,0.2311889284336674,0.2260927161705869,33.5,10.381107156633263,30.98837957203959,1.0065932502877168
frame_345,0,85,1,1,True,False,True,3.3686175,,False,[],,,,,,,33.5,,,
frame_346,0,255,3,1,False,False,True,1.3002449,True,True,[],[   -0.23295     0.10602     0.96669],-24.961936260520954,125.07306537539593,1.9833992656673969,0.18607191635462753,0.18161333924395318,33.5,14.892808364537249,44.456144371752984,1.1120261490506531
frame_346,0,170,2,1,False,False,True,3.4534829,True,True,[],[   -0.62735   -0.033207     0.77803],-44.004859943497465,5.154218337708578,0.28123265041489887,0.2824977753984504,0.28210636712768306,33.5,5.250222460154963,15.672305851208845,1.0245639225985992
frame_346,0,85,1,1,True,False,True,3.373677,,False,[],,,,,,,33.5,,,
frame_347,0,255,3,1,False,False,True,1.1525501,True,True,[],[   -0.20974    0.081274     0.97437],-28.028080935246436,133.69054915266693,1.771359915252473,0.18617449175976092,0.18182848759045234,33.5,14.88255082402391,44.42552484783257,1.1164206154826408
frame_347,0,170,2,1,False,False,True,3.5044174,True,True,[],[   -0.64094   -0.034153     0.76683],47.072001124131724,-176.8550857200603,0.28277168802596275,0.28333009511108226,0.2808925086137003,33.5,5.166990488891776,15.423852205647092,1.0349273947757296
frame_347,0,85,1,1,True,False,True,3.3606513,,False,[],,,,,,,33.5,,,
frame_348,0,255,3,1,False,False,True,1.1593542,True,True,[],[   -0.24331     0.10406     0.96435],-26.923532785987064,131.16396638965142,1.9003428851013215,0.1867862247775322,0.18277601639603414,33.5,14.821377522246781,44.24291797685606,1.113815083295503
frame_348,0,170,2,1,False,False,True,3.8327224,True,True,[],[   -0.67488  -0.0063779      0.7379],47.40823395918376,-179.38394853001157,0.2855685306724699,0.2856794774174925,0.2841094141563113,33.5,4.932052258250752,14.722544054479858,1.032830491969685
frame_348,0,85,1,1,True,False,True,3.3750646,,False,[],,,,,,,33.5,,,
frame_349,0,255,3,1,False,False,True,1.2913873,True,True,[],[   -0.23989     0.11554      0.9639],-24.460280069105877,124.26410430569581,1.8719049106352363,0.18553850676135814,0.18152187786221735,33.5,14.946149323864189,44.615371116012504,1.114217116133739
frame_349,0,170,2,1,False,False,True,4.2299376,True,True,[],[   -0.67809    0.017883     0.73476],47.046540114081964,178.7614880054881,0.2862766096274633,0.2865462568318011,0.2836750965727659,33.5,4.845374316819889,14.463803930805637,1.0301170261891874
frame_349,0,85,1,1,True,False,True,3.2799184,,False,[],,,,,,,33.5,,,
frame_350,0,255,3,1,False,False,True,1.1937729,True,True,[],[   -0.23898    0.063351     0.96896],-28.21947852791879,130.8933382242466,2.1583222218710008,0.18312908173737308,0.17931076572589255,33.5,15.187091826262694,45.334602466455806,1.1161371479456685
frame_350,0,170,2,1,False,False,True,4.0867395,True,True,[],[   -0.67046   -0.014614      0.7418],47.49291534476751,-178.38687304237786,0.28495155701362423,0.285258376338892,0.2854401711917237,33.5,4.974162366110802,14.848245868987467,1.0319018001951261
frame_350,0,85,1,1,True,False,True,3.3319812,,False,[],,,,,,,33.5,,,
frame_351,0,255,3,1,False,False,True,1.1588367,True,True,[],[   -0.25805     0.11256     0.95955],-27.77598142238551,131.52539356331056,1.5504834816474753,0.18385692036727624,0.1801561966942154,33.5,15.114307963272378,45.117337203798144,1.116899696403678
frame_351,0,170,2,1,False,False,True,4.170778,True,True,[],[     -0.644    0.020804     0.76474],45.01323193383311,-179.7672683480439,0.28142732725844793,0.2837277274626686,0.28326967122648583,33.5,5.127227253733141,15.305155981292955,1.0217330294873441
frame_351,0,85,1,1,True,False,True,3.3713167,,False,[],,,,,,,33.5,,,
frame_352,0,255,3,1,False,False,True,1.3009055,True,True,[],[   -0.25263    0.092797      0.9631],-26.19277537292815,123.76771786954754,2.0804764757853746,0.1864988677766051,0.18273871133957628,33.5,14.850113222339493,44.32869618608804,1.116866348154576
frame_352,0,170,2,1,False,False,True,4.067409,True,True,[],[   -0.65791  -0.0087699     0.75304],48.091928508977176,-178.9160261020207,0.28492012854493765,0.2852972678598785,0.28374685948736156,33.5,4.97027321401215,14.836636459737761,1.0361720558550545
frame_352,0,85,1,1,True,False,True,3.59792,,False,[],,,,,,,33.5,,,
frame_353,0,255,3,1,False,False,True,1.1712785,True,True,[],[   -0.25253     0.11212     0.96107],-30.546586924576534,132.25783655646842,1.9187333500214148,0.1875584909405651,0.18248466318749168,33.5,14.744150905943492,44.01239076401042,1.1219242100557938
frame_353,0,170,2,1,False,False,True,3.7033384,True,True,[],[   -0.65883   -0.057261     0.75011],48.348009063445964,-174.99779056666532,0.28514180303482267,0.2855514150675302,0.28106000308560375,33.5,4.944858493246985,14.76077162163279,1.0392064765144728
frame_353,0,85,1,1,True,False,True,3.8291588,,False,[],,,,,,,33.5,,,
frame_354,0,255,3,1,False,False,True,1.2286054,True,True,[],[   -0.25163     0.10808     0.96177],-27.35759472445391,127.84363511776175,1.5330284621475545,0.18553221847613904,0.1823202523247559,33.5,14.946778152386099,44.617248216077904,1.1228737099421933
frame_354,0,170,2,1,False,False,True,3.5766637,True,True,[],[   -0.64951   -0.016156     0.76018],46.49212857822672,-176.0958884789833,0.2816492705457335,0.2833057095038641,0.2830836544886629,33.5,5.169429049613594,15.431131491383862,1.0305064258241283
frame_354,0,85,1,1,True,False,True,4.05571,,False,[],,,,,,,33.5,,,
frame_355,0,255,3,1,False,False,True,1.2922195,True,True,[],[   -0.24482    0.088869     0.96549],-28.31863399233796,125.61244975856121,1.6399835968566228,0.18368932838387714,0.1792372133239863,33.5,15.131067161612288,45.16736466152922,1.1241762207298136
frame_355,0,170,2,1,False,False,True,3.6751878,True,True,[],[   -0.64685   -0.017636     0.76242],48.880469889816936,-178.7192057472226,0.2832699050390692,0.2836831221804274,0.283567047532605,33.5,5.131687781957261,15.318470990917197,1.0371733001227177
frame_355,0,85,1,1,True,False,True,4.1011677,,False,[],,,,,,,33.5,,,
frame_356,0,255,3,1,False,False,True,1.1774278,True,True,[],[   -0.24934     0.09381     0.96386],-31.891540508207978,131.41298096910302,1.6580817680298325,0.18545128755590046,0.1801710947785947,33.5,14.954871244409956,44.64140669973121,1.1274410748099033
frame_356,0,170,2,1,False,False,True,3.640597,True,True,[],[   -0.63277   -0.043471     0.77312],50.30123627617686,-176.02939538692777,0.28929852295907,0.28946949850724024,0.2840285079748519,33.5,4.553050149275978,13.59119447545068,1.0407668495559372
frame_356,0,85,1,1,True,False,True,4.2844186,,False,[],,,,,,,33.5,,,
frame_357,0,255,3,1,False,False,True,1.327954,True,True,[],[   -0.22589    0.070261     0.97161],-27.796047135541585,122.98544585166582,1.852655415873551,0.18740662270531744,0.18422265210851274,33.5,14.759337729468259,44.05772456557689,1.1262481699439244
frame_357,0,170,2,1,False,False,True,3.532615,True,True,[],[   -0.64749   -0.052795     0.76025],49.52390082636952,-175.26841551186538,0.2864733770682469,0.28651867055479757,0.2847599599808612,33.5,4.848132944520245,14.472038640358939,1.0403987655038651
frame_357,0,85,1,1,True,False,True,4.3198347,,False,[],,,,,,,33.5,,,
frame_358,0,255,3,1,False,False,True,1.2692868,True,True,[],[   -0.24862    0.088353     0.96456],-29.07081876977581,129.5631465523591,1.8629093711020788,0.18129873720027878,0.1795506622791952,33.5,15.370126279972125,45.880973970066044,1.1274016405594713
frame_358,0,170,2,1,False,False,True,3.5070138,True,True,[],[   -0.61413  -0.0038171      0.7892],46.49757397879963,-176.60953238102203,0.290596289025686,0.28861502031140757,0.28496010666812943,33.5,4.638497968859245,13.846262593609687,1.028662983877195
frame_358,0,85,1,1,True,False,True,4.55372,,False,[],,,,,,,33.5,,,
frame_359,0,255,3,1,False,False,True,1.1862602,True,True,[],[   -0.21253    0.053203      0.9757],-29.488447916292312,132.12008365143183,1.5393487953441305,0.18246642137182323,0.1781529959691311,33.5,15.25335786281768,45.532411530799045,1.1289648322832018
frame_359,0,170,2,1,False,False,True,3.5030584,True,True,[],[   -0.64094   -0.044515      0.7663],49.924730985655586,-175.9599914929257,0.2862493854528322,0.28628391249377905,0.28407767376232657,33.5,4.871608750622097,14.542115673498799,1.0418569296753493
frame_359,0,85,1,1,True,False,True,4.491128,,False,[],,,,,,,33.5,,,
frame_360,0,255,3,1,False,False,True,1.2745216,True,True,[],[   -0.22199    0.036911     0.97435],-24.486018136842358,126.11189379770529,1.4866200952722957,0.17881691535082847,0.17361951933699843,33.5,15.618308464917154,46.62181631318554,1.1262458823888
frame_360,0,170,2,1,False,False,True,3.5501795,True,True,[],[   -0.63702   -0.044163     0.76958],50.23088955078953,-176.0012928994947,0.2871842840446637,0.2870542435644111,0.28461511553017016,33.5,4.794575643558891,14.312166100175794,1.037046584596773
frame_360,0,85,1,1,True,False,True,4.595456,,False,[],,,,,,,33.5,,,
frame_361,0,255,3,1,False,False,True,1.2288082,True,True,[],[   -0.16148    0.081187     0.98353],-29.285724575929788,128.93785425294274,1.8427431079251746,0.18307640146026716,0.17902183718856524,33.5,15.192359853973286,45.35032792230832,1.1304283480851305
frame_361,0,170,2,1,False,False,True,3.5246947,True,True,[],[   -0.63084   -0.022176      0.7756],50.745754911229966,-177.9542348278154,0.28724894411675717,0.2873083312279543,0.28322321307449316,33.5,4.769166877204572,14.236319036431558,1.0392118896927551
frame_361,0,85,1,1,True,False,True,4.539802,,False,[],,,,,,,33.5,,,
frame_362,0,255,3,1,False,False,True,1.270009,True,True,[],[   -0.25606      0.1018     0.96129],-28.380985244114584,126.0871113422239,1.5501399589672105,0.18502565649529717,0.18150191941218746,33.5,14.997434350470284,44.76846074767249,1.1314185284882141
frame_362,0,170,2,1,False,False,True,3.424463,True,True,[],[   -0.61553   -0.039873      0.7871],51.71143618959215,-176.0660774939969,0.28772430842862395,0.28787326701720295,0.2849109781924305,33.5,4.712673298279707,14.067681487402112,1.0391488103699442
frame_362,0,85,1,1,True,False,True,4.684546,,False,[],,,,,,,33.5,,,
frame_363,0,255,3,1,False,False,True,1.2520719,True,True,[],[   -0.24252    0.053452     0.96867],-27.6777373457113,128.67064970126918,1.7088454892216616,0.17616143587037647,0.17108398234345928,33.5,15.883856412962356,47.41449675511151,1.133655726476149
frame_363,0,170,2,1,False,False,True,3.5004442,True,True,[],[   -0.63327   -0.033899     0.77319],47.51921557433513,-174.9351606524743,0.2854410046348351,0.2867920741160365,0.28562769531444726,33.5,4.820792588396349,14.390425637004029,1.0278108641556192
frame_363,0,85,1,1,True,False,True,4.720003,,False,[],,,,,,,33.5,,,
frame_364,0,255,3,1,False,False,True,1.20823,True,True,[],[   -0.24891    0.094421     0.96391],-30.0600648145818,130.9185993272602,1.667693736780015,0.18446064488914576,0.18044718737319027,33.5,15.053935511085426,44.93712092861321,1.1332691796693597
frame_364,0,170,2,1,False,False,True,3.9208436,True,True,[],[    -0.6138    0.016986     0.78928],48.117787374584346,-179.63564353829855,0.2898727084456876,0.2912852632274544,0.28921496631375,33.5,4.371473677254562,13.049175155983766,1.025615424458874
frame_364,0,85,1,1,True,False,True,4.7682333,,False,[],,,,,,,33.5,,,
frame_365,0,255,3,1,False,False,True,1.2769061,True,True,[],[   -0.25463     0.10712     0.96109],-29.558110363590785,126.1645609729179,1.8029115394381812,0.18033981751454958,0.1773524943975528,33.5,15.466018248545044,46.167218652373265,1.132360840505418
frame_365,0,170,2,1,False,False,True,4.3252892,True,True,[],[   -0.61076    0.017268     0.79163],48.61163503370374,-179.313273922542,0.2881976910804771,0.2902785097756723,0.29028407962767694,33.5,4.47214902243277,13.34969857442618,1.0253864376822
frame_365,0,85,1,1,True,False,True,5.004638,,False,[],,,,,,,33.5,,,
frame_366,0,255,3,1,False,False,True,1.3049496,True,True,[],[   -0.25357    0.087916     0.96331],-31.240278168854033,125.65812240744356,1.9569815938372859,0.18703498190407342,0.18373092431706295,33.5,14.79650180959266,44.168662118187044,1.1373728814552415
frame_366,0,170,2,1,False,False,True,3.817236,True,True,[],[   -0.60392   0.0044304     0.79703],49.97710630423317,-178.31405056676388,0.28826556950664073,0.28988146184362695,0.28802678531012765,33.5,4.5118538156373065,13.468220345185989,1.028487191313127
frame_366,0,85,1,1,True,False,True,5.080068,,False,[],,,,,,,33.5,,,
frame_367,0,255,3,1,False,False,True,1.2493869,True,True,[],[   -0.26606    0.084547     0.96024],-31.464882939810355,127.86823783096624,1.536223890413459,0.18602916993869217,0.1822702560983837,33.5,14.897083006130785,44.468904495912795,1.1405304087134003
frame_367,0,170,2,1,False,False,True,3.4915097,True,True,[],[   -0.60884   -0.047095     0.79189],51.410830857360786,-174.79644913698365,0.2936462922250236,0.2935761384364437,0.29027206538003025,33.5,4.142386156355632,12.36533181001681,1.038231564694256
frame_367,0,85,1,1,True,False,True,5.1650424,,False,[],,,,,,,33.5,,,
frame_368,0,255,3,1,False,False,True,1.2540731,True,True,[],[    -0.2662    0.099169      0.9588],-30.501664944520737,126.75265505276403,1.5549012103860396,0.18689569526061567,0.18233494327243296,33.5,14.810430473938435,44.210240220711746,1.1430198485963876
frame_368,0,170,2,1,False,False,True,3.5559967,True,True,[],[   -0.61496   -0.008621     0.78851],51.71802932908894,-178.9301705011379,0.28611870472891876,0.28610549303379706,0.28529662761861746,33.5,4.889450696620296,14.595375213791929,1.0376506111876287
frame_368,0,85,1,1,True,False,True,5.1033463,,False,[],,,,,,,33.5,,,
frame_369,0,255,3,1,False,False,True,1.3384017,True,True,[],[   -0.25606    0.079567     0.96338],-31.09876977350637,123.19874125097633,1.5325388499601322,0.1852092053914433,0.18139926387753708,33.5,14.97907946085567,44.713670032404984,1.1455464436157237
frame_369,0,170,2,1,False,False,True,3.7589688,True,True,[],[   -0.61293   -0.023908     0.78977],51.56233453284993,-177.34070644215964,0.28890767276522256,0.2893863637421007,0.2868271723147555,33.5,4.561363625789933,13.61601082325353,1.0358956999791926
frame_369,0,85,1,1,True,False,True,5.0615506,,False,[],,,,,,,33.5,,,
frame_370,0,255,3,1,False,False,True,1.2489833,True,True,[],[   -0.26673    0.094378     0.95914],-33.2232601900814,127.89602244455796,1.5112126407157882,0.18872839415336956,0.18523772675200867,33.5,14.627160584663045,43.6631659243673,1.1484839752637424
frame_370,0,170,2,1,False,False,True,3.831224,True,True,[],[   -0.60692    0.040265     0.79374],52.342706705951976,176.46712244857102,0.284663633565562,0.2848228804411438,0.2860864664976967,33.5,5.017711955885623,14.978244644434696,1.0314345264569018
frame_370,0,85,1,1,True,False,True,4.844769,,False,[],,,,,,,33.5,,,
frame_371,0,255,3,1,False,False,True,1.3293277,True,True,[],[   -0.25965    0.094643     0.96105],-31.515376596516074,123.90865048093886,1.5128712970957539,0.1833363229068506,0.18004877736666391,33.5,15.166367709314944,45.27273943079088,1.1464398595269143
frame_371,0,170,2,1,False,False,True,3.4583273,True,True,[],[   -0.56631   -0.039003     0.82327],54.098804315614736,-175.59619081518025,0.3069977408932637,0.28513208922165234,0.2806918897409093,33.5,4.986791077834768,14.885943515924682,1.0368384928313243
frame_371,0,85,1,1,True,False,True,4.874568,,False,[],,,,,,,33.5,,,
frame_372,0,255,3,1,False,False,True,1.380775,True,True,[],[   -0.26002     0.10398     0.95999],-31.073222233016473,123.36474933024196,1.5199799413962722,0.18176734331100752,0.18040860574778178,33.5,15.32326566889925,45.74109154895298,1.1467681115330468
frame_372,0,170,2,1,False,False,True,3.2959993,True,True,[],[   -0.60219    -0.04393     0.79715],52.672263548585526,-175.65153288922565,0.28755193490039077,0.2877010432104644,0.28445653128798587,33.5,4.729895678953561,14.119091578965854,1.0335244492541023
frame_372,0,85,1,1,True,False,True,5.167589,,False,[],,,,,,,33.5,,,
frame_373,0,255,3,1,False,False,True,1.2213346,True,True,[],[    -0.2715      0.1235     0.95448],-35.747007623365384,130.74276037884457,1.5492066251262948,0.18339989093693587,0.18144123358309938,33.5,15.160010906306415,45.25376389942213,1.146522005471646
frame_373,0,170,2,1,False,False,True,3.6154027,True,True,[],[   -0.59491    0.026075     0.80337],49.75053610850534,179.33914431353946,0.28298447790299885,0.2843812914004882,0.28420912400687875,33.5,5.061870859951184,15.110062268510996,1.017084591493987
frame_373,0,85,1,1,True,False,True,5.1319556,,False,[],,,,,,,33.5,,,
frame_374,0,255,3,1,False,False,True,1.3479103,True,True,[],[   -0.26941     0.12691     0.95463],-30.399069665450515,123.57644850113786,1.5403805027595034,0.18610769592605914,0.1851923617094377,33.5,14.889230407394088,44.44546390266892,1.1444339017808296
frame_374,0,170,2,1,False,False,True,3.6494744,True,True,[],[   -0.59766   -0.023673      0.8014],53.11751556903357,-177.53937718242722,0.28846859736370345,0.28859788640277373,0.2878690523787729,33.5,4.640211359722629,13.851377193201877,1.0304560591464662
frame_374,0,85,1,1,True,False,True,4.924735,,False,[],,,,,,,33.5,,,
frame_375,0,255,3,1,False,False,True,1.303717,True,True,[],[   -0.26748     0.12772     0.95506],-32.65516917774087,126.58985877838907,1.6277603525930449,0.18303051092898287,0.1811982966789213,33.5,15.196948907101715,45.36402658836333,1.14565904677342
frame_375,0,170,2,1,False,False,True,3.4942508,True,True,[],[   -0.57472   -0.035375     0.81758],48.45609694655974,-173.13191388401262,0.2872555470270476,0.2903896123060672,0.28918919190713416,33.5,4.461038769393283,13.31653363997995,1.0126326171247801
frame_375,0,85,1,1,True,False,True,4.9450083,,False,[],,,,,,,33.5,,,
frame_376,0,255,3,1,False,False,True,1.2234646,True,True,[],[   -0.26422     0.10791     0.95841],-35.24651611370142,129.67147968224057,1.5192766530644668,0.1854067004285186,0.18299081995361677,33.5,14.959329957148142,44.654716289994454,1.151119417505241
frame_376,0,170,2,1,False,False,True,3.2600274,True,True,[],[   -0.59486   -0.018054     0.80363],53.09874952809098,-177.91038362333524,0.27911234105906013,0.2793711417353444,0.2803008977175428,33.5,5.562885826465563,16.605629332733024,1.0282598031544294
frame_376,0,85,1,1,True,False,True,4.9356594,,False,[],,,,,,,33.5,,,
frame_377,0,255,3,1,False,False,True,1.3423027,True,True,[],[    -0.2597     0.13607     0.95605],-31.934547912505113,122.07695506149913,1.5764045266504143,0.18649376541244522,0.18434612031553663,33.5,14.85062345875548,44.33021927986711,1.1534929994816778
frame_377,0,170,2,1,False,False,True,3.3898473,True,True,[],[   -0.60585   -0.030786     0.79498],52.59894739789599,-176.84260291269854,0.2856237323981926,0.2859179336472367,0.2795855947626114,33.5,4.90820663527633,14.651363090377103,1.0274476224458489
frame_377,0,85,1,1,True,False,True,4.548821,,False,[],,,,,,,33.5,,,
frame_378,0,255,3,1,False,False,True,1.2959756,True,True,[],[   -0.26721     0.11555     0.95668],-34.29349151377127,127.1377793996873,1.5717542633532358,0.18317939627743157,0.18156308116450637,33.5,15.182060372256846,45.31958320076671,1.1539203857777471
frame_378,0,170,2,1,False,False,True,3.3314447,True,True,[],[   -0.60347   -0.038178     0.79647],49.590520391185024,-174.1931594399883,0.2884456692584805,0.28882124023771183,0.2855255823405157,33.5,4.617875976228819,13.784704406653193,1.0164920421534476
frame_378,0,85,1,1,True,False,True,4.5821457,,False,[],,,,,,,33.5,,,
frame_379,0,255,3,1,False,False,True,1.4109626,True,True,[],[   -0.21395     0.12429     0.96891],-31.92009682880503,122.00484673788102,1.788552772023108,0.18668056886760243,0.1847345930661835,33.5,14.83194311323976,44.27445705444704,1.152930505943766
frame_379,0,170,2,1,False,False,True,3.3875744,True,True,[],[   -0.56951    0.022148     0.82169],51.623347558074855,-178.94238050946888,0.28324456931986386,0.28529780738913935,0.28673825902122896,33.5,4.970219261086068,14.836475406227068,1.0106756890488562
frame_379,0,85,1,1,True,False,True,4.7880883,,False,[],,,,,,,33.5,,,
frame_380,0,255,3,1,False,False,True,1.284936,True,True,[],[   -0.22523     0.12621      0.9661],-35.89968436870697,128.03206731459,1.5204792585791123,0.1886538375783529,0.184750739833725,33.5,14.63461624216471,43.68542161840212,1.1577339505100486
frame_380,0,170,2,1,False,False,True,3.4938836,True,True,[],[    -0.5912   -0.001468     0.80653],51.76435368245373,-178.1513586208171,0.28159367216132036,0.2826642174102958,0.28212790358870443,33.5,5.2335782589704225,15.622621668568426,1.015409238818129
frame_380,0,85,1,1,True,False,True,4.7068386,,False,[],,,,,,,33.5,,,
frame_381,0,255,3,1,False,False,True,1.2564073,True,True,[],[   -0.24288     0.14474      0.9592],-34.50456721760625,127.58852467439252,1.517150195170119,0.1832157371082856,0.18210227749678304,33.5,15.178426289171442,45.30873519155654,1.1561191321011288
frame_381,0,170,2,1,False,False,True,3.3462555,True,True,[],[   -0.58577   -0.031889     0.80985],50.14939957508489,-174.652767664206,0.2894532187139167,0.2897532722798415,0.28637064849838134,33.5,4.524672772015853,13.506485886614486,1.0117490090019179
frame_381,0,85,1,1,True,False,True,4.3547792,,False,[],,,,,,,33.5,,,
frame_382,0,255,3,1,False,False,True,1.4520445,True,True,[],[   -0.23737     0.12188     0.96374],-30.346773761904007,119.58552567354472,1.843973463696611,0.18632894324082183,0.18350321958825894,33.5,14.867105675917818,44.37941992811289,1.1551049820840844
frame_382,0,170,2,1,False,False,True,3.2946122,True,True,[],[   -0.58855   -0.010447     0.80839],51.797651495131696,-177.08070361682866,0.2863293932540596,0.2872970529058302,0.2868743026789905,33.5,4.770294709416984,14.239685699752188,1.012851738745188
frame_382,0,85,1,1,True,False,True,4.380272,,False,[],,,,,,,33.5,,,
frame_383,0,255,3,1,False,False,True,1.215687,True,True,[],[    -0.2371     0.12029     0.96401],37.756737122131646,-47.82884311448299,1.5176499061362765,0.18744022272178745,0.18649826912112683,33.5,14.755977727821257,44.0476947099142,1.157406753205722
frame_383,0,170,2,1,False,False,True,3.3626285,True,True,[],[   -0.56859   -0.006405      0.8226],52.438393904858216,-177.10693983196145,0.28809380438147647,0.28642042195893236,0.2871947173497231,33.5,4.857957804106766,14.50136657942318,1.010424534394015
frame_383,0,85,1,1,True,False,True,4.3799157,,False,[],,,,,,,33.5,,,
frame_384,0,255,3,1,False,False,True,1.322827,True,True,[],[   -0.23047     0.13245     0.96402],-32.5919810546356,123.11965674788097,1.7260662328687837,0.18302117689587977,0.18271644400468734,33.5,15.197882310412025,45.36681286690157,1.1555254013776852
frame_384,0,170,2,1,False,False,True,3.5395582,True,True,[],[   -0.57371   -0.003636     0.81905],54.251646223215346,-179.4197898027372,0.2859201206178765,0.2861943262941443,0.28573827129995766,33.5,4.88056737058557,14.568857822643494,1.0145889283540888
frame_384,0,85,1,1,True,False,True,4.315181,,False,[],,,,,,,33.5,,,
frame_385,0,255,3,1,False,False,True,1.3322076,True,True,[],[   -0.24725      0.1353     0.95946],-34.36015413298552,124.42404486200302,1.5404834136539776,0.18204050158514323,0.17989302382673095,33.5,15.29594984148568,45.65955176562889,1.1559300183146088
frame_385,0,170,2,1,False,False,True,3.6655483,True,True,[],[   -0.57001    0.020326     0.82139],55.04086805921239,178.1314656300353,0.28902486439576747,0.2884245911308069,0.28680643763422764,33.5,4.657540886919315,13.903107125132284,1.0093554992233646
frame_385,0,85,1,1,True,False,True,4.3695445,,False,[],,,,,,,33.5,,,
frame_386,0,255,3,1,False,False,True,1.3030133,True,True,[],[   -0.23761     0.13816     0.96148],-34.77379790114235,126.84229037814139,1.5293456256151954,0.18520278891308756,0.1835670522482391,33.5,14.979721108691246,44.71558539907834,1.1545176871184766
frame_386,0,170,2,1,False,False,True,3.1363537,True,True,[],[   -0.57945   -0.081434     0.81093],52.74985197880387,-170.69460502461416,0.2866704330555191,0.2876463160050482,0.28329282862397587,33.5,4.735368399495182,14.135428058194574,1.009869934094011
frame_386,0,85,1,1,True,False,True,4.046389,,False,[],,,,,,,33.5,,,
frame_387,0,255,3,1,False,False,True,1.3348807,True,True,[],[   -0.25801     0.14348     0.95543],-32.53361574663632,124.01462604965792,1.528459183347554,0.182541907241087,0.18096258548058985,33.5,15.245809275891304,45.50987843549643,1.154741022818519
frame_387,0,170,2,1,False,False,True,3.2478487,True,True,[],[   -0.57073  -0.0052391     0.82112],55.03657800065581,-179.27917149082697,0.2848716424411618,0.28526168796095996,0.28356371794161145,33.5,4.973831203904005,14.847257325086582,1.004264886215264
frame_387,0,85,1,1,True,False,True,3.910884,,False,[],,,,,,,33.5,,,
frame_388,0,255,3,1,False,False,True,1.2023623,True,True,[],[   -0.24744     0.13676      0.9592],-34.85708521925503,130.80504557988007,1.5389434574528096,0.18521620787813903,0.1822131452710537,33.5,14.978379212186098,44.71157973786895,1.1548426763783457
frame_388,0,170,2,1,False,False,True,3.4886458,True,True,[],[   -0.58012   0.0010437     0.81453],54.14072313965819,179.9620865725836,0.28406942332427754,0.28305447211810086,0.28487081506456235,33.5,5.194552788189916,15.506127725940047,1.002997854981698
frame_388,0,85,1,1,True,False,True,3.7506878,,False,[],,,,,,,33.5,,,
frame_389,0,255,3,1,False,False,True,1.3445977,True,True,[],[     -0.254     0.14405     0.95642],-31.676227315889484,121.71525345789534,1.5542816627694152,0.1868604517205809,0.18477630497018555,33.5,14.813954827941911,44.220760680423616,1.153475237224131
frame_389,0,170,2,1,False,False,True,3.506079,True,True,[],[   -0.56096   -0.047889     0.82646],53.730394952057416,-173.79433848608542,0.28921608511355845,0.29047474433318643,0.28724492691790793,33.5,4.452525566681359,13.29112109457122,1.0030970491247098
frame_389,0,85,1,1,True,False,True,3.6924107,,False,[],,,,,,,33.5,,,
frame_390,0,255,3,1,False,False,True,1.2113001,True,True,[],[   -0.25287     0.13858     0.95753],-34.36348079585532,130.30203698744853,1.5326870313235874,0.18461426928252223,0.1816365022454266,33.5,15.038573071747779,44.89126290073963,1.15860062984817
frame_390,0,170,2,1,False,False,True,3.4244475,True,True,[],[   -0.55178   -0.062637     0.83163],52.650696193297605,-171.47397493010465,0.28680556559822323,0.2890372967923721,0.28647026111236157,33.5,4.596270320762791,13.720209912724748,0.9964630623422482
frame_390,0,85,1,1,True,False,True,3.684658,,False,[],,,,,,,33.5,,,
frame_391,0,255,3,1,False,False,True,1.2672434,True,True,[],[   -0.27369     0.13913      0.9517],-33.149475974577534,125.42650055938894,1.5312057326967607,0.18781380215517113,0.18483399905350933,33.5,14.71861978448289,43.93617846114296,1.1569463368237873
frame_391,0,170,2,1,False,False,True,3.2582924,True,True,[],[    -0.5497   -0.010629      0.8353],56.50038276570038,-178.7721674245039,0.2827244618847228,0.28283777592191717,0.28192209921328204,33.5,5.216222407808285,15.570813157636673,1.0048432974238972
frame_391,0,85,1,1,True,False,True,3.8727467,,False,[],,,,,,,33.5,,,
frame_392,0,255,3,1,False,False,True,1.3212419,True,True,[],[    -0.2689      0.1433     0.95245],-32.104063343971404,124.15892493603008,1.5562427463723412,0.18253794974356002,0.18006409508984117,33.5,15.246205025643999,45.51105977804178,1.1575010545237734
frame_392,0,170,2,1,False,False,True,3.1945362,True,True,[],[   -0.55167    -0.04302     0.83296],56.049678611846886,-175.9146190183978,0.28990481308788074,0.2898288696444057,0.2841369254802707,33.5,4.517113035559434,13.483919509132638,1.0062035540923175
frame_392,0,85,1,1,True,False,True,3.915045,,False,[],,,,,,,33.5,,,
frame_393,0,255,3,1,False,False,True,1.206868,True,True,[],[   -0.27824     0.13992     0.95027],-35.37649219601959,129.96783031620026,1.5322161046783978,0.1841179905168116,0.179519781526793,33.5,15.088200948318843,45.039405815877146,1.158438987531422
frame_393,0,170,2,1,False,False,True,2.993904,True,True,[],[   -0.54404    -0.07766     0.83546],55.202078791575836,-171.2092891607035,0.29034565048524996,0.29096597144455194,0.28683824803808805,33.5,4.403402855544808,13.14448613595465,1.0061332520244801
frame_393,0,85,1,1,True,False,True,3.8105016,,False,[],,,,,,,33.5,,,
frame_394,0,255,3,1,False,False,True,1.3031267,True,True,[],[   -0.27963     0.14582     0.94897],-31.38788910138656,123.16728732744836,1.674280325129775,0.18476781849580548,0.18402182890336177,33.5,15.023218150419455,44.84542731468494,1.1544001115200955
frame_394,0,170,2,1,False,False,True,3.188233,True,True,[],[   -0.54537   -0.012642      0.8381],54.11392049981686,-176.37674828912526,0.286727045363133,0.2880827010711231,0.28691502739524516,33.5,4.691729892887691,14.005163859366244,0.9932570288636092
frame_394,0,85,1,1,True,False,True,3.5877972,,False,[],,,,,,,33.5,,,
frame_395,0,255,3,1,False,False,True,1.2692631,True,True,[],[   -0.28647     0.14259     0.94742],-31.6256596464686,127.00082482323555,1.614004411343475,0.18271184614360053,0.1804014158121774,33.5,15.22881538563995,45.45915040489537,1.1524073582906837
frame_395,0,170,2,1,False,False,True,3.0450478,True,True,[],[   -0.52528   -0.033784     0.85026],58.240250406171256,-176.17900825204978,0.2872900950013826,0.2873517880425135,0.2855827348685065,33.5,4.764821195748653,14.223346852981056,1.0060953716512702
frame_395,0,85,1,1,True,False,True,3.5991356,,False,[],,,,,,,33.5,,,
frame_396,0,255,3,1,False,False,True,1.1445119,True,True,[],[   -0.28413     0.14473      0.9478],-32.27413873066253,131.77555742950946,1.5349995287734433,0.18608782905449217,0.18321895720373632,33.5,14.891217094550784,44.45139431209189,1.1483068225380348
frame_396,0,170,2,1,False,False,True,3.0280635,True,True,[],[   -0.52664   -0.033174     0.84944],57.614748659879155,-175.92656604539033,0.2893568092822655,0.28958076194647564,0.288591414602976,33.5,4.541923805352438,13.557981508514741,1.0056084287379945
frame_396,0,85,1,1,True,False,True,3.6710196,,False,[],,,,,,,33.5,,,
frame_397,0,255,3,1,False,False,True,1.2159283,True,True,[],[    -0.3012     0.13429     0.94406],-29.400480532351107,126.213789330271,1.5324502560939948,0.18596536758751864,0.18280347793156781,33.5,14.903463241248138,44.48794997387504,1.1451230704293194
frame_397,0,170,2,1,False,False,True,3.2761364,True,True,[],[   -0.55729  0.00096054     0.83031],54.56317627152546,-178.75642766737613,0.28821573577888837,0.28875334310607736,0.28851249563889325,33.5,4.624665689392265,13.80497220714109,0.9937849212402657
frame_397,0,85,1,1,True,False,True,3.6207662,,False,[],,,,,,,33.5,,,
frame_398,0,255,3,1,False,False,True,1.1478786,True,True,[],[   -0.29087     0.12755     0.94822],-30.85330657577603,130.31613529326643,1.5377796547281612,0.18421578276881645,0.1815346198167831,33.5,15.078421723118357,45.01021409886077,1.14499644157973
frame_398,0,170,2,1,False,False,True,3.3314521,True,True,[],[   -0.54154   -0.026137     0.84027],55.753273113783415,-176.02963612977408,0.28836619277280107,0.2892918575867124,0.2873168528602861,33.5,4.570814241328764,13.644221615906757,1.0005986578285275
frame_398,0,85,1,1,True,False,True,3.6528325,,False,[],,,,,,,33.5,,,
frame_399,0,255,3,1,False,False,True,1.1825904,True,True,[],[   -0.29881      0.1189     0.94688],-28.91554359718314,128.22560556139334,1.5382962973416414,0.18302250864234754,0.18048460992863313,33.5,15.197749135765248,45.36641533064253,1.1451464102613882
frame_399,0,170,2,1,False,False,True,3.2438931,True,True,[],[     -0.528   -0.012896     0.84915],55.21503660721441,-176.53178079723392,0.2901373309038494,0.2910373003287552,0.28989998805016015,33.5,4.396269967124483,13.123193931714875,0.9963249584589557
frame_399,0,85,1,1,True,False,True,3.7530568,,False,[],,,,,,,33.5,,,
frame_400,0,255,3,1,False,False,True,1.1041206,True,True,[],[   -0.30369     0.12265     0.94484],-31.987117942850716,131.72191031818758,1.5394254185514282,0.18310989703253816,0.17869631991583612,33.5,15.189010296746186,45.34032924401847,1.1474916737773577
frame_400,0,170,2,1,False,False,True,3.4316652,True,True,[],[   -0.52685    0.026925     0.84953],58.010560867077174,177.1420235105005,0.2899728242059242,0.29000384382921507,0.2863126586890977,33.5,4.499615617078495,13.431688409189539,0.9996130308353708
frame_400,0,85,1,1,True,False,True,3.5771437,,False,[],,,,,,,33.5,,,
frame_401,0,255,3,1,False,False,True,1.2091708,True,True,[],[   -0.29448     0.14932     0.94392],-28.3303978592242,125.87631427612241,1.5482294465016324,0.18434651475118083,0.1824244811163488,33.5,15.06534852488192,44.971189626513194,1.1463078631027512
frame_401,0,170,2,1,False,False,True,3.3733592,True,True,[],[   -0.37845   -0.019587     0.92541],57.935706550482365,-178.35649545057737,0.3820814220252078,0.29146444514022474,0.2903159304931201,33.5,4.3535554859775285,12.995688017843369,1.0056024257977594
frame_401,0,85,1,1,True,False,True,3.474406,,False,[],,,,,,,33.5,,,
frame_402,0,255,3,1,False,False,True,1.1990079,True,True,[],[   -0.29935     0.14558     0.94297],-28.473144127210436,128.60380444889543,1.5404550713620828,0.1843090570369517,0.17873897650595447,33.5,15.069094296304833,44.98237103374577,1.148188356143831
frame_402,0,170,2,1,False,False,True,3.2040427,True,True,[],[   -0.51902   -0.047142     0.85346],55.09350485354394,-172.24373667565666,0.28853313311191187,0.2901413478577838,0.2879230434200529,33.5,4.485865214221624,13.390642430512312,0.9965359872913159
frame_402,0,85,1,1,True,False,True,3.3716137,,False,[],,,,,,,33.5,,,
frame_403,0,255,3,1,False,False,True,1.1058463,True,True,[],[    -0.3103     0.12535     0.94234],-26.46463898902059,133.17970313080548,1.5444829590020814,0.18341834540040935,0.17917116123654367,33.5,15.158165459959067,45.24825510435542,1.1500658783742599
frame_403,0,170,2,1,False,False,True,3.1385205,True,True,[],[   -0.50621    0.019623     0.86218],58.96114902584063,178.26173245210893,0.2818317544824571,0.28241417746306285,0.282516348734113,33.5,5.258582253693716,15.697260458787213,1.000818948047313
frame_403,0,85,1,1,True,False,True,3.295885,,False,[],,,,,,,33.5,,,
frame_404,0,255,3,1,False,False,True,1.1660388,True,True,[],[   -0.30964      0.1344     0.94131],-25.56861336258962,127.69407604387948,1.5699251942009869,0.18468888189625343,0.18096954442280688,33.5,15.031111810374659,44.868990478730325,1.149074827203144
frame_404,0,170,2,1,False,False,True,3.1761756,True,True,[],[   -0.52129   -0.020088     0.85315],58.21868071169497,-177.59656851384423,0.28836260732616015,0.28852932643580265,0.28598863903141336,33.5,4.647067356419737,13.87184285498429,1.0040880325894572
frame_404,0,85,1,1,True,False,True,3.3981736,,False,[],,,,,,,33.5,,,
frame_405,0,255,3,1,False,False,True,1.1273687,True,True,[],[     -0.312     0.13018     0.94112],-26.46757327862313,131.42580649884673,1.5618654514578498,0.1871564236717876,0.18120348144674261,33.5,14.784357632821244,44.13241084424252,1.1496855074122585
frame_405,0,170,2,1,False,False,True,2.9119072,True,True,[],[   -0.20835   -0.077289       0.975],60.06219278315281,-168.68057287942827,1.4129907791248382,0.29068573649785523,0.28650327621304816,33.5,4.431426350214479,13.22813835884919,1.0143239867180254
frame_405,0,85,1,1,True,False,True,3.3095648,,False,[],,,,,,,33.5,,,
frame_406,0,255,3,1,False,False,True,1.1247575,True,True,[],[   -0.30633     0.12182      0.9441],-26.45427459658306,130.28906559141885,1.5494278479344357,0.18796470880927799,0.18176396991610733,33.5,14.703529119072204,43.891131698722994,1.1483049683895947
frame_406,0,170,2,1,False,False,True,2.7299876,True,True,[],[   -0.49756    -0.11115     0.86028],59.362812225106325,-167.36244318214676,0.287049242236988,0.28683021700225875,0.28487246415944956,33.5,4.816978299774127,14.37903970081829,1.0133495649232198
frame_406,0,85,1,1,True,False,True,3.2785013,,False,[],,,,,,,33.5,,,
frame_407,0,255,3,1,False,False,True,1.165664,True,True,[],[   -0.30149     0.12464     0.94529],-26.91213400507539,127.92214167252557,1.5448116682259199,0.18305788265119383,0.1807791368120404,33.5,15.19421173488062,45.355855925016776,1.1474114365166241
frame_407,0,170,2,1,False,False,True,3.043152,True,True,[],[   -0.49803    0.025025      0.8668],59.156223240493034,177.04975229063595,0.2799164626800843,0.2801822241301508,0.28134525496668716,33.5,5.48177758698492,16.363515185029613,0.9929219871696644
frame_407,0,85,1,1,True,False,True,3.2844071,,False,[],,,,,,,33.5,,,
frame_408,0,255,3,1,False,False,True,1.0938728,True,True,[],[   -0.31314     0.11633     0.94256],-27.34267669732954,133.22658513494736,1.5496603605897146,0.18607945019488054,0.18267922329975578,33.5,14.892054980511949,44.453895464214774,1.148314609458404
frame_408,0,170,2,1,False,False,True,2.8345315,True,True,[],[   -0.50175   -0.074991     0.86176],58.01180972153367,-170.69564675714133,0.2864938320287287,0.28696628738483987,0.2839488425825136,33.5,4.803371261516015,14.33842167616721,0.9942331671095437
frame_408,0,85,1,1,True,False,True,3.3244214,,False,[],,,,,,,33.5,,,
frame_409,0,255,3,1,False,False,True,1.144645,True,True,[],[   -0.31408    0.096861     0.94444],-25.718377797161462,128.40531643525142,1.533075411940672,0.18571421892113632,0.18350480290171112,33.5,14.92857810788637,44.562919725033936,1.1480634826512421
frame_409,0,170,2,1,False,False,True,2.99764,True,True,[],[    -0.4973    -0.01296     0.86748],57.1388788513559,-176.57000578573795,0.29177738743544934,0.29169907736903555,0.2923576292838649,33.5,4.3300922630964465,12.925648546556555,0.9843755101615732
frame_409,0,85,1,1,True,False,True,3.2451224,,False,[],,,,,,,33.5,,,
frame_410,0,255,3,1,False,False,True,1.1572121,True,True,[],[   -0.30208     0.12849     0.94458],-25.59204541689006,129.82571641643474,1.556373951685612,0.18583521358035357,0.1839879295973484,33.5,14.916478641964645,44.52680191631237,1.1475854338638523
frame_410,0,170,2,1,False,False,True,3.0173912,True,True,[],[   -0.49892   -0.026528     0.86624],60.07085468696912,-176.67001370714434,0.2914157187364831,0.29122635081134585,0.28979413323884273,33.5,4.377364918865418,13.066760951837066,0.9962262258147341
frame_410,0,85,1,1,True,False,True,3.1264741,,False,[],,,,,,,33.5,,,
frame_411,0,255,3,1,False,False,True,1.0919378,True,True,[],[   -0.31022     0.13057     0.94165],-26.741719664439533,132.91741012218478,1.5742640328125392,0.18538424680531174,0.1825071333930411,33.5,14.961575319468828,44.66141886408606,1.1491785630485944
frame_411,0,170,2,1,False,False,True,2.815431,True,True,[],[   -0.48774   -0.061259     0.87084],60.17674509047608,-172.51769106245564,0.29405266036831756,0.29283830219701057,0.286336691670544,33.5,4.216169780298945,12.585581433728196,1.000176115933123
frame_411,0,85,1,1,True,False,True,3.092477,,False,[],,,,,,,33.5,,,
frame_412,0,255,3,1,False,False,True,1.1405265,True,True,[],[   -0.27962    0.073304     0.95731],-26.588728835863378,128.75259754821624,1.5340911188298414,0.18653071077575778,0.18384385013284918,33.5,14.846928922424224,44.31919081320664,1.1489439553211738
frame_412,0,170,2,1,False,False,True,2.8564107,True,True,[],[    -0.4949   -0.015756     0.86881],59.630770131981464,-178.13963955927304,0.286288193010092,0.28121369949683306,0.28251239884217016,33.5,5.378630050316696,16.0556120904976,0.9926427870433613
frame_412,0,85,1,1,True,False,True,2.965496,,False,[],,,,,,,33.5,,,
frame_413,0,255,3,1,False,False,True,1.1551291,True,True,[],[   -0.30966     0.10919     0.94456],-27.25415597712399,128.77166221923744,1.5424121739367835,0.1848653977241518,0.18206826257578151,33.5,15.01346022758482,44.81629918682036,1.1515306189948438
frame_413,0,170,2,1,False,False,True,2.8792746,True,True,[],[   -0.46526   -0.032938     0.88456],58.72099416163673,-174.6701648373662,0.29447767190680463,0.2954650830289396,0.2909372841005056,33.5,3.9534916971060428,11.801467752555352,0.9868464257871633
frame_413,0,85,1,1,True,False,True,3.0695047,,False,[],,,,,,,33.5,,,
frame_414,0,255,3,1,False,False,True,1.1246536,True,True,[],[   -0.30779     0.12407     0.94333],-28.00654433898786,130.8925337532899,1.545142351757847,0.1841967160951172,0.18017256519246422,33.5,15.080328390488281,45.0159056432486,1.1527954916821586
frame_414,0,170,2,1,False,False,True,2.9190063,True,True,[],[   -0.46539   -0.023538     0.88479],61.84867052591055,-176.74303049868192,0.2874053889004813,0.28762939554003375,0.286109591299463,33.5,4.737060445996627,14.140478943273513,0.9988183865836172
frame_414,0,85,1,1,True,False,True,3.1164238,,False,[],,,,,,,33.5,,,
frame_415,0,255,3,1,False,False,True,1.1434065,True,True,[],[   -0.30495     0.12739     0.94381],-29.21698942221015,129.1442530133516,1.557323949652071,0.187075671241733,0.18510990809739783,33.5,14.792432875826703,44.15651604724389,1.1532527742563718
frame_415,0,170,2,1,False,False,True,3.0766447,True,True,[],[   -0.47056  -0.0016987     0.88237],52.62324895331614,178.3604572601624,0.28516682012361383,0.28314327976373854,0.27048831404238727,33.5,5.1856720236261475,15.479617980973575,0.9678862641112901
frame_415,0,85,1,1,True,False,True,3.1657677,,False,[],,,,,,,33.5,,,
frame_416,0,255,3,1,False,False,True,1.1676701,True,True,[],[   -0.31192     0.12281     0.94214],-29.484162359786538,127.68781388396418,1.5566029726913366,0.18567085674017492,0.18248077328694678,33.5,14.93291432598251,44.575863659649286,1.1539709941013918
frame_416,0,170,2,1,False,False,True,3.0254087,True,True,[],[   -0.47606   -0.014757     0.87929],60.69802305065828,-177.41051444315804,0.2923707720618698,0.2924153224345203,0.2900169637749812,33.5,4.258467756547973,12.711844049396934,0.994115942338979
frame_416,0,85,1,1,True,False,True,3.0758288,,False,[],,,,,,,33.5,,,
frame_417,0,255,3,1,False,False,True,1.1719843,True,True,[],[    -0.3008     0.13267     0.94441],-29.515122425678513,128.24225822699933,1.5408682466107964,0.1864813018309014,0.1851053118965837,33.5,14.851869816909863,44.333939751969744,1.1548838631576888
frame_417,0,170,2,1,False,False,True,2.980316,True,True,[],[   -0.47009    0.012425     0.88253],60.72174671974333,179.95917625652913,0.2901104220861287,0.29082868328736566,0.28914705303206556,33.5,4.417131671263435,13.18546767541324,0.9892635000491586
frame_417,0,85,1,1,True,False,True,2.9423587,,False,[],,,,,,,33.5,,,
frame_418,0,255,3,1,False,False,True,1.1186483,True,True,[],[   -0.29862    0.099184      0.9492],-30.181771991509727,131.0886511639312,1.535617300967734,0.1863350300863577,0.18432922905853924,33.5,14.866496991364231,44.37760295929621,1.1563109122541917
frame_418,0,170,2,1,False,False,True,2.948949,True,True,[],[   -0.45937   -0.019266     0.88804],54.38668065775595,-175.98880894895007,0.2994256208549203,0.28445201638394024,0.27283234510824617,33.5,5.054798361605978,15.088950333152173,0.9705104814164309
frame_418,0,85,1,1,True,False,True,2.9220717,,False,[],,,,,,,33.5,,,
frame_419,0,255,3,1,False,False,True,1.1742173,True,True,[],[   -0.31043     0.11205     0.94397],-27.491958027579773,128.14823053034527,1.5493115831146353,0.18550160046640907,0.18448999573069944,33.5,14.949839953359096,44.62638792047491,1.154062945482149
frame_419,0,170,2,1,False,False,True,2.8657384,True,True,[],[   -0.44999   -0.026933     0.89263],61.314068325070316,-174.4553164685326,0.2913964836599616,0.29174164623527044,0.29136567876915676,33.5,4.325835376472958,12.91294142230734,0.987423981074616
frame_419,0,85,1,1,True,False,True,2.9481695,,False,[],,,,,,,33.5,,,
frame_420,0,255,3,1,False,False,True,1.157418,True,True,[],[   -0.30335     0.09307     0.94832],-29.278907301053845,130.22925797996703,1.946353310315631,0.1847941537721671,0.18446543244578784,33.5,15.020584622783293,44.83756603815908,1.155321750982147
frame_420,0,170,2,1,False,False,True,3.0634267,True,True,[],[   -0.44572    0.019796     0.89495],56.85078612628487,175.30198510018747,0.2933801294512659,0.26135760964477917,0.26308627904852355,33.5,7.364239035522085,21.982803091110704,0.9676824432500989
frame_420,0,85,1,1,True,False,True,2.9643614,,False,[],,,,,,,33.5,,,
frame_421,0,255,3,1,False,False,True,1.1291683,True,True,[],[   -0.31237     0.11517     0.94295],-30.347934459032924,130.5654173865318,1.613220315589629,0.18840639868246617,0.1854334974485719,33.5,14.659360131753385,43.75928397538324,1.156557037562747
frame_421,0,170,2,1,False,False,True,2.93364,True,True,[],[   -0.45771   -0.010795     0.88904],61.48587399864328,-176.9077901086442,0.2871527295750357,0.28778657829744847,0.2873211538704843,33.5,4.721342170255155,14.093558717179565,0.9865686892519775
frame_421,0,85,1,1,True,False,True,2.7562304,,False,[],,,,,,,33.5,,,
frame_422,0,255,3,1,False,False,True,1.1991479,True,True,[],[    -0.2796    0.056611     0.95845],-28.113376490150717,127.6711997548951,1.9376567244412433,0.1852912352765309,0.18415150931084812,33.5,14.97087647234691,44.68918349954302,1.1572353863054798
frame_422,0,170,2,1,False,False,True,2.7821174,True,True,[],[   -0.46096  -0.0078762     0.88738],61.79469201955615,-178.77440190000638,0.28124075673976945,0.281522384816951,0.28070539453154997,33.5,5.3477615183049,15.963467218820595,0.985916623926681
frame_422,0,85,1,1,True,False,True,2.8697495,,False,[],,,,,,,33.5,,,
frame_423,0,255,3,1,False,False,True,1.1681799,True,True,[],[   -0.30953     0.10905     0.94462],-30.10548304057153,129.48534301611951,1.5381630311488628,0.1887783548479373,0.18481054320663962,33.5,14.62216451520627,43.64825228419782,1.158992626259933
frame_423,0,170,2,1,False,False,True,2.7107794,True,True,[],[   -0.45404   -0.018735     0.89078],60.45119809847057,-176.37894264462062,0.2834513413827989,0.2840719988754117,0.2854587241307181,33.5,5.092800112458834,15.202388395399504,0.9765697582422391
frame_423,0,85,1,1,True,False,True,2.8490655,,False,[],,,,,,,33.5,,,
frame_424,0,255,3,1,False,False,True,1.1450769,True,True,[],[    -0.3031     0.11094     0.94648],-31.77674897814658,129.70458636236924,1.5358994335252103,0.18597867458062883,0.1832546801211741,33.5,14.90213254193712,44.48397773712573,1.1602046273694104
frame_424,0,170,2,1,False,False,True,2.8426692,True,True,[],[   -0.45805  -0.0051289     0.88891],60.53422903178754,-178.23528328927543,0.287270737610695,0.287559717315804,0.2895150365300042,33.5,4.744028268419603,14.161278413192846,0.9757881768348579
frame_424,0,85,1,1,True,False,True,2.9205678,,False,[],,,,,,,33.5,,,
frame_425,0,255,3,1,False,False,True,1.2034093,True,True,[],[   -0.29825      0.0899     0.95025],-30.092143491135,126.59607900183369,1.5336529252468036,0.18607285770846876,0.1830821941053834,33.5,14.892714229153125,44.45586337060634,1.1619217629138643
frame_425,0,170,2,1,False,False,True,2.9997363,True,True,[],[    -0.4269    -0.00526     0.90428],61.58971850941934,-176.90544777710474,0.2858991024862778,0.2870778284658817,0.28709860114321695,33.5,4.792217153411832,14.305125831080096,0.9727760740746386
frame_425,0,85,1,1,True,False,True,2.9046948,,False,[],,,,,,,33.5,,,
frame_426,0,255,3,1,False,False,True,1.1787335,True,True,[],[   -0.30784     0.10671     0.94543],-32.14749360006853,129.20278755493163,1.5392483072568441,0.18457427963692025,0.18308745855681402,33.5,15.042572036307977,44.903200108382016,1.16366757457336
frame_426,0,170,2,1,False,False,True,2.8520782,True,True,[],[  -0.098401    0.016503     0.99501],59.103950619777244,-170.955524634946,1.8303045698053975,0.2893841146738054,0.28965178494208876,33.5,4.561588532619459,13.616682186923759,0.9640417923710562
frame_426,0,85,1,1,True,False,True,2.8645513,,False,[],,,,,,,33.5,,,
frame_427,0,255,3,1,False,False,True,1.1883743,True,True,[],[   -0.30406     0.10316     0.94705],-33.19209616241388,127.8282399159301,1.569493691804184,0.1856334017137844,0.18555351913674945,33.5,14.936659828621563,44.58704426454198,1.1671593025131362
frame_427,0,170,2,1,False,False,True,2.6549382,True,True,[],[   -0.43259   -0.034443     0.90093],56.9394645055097,-175.5933975316901,0.28138515328210445,0.27986604554514627,0.2797013115748819,33.5,5.513395445485375,16.45789685219515,0.9596026749961605
frame_427,0,85,1,1,True,False,True,2.8377142,,False,[],,,,,,,33.5,,,
frame_428,0,255,3,1,False,False,True,1.233181,True,True,[],[   -0.30535      0.1234     0.94421],-29.259181889028632,125.53399854608675,1.5461206299512156,0.18376871599287686,0.18265628131845563,33.5,15.123128400712316,45.14366686779796,1.1664684061789221
frame_428,0,170,2,1,False,False,True,2.5615134,True,True,[],[   -0.44795    -0.05708     0.89224],61.17186430507746,-174.18355895250738,0.2865104694871685,0.28422806306459103,0.2795157472597217,33.5,5.077193693540899,15.15580207027134,0.973961519411632
frame_428,0,85,1,1,True,False,True,2.748558,,False,[],,,,,,,33.5,,,
frame_429,0,255,3,1,False,False,True,1.1873233,True,True,[],[   -0.28554    0.069689     0.95583],-33.602672997230584,128.4367795856089,1.5380875320217466,0.18441811986260376,0.18307611201602808,33.5,15.058188013739626,44.94981496638694,1.1670103739588618
frame_429,0,170,2,1,False,False,True,2.564854,True,True,[],[   -0.44003    -0.01513     0.89786],61.19588869889571,-179.38877344298393,0.29177343463564853,0.2815839916848982,0.2834948714262986,33.5,5.3416008315101795,15.945077108985611,0.9673526301457922
frame_429,0,85,1,1,True,False,True,2.7736583,,False,[],,,,,,,33.5,,,
frame_430,0,255,3,1,False,False,True,1.2330493,True,True,[],[   -0.30314     0.11918     0.94547],-30.354603207170335,126.19151979759545,1.563048565020948,0.18238000417666406,0.1803883876879755,33.5,15.261999582333596,45.55820770845849,1.1653634205903873
frame_430,0,170,2,1,False,False,True,2.6722407,True,True,[],[   -0.43228   -0.015753      0.9016],64.36203136654225,-178.0198036833843,0.2866944571748187,0.2866750025499879,0.2862602612395932,33.5,4.832499745001212,14.425372373137947,0.9803965694358777
frame_430,0,85,1,1,True,False,True,2.7923677,,False,[],,,,,,,33.5,,,
frame_431,0,255,3,1,False,False,True,1.1851103,True,True,[],[   -0.30258     0.10924     0.94684],-33.11616233380267,128.61564130798217,1.5167599099979132,0.1848434705076603,0.1837083662697192,33.5,15.01565294923397,44.82284462457902,1.1663493756311152
frame_431,0,170,2,1,False,False,True,2.5817146,True,True,[],[   -0.44166   -0.029157     0.89671],63.66567183100486,-176.04540812340673,0.2868198785247227,0.28687756945825293,0.2848605947055461,33.5,4.812243054174709,14.364904639327488,0.9813884160939162
frame_431,0,85,1,1,True,False,True,2.8266995,,False,[],,,,,,,33.5,,,
frame_432,0,255,3,1,False,False,True,1.1857039,True,True,[],[   -0.29064    0.086616      0.9529],-33.42134507705118,128.11408487311135,1.6859156141226976,0.18400257822248983,0.18308569191863344,33.5,15.099742177751018,45.07385724701797,1.1651598716510707
frame_432,0,170,2,1,False,False,True,2.5835798,True,True,[],[   -0.42374    -0.01032     0.90573],60.85039405634995,-179.2271568945806,0.2978344160525911,0.27592911080218374,0.27747208571074977,33.5,5.907088919781628,17.633101253079488,0.9672842679530895
frame_432,0,85,1,1,True,False,True,2.6782026,,False,[],,,,,,,33.5,,,
frame_433,0,255,3,1,False,False,True,1.2335684,True,True,[],[   -0.30041     0.12141     0.94605],-32.70610177931612,125.46624106600471,1.5321502380242555,0.18465341704067062,0.18302547942113423,33.5,15.03465829593294,44.8795770027849,1.1670362235554024
frame_433,0,170,2,1,False,False,True,2.4938955,True,True,[],[   -0.42089   -0.029391     0.90664],63.88727907990915,-175.11869937360024,0.28560717094575727,0.28605504627270417,0.28552753798878405,33.5,4.894495372729585,14.610433948446522,0.9825333812259776
frame_433,0,85,1,1,True,False,True,2.7045672,,False,[],,,,,,,33.5,,,
frame_434,0,255,3,1,False,False,True,1.1879833,True,True,[],[   -0.30156     0.12298     0.94548],-33.96658803254471,128.10865960149724,1.5326486155903774,0.18420948543504745,0.183072552864924,33.5,15.079051456495257,45.01209389998584,1.168767786170497
frame_434,0,170,2,1,False,False,True,2.6465666,True,True,[],[    -0.4441    0.018461     0.89579],60.201917883186645,173.0599400076313,0.28270868431383334,0.28269021662126237,0.28494931615152996,33.5,5.230978337873765,15.614860710070941,0.9663320644889201
frame_434,0,85,1,1,True,False,True,2.7529912,,False,[],,,,,,,33.5,,,
frame_435,0,255,3,1,False,False,True,1.2222317,True,True,[],[   -0.29654     0.11077     0.94857],-33.64194786011348,125.91272230412439,1.580351775838321,0.18310982485070992,0.18218889841410302,33.5,15.18901751492901,45.340350790832865,1.1716032885362735
frame_435,0,170,2,1,False,False,True,2.583477,True,True,[],[   -0.43564   -0.039448     0.89926],63.921565423714306,-174.55544484056324,0.28338987346195754,0.2835736018421732,0.2841279498333843,33.5,5.142639815782685,15.351163629202045,0.9835859576567686
frame_435,0,85,1,1,True,False,True,2.7552497,,False,[],,,,,,,33.5,,,
frame_436,0,255,3,1,False,False,True,1.2614241,True,True,[],[   -0.29132     0.10531     0.95081],-34.58509377566455,123.98979019875793,1.7522935414178304,0.18301096633126906,0.18001516169060694,33.5,15.198903366873095,45.369860796636104,1.1749261447254533
frame_436,0,170,2,1,False,False,True,2.6548448,True,True,[],[   -0.43264  -0.0037489     0.90156],63.03252823364606,-179.14011611013123,0.2887500100428244,0.28856011670569737,0.2896891251696536,33.5,4.6439883294302655,13.862651729642582,0.9781931746874648
frame_436,0,85,1,1,True,False,True,2.8017507,,False,[],,,,,,,33.5,,,
frame_437,0,255,3,1,False,False,True,1.2695633,True,True,[],[   -0.30494      0.1081     0.94622],-36.27856907465281,124.44834499582912,1.5231507516016736,0.185375153130649,0.18519452055220958,33.5,14.9624846869351,44.66413339383612,1.1758698332985902
frame_437,0,170,2,1,False,False,True,2.7477112,True,True,[],[    -0.4501   0.0069451     0.89295],63.21251037138034,179.2157011113554,0.2829146342565223,0.28294177991592107,0.28505794024657416,33.5,5.205822008407895,15.539767189277299,0.9809429511558592
frame_437,0,85,1,1,True,False,True,2.741164,,False,[],,,,,,,33.5,,,
frame_438,0,255,3,1,False,False,True,1.264834,True,True,[],[   -0.29635     0.12732     0.94656],-34.75680504048366,124.5138030143562,1.8100491878059741,0.1840938461249949,0.18219062617180903,33.5,15.090615387500511,45.046613097016454,1.176656299647269
frame_438,0,170,2,1,False,False,True,2.572792,True,True,[],[   -0.42782   -0.026608     0.90347],64.12550238196295,-177.9635357762132,0.2844118699754926,0.2838370071330306,0.27947419879742663,33.5,5.116299286696941,15.272535184169971,0.984869891013824
frame_438,0,85,1,1,True,False,True,2.650437,,False,[],,,,,,,33.5,,,
frame_439,0,255,3,1,False,False,True,1.3081733,True,True,[],[   -0.29679     0.10087      0.9496],-34.205549638709684,122.29051347881024,1.5101100540738033,0.17907844035769527,0.17727176225095603,33.5,15.592155964230475,46.54374914695664,1.1760440567554995
frame_439,0,170,2,1,False,False,True,2.5719228,True,True,[],[   -0.42854   0.0014361     0.90352],64.5361302081919,-179.93835712859922,0.2862181965484629,0.28641485853212223,0.2852716511253494,33.5,4.858514146787779,14.503027303844116,0.9853281968830313
frame_439,0,85,1,1,True,False,True,2.625053,,False,[],,,,,,,33.5,,,
frame_440,0,255,3,1,False,False,True,1.259848,True,True,[],[   -0.29528    0.096402     0.95053],-36.964696700959536,125.1107277509183,1.8614362605293362,0.18371792088767047,0.1815057073129609,33.5,15.128207911232955,45.158829585770015,1.1766076539926373
frame_440,0,170,2,1,False,False,True,2.7543995,True,True,[],[   -0.43881    0.016069     0.89844],59.35859826571975,174.74466028855062,0.28523692909570575,0.2843199866298851,0.2872356375944812,33.5,5.0680013370114905,15.128362200034301,0.9670301577402122
frame_440,0,85,1,1,True,False,True,2.7457757,,False,[],,,,,,,33.5,,,
frame_441,0,255,3,1,False,False,True,1.2384336,True,True,[],[   -0.29461     0.11068     0.94919],-37.44773855245669,124.60086011101757,1.5148843064677933,0.1820620363923139,0.18213821016101317,33.5,15.293796360768614,45.653123464980936,1.1784418387497488
frame_441,0,170,2,1,False,False,True,2.5972998,True,True,[],[   -0.41187   -0.038309     0.91044],63.02576997866806,-171.4734694300316,0.2869339072473427,0.28830283388745126,0.2896919381150964,33.5,4.669716611254876,13.93945257091008,0.9811847929508845
frame_441,0,85,1,1,True,False,True,2.7832344,,False,[],,,,,,,33.5,,,
frame_442,0,255,3,1,False,False,True,1.3159261,True,True,[],[   -0.29929     0.10135     0.94876],-36.18206962465651,121.37098589153264,1.5425599568946173,0.1820371792533076,0.17985756575737477,33.5,15.296282074669243,45.660543506475356,1.1775598455831486
frame_442,0,170,2,1,False,False,True,2.354338,True,True,[],[   -0.39041   -0.067258     0.91818],64.81662302853226,-171.00245618509766,0.28746326941161315,0.25030797034088603,0.25085275519650274,33.5,8.469202965911398,25.281202883317604,0.9783672557016613
frame_442,0,85,1,1,True,False,True,2.7909997,,False,[],,,,,,,33.5,,,
frame_443,0,255,3,1,False,False,True,1.3039396,True,True,[],[   -0.29739     0.11985     0.94721],-37.27541130783853,123.56493746759507,1.5359164822580682,0.18093964617407465,0.17857501808773193,33.5,15.406035382592536,45.988165321171756,1.1799608042196166
frame_443,0,170,2,1,False,False,True,2.3527398,True,True,[],[   -0.40575   0.0070217     0.91396],64.8301606902719,177.93986755964568,0.28025420914009613,0.28014892146517323,0.28091133268083823,33.5,5.485107853482679,16.373456279052775,0.97827892140662
frame_443,0,85,1,1,True,False,True,2.7675457,,False,[],,,,,,,33.5,,,
frame_444,0,255,3,1,False,False,True,1.2749685,True,True,[],[   -0.30637      0.1145       0.945],-37.91385979230139,123.60811889611811,1.5222251933139892,0.18173505704100285,0.18082101551866278,33.5,15.326494295899717,45.7507292414917,1.1810095621072632
frame_444,0,170,2,1,False,False,True,2.5369377,True,True,[],[    -0.4079   0.0038508     0.91302],65.80316859259719,179.56776168509558,0.2826240310677498,0.28266355710205604,0.2866774019976137,33.5,5.233644289794398,15.622818775505667,0.9819920244022571
frame_444,0,85,1,1,True,False,True,2.7427683,,False,[],,,,,,,33.5,,,
frame_445,0,255,3,1,False,False,True,1.3424373,True,True,[],[   -0.30191     0.10815     0.94718],-34.72238459511224,120.78230935912056,1.551016131798082,0.1777321244759671,0.1763872608125978,33.5,15.726787552403293,46.94563448478595,1.179957677120753
frame_445,0,170,2,1,False,False,True,2.4279075,True,True,[],[   -0.36872   -0.048852     0.92826],63.04313460603102,-166.68426142591676,0.28845979692191603,0.2916371729348042,0.2911290306059706,33.5,4.336282706519584,12.944127482148012,0.9723947668147754
frame_445,0,85,1,1,True,False,True,2.6907692,,False,[],,,,,,,33.5,,,
frame_446,0,255,3,1,False,False,True,1.3234742,True,True,[],[   -0.31393    0.086064     0.94554],-38.465751117336936,121.84399873335315,1.5629421174394522,0.18057028248643647,0.1823923946731898,33.5,15.442971751356355,46.09842313837718,1.181441823536197
frame_446,0,170,2,1,False,False,True,2.304166,True,True,[],[   -0.38818    -0.06182     0.91951],66.67157757808427,-170.81591518653,0.2804704240521949,0.28062784848638644,0.27949427337659516,33.5,5.437215151361357,16.23049298913838,0.9946680293028349
frame_446,0,85,1,1,True,False,True,2.6914377,,False,[],,,,,,,33.5,,,
frame_447,0,255,3,1,False,False,True,1.2779036,True,True,[],[   -0.29692     0.08076     0.95148],-39.73502297173055,123.26272089759195,1.5755367188974794,0.18052506921105016,0.1812481753441201,33.5,15.447493078894986,46.1119196384925,1.1812401371820531
frame_447,0,170,2,1,False,False,True,2.3362463,True,True,[],[   -0.40308   0.0017676     0.91516],64.29535706308894,173.65783249185708,0.28041426966622895,0.27895975775052273,0.2781547087273293,33.5,5.604024224947729,16.728430522232028,0.9705747215270996
frame_447,0,85,1,1,True,False,True,2.7749884,,False,[],,,,,,,33.5,,,
frame_448,0,255,3,1,False,False,True,1.3162476,True,True,[],[   -0.29664    0.083923     0.95129],-39.84346919674674,121.22857774355785,1.575647753642505,0.1838859834271832,0.18507270308747337,33.5,15.11140165728168,45.10866166352741,1.182335593313872
frame_448,0,170,2,1,False,False,True,2.1742687,True,True,[],[   -0.38465   -0.062904     0.92092],66.2617893699529,-173.66099802914542,0.2863010240768884,0.2840597403912327,0.2822252374918264,33.5,5.09402596087673,15.20604764440815,0.9872230732472569
frame_448,0,85,1,1,True,False,True,2.7552733,,False,[],,,,,,,33.5,,,
frame_449,0,255,3,1,False,False,True,1.3715298,True,True,[],[   -0.29194     0.11105     0.94997],-39.2536579271256,119.82613654693064,1.5635577759369021,0.17741811772154653,0.17846350238100242,33.5,15.758188227845348,47.03936784431447,1.18521199024456
frame_449,0,170,2,1,False,False,True,2.224042,True,True,[],[   -0.37179   -0.028123     0.92789],66.63492340920156,-174.89445192294153,0.28448660307246143,0.2850489158285332,0.2828680971518994,33.5,4.995108417146682,14.910771394467707,0.9850149380729387
frame_449,0,85,1,1,True,False,True,2.7815802,,False,[],,,,,,,33.5,,,
frame_450,0,255,3,1,False,False,True,1.3711785,True,True,[],[   -0.30291    0.092768     0.94849],-40.53099574761956,119.42576114218923,1.4996082175209386,0.18390584724855963,0.1815743576698844,33.5,15.10941527514404,45.10273216460907,1.1883207277474714
frame_450,0,170,2,1,False,False,True,2.222864,True,True,[],[   -0.40384   -0.022088     0.91457],64.64609173980027,-178.44911435897683,0.2806620460575069,0.28045032448223217,0.28229886155507405,33.5,5.454967551776785,16.283485229184432,0.9804728395877543
frame_450,0,85,1,1,True,False,True,2.8628144,,False,[],,,,,,,33.5,,,
frame_451,0,255,3,1,False,False,True,1.3282243,True,True,[],[   -0.29585    0.090231     0.95096],41.99312420813161,-59.186711941851456,1.8456438843755762,0.17848682238636326,0.1757614671015868,33.5,15.651317761363675,46.72035152645873,1.1894103864723622
frame_451,0,170,2,1,False,False,True,2.1817448,True,True,[],[   -0.36416    -0.03423     0.93071],68.49843954891318,-174.39531336171117,0.2791770461470703,0.27927469003399374,0.27855176880788823,33.5,5.572530996600627,16.634420885375008,0.9972270834135493
frame_451,0,85,1,1,True,False,True,2.8325346,,False,[],,,,,,,33.5,,,
frame_452,0,255,3,1,False,False,True,1.4060801,True,True,[],[   -0.28779    0.068832     0.95522],-37.73216117505096,118.93568680935236,1.5218496702968858,0.17749640751691442,0.17814786049691989,33.5,15.750359248308559,47.01599775614495,1.1906443167845693
frame_452,0,170,2,1,False,False,True,2.3338835,True,True,[],[   -0.41429  -0.0096446     0.91009],58.26591782730044,176.39299693280606,0.2806973460499268,0.20721574329321668,0.20483289760072043,33.5,12.778425670678335,38.14455424083085,0.9665603073479617
frame_452,0,85,1,1,True,False,True,2.8468966,,False,[],,,,,,,33.5,,,
frame_453,0,255,3,1,False,False,True,1.4696776,True,True,[],[   -0.28994    0.047024     0.95589],-40.06785887634576,116.885412854421,1.9519087924004779,0.18043170130467046,0.1804613963718068,33.5,15.456829869532957,46.13979065532226,1.1897036511379289
frame_453,0,170,2,1,False,False,True,2.3064067,True,True,[],[   -0.29211   0.0058904     0.95637],66.39647457140045,-179.9836493750323,0.2863208469477597,0.2809859903692834,0.2838222819702043,33.5,5.401400963071662,16.12358496439302,0.9876169585053525
frame_453,0,85,1,1,True,False,True,2.807823,,False,[],,,,,,,33.5,,,
frame_454,0,255,3,1,False,False,True,1.4034501,True,True,[],[   -0.27795    0.037775     0.95985],41.36588022885488,-60.38137611624274,1.8600373385064897,0.17821267751090308,0.17707079144421847,33.5,15.678732248909693,46.802185817640876,1.19158651326832
frame_454,0,170,2,1,False,False,True,2.2812688,True,True,[],[   -0.30587   0.0040973     0.95206],66.4017617177157,-179.35800925364396,0.4809685832982843,0.2783189131738478,0.2812688366805419,33.5,5.66810868261522,16.919727410791698,0.9885348649260977
frame_454,0,85,1,1,True,False,True,3.0374672,,False,[],,,,,,,33.5,,,
frame_455,0,255,3,1,False,False,True,1.329893,True,True,[],[    -0.3089    0.076443     0.94802],43.24326378739143,-58.91201166264263,1.6067229681700526,0.1779637831449089,0.177010711593654,33.5,15.70362168550911,46.87648264331078,1.1914235153912447
frame_455,0,170,2,1,False,False,True,2.3764668,True,True,[],[   -0.39572   0.0025438     0.91837],61.03628740113865,174.34227125942252,0.2772128547427358,0.2267243417680882,0.21675581696697366,33.5,10.827565823191183,32.32109200952592,0.9704033313503604
frame_455,0,85,1,1,True,False,True,3.0626945,,False,[],,,,,,,33.5,,,
frame_456,0,255,3,1,False,False,True,1.483668,True,True,[],[   -0.28763    0.039134     0.95694],-37.6981533604938,115.22276896305794,1.7502325216455827,0.1774216651209362,0.17797521734958377,33.5,15.757833487906382,47.03830891912353,1.1898214894026484
frame_456,0,170,2,1,False,False,True,2.3617928,True,True,[],[   -0.40311   -0.017583     0.91498],58.46027182241839,176.77766223140446,0.2794181111133579,0.2757487904012542,0.27913481337391166,33.5,5.92512095987458,17.686928238431584,0.9685919355427803
frame_456,0,85,1,1,True,False,True,2.949732,,False,[],,,,,,,33.5,,,
frame_457,0,255,3,1,False,False,True,1.4450278,True,True,[],[   -0.28889    0.067654     0.95497],-40.795330375665095,118.85407432600844,1.5949998607505325,0.17580514678545334,0.17522652785792608,33.5,15.919485321454669,47.52085170583483,1.1939737178498104
frame_457,0,170,2,1,False,False,True,2.225662,True,True,[],[   -0.11982    0.020979     0.99257],62.353900309319215,172.4160819196711,1.8312904339751883,0.2276874744757379,0.22995198670391007,33.5,10.731252552426213,32.03358970873496,0.9728755576474784
frame_457,0,85,1,1,True,False,True,3.0415657,,False,[],,,,,,,33.5,,,
frame_458,0,255,3,1,False,False,True,1.3876525,True,True,[],[   -0.30592      0.0905     0.94774],44.57416447530795,-60.597709347271426,1.536514673484443,0.17815925104239594,0.1758394208556985,33.5,15.684074895760409,46.81813401719525,1.1948344027901487
frame_458,0,170,2,1,False,False,True,2.2769191,True,True,[],[  -0.042334   0.0031572      0.9991],57.892684685119484,171.56164683800654,2.204062863265947,0.20921143172832846,0.2076224274067898,33.5,12.578856827167156,37.54882634975271,0.968319815277392
frame_458,0,85,1,1,True,False,True,3.1191354,,False,[],,,,,,,33.5,,,
frame_459,0,255,3,1,False,False,True,1.50423,True,True,[],[   -0.29009    0.045359     0.95593],-38.76396458491087,115.02729202223001,1.565525436290404,0.1810972086896166,0.17797542612854175,33.5,15.390279131038342,45.94113173444281,1.1954789173225673
frame_459,0,170,2,1,False,False,True,2.2520201,True,True,[],[   -0.26772   0.0056359     0.96348],65.21954938342435,177.86568711356185,0.8527492280203369,0.23584817745829567,0.23952623550003116,33.5,9.915182254170436,29.597558967672942,0.973612341937381
frame_459,0,85,1,1,True,False,True,3.188888,,False,[],,,,,,,33.5,,,
frame_460,0,255,3,1,False,False,True,1.4505326,True,True,[],[    -0.3003    0.077536     0.95069],-41.4644142047347,116.32958231011203,1.5297792951621485,0.17926045882432062,0.17547184524741277,33.5,15.57395411756794,46.48941527632221,1.2013346235937592
frame_460,0,170,2,1,False,False,True,2.1917257,True,True,[],[   -0.14641   -0.010199     0.98917],62.025148756076355,-169.88043597340842,1.6953958889968588,0.23963584617419165,0.23114029976309908,33.5,9.536415382580838,28.466911589793547,0.9639615127018519
frame_460,0,85,1,1,True,False,True,3.3703647,,False,[],,,,,,,33.5,,,
frame_461,0,255,3,1,False,False,True,1.3719288,True,True,[],[   -0.28736    0.049442     0.95655],45.55097538992208,-61.40207623264031,1.5022415528516329,0.17723095602779804,0.17534716685839175,33.5,15.776904397220198,47.09523700662746,1.203915943008093
frame_461,0,170,2,1,False,False,True,2.0703,True,True,[],[   -0.32256    0.017921     0.94638],57.51165252650106,176.3313854636364,0.6381713178593018,0.1908534104440186,0.1948674990471016,33.5,14.414658955598142,43.028832703278034,0.9584433953526388
frame_461,0,85,1,1,True,False,True,3.4463706,,False,[],,,,,,,33.5,,,
frame_462,0,255,3,1,False,False,True,1.5785619,True,True,[],[    -0.2925    0.049414     0.95499],-37.210676026464924,112.3763654831432,1.5135184820727756,0.18030429442065787,0.17972129826786543,33.5,15.469570557934215,46.177822560997654,1.2029390194291927
frame_462,0,170,2,1,False,False,True,2.0004349,True,True,[],[   0.026507    -0.02202     0.99941],63.72150673367052,-179.06737095899183,1.5792926124984632,0.21023284293448008,0.21174786738378937,33.5,12.476715706551994,37.24392748224476,0.9664094042151337
frame_462,0,85,1,1,True,False,True,3.1336067,,False,[],,,,,,,33.5,,,
frame_463,0,255,3,1,False,False,True,1.4938586,True,True,[],[   -0.28875    0.047922      0.9562],43.19466464969043,-63.517396755235055,1.5023864066859383,0.17422380912806001,0.17266855410710166,33.5,16.077619087194,47.99289279759403,1.2046289022654704
frame_463,0,170,2,1,False,False,True,1.8164213,True,True,[],[  -0.089737   -0.018372      0.9958],67.41357554950778,-171.43954353183253,2.0142267193115115,0.311564612132067,0.22699875689505666,33.5,2.343538786793303,6.995638169532247,0.9784576319015067
frame_463,0,85,1,1,True,False,True,3.1171587,,False,[],,,,,,,33.5,,,
frame_464,0,255,3,1,False,False,True,1.4675108,True,True,[],[    -0.2958    0.072694     0.95248],43.60180896609786,-62.85977742293721,1.5808535087144473,0.17694863920592963,0.17562337240634257,33.5,15.80513607940704,47.17951068479713,1.2071870083230278
frame_464,0,170,2,1,False,False,True,1.9243606,True,True,[],[   -0.14718    0.022783     0.98885],57.44774596943887,175.34829026455023,1.3700961318744929,0.19806112534497256,0.2007502842392431,33.5,13.693887465502746,40.87727601642611,0.9586635678505978
frame_464,0,85,1,1,True,False,True,3.281333,,False,[],,,,,,,33.5,,,
frame_465,0,255,3,1,False,False,True,1.5778877,True,True,[],[   -0.29189    0.050643     0.95511],-40.3407035457239,112.48786814886232,1.4991196543567125,0.18000290848096023,0.1818125027752761,33.5,15.499709151903978,46.2677885131462,1.2071700480971674
frame_465,0,170,2,1,False,False,True,1.8384337,True,True,[],[  -0.098481   -0.006876     0.99512],61.89474282038289,-167.03426263627148,2.0978797575808388,0.17003255425647135,0.16890416976102923,33.5,16.496744574352867,49.24401365478468,0.943065696650229
frame_465,0,85,1,1,True,False,True,3.3388448,,False,[],,,,,,,33.5,,,
frame_466,0,255,3,1,False,False,True,1.5604697,True,True,[],[     -0.293    0.038775     0.95533],42.74932718298973,-65.31340717288987,1.5042122164410754,0.1751371653004664,0.17541404925969167,33.5,15.98628346995336,47.72024916403988,1.207988366953686
frame_466,0,170,2,1,False,False,True,1.8022988,True,True,[],[  -0.038103   0.0058137     0.99926],55.804444377449016,179.06204286102223,2.190141930196882,0.16360100993136406,0.1597605361853999,33.5,17.139899006863597,51.163877632428644,0.9523814204177872
frame_466,0,85,1,1,True,False,True,3.2482803,,False,[],,,,,,,33.5,,,
frame_467,0,255,3,1,False,False,True,1.5651419,True,True,[],[    -0.2923    0.043538     0.95533],43.69688661713747,-66.4796193316845,1.514901924629638,0.17716295847124996,0.17690881268351383,33.5,15.783704152875005,47.11553478470151,1.2101275689166728
frame_467,0,170,2,1,False,False,True,1.8391594,True,True,[],[  -0.092058   0.0096584     0.99571],58.23648085470288,176.72843794943415,1.8398157308342196,0.19674510909902299,0.19874752248330801,33.5,13.825489090097703,41.27011668685881,0.9530681393041817
frame_467,0,85,1,1,True,False,True,3.3878224,,False,[],,,,,,,33.5,,,
frame_468,0,255,3,1,False,False,True,1.547824,True,True,[],[   -0.28835    0.045839     0.95643],42.305143015906424,-65.4359863360758,1.4917441351218976,0.17551397097819943,0.17421668596679185,33.5,15.94860290218006,47.60776985725391,1.2101311214794095
frame_468,0,170,2,1,False,False,True,1.8540846,True,True,[],[  -0.081059   -0.010862     0.99665],64.87038893019411,-177.27545712697489,2.202173472719114,0.21689177610373567,0.2170731563894932,33.5,11.810822389626436,35.25618623769085,0.9580928072107762
frame_468,0,85,1,1,True,False,True,3.4769557,,False,[],,,,,,,33.5,,,
frame_469,0,255,3,1,False,False,True,1.6165229,True,True,[],[   -0.28647    0.042293     0.95715],-42.20948320603314,111.05392762611145,1.5054495587395962,0.1909152411037448,0.17998968519356595,33.5,14.408475889625521,43.01037578992693,1.2129047492034306
frame_469,0,170,2,1,False,False,True,1.7754959,True,True,[],[  -0.075377    0.008231     0.99712],60.58729856027306,-176.7128358863392,1.7585527384732669,0.1988511644666111,0.18043273084363376,33.5,13.614883553338892,40.64144344280266,0.9576668934999266
frame_469,0,85,1,1,True,False,True,3.4384663,,False,[],,,,,,,33.5,,,
frame_470,0,255,3,1,False,False,True,1.5494463,True,True,[],[   -0.29799    0.052709     0.95311],43.975392516279975,-65.84154215682152,1.7408091484406776,0.17486662908503803,0.17558143843954604,33.5,16.0133370914962,47.80100624327224,1.2152969147947719
frame_470,0,170,2,1,False,False,True,1.7890528,True,True,[],[   -0.10502  -0.0062276     0.99445],56.323423300834214,179.0734090642356,1.360411362513761,0.18548496729428987,0.17094060833953345,33.5,14.951503270571015,44.63135304648064,0.9543893358451084
frame_470,0,85,1,1,True,False,True,3.6240523,,False,[],,,,,,,33.5,,,
frame_471,0,255,3,1,False,False,True,1.5358844,True,True,[],[    -0.2969    0.074325     0.95201],45.30930585461924,-65.83738133752598,1.6107236715203688,0.17596052332452772,0.17526170792348175,33.5,15.90394766754723,47.47447064939472,1.2167309206839272
frame_471,0,170,2,1,False,False,True,1.8982196,True,True,[],[  -0.044449   -0.001894     0.99901],51.77081836566095,176.82953227157577,2.1149227961172157,0.17381887893256454,0.13992776541818447,33.5,16.11811210674355,48.11376748281656,0.9517830288455513
frame_471,0,85,1,1,True,False,True,3.4928207,,False,[],,,,,,,33.5,,,
frame_472,0,255,3,1,False,False,True,1.6911465,True,True,[],[   -0.28891    0.028028     0.95695],-42.10510213232379,108.54845275685634,1.4877265294382753,0.17820923862586935,0.17645616513989887,33.5,15.679076137413068,46.80321235048677,1.21918052994517
frame_472,0,170,2,1,False,False,True,1.8772435,True,True,[],[  -0.045109    0.035994     0.99833],51.11763203681796,178.03799476590876,1.1920104862438017,0.13275500942850793,0.1341659771346968,33.5,20.22449905714921,60.3716389765648,0.9523682354759144
frame_472,0,85,1,1,True,False,True,3.4624212,,False,[],,,,,,,33.5,,,
frame_473,0,255,3,1,False,False,True,1.5944469,True,True,[],[   -0.28847    0.046263     0.95637],47.529228716937894,-66.49189813532179,1.5304847168193312,0.17522721248505957,0.17566370147131555,33.5,15.977278751494046,47.69336940744491,1.2201611301108488
frame_473,0,170,2,1,False,False,True,1.7791443,True,True,[],[   -0.04411    0.014932     0.99892],51.10602391238955,172.5139693124076,2.0770203026395775,0.1525044261560684,0.13447638869220985,33.5,18.24955738439316,54.47629069968107,0.9523598490630841
frame_473,0,85,1,1,True,False,True,3.670471,,False,[],,,,,,,33.5,,,
frame_474,0,255,3,1,False,False,True,1.6885636,True,True,[],[   -0.29759    0.062845     0.95262],-41.67209313016596,110.41591967192541,1.5082963809379866,0.18021235657769996,0.1788235642556189,33.5,15.478764342230006,46.2052666932239,1.221803233139497
frame_474,0,170,2,1,False,False,True,1.7604192,True,True,[],[  -0.039623    0.012109     0.99914],53.336186633214105,178.05326041219266,1.7131124455775915,0.1440060938773663,0.13199489811204723,33.5,19.099390612263374,57.013106305263804,0.9535783469360206
frame_474,0,85,1,1,True,False,True,3.70731,,False,[],,,,,,,33.5,,,
frame_475,0,255,3,1,False,False,True,1.7029331,True,True,[],[   -0.29357    0.061381     0.95396],45.086491959091276,-70.40591931148901,1.4854072161661425,0.1733273087295485,0.17557580352294988,33.5,16.167269127045152,48.2605048568512,1.2227478093929118
frame_475,0,170,2,0,False,False,True,1.6938058,True,True,[],[  -0.061106   0.0025514     0.99813],57.53762674678193,-179.71472055441586,1.8383412018977285,0.14797520510736728,0.15344352193506264,33.5,18.702479489263276,55.82829698287545,0.9564107022156766
frame_475,0,85,1,1,True,False,True,3.833766,,False,[],,,,,,,33.5,,,
frame_476,0,255,3,1,False,False,True,1.7036523,True,True,[],[   -0.28842    0.042519     0.95656],44.997157950306715,-69.41255571228439,1.5081073425927316,0.1766406529490716,0.1782488157627124,33.5,15.835934705092841,47.27144688087415,1.2274244439294018
frame_476,0,170,2,1,False,False,True,1.7331239,True,True,[],[    -0.0766    0.054483     0.99557],57.16177316889684,162.72128704298535,1.4365549634241415,0.1612924330758615,0.1318168732896329,33.5,17.370756692413853,51.85300505198165,0.9567300470996665
frame_476,0,85,1,1,True,False,True,3.7768,,False,[],,,,,,,33.5,,,
frame_477,0,255,3,1,False,False,True,1.7408187,True,True,[],[   -0.29396    0.042389     0.95488],45.10362589183637,-71.01895749504092,1.596725527458924,0.17240979997294592,0.175821944617388,33.5,16.25902000270541,48.53438806777734,1.2269278953989364
frame_477,0,170,2,1,False,False,True,1.752936,True,True,[],[   -0.54047    0.084353     0.83712],50.88061339742869,172.7784398394038,0.2298215861968692,0.12576005139084367,0.1235737092089015,33.5,20.923994860915634,62.45968615198697,0.9506756911048834
frame_477,0,85,1,1,True,False,True,3.9196267,,False,[],,,,,,,33.5,,,
frame_478,0,255,3,1,False,False,True,1.7186798,True,True,[],[   -0.29254    0.049473     0.95497],45.54766019008156,-69.33845827971918,1.5280296526972414,0.17686255032450737,0.17951245683199427,33.5,15.813744967549265,47.205208858356016,1.226504089040506
frame_478,0,170,2,1,False,False,True,1.6611942,True,True,[],[  0.0018797    0.017091     0.99985],53.605289305503845,-172.23231163212634,2.0490153540838314,0.14215211145346518,0.14709471058597384,33.5,19.284788854653485,57.56653389448802,0.9505317392633047
frame_478,0,85,1,1,True,False,True,3.9234924,,False,[],,,,,,,33.5,,,
frame_479,0,255,3,1,False,False,True,1.7739927,True,True,[],[   -0.29585    0.047873     0.95404],43.861097253272604,-72.15810956029229,1.4828153655728835,0.17363329767501934,0.17580303470985356,33.5,16.13667023249807,48.169164873128565,1.2267591437670409
frame_479,0,170,2,1,False,False,True,1.6266586,True,True,[],[   -0.11635    0.047067     0.99209],56.07342575649046,166.2009532985609,1.4085648224942298,0.1512942319241134,0.128726265151631,33.5,18.370576807588662,54.83754270921989,0.9542442690981091
frame_479,0,85,1,1,True,False,True,3.804918,,False,[],,,,,,,33.5,,,
frame_480,0,255,3,1,False,False,True,1.7965631,True,True,[],[   -0.30217    0.050239     0.95193],-43.38869860204741,108.07057423471504,1.5992899566851888,0.1703260596686894,0.17272876490136385,33.5,16.46739403313106,49.156400098898686,1.2276416156412095
frame_480,0,170,2,1,False,False,True,1.6259041,True,True,[],[  -0.042779     0.01405     0.99899],56.95100868688326,-177.358416516515,1.8141003063415262,0.14059160181125707,0.1424841550726132,33.5,19.440839818874295,58.03235766828148,0.9508938140258925
frame_480,0,85,1,1,True,False,True,3.9258103,,False,[],,,,,,,33.5,,,
frame_481,0,255,3,1,False,False,True,1.7506568,True,True,[],[   -0.29504    0.050939     0.95412],44.9699003681368,-71.0796581069666,1.4940223394397836,0.17105528327166786,0.17443416319220947,33.5,16.394471672833216,48.93872141144244,1.2275503360795115
frame_481,0,170,2,1,False,False,True,1.5759662,True,True,[],[  -0.037985  0.00066788     0.99928],61.81317632369337,167.4515655802001,1.8668436607083603,0.17033896049374975,0.1603219602512969,33.5,16.466103950625026,49.152549106343365,0.9582525394125009
frame_481,0,85,1,1,True,False,True,4.0595922,,False,[],,,,,,,33.5,,,
frame_482,0,255,3,1,False,False,True,1.8220946,True,True,[],[   -0.29184     0.04424     0.95544],45.74511739831657,-73.58619465727874,1.53741325862471,0.17158300810264848,0.173839314727408,33.5,16.341699189735152,48.78119161114971,1.2295854075534924
frame_482,0,127,1,1,True,False,True,4.1091986,,False,[],,,,,,,33.5,,,
frame_483,0,255,2,1,False,False,True,1.6488013,True,True,[],[  -0.057256   0.0094511     0.99831],56.331187984345725,-179.374755342804,2.107092204953771,0.1497160937692994,0.131125689697179,33.5,18.528390623070063,55.308628725582274,0.954744805675142
frame_483,0,170,3,1,False,False,True,1.8667128,True,True,[],[   -0.30149    0.060599     0.95154],44.10414012645701,-73.52517168082326,1.567299572992659,0.1681264974243145,0.16907573037070256,33.5,16.68735025756855,49.812985843488214,1.2325975938466351
frame_483,0,85,1,1,True,False,True,4.0253005,,False,[],,,,,,,33.5,,,
frame_484,0,255,2,1,False,False,True,1.3858838,True,True,[],[  -0.036124    0.020695     0.99913],49.97760643588595,-172.9372126990734,2.0422020324397585,0.13587184039493372,0.10973288416214289,33.5,19.91281596050663,59.441241673154124,0.9492701205305767
frame_484,0,170,3,1,False,False,True,1.7437677,True,True,[],[   -0.30468     0.06312     0.95036],43.95697031477181,-71.28747604597268,1.5918878180375557,0.1686541398331456,0.17454190298066702,33.5,16.634586016685443,49.65548064682222,1.2334038659652569
frame_484,0,85,1,1,True,False,True,3.9154541,,False,[],,,,,,,33.5,,,
