frame_id,class_name,object_id,track_id,is_3D_complete,in_image_borders,does_overlap,is_front_fish,aspect_ratio,pointcloud_size_ok,fish_3d_ok,overlapping_fish_ids,fish_direction,elevation_deg,azimuth_deg,raw_length,filtered_length,spine_length,gt,abs_error_cm,rel_error_%,fish_dist_from_camera
frame_0,0,255,1,1,False,False,True,2.967079244349899,True,True,[],[   -0.34175      0.3094      0.8874],-14.6498024033201,-40.44475410948999,1.3198034433606185,0.3201485643332256,0.3260908582335277,33.5,1.4851435666774435,4.433264378141623,1.9752984010880292
frame_1,0,255,1,1,False,False,True,2.9419281444709657,True,True,[],[   -0.31808      0.2852     0.90415],-10.509612665806683,-40.76235975856053,1.3224335093025947,0.3025368356672311,0.3082833194531457,33.5,3.246316433276891,9.690496815751914,1.979687848402348
frame_2,0,255,1,1,False,False,True,2.9565591160671167,True,True,[],[   -0.32584     0.29742     0.89743],-6.9699081912733725,-41.32834745564876,1.2851273377025094,0.2973324284592424,0.3042933343013261,33.5,3.766757154075756,11.244051206196286,1.9795723953735795
frame_3,0,255,1,1,False,False,True,2.9787944927395356,True,True,[],[   -0.33518     0.30216     0.89239],-25.926042184175028,-43.16866391577293,1.224421363830923,0.7562248217960412,0.4055701221641133,33.5,42.12248217960412,125.73875277493768,1.995785527259666
frame_4,0,255,1,1,False,False,True,2.9593471508901565,True,True,[],[    -0.3317     0.29104     0.89737],-8.965571064669685,-39.60816448844185,1.2776020312350138,0.2938055906818941,0.3007611746724912,33.5,4.119440931810586,12.29683860241966,1.9866106246780693
frame_5,0,255,1,1,False,False,True,3.023464648867995,True,True,[],[   -0.32611     0.28981     0.89981],-9.241059801573916,-38.77869239615721,1.3170415648242877,0.305045336945587,0.3094111214983241,33.5,2.995466305441302,8.941690464003885,1.9845219055632168
frame_6,0,255,1,1,False,False,True,3.066072966316497,True,True,[],[   -0.36731     0.31261     0.87599],-13.260242165803882,-38.3712929454594,1.3017441185196397,0.3007752644826861,0.3049822300542955,33.5,3.422473551731392,10.216338960392216,1.9819590376028071
frame_7,0,255,1,1,False,False,True,3.0345453714313892,True,True,[],[   -0.38269     0.31032      0.8702],-10.2043137715015,-38.58395372880628,1.2522077473348308,0.306275607282954,0.3123897877197995,33.5,2.872439271704602,8.574445587177916,1.982493188297095
frame_8,0,255,1,1,False,False,True,3.0068471983734093,True,True,[],[   -0.39875     0.33174     0.85495],-10.034512004539373,-39.44688520115721,1.347674399820605,0.3094017307404645,0.3208396124754038,33.5,2.5598269259535518,7.641274405831496,1.981305675188295
frame_9,0,255,1,1,False,False,True,2.9789472642825796,True,True,[],[   -0.38351     0.32617     0.86403],-11.866396937703696,-39.968625123865785,1.3597192960041045,0.3086616711239404,0.3141859170236828,33.5,2.633832887605964,7.862187724196906,1.985925817352207
frame_10,0,255,1,1,False,False,True,2.9872364750253193,True,True,[],[   -0.36302     0.33256     0.87041],-8.044342404896396,-40.420251575353866,1.3027826664909865,0.3062227317876891,0.3150343656745371,33.5,2.877726821231091,8.590229317107735,1.9790610385288072
frame_11,0,255,1,1,False,False,True,3.027932649645334,True,True,[],[   -0.37269     0.31937     0.87127],-10.8725659905947,-39.95981516826699,1.3387248497205575,0.3155036193630585,0.3238798481416807,33.5,1.9496380636941533,5.819815115504936,1.975031794736665
frame_12,0,255,1,1,False,False,True,3.131502239350112,True,True,[],[   -0.38595     0.33646     0.85898],-4.022922264451,-40.31045229286086,1.1446366447429075,0.2956822218848453,0.3053404316480146,33.5,3.9317778115154742,11.736650183628283,1.9768092980590413
frame_13,0,255,1,1,False,False,True,3.090985852401571,True,True,[],[   -0.36471     0.32576     0.87228],-6.582864758949671,-39.1042726096117,1.2986105175032725,0.3124305300431269,0.3177431476069896,33.5,2.2569469956873087,6.737155211006892,1.973820076214433
frame_14,0,255,1,1,False,False,True,3.1055219437123105,True,True,[],[   -0.37187     0.32327     0.87018],-6.096494061795487,-38.721347568967225,1.314847981018994,0.3153189422801835,0.3174103112020889,33.5,1.9681057719816488,5.874942602930294,1.97258593833172
frame_15,0,255,1,1,False,False,True,3.1336099285692667,True,True,[],[   -0.35023     0.30578     0.88535],-5.568105611972658,-37.58367334764455,1.3749824388980068,0.3132453914256251,0.3218516591190757,33.5,2.175460857437489,6.4939130072760864,1.9736724009498257
frame_16,0,255,1,1,False,False,True,3.134380646157872,True,True,[],[   -0.35186     0.29849     0.88719],-7.42125335425118,-37.801218683723086,1.3383915470897791,0.3352967767608482,0.3346749550981631,33.5,0.0296776760848216,0.0885900778651392,1.972736761087771
frame_17,0,255,1,1,False,False,True,3.0972969042751624,True,True,[],[   -0.37115     0.32722     0.86901],-5.3837905043392285,-37.61567254724719,1.3323300787871497,0.3104118209212296,0.3133557264527806,33.5,2.4588179078770365,7.339754948886676,1.9719675093014783
frame_18,0,255,1,1,False,False,True,3.1021363007573344,True,True,[],[   -0.33732     0.30229     0.89154],-4.640553805503696,-38.31083436795742,1.3520256399073518,0.3092500141687225,0.3148286544516351,33.5,2.574998583127747,7.686562934709692,1.972096539498968
frame_19,0,255,1,1,False,False,True,3.0742240078562104,True,True,[],[   -0.32111     0.30899     0.89522],-6.629585905761926,-38.89676830641668,1.3488411915145535,0.3099398850385988,0.3219872325992586,33.5,2.50601149614012,7.480631331761553,1.9679036267605223
frame_20,0,255,1,1,False,False,True,3.1401844707592557,True,True,[],[   -0.31225     0.31376     0.89669],-7.492997570855575,-39.128160583331535,1.29942481291364,0.3155392666058071,0.3174699406779054,33.5,1.9460733394192908,5.809174147520271,1.963410979182787
frame_21,0,255,1,1,False,False,True,3.0671884969956404,True,True,[],[   -0.31039     0.30929     0.89889],-2.50299002282694,-38.71282154590282,1.3134091465229505,0.3007488248154712,0.3115084320537357,33.5,3.4251175184528746,10.22423139836679,1.9722744315040088
frame_22,0,255,1,1,False,False,True,3.0271327521756435,True,True,[],[    -0.3515     0.31317     0.88225],-5.060014146467327,-38.77098947598346,1.2356679421659391,0.3052806125596068,0.3150284935175317,33.5,2.971938744039321,8.871458937430807,1.9679679227550564
frame_23,0,255,1,1,False,False,True,3.026652303572244,True,True,[],[    -0.3099     0.29177     0.90489],-5.991850586253563,-38.357522838150565,1.3158004854455967,0.3133779990644839,0.3123302772793213,33.5,2.1622000935516086,6.454328637467488,1.9692423270589745
frame_24,0,255,1,1,False,False,True,3.012379466770286,True,True,[],[   -0.31194     0.29067     0.90455],52.56588497077295,143.10555727161736,1.3143159079897078,0.9796164899433268,0.9809703025646612,33.5,64.46164899433269,192.42283281890357,1.9918344107806327
frame_25,0,255,1,1,False,False,True,3.043465963768929,True,True,[],[   -0.30987     0.27887     0.90896],-6.801052651860512,-38.48713780335535,1.3254864837964022,0.2962789540215893,0.305198465615065,33.5,3.872104597841069,11.55852118758528,1.9687804322554725
frame_26,0,255,1,1,False,False,True,2.9873141486107158,True,True,[],[   -0.31484     0.28894      0.9041],-10.584163043659505,-38.841055914477856,1.3942105553528208,0.3237388689252862,0.3290425494912951,33.5,1.126113107471377,3.361531664093663,1.9661798539610813
frame_27,0,255,1,1,False,False,True,2.956680756760193,True,True,[],[   -0.31876     0.30211      0.8984],-11.25757073284758,-39.240025818854136,1.3665975273489224,0.3151091580019556,0.3226094447914583,33.5,1.9890841998044415,5.937564775535646,1.9711835783488336
frame_28,0,255,1,1,False,False,True,2.9688218445753956,True,True,[],[   -0.31838     0.28943      0.9027],-8.224374546593635,-39.48173601746161,1.3876428363109663,0.3000681821648602,0.3011814710876354,33.5,3.4931817835139825,10.42740830899696,1.9749721144248356
frame_29,0,255,3,1,False,False,True,3.152252806845503,True,True,[],[   -0.40414    0.017248     0.91453],-7.062062720724779,-14.24665622342597,0.8876790421714087,0.2390528908107517,0.2608572904827053,33.5,9.594710918924823,28.64092811619351,1.414023598316575
frame_29,0,127,1,1,False,False,True,2.8988731766634257,True,True,[],[   -0.34112     0.31304     0.88637],-11.725479519785065,-39.30464542885428,1.34820162279899,0.3072488132191017,0.3124226021436606,33.5,2.775118678089833,8.283936352506965,1.9749771458435392
frame_30,0,255,3,1,False,False,True,3.000000097684821,True,True,[],[   -0.39565   0.0046179     0.91839],-5.89741964337465,-14.483928166269322,0.8979021423931344,0.2458354934755826,0.268614288731832,33.5,8.916450652441737,26.616270604303693,1.414485243710772
frame_30,0,127,1,1,False,False,True,2.845907221961859,True,True,[],[   -0.35438     0.32318     0.87748],-10.752563968761743,-40.07181641123154,1.3342159376902518,0.3090773508219789,0.3076643632401225,33.5,2.5922649178021064,7.738104232245094,1.974548312467045
frame_31,0,255,3,1,False,False,True,3.0520549265144443,True,True,[],[   -0.43904    0.030357     0.89795],-9.447897497268434,-12.675993062117522,0.885778348795411,0.2605374351395383,0.2793698588675321,33.5,7.446256486046171,22.227631301630364,1.4165198524293607
frame_31,0,127,1,1,False,False,True,2.874926174791183,True,True,[],[   -0.34054     0.29792     0.89178],-13.72819315255184,-40.12889077460025,1.3425359845136131,0.3074173196615257,0.3165765728920436,33.5,2.7582680338474272,8.233635921932619,1.975353087529627
frame_32,0,255,3,1,False,False,True,3.065242071982728,True,True,[],[   -0.43956    0.030909     0.89768],-9.133315268329085,-12.403810631386406,0.9251112702812588,0.2515208252762957,0.2641936630222643,33.5,8.347917472370431,24.919156633941583,1.4138283519235544
frame_32,0,127,1,1,False,False,True,2.874926174791183,True,True,[],[   -0.35492     0.32411     0.87692],-13.47525383143408,-39.75530257553753,1.3345350796932742,0.3002320599042202,0.3078130967668046,33.5,3.476794009577983,10.3784895808298,1.980482517170305
frame_33,0,255,3,1,False,False,True,3.072202583299791,True,True,[],[   -0.42101    0.033134     0.90645],-13.846011582921882,-12.004229620650609,1.495109792993796,0.2694097254637773,0.2873264958318413,33.5,6.5590274536222735,19.579186428723204,1.4157404030715697
frame_33,0,127,1,1,False,False,True,2.8807284493609195,True,True,[],[    -0.3672     0.32443     0.87173],-14.084152631355307,-39.65699574851728,1.2288943602861393,0.3081526756321778,0.313570454327211,33.5,2.684732436782217,8.01412667696184,1.9791081299995497
frame_34,0,255,3,1,False,False,True,2.9981376295168767,True,True,[],[   -0.50198    0.044015     0.86376],-15.35404400347144,-17.94889023542544,0.8421716862714643,0.2459348269792042,0.2600238455849251,33.5,8.90651730207958,26.586618812177853,1.4138132104419527
frame_34,0,127,1,1,False,False,True,2.883023001755175,True,True,[],[   -0.36356     0.31703     0.87596],-9.88782794893772,-39.50091422176024,1.3614547235516845,0.2932965668266427,0.3019970801899568,33.5,4.170343317335728,12.448786021897696,1.9792318941194773
frame_35,0,255,3,1,False,False,True,2.963949932867779,True,True,[],[   -0.47793    0.081183     0.87464],-16.52408257801259,-28.52736929114992,0.8600307125535465,0.2519790972888844,0.2668361568355119,33.5,8.302090271111556,24.78235901824345,1.4128474182394783
frame_35,0,127,1,1,False,False,True,2.87265082218916,True,True,[],[   -0.37417      0.3148     0.87229],-12.671022085597173,-39.19934781839869,1.3553738329286154,0.3049361750578877,0.3131409455071968,33.5,3.0063824942112296,8.974276102123072,1.9811001837022049
frame_36,0,255,3,1,False,False,True,3.1408819058370256,True,True,[],[   -0.48862      0.1635     0.85704],52.13700908704688,158.21441087800602,0.8786984965285234,0.8505660566306441,0.8230184480330899,33.5,51.55660566306442,153.90031541213258,1.4244841803004744
frame_36,0,127,1,1,False,False,True,2.8653266591606634,True,True,[],[   -0.35268       0.327     0.87675],-11.640005540615116,-40.18888630460192,1.2275873875512149,0.3019549938552325,0.3059716653206945,33.5,3.304500614476752,9.864180938736574,1.9808418185376249
frame_37,0,255,3,1,False,False,True,3.572588758994081,True,True,[],[   -0.43288     0.11615     0.89394],16.61460186365745,130.94503694469483,0.8949399840096082,0.2704157536008915,0.2779306679805045,33.5,6.458424639910848,19.278879522121933,1.412373140997639
frame_37,0,127,1,1,False,False,True,2.9612978130070937,True,True,[],[   -0.37688     0.32908     0.86583],-13.609024910912986,-40.155085941126366,1.2140054577943558,0.330133402188498,0.3254572655506699,33.5,0.4866597811501949,1.4527157646274476,1.9822260909871487
frame_38,0,255,3,1,False,False,True,3.6029173100976264,True,True,[],[   -0.56055     0.38759     0.73182],12.804881194821244,129.63895643535332,0.963031866372765,0.2704107488093064,0.2723055404784589,33.5,6.458925119069364,19.28037348975929,1.408911054938205
frame_38,0,127,1,1,False,False,True,3.005659601400468,True,True,[],[   -0.37232     0.33286     0.86636],-12.768616138304244,-39.467011989126526,1.296946753229889,0.3646598494228154,0.3400320499477383,33.5,2.965984942281535,8.853686394870254,1.9853991636549888
frame_39,0,255,3,1,False,False,True,3.6189852714118222,True,True,[],[   -0.51397     0.20623     0.83265],11.199625232509074,134.35620800643613,0.9778201969774024,0.2705115698167949,0.2690320751622166,33.5,6.448843018320511,19.250277666628392,1.4062104331690677
frame_39,0,127,1,1,False,False,True,3.0027993576488696,True,True,[],[    -0.3751     0.32909      0.8666],-10.750297157350234,-39.91823812985287,1.3272192131243985,0.3173881568358538,0.3172935523988372,33.5,1.7611843164146157,5.257266616163032,1.980270019029784
frame_40,0,255,3,1,False,False,True,4.022959111162502,True,True,[],[   -0.52237     0.15961     0.83765],-5.38309925236883,-41.03025606539476,0.9392160733058492,0.2629415219006226,0.2664929023206209,33.5,7.205847809937743,21.509993462500727,1.4044504639973123
frame_40,0,127,1,1,False,False,True,2.9701929943585372,True,True,[],[   -0.37271     0.32898     0.86767],-15.196938716245269,-39.760424139028586,1.408710699366449,0.3386344882081211,0.3385869219921867,33.5,0.3634488208121122,1.0849218531704845,1.982142661362043
frame_41,0,255,3,1,False,False,True,3.37658451554626,True,True,[],[   -0.47055    0.092835     0.87747],-4.162958410754282,-35.114435868567575,1.1977287560206835,0.2838392018083644,0.3110500516236544,33.5,5.11607981916356,15.271880057204656,1.4011505468014145
frame_41,0,127,1,1,False,False,True,3.0295480645453106,True,True,[],[   -0.33218     0.30732     0.89175],-10.895954801369436,-38.336301265625934,1.33607396812551,0.3159131813255197,0.3183484619409216,33.5,1.908681867448031,5.6975578132777045,1.985153277833714
frame_42,0,255,3,1,False,False,True,3.1104355603338414,True,True,[],,-2.330386921281246,-38.01611329950202,-1.0,0.2691100866907803,0.2913144205651981,33.5,6.588991330921967,19.66863083857304,1.4114542164058184
frame_42,0,127,1,1,False,False,True,2.9942097356471598,True,True,[],[   -0.31995     0.30564     0.89678],-7.096683132708424,-39.09513863883471,1.2781818409728882,0.3117961028488635,0.3177967492308126,33.5,2.3203897151136523,6.926536463025827,1.976281797019955
frame_43,0,255,3,1,False,False,True,2.93034086890015,True,True,[],[   -0.41445    0.073837     0.90707],-1.3277008263058854,-41.17997432618984,1.5972879083138352,0.2450192556014064,0.2654625073274164,33.5,8.998074439859364,26.85992370107273,1.4162254614904453
frame_43,0,127,1,1,False,False,True,3.0325995696332244,True,True,[],[   -0.33205      0.2967     0.89539],-9.577399336445604,-38.38297441718685,1.3683265902920725,0.3155477485876176,0.3227411938777136,33.5,1.945225141238244,5.806642212651473,1.9733845019099263
frame_44,0,255,3,1,False,False,True,2.951084941380352,True,True,[],,-6.607930578136281,-38.527459907919706,-1.0,0.2523533659391495,0.2751334256051747,33.5,8.264663406085054,24.670637033089715,1.4210463480613862
frame_44,0,127,1,1,False,False,True,2.8928286194225494,True,True,[],[   -0.34137     0.31046     0.88718],-14.121665290899386,-39.35855591716819,1.3250793431430092,0.3220687636966847,0.3303202265220001,33.5,1.293123630331533,3.8600705383030833,1.9840026621818545
frame_45,0,255,3,1,False,False,True,2.9316343236473426,True,True,[],[   -0.60976      0.3043     0.73184],-13.410975253364107,-35.37481511143487,1.19772714177733,0.2606019407183713,0.2824249651814322,33.5,7.4398059281628734,22.2083759049638,1.4258284277648423
frame_45,0,127,1,1,False,False,True,2.986245002988358,True,True,[],[   -0.33932     0.29119     0.89447],-6.610491677452698,-38.12129238091124,1.3690156616591247,0.2997785724783708,0.3104775951037543,33.5,3.522142752162921,10.51385896168036,1.973323143687586
frame_46,0,255,3,1,False,False,True,3.4669177227014627,True,True,[],[    -0.5283     0.17564     0.83069],-15.073643417128942,-21.445503544365053,1.621628818573551,0.2769603597883783,0.2887927415404502,33.5,5.803964021162172,17.325265734812454,1.4257579200408037
frame_46,0,127,1,1,False,False,True,3.0353668998190066,True,True,[],[   -0.31522     0.28547     0.90507],-7.960007141743733,-39.17381978550382,1.3418025638330235,0.3155105194750345,0.3195130002722174,33.5,1.948948052496552,5.817755380586722,1.9745181651070087
frame_47,0,255,3,1,False,False,True,3.4460989250917597,True,True,[],[   -0.56958     0.05796     0.81989],-12.00638798685818,-7.325025022886471,1.711546144033497,0.2582416449352387,0.26340701974549,33.5,7.67583550647613,22.91294181037651,1.418134337479673
frame_47,0,127,1,1,False,False,True,3.050884945130368,True,True,[],[   -0.30432     0.29053     0.90718],-6.249935010551211,-38.866239696773206,1.3079954509611866,0.3092483630654484,0.3109714212279871,33.5,2.575163693455157,7.687055801358678,1.9757968403142077
frame_48,0,255,3,1,False,False,True,3.4510752527241775,True,True,[],[   -0.60468    0.010375      0.7964],-14.928898792124247,-0.9416847975346988,1.591692917016299,0.2702979623658017,0.2721765987186971,33.5,6.470203763419829,19.314041084835317,1.4084238316238145
frame_48,0,127,1,1,False,False,True,2.998614400650716,True,True,[],[   -0.31936     0.29427     0.90079],-6.280639520156905,-39.18640731885201,1.301093382223071,0.3204252941208291,0.3047013557028815,33.5,1.4574705879170924,4.350658471394306,1.974539260992629
frame_49,0,255,3,1,False,False,True,3.218859155557798,True,True,[],[    0.75255    0.035311    -0.65758],-13.70006296907542,2.8206918495526563,1.109066257596945,0.2749228359408678,0.2859136406266891,33.5,6.007716405913216,17.93348180869617,1.4050122023394174
frame_49,0,127,1,1,False,False,True,3.0449866773062895,True,True,[],[   -0.32238     0.28999      0.9011],-11.450138588326087,-40.87927188607924,1.3926365473806976,0.3219786270312257,0.3149605987759902,33.5,1.3021372968774314,3.886977005604273,1.9665869245813647
frame_50,0,255,3,1,False,False,True,3.1559717054715306,True,True,[],[    0.91032    0.011832    -0.41374],-15.307901684046223,0.2371076118319197,0.7503874386310787,0.2810910211192773,0.2945554696601025,33.5,5.390897888072272,16.092232501708274,1.406506620889402
frame_50,0,127,1,1,False,False,True,2.9358650072698222,True,True,[],[    -0.3341     0.29668     0.89463],-9.163720972502611,-39.68288881077749,1.3513497153428553,0.2985692147296657,0.3084141331206224,33.5,3.643078527033433,10.874861274726666,1.968181904385291
frame_51,0,255,3,1,False,False,True,3.1471951364684183,True,True,[],[   -0.59928     0.05269     0.79881],-15.72101951701557,-7.527351683088646,1.6772815579961535,0.2807307922299132,0.2968483664959593,33.5,5.426920777008676,16.199763513458734,1.4068797620883922
frame_51,0,127,1,1,False,False,True,2.9546460960069676,True,True,[],[   -0.30766      0.2893     0.90645],-11.879731884137374,-39.46845029898309,1.355842330005678,0.2983520580213703,0.3062035655939897,33.5,3.664794197862969,10.93968417272528,1.9697927670386584
frame_52,0,255,3,1,False,False,True,2.952121870129056,True,True,[],[   -0.60639     0.16497     0.77786],-9.80272011144008,-20.849648697953267,1.3889788891007908,0.242985425934138,0.2600757419519838,33.5,9.201457406586194,27.46703703458565,1.4032013956962093
frame_52,0,127,1,1,False,False,True,2.936517157909725,True,True,[],[   -0.34627     0.30321     0.88778],-8.142281096019278,-39.492959303859095,1.4050141084285157,0.2938146186858553,0.2989582454323022,33.5,4.118538131414468,12.294143675864085,1.9687882224489852
frame_53,0,255,3,1,False,False,True,3.1472935748653197,True,True,[],[    0.71902    -0.30647    -0.62377],-11.26658497783204,-27.971472349911046,0.7469441454707,0.2510814864794796,0.2629460694890246,33.5,8.391851352052038,25.05030254343892,1.4052363981385858
frame_53,0,127,1,1,False,False,True,2.976702699153066,True,True,[],[   -0.37034     0.31499     0.87386],-12.453980537151386,-39.41299476265976,1.365923891813577,0.2947726943790046,0.3014737423580974,33.5,4.022730562099536,12.008150931640406,1.964860094983219
frame_54,0,255,3,1,False,False,True,3.254437599337119,True,True,[],[   -0.57387     0.31204     0.75717],-10.405286939840517,-36.62352750218198,1.4862709364251003,0.2589860483453829,0.2710015943620295,33.5,7.601395165461705,22.69073183719912,1.4024160146641031
frame_54,0,127,1,1,False,False,True,2.9905658301198415,True,True,[],[   -0.38258     0.31461     0.86871],-17.229387886161298,-37.890541219201424,1.3527302801286998,0.3266417337001115,0.3280929436450738,33.5,0.8358266299888506,2.49500486563836,1.967462786484262
frame_55,0,255,3,1,False,False,True,3.4384247993707677,True,True,[],[    0.71103     -0.6714    -0.20895],-11.710652013176428,-43.649980811918816,0.2814335682283247,0.2805582942311813,0.3012747590460661,33.5,5.444170576881874,16.251255453378725,1.402311593993132
frame_55,0,127,1,1,False,False,True,2.9347762439984684,True,True,[],[   -0.37172     0.30717     0.87606],-17.062288772038272,-39.19945606563648,1.362731485232497,0.3214199391243757,0.3226444826715947,33.5,1.35800608756243,4.053749515111731,1.967098161539407
frame_56,0,255,3,1,False,False,True,3.55489114222188,True,True,[],[   -0.67011     0.71666     0.19329],11.194023035342251,133.07987026764252,0.2823913989487834,0.282400970491697,0.2976480293834211,33.5,5.259902950830303,15.70120283829941,1.401760542810636
frame_56,0,127,1,1,False,False,True,3.0822785943288884,True,True,[],[   -0.40523     0.31782     0.85719],-14.933971819382146,-39.54042599502424,1.2018963030279848,0.295271382959421,0.3069396165546409,33.5,3.972861704057901,11.859288668829556,1.9670162367194672
frame_57,0,255,3,1,False,False,True,3.6172411903853345,True,True,[],[    0.69913    -0.68112    -0.21746],-10.46671776714055,-44.34227497877793,0.3008578779430165,0.2895642125855195,0.3044866061929402,33.5,4.543578741448052,13.56292161626284,1.3992435633181275
frame_57,0,127,1,1,False,False,True,2.9986507940378875,True,True,[],[   -0.37442     0.31469     0.87223],-13.12514105592373,-39.84808075554745,1.2945317384477235,0.2901491499298674,0.2959925691231684,33.5,4.485085007013262,13.38831345377093,1.9664105653355608
frame_58,0,255,3,1,False,False,True,3.655343358809154,True,True,[],,-6.550996306668414,-40.77499164211419,-1.0,0.2866443100299553,0.3076538269486385,33.5,4.835568997004475,14.434534319416342,1.3966162551438444
frame_58,0,127,1,1,False,False,True,3.04139810954121,True,True,[],[    -0.3963     0.32743     0.85775],-16.00504268030146,-41.84212416398232,1.2403285535569113,0.3128751918603609,0.3141536537935219,33.5,2.212480813963907,6.604420340190768,1.96939255339684
frame_59,0,255,3,1,False,False,True,3.612018818490989,True,True,[],[     0.8267    -0.55363    -0.10026],-5.694216334198588,-33.87730490689805,0.2854341725285903,0.2854478543749784,0.3089304706744931,33.5,4.955214562502158,14.791685261200474,1.394037745249863
frame_59,0,127,1,1,False,False,True,2.8961383323698424,True,True,[],[   -0.38419     0.33149     0.86169],-11.291249695552068,-40.74815857770996,1.1144729355542655,0.2906733824037981,0.2917529399074255,33.5,4.432661759620188,13.231826148119962,1.9644580021092335
frame_60,0,255,3,1,False,False,True,3.6852468086328267,True,True,[],[     0.9059    -0.42284   -0.023355],-1.813627896652817,-25.072485218975476,0.2845895947221022,0.2846434281370346,0.3021377470295987,33.5,5.035657186296544,15.031812496407593,1.394377749105272
frame_60,0,127,1,1,False,False,True,2.923033672679527,True,True,[],[     -0.371     0.32648     0.86935],-14.54488264610101,-38.6500972725964,1.6611760523716594,0.324828870800973,0.3121609644332488,33.5,1.0171129199027018,3.0361579698588117,1.9590698866885108
frame_61,0,255,3,1,False,False,True,3.7981275708322983,True,True,[],[    0.95819    -0.28612   0.0021488],0.0173007491314869,-16.54693071790907,0.2902485708814876,0.2893189554223328,0.301517069639361,33.5,4.56810445776672,13.636132709751402,1.393910003367125
frame_61,0,127,1,1,False,False,True,2.960923524045207,True,True,[],[   -0.40966     0.36361     0.83664],-14.53564030841175,-38.56294855809709,1.1389234004021502,0.3299712335489038,0.3232355631140002,33.5,0.5028766451096234,1.5011243137600696,1.959250295085292
frame_62,0,255,3,1,False,False,True,3.7300718096916454,True,True,[],[    0.97566    -0.21772   -0.026038],-0.4059308003040723,-12.691946296986544,0.2921748294286536,0.2921007707769632,0.2986047682361337,33.5,4.289922922303679,12.805740066578148,1.3930362455704322
frame_62,0,127,1,1,False,False,True,3.067104273872724,True,True,[],[   -0.40063     0.35121     0.84625],-15.179933923566036,-38.04809733985515,1.069899379202266,0.3474160080014274,0.3472202798368821,33.5,1.2416008001427448,3.706271045202223,1.955759181667436
frame_63,0,255,3,1,False,False,True,3.760842433914278,True,True,[],,-2.2785493205780183,-13.874319486889428,-1.0,0.291617305143192,0.2977289236840329,33.5,4.338269485680796,12.950058166211331,1.3939809842418425
frame_63,0,127,1,1,False,False,True,2.9508097155447675,True,True,[],[   -0.42581     0.36606     0.82746],-15.13068543160338,-38.38579918559078,1.205000685694004,0.3473628327506601,0.3549543197283293,33.5,1.2362832750660135,3.690397836017951,1.9543841454331372
frame_64,0,255,3,1,False,False,True,3.9932016925828724,True,True,[],[    0.94875    -0.24683    -0.19738],-3.9281732246372094,-14.635496037603607,0.4088820970451857,0.2925784117720809,0.2945232392194915,33.5,4.242158822791914,12.663160665050489,1.3939685022976216
frame_64,0,127,1,1,False,False,True,3.0005718287090426,True,True,[],[   -0.39711     0.29353     0.86956],-9.23291767702748,-38.75026636277629,1.2268868741915235,0.2980697353911509,0.3097859866845057,33.5,3.693026460884913,11.023959584731085,1.9483507578116064
frame_65,0,255,3,1,False,False,True,3.7904902590375866,True,True,[],[    0.95901    -0.26856   -0.090407],-5.118266527976313,-15.64086899492838,0.2929362931214063,0.2924648890618379,0.2976029317093856,33.5,4.253511093816215,12.697048041242432,1.3947243404965517
frame_65,0,127,1,1,False,False,True,3.048240208418067,True,True,[],[   -0.34019     0.26018     0.90365],-11.592633342923737,-35.03721929114712,0.921691243419932,0.30823476947266,0.299273008609585,33.5,2.676523052733998,7.989621052937308,1.9516642283914951
frame_66,0,255,3,1,False,False,True,3.8920186987455407,True,True,[],[    0.91961    -0.34307    -0.19138],-9.899611062461425,-20.465550255553858,0.2942944297907752,0.2917186247332498,0.2926411611426408,33.5,4.328137526675019,12.919813512462744,1.3949052393940702
frame_66,0,127,1,1,False,False,True,2.922705609790359,True,True,[],[    -0.3944     0.29837     0.86915],-14.04720498954315,-35.91046557974079,1.047733600541802,0.2959400243120225,0.2789032501177884,33.5,3.905997568797753,11.659694235217174,1.9471081117478224
frame_67,0,255,3,1,False,False,True,4.001227609470741,True,True,[],[    0.87531    -0.38308    -0.29511],-17.125564613094173,-24.126562211643076,0.3009126530159191,0.2954549211674697,0.2970596157852104,33.5,3.954507883253034,11.804501144038904,1.3932026877324075
frame_67,0,127,1,1,False,False,True,3.0011696235325465,True,True,[],[   -0.38812     0.33496     0.85858],-11.149036582072624,-40.60717309677621,0.9215026995532604,0.2951338007103982,0.301184062368787,33.5,3.986619928960184,11.90035799689607,1.9476822207232896
frame_68,0,255,3,1,False,False,True,3.870075451100022,True,True,[],[    0.86017     -0.3892    -0.32957],-19.32712735223813,-24.387588052586302,0.2973166952599359,0.2911269636192676,0.2936673366678893,33.5,4.387303638073236,13.096428770367869,1.3915005909400615
frame_68,0,127,1,1,False,False,True,2.9431073976214095,True,True,[],[   -0.42649     0.36858     0.82599],-11.451811579193388,-42.17140816616554,0.7818347126421141,0.3051640232313616,0.301813728706265,33.5,2.983597676863842,8.906261721981618,1.9501620178391947
frame_69,0,255,3,1,False,False,True,3.8908522342830696,True,True,[],[    0.83799    -0.38721    -0.38451],-21.80585451929681,-24.852339064131463,0.3339190416852191,0.29487392278859,0.2972679595878003,33.5,4.012607721141004,11.977933495943295,1.3851195089062187
frame_69,0,127,1,1,False,False,True,2.9470110376517686,True,True,[],[   -0.37072     0.28054     0.88536],55.70722036623387,148.88431466929953,0.8782652898290948,0.6124777758512665,0.6252734067422693,33.5,27.74777758512665,82.82918682127358,2.0010070888833567
frame_70,0,255,3,1,False,False,True,3.8708719384600623,True,True,[],[    0.81071    -0.42312    -0.40463],-23.905777535414117,-27.82083839114428,0.2962040250052593,0.2905659112693151,0.2927604481482547,33.5,4.443408873068494,13.263907083786547,1.3826637963257546
frame_70,0,127,1,1,False,False,True,3.020752431032531,True,True,[],[   -0.41295     0.32725     0.84993],-4.776451570223469,-40.48555000556286,1.0317480307637603,0.2614578821333153,0.2646215963854192,33.5,7.354211786668468,21.952871004980505,1.9351884344941408
frame_71,0,255,3,1,False,False,True,3.8316067531140456,True,True,[],[    0.82724    -0.38717    -0.40714],-24.201451805626345,-25.43205535475545,0.2921761067369325,0.2921509145587267,0.2940120983604936,33.5,4.284908544127325,12.790771773514404,1.3741990337562346
frame_71,0,127,1,1,False,False,True,2.9818183967181606,True,True,[],[   -0.40445     0.33314     0.85173],50.59526983732291,131.90053756413823,1.1725015098969933,0.8930797185789439,0.9208515289018218,33.5,55.80797185789439,166.590960769834,1.934319882329446
frame_72,0,255,3,1,False,False,True,3.788742203064105,True,True,[],[    0.79817    -0.31656    -0.51255],-25.271933663580597,-20.661709936400182,0.5348874973039123,0.2966853831110191,0.2999341545462056,33.5,3.8314616888980857,11.43719907133757,1.367232339022466
frame_72,0,127,1,1,False,False,True,3.0810163527248706,True,True,[],[   -0.38811     0.32467     0.86253],20.209155283955443,131.83056998814092,1.3813120852592131,0.4564948235689181,0.661813205638759,33.5,12.149482356891813,36.26711151310988,1.9185127901690635
frame_73,0,255,3,1,False,False,True,3.6570258003343428,True,True,[],[   -0.40621     0.19463     0.89281],-25.293555056240987,-19.540700131023257,1.4836403495124226,0.2932822254368841,0.2989252929481029,33.5,4.171777456311587,12.453067033765931,1.3565275903216345
frame_73,0,127,1,1,False,False,True,3.1767497776265943,True,True,[],[   -0.35944     0.35621     0.86251],9.050265010570447,131.26082564789203,2.0024876624830887,0.3035120703680392,0.2937625606596068,33.5,3.148792963196084,9.399381979689805,1.9028777487050448
frame_74,0,255,3,1,False,False,True,3.759354018623143,True,True,[],[   -0.30903     0.18657     0.93257],-23.72052096013461,-23.354529396085965,1.6514247351516296,0.2792929007968479,0.2722404570054473,33.5,5.570709920315209,16.628984836761816,1.3427335208807667
frame_74,0,127,1,1,False,False,True,3.018240067596362,True,True,[],[   -0.31275     0.32454     0.89267],9.668110929695183,132.6548055534308,1.2166241669886255,0.3100938889622074,0.3160201732538744,33.5,2.490611103779256,7.434660011281361,1.8936465140311949
frame_75,0,255,3,1,False,False,True,3.7330649318803637,True,True,[],[   -0.32144     0.19344     0.92696],-20.144729161530478,-24.38125660431417,1.519607127111609,0.2646468753773776,0.2714079947869889,33.5,7.035312462262239,21.000932723170862,1.334893010427639
frame_75,0,127,1,1,False,False,True,2.9511409121436816,True,True,[],[   -0.37827     0.34392     0.85943],9.170270127410337,134.2495359690061,1.241178801625601,0.2985255814573828,0.3100827897213805,33.5,3.647441854261718,10.887886132124532,1.884151178176504
frame_76,0,255,3,1,False,False,True,3.689890972104349,True,True,[],[   -0.54772     0.28693     0.78592],-21.781851234653512,-25.08696114952561,1.2147204442944526,0.280053687287975,0.2848324387932477,33.5,5.494631271202499,16.40188439164925,1.329727472247729
frame_76,0,127,1,1,False,False,True,3.111131464253485,True,True,[],[   -0.26506     0.21836     0.93918],-9.153002960471625,-44.120361733213066,1.4732285209709766,0.2943018484968993,0.3156896793423034,33.5,4.069815150310069,12.148701941224086,1.8745280285929415
frame_77,0,255,3,1,False,False,True,3.694761066904579,True,True,[],[    0.78132    -0.39832    -0.48051],-22.260043834948164,-26.526024497579257,0.4513662285276789,0.2819600489697547,0.28629710176109,33.5,5.303995103024528,15.832821203058293,1.3215924213451842
frame_77,0,127,1,1,False,False,True,2.7993127172527195,True,True,[],[   -0.31584     0.30948     0.89692],-11.333082800518325,-42.6100879888868,1.4124005601066545,0.2945643777832781,0.3104488948134311,33.5,4.043562221672187,12.070334990066227,1.8641321316594837
frame_78,0,255,3,1,False,False,True,3.703446102837051,True,True,[],[    0.71139     -0.4084    -0.57196],-24.06743353744797,-28.989426054004493,0.7472669846831537,0.2873603741876187,0.2967355592255502,33.5,4.763962581238129,14.220783824591429,1.3149484587534923
frame_78,0,127,1,1,False,False,True,2.8485917320601977,True,True,[],[   -0.29354      0.2602     0.91985],-10.691281338530878,-41.8042927202407,1.4903808781531658,0.3036100937930809,0.3218793775111458,33.5,3.138990620691912,9.370121255796752,1.8579075641891865
frame_79,0,255,3,1,False,False,True,3.8342143713365346,True,True,[],[    0.76683    -0.39783    -0.50369],-21.695367709955253,-26.36770976078227,0.5810592233301767,0.2944464003405157,0.2978844894107588,33.5,4.05535996594843,12.105552137159492,1.3068276919395083
frame_79,0,127,1,1,False,False,True,2.7921224880099036,True,True,[],[    -0.2928     0.29355        0.91],-9.567782597950393,-37.93883288030874,2.142599153486003,0.2935757695134289,0.309799321271911,33.5,4.142423048657112,12.365441936289889,1.854508276513824
frame_80,0,255,3,1,False,False,True,3.7108471219934795,True,True,[],[    0.74741    -0.37181    -0.55058],-24.445417604430272,-25.64488731684389,0.7450132615658791,0.2882849179958983,0.2991278442464984,33.5,4.671508200410174,13.944800598239324,1.2990609763217014
frame_80,0,127,1,1,False,False,True,3.7688358774614548,True,True,[],[   -0.12583    0.094354     0.98755],-4.673791327870411,-39.307123162673335,1.382505454840289,0.2986049127323561,0.310234550158033,33.5,3.63950872676439,10.864205154520567,1.85211171651754
frame_81,0,255,3,1,False,False,True,3.7654927834907324,True,True,[],[    0.83347    -0.41318    -0.36691],-20.0873017596164,-26.12754819875609,0.2925342451423799,0.2926871979959713,0.3078156521553118,33.5,4.23128020040287,12.6306871653817,1.2873505466623048
frame_81,0,127,1,1,False,False,True,2.7124713871045487,True,True,[],[   -0.30701     0.33479     0.89088],-1.6517534208658446,-39.09203478535963,1.3229959855297098,0.3020373185225768,0.3157842493561298,33.5,3.296268147742315,9.83960641117109,1.841189113362082
frame_82,0,255,3,1,False,False,True,3.8469390543935806,True,True,[],[    0.84331    -0.45006    -0.29372],-17.20377153614208,-28.107283618653693,0.2914915013233281,0.2914920617985961,0.3013173273627885,33.5,4.350793820140386,12.987444239225033,1.2739697685809015
frame_82,0,127,1,1,False,False,True,2.8013124149420783,True,True,[],[   -0.21638     0.27242     0.93753],1.595958164595798,-38.74452857261308,1.4814381295064871,0.3060408882348321,0.3205491728229731,33.5,2.8959111765167918,8.644510974676988,1.8341651493274709
frame_83,0,255,3,1,False,False,True,3.778843227056825,True,True,[],[    0.80861    -0.52489    -0.26579],-15.550071435763936,-32.98301816165907,0.2908782928691754,0.290829871840247,0.3071860728023868,33.5,4.417012815975302,13.185112883508364,1.265683525478178
frame_83,0,127,1,1,False,False,True,2.870468793487381,True,True,[],[   -0.23085     0.29743     0.92641],-2.315315996568536,-38.93174434908169,1.4426644269592053,0.3212755392073458,0.3326389087813743,33.5,1.3724460792654158,4.0968539679564655,1.821339402709518
frame_84,0,255,3,1,False,False,True,3.794468779955302,True,True,[],[    0.73192    -0.59921    -0.32441],-13.355660836866486,-37.995891795048735,0.3647806494453848,0.2896335454365772,0.3007735627423212,33.5,4.536645456342275,13.54222524281276,1.2557397281812188
frame_84,0,127,1,1,False,False,True,3.1774398913250006,True,True,[],[   -0.26374     0.31216     0.91269],-1.662119042798679,-39.11869616072583,1.361997212357242,0.3344270109654668,0.3419497541364061,33.5,0.0572989034533177,0.1710415028457247,1.814690789601368
frame_85,0,255,3,1,False,False,True,3.748654953236887,True,True,[],,-11.726676947614422,-36.68719120364807,-1.0,0.288075732170664,0.2968018060237879,33.5,4.692426782933596,14.007244128159988,1.248920344389402
frame_85,0,127,1,1,False,False,True,3.1761838295263587,True,True,[],[   -0.24569     0.30397     0.92046],-0.1184836599874788,-40.34891024052314,1.3535549770813,0.322624015469291,0.331299434881227,33.5,1.237598453070904,3.694323740510161,1.8108297526076849
frame_86,0,255,3,1,False,False,True,3.8515049824973855,True,True,[],,-10.504805380226747,-32.76008409401565,-1.0,0.2867896925512693,0.2947246266645561,33.5,4.821030744873073,14.39113655185992,1.241668082533234
frame_86,0,127,1,1,False,False,True,3.0975172732216527,True,True,[],[   -0.22271     0.28869     0.93116],1.4774945800435488,-40.96801214955752,1.4463381386246386,0.3268388655554741,0.3412803647421763,33.5,0.8161134444525875,2.4361595356793657,1.7976911553394332
frame_87,0,255,3,1,False,False,True,3.6877679027103776,True,True,[],[    0.84329    -0.52038    -0.13444],-7.294131847937495,-31.62365764917552,0.2843501100865471,0.2843331207055058,0.2934470645731375,33.5,5.0666879294494205,15.124441580446032,1.2363901842909466
frame_87,0,127,1,1,False,False,True,3.133817596485472,True,True,[],[   -0.23093     0.29189     0.92816],2.890716310719767,-40.17968506835614,1.3143951316482707,0.3165366112668706,0.3378209352192912,33.5,1.8463388733129416,5.511459323322213,1.784707387639027
frame_88,0,255,3,1,False,False,True,3.7192817051008364,True,True,[],[    0.83043    -0.53818    -0.14404],-5.804780018092634,-32.51713257857997,0.2878637748167389,0.2867814283652787,0.2957651196261697,33.5,4.821857163472126,14.393603473051122,1.231697888336312
frame_88,0,127,1,1,False,False,True,3.053647677186738,True,True,[],[   -0.24716     0.31042     0.91791],2.374992790993057,-39.67137993201357,1.2365992581454623,0.3157645485952934,0.328588329350046,33.5,1.9235451404706616,5.741925792449736,1.7760220899605916
frame_89,0,255,3,1,False,False,True,3.81666666114027,True,True,[],[    0.83346    -0.54283     -0.1033],-5.516533110706806,-33.005666295784856,0.2874106786590363,0.2874707436216761,0.2954702892926389,33.5,4.752925637832389,14.187837724872804,1.2271458105732609
frame_89,0,127,1,1,False,False,True,3.1974297802628424,True,True,[],[   -0.26628     0.28863     0.91967],3.389347522219926,-39.83334642275085,1.4304993633007714,0.3195525814630063,0.3339909976111658,33.5,1.5447418536993718,4.611169712535438,1.7656306307216052
frame_90,0,255,3,1,False,False,True,3.904325669032787,True,True,[],[     0.8214    -0.56839   -0.047248],-4.963043542088441,-35.35454172498211,0.2942283056869364,0.2935379901561075,0.2988504024198334,33.5,4.146200984389248,12.376719356385816,1.2232118220136343
frame_90,0,127,1,1,False,False,True,3.034647915421609,True,True,[],[   -0.26237     0.26906      0.9267],4.043793114353967,-38.933816814429726,1.4947761350306612,0.3201773272232933,0.3427198587526082,33.5,1.4822672776706736,4.424678440807981,1.7549052911720824
frame_91,0,255,3,1,False,False,True,3.832746388757745,True,True,[],[    0.77681    -0.62648   -0.063929],-4.668810903039358,-39.2688645788063,0.294989804178894,0.2947069462158982,0.3015662281015367,33.5,4.02930537841018,12.027777248985611,1.2181905018745427
frame_91,0,127,1,1,False,False,True,2.9483835798019964,True,True,[],[   -0.24017     0.26795     0.93302],2.204879002079452,-39.38746103474994,1.5587538830794418,0.3127961894298484,0.3310680655971124,33.5,2.220381057015164,6.6280031552691465,1.7453513587454603
frame_92,0,255,3,1,False,False,True,3.933768319664425,True,True,[],[     0.7433    -0.65589    -0.13155],-7.940649003750171,-41.60018322988196,0.2943750605724899,0.2909244056791547,0.2983363667862964,33.5,4.407559432084529,13.156893827117996,1.2137673714455717
frame_92,0,127,1,1,False,False,True,2.9690161868673695,True,True,[],[   -0.27292     0.29691     0.91507],2.3543326353196465,-39.510302287871305,1.5371406818964284,0.3037931449057893,0.3206390683511168,33.5,3.120685509421067,9.3154791326002,1.7382007691010315
frame_93,0,255,3,1,False,False,True,3.988979626025147,True,True,[],,-7.314623975050882,-41.07633135950084,-1.0,0.291306197094917,0.2966521141588938,33.5,4.3693802905083015,13.042926240323288,1.2094032733485465
frame_93,0,127,1,1,False,False,True,2.865238492408156,True,True,[],[   -0.29299     0.31615     0.90233],-1.0788489263353842,-40.821314373617454,1.510558431275875,0.3019899291686488,0.3155588458252316,33.5,3.301007083135116,9.853752486970494,1.725114000635811
frame_94,0,255,3,1,False,False,True,3.887549421527316,True,True,[],,-8.462806433572041,-41.80759061370178,-1.0,0.2864200392797998,0.2953117697091846,33.5,4.857996072020016,14.501480812000048,1.2044553285434252
frame_94,0,127,1,1,False,False,True,2.873795377275797,True,True,[],[   -0.28213     0.29466       0.913],1.1996932326327805,-41.06655410348199,1.5160867988741544,0.3015055912572497,0.3194170342343891,33.5,3.349440874275028,9.998330967985158,1.710769373673224
frame_95,0,255,3,1,False,False,True,3.7950847877939538,True,True,[],[    0.55166   -0.095934     0.82853],-8.972762108672363,-41.02825207453651,1.6741411076695918,0.2810791701564461,0.2906212834219795,33.5,5.3920829843553895,16.0957701025534,1.196211373114727
frame_95,0,127,1,1,False,False,True,3.0443040348831696,True,True,[],[   -0.29528     0.29605     0.90839],-0.4588302748070047,-40.09281802218917,1.570317066788342,0.3102212742819912,0.3230362265342141,33.5,2.4778725718008765,7.396634542689183,1.7061869509417311
frame_96,0,255,3,1,False,False,True,3.778687824683804,True,True,[],[    0.66265    -0.14934     0.73389],-7.011373499184207,-40.29323240371513,1.4923874886144055,0.2867233439687937,0.2941716609341732,33.5,4.827665603120634,14.410942098867563,1.1900876703205052
frame_96,0,127,1,1,False,False,True,3.1584906059385855,True,True,[],[   -0.32064     0.28508     0.90328],-0.8257433956502888,-40.01158881163731,1.7109162449646034,0.310551217719835,0.3182792536470776,33.5,2.4448782280164947,7.298143964228343,1.6896302474940077
frame_97,0,255,3,1,False,False,True,3.9088438971840764,True,True,[],[    0.51261    0.029338     0.85812],-8.036060536880616,-41.03565578240087,2.184428599277636,0.2853905877207832,0.2932195869412606,33.5,4.960941227921683,14.808779784840844,1.1834980376193656
frame_97,0,127,1,1,False,False,True,3.1474407403727893,True,True,[],[   -0.32764     0.30326     0.89481],-0.2549397441158638,-40.27712613274189,1.5988182490012908,0.3085448803251313,0.314962492387775,33.5,2.6455119674868746,7.897050649214552,1.6773430179188025
frame_98,0,255,3,1,True,False,True,3.772923224143558,,False,[],,,,,,,33.5,,,
frame_98,0,127,1,1,False,False,True,3.1689344016342864,True,True,[],[   -0.33837     0.31218     0.88772],-0.7278504852949386,-41.178519159981626,1.547098167291371,0.3062711107719861,0.3161332372110856,33.5,2.8728889228013923,8.575787829257887,1.6650524344495548
frame_99,0,255,3,1,True,False,True,3.4247954138494032,,False,[],,,,,,,33.5,,,
frame_99,0,127,1,1,False,False,True,3.1541434568926583,True,True,[],[   -0.31643     0.29907     0.90024],2.8051999191281536,-41.07394856229789,1.6423490001327712,0.2970035601409008,0.3137152568284224,33.5,3.799643985909923,11.342220853462456,1.6463896671882845
frame_100,0,255,3,1,True,False,True,3.6141572812308183,,False,[],,,,,,,33.5,,,
frame_100,0,127,1,1,False,False,True,3.2153844327914993,True,True,[],[   -0.28145     0.29756     0.91228],5.908948144514891,-42.63101868852196,1.6067641011136735,0.3120353036251004,0.3193905306521243,33.5,2.296469637489956,6.855133246238674,1.6308764148218906
frame_101,0,255,3,1,True,False,True,3.5014705104056265,,False,[],,,,,,,33.5,,,
frame_101,0,127,1,1,False,False,True,3.374059309372442,True,True,[],[   -0.27082     0.30228     0.91394],-6.789713406626103,134.26751818085216,1.6418705009584804,0.3159526772654717,0.3230455568516859,33.5,1.9047322734528305,5.685767980456211,1.618060932100769
frame_102,0,255,3,1,True,False,True,3.0766664366479994,,False,[],,,,,,,33.5,,,
frame_102,0,127,1,1,False,False,True,3.5611512333714423,True,True,[],[   -0.27494     0.31611     0.90801],-9.170789242986986,130.48455251489787,1.629812985378318,0.3195925142246217,0.3230233060647547,33.5,1.540748577537826,4.59924948518754,1.6033627352369275
frame_103,0,255,3,1,True,False,True,2.878823605925728,,False,[],,,,,,,33.5,,,
frame_103,0,127,1,1,False,False,True,3.551301001788764,True,True,[],[   -0.25752     0.31869      0.9122],-9.168256699645092,129.5986329973572,1.635590516808156,0.3197216032068345,0.3262813355657487,33.5,1.5278396793165503,4.56071546064642,1.5953827524856783
frame_104,0,255,3,1,True,False,True,2.6406046975224973,,False,[],,,,,,,33.5,,,
frame_104,0,127,1,1,False,False,True,3.5903814714136084,True,True,[],[   -0.24949     0.31634     0.91525],-12.901214142383749,129.62883389569768,1.5979923108152416,0.3126789535131725,0.3188237839624933,33.5,2.232104648682748,6.662998951291785,1.5865695644994993
frame_105,0,255,3,1,True,False,True,2.6375921776989943,,False,[],,,,,,,33.5,,,
frame_105,0,127,1,1,False,False,True,3.449219052020854,True,True,[],[   -0.22404       0.302     0.92661],-14.707200478740251,130.75206838274434,1.384113791264754,0.3109287070674939,0.320122705844966,33.5,2.407129293250609,7.185460576867491,1.5804252257981406
frame_106,0,255,3,1,True,False,True,2.9915345968750326,,False,[],,,,,,,33.5,,,
frame_106,0,127,1,1,False,False,True,3.4469170605739237,True,True,[],[   -0.19413     0.27769     0.94085],-17.536465496099506,131.71470881380975,1.649881798252676,0.3115192247475337,0.3216603694933364,33.5,2.3480775252466337,7.009186642527265,1.5721707816234067
frame_107,0,255,3,1,True,False,True,3.3437501201370137,,False,[],,,,,,,33.5,,,
frame_107,0,127,1,1,False,False,True,3.373078645964915,True,True,[],[   -0.18204     0.26375     0.94726],-18.745894065151965,133.01168139609226,1.6715839263162924,0.3047005644659999,0.3168973127979297,33.5,3.029943553400005,9.044607622089568,1.5603037026193407
frame_108,0,255,3,1,True,False,True,3.1817516582843446,,False,[],,,,,,,33.5,,,
frame_108,0,127,1,1,False,False,True,3.306600293736878,True,True,[],[   -0.18991        0.29     0.93799],-21.05750206678077,134.22950009186616,1.5297203392206853,0.3044805474682656,0.3178116451254785,33.5,3.051945253173438,9.11028433783116,1.5527337965852483
frame_109,0,255,3,1,True,False,True,2.76614357341925,,False,[],,,,,,,33.5,,,
frame_109,0,127,1,1,False,False,True,3.3012159282693547,True,True,[],[   -0.16615      0.2702     0.94836],23.633459531946023,-42.21461380596974,1.6907188454978317,0.3064500004746877,0.3187436239779726,33.5,2.854999952531234,8.522387918003684,1.5381805605314136
frame_110,0,255,3,1,True,False,True,2.3821374873533165,,False,[],,,,,,,33.5,,,
frame_110,0,127,1,1,False,False,True,3.2204405671089424,True,True,[],[   -0.14796     0.26483     0.95288],23.35495801514731,-40.96192846676681,1.6220738622666404,0.3122504137690723,0.3266919322012972,33.5,2.274958623092771,6.790921262963495,1.524720001537328
frame_111,0,255,3,1,True,False,True,2.127382509452821,,False,[],,,,,,,33.5,,,
frame_111,0,127,1,1,False,False,True,3.2463769249064627,True,True,[],[   -0.12439     0.25226     0.95963],23.4910165865274,-39.97468614458244,1.6928894384661397,0.31318740773687,0.3304557540988039,33.5,2.181259226313004,6.511221571083594,1.5102160771486424
frame_112,0,255,3,1,False,False,True,1.9771128404063874,True,True,[],[    0.48459   -0.061708     0.87256],39.984249840158895,-129.13489527898207,1.8970002477609904,0.1946367895240029,0.2081977042080865,33.5,14.036321047599705,41.89946581373046,1.1199919803388083
frame_112,0,127,1,1,False,False,True,3.2527515716352147,True,True,[],[   -0.15671     0.27511     0.94855],18.80915106873349,-39.25890059073955,1.5381103603065525,0.3113423424376355,0.326194311009656,33.5,2.3657657562364545,7.061987332049117,1.493487535304209
frame_113,0,255,3,1,False,False,True,1.8755505984122214,True,True,[],[    0.49721   -0.016846     0.86747],-38.599244059706855,58.44011750748018,1.893543354566067,0.2048963529870299,0.2291675001887178,33.5,13.01036470129701,38.83690955611048,1.1334442191190426
frame_113,0,127,1,1,False,False,True,3.232889318872771,True,True,[],[   -0.20061     0.29586     0.93393],15.217662359770614,-38.018380828231415,1.6818145367405744,0.3030239756767883,0.3195573616831674,33.5,3.1976024323211725,9.545081887525887,1.476536237082479
frame_114,0,255,1,1,False,False,True,3.19896440882666,True,True,[],[   -0.18772     0.27769     0.94215],11.86636283835828,-37.87598072655227,1.6626679890683624,0.3038288455681955,0.3251699775048636,33.5,3.117115443180446,9.304822218449091,1.465349976697825
frame_115,0,255,3,1,False,False,True,1.7852126867919598,True,False,[],[    0.50264    0.060016     0.86241],-40.51410480785146,60.99378272824215,1.7731775412167814,0.2122966892771915,0.263634060110147,33.5,12.270331072280849,36.627853947107006,1.155041336920306
frame_115,0,127,1,1,False,False,True,3.206526096066931,True,True,[],[    -0.2286     0.30138      0.9257],11.49282807961928,-37.35015704435417,1.390912335818349,0.3091139821297669,0.3248004401529987,33.5,2.5886017870233093,7.727169513502416,1.4541904160545007
frame_116,0,255,3,1,False,False,True,1.849942853219158,True,True,[],[    0.46672    0.031246     0.88385],42.42523083232186,-126.167241148956,2.142821041287033,0.2143732988394965,0.2617794177418602,33.5,12.06267011605035,36.00797049567269,1.1604545232318175
frame_116,0,127,1,1,False,False,True,3.1737919391913474,True,True,[],[   -0.20739     0.27404     0.93909],9.447634901483854,-37.61950831988455,1.6333783013763128,0.3101681851858884,0.32319625405369,33.5,2.4831814814111617,7.41248203406317,1.444336661058872
frame_117,0,255,3,1,False,False,True,1.9462896750905236,True,True,[],[    0.44494   0.0061932     0.89554],41.6380363871991,-143.96494972708942,1.7109295236046007,0.1962719323667359,0.2084466337960471,33.5,13.872806763326404,41.41136347261614,1.1564669148924525
frame_118,0,255,1,1,False,False,True,3.292293511807551,True,True,[],[   -0.21642     0.25767     0.94168],9.563117143345494,-36.256487913866565,1.5211273579711444,0.3140028877672465,0.3245421077377093,33.5,2.099711223275352,6.267794696344335,1.4340086140873396
frame_118,0,127,3,1,False,False,True,1.9306358024214423,True,True,[],[    0.39542   -0.033796     0.91788],44.95610703053332,-150.05459321527348,1.6879226590123857,0.1960960907581415,0.2070132368368005,33.5,13.890390924185851,41.4638535050324,1.1585222415931593
frame_119,0,255,1,1,False,False,True,3.3867090887025486,True,True,[],[   -0.24069      0.2864     0.92739],10.52371886401971,-36.7903370967271,1.57175680832006,0.316771445943998,0.324426100954484,33.5,1.8228554056002044,5.441359419702103,1.4327534223564615
frame_119,0,127,3,1,False,False,True,1.9785991970744556,True,True,[],[    0.34426   -0.014549     0.93876],49.61473852928489,-157.83880461295507,2.226007205519676,0.1955061390965496,0.2156028976180502,33.5,13.949386090345032,41.63995847864189,1.1586711735903623
frame_121,0,255,1,1,False,False,True,3.4458534235033147,True,True,[],[   -0.17891      0.2334     0.95578],11.168283242076702,-38.03406412578752,1.6760896651251664,0.3178566015000486,0.3242391915476218,33.5,1.7143398499951443,5.117432388045208,1.431551571497604
frame_121,0,127,3,1,False,False,True,1.90561221321067,True,True,[],[    0.35111  -0.0056377     0.93632],60.15764227300393,-175.6737314507505,1.947914506829315,0.2160744769101726,0.2642042522898495,33.5,11.892552308982737,35.50015614621712,1.1485054394979393
frame_122,0,255,1,1,False,False,True,3.436630412316687,True,True,[],[   -0.18667     0.23096     0.95489],12.676864834624098,-37.81462248981993,1.8141018974548395,0.3176712175094221,0.3249669045023782,33.5,1.73287824905779,5.172770892709821,1.432044476632956
frame_122,0,127,3,1,False,False,True,1.8560542426802056,True,True,[],[    0.35135  -0.0044614     0.93623],60.94232216446486,175.54500998830864,2.256687052472433,0.2297307876819446,0.2872672037075583,33.5,10.526921231805536,31.423645468076227,1.1396443264643883
frame_123,0,255,1,1,False,False,True,3.435507796455691,True,True,[],[   -0.19488     0.24532     0.94965],13.646920832935074,-37.83514411771424,1.7948107671775098,0.317400857184243,0.3228191284574691,33.5,1.7599142815756974,5.253475467390142,1.430017729283109
frame_123,0,127,3,1,False,False,True,1.9066051054719761,True,True,[],[    0.22907    0.041284     0.97253],48.30655445412875,162.31305942126187,2.109711032846305,0.1856044157073129,0.1899818332158903,33.5,14.939558429268711,44.595696803787206,1.1272100406270569
frame_124,0,255,1,1,False,False,True,3.3837081915340543,True,True,[],[    -0.1917     0.23026     0.95406],14.984659015522071,-38.16945949480424,1.780605692444935,0.3211179886674402,0.3268684760001343,33.5,1.3882011332559785,4.143883979868593,1.4276983922227926
frame_125,0,255,3,1,False,False,True,1.9951370271533797,True,True,[],[  -0.091892  0.00059176     0.99577],48.55709043675176,170.86659903914187,1.0337049936284393,0.2098494905684219,0.2397396234289637,33.5,12.515050943157808,37.35836102435166,1.1186073583985847
frame_125,0,127,1,1,False,False,True,3.352742644888423,True,True,[],[   -0.19765     0.25546      0.9464],20.055094982621085,-38.594971080295785,1.7909764240381476,0.3023057355831761,0.3095975398376054,33.5,3.269426441682394,9.759481915469832,1.4213871297069227
frame_126,0,255,3,1,False,False,True,2.0350690680335313,True,True,[],[    0.28598   -0.021608     0.95799],48.20249116605392,166.4448164231762,2.145367528688758,0.1986994853235347,0.2145644345150083,33.5,13.630051467646526,40.68672079894485,1.1108476097325626
frame_126,0,127,1,1,False,False,True,3.2918443650379112,True,True,[],[   -0.16672     0.21233     0.96287],18.26794462722081,-34.94516646296691,1.7165557535805207,0.2963036937568501,0.3047418356083665,33.5,3.8696306243149903,11.551136191985044,1.412136866228424
frame_127,0,255,3,1,False,False,True,2.0035970269193797,True,True,[],[   -0.39077     0.05344     0.91893],50.62677837352275,171.14329705028763,0.5682812899432031,0.1987685188560363,0.2205845088048511,33.5,13.623148114396372,40.66611377431753,1.1082812449063997
frame_127,0,127,1,1,False,False,True,3.2436595355864104,True,True,[],[   -0.18959     0.24381     0.95111],19.969706974034395,-33.8635428053372,1.707241953038708,0.2977940763103679,0.3083214800895203,33.5,3.7205923689632048,11.106245877502104,1.4029845733550093
frame_128,0,255,1,1,False,False,True,3.294043684437419,True,True,[],[   -0.18705     0.23024     0.95499],20.799430411074063,-37.06524627709697,1.841810583753603,0.3115101879295531,0.3234601348461876,33.5,2.3489812070446927,7.011884200133411,1.396044395599398
frame_129,0,255,3,1,False,False,True,1.6739312422460597,True,False,[],[   -0.43559   -0.019389     0.89994],57.86199890307553,174.2723567499925,0.2259861592114667,0.2043923097492226,0.2398197822603376,33.5,13.06076902507774,38.98737022411265,1.0935628531059616
frame_129,0,127,1,1,False,False,True,3.4058178395241048,True,True,[],[   -0.18781     0.27288     0.94354],22.533480523881583,-38.809509062228976,1.58883305380244,0.3143135936099035,0.3249668169628205,33.5,2.06864063900965,6.175046683610895,1.38693395235315
frame_130,0,255,3,1,False,False,True,1.4483153990811446,True,False,[],[   -0.32404   -0.052646     0.94458],69.3640591926252,-172.56356260538504,0.2237101236894525,0.222459582524486,0.2826396162711031,33.5,11.254041747551396,33.59415447030267,1.0922367232288004
frame_130,0,127,1,1,False,False,True,3.420958876724456,True,True,[],[    -0.2794     0.30922     0.90902],20.07768475333295,-37.03135519945172,1.5391084983207577,0.303662382170843,0.3161628967486525,33.5,3.1337617829157005,9.354512784822989,1.3778007559802494
frame_131,0,255,3,1,False,False,True,1.4096228712682486,True,False,[],[   -0.18432  -0.0091875     0.98282],72.86322385923448,-178.24718399243383,0.4007257067009288,0.2372894068681098,0.298382090819982,33.5,9.771059313189015,29.16734123340005,1.0848217574740384
frame_131,0,127,1,1,False,False,True,3.375926818648935,True,True,[],[   -0.25278     0.29217     0.92236],21.9687373461451,-38.92533858924178,1.5611580763041226,0.3122595176202175,0.3226320845576153,33.5,2.274048237978249,6.788203695457461,1.3681961427331215
frame_132,0,255,1,1,False,False,True,3.232493559318281,True,True,[],[   -0.28701     0.31495     0.90467],22.147615654372483,-38.22637166738094,1.3449472599636951,0.2976816111449537,0.3135466695935969,33.5,3.731838885504629,11.139817568670535,1.3570425484793691
frame_133,0,255,3,1,False,False,True,1.338709752866123,True,False,[],[   -0.10182    0.078677     0.99169],63.513677190812864,150.87410461765603,0.2961303275842194,0.1823666686589177,0.2100744488096905,33.5,15.263333134108231,45.56218846002457,1.060698917280476
frame_133,0,127,1,1,False,False,True,3.3949937466546674,True,True,[],[   -0.29753     0.34605     0.88979],24.57553021642623,-37.6338845157549,1.4682253070832991,0.2951473289698713,0.3074155964472769,33.5,3.985267103012869,11.896319710486171,1.3469520280013276
frame_134,0,255,3,1,False,False,True,1.3807188718155687,True,False,[],[   -0.27291     0.12927     0.95332],59.34793832227694,154.7775042469187,0.2265177932845823,0.17219552206546,0.1905981967399824,33.5,16.280447793453995,48.59835162225073,1.0505581543863434
frame_134,0,127,1,1,False,False,True,3.444721932199154,True,True,[],[    -0.2761     0.33062     0.90247],27.055321903172587,-37.247255950466766,1.2821707677292091,0.2940807608466907,0.3056186864744407,33.5,4.091923915330931,12.214698254719195,1.335550621380891
frame_135,0,255,3,1,False,False,True,1.2043011687166103,True,False,[],[  -0.029171   -0.081266     0.99627],78.44988131546137,-128.5484633778481,1.3994804589994645,0.2416362620058797,0.2944350092590038,33.5,9.336373799412028,27.86977253555829,1.0798620114642414
frame_135,0,127,1,1,False,False,True,3.5257028464136644,True,True,[],[   -0.23887     0.31545     0.91839],27.95305901302962,-36.99817396303604,1.3082996090183323,0.2957133652403058,0.3070089190489968,33.5,3.9286634759694175,11.727353659610204,1.3270990436058472
frame_136,0,255,1,1,False,False,True,3.8697955877067285,True,True,[],[   -0.10221     0.19794     0.97487],28.271481980178557,-39.22565782558489,1.619274735206472,0.3109494363244279,0.3218785036061792,33.5,2.405056367557207,7.179272738976737,1.3171746573405805
frame_137,0,255,3,1,False,False,True,1.1147540983606556,True,False,[],[   -0.10292    0.052761     0.99329],58.46556836467477,154.08843103907398,0.7683691582887237,0.1860819250833996,0.1872409241622492,33.5,14.891807491660042,44.45315669152252,1.0398724848940453
frame_137,0,127,1,1,False,False,True,3.5644081331646054,True,True,[],[   -0.15449     0.26905     0.95066],29.28417503346041,-40.90753017642867,1.3509158278104896,0.2978482512725751,0.3108504885601595,33.5,3.715174872742488,11.090074246992502,1.3104965560045214
frame_138,0,255,3,1,False,False,True,1.046875,True,False,[],[   -0.14303     0.16298     0.97621],45.95623980766975,125.98879422589948,0.9597677624295224,0.1527582851250523,0.1781118928187978,33.5,18.22417148749477,54.40051190296947,1.0266716807463496
frame_138,0,127,1,1,False,False,True,3.2140504581621108,True,True,[],[   -0.16222     0.25716     0.95266],30.414789144179057,-40.810179013328856,1.7863919291012198,0.2998129620035181,0.3140504959006707,33.5,3.518703799648193,10.50359343178565,1.3019829317312437
frame_139,0,255,3,1,False,False,True,1.4245068730278692,True,False,[],[  -0.099532     0.11283     0.98862],41.90021999318496,124.00542641196574,0.9582326553206486,0.1708821115169879,0.1956234765318987,33.5,16.411788848301207,48.99041447254092,1.0229001014471748
frame_139,0,127,1,1,False,False,True,3.626862364156548,True,True,[],[    -0.1878     0.27998     0.94146],33.23792171820337,-41.29736914729672,1.64946884550435,0.3028462412445208,0.3154405965141867,33.5,3.215375875547916,9.598136941934076,1.29367333299037
frame_140,0,255,3,1,False,False,True,1.5147814634734242,True,False,[],[  -0.085228     0.14145     0.98627],39.36072214407211,120.764176291509,1.1224449812881496,0.1614768125981323,0.1517004213764475,33.5,17.352318740186774,51.79796638861723,1.02078708102879
frame_140,0,127,1,1,False,False,True,3.849252940220108,True,True,[],[  -0.093528     0.18392     0.97848],33.22254732744153,-43.91536008907754,1.705447093900304,0.3041707389503039,0.3141042570779681,33.5,3.082926104969608,9.20276449244659,1.2901098786576823
frame_141,0,255,3,1,False,False,True,1.7164180510562006,True,False,[],[   -0.11055     0.12022     0.98657],37.68199587718065,120.0755331116091,2.2047107403626085,0.1445910999037382,0.1423790417455412,33.5,19.04089000962618,56.838477640675166,1.017180673919488
frame_141,0,127,1,1,False,False,True,3.718011721982171,True,True,[],[  -0.066759     0.18797      0.9799],36.37909102986677,-44.29086012873851,1.5210250448118974,0.299779552678224,0.3103438021853844,33.5,3.522044732177604,10.513566364709266,1.2820807456812913
frame_142,0,255,3,1,False,False,True,2.148723681765672,True,True,[],[   -0.11901     0.13864     0.98317],33.96904338118738,115.3083962799125,2.124307343169726,0.1471539998198534,0.1451237240960771,33.5,18.784600018014658,56.073432889596,1.0121574743874702
frame_142,0,127,1,1,False,False,True,3.7531297406482427,True,True,[],[  -0.078697     0.25291     0.96428],37.61999183381521,-42.84098710637883,1.4170070462405795,0.2964493728065158,0.3050377097503165,33.5,3.8550627193484175,11.50764990850274,1.276820259469741
frame_143,0,255,3,1,False,False,True,2.430059078153048,True,True,[],[   -0.12169      0.1332     0.98359],29.14150650457798,109.7702023394598,2.0955852986908723,0.160687311845966,0.1585526392750796,33.5,17.431268815403396,52.03363825493551,1.0052174136256822
frame_143,0,127,1,1,False,False,True,3.783457220386065,True,True,[],[   -0.11087     0.29828     0.94802],37.5362084255245,-41.75048619434539,0.863171715983003,0.3000048268010591,0.3082154204355321,33.5,3.4995173198940908,10.446320357892809,1.2724416652497044
frame_144,0,255,3,1,False,False,True,2.7209487910878813,True,True,[],[   -0.12752      0.1164     0.98498],24.979284001149423,104.34813894828125,1.4784106871065843,0.1860720105963836,0.1883202792142067,33.5,14.89279894036164,44.45611623988549,0.9989304118921596
frame_144,0,127,1,1,False,False,True,3.946054898760003,True,True,[],[    -0.1809     0.35755     0.91621],39.94217813558608,-37.46483695905838,0.8210027177169468,0.2791499609838371,0.2820188136671887,33.5,5.585003901616287,16.67165343766056,1.2664963208752265
frame_145,0,255,3,1,False,False,True,3.149537417807282,True,True,[],[   -0.12898     0.10857     0.98569],17.41587083812072,107.21037558505397,0.9018000835736736,0.1963439295374794,0.1968466593747912,33.5,13.86560704625206,41.38987177985689,0.9878332130987236
frame_145,0,127,1,1,False,False,True,3.6605480648302233,True,True,[],[  -0.083775     0.21291     0.97347],40.91846822991141,-36.613201274904846,1.8389906590859573,0.2722602141108932,0.2755234493805882,33.5,6.273978588910678,18.728294295255758,1.2639284794847363
frame_146,0,255,1,1,False,False,True,3.2722480203910496,True,True,[],[    -0.0641     0.17831     0.98188],38.33198300782499,-36.44712542050929,1.9848820565571696,0.2499165003543412,0.2547771339785836,33.5,8.50834996456588,25.398059595719047,1.2584573169087254
frame_147,0,255,1,1,False,False,True,3.401017521306419,True,True,[],[  -0.065526     0.19266     0.97907],40.15737688733166,-40.40530088712941,1.9109743237673549,0.2923942899777899,0.3011859487369874,33.5,4.260571002221009,12.71812239468958,1.2615692708205457
frame_148,0,255,1,1,False,False,True,3.3232845574197944,True,True,[],[  -0.057567     0.21832     0.97418],37.59669113166224,-39.99665798357271,1.9715727437250028,0.2811685574909508,0.2879406445053722,33.5,5.38314425090492,16.06908731613409,1.2578693818618625
frame_149,0,255,6,1,False,False,True,3.3202064552189112,True,True,[],[   -0.53665      0.7829     0.31475],12.758308105904216,124.51418028218482,0.2485306525822665,0.2212600553324102,0.2223578911140571,33.5,11.373994466758978,33.952222288832765,0.9731721404650836
frame_149,0,127,1,1,False,False,True,3.3900334962424497,True,True,[],[  -0.052502      0.2039     0.97758],37.24258167515281,-40.10328205123535,1.973553769514683,0.2967013424570044,0.3068686728913155,33.5,3.829865754299555,11.43243508746136,1.2593946791008137
frame_150,0,255,6,1,False,False,True,3.491710079903899,True,True,[],,8.562592532003503,125.77385241576926,-1.0,0.2467166408257704,0.2568273947737798,33.5,8.828335917422958,26.35324154454614,0.9775665767194373
frame_150,0,127,1,1,False,False,True,3.3630051060887034,True,True,[],[  -0.059496     0.22269     0.97307],36.92646001561569,-41.95241823265351,1.9652624349500047,0.3222990260796423,0.3163384919091939,33.5,1.270097392035774,3.7913354986142505,1.266924105147169
frame_151,0,255,6,1,False,False,True,3.4155475906577175,True,True,[],,8.261320531122777,128.17229748128577,-1.0,0.2632426108800811,0.2859989295760886,33.5,7.1757389119918855,21.420116155199658,0.9858104104336004
frame_151,0,127,1,1,False,False,True,3.622266587124859,True,True,[],[  -0.056935     0.21588     0.97476],36.56268852972494,-43.13990114233749,1.9778031013037487,0.3132419242857407,0.3197552568729945,33.5,2.1758075714259304,6.494947974405763,1.27235041175492
frame_152,0,255,6,1,False,False,True,3.48194629420859,True,True,[],[   -0.18062     0.32835     0.92713],5.288889142790263,129.55283093260712,2.2956669861762373,0.2694304907242788,0.2917275433072592,33.5,6.556950927572119,19.57298784349886,0.9969088767852348
frame_152,0,127,1,1,False,False,True,3.712154391818362,True,True,[],[  -0.051897     0.21529     0.97517],36.36332153486992,-43.85037465264894,1.8456459530182925,0.3143826331276264,0.3223207521271165,33.5,2.0617366872373646,6.154437872350342,1.2776098977058794
frame_153,0,255,6,1,False,True,True,3.5814632082925706,True,False,[1],[   -0.12506     0.25413     0.95905],-0.3959945040428638,128.8795563067484,2.269880215438018,0.2593664327301384,0.2739218656231988,33.5,7.563356726986164,22.57718425966019,1.0075183233833571
frame_153,0,127,1,1,False,True,False,3.733763665966241,True,False,[6],[  -0.041612     0.18603     0.98166],34.1113410733743,-41.91681319164104,1.9523163314171064,0.3073590151097028,0.3161146395430676,33.5,2.7640984890297204,8.25104026576036,1.280921877948925
frame_154,0,255,6,1,False,True,True,3.6629235819564547,True,False,[1],[  -0.081463     0.25894     0.96245],-2.520517997616432,129.39523691479494,2.250236243244096,0.2796235655948731,0.2967727268060592,33.5,5.537643440512685,16.530278926903538,1.0217710596995375
frame_154,0,127,1,1,False,True,False,3.305295041359158,True,False,[6],[   -0.06228     0.24139     0.96843],33.11030660723042,-39.89933825935719,1.900417328628789,0.3117594513649167,0.3191102783881195,33.5,2.3240548635083345,6.937477204502492,1.2876923046602162
frame_155,0,255,6,1,False,False,True,3.676188444693109,True,True,[],[   -0.07376     0.27305     0.95917],-3.8476660625151378,126.00192079006126,2.2427857835809712,0.280911619885877,0.2960468284905235,33.5,5.408838011412303,16.145785108693442,1.0348278601128222
frame_155,0,127,1,1,False,False,True,3.285033568354792,True,True,[],[  -0.069443     0.25643     0.96406],31.255836361229324,-35.22516196809039,1.6922975668834297,0.2724217395595877,0.2769560047882357,33.5,6.257826044041225,18.68007774340664,1.2897411769457212
frame_156,0,255,6,1,False,False,True,4.236062540352161,True,True,[],[  -0.055014     0.28758     0.95617],-5.02905437301798,117.46926091724087,2.250981967023388,0.2653548097509989,0.2688324617422645,33.5,6.964519024900112,20.789609029552576,1.0444415660167752
frame_156,0,127,1,1,False,False,True,3.3933697949340362,True,True,[],[  -0.066707     0.25159     0.96553],32.851435298473646,-39.14197135149774,1.7478109013052066,0.3037273326195203,0.3184900416274382,33.5,3.127266738047968,9.335124591187965,1.3023590342375448
frame_157,0,255,6,1,False,False,True,4.786852039390838,True,True,[],,-3.82164323760369,112.62441073837248,-1.0,0.2943457473967195,0.2970421239560339,33.5,4.065425260328054,12.13559779202404,1.0499133376613183
frame_157,0,127,1,1,False,False,True,3.537697182292055,True,True,[],[  -0.061856     0.23752     0.96941],33.09737593238916,-39.86530979968671,1.889505591882784,0.3039676435652054,0.3182075486649794,33.5,3.103235643479457,9.263389980535692,1.3108542696569654
frame_158,0,255,6,1,False,False,True,5.005144431780041,True,True,[],,-5.301479272154228,108.48400034440768,-1.0,0.2994637256996086,0.3016177598447082,33.5,3.5536274300391355,10.607843074743688,1.04894547947003
frame_158,0,127,1,1,False,False,True,3.571361741775605,True,True,[],[  -0.041419     0.21356     0.97605],32.43864842832528,-41.41586553935134,1.9217218722380536,0.3122407532401483,0.3215071626252012,33.5,2.275924675985169,6.793805002940803,1.3202594715817395
frame_159,0,255,6,1,False,False,True,5.444548390874266,True,True,[],[   -0.27756     0.94835    -0.15358],-8.81704291491089,106.3478344664468,0.2997940330534721,0.2998226211323299,0.2963058340769777,33.5,3.5177378867670086,10.500710109752266,1.0457840624347896
frame_159,0,127,1,1,False,False,True,3.6311057523800114,True,True,[],[  -0.036651     0.20832     0.97737],34.300209139145174,-40.21262551407828,1.867411323437052,0.3735924349323015,0.3798352362956726,33.5,3.859243493230152,11.520129830537767,1.3276122225379503
frame_160,0,255,1,1,False,False,True,3.703242082454681,True,True,[],[  -0.050378     0.22104     0.97396],31.84283942060633,-42.96987047165558,1.85763210816449,0.3199113321001084,0.3308916592070448,33.5,1.508866789989155,4.504079970116881,1.3353572657630983
frame_161,0,255,1,1,False,False,True,3.6236801280629947,True,True,[],[  -0.050636      0.2277     0.97241],37.01389825841874,-40.32330514955118,1.7851684512416082,0.4167249709140378,0.4662924745260815,33.5,8.17249709140378,24.395513705682927,1.3461614968037956
frame_162,0,255,1,1,False,False,True,3.3897969350214208,True,True,[],[  -0.051833      0.2319     0.97136],33.06721513717115,-41.09824642587404,1.8836545124606885,0.3138463272428844,0.3278367699105937,33.5,2.115367275711555,6.314529181228521,1.3498614858970843
frame_163,0,255,1,1,False,False,True,3.403115753124782,True,True,[],[  -0.036331       0.211     0.97681],32.32879785020896,-37.54196665924702,1.859122268183387,0.3027506909223306,0.3109000236333987,33.5,3.2249309077669377,9.626659426169963,1.3550359848738631
frame_164,0,255,1,1,False,False,True,3.301992417145616,True,True,[],[  -0.065051     0.25265     0.96537],32.882837831729546,-38.19554630679374,1.727522177285436,0.3031672660199268,0.3190884013701358,33.5,3.1832733980073247,9.502308650768134,1.3676854619956076
frame_165,0,255,7,1,False,False,True,4.756124790596364,True,True,[],[   -0.36745     0.88722    -0.27894],-16.672835152286634,112.50382835465894,0.2915116502996878,0.2916656965048521,0.2921189532126549,33.5,4.333430349514789,12.935612983626235,1.0134575852319785
frame_165,0,127,1,1,False,False,True,3.293166839121033,True,True,[],[  -0.064973     0.25357     0.96513],31.840538728323192,-38.60734664019179,1.7493261239981763,0.3034738626714808,0.3181135039106958,33.5,3.152613732851922,9.410787262244542,1.3797210113908611
frame_166,0,255,7,1,False,False,True,5.384408624464548,True,True,[],[ 0.00049114     0.17856     0.98393],-20.98099967658113,111.64084445104722,2.1953974206986726,0.2914849662924711,0.2925684984127942,33.5,4.351503370752891,12.989562300754898,1.006323472092458
frame_166,0,127,1,1,False,False,True,3.103504406062198,True,True,[],[  -0.061933     0.26505     0.96224],32.35336046371413,-38.02369553972392,1.734295264701602,0.3026412179959684,0.3179069344665063,33.5,3.2358782004031585,9.65933791165122,1.3864861473057437
frame_167,0,255,7,1,False,False,True,5.05419619504638,True,True,[],[  -0.027337     0.27605     0.96075],-22.597649411633437,109.07661520710585,2.304963348991784,0.2500300707687507,0.2433552012577067,33.5,8.49699292312493,25.364157979477405,1.00317176368299
frame_167,0,127,1,1,False,False,True,3.2737393590874553,True,True,[],[  -0.059803     0.25799     0.96429],30.984665984463547,-39.06389343088876,1.6698413942645918,0.3093343676089267,0.3249250083210819,33.5,2.5665632391073334,7.661382803305473,1.3955795653346388
frame_168,0,255,7,1,False,False,True,4.589660802055749,True,True,[],[  -0.019395     0.29943     0.95392],-25.26508699529113,103.45077565119917,2.28089305517412,0.250201726349499,0.2444815004810763,33.5,8.479827365050102,25.312917507612248,0.994630782465122
frame_168,0,127,1,1,False,False,True,3.444292877805992,True,True,[],[  -0.048725     0.24829     0.96746],30.89020560008774,-38.50859681139884,1.6152955808285407,0.3100883473359314,0.32702232039771,33.5,2.491165266406864,7.436314228080191,1.4002158828001603
frame_169,0,255,1,1,False,False,True,3.347728963730127,True,True,[],[  -0.048559     0.25511     0.96569],27.70879113099924,-34.29418370277655,1.5393239236231644,0.2753404649124849,0.2858296144222223,33.5,5.965953508751509,17.808816444034356,1.3997449613011628
frame_170,0,255,1,1,False,False,True,3.537624671454245,True,True,[],[  -0.050914     0.26439     0.96307],28.44318115810634,-35.928725329815656,1.5413414004587245,0.2999537289552467,0.3149801507475605,33.5,3.504627104475327,10.461573446195006,1.4067044337030867
frame_171,0,255,7,1,False,True,True,4.279480768095922,True,False,[1],[   0.022837     0.30859     0.95092],-30.22728273881648,87.03168227071637,2.3178712868370543,0.2341424414042321,0.2312826595659677,33.5,10.085755859576784,30.10673390918443,0.947567066929336
frame_171,0,127,1,1,False,True,False,3.4780196556374907,True,False,[7],[  -0.068652      0.2697     0.96049],27.826962737383287,-35.02535544253927,2.168710854632557,0.2866181385541609,0.2981875453180831,33.5,4.838186144583906,14.442346700250466,1.4097456373829114
frame_172,0,255,1,1,False,False,True,3.386557067866427,True,True,[],[  -0.034752     0.22607     0.97349],27.057326764096967,-29.75171908083727,2.2164894537541797,0.2547335529255553,0.2584908981322423,33.5,8.026644707444468,23.960133455058116,1.4115512957169656
frame_173,0,255,1,1,False,False,True,3.437619545734516,True,True,[],[  -0.020824      0.2168     0.97599],26.547689845094222,-29.755464874048126,1.6286450063089808,0.2547503864970731,0.2587373518538703,33.5,8.024961350292687,23.95510850833638,1.4138896240860934
frame_174,0,255,1,1,False,False,True,3.4805612018529573,True,True,[],[  -0.011835     0.21238     0.97712],27.06988864842318,-29.015295649256743,2.166067850875247,0.2542924471826171,0.250605755479623,33.5,8.07075528173829,24.091806811159078,1.4188407848477005
frame_175,0,255,7,1,False,True,True,3.6397815796480235,True,False,[1],[   0.041533     0.28328     0.95814],-31.00838651603129,65.63766343025581,2.374706780120003,0.2452745669001781,0.2459055767256133,33.5,8.972543309982184,26.783711373081147,0.9256872594985848
frame_175,0,127,1,1,False,True,False,3.4204335442349922,True,False,[7],[  -0.022389     0.22901     0.97317],27.233704063788043,-30.060079381534123,1.5761197907766429,0.2634087613165984,0.2659459865747237,33.5,7.159123868340162,21.370519009970632,1.423799122362762
frame_176,0,255,7,1,False,True,True,3.846950186319965,True,False,[1],[    0.03694     0.29316     0.95535],-29.604110019502517,63.047581288426606,2.2933766841062915,0.248796321651972,0.2502877166399414,33.5,8.620367834802794,25.73244129791879,0.9322758942639132
frame_176,0,127,1,1,False,True,False,3.452327759845281,True,False,[7],[  -0.041254     0.25291     0.96661],26.175817328352103,-31.65353974393297,2.1372728033189863,0.2674382827586421,0.2747570897457788,33.5,6.75617172413579,20.167676788465045,1.4267740341576192
frame_177,0,255,7,1,False,True,True,4.000725270143689,True,False,[1],[  0.0056381     0.31185     0.95011],-25.45626535938496,57.72545686655644,2.229118913200206,0.2858412840928199,0.2953276542828471,33.5,4.915871590718007,14.67424355438211,0.9373619566952974
frame_177,0,127,1,1,False,True,False,3.463259853667918,True,False,[7],[   -0.08176     0.28853     0.95397],25.360660203484635,-30.046408208374565,2.0569979198276886,0.247802037040403,0.2523816894403601,33.5,8.719796295959695,26.029242674506552,1.427624072321329
frame_178,0,255,7,1,False,True,True,3.846382628466364,False,False,[1],[  -0.040114     0.26101      0.9645],-1.0,-1.0,-1.0,-1.0,0.6884345002724575,33.5,,,0.960759274120062
frame_178,0,127,1,1,False,True,False,3.2227194453408194,True,False,[7],[  -0.091152     0.30765     0.94712],23.86131365841951,-28.72984834004087,2.018710713139225,0.2390293891472815,0.2305481165722935,33.5,9.597061085271848,28.647943538124917,1.4251905077343046
frame_179,0,255,7,1,False,False,True,4.09723018090092,True,True,[],[  -0.059251      0.2623     0.96317],-23.967179233998337,62.37901954611716,2.319568620623358,0.2616688686694866,0.2645117101654086,33.5,7.333113133051344,21.889889949407,0.9651443454376164
frame_179,0,127,1,1,False,False,True,3.4206055048951285,True,True,[],[  -0.059913     0.27907      0.9584],28.095483763233,-39.83268237017676,1.529930725129785,0.3169325140798964,0.3322828960416795,33.5,1.80674859201036,5.393279379135403,1.4453717021121095
frame_180,0,255,7,1,False,True,True,4.426849827518577,True,False,[1],[  -0.041489     0.30075      0.9528],-22.54801004791237,64.784785497132,2.31386615086204,0.2519236707994445,0.2493490012410852,33.5,8.307632920055546,24.79890423897178,0.9842374480149751
frame_180,0,127,1,1,False,True,False,3.4736773896586475,True,False,[7],[  -0.045355     0.26417     0.96341],26.64277048539421,-39.250702347908536,1.5236384206214355,0.316395392211124,0.3283256387960963,33.5,1.860460778887596,5.553614265336107,1.4474941903301577
frame_181,0,255,7,1,False,False,True,4.275612494152771,True,True,[],[   -0.08041     0.27814     0.95717],-21.7910841719239,65.13016255991626,2.1955532562820337,0.2825595733763887,0.2871783158747064,33.5,5.244042662361132,15.65385869361532,1.0026982614273177
frame_181,0,127,1,1,False,False,True,3.442781671280968,True,True,[],[  -0.033312     0.24057     0.97006],27.37262142894364,-39.13438541800172,1.709038490698655,0.3148420586205416,0.3294078676670139,33.5,2.015794137945842,6.017295934166692,1.4489727075530512
frame_182,0,255,7,1,False,False,True,4.280231517816364,True,True,[],[   -0.13437     0.24278     0.96073],-21.209844881961587,67.51516768430041,2.20005823531877,0.2592204403917496,0.2591330703411106,33.5,7.577955960825039,22.620764062164294,1.0230862574762405
frame_182,0,127,1,1,False,False,True,3.3900962849928398,True,True,[],[   -0.02165     0.24566     0.96911],26.528687328461693,-39.68375396064216,1.7995766773463977,0.3134268933984325,0.3265234857307391,33.5,2.157310660156747,6.439733313900738,1.4524455777004397
frame_183,0,255,7,1,False,False,True,4.2859920732354,True,True,[],[    -0.1356     0.25601     0.95712],-22.15040537414557,68.64786120859225,2.197402560686367,0.2575297508314639,0.2583209998155995,33.5,7.747024916853612,23.12544751299586,1.043311499107995
frame_183,0,127,1,1,False,False,True,3.4628905219155306,True,True,[],[  -0.043603     0.24761     0.96788],27.042709304089183,-40.702268422250974,1.6564473744485575,0.3160925244876814,0.3311391172533459,33.5,1.8907475512318583,5.644022540990622,1.458517562561708
frame_184,0,255,7,1,False,False,True,4.014639959814965,True,True,[],[   -0.16038     0.24336     0.95658],-22.43378603122536,67.16928265983456,2.263219083045417,0.2801830807010089,0.2876591832251062,33.5,5.481691929899113,16.363259492236157,1.062123366370065
frame_184,0,127,1,1,False,False,True,3.4620108211489815,True,True,[],[  -0.052113     0.26302     0.96338],27.97522248257219,-40.47846687916417,1.6112404880148388,0.3185296227824106,0.3299097720483415,33.5,1.6470377217589427,4.916530512713262,1.463063918140435
frame_185,0,255,7,1,False,False,True,3.8150478458591066,True,True,[],[   -0.16142     0.25959     0.95213],-22.386959368695123,73.44354241122936,2.2354344035287177,0.2377678420555873,0.2383671461320914,33.5,9.72321579444127,29.024524759526177,1.0804600907789363
frame_185,0,127,1,1,False,False,True,3.478399246042026,True,True,[],[  -0.044442     0.26533     0.96313],26.963785715065114,-41.24672586790082,1.6876382038715183,0.3170429421034706,0.3300996403585262,33.5,1.7957057896529405,5.3603157900087774,1.4682581959918326
frame_186,0,255,7,1,False,False,True,3.8221504986354895,True,True,[],[   -0.17049     0.25862     0.95081],-21.180889413169947,72.44714728943639,2.20490871368117,0.250098285671793,0.2501695502088896,33.5,8.490171432820699,25.34379532185283,1.0928758304577686
frame_186,0,127,1,1,False,False,True,3.5133762678404494,True,True,[],[  -0.034689     0.25677     0.96585],27.16571063880793,-40.86827680022402,1.668531756570364,0.3141994215860646,0.3271349119479367,33.5,2.08005784139354,6.2091278847568345,1.4704447316806315
frame_187,0,255,7,1,False,False,True,3.6977096134865897,True,True,[],[   -0.17563     0.25918     0.94973],-18.3893680495429,72.87675748469015,2.23395815823719,0.239902219448094,0.2401932652734628,33.5,9.509778055190598,28.387397179673425,1.1012272246056334
frame_187,0,127,1,1,False,False,True,3.5531790676933355,True,True,[],[  -0.039589     0.25725     0.96553],26.76061107551619,-40.2810505985729,1.6309796991895604,0.314960784117886,0.3266083781911225,33.5,2.003921588211405,5.981855487198224,1.472773846296672
frame_188,0,255,7,1,False,False,True,3.3941110782514903,True,True,[],[   -0.17751     0.26178     0.94866],-19.790928782822228,70.60997735802081,2.227809229899845,0.2459398740381343,0.2462100275552043,33.5,8.906012596186565,26.585112227422584,1.1080206254486162
frame_188,0,127,1,1,False,False,True,3.5666908066107426,True,True,[],[   -0.03707     0.25142     0.96717],26.32172762077288,-41.02538268523252,1.7065818768151808,0.3182779372601253,0.3312378028723413,33.5,1.67220627398747,4.991660519365581,1.474516202774079
frame_189,0,255,7,1,False,False,True,2.9618322380195106,True,True,[],[   -0.18278     0.24009     0.95339],-22.705020669522185,69.9800470768845,2.2336782200991125,0.2487638188861204,0.2548018184748149,33.5,8.623618111387959,25.742143616083457,1.114937558041428
frame_189,0,127,1,1,False,False,True,3.608381253422112,True,True,[],[    -0.0398     0.25361     0.96649],25.845861851982846,-40.82066574270397,1.6499375454814522,0.3193007882897445,0.3304869371880989,33.5,1.5699211710255456,4.686331853807599,1.480159747616863
frame_190,0,255,7,1,False,False,True,2.5674596493169597,True,True,[],[    -0.2477    0.053928     0.96734],-30.61079031802745,69.93703857814988,1.8661766339040464,0.2428243658810605,0.2510978181821562,33.5,9.217563411893954,27.51511466237001,1.120939298478847
frame_190,0,127,1,1,False,False,True,3.609228259539383,True,True,[],[  -0.029184     0.24245     0.96973],24.399699102851724,-41.068276216617576,1.7323155844022256,0.3187376372491165,0.3301890474042138,33.5,1.6262362750883497,4.854436642054774,1.4831450020940549
frame_191,0,255,7,1,False,False,True,2.396618431133164,True,True,[],[    0.29473     0.71092    -0.63854],-35.27103455194333,69.57607375798058,0.2997538881556368,0.2535014155894041,0.2689742012769551,33.5,8.149858441059592,24.327935644954007,1.12758415236717
frame_191,0,127,1,1,False,False,True,3.5624130601965356,True,True,[],[  -0.055884     0.26591     0.96238],22.82359853814528,-41.72561865978917,1.6083156150803963,0.3182782964195586,0.3298250483801007,33.5,1.6721703580441394,4.991553307594446,1.484414311194789
frame_192,0,255,10,1,False,True,False,3.9705882352941178,True,False,[7],[    0.16928     0.72003    -0.67298],-31.02924546210158,82.51772248836967,0.2320662524985101,0.2340190254354714,0.232690391527143,33.5,10.098097456452852,30.143574496874187,1.1411780681163697
frame_192,0,170,7,1,False,True,False,2.8312491244427163,True,False,[10],,-31.22945425428336,79.6826906629102,-1.0,0.2428435080925396,0.2447579606529106,33.5,9.215649190746038,27.50940056939116,1.1395054042767867
frame_192,0,85,1,1,False,False,True,3.561319218295064,True,True,[],[  -0.041562     0.26385     0.96367],22.58358792556872,-41.44914052549589,1.648459216106066,0.3207389393173678,0.3313381693093409,33.5,1.4261060682632165,4.257033039591692,1.487589445183317
frame_193,0,255,10,1,False,False,True,4.295463655322786,True,True,[],[   0.098146     0.89917    -0.42645],-24.46526280595258,84.16756784062525,0.2367683739125484,0.2363650076860178,0.2297083400343791,33.5,9.86349923139822,29.443281287755884,1.1458180311977575
frame_193,0,127,1,1,False,False,True,3.396990133963145,True,True,[],[  -0.041563     0.25964     0.96481],22.64078538287296,-40.86475775025116,1.5232922281932728,0.3170434534016394,0.3287635647370922,33.5,1.79565465983606,5.360163163689732,1.4899339657539077
frame_194,0,255,7,1,False,True,False,2.955555298854217,True,False,[10],[   -0.37362     0.16345     0.91307],-20.575113809001635,80.50915090424154,2.1359837132334505,0.242540394078643,0.2416497664104736,33.5,9.2459605921357,27.59988236458418,1.147359330532573
frame_194,0,170,10,1,False,True,False,4.666666666666667,True,False,[7],[   -0.37702     0.15602     0.91297],-20.392514885713403,84.55283441517223,2.129939631687984,0.2295588864508271,0.2218708400559927,33.5,10.544111354917288,31.47495926840981,1.1491523137181043
frame_194,0,85,1,1,False,False,True,3.308823713749544,True,True,[],[  -0.038961      0.2571      0.9656],23.053486258735678,-40.19599288049096,1.6207966942604537,0.3159867261053041,0.3267495378661382,33.5,1.9013273894695928,5.675604147670425,1.4907038361930949
frame_195,0,255,7,1,False,True,False,2.725840566409603,True,False,[10],,-18.9771315337492,78.62371675888572,-1.0,0.2370656904403538,0.2398527970534505,33.5,9.793430955964618,29.2341222566108,1.1481916429138184
frame_195,0,170,10,1,False,True,False,4.37019860652798,True,False,[7],,-19.78836442901699,82.91383752737353,-1.0,0.2271858981820524,0.2212812671066179,33.5,10.781410181794756,32.18331397550673,1.1497670335397845
frame_195,0,85,1,1,False,False,True,3.3782816996075904,True,True,[],[   -0.05269     0.27172     0.96093],23.60668918849517,-39.545505418372834,1.5834223794731146,0.318469961998218,0.3285993448169515,33.5,1.6530038001782044,4.934339702024491,1.494901430610022
frame_196,0,255,7,1,False,True,False,2.7182662432862266,True,False,[10],[     0.3263     0.77517    -0.54097],-22.011094235187237,73.63616344339677,0.5076762330633104,0.2490859949009195,0.2588967943313589,33.5,8.591400509908048,25.645971671367302,1.148375625968833
frame_196,0,170,10,1,False,True,False,4.343271861434898,True,False,[7],[     0.2441     0.73545    -0.63208],-22.999428781606795,82.25904877809906,0.5117210562855444,0.2246998372565205,0.221353285005994,33.5,11.030016274347949,32.92542171447149,1.1522758889619318
frame_196,0,85,1,1,False,False,True,3.4551808237359514,True,True,[],[  -0.055826     0.27709     0.95922],21.49129980986212,-39.32999343553052,1.6228996659093984,0.3187804414425218,0.3305883950955708,33.5,1.6219558557478198,4.841659270889014,1.5010709226601022
frame_197,0,255,7,1,False,True,False,2.477135817223325,True,False,[10],,-23.685453062488552,74.89398107935614,-1.0,0.242903148013482,0.2486439365534523,33.5,9.2096851986518,27.491597607915825,1.1563502426950378
frame_197,0,170,10,1,False,True,False,3.796807101234657,True,False,[7],,-24.19391164851413,81.08548792045333,-1.0,0.2316220311697287,0.2255239126315735,33.5,10.337796883027128,30.859095173215305,1.159055269655884
frame_197,0,85,1,1,False,False,True,3.498797406958908,True,True,[],[  -0.042666      0.2667     0.96284],22.560983760789984,-40.64670646796048,1.6390319956150636,0.3210208149346518,0.3330853678909499,33.5,1.3979185065348232,4.172891064283054,1.5038229450001224
frame_198,0,255,7,1,False,True,False,2.455399043281293,True,False,[10],[   -0.33115     0.19651     0.92289],-28.61569867224495,78.87156498717039,1.8961038411245184,0.2397890470833335,0.2408072006238129,33.5,9.521095291666647,28.42117997512432,1.1599853094774313
frame_198,0,170,10,1,False,True,False,3.8823529411764706,True,False,[7],[   -0.37065     0.13246     0.91928],-28.654795223470927,81.92289075603296,1.855824698834347,0.2311498434265415,0.2282198486511098,33.5,10.385015657345852,31.000046738345837,1.161600440059278
frame_198,0,85,1,1,False,False,True,3.562500158050698,True,True,[],[  -0.045048     0.26985     0.96185],20.44261581134504,-41.53360945974786,1.5666124209850691,0.3181947542531317,0.3296041968632901,33.5,1.6805245746868314,5.016491267721885,1.507346378598264
frame_199,0,255,7,1,False,True,False,2.5622641229817456,True,False,[10],[   -0.37257       0.145     0.91661],-26.593981789624493,83.6575856187599,1.1955823543368322,0.2324991536208469,0.2324512462707197,33.5,10.250084637915313,30.597267575866603,1.165559625427072
frame_199,0,170,10,1,False,True,False,3.75,True,False,[7],[    -0.3776     0.13838     0.91557],-26.82347652911421,85.50082922537192,1.1906745283373463,0.2274045466122657,0.2244110180670206,33.5,10.75954533877343,32.11804578738337,1.166449585819139
frame_199,0,85,1,1,False,False,True,3.5983029186509214,True,True,[],[  -0.055305     0.27141     0.96087],20.56070942481466,-41.310098240281725,1.4946139160364549,0.3202316309069059,0.3317645371284884,33.5,1.4768369093094147,4.408468385998253,1.5080343949807784
frame_200,0,255,7,1,False,False,True,2.660451586819392,True,True,[],[   -0.36188     0.11215     0.92545],-26.471586596828335,84.66093264577002,2.2102384924575453,0.2290216586262815,0.2376833898174625,33.5,10.597834137371851,31.63532578319956,1.1678646579644076
frame_200,0,127,1,1,False,False,True,3.6349209135634526,True,True,[],[  -0.047282     0.26079     0.96424],21.195494116566557,-40.31781999299136,1.5767968438036954,0.3212760535602456,0.3330127380540112,33.5,1.3723946439754442,4.096700429777445,1.510968873110999
frame_201,0,255,1,1,False,False,True,3.5666881449328676,True,True,[],[  -0.051108     0.26997     0.96151],21.24722206160308,-40.5417493769755,1.62980229589989,0.3200853011311605,0.3315547940090362,33.5,1.4914698868839504,4.4521489160714935,1.5140067711328715
frame_202,0,255,7,1,False,False,True,2.7248323869096995,True,True,[],[   -0.35141    0.031635     0.93569],-31.75464804814217,105.29558805593727,0.8666455322941038,0.2119839894966286,0.2060104891120524,33.5,12.30160105033714,36.72119716518549,1.18565245920481
frame_202,0,127,1,1,False,False,True,3.526116424889561,True,True,[],[  -0.037044     0.25785     0.96547],21.889796756997843,-39.58472206343608,1.5978876765351564,0.3231300759373794,0.3312150553727042,33.5,1.1869924062620552,3.54326091421509,1.5177547209956104
frame_203,0,255,7,1,False,False,True,3.352582711296506,False,True,[],[   -0.34211    0.020216     0.93944],-1.0,-1.0,-1.0,-1.0,0.2580039381846042,33.5,,,1.194694135313005
frame_203,0,127,1,1,False,False,True,3.6329639201836406,True,True,[],[  -0.053861     0.26558     0.96258],20.28689361212853,-38.8469318111799,1.673633618847474,0.3227822841954372,0.3298624465602002,33.5,1.2217715804562768,3.647079344645602,1.521677299779593
frame_204,0,255,7,1,False,False,True,3.504309792518628,True,True,[],[   -0.34238    0.028387     0.93913],-25.544165303987477,120.2703199982109,1.9414469633057487,0.2199172431692641,0.2088314674308569,33.5,11.508275683073592,34.353061740518186,1.1991394871740304
frame_204,0,127,1,1,False,False,True,3.4436077491712327,True,True,[],[  -0.046188     0.26564     0.96297],21.3743726385213,-39.02753258642492,1.6781570155385477,0.3226575319618799,0.3327658665113813,33.5,1.2342468038120058,3.684318817349271,1.5283222702514478
frame_205,0,255,7,1,False,False,True,3.501548352009611,True,True,[],[   -0.36994    0.084388     0.92522],-18.865753774538508,125.29981314113968,1.3582790837040513,0.2156780420873321,0.207837769498571,33.5,11.932195791266787,35.61849489930385,1.204597772011058
frame_205,0,127,1,1,False,False,True,3.5329023387508665,True,True,[],[  -0.041892     0.25962      0.9648],19.01361279936753,-40.500523368034045,1.590942784595273,0.3220583009485402,0.3306942762612477,33.5,1.294169905145981,3.863193746704421,1.5308841687097123
frame_206,0,255,7,1,False,False,True,3.7756385369868384,True,True,[],[   -0.36992    0.060565     0.92709],-13.03812950954092,127.94849882409358,0.8515452238317252,0.2317908291264344,0.2306592292806801,33.5,10.320917087356555,30.80870772345241,1.2099037461936757
frame_206,0,127,1,1,False,False,True,3.465448615347948,True,True,[],[  -0.057632     0.27574      0.9595],19.189458400515708,-40.799637184916136,1.5933804560553708,0.3222705567678374,0.3318337440882634,33.5,1.272944323216263,3.7998338006455614,1.5345038103443638
frame_207,0,255,7,1,False,False,True,4.020464782342097,True,True,[],[   -0.39752     0.10055     0.91207],-3.3507865935516885,129.35162469886978,2.031675087441159,0.2390924507640627,0.2398442856980094,33.5,9.59075492359373,28.62911917490666,1.2174696513953118
frame_207,0,127,1,1,False,False,True,3.495000667200427,True,True,[],[  -0.057057     0.27239     0.96049],19.09611409891033,-40.82907604261861,1.6421276267724043,0.3179468353780379,0.3276460725391705,33.5,1.7053164621962102,5.09049690207824,1.5365093883572054
frame_208,0,255,7,1,False,False,True,3.839974736221444,False,True,[],[   -0.35591    0.069445     0.93194],-1.0,-1.0,-1.0,-1.0,0.6606795359750325,33.5,,,1.2187412880149
frame_208,0,127,1,1,False,False,True,3.417508658289411,True,True,[],[   -0.03673     0.25145     0.96717],19.231251669634126,-40.55643071871545,1.6382970602715816,0.3207173484545974,0.3305254063327526,33.5,1.4282651545402647,4.263478073254522,1.5410863307936695
frame_209,0,255,7,1,False,False,True,3.52781748719255,True,True,[],[   -0.44271     0.20603     0.87268],9.336685222856268,131.70480654758478,1.4299361582244168,0.2499666822337667,0.2555821268554784,33.5,8.50333177662333,25.38307993021889,1.2215822388251776
frame_209,0,127,1,1,False,False,True,3.383504396781874,True,True,[],[  -0.043713     0.26008      0.9646],17.657392147433203,-40.54734523319905,1.6439899555982762,0.3229951195355303,0.3346079159528456,33.5,1.2004880464469736,3.5835464073043983,1.5481153366657403
frame_210,0,255,7,1,False,False,True,3.4693081829769445,True,True,[],[   -0.42338     0.18054     0.88778],-14.194258353102288,-44.90541411041061,2.5564242052561523,0.2566598106809349,0.2622590576592987,33.5,7.834018931906511,23.38513114001944,1.2194565859220123
frame_210,0,127,1,1,False,False,True,3.4413071503442443,True,True,[],[  -0.060272     0.27456     0.95968],18.33136036608326,-39.2246795787515,1.557502849995778,0.3181569411164791,0.333215157452465,33.5,1.684305888352089,5.027778771200266,1.551516597752394
frame_211,0,255,7,1,False,False,True,3.499308682430328,True,True,[],[    -0.4453     0.19457     0.87398],-17.686431581704486,-42.67550871786028,2.0618821361826383,0.2637354011147068,0.2713421433125553,33.5,7.126459888529318,21.273014592624836,1.2149210076690744
frame_211,0,127,1,1,False,False,True,3.3965141206076988,True,True,[],[  -0.064762     0.27675     0.95876],19.00552013124227,-38.12700143039914,1.569561035213402,0.3192138911386346,0.3332595978227357,33.5,1.5786108861365444,4.712271301900133,1.553590574046232
frame_212,0,255,7,1,False,False,True,3.477567199772506,True,True,[],[   -0.41579     0.19558     0.88818],-19.668633299014303,-42.27106803382816,1.0137310604009315,0.2932377078205964,0.2919581892510676,33.5,4.176229217940358,12.466355874448832,1.209978048254857
frame_212,0,127,1,1,False,False,True,3.3928901449555124,True,True,[],[  -0.058409     0.27344     0.96011],19.566151456734875,-38.32648755895578,1.627607648904444,0.3184689077872606,0.3302216243804926,33.5,1.6531092212739351,4.934654391862493,1.556112512044426
frame_213,0,255,7,1,False,False,True,3.6131987930461245,True,True,[],[   -0.36877     0.19625     0.90857],-20.84572504528227,-42.74533897337019,1.673314400110712,0.2880212358199772,0.2950395673767534,33.5,4.697876418002283,14.023511695529203,1.2024635644786812
frame_213,0,127,1,1,False,False,True,3.429337684178786,True,True,[],[  -0.047917     0.26369     0.96342],19.70594742889628,-38.23753008347473,1.6204651158108323,0.319591948786531,0.3318257192377594,33.5,1.5408051213468998,4.599418272677313,1.555954733196086
frame_214,0,255,7,1,False,False,True,3.6469815238154726,True,True,[],[   -0.36932     0.19365      0.9089],23.769879423149597,132.94564605142358,2.315116890513624,0.2682776892269356,0.2720159071237273,33.5,6.67223107730644,19.917107693452056,1.1864913368005654
frame_214,0,127,1,1,False,False,True,3.5298021478639257,True,True,[],[  -0.062229     0.26774     0.96148],18.5216965702802,-38.86873132772074,1.4984641009739343,0.3193517536945058,0.3293281618412628,33.5,1.5648246305494162,4.671118300147511,1.557750530486314
frame_215,0,255,7,1,False,False,True,3.656567475199796,True,True,[],[   -0.34863     0.19975     0.91573],24.674415133229232,130.88852586605242,1.2416899780185249,0.2935993245197642,0.2809900784693979,33.5,4.14006754802358,12.358410591115163,1.1738064005832798
frame_215,0,127,1,1,False,False,True,3.514367982909357,True,True,[],[  -0.056334     0.26768     0.96186],18.61192568789942,-38.5335263839098,1.634229974106585,0.322232335878324,0.3315732444756945,33.5,1.2767664121676014,3.811243021395825,1.5582477996573632
frame_216,0,255,7,1,False,False,True,3.800943370782098,True,True,[],[   -0.36489     0.24124     0.89925],23.46717522913038,128.0654201957697,1.0600493548380288,0.2736586016402831,0.2777114131944409,33.5,6.134139835971691,18.31086518200505,1.1592570438049243
frame_216,0,127,1,1,False,False,True,3.4323865840854806,True,True,[],[  -0.031483     0.26465     0.96383],18.71713529627356,-38.8232158370822,1.5677417132690357,0.3185349588627101,0.3298372622909237,33.5,1.646504113728986,4.9149376529223465,1.5568915981018203
frame_217,0,255,7,1,False,False,True,3.935613806016112,True,True,[],[   -0.37003     0.27003     0.88891],22.60897196337575,128.88090871574954,1.0548895367082385,0.273433694953327,0.2744864473180262,33.5,6.156630504667299,18.37800150646955,1.149230666311126
frame_217,0,127,1,1,False,False,True,3.4724216350400585,True,True,[],[   -0.02789     0.25202     0.96732],19.37086293466793,-40.02082125962036,1.6063020698309571,0.3175548160708178,0.3241944742781165,33.5,1.7445183929182206,5.207517590800659,1.560430388017751
frame_218,0,255,7,1,False,False,True,3.852465078420196,True,True,[],[   -0.35496     0.26385     0.89687],22.028851853370785,130.3176597225251,1.823175058351712,0.2678976162025138,0.272526568833523,33.5,6.710238379748618,20.03056232760781,1.1451951212542395
frame_218,0,127,1,1,False,False,True,3.4336853503849416,True,True,[],[   -0.01805     0.24314     0.96982],19.60808447029576,-39.34539390619736,1.64405349701992,0.3204059766949769,0.3284204645815388,33.5,1.459402330502313,4.356424867171083,1.5594350500066458
frame_219,0,255,7,1,False,False,True,3.6757174862990554,True,True,[],[   -0.37772     0.29503     0.87766],19.50417801384885,130.3445237524688,1.0749667903901048,0.2641294629233783,0.2717392010948556,33.5,7.087053707662166,21.155384201976617,1.1417076640373731
frame_219,0,127,1,1,False,False,True,3.496483982928906,True,True,[],[  -0.049835     0.26616     0.96264],18.66295906311048,-39.241202154061966,1.5331931374950134,0.3206335219501401,0.3284701951752448,33.5,1.4366478049859854,4.288500910405927,1.5588571641034696
frame_220,0,255,7,1,False,False,True,3.9392758322611505,True,True,[],[   -0.22036     0.11599      0.9685],19.006737685699665,130.60112370010106,2.1040759326169205,0.2723898959206091,0.275664779695509,33.5,6.261010407939094,18.68958330728088,1.1375504702778096
frame_220,0,127,1,1,False,False,True,3.5299741251531747,True,True,[],[  -0.051163      0.2634     0.96333],19.218422205363847,-39.33253656919808,1.625959996842839,0.3197632006910719,0.3283077860401026,33.5,1.5236799308928128,4.548298301172576,1.5608939903679755
frame_221,0,255,7,1,False,False,True,4.0165416486274115,True,True,[],[   -0.33911     0.28039     0.89799],16.723185246010914,130.66978411084344,2.1097416237647404,0.2765932548919871,0.2805240759950678,33.5,5.840674510801286,17.434849285973986,1.1358364293485663
frame_221,0,127,1,1,False,False,True,3.488015124391382,True,True,[],[  -0.049175     0.26739     0.96233],18.931165712602045,-38.77065522962344,1.5759495467873357,0.3183607404144686,0.3271978422342298,33.5,1.6639259585531418,4.966943159860125,1.561291113390025
frame_222,0,255,7,1,False,False,True,4.025372298645378,True,True,[],[   -0.31965     0.27749     0.90599],17.176758691871484,130.18497104227188,1.1133898219618217,0.2696771041468421,0.2723801658645802,33.5,6.532289585315793,19.499371896465053,1.130494593285089
frame_222,0,127,1,1,False,False,True,3.523364663318074,True,True,[],[  -0.036939     0.25575     0.96604],19.241679475464583,-38.66019718461583,1.6201326980712334,0.3200457312065126,0.3274284169533117,33.5,1.495426879348738,4.46396083387683,1.5621229917019397
frame_223,0,255,7,1,False,False,True,4.049848263389206,True,True,[],[   -0.31902     0.31732     0.89305],15.673856831582007,130.8786235871003,1.0674027938841446,0.2968987645928497,0.2973131039695377,33.5,3.8101235407150327,11.373503106612038,1.1252628638355742
frame_223,0,127,1,1,False,False,True,3.5737653373010234,True,True,[],[  -0.051357     0.25987     0.96428],19.704609505907214,-38.53972889756246,1.6140626432528098,0.3235425470432215,0.3293209432715198,33.5,1.1457452956778469,3.420135210978648,1.5638448572825718
frame_224,0,255,7,1,False,False,True,3.799593588566283,True,True,[],[   -0.30646     0.33638     0.89047],15.0807081725909,127.42127082348529,1.0235947665063938,0.267286314534628,0.2694849119842189,33.5,6.771368546537204,20.21304043742449,1.118860641154038
frame_224,0,127,1,1,False,False,True,3.5640003259202757,True,True,[],[   0.011055     0.22075     0.97527],20.921757602376044,-37.74869592502088,1.6383117493956512,0.3200746242306628,0.3288432141832678,33.5,1.4925375769337224,4.455336050548425,1.5648910268703171
frame_225,0,255,1,1,False,False,True,3.557248062099829,True,True,[],[ -0.0022083     0.23099     0.97295],18.97034521630616,-37.60338661951474,2.0095142353149718,0.3215844480828479,0.3272362565676684,33.5,1.3415551917152102,4.004642363328985,1.5666128464674545
frame_226,0,255,7,1,False,False,True,3.7972696382206483,True,True,[],[   -0.59521     0.76607     0.24264],10.321942175768726,127.80897497526637,0.2275308461177467,0.2269346569660814,0.2257297140263433,33.5,10.806534303391857,32.25831135340852,1.119135813878707
frame_226,0,127,1,1,False,False,True,3.5333767652919583,True,True,[],[ 0.00088347     0.22884     0.97346],18.95236128523168,-37.63229686798603,2.074851200975981,0.3189757396900062,0.3250138823489323,33.5,1.602426030999382,4.78336128656532,1.5659169172749978
frame_227,0,255,7,1,False,False,True,4.151961010237557,True,True,[],[   -0.60711     0.76295     0.22208],8.67185353283373,128.8864830762844,0.3489692524889911,0.2739840189110332,0.2691386222828436,33.5,6.1015981088966775,18.21372569819904,1.1258441631034035
frame_227,0,127,1,1,False,False,True,3.612691441256891,True,True,[],[ -0.0081001     0.23077     0.97297],18.645846772968483,-37.364480860913545,1.519290364480567,0.3115405558763745,0.3179410614884429,33.5,2.3459444123625497,7.002819141380745,1.565804914681226
frame_228,0,255,7,1,False,True,True,3.6842303708941744,True,False,[1],[   -0.15503     0.41496     0.89654],5.618204784923071,126.53654694187064,0.5899909500988645,0.2462134773564125,0.2380055875045677,33.5,8.878652264358752,26.50343959510075,1.1310578015650588
frame_228,0,127,1,1,False,True,False,2.9608613771966605,True,False,[7],[  -0.029696     0.24928     0.96798],17.735263128752678,-37.68492237010647,1.9873249149762335,0.3152166676461165,0.3227356446298295,33.5,1.9783332353883465,5.905472344442826,1.5724455050049946
frame_229,0,255,7,1,False,False,True,5.442446092907286,True,True,[],[   -0.20887     0.42572     0.88042],3.939335492307228,128.1430450664705,2.0832687906274474,0.2697044584557864,0.272944514581091,33.5,6.529554154421358,19.49120643110853,1.1396278725940254
frame_230,0,255,7,1,False,False,True,5.370282176827987,True,True,[],[   -0.19846     0.38878      0.8997],2.132841283120126,130.28418395731788,2.001538453723036,0.2603104863340582,0.2631168125348582,33.5,7.468951366594184,22.295377213713984,1.1466574224855268
frame_231,0,255,1,1,False,True,False,3.483403561469556,True,False,[7],[ -0.0099144     0.23978     0.97078],14.50979977520715,-33.694395450250504,1.93399036701757,0.2779738441785804,0.2832078932048161,33.5,5.702615582141962,17.02273308102078,1.5726346598981211
frame_231,0,127,7,1,False,True,True,3.9906275131243665,True,False,[1],[  -0.070645     0.27258     0.95954],73.50562680238144,103.94907277644393,2.0005534609528275,1.99985982661938,2.0005534609528275,33.5,166.48598266193798,496.9730825729493,1.2026687329720815
frame_232,0,255,1,1,False,True,False,3.4017540892212397,True,False,[7],[   -0.05585     0.27288     0.96043],17.54142651731577,-36.81701951712346,1.8099726980401207,0.3145716353276866,0.3261373200515227,33.5,2.04283646723134,6.09801930516818,1.579646431703814
frame_232,0,127,7,1,False,True,True,4.105569100856327,True,False,[1],[  -0.066974     0.26641     0.96153],4.5682240347238,134.49566431068962,2.116300830908848,0.2540633970446735,0.2538165588207074,33.5,8.09366029553265,24.16017998666463,1.16051288972418
frame_233,0,255,1,1,False,False,True,3.482156980800706,True,True,[],[  -0.041531     0.24379     0.96894],17.717094627627034,-37.92439017601098,1.5290665556548904,0.315687462250854,0.327739743614662,33.5,1.931253774914604,5.764936641536131,1.578071001616982
frame_233,0,127,7,1,False,False,True,4.131335531885635,True,True,[],[  -0.051879     0.27145     0.96105],7.357167438205331,133.44271023632174,2.1173371623781536,0.2707632620540418,0.2696215848872775,33.5,6.423673794595825,19.17514565550992,1.1649628089598814
frame_234,0,255,1,1,False,False,True,3.447188362284689,True,True,[],[  -0.063278     0.26676     0.96168],17.969986227678756,-37.628924842555946,1.5335290748928756,0.3190327273172031,0.3288075623518107,33.5,1.5967272682796851,4.7663500545662245,1.584748503053088
frame_234,0,127,7,1,False,False,True,4.00269699839747,True,True,[],[  -0.095836     0.33655     0.93678],9.345197898337885,132.54934754647132,2.1019312781233737,0.2889509601426811,0.2897510368853236,33.5,4.604903985731889,13.745982046960863,1.170005892738362
frame_235,0,255,1,1,False,False,True,3.4249003603478845,True,True,[],[  -0.047029     0.25665     0.96536],19.373342567145382,-37.6251191843621,1.518405497788334,0.3213844637876956,0.3307027361030765,33.5,1.361553621230438,4.0643391678520535,1.588992138534037
frame_235,0,127,7,1,False,False,True,4.162079224739566,True,True,[],[  -0.033161      0.3116     0.94964],13.428002966601946,127.84943087102194,2.017335816767837,0.2902993866610411,0.2899668600836208,33.5,4.470061333895892,13.343466668345949,1.173316762095592
frame_236,0,255,1,1,False,False,True,3.506885259640996,True,True,[],[   -0.04893     0.24548     0.96817],19.63389232762107,-37.67740328454229,1.604762229435319,0.3216749873890052,0.3270717491790349,33.5,1.3325012610994835,3.977615704774578,1.591016258115011
frame_236,0,127,7,1,False,False,True,4.5262357040491,True,True,[],[   0.022993     0.28634     0.95785],15.270629135102476,124.04988414349113,2.091891096233062,0.2907890147755347,0.2894411612589499,33.5,4.421098522446526,13.197309022228437,1.1695458898105584
frame_237,0,255,1,1,False,False,True,3.468548891588059,True,True,[],[  -0.027782     0.24274     0.96969],18.59539839905163,-38.78815882678756,1.6139917078184685,0.321670844897029,0.3279068913114533,33.5,1.3329155102971002,3.978852269543583,1.5956010174145012
frame_237,0,127,7,1,False,False,True,4.1695863488732305,True,True,[],[   0.039621     0.29407     0.95496],19.1019317276928,121.37803682959444,2.1566439006659754,0.2938876743938887,0.2935343610820611,33.5,4.111232560611134,12.27233600182428,1.1639527116489334
frame_238,0,255,1,1,False,False,True,3.4946080705911693,True,True,[],[  -0.053393     0.25824      0.9646],15.791583989418562,-40.00015791369735,1.5912601007707647,0.3241160993952264,0.3401767528361392,33.5,1.0883900604773566,3.248925553663752,1.6012639738683816
frame_238,0,127,7,1,False,False,True,4.183061718570642,True,True,[],[   0.061305     0.28915     0.95532],21.91707577619197,119.37122510898992,2.1471888697177395,0.2957856519465915,0.2957950777249304,33.5,3.921434805340851,11.705775538330895,1.1543686275482177
frame_239,0,255,1,1,False,False,True,3.453395575580165,True,True,[],[  -0.034768     0.24849     0.96801],14.50437786071945,-40.16044150074416,1.5935532172657103,0.3193521023704839,0.3300189152295208,33.5,1.5647897629516128,4.671014217766008,1.6029709496472837
frame_239,0,127,7,1,False,False,True,4.239626273751659,True,True,[],[   0.066193      0.3159     0.94648],24.611408535061454,117.86343001620376,2.063542630868354,0.2982389328165984,0.2988365904562061,33.5,3.6761067183401552,10.973452890567629,1.1412609797035955
frame_240,0,255,1,1,False,False,True,3.4727630640647997,True,True,[],[  -0.032745     0.24885     0.96799],16.260932659619304,-39.36088894980722,1.5630246663856389,0.3219437759983707,0.3302182440713308,33.5,1.3056224001629255,3.897380298993808,1.6056549667645708
frame_240,0,127,7,1,False,False,True,4.083631834181756,True,True,[],[   0.094559     0.29102     0.95203],27.184314041878235,115.1041095641273,2.220489307208497,0.2946733274056136,0.297942121158435,33.5,4.032667259438638,12.037812714742202,1.1240691279829111
frame_241,0,255,1,1,False,False,True,3.4188312609601206,True,True,[],[  -0.030981     0.23842     0.97067],16.882993031533204,-38.77876686859195,1.6108345238689925,0.320841465776846,0.3284459242707578,33.5,1.4158534223153996,4.226428126314626,1.6087988490061311
frame_241,0,127,7,1,False,False,True,3.9473039704403687,True,True,[],[    0.10302     0.29843     0.94885],30.22432530168462,112.8283749134986,2.1817221445334845,0.2930807119858101,0.2989192496484086,33.5,4.191928801418987,12.513220302743244,1.1046620031857235
frame_242,0,255,1,1,False,False,True,3.45073892905789,True,True,[],[  -0.044767      0.2522     0.96664],17.804789104320395,-37.898032256429445,1.5154571010558782,0.3207624353969266,0.3305498292562978,33.5,1.423756460307335,4.250019284499508,1.6144993168709756
frame_242,0,127,7,1,False,False,True,3.7147369925745752,True,True,[],[   0.093585     0.32757     0.94018],33.86565229061074,109.7002670533183,2.23576201159118,0.2996600581522252,0.3055834634680402,33.5,3.533994184777484,10.5492363724701,1.0851586539205982
frame_243,0,255,1,1,False,False,True,3.435280330309003,True,True,[],[   -0.05273      0.2584      0.9646],17.90319548781132,-37.10731801270972,1.5793597402561603,0.321479185600998,0.3302895894463888,33.5,1.352081439900199,4.036063999702087,1.6150707727045348
frame_243,0,127,7,1,False,False,True,3.5059526953580993,True,True,[],[    0.11025       0.317       0.942],37.22050297526858,107.54744891897992,2.2460917826442137,0.2944543526331881,0.304852946662977,33.5,4.054564736681193,12.103178318451324,1.0657350582388798
frame_244,0,255,1,1,False,False,True,3.4100759378866607,True,True,[],[  -0.037121       0.245     0.96881],15.730072212335678,-37.108694291439946,1.5865361935295152,0.3217226255401708,0.3309688073134497,33.5,1.327737445982924,3.963395361143057,1.6205829233670757
frame_245,0,255,1,1,False,False,True,3.327971371474192,True,True,[],[  -0.063435     0.26954      0.9609],13.416744439371028,-37.15972726788784,1.565857127085243,0.3212056809979152,0.3337949820051648,33.5,1.3794319002084776,4.117707164801425,1.62691513938679
frame_246,0,255,7,1,False,False,True,3.089293746499982,True,True,[],[    0.19915     0.25586     0.94598],31.427258598285377,99.22803205365209,2.3732507036877277,0.2017401265757529,0.1943109626874614,33.5,13.32598734242471,39.77906669380511,0.995244625030164
frame_246,0,127,1,1,False,False,True,3.427219303220744,True,True,[],[  -0.053108     0.25689     0.96498],12.84070877805767,-37.22930972814356,1.55957871935137,0.3217901119367263,0.3314270898793776,33.5,1.3209888063273667,3.943250168141393,1.6319247229141427
frame_247,0,255,1,1,False,False,True,3.424171551039,True,True,[],[  -0.079377     0.27989     0.95675],12.423897044062103,-37.16663316208493,1.468669264790161,0.3239296902159531,0.3344591773404433,33.5,1.107030978404694,3.304570084790131,1.6309344759825408
