video_day,source_folder,frame_id,class_name,object_id,track_id,is_3D_complete,in_image_borders,does_overlap,is_front_fish,aspect_ratio,fish_3d_ok,overlapping_fish_ids,fish_direction,elevation_deg,azimuth_deg,raw_length,filtered_length,spine_length,gt,abs_error_cm,rel_error_%,fish_dist_from_camera
2024_11_12,10_44_11_0,frame_1,0,255,-1,1,False,False,True,2.8794448749236,True,[],,,,,,,31.5,,,
2024_11_12,10_44_11_0,frame_9,0,255,-1,1,False,False,True,3.122188948303312,True,[],,,,,,,31.5,,,
2024_11_12,10_44_11_0,frame_12,0,255,-1,0,True,False,True,3.172234961823026,False,[],,,,,,,31.5,,,
2024_11_12,10_44_11_0,frame_13,0,255,3,0,True,False,True,3.169992061787312,False,[],,,,,,,31.5,,,
2024_11_12,10_44_11_0,frame_15,0,255,3,0,True,False,True,2.7621951219512195,False,[],,,,,,,31.5,,,
2024_11_12,10_44_11_0,frame_16,0,255,3,0,True,False,True,3.1517141887323703,False,[],,,,,,,31.5,,,
2024_11_12,10_44_11_0,frame_17,0,255,3,0,True,False,True,2.615749442926795,False,[],,,,,,,31.5,,,
2024_11_12,10_44_11_0,frame_18,0,255,3,0,True,False,True,2.8219687125307416,False,[],,,,,,,31.5,,,
2024_11_12,10_44_11_0,frame_19,0,255,3,0,True,False,True,3.875000041293288,False,[],,,,,,,31.5,,,
2024_11_12,10_44_11_0,frame_20,0,255,3,0,False,False,True,3.5781936881518064,False,[],,,,,,,31.5,,,
2024_11_12,10_44_11_0,frame_21,0,255,3,0,False,False,True,3.822578846960361,False,[],,,,,,,31.5,,,
2024_11_12,10_44_11_0,frame_22,0,255,3,0,False,False,True,3.668962150203177,False,[],,,,,,,31.5,,,
2024_11_12,10_44_11_0,frame_23,0,255,3,0,True,False,True,3.5440608172983183,False,[],,,,,,,31.5,,,
2024_11_12,10_44_11_0,frame_24,0,255,3,0,True,False,True,3.453846315396802,False,[],,,,,,,31.5,,,
2024_11_12,10_44_11_0,frame_25,0,255,3,0,True,False,True,3.446721705315666,False,[],,,,,,,31.5,,,
2024_11_12,10_44_11_0,frame_27,0,255,3,0,True,False,True,3.143540832882304,False,[],,,,,,,31.5,,,
2024_11_12,10_44_11_0,frame_29,0,255,3,0,True,False,True,3.351361600274998,False,[],,,,,,,31.5,,,
2024_11_12,10_44_11_0,frame_30,0,255,3,0,True,False,True,3.381306576458848,False,[],,,,,,,31.5,,,
2024_11_12,10_44_11_0,frame_31,0,255,3,0,True,False,True,3.2646484291870475,False,[],,,,,,,31.5,,,
2024_11_12,10_44_11_0,frame_32,0,255,3,0,True,False,True,3.17001460680802,False,[],,,,,,,31.5,,,
2024_11_12,10_44_11_0,frame_33,0,255,3,0,True,False,True,3.166371866685168,False,[],,,,,,,31.5,,,
2024_11_12,10_44_11_0,frame_34,0,255,3,0,True,False,True,3.148173261862919,False,[],,,,,,,31.5,,,
2024_11_12,10_44_11_0,frame_35,0,255,3,0,True,False,True,3.1141569052913787,False,[],,,,,,,31.5,,,
2024_11_12,10_44_11_0,frame_36,0,255,3,0,True,False,True,3.079738673321642,False,[],,,,,,,31.5,,,
2024_11_12,10_44_11_0,frame_38,0,255,3,0,True,False,True,3.065523089136687,False,[],,,,,,,31.5,,,
2024_11_12,10_44_11_0,frame_39,0,255,3,0,True,False,True,3.060000458178759,False,[],,,,,,,31.5,,,
2024_11_12,10_44_11_0,frame_40,0,255,3,0,True,False,True,3.089370406040516,False,[],,,,,,,31.5,,,
2024_11_12,10_44_11_0,frame_41,0,255,3,0,True,False,True,3.117760759261526,False,[],,,,,,,31.5,,,
2024_11_12,10_44_11_0,frame_42,0,255,3,0,True,False,True,3.1030194483935283,False,[],,,,,,,31.5,,,
2024_11_12,10_44_11_0,frame_43,0,255,3,0,True,False,True,3.1806847636947904,False,[],,,,,,,31.5,,,
2024_11_12,10_44_11_0,frame_44,0,255,3,0,True,False,True,3.137190386411944,False,[],,,,,,,31.5,,,
2024_11_12,10_44_11_0,frame_45,0,255,3,0,True,False,True,3.2085254113073147,False,[],,,,,,,31.5,,,
2024_11_12,10_44_11_0,frame_46,0,255,3,0,True,False,True,3.150094085175211,False,[],,,,,,,31.5,,,
2024_11_12,10_44_11_0,frame_47,0,255,3,0,False,False,True,3.207317175925603,False,[],,,,,,,31.5,,,
2024_11_12,10_44_11_0,frame_48,0,255,3,0,False,False,True,3.3322885648766127,False,[],,,,,,,31.5,,,
2024_11_12,10_44_11_0,frame_50,0,255,3,0,False,False,True,3.157572858170985,False,[],,,,,,,31.5,,,
2024_11_12,10_44_11_0,frame_51,0,255,3,0,False,False,True,3.1813072227419923,False,[],,,,,,,31.5,,,
2024_11_12,10_44_11_0,frame_52,0,255,3,0,False,False,True,3.221622946521317,False,[],,,,,,,31.5,,,
2024_11_12,10_44_11_0,frame_53,0,255,3,0,False,False,True,3.4269260387791745,False,[],,,,,,,31.5,,,
2024_11_12,10_44_11_0,frame_55,0,255,3,0,False,False,True,3.377075846032457,False,[],,,,,,,31.5,,,
2024_11_12,10_44_11_0,frame_56,0,255,3,0,False,False,True,3.1825658720818457,False,[],,,,,,,31.5,,,
2024_11_12,10_44_11_0,frame_57,0,255,3,0,False,False,True,3.170269573466509,False,[],,,,,,,31.5,,,
2024_11_12,10_44_11_0,frame_58,0,255,3,0,False,False,True,3.181563886745068,False,[],,,,,,,31.5,,,
2024_11_12,10_44_11_0,frame_59,0,255,3,0,False,False,True,3.218947213157519,False,[],,,,,,,31.5,,,
2024_11_12,10_44_11_0,frame_60,0,255,3,0,False,False,True,3.1823322225150954,False,[],,,,,,,31.5,,,
2024_11_12,10_44_11_0,frame_61,0,255,3,1,False,False,True,3.148643999137314,True,[],,,,,,,31.5,,,
2024_11_12,10_44_11_0,frame_62,0,255,3,0,False,False,True,3.127177501205078,False,[],,,,,,,31.5,,,
2024_11_12,10_44_11_0,frame_63,0,255,3,0,False,False,True,3.134838098024259,False,[],,,,,,,31.5,,,
2024_11_12,10_44_11_0,frame_64,0,255,3,0,False,False,True,3.1648279539513884,False,[],,,,,,,31.5,,,
2024_11_12,10_44_11_0,frame_66,0,255,3,0,False,False,True,3.1787727051769945,False,[],,,,,,,31.5,,,
2024_11_12,10_44_11_0,frame_67,0,255,3,0,False,False,True,3.095476735366004,False,[],,,,,,,31.5,,,
2024_11_12,10_44_11_0,frame_68,0,255,3,0,False,False,True,3.1320774987476367,False,[],,,,,,,31.5,,,
2024_11_12,10_44_11_0,frame_72,0,255,3,0,False,False,True,3.139551220495098,False,[],,,,,,,31.5,,,
2024_11_12,10_44_11_0,frame_73,0,255,3,0,False,False,True,3.101454416535045,False,[],,,,,,,31.5,,,
2024_11_12,10_44_11_0,frame_75,0,255,3,0,False,False,True,3.064735024210264,False,[],,,,,,,31.5,,,
2024_11_12,10_44_11_0,frame_79,0,255,3,0,False,False,True,3.0896092729690063,False,[],,,,,,,31.5,,,
2024_11_12,10_44_11_0,frame_81,0,255,3,0,False,False,True,2.9845339202967347,False,[],,,,,,,31.5,,,
2024_11_12,10_44_11_0,frame_86,0,255,3,0,False,False,True,2.8881615516842216,False,[],,,,,,,31.5,,,
2024_11_12,10_44_11_0,frame_87,0,255,3,0,False,False,True,2.963744091975036,False,[],,,,,,,31.5,,,
2024_11_12,10_44_11_0,frame_88,0,255,3,0,False,False,True,2.916110767495361,False,[],,,,,,,31.5,,,
2024_11_12,10_44_11_0,frame_99,0,255,3,0,False,False,True,3.188086859163516,False,[],,,,,,,31.5,,,
2024_11_12,10_44_11_0,frame_100,0,255,3,0,False,False,True,3.2624005664277016,False,[],,,,,,,31.5,,,
2024_11_12,10_44_11_0,frame_101,0,255,3,0,False,False,True,3.2937765113957216,False,[],,,,,,,31.5,,,
2024_11_12,10_44_11_0,frame_102,0,255,3,0,False,False,True,3.2106996455234964,False,[],,,,,,,31.5,,,
2024_11_12,10_44_11_0,frame_105,0,255,3,0,False,False,True,3.150863141395225,False,[],,,,,,,31.5,,,
2024_11_12,10_44_11_0,frame_107,0,255,3,0,False,False,True,3.1795484502043694,False,[],,,,,,,31.5,,,
2024_11_12,10_44_11_0,frame_108,0,255,3,1,False,False,True,3.126219113178596,True,[],[  -0.047796    -0.32801     0.94346],3.7147653710741775,9.934494054017176,2.376049989234571,0.4282479451279653,0.4248958482306241,31.5,11.32479451279653,35.951728612052484,0.6995756637871153
2024_11_12,10_44_11_0,frame_111,0,255,3,0,False,False,True,3.117850974232629,False,[],,,,,,,31.5,,,
2024_11_12,10_44_11_0,frame_112,0,255,3,0,False,False,True,3.0717854726013445,False,[],,,,,,,31.5,,,
2024_11_12,10_44_11_0,frame_113,0,255,3,0,False,False,True,3.095976289485387,False,[],,,,,,,31.5,,,
2024_11_12,10_44_11_0,frame_115,0,255,3,1,False,False,True,3.098472739404895,True,[],,-0.0375803163395092,14.808503000582853,-1.0,0.4359340893219252,0.4367368680679787,31.5,12.093408932192517,38.39177438791277,0.692552195410179
2024_11_12,10_44_11_0,frame_117,0,255,3,0,False,False,True,3.013914759772005,False,[],,,,,,,31.5,,,
2024_11_12,10_44_11_0,frame_118,0,255,3,1,False,False,True,3.024011594938678,True,[],,2.22647740871636,9.253469493257011,-1.0,0.4349105233745206,0.4340058711427147,31.5,11.99105233745206,38.06683281730812,0.7129485579866219
2024_11_12,10_44_11_0,frame_121,0,255,3,0,False,False,True,3.0090471246449133,False,[],,,,,,,31.5,,,
2024_11_12,10_44_11_0,frame_122,0,255,3,0,False,False,True,3.0775890992615174,False,[],,,,,,,31.5,,,
2024_11_12,10_44_11_0,frame_124,0,255,3,0,True,False,True,3.144191466998333,False,[],,,,,,,31.5,,,
2024_11_12,10_44_11_0,frame_125,0,255,3,0,False,False,True,3.119533381355944,False,[],,,,,,,31.5,,,
2024_11_12,10_44_11_0,frame_126,0,255,3,1,False,False,True,3.20432446725527,True,[],[    0.50741    -0.14805     0.84889],-0.4296233380925776,15.376114950717287,1.6655101445197742,0.4293565357994707,0.4209763283827105,31.5,11.435653579947072,36.30366215856212,0.6921040463364709
2024_11_12,10_44_11_0,frame_128,0,255,3,0,False,False,True,3.807490863164507,False,[],,,,,,,31.5,,,
2024_11_12,10_44_11_0,frame_129,0,255,3,0,False,False,True,3.919213511438567,False,[],,,,,,,31.5,,,
2024_11_12,10_44_11_0,frame_130,0,255,3,0,False,False,True,3.680407094466842,False,[],,,,,,,31.5,,,
2024_11_12,10_44_11_0,frame_131,0,255,3,0,False,False,True,3.6693191918443415,False,[],,,,,,,31.5,,,
2024_11_12,10_44_11_0,frame_132,0,255,3,0,False,False,True,3.7499054617732366,False,[],,,,,,,31.5,,,
2024_11_12,10_44_11_0,frame_136,0,255,3,0,False,False,True,3.546381078540888,False,[],,,,,,,31.5,,,
2024_11_12,10_44_11_0,frame_163,0,255,3,0,False,False,True,3.432860042438529,False,[],,,,,,,31.5,,,
2024_11_12,10_44_11_0,frame_164,0,255,3,0,False,False,True,3.607592654189449,False,[],,,,,,,31.5,,,
2024_11_12,10_44_11_0,frame_165,0,255,3,0,False,False,True,3.719240017164192,False,[],,,,,,,31.5,,,
2024_11_12,10_44_11_0,frame_166,0,255,3,0,False,False,True,3.6365707950310906,False,[],,,,,,,31.5,,,
2024_11_12,10_44_11_0,frame_167,0,255,3,0,False,False,True,3.5992562666421817,False,[],,,,,,,31.5,,,
2024_11_12,10_44_11_0,frame_173,0,255,3,0,True,False,True,3.590227718138249,False,[],,,,,,,31.5,,,
2024_11_12,10_44_11_0,frame_183,0,255,3,0,False,False,True,3.647462998248593,False,[],,,,,,,31.5,,,
2024_11_12,10_44_11_0,frame_185,0,255,3,0,False,False,True,3.570854887635383,False,[],,,,,,,31.5,,,
2024_11_12,10_44_11_0,frame_186,0,255,3,0,False,False,True,3.636323205045697,False,[],,,,,,,31.5,,,
2024_11_12,10_44_11_0,frame_187,0,255,3,0,False,False,True,3.585515065057801,False,[],,,,,,,31.5,,,
2024_11_12,10_44_11_0,frame_188,0,255,3,0,False,False,True,3.5899086263682056,False,[],,,,,,,31.5,,,
2024_11_12,10_44_11_0,frame_189,0,255,3,0,False,False,True,3.5121907576847486,False,[],,,,,,,31.5,,,
2024_11_12,10_44_11_0,frame_190,0,255,3,0,False,False,True,3.4553450817501687,False,[],,,,,,,31.5,,,
2024_11_12,10_44_11_0,frame_191,0,255,3,0,False,False,True,3.397903692294365,False,[],,,,,,,31.5,,,
2024_11_12,10_44_11_0,frame_192,0,255,3,0,False,False,True,3.467192588637388,False,[],,,,,,,31.5,,,
2024_11_12,10_44_11_0,frame_193,0,255,3,0,False,False,True,3.777222840264632,False,[],,,,,,,31.5,,,
2024_11_12,10_44_11_0,frame_194,0,255,3,0,False,False,True,3.734060558921479,False,[],,,,,,,31.5,,,
2024_11_12,10_44_11_0,frame_195,0,255,3,0,False,False,True,3.774966125931734,False,[],,,,,,,31.5,,,
2024_11_12,10_44_11_0,frame_200,0,255,3,0,False,False,True,4.211488584105674,False,[],,,,,,,31.5,,,
2024_11_12,10_44_11_0,frame_201,0,255,3,0,False,False,True,4.117286241016123,False,[],,,,,,,31.5,,,
2024_11_12,10_44_11_0,frame_202,0,255,3,0,False,False,True,4.287499945010898,False,[],,,,,,,31.5,,,
2024_11_12,10_44_11_0,frame_203,0,255,3,0,False,False,True,3.83283643568307,False,[],,,,,,,31.5,,,
2024_11_12,10_44_11_0,frame_204,0,255,3,0,True,False,True,3.7293109054596183,False,[],,,,,,,31.5,,,
2024_11_12,10_44_11_0,frame_205,0,255,3,0,True,False,True,3.7184520552850486,False,[],,,,,,,31.5,,,
2024_11_12,10_44_11_0,frame_206,0,255,3,0,True,False,True,3.454618000516792,False,[],,,,,,,31.5,,,
2024_11_12,10_44_11_0,frame_212,0,255,3,0,False,False,True,3.164966272221575,False,[],,,,,,,31.5,,,
2024_11_12,10_44_11_0,frame_213,0,255,3,0,False,False,True,3.105119960477248,False,[],,,,,,,31.5,,,
2024_11_12,10_44_11_0,frame_216,0,255,3,0,False,False,True,3.651163328509476,False,[],,,,,,,31.5,,,
2024_11_12,10_44_11_0,frame_217,0,255,3,0,False,False,True,4.04811422323866,False,[],,,,,,,31.5,,,
2024_11_12,10_44_11_0,frame_243,0,255,3,1,True,False,True,3.26945527000514,False,[],,,,,,,31.5,,,
2024_11_12,10_44_11_0,frame_258,0,255,3,1,True,False,True,3.805437798186551,False,[],,,,,,,31.5,,,
2024_11_12,10_44_11_0,frame_261,0,255,3,0,True,False,True,3.622422824383377,False,[],,,,,,,31.5,,,
2024_11_12,10_44_11_0,frame_269,0,255,3,0,True,False,True,3.55615290292824,False,[],,,,,,,31.5,,,
2024_11_12,10_44_11_0,frame_270,0,255,3,0,True,False,True,3.684063834398995,False,[],,,,,,,31.5,,,
2024_11_12,10_44_11_0,frame_271,0,255,3,0,True,False,True,2.752561119839412,False,[],,,,,,,31.5,,,
2024_11_12,10_44_11_0,frame_282,0,255,3,1,True,False,True,2.6852869500612657,False,[],,,,,,,31.5,,,
2024_11_12,10_44_11_0,frame_285,0,255,3,1,False,False,True,2.990104416245526,True,[],[    0.38489    -0.41355     0.82513],3.5003125239322235,-21.62736102409015,1.91657092620337,0.3049564617242839,0.2790926015312214,31.5,1.004353827571606,3.188424849433676,0.6949216007899166
2024_11_12,10_44_11_0,frame_286,0,255,3,1,False,False,True,2.9650380076795804,True,[],[     0.4619    -0.36062     0.81031],3.726351649196713,-14.54635793784477,1.1114677115641942,0.3081987008186351,0.2869837597784439,31.5,0.6801299181364904,2.1591425972587,0.6988558915204415
2024_11_12,10_44_11_0,frame_287,0,255,3,0,False,False,True,2.5658731084284114,False,[],,,,,,,31.5,,,
2024_11_12,10_44_11_0,frame_288,0,255,3,1,False,False,True,2.647713712970739,True,[],[     0.2998    -0.30479       0.904],-2.3559486048973763,-6.160838195957759,1.1724937026428182,0.3128052852512374,0.3056987424727642,31.5,0.21947147487625784,0.6967348408770139,0.6959886623286319
2024_11_12,10_44_11_0,frame_289,0,255,3,1,True,False,True,2.669230769230769,False,[],,,,,,,31.5,,,
2024_11_12,10_44_11_0,frame_290,0,255,3,1,True,False,True,3.067796610169492,False,[],,,,,,,31.5,,,
2024_11_12,10_44_11_0,frame_292,0,255,3,1,True,False,True,4.4603174603174605,False,[],,,,,,,31.5,,,
2024_11_12,10_44_11_0,frame_293,0,255,-1,1,False,False,True,3.038709884230713,True,[],,,,,,,31.5,,,
2024_11_12,10_44_11_0,frame_299,0,255,-1,0,True,False,True,4.8,False,[],,,,,,,31.5,,,
2024_11_12,10_44_11_0,frame_300,0,255,7,1,True,False,True,3.647058823529412,False,[],,,,,,,31.5,,,
2024_11_12,10_44_11_0,frame_301,0,255,7,1,True,False,True,2.346938775510204,False,[],,,,,,,31.5,,,
2024_11_12,10_44_11_0,frame_302,0,255,7,1,True,False,True,1.619047619047619,False,[],,,,,,,31.5,,,
2024_11_12,10_44_11_0,frame_303,0,255,7,1,True,False,True,1.1645569620253164,False,[],,,,,,,31.5,,,
2024_11_12,10_44_11_0,frame_305,0,255,-1,1,True,False,True,1.952137709470585,False,[],,,,,,,31.5,,,
2024_11_12,10_44_11_0,frame_306,0,255,8,1,True,False,True,2.1832215670893245,False,[],,,,,,,31.5,,,
2024_11_12,10_44_11_0,frame_307,0,255,8,0,True,False,True,2.6237322094724043,False,[],,,,,,,31.5,,,
2024_11_12,10_44_11_0,frame_308,0,255,8,0,True,False,True,2.391183378019653,False,[],,,,,,,31.5,,,
2024_11_12,10_44_11_0,frame_309,0,255,8,1,True,False,True,1.7083333333333333,False,[],,,,,,,31.5,,,
2024_11_12,10_44_11_0,frame_314,0,255,8,0,True,False,True,1.5714285714285714,False,[],,,,,,,31.5,,,
2024_11_12,10_44_11_0,frame_315,0,255,8,1,True,False,True,2.1690140845070425,False,[],,,,,,,31.5,,,
2024_11_12,10_44_11_0,frame_317,0,255,8,1,True,False,True,1.8909090909090909,False,[],,,,,,,31.5,,,
2024_11_12,10_44_11_0,frame_318,0,255,8,0,True,False,True,1.4893617021276595,False,[],,,,,,,31.5,,,
2024_11_12,10_44_11_0,frame_328,0,255,-1,1,True,False,True,2.03125,False,[],,,,,,,31.5,,,
2024_11_12,10_44_11_0,frame_329,0,255,9,1,True,False,True,1.4615384615384617,False,[],,,,,,,31.5,,,
2024_11_12,10_44_11_0,frame_330,0,255,9,1,True,False,True,1.93714466190714,False,[],,,,,,,31.5,,,
2024_11_12,10_44_11_0,frame_331,0,255,9,1,True,False,True,1.7734376462956776,False,[],,,,,,,31.5,,,
2024_11_12,10_44_11_0,frame_336,0,255,9,1,True,False,True,2.039377574930361,False,[],,,,,,,31.5,,,
2024_11_12,10_44_11_0,frame_337,0,255,9,1,True,False,True,2.033802819084164,False,[],,,,,,,31.5,,,
2024_11_12,10_44_11_0,frame_338,0,255,9,1,True,False,True,1.621024445937338,False,[],,,,,,,31.5,,,
2024_11_12,10_44_11_0,frame_340,0,255,9,1,True,False,True,1.5294117647058822,False,[],,,,,,,31.5,,,
2024_11_12,10_44_11_0,frame_341,0,255,9,1,True,False,True,1.8131868131868127,False,[],,,,,,,31.5,,,
2024_11_12,10_44_11_0,frame_342,0,255,9,1,True,False,True,2.123456790123457,False,[],,,,,,,31.5,,,
2024_11_12,10_44_11_0,frame_343,0,255,9,1,True,False,True,2.6714285714285717,False,[],,,,,,,31.5,,,
2024_11_12,10_44_11_0,frame_344,0,255,9,1,True,False,True,3.0405405405405403,False,[],,,,,,,31.5,,,
2024_11_12,10_44_11_0,frame_345,0,255,9,1,True,False,True,3.0526315789473686,False,[],,,,,,,31.5,,,
2024_11_12,10_44_11_0,frame_346,0,255,9,1,True,False,True,2.824561403508772,False,[],,,,,,,31.5,,,
2024_11_12,10_44_11_0,frame_354,0,255,9,1,True,False,True,3.1357142857142857,False,[],,,,,,,31.5,,,
2024_11_12,10_44_11_0,frame_367,0,255,-1,1,True,False,True,2.826086839618264,False,[],,,,,,,31.5,,,
2024_11_12,10_44_11_0,frame_376,0,255,-1,1,True,False,True,2.7058823529411766,False,[],,,,,,,31.5,,,
2024_11_12,10_44_11_0,frame_379,0,255,-1,0,True,False,True,2.869565217391304,False,[],,,,,,,31.5,,,
2024_11_12,10_44_11_0,frame_383,0,255,-1,1,True,False,True,4.18886163712012,False,[],,,,,,,31.5,,,
2024_11_12,10_44_11_0,frame_384,0,255,13,0,True,False,True,4.444225593085237,False,[],,,,,,,31.5,,,
2024_11_12,10_44_11_0,frame_385,0,255,13,0,True,False,True,5.045691088253666,False,[],,,,,,,31.5,,,
2024_11_12,10_44_11_0,frame_386,0,255,13,1,True,False,True,3.3707993109050443,False,[],,,,,,,31.5,,,
2024_11_12,10_44_11_0,frame_402,0,255,-1,0,True,False,True,2.914383458717282,False,[],,,,,,,31.5,,,
2024_11_12,10_44_11_0,frame_420,0,255,-1,0,True,False,True,3.6216216216216215,False,[],,,,,,,31.5,,,
2024_11_12,10_44_11_0,frame_421,0,255,15,0,True,False,True,3.27027027027027,False,[],,,,,,,31.5,,,
2024_11_12,10_44_11_0,frame_422,0,255,15,0,True,False,True,2.928571597248549,False,[],,,,,,,31.5,,,
2024_11_12,10_54_07_0,frame_32,0,255,-1,1,False,False,True,3.691176470588236,True,[],,7.986896135154789,-2.458892324041584,-1.0,0.3075041094955281,0.298683849646612,31.5,0.7495890504471916,2.379647779197433,0.8861424065315144
2024_11_12,10_54_07_0,frame_36,0,255,-1,1,False,False,True,3.4927536231884058,True,[],,9.862522831758746,-3.881946239893156,-1.0,0.2991723208779864,0.2983315549593184,31.5,1.582767912201362,5.024660038734478,0.8888241371066599
2024_11_12,10_54_07_0,frame_57,0,255,-1,1,False,False,True,6.363299761347982,True,[],,,,,,,31.5,,,
2024_11_12,10_54_07_0,frame_58,0,255,3,1,False,False,True,5.870927754591336,True,[],,,,,,,31.5,,,
2024_11_12,10_54_07_0,frame_59,0,255,3,0,False,False,True,6.121119912975782,False,[],,,,,,,31.5,,,
2024_11_12,10_54_07_0,frame_60,0,255,3,1,False,False,True,5.626340635444559,True,[],,11.626851910333617,-19.266686121179344,-1.0,0.2985627916142919,0.2906254557745468,31.5,1.643720838570811,5.218161392288289,0.8852647203390008
2024_11_12,10_54_07_0,frame_61,0,255,3,1,False,False,True,4.461666355679951,True,[],[    0.95339    -0.25342     0.16377],8.02274364667432,-14.96158840403768,0.371663049057705,0.2993578618862413,0.2887373754953201,31.5,1.5642138113758683,4.965758131351949,0.8888670521903644
2024_11_12,10_54_07_0,frame_62,0,255,3,1,False,False,True,3.9293104083520105,True,[],,4.878134469647082,-10.940736157968166,-1.0,0.300653489806248,0.2880122527615936,31.5,1.434651019375199,4.554447680556171,0.890148722863918
2024_11_12,10_54_07_0,frame_68,0,255,-1,1,False,False,True,4.483870740641947,True,[],[    0.55581     0.29005     0.77906],48.29541853445556,36.070332195299386,0.4699747002088204,0.2047346254894297,0.2376966044370692,31.5,11.026537451057031,35.00488079700642,1.1461616010866431
2024_11_12,10_54_07_0,frame_97,0,255,-1,1,False,False,True,4.336633546185824,True,[],[    0.77685     0.27309    -0.56738],-34.48528020727911,19.44306501850823,0.3086710647880927,0.3079857737541821,0.3006258238419063,31.5,0.7014226245817881,2.2267384907358343,0.9809386000635262
2024_11_12,10_54_07_0,frame_98,0,255,-1,1,False,False,True,4.208333226293724,True,[],[   -0.66241    -0.16113     0.73161],46.970161994446535,-166.39017137834756,0.3072200064359128,0.30736574129442,0.3011135417139488,31.5,0.7634258705579988,2.4235741922475977,0.9785092314028614
2024_11_12,10_54_07_0,frame_106,0,255,-1,1,False,False,True,3.6857400488315952,True,[],,,,,,,31.5,,,
2024_11_12,10_54_07_0,frame_113,0,255,-1,1,False,False,True,4.307748524683345,True,[],,,,,,,31.5,,,
2024_11_12,10_54_07_0,frame_114,0,255,8,1,False,False,True,3.819999718316306,True,[],,,,,,,31.5,,,
2024_11_12,10_54_07_0,frame_115,0,255,8,1,False,False,True,3.695586314212368,True,[],,,,,,,31.5,,,
2024_11_12,10_54_07_0,frame_116,0,255,8,1,False,False,True,3.741458295976898,True,[],,,,,,,31.5,,,
2024_11_12,10_54_07_0,frame_117,0,255,8,1,False,False,True,3.9290493260106185,True,[],[    0.97804     0.19705    -0.06786],-4.204763464410272,11.452247536914914,0.301138051667981,0.3011693054565235,0.2895093725815545,31.5,1.3830694543476518,4.390696680468736,0.860276351985033
2024_11_12,10_54_07_0,frame_118,0,255,8,1,False,False,True,3.7987501076602417,True,[],[    0.97255    -0.10123     0.20954],3.5112952909093886,-5.796484696739564,0.3703621622707334,0.2954376998491056,0.2858545006298679,31.5,1.9562300150894387,6.210254016156948,0.8484152543396676
2024_11_12,10_54_07_0,frame_119,0,255,8,1,False,False,True,3.1668616920656403,True,[],,,,,,,31.5,,,
2024_11_12,10_54_07_0,frame_120,0,255,-1,1,False,False,True,2.4864864864864864,True,[],[   -0.19825     0.86478    -0.46136],-23.23543370762549,102.33644799207872,0.3638377779291961,0.3369677261210934,0.3500743314346529,31.5,2.196772612109335,6.97388130828363,0.8401952294658801
2024_11_12,10_54_07_0,frame_127,0,255,-1,1,False,False,True,2.437660342333817,True,[],,,,,,,31.5,,,
2024_11_12,10_54_07_0,frame_150,0,255,-1,1,False,False,True,3.6751714029967584,True,[],[    0.91589  -0.0089544     0.40134],23.64529793733591,-0.6352690663063031,0.2830163034064322,0.2825753348212789,0.2809808336531831,31.5,3.24246651787211,10.293544501181303,0.8179175171663325
2024_11_12,10_54_07_0,frame_153,0,255,-1,1,False,False,True,3.343183177505221,True,[],[    0.84503    0.061083     0.53122],14.87991428956301,6.336933046181953,0.4133570087638715,0.2868622695715236,0.2761699197706377,31.5,2.8137730428476395,8.932612834436933,0.8128891598621888
2024_11_12,10_54_07_0,frame_176,0,255,-1,1,False,False,True,3.7004996917519537,True,[],[    0.84712     0.19566    -0.49407],-24.94376965692924,12.502786047509902,0.3090766881710824,0.2714454273009462,0.2607740017879789,31.5,4.355457269905383,13.826848475890104,0.8340996732638851
2024_11_12,10_54_07_0,frame_177,0,255,13,1,False,False,True,4.209677419354839,True,[],,-16.65947338880747,4.446065979713265,-1.0,0.308845918727766,0.2957671553964197,31.5,0.6154081272234002,1.953676594359997,0.8352341323579344
2024_11_12,10_54_07_0,frame_178,0,255,13,1,False,False,True,4.206349206349207,True,[],[    0.97083   -0.066714    -0.23028],-6.376237504719278,-4.39448586416565,0.3883778679883476,0.3050080039826877,0.2965077380203709,31.5,0.999199601731231,3.1720622277181967,0.8403001065097094
2024_11_12,10_54_07_0,frame_179,0,255,13,1,False,False,True,3.865068145482923,True,[],,6.563819969196911,-11.510828413074988,-1.0,0.2995554714011889,0.2914833086233641,31.5,1.5444528598811118,4.903024952003514,0.8369721418513223
2024_11_12,10_54_07_0,frame_180,0,255,13,1,False,False,True,3.475694433446093,True,[],,16.163392585512746,-21.27968825761096,-1.0,0.2961934007515879,0.2895852108958689,31.5,1.8806599248412113,5.970348967749857,0.8370006471026521
2024_11_12,10_54_07_0,frame_183,0,255,-1,1,False,False,True,5.015977444509802,True,[],,,,,,,31.5,,,
2024_11_12,10_54_07_0,frame_185,0,255,-1,1,False,False,True,5.063924057302053,True,[],,,,,,,31.5,,,
2024_11_12,10_54_07_0,frame_186,0,255,15,1,False,False,True,3.948745557432289,True,[],,,,,,,31.5,,,
2024_11_12,10_54_07_0,frame_189,0,255,15,1,False,False,True,3.90091454601293,True,[],,,,,,,31.5,,,
2024_11_12,10_54_07_0,frame_190,0,255,15,1,False,False,True,4.576978750034218,True,[],,,,,,,31.5,,,
2024_11_12,10_54_07_0,frame_191,0,255,15,1,False,False,True,7.001459640928331,True,[],,,,,,,31.5,,,
2024_11_12,10_54_07_0,frame_192,0,255,15,1,False,False,True,6.544011682385568,True,[],,-10.973445746639952,-20.52714468934364,-1.0,0.3054098183739381,0.2909852781263057,31.5,0.9590181626061884,3.044502103511714,1.004965402047724
2024_11_12,10_54_07_0,frame_193,0,255,15,1,False,False,True,5.103448264198906,True,[],,-13.69092861709562,-7.41837687367327,-1.0,0.2938665297813006,0.2912980403236891,31.5,2.113347021869938,6.70903816466647,1.013275496674199
2024_11_12,10_54_07_0,frame_194,0,255,15,1,False,False,True,4.598279053184728,True,[],[    0.59539    -0.07345     0.80007],-15.187843480141543,8.664988100527788,2.5453199619642595,0.2889096935524588,0.2912280906149691,31.5,2.6090306447541174,8.28263696747339,1.0163155130107735
2024_11_12,10_54_07_0,frame_195,0,255,15,1,False,False,True,3.976670166523925,True,[],,-14.834878995554504,15.729663967011344,-1.0,0.3010024450471695,0.287129842854292,31.5,1.399755495283049,4.443668238993793,1.0254681851807377
2024_11_12,10_54_07_0,frame_196,0,255,15,1,False,False,True,4.812808466497884,True,[],[    0.51068    -0.11742     0.85172],-15.11088637520854,16.302060910329796,1.690001380218705,0.3103302709093543,0.3097068791838816,31.5,0.4669729090645731,1.4824536795700536,1.0272307692626073
2024_11_12,10_54_07_0,frame_197,0,255,15,1,False,False,True,5.259459612952108,True,[],[    0.46688    -0.10909     0.87756],-16.07303855002087,17.682414371913506,0.7843059570636013,0.3079707165093198,0.3052109467127631,31.5,0.7029283490680207,2.2315185684699097,1.0237999589644986
2024_11_12,10_54_07_0,frame_198,0,255,15,1,False,False,True,4.293191281111746,True,[],[    0.54638   -0.092578     0.83241],-13.72470872030364,9.0893833830292,2.024231850015392,0.3043375128977353,0.297461717751722,31.5,1.0662487102264677,3.3849165404014907,1.0270594611192465
2024_11_12,10_54_07_0,frame_199,0,255,15,1,False,False,True,4.68,True,[],[    0.61835   -0.081913     0.78162],-12.072684675963892,3.816820343177815,1.7911187974415057,0.3033828031403618,0.2965254091271892,31.5,1.161719685963817,3.687999003059743,1.0298562623925922
2024_11_12,10_54_07_0,frame_200,0,255,15,1,False,False,True,4.916666666666667,True,[],[    0.53221   -0.093898     0.84139],-13.05159205615136,1.6609328264812575,2.199391822999667,0.309464949041151,0.2977293474832491,31.5,0.5535050958848977,1.7571590345552162,1.035065444939809
2024_11_12,10_54_07_0,frame_201,0,255,15,1,True,False,True,5.130434782608695,False,[],,,,,,,31.5,,,
2024_11_12,10_54_07_0,frame_202,0,255,15,1,True,False,True,4.9638985897559404,False,[],,,,,,,31.5,,,
2024_11_12,10_54_07_0,frame_203,0,255,15,1,True,False,True,4.318543636980029,False,[],,,,,,,31.5,,,
2024_11_12,10_54_07_0,frame_204,0,255,15,1,True,False,True,3.978893803013441,False,[],,,,,,,31.5,,,
2024_11_12,10_54_07_0,frame_205,0,255,15,1,True,False,True,3.7566848774699673,False,[],,,,,,,31.5,,,
2024_11_12,10_54_07_0,frame_206,0,255,15,1,True,False,True,3.6666666666666665,False,[],,,,,,,31.5,,,
2024_11_12,10_54_07_0,frame_207,0,255,15,1,True,False,True,3.4115414820511085,False,[],,,,,,,31.5,,,
2024_11_12,10_54_07_0,frame_208,0,255,15,1,True,False,True,3.3023678694325724,False,[],,,,,,,31.5,,,
2024_11_12,10_54_07_0,frame_209,0,255,15,1,True,False,True,3.116180547658059,False,[],,,,,,,31.5,,,
2024_11_12,10_54_07_0,frame_210,0,255,15,1,True,False,True,2.996283129869595,False,[],,,,,,,31.5,,,
2024_11_12,10_54_07_0,frame_211,0,255,15,1,True,False,True,2.9329538736980973,False,[],,,,,,,31.5,,,
2024_11_12,10_54_07_0,frame_213,0,255,15,1,True,False,True,3.0509619461426123,False,[],,,,,,,31.5,,,
2024_11_12,10_54_07_0,frame_214,0,255,-1,1,False,False,True,1.9583333333333333,True,[],,,,,,,31.5,,,
2024_11_12,10_54_07_0,frame_217,0,255,15,1,True,False,True,2.856382440557167,False,[],,,,,,,31.5,,,
2024_11_12,10_54_07_0,frame_218,0,255,15,1,True,False,True,2.895234224557533,False,[],,,,,,,31.5,,,
2024_11_12,10_54_07_0,frame_219,0,255,15,1,True,False,True,3.667621827500073,False,[],,,,,,,31.5,,,
2024_11_12,10_54_07_0,frame_221,0,255,15,1,True,False,True,3.9276772402947486,False,[],,,,,,,31.5,,,
2024_11_12,10_54_07_0,frame_222,0,255,15,1,True,False,True,3.2065406529055536,False,[],,,,,,,31.5,,,
2024_11_12,10_54_07_0,frame_223,0,255,15,1,True,False,True,2.973427425049399,False,[],,,,,,,31.5,,,
2024_11_12,10_54_07_0,frame_224,0,255,15,1,False,False,True,3.0542912777988582,True,[],,,,,,,31.5,,,
2024_11_12,10_54_07_0,frame_229,0,255,-1,1,False,False,True,1.763157894736842,False,[],,,,,,,31.5,,,
2024_11_12,10_54_07_0,frame_239,0,255,-1,1,False,False,True,1.830188679245283,True,[],,,,,,,31.5,,,
2024_11_12,10_54_07_0,frame_241,0,255,-1,1,False,False,True,2.0545454545454547,True,[],[    0.59843    -0.12293     0.79169],27.43271728475516,-11.3242690689505,2.492957957677231,0.2634239839513571,0.2445407643309846,31.5,5.157601604864293,16.373338428140592,1.0471465488689389
2024_11_12,10_54_07_0,frame_242,0,255,22,1,False,False,True,2.1192284173949902,True,[],,,,,,,31.5,,,
2024_11_12,10_54_07_0,frame_243,0,255,22,1,False,False,True,2.4078388392592385,True,[],[    0.67897    -0.17796     0.71228],25.80485973289111,-14.971633338025852,0.7418760830016224,0.3065602562655791,0.3018110837534054,31.5,0.8439743734420908,2.6792837252129704,1.0436382802664028
2024_11_12,10_54_07_0,frame_245,0,255,22,1,False,False,True,3.061068970972978,True,[],[    0.64917    -0.14691     0.74632],20.757444701507108,-9.584992563607392,2.210205200838976,0.3051292472827738,0.2986859274850678,31.5,0.9870752717226203,3.1335722911829227,1.0341699995531008
2024_11_12,10_54_07_0,frame_246,0,255,22,1,False,False,True,3.0689655172413794,True,[],[    0.86342   -0.098344      0.4948],16.86685096532432,-6.124732513800212,0.5266953546534887,0.2988850947341518,0.2901344235732054,31.5,1.61149052658482,5.115842941539108,1.0261758614799934
2024_11_12,10_54_07_0,frame_247,0,255,22,1,False,False,True,2.9826521279297094,True,[],[    0.84684    -0.17869     0.50093],14.110736716139291,-11.409574659066015,0.5359248529356627,0.2996662294197789,0.2993623480547755,31.5,1.5333770580221113,4.867863676260654,1.01859118376606
2024_11_12,10_54_07_0,frame_248,0,255,22,1,False,False,True,3.137807200183295,True,[],[    0.90936    -0.15893     0.38446],12.791635849462152,-9.203119782812388,0.5077369982369176,0.3040206235700432,0.29781327090956,31.5,1.097937642995678,3.485516326970405,1.0119988790486325
2024_11_12,10_54_07_0,frame_249,0,255,22,1,False,False,True,3.3728813559322037,True,[],[    0.86418    -0.11893     0.48892],12.641031808300587,-5.487146062904912,0.5567210484953904,0.3048607171488149,0.3002770408705011,31.5,1.01392828511851,3.218819952757173,1.0063723974219032
2024_11_12,10_54_07_0,frame_250,0,255,22,1,False,False,True,3.4482758620689653,True,[],[    0.79927   -0.074324     0.59635],13.618785366089131,-1.4361270452147583,0.5407195880419335,0.3023490914392368,0.2943822814908188,31.5,1.2650908560763234,4.016161447861342,1.0042231289537449
2024_11_12,10_54_07_0,frame_256,0,255,-1,1,False,False,True,4.54,True,[],,11.681686273159196,-3.3675334224448714,-1.0,0.3044208319339484,0.2988522631261588,31.5,1.0579168066051565,3.358466052714788,0.9603646046506898
2024_11_12,10_54_07_0,frame_258,0,255,-1,1,False,False,True,4.309847974173757,True,[],,10.019329004963613,-8.149288276118645,-1.0,0.3036968237171791,0.2984255898982737,31.5,1.1303176282820893,3.588309931054255,0.9562739060079742
2024_11_12,10_54_07_0,frame_262,0,255,-1,1,False,False,True,4.008097260863995,True,[],[    -0.4209    -0.13881     0.89642],5.013575273777486,-16.847715591602487,1.7545008120671612,0.269980133962984,0.2648540172255507,31.5,4.501986603701603,14.292020964132073,0.9472886552883488
2024_11_12,10_54_07_0,frame_263,0,255,27,0,False,False,True,3.5713493686677564,False,[],,,,,,,31.5,,,
2024_11_12,10_54_07_0,frame_264,0,255,27,0,False,False,True,4.018977967783781,False,[],,,,,,,31.5,,,
2024_11_12,10_54_07_0,frame_265,0,255,27,0,True,False,True,3.622490055947758,False,[],,,,,,,31.5,,,
2024_11_12,10_54_07_0,frame_269,0,255,-1,0,True,False,True,2.2964462387105087,False,[],,,,,,,31.5,,,
2024_11_12,10_54_07_0,frame_270,0,255,28,0,True,False,True,2.4211079217967626,False,[],,,,,,,31.5,,,
2024_11_12,10_54_07_0,frame_271,0,255,28,0,True,False,True,2.4258451667255043,False,[],,,,,,,31.5,,,
2024_11_12,10_54_07_0,frame_272,0,255,28,0,True,False,True,2.326363189987477,False,[],,,,,,,31.5,,,
2024_11_12,10_54_07_0,frame_275,0,255,-1,0,True,False,True,2.655555725097656,False,[],,,,,,,31.5,,,
2024_11_12,10_54_07_0,frame_283,0,255,-1,0,True,False,True,2.209087043225615,False,[],,,,,,,31.5,,,
2024_11_12,10_54_07_0,frame_291,0,255,-1,0,True,False,True,1.4838709677419355,False,[],,,,,,,31.5,,,
2024_11_12,10_54_07_0,frame_299,0,255,-1,1,False,False,True,3.392321021534612,True,[],[    0.92567     0.21894    -0.30855],-6.5346484322715925,12.414878044354058,0.460750085932443,0.269082204461042,0.2658170934098459,31.5,4.591779553895801,14.577077948875546,0.8138621736531191
2024_11_12,10_54_07_0,frame_300,0,255,-1,1,False,False,True,4.056077376597997,True,[],,-2.663065308519468,11.074936056048426,-1.0,0.3023978733688485,0.2892111637196261,31.5,1.2602126631151513,4.00067512100048,0.8083385556101944
2024_11_12,10_54_07_0,frame_309,0,255,-1,1,False,False,True,3.433644761378468,True,[],,26.83012440138292,-16.24055701997844,-1.0,0.2932198271726987,0.2904950253685021,31.5,2.1780172827301314,6.914340580095659,0.859067906740742
2024_11_12,10_54_07_0,frame_310,0,255,34,1,False,False,True,3.580152319353767,True,[],,22.54936605562857,-15.225092938477818,-1.0,0.2961386656073757,0.2921108759285669,31.5,1.8861334392624336,5.987725204007724,0.8799916907441463
2024_11_12,10_54_07_0,frame_312,0,255,34,1,False,False,True,3.5415091008086783,True,[],,12.13102992514969,-12.729941483381818,-1.0,0.2960493341711819,0.2847065450926927,31.5,1.8950665828818103,6.016084390100968,0.9172077007618564
2024_11_12,10_54_07_0,frame_313,0,255,34,1,False,False,True,3.435716504489327,True,[],,11.029639493604416,-9.882984698375443,-1.0,0.295502232428718,0.2862159040563292,31.5,1.9497767571282019,6.189767482946673,0.9311873978462392
2024_11_12,10_54_07_0,frame_315,0,255,34,1,False,False,True,3.6557377049180326,True,[],,4.820982255736806,-6.270178348611047,-1.0,0.2955290441885425,0.2854194195368892,31.5,1.9470955811457529,6.181255813161101,0.956752854786093
2024_11_12,10_54_07_0,frame_316,0,255,34,1,False,False,True,3.716666666666667,True,[],,1.7768613394239952,-6.325899899718456,-1.0,0.2957192352652751,0.2828709338707909,31.5,1.9280764734724904,6.12087769356346,0.967320478817775
2024_11_12,10_54_07_0,frame_318,0,255,34,1,False,False,True,4.014577460058007,True,[],,-3.1827112577722523,-11.646343618134129,-1.0,0.2993427933997397,0.290729888742462,31.5,1.565720660026031,4.970541777860419,0.9855527426410234
2024_11_12,10_54_07_0,frame_319,0,255,34,1,False,False,True,3.916666480984168,True,[],[    0.43082   -0.086091     0.89832],-4.67471034614812,-15.5167461965133,1.839167462445256,0.300172768635322,0.2909491075844148,31.5,1.4827231364678006,4.707057576088238,0.9916039242871448
2024_11_12,10_54_07_0,frame_321,0,255,34,1,False,False,True,4.50303058793735,True,[],,-9.745770438905208,-19.108988166870933,-1.0,0.2997218362426181,0.2896851152470928,31.5,1.5278163757381904,4.850210716629154,0.9937924436630784
2024_11_12,10_54_07_0,frame_322,0,255,34,1,False,False,True,4.286016617349361,True,[],,-7.278367961958844,-22.274804974644898,-1.0,0.3006097846748725,0.2905119955484075,31.5,1.4390215325127507,4.568322325437308,0.9873545267487204
2024_11_12,10_54_07_0,frame_323,0,255,34,1,False,False,True,4.627329270730528,True,[],[    0.83262    -0.36789     0.41401],-2.569864083841373,-24.99350895956153,0.6867891191986281,0.3078932433250531,0.2929238599798867,31.5,0.7106756674946908,2.256113230141863,0.9791325855617232
2024_11_12,10_54_07_0,frame_324,0,255,34,1,True,False,True,4.963441003390063,False,[],,,,,,,31.5,,,
2024_11_12,10_54_07_0,frame_325,0,255,34,1,True,False,True,4.777335509516771,False,[],,,,,,,31.5,,,
2024_11_12,10_54_07_0,frame_326,0,255,34,1,True,False,True,4.713758388877371,False,[],,,,,,,31.5,,,
2024_11_12,10_54_07_0,frame_327,0,255,34,1,True,False,True,3.844399095101233,False,[],,,,,,,31.5,,,
2024_11_12,10_54_07_0,frame_328,0,255,34,1,True,False,True,4.287912768310907,False,[],,,,,,,31.5,,,
2024_11_12,10_54_07_0,frame_342,0,255,-1,1,True,False,True,1.875,False,[],,,,,,,31.5,,,
2024_11_12,10_54_07_0,frame_354,0,255,-1,1,True,False,True,1.5084745762711864,False,[],,,,,,,31.5,,,
2024_11_12,10_54_07_0,frame_356,0,255,-1,1,True,False,True,2.932467557229434,False,[],,,,,,,31.5,,,
2024_11_12,10_54_07_0,frame_357,0,255,38,1,False,False,True,3.588418770041322,True,[],,,,,,,31.5,,,
2024_11_12,10_54_07_0,frame_358,0,255,38,1,False,False,True,4.38089853983923,True,[],,,,,,,31.5,,,
2024_11_12,10_54_07_0,frame_359,0,255,38,1,False,False,True,3.8017299642048914,True,[],,,,,,,31.5,,,
2024_11_12,10_54_07_0,frame_360,0,255,38,1,False,False,True,3.713333643258769,True,[],,,,,,,31.5,,,
2024_11_12,10_54_07_0,frame_361,0,255,38,1,False,False,True,3.847339491616165,True,[],[    0.97481    -0.19907    -0.10063],-5.644204433487703,-11.45390523448778,0.3034994476331026,0.3023995981400887,0.3017706757121075,31.5,1.26004018599113,4.000127574574996,0.7604770730376854
2024_11_12,10_54_07_0,frame_362,0,255,38,1,False,False,True,3.5789473684210527,True,[],[    0.96022     0.12076     0.25179],9.043779309207387,7.254897605162077,0.3664523451187972,0.303122940765944,0.2970606000373026,31.5,1.187705923405602,3.770494994938419,0.7734954216553167
2024_11_12,10_54_07_0,frame_363,0,255,38,1,False,False,True,3.109756097560976,True,[],[    0.91875    0.069121     0.38874],16.451052282453606,5.4874975898406095,0.6883764847276966,0.3061931613738342,0.3071531986531196,31.5,0.880683862616582,2.795821786084389,0.7757639378595298
2024_11_12,10_54_07_0,frame_364,0,255,38,1,False,False,True,2.790569449398731,True,[],[    0.90545     0.12406     0.40592],21.23737277974692,8.551584389394801,0.3057448047518606,0.3047446928053914,0.3045404064502402,31.5,1.0255307194608605,3.255653077653506,0.7683373191314212
2024_11_12,10_54_07_0,frame_365,0,255,38,1,False,False,True,2.6707318321287263,True,[],[    0.88255     0.14496     0.44732],22.47670100466164,10.479998222324433,0.3018408849193604,0.3011307312521702,0.2972171137420729,31.5,1.3869268747829793,4.402942459628487,0.7611762349375288
2024_11_12,10_54_07_0,frame_366,0,255,38,1,False,False,True,2.703703703703704,True,[],[    0.90795    0.066169     0.41382],22.016780848071267,4.876392698608611,0.3479381110820211,0.3014043652599325,0.2893791708183965,31.5,1.3595634740067482,4.316074520656342,0.7546128688497793
2024_11_12,10_54_07_0,frame_367,0,255,38,1,False,False,True,2.792207792207792,True,[],[    0.75652   -0.077005     0.64942],22.10618300523977,-3.741135164589863,1.175197108167812,0.2953549354668632,0.2839627469417724,31.5,1.9645064533136818,6.236528423218032,0.7468602431537738
2024_11_12,10_54_07_0,frame_368,0,255,38,1,False,False,True,3.448191213216452,True,[],[    0.84865    -0.21242     0.48443],21.95274630893285,-13.991954223962605,1.0004568008388532,0.3017946158125401,0.2924713103420413,31.5,1.3205384187459934,4.192185456336466,0.7389174901146833
2024_11_12,10_54_07_0,frame_369,0,255,38,1,False,False,True,5.564705978488771,True,[],,,,,,,31.5,,,
2024_11_12,10_54_07_0,frame_370,0,255,38,1,False,False,True,6.318376142238642,True,[],,,,,,,31.5,,,
2024_11_12,10_54_07_0,frame_371,0,255,38,1,False,False,True,4.727455865756236,True,[],,,,,,,31.5,,,
2024_11_12,10_54_07_0,frame_372,0,255,38,1,False,False,True,4.381527114894973,True,[],,,,,,,31.5,,,
2024_11_12,10_54_07_0,frame_373,0,255,38,1,False,False,True,5.46558850578522,True,[],,,,,,,31.5,,,
2024_11_12,10_54_07_0,frame_374,0,255,38,1,False,False,True,6.907378403246471,True,[],,,,,,,31.5,,,
2024_11_12,10_54_07_0,frame_375,0,255,38,1,False,False,True,6.74509836716354,True,[],,,,,,,31.5,,,
2024_11_12,10_54_07_0,frame_376,0,255,38,1,False,False,True,3.473845516307404,True,[],,,,,,,31.5,,,
2024_11_12,10_54_07_0,frame_377,0,255,38,1,False,False,True,3.358455514223126,True,[],,,,,,,31.5,,,
2024_11_12,10_54_07_0,frame_378,0,255,38,1,False,False,True,3.712034534635559,True,[],,,,,,,31.5,,,
2024_11_12,10_54_07_0,frame_379,0,255,38,1,False,False,True,3.673028153391357,True,[],,,,,,,31.5,,,
2024_11_12,10_54_07_0,frame_380,0,255,38,1,False,False,True,3.3159884810303555,True,[],,,,,,,31.5,,,
2024_11_12,10_54_07_0,frame_383,0,255,38,1,False,False,True,3.207585991671157,True,[],,,,,,,31.5,,,
2024_11_12,10_54_07_0,frame_384,0,255,38,1,False,False,True,3.452830077040528,True,[],,,,,,,31.5,,,
2024_11_12,10_54_07_0,frame_385,0,255,38,1,False,False,True,3.471063383555548,True,[],,,,,,,31.5,,,
2024_11_12,10_54_07_0,frame_387,0,255,38,1,False,False,True,2.5787923092224725,True,[],,,,,,,31.5,,,
2024_11_12,10_54_07_0,frame_388,0,255,38,1,False,False,True,2.3597523904424764,True,[],,,,,,,31.5,,,
2024_11_12,10_54_07_0,frame_389,0,255,38,1,False,False,True,2.491391809975229,True,[],,,,,,,31.5,,,
2024_11_12,10_54_07_0,frame_390,0,255,38,1,False,False,True,2.377403222708423,True,[],,,,,,,31.5,,,
2024_11_12,10_54_07_0,frame_391,0,255,38,1,False,False,True,2.145251488143508,True,[],,,,,,,31.5,,,
2024_11_12,10_54_07_0,frame_392,0,255,38,1,False,False,True,1.960657456957302,True,[],,,,,,,31.5,,,
2024_11_12,10_54_07_0,frame_393,0,255,38,1,False,False,True,1.9339012578013224,True,[],,,,,,,31.5,,,
2024_11_12,10_54_07_0,frame_394,0,255,38,1,True,False,True,1.836734693877551,False,[],,,,,,,31.5,,,
2024_11_12,10_54_07_0,frame_395,0,255,38,1,True,False,True,1.8418508209635929,False,[],,,,,,,31.5,,,
2024_11_12,10_54_07_0,frame_396,0,255,38,1,False,False,True,1.7468878672551449,False,[],,,,,,,31.5,,,
2024_11_12,10_54_07_0,frame_397,0,255,38,1,True,False,True,1.4953815376488084,False,[],,,,,,,31.5,,,
2024_11_12,10_54_07_0,frame_398,0,255,38,1,True,False,True,1.3760900205280986,False,[],,,,,,,31.5,,,
2024_11_12,10_54_07_0,frame_399,0,255,38,1,True,False,True,1.1380006053123897,False,[],,,,,,,31.5,,,
2024_11_12,10_54_07_0,frame_400,0,255,38,1,True,False,True,1.804878228381856,False,[],,,,,,,31.5,,,
2024_11_12,10_54_07_0,frame_401,0,255,38,1,True,False,True,2.0248813854337997,False,[],,,,,,,31.5,,,
2024_11_12,10_54_07_0,frame_402,0,255,38,1,True,False,True,2.0833332434200567,False,[],,,,,,,31.5,,,
2024_11_12,10_54_07_0,frame_403,0,255,38,1,True,False,True,1.5264221272592762,False,[],,,,,,,31.5,,,
2024_11_12,10_54_07_0,frame_404,0,255,38,1,True,False,True,1.8349057347465825,False,[],,,,,,,31.5,,,
2024_11_12,10_54_07_0,frame_405,0,255,38,1,True,False,True,2.9548783499158806,False,[],,,,,,,31.5,,,
2024_11_12,10_54_07_0,frame_406,0,255,38,1,True,False,True,3.75074818833062,False,[],,,,,,,31.5,,,
2024_11_12,10_54_07_0,frame_407,0,255,38,1,True,False,True,3.8067299213414265,False,[],,,,,,,31.5,,,
2024_11_12,10_54_07_0,frame_408,0,255,38,1,True,False,True,3.677163270578951,False,[],,,,,,,31.5,,,
2024_11_12,10_54_07_0,frame_409,0,255,38,1,True,False,True,3.3229422415220085,False,[],,,,,,,31.5,,,
2024_11_12,10_54_07_0,frame_410,0,255,38,1,True,False,True,3.164179104477612,False,[],,,,,,,31.5,,,
2024_11_12,10_54_07_0,frame_411,0,255,38,1,True,False,True,2.5,False,[],,,,,,,31.5,,,
2024_11_12,10_54_07_0,frame_412,0,255,38,1,True,False,True,1.9423076923076923,False,[],,,,,,,31.5,,,
2024_11_12,10_54_07_0,frame_413,0,255,38,1,True,False,True,1.681818181818182,False,[],,,,,,,31.5,,,
2024_11_12,10_54_07_0,frame_414,0,255,38,1,True,False,True,1.4224137931034482,False,[],,,,,,,31.5,,,
2024_11_12,10_54_07_0,frame_415,0,255,38,1,True,False,True,1.6421052631578947,False,[],,,,,,,31.5,,,
2024_11_12,10_54_07_0,frame_416,0,255,-1,1,True,False,True,1.8333333333333333,False,[],,,,,,,31.5,,,
2024_11_12,10_54_07_0,frame_420,0,255,38,1,True,False,True,1.0571428571428572,False,[],,,,,,,31.5,,,
2024_11_12,10_54_07_0,frame_421,0,255,38,0,True,False,True,1.7538461538461538,False,[],,,,,,,31.5,,,
2024_11_12,10_54_07_0,frame_423,0,255,38,1,True,False,True,3.2580645161290325,False,[],,,,,,,31.5,,,
2024_11_12,10_54_07_0,frame_425,0,255,38,1,True,False,True,4.115369917600824,False,[],,,,,,,31.5,,,
2024_11_12,10_54_07_0,frame_430,0,255,-1,1,True,False,True,5.069726545969895,False,[],,,,,,,31.5,,,
2024_11_12,10_54_07_0,frame_431,0,255,41,1,True,False,True,3.2686105122830043,False,[],,,,,,,31.5,,,
2024_11_12,10_54_07_0,frame_432,0,255,41,1,True,False,True,2.911662280895181,False,[],,,,,,,31.5,,,
2024_11_12,10_54_07_0,frame_433,0,255,41,1,True,False,True,2.881295030726849,False,[],,,,,,,31.5,,,
2024_11_12,10_54_07_0,frame_434,0,255,41,1,True,False,True,2.620904934004443,False,[],,,,,,,31.5,,,
2024_11_12,10_54_07_0,frame_435,0,255,41,1,True,False,True,2.6279407657174394,False,[],,,,,,,31.5,,,
2024_11_12,10_54_07_0,frame_436,0,255,41,1,True,False,True,2.4953951798345204,False,[],,,,,,,31.5,,,
2024_11_12,10_54_07_0,frame_437,0,255,41,1,True,False,True,3.140425476654462,False,[],,,,,,,31.5,,,
2024_11_12,10_54_07_0,frame_438,0,255,41,1,True,False,True,3.6582964751278606,False,[],,,,,,,31.5,,,
2024_11_12,10_54_07_0,frame_439,0,255,41,1,True,False,True,3.790007111991163,False,[],,,,,,,31.5,,,
2024_11_12,10_54_07_0,frame_440,0,255,41,1,True,False,True,3.395730410260319,False,[],,,,,,,31.5,,,
2024_11_12,10_54_07_0,frame_441,0,255,41,1,True,False,True,3.328086318545897,False,[],,,,,,,31.5,,,
2024_11_12,10_54_07_0,frame_442,0,255,41,1,True,False,True,3.0026126447723067,False,[],,,,,,,31.5,,,
2024_11_12,10_54_07_0,frame_443,0,255,41,1,True,False,True,2.870012635504952,False,[],,,,,,,31.5,,,
2024_11_12,10_54_07_0,frame_444,0,255,41,1,True,False,True,2.353996436183829,False,[],,,,,,,31.5,,,
2024_11_12,10_54_07_0,frame_447,0,255,41,1,False,False,True,2.726634579260637,True,[],[    0.53025 -0.00021368     0.84784],51.04040540549109,34.53375434148761,2.1460358721867747,0.29161219932004,0.2954680996958485,31.5,2.338780067995998,7.424698628558726,0.7425210021266362
2024_11_12,10_54_07_0,frame_448,0,255,41,1,False,False,True,3.115204389368851,True,[],[    0.54486    -0.14627     0.82567],38.51032280482577,43.25886767011962,2.612146876188878,0.3035334191955247,0.2907322878203472,31.5,1.1466580804475335,3.640184382373119,0.7500287157687323
2024_11_12,10_54_07_0,frame_449,0,255,41,1,False,False,True,3.027546841521419,True,[],[    0.61615     0.57344     0.53994],30.51383494784869,45.06640171942294,0.3090759782122968,0.3093154894819876,0.3055906441850327,31.5,0.5684510518012402,1.8046065136547085,0.7588120895370206
2024_11_12,10_54_07_0,frame_452,0,255,41,1,False,False,True,3.424068787071909,True,[],,,,,,,31.5,,,
2024_11_12,10_54_07_0,frame_453,0,255,41,1,False,False,True,2.281085973127081,True,[],,,,,,,31.5,,,
2024_11_12,10_54_07_0,frame_457,0,255,41,0,False,False,True,1.972602822960402,False,[],,,,,,,31.5,,,
2024_11_12,10_54_07_0,frame_458,0,255,41,1,False,False,True,2.61528166026976,True,[],,,,,,,31.5,,,
2024_11_12,10_54_07_0,frame_459,0,255,-1,1,False,False,True,4.1047699762414975,True,[],[    0.44101    -0.37176     0.81689],0.9118517867082728,92.42929544931984,3.031414252069653,0.2740394887664201,0.2528211235319093,31.5,4.0960511233579915,13.00333689954916,0.6880091852229885
2024_11_12,10_54_07_0,frame_460,0,255,41,0,False,False,True,6.34126438920467,False,[],,,,,,,31.5,,,
2024_11_12,10_54_07_0,frame_461,0,255,41,0,False,False,True,5.610835093278227,False,[],,,,,,,31.5,,,
2024_11_12,10_54_07_0,frame_462,0,255,41,0,False,False,True,4.966473842816428,False,[],,,,,,,31.5,,,
2024_11_12,10_54_07_0,frame_463,0,255,41,1,False,False,True,4.468030921084463,True,[],,,,,,,31.5,,,
2024_11_12,10_54_07_0,frame_464,0,255,41,1,True,False,True,4.014285772257697,False,[],,,,,,,31.5,,,
2024_11_12,10_54_07_0,frame_479,0,255,-1,1,True,False,True,2.510480333003062,False,[],,,,,,,31.5,,,
2024_11_12,10_54_07_0,frame_480,0,255,43,1,True,False,True,2.979947968842483,False,[],,,,,,,31.5,,,
2024_11_12,10_54_07_0,frame_481,0,255,43,1,True,False,True,4.062908471624156,False,[],,,,,,,31.5,,,
2024_11_12,10_54_07_0,frame_482,0,255,43,1,True,False,True,3.2857142857142856,False,[],,,,,,,31.5,,,
2024_11_12,10_54_07_0,frame_483,0,255,43,1,True,False,True,2.5074626865671643,False,[],,,,,,,31.5,,,
2024_11_12,11_10_50_0,frame_0,0,255,1,1,False,False,True,3.5787673899894403,True,[],,,,,,,31.5,,,
2024_11_12,11_10_50_0,frame_1,0,255,1,1,False,False,True,3.4912172741080467,True,[],,,,,,,31.5,,,
2024_11_12,11_10_50_0,frame_2,0,255,1,1,False,False,True,3.4354839286623293,True,[],,,,,,,31.5,,,
2024_11_12,11_10_50_0,frame_3,0,255,1,1,False,False,True,3.341771927684112,True,[],[    0.12105     0.55554     0.82263],55.01298772812169,78.33300101488685,0.297878347748687,0.2979413969132589,0.2857052861966497,31.5,1.7058603086741115,5.415429551346369,2.0602231699591584
2024_11_12,11_10_50_0,frame_4,0,255,1,1,False,False,True,3.2953296680921857,True,[],[    0.15156     0.45528     0.87735],60.899046739305966,71.89568374983615,0.2660789375939232,0.2579651208688671,0.2456854726240123,31.5,5.7034879131132925,18.106310835280272,2.0415246530731705
2024_11_12,11_10_50_0,frame_8,0,255,-1,1,False,False,True,1.4899546052767836,False,[],,,,,,,31.5,,,
2024_11_12,11_10_50_0,frame_9,0,255,2,1,False,False,True,1.2322916386871594,False,[],,,,,,,31.5,,,
2024_11_12,11_10_50_0,frame_15,0,255,-1,1,False,False,True,2.303030303030303,True,[],,,,,,,31.5,,,
2024_11_12,11_10_50_0,frame_16,0,255,3,1,False,False,True,2.641221445755367,True,[],,,,,,,31.5,,,
2024_11_12,11_10_50_0,frame_17,0,255,3,1,False,False,True,2.992693592053908,True,[],,,,,,,31.5,,,
2024_11_12,11_10_50_0,frame_18,0,255,3,1,False,False,True,3.325254258961424,True,[],,,,,,,31.5,,,
2024_11_12,11_10_50_0,frame_19,0,255,3,1,False,False,True,4.008023834369128,True,[],[    0.16812    0.028097     0.98537],58.44976733476552,157.5711435868705,1.4935961611513628,0.3086697240716706,0.3112666348042702,31.5,0.6330275928329421,2.0096114058188603,1.563062356968711
2024_11_12,11_10_50_0,frame_20,0,255,3,1,False,False,True,3.90625,True,[],[   -0.57752    0.051928     0.81472],55.02906820667173,174.8429989920373,0.2984704961275901,0.2983935626943361,0.2949901816254866,31.5,1.6606437305663917,5.271884858940907,1.587615306378274
2024_11_12,11_10_50_0,frame_21,0,255,3,1,False,False,True,4.0,True,[],[   -0.62094   -0.036167     0.78302],52.11194148300077,-176.18137365090814,0.3219341293868046,0.3091476586097682,0.3088128668746083,31.5,0.5852341390231786,1.8578861556291348,1.6027341797092702
2024_11_12,11_10_50_0,frame_22,0,255,3,1,False,False,True,5.515677031600117,True,[],[   -0.34034    0.017478     0.94014],-37.37025069608717,-1.4114194861649445,0.6959192169435205,0.2946966836701009,0.3035512272406807,31.5,2.0303316329899133,6.445497247587023,1.565641347678651
2024_11_12,11_10_50_0,frame_23,0,255,3,1,False,False,True,5.64514871242268,True,[],,-43.96317605630105,5.862769926877327,-1.0,0.2978654873348099,0.3142807323928387,31.5,1.7134512665190123,5.439527830219085,1.5983977998844654
2024_11_12,11_10_50_0,frame_24,0,255,3,1,False,False,True,4.497701149061392,True,[],[   -0.47081     0.01633     0.88209],58.84116271345711,178.51897827118975,0.3308681125369554,0.2997984364616707,0.3415561963456509,31.5,1.520156353832931,4.825893186771206,1.6088609728821026
2024_11_12,11_10_50_0,frame_25,0,255,3,1,False,False,True,4.3541801369273925,True,[],[   -0.25665    0.012389     0.96643],56.64303685963811,-179.65754791359126,0.8174549924269434,0.3110944985040742,0.3405829996692617,31.5,0.3905501495925776,1.2398417447383423,1.607345431434865
2024_11_12,11_10_50_0,frame_26,0,255,3,1,False,False,True,4.09375,True,[],[   -0.55146    0.062259     0.83188],55.44139089316814,174.4655380529927,0.309038963355418,0.3086132455107471,0.320870872009832,31.5,0.6386754489252908,2.027541107699337,1.5992828377564143
2024_11_12,11_10_50_0,frame_27,0,255,3,1,False,False,True,3.908479079029856,True,[],[   -0.55765   -0.045013     0.82886],56.88707446284542,-174.53283569075677,0.3189956428282053,0.3189828077032286,0.3326395184959629,31.5,0.398280770322863,1.2643833978503554,1.6087077782110677
2024_11_12,11_10_50_0,frame_28,0,255,3,1,False,False,True,3.760486561931367,True,[],[   -0.53596    -0.04668     0.84295],58.01942848316976,-174.33767423864597,0.333366851493457,0.333950822031143,0.316138160118113,31.5,1.895082203114299,6.016133978140639,1.6017031520364668
2024_11_12,11_10_50_0,frame_29,0,255,-1,1,False,False,True,3.623016045612678,True,[],[   -0.55305    -0.06401     0.83069],56.21899588115822,-171.31567784570134,0.3175806042574612,0.3183477970340461,0.3164528865317245,31.5,0.3347797034046103,1.062792709220997,1.5995639051307258
2024_11_12,11_10_50_0,frame_30,0,255,-1,1,False,False,True,3.548089483954252,True,[],[   -0.47474   -0.013102     0.88003],61.86609575939086,-177.6660400385528,0.3327440251138861,0.3291943338586219,0.3166368697212087,31.5,1.4194333858621917,4.5061377328958585,1.5947927025063078
2024_11_12,11_10_50_0,frame_31,0,255,-1,1,False,False,True,3.5993787190761517,True,[],[   -0.36194    0.014751     0.93208],61.06762976251402,-179.21570596154783,0.4892964667642803,0.3227786837766279,0.3127816913687627,31.5,0.7778683776627915,2.4694234211517085,1.583742294201585
2024_11_12,11_10_50_0,frame_32,0,255,6,1,False,False,True,3.676470588235294,True,[],[    -0.4833    0.053486     0.87382],61.39758970213583,174.40010140920268,0.3091341474344825,0.3094325662026561,0.3233295023506458,31.5,0.5567433797343924,1.767439300744085,1.5783550700019389
2024_11_12,11_10_50_0,frame_33,0,255,6,1,False,False,True,3.2972972972972974,True,[],[   -0.46871      0.1549     0.86966],58.11457585722288,162.06410008881116,0.3352856617903029,0.3179731679023907,0.298129268538842,31.5,0.29731679023907276,0.943862826155783,1.563646833576948
2024_11_12,11_10_50_0,frame_34,0,255,6,1,False,False,True,3.131616571489963,True,[],[   -0.38186     0.19241     0.90397],58.136383266961886,156.68692518690338,0.4309141752864633,0.3110448689846844,0.2967788670280412,31.5,0.3955131015315594,1.2555971477192327,1.5603377953531563
2024_11_12,11_10_50_0,frame_35,0,255,6,1,False,False,True,3.139755847062148,True,[],[   -0.20413     0.16715     0.96457],56.0156133308758,155.13958760334663,1.2522078957175165,0.298579762029232,0.2893592392703593,31.5,1.6420237970768028,5.212773958973976,1.5613318713587003
2024_11_12,11_10_50_0,frame_36,0,255,6,1,False,False,True,3.1175592644048606,True,[],[    -0.4856     0.26084     0.83436],56.38455085585442,151.9098915836478,0.3203334121019239,0.3194532332243709,0.3013692230919231,31.5,0.4453233224370905,1.4137248331336227,1.565586360425696
2024_11_12,11_10_50_0,frame_37,0,255,6,1,False,False,True,3.102564102564102,True,[],[   -0.42659     0.20485     0.88094],57.21260070350435,157.91477230128154,0.3175113314075217,0.3145036259681054,0.3034956529090554,31.5,0.04963740318946108,0.157579057744306,1.5615854091641228
2024_11_12,11_10_50_0,frame_38,0,255,6,1,False,False,True,3.115538084657893,True,[],[   -0.48191     0.23445     0.84427],57.87367379275036,154.27809754094977,0.300676196350947,0.3007182876799316,0.2942874495816201,31.5,1.428171232006843,4.533876927005847,1.564450483099027
2024_11_12,11_10_50_0,frame_39,0,255,6,1,False,False,True,3.2972972972972974,True,[],[   -0.44998      0.1775     0.87522],59.96029444007832,159.13426620837683,0.3254228628576519,0.3218539855112248,0.3205174614934944,31.5,0.685398551122482,2.1758684162618382,1.564733860552587
2024_11_12,11_10_50_0,frame_40,0,255,6,1,False,False,True,3.5428571428571427,True,[],[   -0.46399     0.11659     0.87813],61.66249019369116,167.12654040582376,0.337902821154932,0.3362098388374586,0.3203181080825009,31.5,2.1209838837458577,6.733282170621774,1.5681287092894467
2024_11_12,11_10_50_0,frame_41,0,255,6,1,False,False,True,3.5142857142857142,True,[],[   -0.45239    0.098851     0.88632],62.32250651587634,168.54079535554396,0.316178408186837,0.3154126488300155,0.3112577949540287,31.5,0.04126488300155273,0.1309996285763543,1.5626925153994808
2024_11_12,11_10_50_0,frame_42,0,255,6,1,False,False,True,3.4571428571428573,True,[],[   -0.41986    0.084545     0.90364],45.5939966558921,176.35796085277022,0.3179681865898589,0.2074764379086831,0.2083969568642361,31.5,10.75235620913169,34.134464155973625,1.515226226114608
2024_11_12,11_10_50_0,frame_43,0,255,6,1,False,False,True,3.361111111111111,True,[],[   -0.36004    0.083933     0.92915],63.8781513655046,169.08475374094257,0.3344715858183316,0.3309064593542659,0.3184821941666174,31.5,1.5906459354265863,5.049669636274881,1.5488071108284982
2024_11_12,11_10_50_0,frame_44,0,255,6,1,False,False,True,3.305555555555556,True,[],[   -0.39733    0.074761     0.91462],65.57602961931508,171.00690042885748,0.3227465994641809,0.3232125895577724,0.3234290106864014,31.5,0.821258955777239,2.6071712881817244,1.535444311152706
2024_11_12,11_10_50_0,frame_45,0,255,6,1,False,False,True,3.4,True,[],[   -0.37735    0.073557     0.92314],67.62409153894579,169.56903613724324,0.3173484296639892,0.3164263941445486,0.3281064977379237,31.5,0.14263941445485884,0.4528235379519518,1.5225181321731476
2024_11_12,11_10_50_0,frame_46,0,255,6,1,False,False,True,3.5588235294117645,True,[],[   -0.39744    0.072126     0.91479],66.38879709867581,169.74357097057032,0.3391893856930168,0.3322532423316466,0.336249865476784,31.5,1.7253242331646632,5.477219787824335,1.501981537976711
2024_11_12,11_10_50_0,frame_47,0,255,6,1,False,False,True,3.4166666666666665,True,[],[   -0.42481    0.082213     0.90154],64.3925587840465,169.72539505838222,0.3142123934492319,0.310824259675028,0.3198822699670898,31.5,0.41757403249719616,1.325631849197453,1.483381355200151
2024_11_12,11_10_50_0,frame_48,0,255,6,1,False,False,True,3.555555555555556,True,[],[   -0.38029     0.09401     0.92008],51.25685935602952,175.18667296526672,0.3205620201323909,0.2145520258520251,0.1978363299222125,31.5,10.04479741479749,31.888245761261857,1.4272095473467528
2024_11_12,11_10_50_0,frame_49,0,255,6,1,False,False,True,3.6944444444444446,True,[],[   -0.12915    0.076006     0.98871],65.23713837509491,167.19574474519936,1.5424583655974553,0.3449045664269862,0.3256060674729865,31.5,2.990456642698618,9.493513151424189,1.4399070483114984
2024_11_12,11_10_50_0,frame_50,0,255,6,1,False,False,True,3.702702702702703,True,[],[   -0.37198     0.11417     0.92119],54.01664354121328,167.83452670717006,0.3134456947273991,0.2876675928049403,0.2404703368956091,31.5,2.733240719505968,8.676954665098297,1.3841307314190392
2024_11_12,11_10_50_0,frame_51,0,255,6,1,False,False,True,3.625,True,[],[   -0.43708     0.11196     0.89243],58.24207366286555,167.0967392025983,0.3970023377201377,0.3160112541863691,0.2967401402991949,31.5,0.10112541863691149,0.3210330750378107,1.3783471238333964
2024_11_12,11_10_50_0,frame_52,0,255,6,1,False,False,True,3.619047619047619,True,[],[   -0.27389     0.10395     0.95613],58.875553740439145,167.6078546131122,1.0064439040285766,0.3099562650645859,0.3099802548672634,31.5,0.5043734935414115,1.601185693782237,1.348208990102669
2024_11_12,11_10_50_0,frame_53,0,255,6,1,False,False,True,3.7109374383929703,True,[],[  0.0016695      0.1038      0.9946],58.92996616875261,163.79772557234597,1.560963562109855,0.3079625368930253,0.3015800779240596,31.5,0.703746310697472,2.234115272055452,1.314807420301251
2024_11_12,11_10_50_0,frame_54,0,255,6,1,False,False,True,3.857340738538922,True,[],[   -0.29361     0.15661     0.94301],56.8719397016164,158.73183207851483,0.9018401486435847,0.3029370214664638,0.2963905207140141,31.5,1.2062978533536217,3.829516994773385,1.2784073146988535
2024_11_12,11_10_50_0,frame_55,0,255,6,1,False,False,True,3.922727392890775,True,[],[   -0.42689     0.18464     0.88525],56.91598513586001,158.6546899653435,0.3018829798662313,0.3028138931353686,0.3122455810512866,31.5,1.2186106864631405,3.868605353851219,1.2541167627877632
2024_11_12,11_10_50_0,frame_56,0,255,6,1,False,False,True,3.820105706505208,True,[],[   -0.20002     0.20672     0.95774],57.77939308878459,151.98948522972012,1.117370600591543,0.3046471965285114,0.3070842840711696,31.5,1.0352803471488592,3.2866042766630272,1.2261746847126858
2024_11_12,11_10_50_0,frame_57,0,255,6,1,False,False,True,3.885134528784304,True,[],[   -0.38823     0.27792     0.87866],54.665499477617445,148.99933811098413,0.3133354467240659,0.2965933608583333,0.2994871839475802,31.5,1.8406639141666687,5.84337750529101,1.1977758268414416
2024_11_12,11_10_50_0,frame_58,0,255,6,1,False,False,True,4.016786653349432,True,[],[    -0.4858     0.31357     0.81589],52.53184013103512,146.42831998492863,0.3078752180273824,0.2989722548625125,0.2951263696534357,31.5,1.6027745137487486,5.088173059519825,1.1700972988744616
2024_11_12,11_10_50_0,frame_59,0,255,6,1,False,False,True,4.206896534511582,True,[],[   -0.50119     0.36356     0.78526],51.49453280894007,143.6784652180236,0.3056723475258838,0.3049940994796372,0.2963446792388547,31.5,1.00059005203628,3.176476355670737,1.1534684608334893
2024_11_12,11_10_50_0,frame_60,0,255,6,1,False,False,True,3.972049928427115,True,[],[   -0.14463     0.28668     0.94705],51.0659672991855,142.21358943756636,0.9589466450845808,0.3013386195419358,0.2997172652740368,31.5,1.3661380458064194,4.33694617716322,1.1352592420895746
2024_11_12,11_10_50_0,frame_61,0,255,6,1,False,False,True,4.0067295031468575,True,[],[   -0.35934      0.3548     0.86313],50.60545964287388,142.78868870185494,0.2953541233061652,0.2997201481384878,0.2965270547819425,31.5,1.52798518615122,4.85074662270227,1.1191845984293292
2024_11_12,11_10_50_0,frame_62,0,255,6,1,False,False,True,4.062499990575678,True,[],[   -0.51438       0.393     0.76221],49.65135882313641,142.53761821543387,0.3086628331921216,0.3044127737808413,0.2991317582848448,31.5,1.0587226219158694,3.361024196558299,1.1058572473544956
2024_11_12,11_10_50_0,frame_63,0,255,6,1,False,False,True,4.232483647024116,True,[],[   -0.46877     0.40399     0.78552],48.79289778148637,140.3759110663846,0.3083416944315179,0.2990824160223493,0.296204655248914,31.5,1.5917583977650693,5.053201262746235,1.0877000987081868
2024_11_12,11_10_50_0,frame_64,0,255,6,1,False,False,True,3.7663341057518256,True,[],[   -0.47055     0.42597     0.77274],50.60092004896879,137.52456536636046,0.3017771446478742,0.2995056511611288,0.292760390269791,31.5,1.5494348838871197,4.918840901228948,1.0802611684930723
2024_11_12,11_10_50_0,frame_65,0,255,6,1,False,False,True,3.769396483449081,True,[],[    -0.4621     0.41006     0.78633],51.765285654708144,138.35862458565558,0.3039661495719999,0.2985288401884673,0.3023968897352391,31.5,1.64711598115327,5.228939622708772,1.0712546521453734
2024_11_12,11_10_50_0,frame_66,0,255,6,1,False,False,True,3.480519147899098,True,[],[   -0.38888     0.41505      0.8225],53.3489064133036,134.85424153398645,0.3088186387359811,0.3044192075649248,0.3003520270131551,31.5,1.058079243507521,3.3589817254206995,1.068377203112458
2024_11_12,11_10_50_0,frame_67,0,255,6,1,False,False,True,3.388489326018284,True,[],[   -0.32487     0.38738     0.86279],55.11642799756478,133.89780272171453,0.2930488173207161,0.2949289006160441,0.2912310347591503,31.5,2.0071099383955904,6.371777582208206,1.0624271642955725
2024_11_12,11_10_50_0,frame_68,0,255,6,1,False,False,True,3.195214041022599,True,[],[    -0.1897     0.31623     0.92952],58.35912755153745,134.1664418695978,0.8272609837628455,0.3033228684120008,0.3013502783565853,31.5,1.1677131587999199,3.7070259009521136,1.061479740383823
2024_11_12,11_10_50_0,frame_69,0,255,6,1,False,False,True,2.964268308752665,True,[],[     -0.242     0.32928     0.91269],60.7921684601034,132.21552698551653,0.3004896921841805,0.2991826776812729,0.2862974160224675,31.5,1.5817322318727136,5.02137216467526,1.0634097689150894
2024_11_12,11_10_50_0,frame_70,0,255,6,1,False,False,True,2.822082217176519,True,[],[  -0.081449     0.27129     0.95905],63.57048965360345,127.54271817894036,0.2996037526434311,0.2990982110501584,0.2951135437441518,31.5,1.590178894984163,5.048186968203671,1.0673822101209338
2024_11_12,11_10_50_0,frame_71,0,255,6,1,False,False,True,2.601388845280832,True,[],[  -0.094641     0.27324     0.95728],68.26114631746495,121.06029132872192,0.3127028643182576,0.3131658959928043,0.3027941637502113,31.5,0.18341040071956982,0.5822552403795846,1.068047082708689
2024_11_12,11_10_50_0,frame_72,0,255,6,1,False,False,True,2.466101667970153,True,[],,,,,,,31.5,,,
2024_11_12,11_10_50_0,frame_73,0,255,6,1,False,False,True,2.068627402302503,True,[],,,,,,,31.5,,,
2024_11_12,11_10_50_0,frame_74,0,255,6,1,False,False,True,1.7142857142857142,False,[],,,,,,,31.5,,,
2024_11_12,11_10_50_0,frame_75,0,255,6,1,False,False,True,1.5178571428571428,False,[],,,,,,,31.5,,,
2024_11_12,11_10_50_0,frame_76,0,255,6,1,False,False,True,1.3392857142857142,False,[],,,,,,,31.5,,,
2024_11_12,11_10_50_0,frame_78,0,255,6,1,False,False,True,1.0508474576271187,False,[],,,,,,,31.5,,,
2024_11_12,11_10_50_0,frame_99,0,255,-1,1,False,False,True,3.880973663642092,True,[],,,,,,,31.5,,,
2024_11_12,11_10_50_0,frame_100,0,255,8,1,False,False,True,3.932589258832791,True,[],,,,,,,31.5,,,
2024_11_12,11_10_50_0,frame_101,0,255,8,1,False,False,True,4.348681877267923,True,[],,,,,,,31.5,,,
2024_11_12,11_10_50_0,frame_103,0,255,8,1,False,False,True,4.741940160486398,True,[],,,,,,,31.5,,,
2024_11_12,11_10_50_0,frame_104,0,255,8,1,False,False,True,4.773455223898496,True,[],,,,,,,31.5,,,
2024_11_12,11_10_50_0,frame_105,0,255,8,1,False,False,True,4.622317510427723,True,[],,,,,,,31.5,,,
2024_11_12,11_10_50_0,frame_107,0,255,-1,1,False,False,True,4.695651797652737,True,[],[   -0.38013      0.1128     0.91803],-14.081441117488888,96.01471731699854,0.3300859451707716,0.0886516621664504,0.0936842724881164,31.5,22.63483378335496,71.85661518525383,1.9662870645523072
2024_11_12,11_10_50_0,frame_108,0,255,9,1,False,False,True,4.743589567795657,True,[],[   -0.38645     0.18551     0.90346],64.31427838062835,153.45437144923036,0.3586530981793063,0.3592018930010581,0.4125748789071503,31.5,4.420189300105811,14.032346984462889,1.947614540902128
2024_11_12,11_10_50_0,frame_109,0,255,-1,1,False,False,True,5.00000015686464,True,[],[    -0.3824     0.26968     0.88377],12.512155032840267,104.67660385899484,0.3641782278254977,0.1844506515334619,0.1783329333100759,31.5,13.054934846653808,41.44423760842478,1.9834788007434137
2024_11_12,11_10_50_0,frame_110,0,255,10,1,False,False,True,5.669291400257382,True,[],[   -0.39698     0.20128     0.89549],-12.525497485385214,92.06533552867296,0.6625286019052905,0.1409136302416456,0.135271994105244,31.5,17.40863697583544,55.26551420900139,1.9794508336406005
2024_11_12,11_10_50_0,frame_118,0,255,-1,0,True,False,True,3.231377040402641,False,[],,,,,,,31.5,,,
2024_11_12,11_10_50_0,frame_119,0,255,-1,0,True,False,True,1.3913044190621413,False,[],,,,,,,31.5,,,
2024_11_12,11_10_50_0,frame_123,0,255,-1,0,True,False,True,2.913879788348491,False,[],,,,,,,31.5,,,
2024_11_12,11_10_50_0,frame_124,0,255,-1,0,True,False,True,3.523196734826526,False,[],,,,,,,31.5,,,
2024_11_12,11_10_50_0,frame_132,0,255,-1,1,False,False,True,4.509688283490732,True,[],[    -0.2033     -0.2754     0.93959],22.688563612009617,90.82113921893558,1.5877807659594303,0.3083046512622304,0.3025683675726343,31.5,0.6695348737769606,2.125507535799877,0.8058640702695659
2024_11_12,11_10_50_0,frame_134,0,255,-1,1,False,False,True,4.739864718145557,True,[],[   -0.16391      0.8148     0.55609],28.43614840423997,100.55696714294946,0.3390508080733883,0.3071037733324327,0.2963345167382949,31.5,0.7896226667567277,2.506738624624535,0.8753274013795677
2024_11_12,11_10_50_0,frame_135,0,255,16,1,False,False,True,4.86676836253417,True,[],[   -0.27131     0.77619     0.56914],29.11200387085304,108.40370204229215,0.3057479947401723,0.3071404550855413,0.3003627782352943,31.5,0.7859544914458709,2.4950936236376733,0.9041818056360746
2024_11_12,11_10_50_0,frame_136,0,255,16,1,False,False,True,4.332373052633077,True,[],[   -0.24768     0.33272     0.90992],30.85368203576154,116.35523752901275,1.6823432351179928,0.3064943836787003,0.3033549584489047,31.5,0.8505616321299705,2.700195657555461,0.9408474775326726
2024_11_12,11_10_50_0,frame_137,0,255,16,1,False,False,True,4.3298574146131,True,[],,,,,,,31.5,,,
2024_11_12,11_10_50_0,frame_138,0,255,16,1,False,False,True,4.149626892298622,True,[],,,,,,,31.5,,,
2024_11_12,11_10_50_0,frame_139,0,255,16,1,False,False,True,4.314416302482059,True,[],,,,,,,31.5,,,
2024_11_12,11_10_50_0,frame_140,0,255,16,1,False,False,True,4.332439738563305,True,[],,,,,,,31.5,,,
2024_11_12,11_10_50_0,frame_141,0,255,16,1,False,False,True,4.1228182405613305,True,[],,,,,,,31.5,,,
2024_11_12,11_10_50_0,frame_142,0,255,16,1,False,False,True,4.036873528654201,True,[],,,,,,,31.5,,,
2024_11_12,11_10_50_0,frame_143,0,255,16,1,False,False,True,4.216965532648682,True,[],,,,,,,31.5,,,
2024_11_12,11_10_50_0,frame_144,0,255,16,1,False,False,True,4.169424895487047,True,[],,-26.48563625755586,-21.23106629038479,-1.0,0.3150335952484299,0.3060496168416342,31.5,0.003359524842988293,0.0106651582317271,1.156390345494147
2024_11_12,11_10_50_0,frame_145,0,255,16,1,False,False,True,4.163987044548936,True,[],[   -0.34533    0.071919     0.93572],-25.706039153234947,-16.344226897717963,1.8324491605374733,0.3071612002193798,0.3037016468397586,31.5,0.7838799780620178,2.4885078668635514,1.166417097802813
2024_11_12,11_10_50_0,frame_146,0,255,16,1,False,False,True,4.304154794622746,True,[],[   -0.42224    0.092166     0.90179],-24.61439045167285,-14.40417212263236,1.4661070821899211,0.3126190341643476,0.307331897378695,31.5,0.23809658356523755,0.7558621700483787,1.174036785040459
2024_11_12,11_10_50_0,frame_147,0,255,16,1,False,False,True,4.424392895505661,True,[],,-20.63803047598796,-13.16743331895174,-1.0,0.3092501615051872,0.3023851936740899,31.5,0.5749838494812813,1.8253455539088104,1.1823504431988376
2024_11_12,11_10_50_0,frame_148,0,255,16,1,False,False,True,4.110497848250289,True,[],[   -0.28621    0.056356     0.95651],-19.607073168368785,-11.016061161600216,1.9353230933643948,0.309587392191311,0.304743579279838,31.5,0.5412607808689032,1.7182881932345913,1.1880603287609328
2024_11_12,11_10_50_0,frame_149,0,255,16,1,False,False,True,4.3327337373824655,True,[],[   -0.22535    0.046811     0.97315],-19.828157437584668,-9.642540794186448,1.3496732536849625,0.3087406658507042,0.306299824763754,31.5,0.6259334149295803,1.987090206125652,1.1871445707474038
2024_11_12,11_10_50_0,frame_150,0,255,16,1,False,False,True,4.4439298372510105,True,[],[    0.93421    -0.16151    -0.31806],-18.67148882665698,-9.726318430040694,0.3042466015754782,0.3030381976529147,0.3038518727337936,31.5,1.1961802347085317,3.797397570503278,1.1828289459736645
2024_11_12,11_10_50_0,frame_151,0,255,16,1,False,False,True,4.03934421633829,True,[],[    0.93241    -0.16678    -0.32063],-18.576309113894325,-10.152927912790584,0.3064631336178661,0.3065337410342785,0.3000907682132425,31.5,0.8466258965721494,2.6877012589591907,1.1833910900547877
2024_11_12,11_10_50_0,frame_152,0,255,16,1,False,False,True,4.23555578608849,True,[],[    0.93548    -0.15203      -0.319],-18.5424761944865,-9.259430778890207,0.307730660660384,0.30599023260401,0.3020628302307828,31.5,0.9009767395990025,2.860243617774592,1.1788502464248418
2024_11_12,11_10_50_0,frame_153,0,255,16,1,False,False,True,4.900417683701704,True,[],[    0.94912    -0.14814     -0.2779],-16.230375110652187,-8.882765696552587,0.3052380025000178,0.3052539915086758,0.3054477863616227,31.5,0.9746008491324183,3.0939709496267223,1.1662389666826438
2024_11_12,11_10_50_0,frame_154,0,255,16,1,False,False,True,4.980975791808616,True,[],,-13.12945149629512,-9.19668049965362,-1.0,0.3050557748260389,0.3003849238054484,31.5,0.9944225173961101,3.156896880622553,1.1532700516029328
2024_11_12,11_10_50_0,frame_155,0,255,16,1,False,False,True,3.9524959365117303,True,[],,-16.04940895491355,-7.224368068681074,-1.0,0.307522285499239,0.2991140799634836,31.5,0.747771450076101,2.37387761928921,1.1605882253045914
2024_11_12,11_10_50_0,frame_156,0,255,16,1,False,False,True,3.75,True,[],[    0.23793    0.066021     0.96904],-19.91043181240393,-4.631465520140035,2.126710102431595,0.3111821851293275,0.3045238185220611,31.5,0.3817814870672507,1.2120047208484157,1.1637928201947367
2024_11_12,11_10_50_0,frame_157,0,255,16,1,False,False,True,3.807692307692308,True,[],,-21.49648565864548,-2.5284647356090204,-1.0,0.3154786409521927,0.3127521925064461,31.5,0.04786409521926771,0.1519495086325994,1.1613709580598388
2024_11_12,11_10_50_0,frame_158,0,255,16,1,False,False,True,4.020408163265306,True,[],,-21.924642525677537,-2.6726103950886544,-1.0,0.3085252894395051,0.3038217397361195,31.5,0.6474710560494934,2.055463669998388,1.1532515652974449
2024_11_12,11_10_50_0,frame_159,0,255,16,1,False,False,True,4.545454545454546,True,[],,-21.1252891768416,-4.629261418584008,-1.0,0.3046314593570437,0.2993788597416786,31.5,1.0368540642956283,3.291600204113105,1.1423995191400702
2024_11_12,11_10_50_0,frame_160,0,255,16,1,False,False,True,4.1875,True,[],,-22.243875374605224,-4.620852489118269,-1.0,0.3025212082401639,0.2985626048886683,31.5,1.2478791759836128,3.961521193598753,1.133426746037977
2024_11_12,11_10_50_0,frame_161,0,255,16,1,False,False,True,3.8867924528301887,True,[],,-24.4275401595285,-4.0437182731509305,-1.0,0.3047673664407836,0.2997426295814714,31.5,1.0232633559216389,3.248455098163914,1.1312021954033855
2024_11_12,11_10_50_0,frame_162,0,255,16,1,False,False,True,3.9056603773584895,True,[],,-26.30906856139134,-4.309700064993431,-1.0,0.3042469223522788,0.3004076330708843,31.5,1.0753077647721199,3.4136754437210017,1.1267102468902206
2024_11_12,11_10_50_0,frame_163,0,255,16,1,False,False,True,4.057692307692308,True,[],[    0.75287   -0.075616    -0.65382],-29.105592648050404,-3.735697945671439,0.565470416193562,0.3052732204160258,0.3036875727162051,31.5,0.9726779583974228,3.087866534594973,1.1207396108643992
2024_11_12,11_10_50_0,frame_164,0,255,16,1,False,False,True,4.176470588235294,True,[],[    0.85096   -0.051229    -0.52273],-31.143548537098543,-3.405704166678207,0.3027674287331266,0.3028321263853815,0.3005842227222334,31.5,1.2167873614618507,3.8628170205138153,1.112101697268924
2024_11_12,11_10_50_0,frame_165,0,255,16,1,False,False,True,4.469387755102041,True,[],,-32.61640246835625,-4.105645055781558,-1.0,0.3052197581903655,0.3077637581377161,31.5,0.9780241809634482,3.1048386697252184,1.1011048269893489
2024_11_12,11_10_50_0,frame_166,0,255,16,1,False,False,True,4.166666666666667,True,[],,-33.30823222671366,-4.862690732724565,-1.0,0.308801801675729,0.3045998340466547,31.5,0.6198198324270976,1.9676820077050752,1.0890288798240864
2024_11_12,11_10_50_0,frame_167,0,255,16,1,False,False,True,3.982456140350877,True,[],[     0.8204   -0.071481     -0.5673],-34.43756986763251,-4.962628381966303,0.3062438315502877,0.3046421288925911,0.3006732856548055,31.5,1.0357871107408876,3.2882130499710724,1.0798312888513777
2024_11_12,11_10_50_0,frame_168,0,255,16,1,False,False,True,4.087719298245614,True,[],[    0.78317    -0.08603    -0.61582],-36.17323975689478,-5.916067230796676,0.3074818045324752,0.3069827782524398,0.3014574995189499,31.5,0.8017221747560193,2.5451497611302045,1.0705527287451988
2024_11_12,11_10_50_0,frame_169,0,255,16,1,True,False,True,4.290909090909091,False,[],,,,,,,31.5,,,
2024_11_12,11_10_50_0,frame_170,0,255,16,1,True,False,True,3.877192982456141,False,[],,,,,,,31.5,,,
2024_11_12,11_10_50_0,frame_171,0,255,16,1,True,False,True,3.4655172413793105,False,[],,,,,,,31.5,,,
2024_11_12,11_10_50_0,frame_172,0,255,16,1,True,False,True,3.1379310344827585,False,[],,,,,,,31.5,,,
2024_11_12,11_10_50_0,frame_173,0,255,16,1,True,False,True,3.076923076923077,False,[],,,,,,,31.5,,,
2024_11_12,11_10_50_0,frame_174,0,255,16,1,True,False,True,2.6538461538461537,False,[],,,,,,,31.5,,,
2024_11_12,11_10_50_0,frame_175,0,255,16,1,True,False,True,2.510638380763014,False,[],,,,,,,31.5,,,
2024_11_12,11_10_50_0,frame_176,0,255,16,1,True,False,True,2.255813953488372,False,[],,,,,,,31.5,,,
2024_11_12,11_10_50_0,frame_177,0,255,-1,1,True,False,True,2.508380000808354,False,[],,,,,,,31.5,,,
2024_11_12,11_10_50_0,frame_178,0,255,-1,1,True,False,True,1.6666666666666667,False,[],,,,,,,31.5,,,
2024_11_12,11_10_50_0,frame_208,0,255,-1,1,True,False,True,2.2110091895356625,False,[],,,,,,,31.5,,,
2024_11_12,11_10_50_0,frame_209,0,255,-1,1,True,False,True,2.439882616737417,False,[],,,,,,,31.5,,,
2024_11_12,11_10_50_0,frame_218,0,255,-1,1,True,False,True,1.1428571428571428,False,[],,,,,,,31.5,,,
2024_11_12,11_10_50_0,frame_219,0,255,-1,1,True,False,True,2.961538221888412,False,[],,,,,,,31.5,,,
2024_11_12,11_10_50_0,frame_244,0,255,-1,1,True,False,True,1.3333333333333333,False,[],,,,,,,31.5,,,
2024_11_12,11_10_50_0,frame_245,0,255,-1,1,True,False,True,1.25,False,[],,,,,,,31.5,,,
2024_11_12,11_10_50_0,frame_246,0,255,-1,1,True,False,True,1.7142857142857142,False,[],,,,,,,31.5,,,
2024_11_12,11_10_50_0,frame_247,0,255,28,1,True,False,True,2.4571428571428573,False,[],,,,,,,31.5,,,
2024_11_12,11_10_50_0,frame_248,0,255,28,1,True,False,True,2.4651162790697674,False,[],,,,,,,31.5,,,
2024_11_12,11_10_50_0,frame_249,0,255,28,1,True,False,True,2.6840054394179687,False,[],,,,,,,31.5,,,
2024_11_12,11_10_50_0,frame_250,0,255,28,1,True,False,True,2.675675675675676,False,[],,,,,,,31.5,,,
2024_11_12,11_10_50_0,frame_251,0,255,28,1,True,False,True,3.8333333333333335,False,[],,,,,,,31.5,,,
2024_11_12,11_10_50_0,frame_254,0,255,-1,1,True,False,True,2.5172413793103448,False,[],,,,,,,31.5,,,
2024_11_12,11_10_50_0,frame_255,0,255,-1,1,True,False,True,1.891891891891892,False,[],,,,,,,31.5,,,
2024_11_12,11_10_50_0,frame_256,0,255,-1,1,True,False,True,1.8823529411764703,False,[],,,,,,,31.5,,,
2024_11_12,11_10_50_0,frame_257,0,255,-1,1,True,False,True,1.9375,False,[],,,,,,,31.5,,,
2024_11_12,11_10_50_0,frame_258,0,255,-1,1,True,False,True,2.4285714285714284,False,[],,,,,,,31.5,,,
2024_11_12,11_10_50_0,frame_259,0,255,-1,1,True,False,True,1.8124998722733012,False,[],,,,,,,31.5,,,
2024_11_12,11_10_50_0,frame_260,0,255,34,1,True,False,True,1.7020408995289067,False,[],,,,,,,31.5,,,
2024_11_12,11_10_50_0,frame_261,0,255,34,1,True,False,True,1.58,False,[],,,,,,,31.5,,,
2024_11_12,11_10_50_0,frame_262,0,255,34,1,True,False,True,1.807692307692308,False,[],,,,,,,31.5,,,
2024_11_12,11_10_50_0,frame_263,0,255,34,1,True,False,True,2.3022556453161416,False,[],,,,,,,31.5,,,
2024_11_12,11_10_50_0,frame_264,0,255,34,1,True,False,True,2.366929435381376,False,[],,,,,,,31.5,,,
2024_11_12,11_10_50_0,frame_265,0,255,34,1,True,False,True,2.7509504742014146,False,[],,,,,,,31.5,,,
2024_11_12,11_10_50_0,frame_266,0,255,34,1,True,False,True,3.0329959481876783,False,[],,,,,,,31.5,,,
2024_11_12,11_10_50_0,frame_267,0,255,34,1,True,False,True,3.2860577102703714,False,[],,,,,,,31.5,,,
2024_11_12,11_10_50_0,frame_268,0,255,34,1,True,False,True,3.884476655604275,False,[],,,,,,,31.5,,,
2024_11_12,11_10_50_0,frame_269,0,255,34,1,False,False,True,3.704676303734876,True,[],,,,,,,31.5,,,
2024_11_12,11_10_50_0,frame_270,0,255,34,1,False,False,True,3.6538360449328704,True,[],,,,,,,31.5,,,
2024_11_12,11_10_50_0,frame_271,0,255,34,1,True,False,True,3.663201616144049,False,[],,,,,,,31.5,,,
2024_11_12,11_10_50_0,frame_272,0,255,34,1,True,False,True,3.60912165986678,False,[],,,,,,,31.5,,,
2024_11_12,11_10_50_0,frame_273,0,255,34,1,True,False,True,3.648892145978259,False,[],,,,,,,31.5,,,
2024_11_12,11_10_50_0,frame_274,0,255,34,1,True,False,True,3.656643782610567,False,[],,,,,,,31.5,,,
2024_11_12,11_10_50_0,frame_275,0,255,34,1,True,False,True,3.678161168166031,False,[],,,,,,,31.5,,,
2024_11_12,11_10_50_0,frame_276,0,255,34,1,True,False,True,3.7999997430649297,False,[],,,,,,,31.5,,,
2024_11_12,11_10_50_0,frame_277,0,255,34,1,True,False,True,4.490243786714573,False,[],,,,,,,31.5,,,
2024_11_12,11_10_50_0,frame_278,0,255,34,1,True,False,True,3.576342554174056,False,[],,,,,,,31.5,,,
2024_11_12,11_10_50_0,frame_279,0,255,-1,1,True,False,True,2.5205336573459576,False,[],,,,,,,31.5,,,
2024_11_12,11_10_50_0,frame_280,0,255,35,1,True,False,True,2.623813764884696,False,[],,,,,,,31.5,,,
2024_11_12,11_10_50_0,frame_281,0,255,35,1,True,False,True,2.6867662377906907,False,[],,,,,,,31.5,,,
2024_11_12,11_10_50_0,frame_282,0,255,35,1,True,False,True,3.022824597772056,False,[],,,,,,,31.5,,,
2024_11_12,11_10_50_0,frame_283,0,255,35,1,True,False,True,3.2452438911622528,False,[],,,,,,,31.5,,,
2024_11_12,11_10_50_0,frame_284,0,255,35,1,True,False,True,2.976237743805034,False,[],,,,,,,31.5,,,
2024_11_12,11_10_50_0,frame_285,0,255,35,1,True,False,True,3.021176230960094,False,[],,,,,,,31.5,,,
2024_11_12,11_10_50_0,frame_286,0,255,35,1,True,False,True,2.990673320147021,False,[],,,,,,,31.5,,,
2024_11_12,11_10_50_0,frame_287,0,255,35,1,True,False,True,2.9966170714580738,False,[],,,,,,,31.5,,,
2024_11_12,11_10_50_0,frame_288,0,255,35,1,True,False,True,3.090397400437276,False,[],,,,,,,31.5,,,
2024_11_12,11_10_50_0,frame_289,0,255,35,1,True,False,True,3.040060708833388,False,[],,,,,,,31.5,,,
2024_11_12,11_10_50_0,frame_290,0,255,35,1,True,False,True,3.4128957031886444,False,[],,,,,,,31.5,,,
2024_11_12,11_10_50_0,frame_291,0,255,35,1,True,False,True,3.5760467934096485,False,[],,,,,,,31.5,,,
2024_11_12,11_10_50_0,frame_292,0,255,35,1,True,False,True,3.82188609477084,False,[],,,,,,,31.5,,,
2024_11_12,11_10_50_0,frame_293,0,255,35,1,True,False,True,3.80255105711808,False,[],,,,,,,31.5,,,
2024_11_12,11_10_50_0,frame_294,0,255,35,1,True,False,True,4.056995242250218,False,[],,,,,,,31.5,,,
2024_11_12,11_10_50_0,frame_295,0,255,35,1,True,False,True,4.149598818719652,False,[],,,,,,,31.5,,,
2024_11_12,11_10_50_0,frame_296,0,255,35,1,False,False,True,3.963004113892484,True,[],[    0.91114    -0.19935    -0.36068],-20.9024350061376,-12.2369619970632,0.3072251592337336,0.3040566280730488,0.3002921356880561,31.5,1.0943371926951215,3.474086326016242,1.0189547552069838
2024_11_12,11_10_50_0,frame_297,0,255,35,1,False,False,True,3.96370787956146,True,[],[    0.87003    -0.22271    -0.43982],-25.90918458359999,-14.367272784718418,0.3079670893190298,0.3076769232487517,0.3059819076811991,31.5,0.732307675124833,2.3247862702375635,1.0311662827238526
2024_11_12,11_10_50_0,frame_298,0,255,35,1,False,False,True,3.989189085564323,True,[],[    0.82668    -0.29067    -0.48178],-28.62323720176953,-19.117962396579152,0.3083596901147101,0.3037716212410835,0.2968856314310188,31.5,1.1228378758916513,3.564564685370325,1.0417754596112
2024_11_12,11_10_50_0,frame_299,0,255,35,1,False,False,True,3.873874076654523,True,[],[    0.75859    -0.42219    -0.49628],-29.793040969215475,-29.098284636093965,0.3045054638398834,0.3035606711135647,0.2919049866651022,31.5,1.1439328886435298,3.631532979820725,1.0519368290871125
2024_11_12,11_10_50_0,frame_300,0,255,35,1,False,False,True,3.825242714557238,True,[],,,,,,,31.5,,,
2024_11_12,11_10_50_0,frame_301,0,255,35,1,False,False,True,4.122047495388196,True,[],,,,,,,31.5,,,
2024_11_12,11_10_50_0,frame_302,0,255,35,1,False,False,True,4.055330746384407,True,[],,,,,,,31.5,,,
2024_11_12,11_10_50_0,frame_303,0,255,35,1,False,False,True,3.85129891752316,True,[],,,,,,,31.5,,,
2024_11_12,11_10_50_0,frame_304,0,255,35,1,False,False,True,3.938712230089895,True,[],,,,,,,31.5,,,
2024_11_12,11_10_50_0,frame_305,0,255,35,1,False,False,True,3.865578960405897,True,[],,,,,,,31.5,,,
2024_11_12,11_10_50_0,frame_306,0,255,35,1,False,False,True,3.926146112978993,True,[],,,,,,,31.5,,,
2024_11_12,11_10_50_0,frame_307,0,255,35,1,False,False,True,3.9019611427367233,True,[],,,,,,,31.5,,,
2024_11_12,11_10_50_0,frame_308,0,255,35,1,False,False,True,3.843304970065704,True,[],,,,,,,31.5,,,
2024_11_12,11_10_50_0,frame_309,0,255,35,1,False,False,True,4.407692176315737,True,[],,,,,,,31.5,,,
2024_11_12,11_10_50_0,frame_310,0,255,35,1,False,False,True,4.29796507834397,True,[],,,,,,,31.5,,,
2024_11_12,11_10_50_0,frame_311,0,255,35,1,False,False,True,3.953025740047481,True,[],,,,,,,31.5,,,
2024_11_12,11_10_50_0,frame_312,0,255,35,1,False,False,True,4.005012970505872,True,[],,,,,,,31.5,,,
2024_11_12,11_10_50_0,frame_313,0,255,35,1,False,False,True,4.692134869083651,True,[],,,,,,,31.5,,,
2024_11_12,11_10_50_0,frame_314,0,255,35,1,False,False,True,4.668292219781712,True,[],,,,,,,31.5,,,
2024_11_12,11_10_50_0,frame_315,0,255,35,1,False,False,True,4.360841210822163,True,[],,,,,,,31.5,,,
2024_11_12,11_10_50_0,frame_316,0,255,35,1,False,False,True,4.296296462326434,True,[],,,,,,,31.5,,,
2024_11_12,11_10_50_0,frame_317,0,255,35,1,False,False,True,4.2575761049011644,True,[],,,,,,,31.5,,,
2024_11_12,11_10_50_0,frame_318,0,255,35,1,False,False,True,4.154237191277045,True,[],,,,,,,31.5,,,
2024_11_12,11_10_50_0,frame_319,0,255,35,1,False,False,True,4.246226388180131,True,[],,,,,,,31.5,,,
2024_11_12,11_10_50_0,frame_320,0,255,35,1,False,False,True,4.518152187147758,True,[],,,,,,,31.5,,,
2024_11_12,11_10_50_0,frame_321,0,255,35,1,False,False,True,4.179722971135472,True,[],,,,,,,31.5,,,
2024_11_12,11_10_50_0,frame_322,0,255,35,1,False,False,True,4.02083335674825,True,[],,,,,,,31.5,,,
2024_11_12,11_10_50_0,frame_323,0,255,35,1,False,False,True,4.10540643415652,True,[],,,,,,,31.5,,,
2024_11_12,11_10_50_0,frame_324,0,255,35,1,False,False,True,4.469071987769887,True,[],,,,,,,31.5,,,
2024_11_12,11_10_50_0,frame_325,0,255,35,1,False,False,True,4.425675618639822,True,[],,,,,,,31.5,,,
2024_11_12,11_10_50_0,frame_326,0,255,35,1,False,False,True,4.179893949164829,True,[],,,,,,,31.5,,,
2024_11_12,11_10_50_0,frame_327,0,255,35,1,False,False,True,4.338557272757248,True,[],,,,,,,31.5,,,
2024_11_12,11_10_50_0,frame_328,0,255,35,1,False,False,True,4.847133729084908,True,[],,,,,,,31.5,,,
2024_11_12,11_10_50_0,frame_329,0,255,35,1,False,False,True,4.943548164162602,True,[],,,,,,,31.5,,,
2024_11_12,11_10_50_0,frame_330,0,255,35,1,False,False,True,4.457142857142857,True,[],,,,,,,31.5,,,
2024_11_12,11_10_50_0,frame_331,0,255,35,1,False,False,True,4.275847006814143,True,[],,,,,,,31.5,,,
2024_11_12,11_10_50_0,frame_332,0,255,35,1,False,False,True,4.866242012949294,True,[],,,,,,,31.5,,,
2024_11_12,11_10_50_0,frame_333,0,255,35,1,False,False,True,5.4956522402556045,True,[],,,,,,,31.5,,,
2024_11_12,11_10_50_0,frame_334,0,255,35,1,False,False,True,5.003490192175804,True,[],,,,,,,31.5,,,
2024_11_12,11_10_50_0,frame_335,0,255,35,1,False,False,True,4.692770778525092,True,[],,,,,,,31.5,,,
2024_11_12,11_10_50_0,frame_336,0,255,35,1,False,False,True,4.872449063351819,True,[],,,,,,,31.5,,,
2024_11_12,11_10_50_0,frame_337,0,255,35,1,False,False,True,5.0625005795192255,True,[],,,,,,,31.5,,,
2024_11_12,11_10_50_0,frame_338,0,255,35,1,False,False,True,4.216216468420025,True,[],,,,,,,31.5,,,
2024_11_12,11_10_50_0,frame_339,0,255,35,1,False,False,True,3.731707262515436,True,[],,,,,,,31.5,,,
2024_11_12,11_10_50_0,frame_340,0,255,35,1,False,False,True,3.711470413856418,True,[],,,,,,,31.5,,,
2024_11_12,11_10_50_0,frame_341,0,255,35,1,False,False,True,4.24053394952168,True,[],,,,,,,31.5,,,
2024_11_12,11_10_50_0,frame_342,0,255,35,1,False,False,True,5.374065876706449,True,[],,,,,,,31.5,,,
2024_11_12,11_10_50_0,frame_343,0,255,35,1,False,False,True,5.375761489501241,True,[],,,,,,,31.5,,,
2024_11_12,11_10_50_0,frame_344,0,255,35,1,False,False,True,5.010897228101515,True,[],,,,,,,31.5,,,
2024_11_12,11_10_50_0,frame_345,0,255,35,1,False,False,True,4.474125955019811,True,[],,,,,,,31.5,,,
2024_11_12,11_10_50_0,frame_346,0,255,35,1,False,False,True,4.307471524395571,True,[],,,,,,,31.5,,,
2024_11_12,11_10_50_0,frame_347,0,255,35,1,False,False,True,4.280323629367958,True,[],,,,,,,31.5,,,
2024_11_12,11_10_50_0,frame_348,0,255,35,1,False,False,True,4.328125082258779,True,[],,,,,,,31.5,,,
2024_11_12,11_10_50_0,frame_349,0,255,35,1,False,False,True,4.533333447065642,True,[],,,,,,,31.5,,,
2024_11_12,11_10_50_0,frame_350,0,255,35,1,False,False,True,5.313726328102845,True,[],[   -0.37116     0.91877     0.13451],7.860506739602564,111.96646783826633,0.306612222533787,0.3062910392105382,0.3041054271527626,31.5,0.8708960789461813,2.7647494569719875,1.8702192759281668
2024_11_12,11_10_50_0,frame_351,0,255,35,1,False,False,True,6.159090803348072,True,[],[   -0.34887     0.90726     0.23489],13.325319550276422,110.97362223642914,0.3180753224485227,0.3070177715779691,0.3010639431542093,31.5,0.7982228422030886,2.5340407688986955,1.8523300598885304
2024_11_12,11_10_50_0,frame_352,0,255,35,1,False,False,True,6.476190244083737,True,[],[   -0.37135     0.91171     0.17573],15.358912337123025,110.77888088073269,0.3083848457917854,0.2840494048054189,0.2796668743204629,31.5,3.095059519458111,9.82558577605749,1.848040148233756
2024_11_12,11_10_50_0,frame_353,0,255,35,1,False,False,True,6.204545207812168,True,[],[   -0.34302     0.90356     0.25674],14.965818447362564,110.80847902158,0.3042958818027324,0.3013518890503032,0.2930432608775999,31.5,1.3648110949696814,4.332733634824385,1.8328537598058767
2024_11_12,11_10_50_0,frame_354,0,255,35,1,False,False,True,6.067655511613889,True,[],[   -0.38815      0.9017     0.19046],12.065153409523942,112.90146942815038,0.3034950489192438,0.2970327354079837,0.2826171388037054,31.5,1.7967264592016292,5.703893521275019,1.815517917402622
2024_11_12,11_10_50_0,frame_355,0,255,35,1,False,False,True,6.26526845976123,True,[],[   -0.43866     0.89406    0.090734],4.930477584531038,116.16189549019836,0.3044411831123181,0.2994461721955463,0.2897349382993536,31.5,1.5553827804453704,4.937723112524981,1.8013128160402692
2024_11_12,11_10_50_0,frame_356,0,255,35,1,False,False,True,6.071945994131979,True,[],[   -0.46627     0.88448   -0.017196],2.8882963439111737,116.6967180988488,0.4476478027722168,0.3068368966043172,0.2981610627541205,31.5,0.8163103395682825,2.591461395454848,1.780588688462858
2024_11_12,11_10_50_0,frame_357,0,255,35,1,False,False,True,6.333138397458821,True,[],[   -0.45853     0.88482    -0.08273],-3.005160069408645,116.93835978533656,0.332287932637583,0.3082326615534195,0.3103930969147295,31.5,0.6767338446580489,2.1483614116128416,1.7636029131166628
2024_11_12,11_10_50_0,frame_358,0,255,35,1,False,False,True,5.708763102775762,True,[],[   -0.40793     0.91253   -0.029758],-1.305364362809052,113.97923716111995,0.309534129807976,0.3011659355477886,0.2880566164689265,31.5,1.3834064452211408,4.391766492765528,1.7500408657603916
2024_11_12,11_10_50_0,frame_359,0,255,-1,1,False,False,True,6.059112044319336,True,[],[   -0.31347      0.9436     0.10657],6.429825232642215,108.46291848833434,0.3011891622971385,0.2986717706315936,0.2865521704303395,31.5,1.6328229368406397,5.183564878859153,1.7342505287914332
2024_11_12,11_10_50_0,frame_360,0,255,-1,1,False,False,True,5.2886328119259085,True,[],[   -0.33528     0.92147     0.19617],11.20567537260433,109.97374139614232,0.3039641621059665,0.3034935422774032,0.2919423653114542,31.5,1.1506457722596792,3.652843721459297,1.7058732946184918
2024_11_12,11_10_50_0,frame_361,0,255,41,1,False,False,True,4.109841862202809,True,[],,,,,,,31.5,,,
2024_11_12,11_10_50_0,frame_362,0,255,41,1,False,False,True,3.667338324337453,True,[],,,,,,,31.5,,,
2024_11_12,11_10_50_0,frame_363,0,255,41,1,False,False,True,3.8970035463526704,True,[],,,,,,,31.5,,,
2024_11_12,11_10_50_0,frame_364,0,255,41,1,False,False,True,4.373056837279241,True,[],,,,,,,31.5,,,
2024_11_12,11_10_50_0,frame_365,0,255,-1,1,False,False,True,4.668831383564723,True,[],,,,,,,31.5,,,
2024_11_12,11_10_50_0,frame_366,0,255,42,1,False,False,True,4.457142655210006,True,[],,,,,,,31.5,,,
2024_11_12,11_10_50_0,frame_367,0,255,42,1,False,False,True,4.3768114186237375,True,[],,,,,,,31.5,,,
2024_11_12,11_10_50_0,frame_368,0,255,42,1,False,False,True,3.904109412968381,True,[],[     0.7768    -0.19741     0.59801],14.186798783955224,-17.643372902591945,1.156524341982344,0.3079994928895712,0.3026002030882696,31.5,0.7000507110428806,2.2223832096599434,1.5866756481293274
2024_11_12,11_10_50_0,frame_369,0,255,42,1,False,False,True,3.1806164672017534,True,[],[    0.85262    -0.12369     0.50768],18.25829128155604,-8.685874860854131,0.7373235613682823,0.3005595400758786,0.2972602837097404,31.5,1.4440459924121392,4.584272991784574,1.575715917646776
2024_11_12,11_10_50_0,frame_370,0,255,42,1,False,False,True,3.051282051282051,True,[],[    0.88417     0.02474     0.46652],16.14867028468642,2.807988342829083,0.8348490471373031,0.3047200362578688,0.2871226641721812,31.5,1.0279963742131173,3.263480553057522,1.5592117131423449
2024_11_12,11_10_50_0,frame_371,0,255,42,1,False,False,True,3.289473684210526,True,[],[      0.951    0.084041     0.29755],16.921856531135756,5.116438122748093,0.3258785166060071,0.3161383346365525,0.2960638776100039,31.5,0.11383346365525071,0.3613760750960305,1.5420042608305813
2024_11_12,11_10_50_0,frame_372,0,255,42,1,False,False,True,3.5,True,[],[    0.96906    0.035713     0.24423],14.504192636003015,2.248413130206022,0.3039367022704191,0.304024980860483,0.2935280520611754,31.5,1.0975019139516995,3.484133060164122,1.5162176661271096
2024_11_12,11_10_50_0,frame_373,0,255,42,1,False,False,True,3.6052631578947367,True,[],[     0.9207    0.038623     0.38835],11.551453082761103,3.469186066625488,0.5808614963536248,0.3105359440416713,0.2975129149520606,31.5,0.4464055958328714,1.417160621691656,1.4919942818521483
2024_11_12,11_10_50_0,frame_374,0,255,42,1,False,False,True,3.810810810810811,True,[],[    0.97349    0.084904     0.21237],12.115880074735829,5.165732230529757,0.3063582291007714,0.3064993148455109,0.2873266905281073,31.5,0.8500685154489105,2.6986302077742987,1.4751238044292758
2024_11_12,11_10_50_0,frame_375,0,255,42,1,False,False,True,4.2,True,[],[    0.42436   -0.032796      0.9049],9.26405159185271,4.179676691578575,1.87579862103099,0.3073453205773758,0.3046495517064033,31.5,0.765467942262422,2.430056959563224,1.4456957533394403
2024_11_12,11_10_50_0,frame_376,0,255,42,1,False,False,True,5.206896551724138,True,[],[     0.9951    0.030852    0.093924],5.427726889433086,1.7250706963205835,0.3071011412133032,0.3071876168318299,0.2964059701326934,31.5,0.7812383168170136,2.480121640688928,1.4289978596694373
2024_11_12,11_10_50_0,frame_377,0,255,42,1,False,False,True,4.90625,True,[],[    0.99885    0.028987    0.038307],1.9896512136810105,1.6511661006332787,0.3002548035912029,0.3001085154864986,0.3000272466058054,31.5,1.4891484513501432,4.727455401111561,1.416006040982947
2024_11_12,11_10_50_0,frame_378,0,255,42,1,False,False,True,3.925,True,[],[    0.99537    0.081245    0.051359],3.0766995236350367,4.747664428139014,0.2982319885219051,0.2982189347426998,0.2887977160991548,31.5,1.6781065257300227,5.3273223039048325,1.4080469174075894
2024_11_12,11_10_50_0,frame_379,0,255,42,1,False,False,True,4.025,True,[],[    0.99827    0.043565      0.0395],1.879429363639691,2.4702410046918493,0.3124712224722913,0.3101856261481034,0.3002970678459882,31.5,0.4814373851896576,1.5283726513957434,1.3941637110043446
2024_11_12,11_10_50_0,frame_380,0,255,42,1,False,False,True,4.140211239456606,True,[],[    0.99468   -0.054978   -0.087107],-4.758642569418365,-2.9591013296913244,0.3090985622253899,0.3051006303599726,0.2972112015008958,31.5,0.9899369640027409,3.1426570285801305,1.377769658861493
2024_11_12,11_10_50_0,frame_381,0,255,42,1,False,False,True,4.147487693983721,True,[],[    0.96906    -0.18355    -0.16505],-9.249956487377556,-10.88357012536265,0.3099406483831144,0.30926482083001,0.2975158525393958,31.5,0.5735179169989983,1.820691799996808,1.3629511515208963
2024_11_12,11_10_50_0,frame_382,0,255,42,1,False,False,True,3.874070613286813,True,[],[    0.92676    -0.29557    -0.23183],-13.291645742773298,-17.64537446120238,0.3083982950626296,0.30760708531459,0.2981906384972702,31.5,0.7392914685409977,2.346957042987295,1.3579254175258617
2024_11_12,11_10_50_0,frame_383,0,255,42,1,False,False,True,3.748251710497312,True,[],[     0.9043     -0.3454    -0.25086],-14.64520462843536,-20.88557486611979,0.3087282815026227,0.3087399406335937,0.3008162115633594,31.5,0.6260059366406274,1.9873204337797707,1.351104198395903
2024_11_12,11_10_50_0,frame_384,0,255,42,1,False,False,True,3.6426501391498007,True,[],[     0.8879    -0.40687     -0.2147],-12.43938626702012,-24.66964876315656,0.3089663563383086,0.3090733395542096,0.2961162592211881,31.5,0.5926660445790368,1.8814795066001195,1.3459721653331052
2024_11_12,11_10_50_0,frame_385,0,255,42,1,False,False,True,3.603773830873524,True,[],,,,,,,31.5,,,
2024_11_12,11_10_50_0,frame_386,0,255,42,1,False,False,True,3.50458710283526,True,[],,,,,,,31.5,,,
2024_11_12,11_10_50_0,frame_387,0,255,42,1,False,False,True,3.6684397823879658,True,[],,,,,,,31.5,,,
2024_11_12,11_10_50_0,frame_388,0,255,42,1,False,False,True,3.623529617362123,True,[],,,,,,,31.5,,,
2024_11_12,11_10_50_0,frame_389,0,255,42,1,False,False,True,3.68571411859744,True,[],,,,,,,31.5,,,
2024_11_12,11_10_50_0,frame_390,0,255,42,1,False,False,True,3.603773508989653,True,[],,,,,,,31.5,,,
2024_11_12,11_10_50_0,frame_391,0,255,42,1,False,False,True,3.628750145506862,True,[],,,,,,,31.5,,,
2024_11_12,11_10_50_0,frame_392,0,255,42,1,False,False,True,3.5975608195288977,True,[],[    0.92753     -0.3632   -0.088138],-1.7653383454789613,-21.53107246631472,0.3157183798774088,0.3063152510402656,0.2982108459141556,31.5,0.8684748959734421,2.757063161820452,1.3130472894663905
2024_11_12,11_10_50_0,frame_393,0,255,42,1,False,False,True,3.519230953627771,True,[],[    0.94227    -0.33396   -0.024401],-1.41767393222617,-19.49117857185708,0.3101030842445902,0.3101246891038388,0.3063741809178338,31.5,0.4875310896161231,1.5477177448130688,1.3107086801987515
2024_11_12,11_10_50_0,frame_394,0,255,42,1,False,False,True,3.559321552369898,True,[],[    0.94462    -0.32121   -0.067251],-1.91411018806726,-18.8758750722782,0.3059335042011666,0.3056326215549905,0.296992708441439,31.5,0.93673784450095,2.9737709349236545,1.3058653198368533
2024_11_12,11_10_50_0,frame_395,0,255,42,1,False,False,True,3.4932079001358773,True,[],,-3.446089546392715,-16.046660425845907,-1.0,0.3098855791179057,0.3034510724476853,31.5,0.5114420882094279,1.623625676855314,1.3011031106854474
2024_11_12,11_10_50_0,frame_396,0,255,43,0,True,False,True,3.692307692307693,False,[],,,,,,,31.5,,,
2024_11_12,11_10_50_0,frame_396,0,127,42,1,False,False,True,3.5618555174226607,True,[],,-4.142375682863922,-17.00834855179324,-1.0,0.308941774138486,0.2993369027049663,31.5,0.605822586151401,1.923246305242522,1.2973714965516443
2024_11_12,11_10_50_0,frame_397,0,255,43,0,True,False,True,4.041666666666667,False,[],,,,,,,31.5,,,
2024_11_12,11_10_50_0,frame_397,0,127,42,1,False,False,True,3.6313129860810025,True,[],,-5.4301035674478895,-14.670544936448325,-1.0,0.3129267515820436,0.297489723848213,31.5,0.2073248417956428,0.6581741009385282,1.291967531790197
2024_11_12,11_10_50_0,frame_398,0,255,43,0,True,False,True,4.454545454545454,False,[],,,,,,,31.5,,,
2024_11_12,11_10_50_0,frame_398,0,127,42,1,False,False,True,3.6286077275357305,True,[],,-5.67558139512971,-13.391959572528462,-1.0,0.3125878102567052,0.3039925320637837,31.5,0.24121897432948103,0.7657745216808788,1.2871846003088572
2024_11_12,11_10_50_0,frame_399,0,255,43,0,True,False,True,4.545454545454546,False,[],,,,,,,31.5,,,
2024_11_12,11_10_50_0,frame_399,0,127,42,1,False,False,True,3.579749683093269,True,[],,-4.647341002714824,-9.910677003725304,-1.0,0.3146478024656351,0.3052947575204267,31.5,0.035219753436489754,0.1118087410682172,1.2860859628776338
2024_11_12,11_10_50_0,frame_401,0,255,-1,1,True,False,True,7.294117647058823,False,[],,,,,,,31.5,,,
2024_11_12,11_10_50_0,frame_403,0,255,-1,1,False,False,True,4.480000107895925,True,[],,-1.0,-1.0,-1.0,-1.0,0.1871281130303934,31.5,131.5,,1.0772369591234583
2024_11_12,11_10_50_0,frame_404,0,255,42,1,False,False,True,3.6595744680851054,True,[],[    0.99409   -0.029343    -0.10453],-6.336160325583886,-1.7849339017969463,0.3062920083483668,0.30634875911021,0.2994394179471258,31.5,0.8651240889790017,2.74642567929842,1.2791115194420637
2024_11_12,11_10_50_0,frame_406,0,255,-1,1,False,False,True,5.009709172182242,True,[],[  -0.050847     0.94618     0.31963],19.634219642912143,93.03544393822656,0.1641591083282811,0.1589320152921711,0.1625045311490497,31.5,15.60679847078289,49.54539197073931,1.0931434274714382
2024_11_12,11_10_50_0,frame_408,0,255,-1,1,False,False,True,5.079372855572673,True,[],[  -0.058243     0.94455     0.32317],20.87054187434175,93.2266994618988,0.1717961170656898,0.1698282784754087,0.21838817950803,31.5,14.517172152459128,46.08626080145755,1.0854116977983816
2024_11_12,11_10_50_0,frame_413,0,255,-1,1,False,False,True,3.738461588259661,True,[],,,,,,,31.5,,,
2024_11_12,11_10_50_0,frame_414,0,255,48,1,False,False,True,3.769230833074521,True,[],,,,,,,31.5,,,
2024_11_12,11_10_50_0,frame_415,0,255,48,1,False,False,True,3.8137585127599394,True,[],,,,,,,31.5,,,
2024_11_12,11_10_50_0,frame_420,0,255,48,1,False,False,True,3.697749127233653,True,[],,,,,,,31.5,,,
2024_11_12,11_10_50_0,frame_423,0,255,48,1,False,False,True,4.131579486819691,True,[],,3.3776222402664406,-21.919139757429164,-1.0,0.3081413200570306,0.3023889833950178,31.5,0.6858679942969417,2.177358712053761,1.2680354757548686
2024_11_12,11_10_50_0,frame_424,0,255,48,1,False,False,True,4.527132371568074,True,[],[    0.92801    -0.36145    0.090238],5.10852559040301,-21.39132183118279,0.3100328296349713,0.3079588073724993,0.2976799997919583,31.5,0.7041192627500692,2.2352992468256163,1.267988197969599
2024_11_12,11_10_50_0,frame_425,0,255,48,1,False,False,True,4.567960805231282,True,[],,11.90957160780624,-15.165547564578208,-1.0,0.307500819111808,0.301414816381376,31.5,0.7499180888192001,2.380692345457782,1.2721169315549774
2024_11_12,11_10_50_0,frame_426,0,255,48,1,False,False,True,5.156171495705818,True,[],[    0.91963    -0.21822     0.32658],19.271717095915967,-13.327550417515916,0.3050126175067133,0.3049615853378244,0.297028444847677,31.5,1.0038414662175583,3.18679830545255,1.277930225445106
2024_11_12,11_10_50_0,frame_427,0,255,48,1,False,False,True,4.308212706454898,True,[],[   -0.36622    0.042838     0.92954],18.60547354854717,-13.738720261127972,1.8218637486788123,0.3030044044907024,0.3049090482317854,31.5,1.199559550929763,3.808125558507167,1.2871566095333795
2024_11_12,11_10_50_0,frame_429,0,255,48,1,False,False,True,3.9872881362916974,True,[],[    0.94709     -0.1859     0.26167],17.496654923224547,-10.906638078941764,0.30969734059052,0.3078253691368464,0.2995060858834104,31.5,0.7174630863153624,2.277660591477322,1.288223699197589
2024_11_12,11_10_50_0,frame_431,0,255,48,1,False,False,True,3.689296450803308,True,[],[    0.97038    -0.10148     0.21924],13.572190924611512,-6.0064862874905485,0.3039248794877136,0.3039567392440009,0.2948831933780004,31.5,1.1043260755999107,3.5057970653965382,1.2850388725976696
2024_11_12,11_10_50_0,frame_433,0,255,48,1,False,False,True,4.03444408107683,True,[],[   -0.39805    0.038002     0.91658],8.004390583390984,-4.255751964482699,1.6126872980277838,0.3071098156364314,0.2988375960244437,31.5,0.7890184363568586,2.5048204328788986,1.2801222242149006
2024_11_12,11_10_50_0,frame_435,0,255,-1,1,True,False,True,6.333333333333333,False,[],,,,,,,31.5,,,
2024_11_12,11_10_50_0,frame_441,0,255,-1,1,False,False,True,3.13953488372093,True,[],[    0.92446  -0.0049467    -0.38125],-22.25082282357556,-0.3764606104898432,0.2999733795753263,0.2930597736478127,0.2826491241192159,31.5,2.1940226352187295,6.965151222916583,1.286240854844671
2024_11_12,11_10_50_0,frame_443,0,255,-1,1,False,False,True,2.613636363636364,True,[],[    0.82299   -0.075623      -0.563],-34.15731225494785,-5.209552321663545,0.3098276084044042,0.3086257630016238,0.2949009631980714,31.5,0.637423699837619,2.023567301071807,1.293890517662454
2024_11_12,11_10_50_0,frame_445,0,255,-1,1,False,False,True,2.2428569649424466,True,[],,,,,,,31.5,,,
2024_11_12,11_10_50_0,frame_446,0,255,52,1,False,False,True,2.2009132060300454,True,[],,,,,,,31.5,,,
2024_11_12,11_10_50_0,frame_448,0,255,-1,0,True,False,True,1.12,False,[],,,,,,,31.5,,,
2024_11_12,11_10_50_0,frame_450,0,255,52,1,False,False,True,2.5000001375794003,True,[],,,,,,,31.5,,,
2024_11_12,11_10_50_0,frame_451,0,255,52,1,False,False,True,2.377331401101516,True,[],,,,,,,31.5,,,
2024_11_12,11_10_50_0,frame_452,0,255,52,1,False,False,True,2.230769230769231,True,[],[   -0.33921      0.3855      0.8581],59.01260466223466,131.42194098461044,0.227343674512167,0.2274014214515256,0.240449443722706,31.5,8.759857854847443,27.809072555071225,1.4124130284571126
2024_11_12,11_10_50_0,frame_453,0,255,52,1,False,False,True,2.5,True,[],[   -0.28295     0.47834     0.83134],55.872510187500325,120.18150782998693,0.2293563501989937,0.2295751455959629,0.2469524970367799,31.5,8.54248544040371,27.11900139810701,1.4448445261150968
2024_11_12,11_10_50_0,frame_454,0,255,52,1,False,False,True,3.260869565217391,True,[],[   -0.25948     0.56013     0.78671],51.779202465154704,114.99497284446508,0.2437951565152225,0.2359021015109594,0.2371779698747233,31.5,7.909789848904062,25.11044396477477,1.4576198927743331
2024_11_12,11_10_50_0,frame_455,0,255,52,1,False,False,True,3.346127820617108,True,[],[   -0.24834     0.58186     0.77445],51.03956382834999,112.88031753094268,0.2658342418528783,0.2658462081824597,0.2683792312434703,31.5,4.91537918175403,15.604378354774685,1.4938691270920976
2024_11_12,11_10_50_0,frame_456,0,255,52,1,False,False,True,3.6818181818181817,True,[],[   -0.22602     0.62765     0.74497],47.16310596677865,109.94461307618349,0.2607703500758811,0.2608299428578604,0.260741503033926,31.5,5.417005714213964,17.196843537187164,1.5148582194185904
2024_11_12,11_10_50_0,frame_457,0,255,52,1,False,False,True,3.952380952380953,True,[],[   -0.20841     0.61041     0.76417],49.22196473658229,108.70196063046002,0.2753712190299029,0.2755292378600553,0.2748732685935353,31.5,3.947076213994471,12.530400679347512,1.5433270311355591
2024_11_12,11_10_50_0,frame_458,0,255,52,1,False,False,True,3.3043478260869565,True,[],[   -0.20933     0.18981     0.95925],51.34443248093835,108.26195515788125,1.634461169169804,0.2545698238896918,0.247120016330862,31.5,6.04301761103082,19.18418289216132,1.566184776900995
2024_11_12,11_10_50_0,frame_459,0,255,52,1,False,False,True,3.0584355778711783,True,[],[   -0.18179     0.60389     0.77606],50.73355429894245,106.82811412889228,0.2655238145408001,0.2650171137880543,0.2557782019521916,31.5,4.998288621194568,15.867582924427184,1.594568378379546
2024_11_12,11_10_50_0,frame_460,0,255,52,1,False,False,True,3.142857142857143,True,[],[  -0.098758     0.53334     0.84011],57.34592019145588,100.0902117962183,0.2560069257397515,0.2557891122855822,0.2526379938559294,31.5,5.921088771441781,18.797107210926285,1.612505814568563
2024_11_12,11_10_50_0,frame_461,0,255,52,1,False,False,True,3.227272727272727,True,[],[   -0.10967     0.56643     0.81678],54.05256157029496,99.15430191151792,0.2831275110013496,0.272140659878298,0.2537644633551027,31.5,4.285934012170202,13.606139721175223,1.6379297796280994
2024_11_12,11_10_50_0,frame_462,0,255,52,1,False,False,True,3.090909090909091,True,[],[  -0.036248     0.53204     0.84594],57.69837864975256,93.86442423429824,0.2773848274767152,0.2774017612553678,0.2762678207863305,31.5,3.759823874463219,11.935948807819727,1.65432231161086
2024_11_12,11_10_50_0,frame_463,0,255,52,1,False,False,True,2.739130434782609,True,[],[  -0.003644     0.49663     0.86796],60.01798557694613,90.11608355951,0.275765922644211,0.2564912583385246,0.2599083443605593,31.5,5.850874166147541,18.574203702055684,1.6784590777296289
2024_11_12,11_10_50_0,frame_464,0,255,52,1,False,False,True,2.869565217391304,True,[],[   -0.01294     0.50562     0.86266],59.31587845598199,90.95042298919188,0.2827579143800294,0.2826166610172418,0.2799067717346313,31.5,3.238333898275819,10.28042507389149,1.696229653774013
2024_11_12,11_10_50_0,frame_465,0,255,52,1,False,False,True,2.2222222222222223,True,[],[   0.030381     0.35167     0.93563],62.79639736504561,82.83239753264665,0.616197082201823,0.265113406786666,0.270541996199618,31.5,4.988659321333401,15.837013718518712,1.7115909952454982
2024_11_12,11_10_50_0,frame_466,0,255,52,1,False,False,True,2.1785714285714284,True,[],[  0.0081949     0.28976     0.95706],64.41865141684552,84.37137411853384,0.904158692686784,0.2945346101832617,0.2811339854203972,31.5,2.04653898167383,6.4969491481708666,1.7367954459578965
2024_11_12,11_10_50_0,frame_467,0,255,52,1,False,False,True,2.296296338158549,True,[],[   0.031944     0.42228      0.9059],61.03192899735682,85.15194183894525,0.4401669475541749,0.2649830428112092,0.2553627216627489,31.5,5.001695718879077,15.878399107552632,1.746992421190244
2024_11_12,11_10_50_0,frame_468,0,255,52,1,False,False,True,1.917933083416148,True,[],,,,,,,31.5,,,
2024_11_12,11_10_50_0,frame_469,0,255,52,1,False,False,True,1.687651362710193,False,[],,,,,,,31.5,,,
2024_11_12,11_10_50_0,frame_470,0,255,52,1,False,False,True,1.5382930706794546,False,[],,,,,,,31.5,,,
2024_11_12,11_10_50_0,frame_471,0,255,52,1,False,False,True,2.016128966098261,True,[],,,,,,,31.5,,,
2024_11_12,11_10_50_0,frame_472,0,255,52,1,False,False,True,2.5135135292762514,True,[],,,,,,,31.5,,,
2024_11_12,11_10_50_0,frame_473,0,255,52,1,False,False,True,2.238095256444888,True,[],,,,,,,31.5,,,
2024_11_12,11_10_50_0,frame_474,0,255,59,1,True,False,True,2.3961351088185703,False,[],,,,,,,31.5,,,
2024_11_12,11_10_50_0,frame_474,0,127,52,1,False,False,True,1.9678216998366216,True,[],,,,,,,31.5,,,
2024_11_12,11_10_50_0,frame_475,0,255,59,1,True,False,True,3.464646717361228,False,[],,,,,,,31.5,,,
2024_11_12,11_10_50_0,frame_475,0,127,52,1,False,False,True,2.227879901614456,True,[],,,,,,,31.5,,,
2024_11_12,11_10_50_0,frame_476,0,255,59,1,True,False,True,3.474264487025143,False,[],,,,,,,31.5,,,
2024_11_12,11_10_50_0,frame_476,0,127,52,1,False,False,True,2.343330779130412,True,[],,,,,,,31.5,,,
2024_11_12,11_10_50_0,frame_477,0,255,59,1,False,False,True,3.743420943476626,True,[],,,,,,,31.5,,,
2024_11_12,11_10_50_0,frame_477,0,127,52,1,False,False,True,2.3918916890327626,True,[],,,,,,,31.5,,,
2024_11_12,11_10_50_0,frame_478,0,255,59,1,False,False,True,2.939394273782208,True,[],,,,,,,31.5,,,
2024_11_12,11_10_50_0,frame_478,0,127,52,1,False,False,True,2.3409092218778134,True,[],,,,,,,31.5,,,
2024_11_12,11_10_50_0,frame_479,0,255,59,1,False,False,True,3.5341612148011303,True,[],,,,,,,31.5,,,
2024_11_12,11_10_50_0,frame_479,0,127,52,1,False,False,True,2.253731368025398,True,[],,,,,,,31.5,,,
2024_11_12,11_10_50_0,frame_480,0,255,59,1,False,False,True,2.794117577057136,True,[],,,,,,,31.5,,,
2024_11_12,11_10_50_0,frame_480,0,127,52,1,False,False,True,2.2916664790873558,True,[],,,,,,,31.5,,,
2024_11_12,11_10_50_0,frame_481,0,255,59,1,False,False,True,4.75742513089219,True,[],,,,,,,31.5,,,
2024_11_12,11_10_50_0,frame_481,0,127,52,1,False,False,True,2.31944417130264,True,[],,,,,,,31.5,,,
2024_11_12,11_10_50_0,frame_482,0,255,59,1,False,False,True,2.910294047842462,True,[],,,,,,,31.5,,,
2024_11_12,11_10_50_0,frame_482,0,127,52,1,False,False,True,2.6580644610746056,True,[],[    0.76471     0.14326     0.62824],38.07722581674502,10.850461172495145,0.3244691907794665,0.2727654663831582,0.269538366837012,31.5,4.223453361684182,13.407788449791036,1.935404386393008
2024_11_12,11_10_50_0,frame_483,0,255,59,1,False,False,True,3.607594684551419,True,[],,,,,,,31.5,,,
2024_11_12,11_10_50_0,frame_483,0,127,52,1,False,False,True,2.5849645135896315,True,[],[    0.75627     0.17118     0.63146],38.79238483132143,12.64037133273152,0.2966136130948971,0.2940322165417943,0.2807113176396882,31.5,2.096778345820571,6.656439193081161,1.9261862223124795
2024_11_12,11_10_50_0,frame_484,0,255,59,1,False,False,True,4.670454006949527,True,[],,,,,,,31.5,,,
2024_11_12,11_10_50_0,frame_484,0,127,52,1,False,False,True,2.6397230569376364,True,[],[    0.78868     0.18636     0.58587],36.04642377016769,13.54570490081123,0.2795397113222406,0.2780797306507108,0.2776995156468097,31.5,3.692026934928922,11.720720428345782,1.925965801710653
2024_11_12,11_00_27_0,frame_0,0,255,1,1,False,False,True,3.787878787878788,True,[],[    0.99438   -0.075235    0.074476],4.374597809329916,-4.611775027022868,0.2943985694996845,0.2926575388108903,0.2851882933138276,31.5,2.2342461189109706,7.09284482193959,1.6717459103421708
2024_11_12,11_00_27_0,frame_1,0,255,1,1,False,False,True,3.90625,True,[],[     0.9235   -0.071039     0.37695],6.413120671152102,-4.711162426988263,0.965647742881524,0.3045494019442104,0.2920137025671377,31.5,1.045059805578962,3.3176501764411346,1.6715962006874523
2024_11_12,11_00_27_0,frame_3,0,255,1,1,False,False,True,3.676470588235294,True,[],[    0.95121    -0.05904     0.30286],4.631710118889619,-3.436138789489002,0.7509261966888752,0.2947038260481033,0.2875085458399519,31.5,2.029617395189671,6.443229825998953,1.6792753239934146
2024_11_12,11_00_27_0,frame_4,0,255,1,1,False,False,True,3.7058823529411766,True,[],[    0.99675   -0.074563     0.03036],0.4947546827999529,-4.280143123825253,0.2968615885744812,0.2947524420084408,0.2825338356359119,31.5,2.024755799155919,6.427796187796569,1.6841022541449877
2024_11_12,11_00_27_0,frame_5,0,255,1,1,False,False,True,3.8484848484848486,True,[],[     0.9929     -0.1018    0.061566],3.448368854505311,-5.8063367810222895,0.310808919786791,0.3081601116423011,0.2932019354399977,31.5,0.6839888357698882,2.1713931294282003,1.683046787122355
2024_11_12,11_00_27_0,frame_6,0,255,1,1,False,False,True,4.09375,True,[],,-3.955367905287561,-2.9736834110701458,-1.0,0.2876453868542994,0.2813806896268404,31.5,2.7354613145700597,8.684004173238282,1.6920826117694896
2024_11_12,11_00_27_0,frame_7,0,255,1,1,False,False,True,4.0606060606060606,True,[],[    0.99963   -0.025982   -0.008154],-5.558776397866995,-1.3567700211202731,0.3909661775811325,0.310186049163767,0.3022149188984053,31.5,0.48139508362329764,1.5282383607088836,1.6934620262607047
2024_11_12,11_00_27_0,frame_8,0,255,1,1,False,False,True,4.28125,True,[],[    0.99516 -0.00011831   -0.098305],-7.171490184143559,0.1324075455831371,0.3308518486112252,0.3066001340901995,0.3046652824063205,31.5,0.8399865909800504,2.666624098349371,1.69937253024902
2024_11_12,11_00_27_0,frame_9,0,255,1,1,False,False,True,4.2727272727272725,True,[],,-8.983747278154093,3.161194017335842,-1.0,0.3106638859765361,0.3054504209530034,31.5,0.43361140234638995,1.376544134432984,1.701594248085862
2024_11_12,11_00_27_0,frame_10,0,255,1,1,False,False,True,4.4375,True,[],[    0.99257   0.0060018    -0.12154],-7.803424467773874,0.3270562811535047,0.3285857660093644,0.3175637366648035,0.3291379898965155,31.5,0.25637366648034643,0.8138846554931837,1.701969838098835
2024_11_12,11_00_27_0,frame_11,0,255,1,1,False,False,True,4.53125,True,[],[    0.98977   -0.066395    -0.12628],-12.098166661674773,-4.003082762508531,0.3372483129099276,0.320271839199353,0.316760647330183,31.5,0.5271839199352968,1.6735997458263605,1.6942199633521184
2024_11_12,11_00_27_0,frame_12,0,255,1,1,False,False,True,4.77419315143624,True,[],[    0.98107   -0.076741    -0.17782],-13.293142492704334,-5.1747732562700754,0.3455977183821869,0.3275978079030822,0.3099194688393042,31.5,1.2597807903082199,3.999304096216565,1.689077040956019
2024_11_12,11_00_27_0,frame_13,0,255,1,1,True,False,True,4.548387096774194,False,[],,,,,,,31.5,,,
2024_11_12,11_00_27_0,frame_14,0,255,1,1,True,False,True,3.6875,False,[],,,,,,,31.5,,,
2024_11_12,11_00_27_0,frame_15,0,255,1,1,True,False,True,2.9207747856141304,False,[],,,,,,,31.5,,,
2024_11_12,11_00_27_0,frame_16,0,255,1,1,True,False,True,2.6666666666666665,False,[],,,,,,,31.5,,,
2024_11_12,11_00_27_0,frame_17,0,255,1,1,True,False,True,2.35,False,[],,,,,,,31.5,,,
2024_11_12,11_00_27_0,frame_18,0,255,1,1,True,False,True,1.2777777777777777,False,[],,,,,,,31.5,,,
2024_11_12,11_00_27_0,frame_73,0,255,-1,0,True,False,True,2.181159419482381,False,[],,,,,,,31.5,,,
2024_11_12,11_00_27_0,frame_88,0,255,-1,1,True,False,True,1.1515151515151516,False,[],,,,,,,31.5,,,
2024_11_12,11_00_27_0,frame_89,0,255,-1,1,True,False,True,1.663204793519482,False,[],,,,,,,31.5,,,
2024_11_12,11_00_27_0,frame_90,0,255,-1,1,True,False,True,3.666666480411921,False,[],,,,,,,31.5,,,
2024_11_12,11_00_27_0,frame_91,0,255,5,1,False,False,True,4.39436600883075,True,[],,,,,,,31.5,,,
2024_11_12,11_00_27_0,frame_92,0,255,5,1,False,False,True,3.769230790512019,True,[],,,,,,,31.5,,,
2024_11_12,11_00_27_0,frame_93,0,255,5,1,False,False,True,3.6993274849141775,True,[],,,,,,,31.5,,,
2024_11_12,11_00_27_0,frame_94,0,255,5,1,False,False,True,3.696078560911919,True,[],,,,,,,31.5,,,
2024_11_12,11_00_27_0,frame_95,0,255,5,1,False,False,True,4.1985939395530165,True,[],[   -0.50779     0.23234     0.82956],55.70704836059867,155.38885097213526,0.3071679547303554,0.305944243040238,0.297306050876557,31.5,0.9055756959762,2.874843479289512,1.2394988131858933
2024_11_12,11_00_27_0,frame_96,0,255,5,1,False,False,True,5.424083411477701,True,[],[   -0.55668     0.18693     0.80942],53.84428595567097,161.5897284025184,0.3137404333368248,0.3137856179734093,0.3223993921605206,31.5,0.12143820265906768,0.3855181036795834,1.2809997581214647
2024_11_12,11_00_27_0,frame_97,0,255,5,1,False,False,True,5.166286870376038,True,[],[   -0.17495   0.0098297     0.98453],55.25300618057438,171.6530482695731,1.7080642454236157,0.3112576068790097,0.3219442874016238,31.5,0.3742393120990286,1.1880613082508835,1.3517288984225218
2024_11_12,11_00_27_0,frame_98,0,255,5,1,False,False,True,5.260869565217392,True,[],[   -0.57497   -0.013591     0.81806],54.18452203590207,-178.91724319917384,0.316894268776007,0.3031954642129125,0.2909677366966871,31.5,1.1804535787087502,3.747471678440464,1.40378391037962
2024_11_12,11_00_27_0,frame_99,0,255,-1,1,False,False,True,5.227272727272728,True,[],[   -0.49577   -0.029071     0.86797],49.98765806428597,-178.54491964267112,0.8759322123835531,0.2874842342111225,0.2861221023649412,31.5,2.75157657888775,8.735163742500772,1.4367603110110208
2024_11_12,11_00_27_0,frame_100,0,255,6,1,False,False,True,4.170438253638766,True,[],[   -0.50637    0.052979     0.86069],59.25573229087413,174.1556418840655,0.2979802239648033,0.2940480751291525,0.3070709397737726,31.5,2.095192487084752,6.651404720903956,1.4653239883275726
2024_11_12,11_00_27_0,frame_101,0,255,6,1,False,False,True,2.994898107341585,True,[],[   -0.49957     0.16034     0.85131],58.16855684882824,162.17207209945832,0.2992913133250285,0.2993787265923713,0.2982579108200634,31.5,1.5621273407628706,4.959134415120222,1.487032560226535
2024_11_12,11_00_27_0,frame_102,0,255,6,1,False,False,True,2.3018468989051915,True,[],,,,,,,31.5,,,
2024_11_12,11_00_27_0,frame_103,0,255,6,1,False,False,True,1.6418919610069456,False,[],,,,,,,31.5,,,
2024_11_12,11_00_27_0,frame_104,0,255,6,1,False,False,True,1.83908025544877,True,[],,,,,,,31.5,,,
2024_11_12,11_00_27_0,frame_105,0,255,6,1,False,False,True,2.9881425363759586,True,[],,,,,,,31.5,,,
2024_11_12,11_00_27_0,frame_106,0,255,6,1,False,False,True,4.166666312421926,True,[],,,,,,,31.5,,,
2024_11_12,11_00_27_0,frame_107,0,255,6,1,False,False,True,4.043140589518258,True,[],,,,,,,31.5,,,
2024_11_12,11_00_27_0,frame_108,0,255,6,1,False,False,True,3.3922152896012143,True,[],,,,,,,31.5,,,
2024_11_12,11_00_27_0,frame_109,0,255,6,1,False,False,True,3.688922569878555,True,[],,,,,,,31.5,,,
2024_11_12,11_00_27_0,frame_110,0,255,6,1,False,False,True,3.710312888922962,True,[],,,,,,,31.5,,,
2024_11_12,11_00_27_0,frame_112,0,255,-1,1,False,False,True,3.515125244601097,True,[],,,,,,,31.5,,,
2024_11_12,11_00_27_0,frame_113,0,255,-1,1,False,False,True,3.2326389448735107,True,[],[   -0.28923   -0.087852     0.95322],49.790758010668014,-160.72026968747525,1.2260043918206738,0.2932636972808633,0.2997513402266285,31.5,2.173630271913666,6.900413561630692,1.6023680752254963
2024_11_12,11_00_27_0,frame_114,0,255,-1,1,False,False,True,3.248298931585314,True,[],[    -0.1043   -0.014693     0.99444],50.15703868370774,-164.71341137529953,1.6822916908800167,0.3253142482494111,0.2900175744292593,31.5,1.031424824941105,3.27436452362258,1.5807675068943616
2024_11_12,11_00_27_0,frame_115,0,255,9,1,False,False,True,2.8322870648928347,True,[],[     -0.325   -0.068604     0.94322],51.92135834890662,-173.69710758272842,1.5889174704963327,0.3245139305814251,0.2913447403102762,31.5,0.9513930581425072,3.020295422674628,1.5690296134327066
2024_11_12,11_00_27_0,frame_116,0,255,9,1,False,False,True,2.46875,True,[],[   -0.51794   -0.039197     0.85452],47.88807604298832,-177.97489597110544,1.1316700120518568,0.2888384817741012,0.287047675549085,31.5,2.6161518225898774,8.305243881237711,1.5477076588893943
2024_11_12,11_00_27_0,frame_117,0,255,9,1,False,False,True,3.073062191265689,True,[],[    0.70409    0.094987    -0.70373],-39.63774330192735,8.207901022423844,0.6297501459225299,0.2926583872548287,0.2864588947685764,31.5,2.234161274517131,7.0925754746575445,1.5546488715619824
2024_11_12,11_00_27_0,frame_118,0,255,9,1,False,False,True,2.8746802854082127,True,[],[   -0.57983   -0.065804     0.81208],-35.19057798225663,2.951203535270829,1.5633745903943082,0.2920955393551678,0.2861119233577153,31.5,2.29044606448322,7.27125734756576,1.551491568575716
2024_11_12,11_00_27_0,frame_120,0,255,9,1,False,False,True,2.9898563637912523,True,[],,,,,,,31.5,,,
2024_11_12,11_00_27_0,frame_121,0,255,9,1,False,False,True,3.1447370606697427,True,[],,,,,,,31.5,,,
2024_11_12,11_00_27_0,frame_122,0,255,9,1,False,False,True,4.182927102543791,True,[],,,,,,,31.5,,,
2024_11_12,11_00_27_0,frame_123,0,255,9,1,False,False,True,4.533762129841184,True,[],,,,,,,31.5,,,
2024_11_12,11_00_27_0,frame_124,0,255,9,1,False,False,True,3.793451191983427,True,[],[   -0.35624    0.067117     0.93198],-21.370918383166043,-11.0856174980926,1.0237378493812406,0.2859443581043407,0.2826577898048555,31.5,2.905564189565929,9.2240133002093,1.5897642691708145
2024_11_12,11_00_27_0,frame_127,0,255,-1,1,False,False,True,4.309639606725428,True,[],,,,,,,31.5,,,
2024_11_12,11_00_27_0,frame_132,0,255,-1,1,False,False,True,4.518518518518518,True,[],[    0.23992     0.91293    -0.33016],-15.10491151801033,76.93854613493468,0.3374331473734853,0.2947463383530787,0.2838801344774082,31.5,2.0253661646921337,6.429733856165501,1.612833702335391
2024_11_12,11_00_27_0,frame_133,0,255,-1,1,False,False,True,5.0,True,[],[   -0.30759     -0.3871     0.86922],-23.02362820847764,81.28171705263567,1.1065806566650265,0.2883436214160911,0.2865962360964412,31.5,2.665637858390891,8.46234240759011,1.6141580866846992
2024_11_12,11_00_27_0,frame_134,0,255,12,1,False,False,True,4.480176736341073,True,[],[   0.034685     0.85822    -0.51211],-31.30880667714067,87.05273314857311,0.253916582083811,0.2537934880590609,0.2431840503061715,31.5,6.120651194093913,19.430638711409244,1.6100823909372612
2024_11_12,11_00_27_0,frame_135,0,255,12,1,False,False,True,3.3279812638138817,True,[],[      -0.26    -0.11187      0.9591],53.33807983416461,-88.97505053692107,1.1397828446722655,0.2466031156542341,0.2420097642663733,31.5,6.8396884345765905,21.713296617703463,1.5539637952371157
2024_11_12,11_00_27_0,frame_136,0,255,12,1,False,False,True,2.058536674543501,True,[],,,,,,,31.5,,,
2024_11_12,11_00_27_0,frame_137,0,255,12,1,False,False,True,2.179244948051144,True,[],,,,,,,31.5,,,
2024_11_12,11_00_27_0,frame_138,0,255,12,1,False,False,True,2.602564225942338,True,[],,,,,,,31.5,,,
2024_11_12,11_00_27_0,frame_139,0,255,12,1,False,False,True,2.692123933177746,True,[],,,,,,,31.5,,,
2024_11_12,11_00_27_0,frame_140,0,255,12,1,False,False,True,2.8378378378378377,True,[],[   -0.33257    -0.11917     0.93552],56.2030692670194,-8.87091871264129,1.88351271344019,0.26555856173303,0.2603292738724702,31.5,4.944143826697001,15.695694687926968,1.4622836554014162
2024_11_12,11_00_27_0,frame_141,0,255,12,1,False,False,True,3.1842105263157894,True,[],[    -0.3284    -0.11437     0.93759],53.02044583666464,-4.0586518159704665,1.8163462338099623,0.2850200804779211,0.285819225620149,31.5,2.99799195220789,9.51743476891392,1.4519766788523347
2024_11_12,11_00_27_0,frame_142,0,255,12,1,False,False,True,3.5789473684210527,True,[],,46.18961555330245,-1.1924547812032975,-1.0,0.3032778554076509,0.2831020381533203,31.5,1.1722144592349117,3.721315743602872,1.442960744538996
2024_11_12,11_00_27_0,frame_143,0,255,12,1,False,False,True,4.138888888888889,True,[],[   -0.37113    -0.12596        0.92],36.58010221227458,-3.152703431405845,1.2228121756309438,0.2912119599050825,0.2772107585611059,31.5,2.378804009491752,7.551758760291278,1.434960506466804
2024_11_12,11_00_27_0,frame_144,0,255,12,1,False,False,True,5.4264857327877465,True,[],[   -0.39605   -0.080282     0.91471],27.44581195581386,-3.749885130704479,1.5848790883295591,0.2901879052752852,0.2880184770747772,31.5,2.4812094724714804,7.87685546816341,1.43867639636723
2024_11_12,11_00_27_0,frame_145,0,255,12,1,False,False,True,3.975,True,[],[   -0.43042   -0.099678     0.89711],16.124663763007543,-4.789237904188807,1.1567797423253516,0.2964272724628348,0.2871676955773052,31.5,1.8572727537165221,5.89610398005243,1.4394801827800068
2024_11_12,11_00_27_0,frame_147,0,255,12,1,False,False,True,4.149565127186015,True,[],[   -0.51337    -0.18644     0.83767],-3.5302961441495784,7.958537948438851,1.4030101071629013,0.4157643115424308,0.4404693048287226,31.5,10.076431154243082,31.98867033093041,1.4495723678944687
2024_11_12,11_00_27_0,frame_148,0,255,12,1,False,False,True,4.303879929125371,True,[],[   -0.50625    -0.15065     0.84913],-1.7933181739092827,4.467747481371231,1.436632399866944,0.3128123127011805,0.3030320136361011,31.5,0.21876872988195117,0.6945039043871312,1.4418038533090227
2024_11_12,11_00_27_0,frame_149,0,255,12,1,False,False,True,4.696969696969697,True,[],[    -0.5031    -0.12867      0.8546],-8.108428646748548,2.843169418580647,1.3612774317724745,0.3190886278866361,0.3062864199251593,31.5,0.4088627886636118,1.2979771068686237,1.4398663374847624
2024_11_12,11_00_27_0,frame_151,0,255,-1,1,False,False,True,5.32,True,[],[   -0.52005   -0.078452     0.85052],-17.556605072981263,-1.185408938973163,1.2556492048895505,0.3030187364725424,0.2898243412986163,31.5,1.19812635274576,3.803575723002412,1.4205371427516316
2024_11_12,11_00_27_0,frame_152,0,255,12,1,False,False,True,5.565217391304348,True,[],[    -0.5395   -0.082358     0.83795],-19.15396675676553,0.2506451980074987,1.3327004528387845,0.2785795507366125,0.2662883147522728,31.5,3.642044926338748,11.562047385202364,1.407092289897668
2024_11_12,11_00_27_0,frame_153,0,255,12,1,False,False,True,4.214285714285714,True,[],[    0.86346     0.11436    -0.49127],-28.53511959465582,7.282497806449724,0.3032355219546234,0.3020476822813895,0.2957623296751961,31.5,1.2952317718610509,4.111846894796965,1.4172536130238296
2024_11_12,11_00_27_0,frame_154,0,255,12,1,False,False,True,4.653846153846154,True,[],[    0.88057     0.16012    -0.44605],-26.204098749445937,10.196864211576466,0.2992779930086526,0.2993421785530972,0.2945790033210028,31.5,1.5657821446902815,4.970736967270732,1.4158102484440716
2024_11_12,11_00_27_0,frame_155,0,255,12,1,False,False,True,5.440000099003292,True,[],[   -0.48823    -0.18002     0.85395],-19.349939566597914,10.487537710456715,0.8792372929335415,0.2911802066455295,0.2841913885272584,31.5,2.381979335447049,7.561839160149343,1.4090146527328076
2024_11_12,11_00_27_0,frame_156,0,255,12,1,False,False,True,5.873016284681827,True,[],[    0.93987     0.22189    -0.25964],-15.102249531351504,13.338861337847655,0.2954375418254563,0.2937351828426556,0.2827602450033403,31.5,2.126481715734439,6.7507356055061445,1.3961647115713265
2024_11_12,11_00_27_0,frame_157,0,255,12,1,False,False,True,6.188144318292387,True,[],[    0.90895     0.24105    -0.34015],-13.662968052880196,14.940847172841684,0.3304000991820491,0.329997229609212,0.3120426635725519,31.5,1.4997229609212042,4.761025272765719,1.3919594015151773
2024_11_12,11_00_27_0,frame_158,0,255,12,1,False,False,True,5.103806561876162,True,[],[   -0.13835   -0.089145     0.98636],-14.805218874947554,12.983947252374108,1.8078313052487327,0.3178639400566879,0.3050101026886193,31.5,0.2863940056687895,0.9091873195834734,1.3881440849714382
2024_11_12,11_00_27_0,frame_159,0,255,12,1,False,False,True,4.331858448421072,True,[],,-11.161452842548211,10.61331306233493,-1.0,0.3075228463306479,0.3031934873758446,31.5,0.747715366935207,2.373699577572092,1.3814655055175398
2024_11_12,11_00_27_0,frame_160,0,255,12,1,False,False,True,4.102564102564102,True,[],[    0.92605    0.079137    -0.36901],-13.08001953844642,3.5705192806413626,0.5124554548490803,0.3183315250462264,0.311068808122288,31.5,0.33315250462264245,1.0576269988020537,1.3793219561202132
2024_11_12,11_00_27_0,frame_161,0,255,12,1,False,False,True,3.902439024390244,True,[],[    0.94125   -0.014803    -0.33738],-15.919738853807294,-1.535961760087367,0.3133287041428352,0.312458724554793,0.3019812616993776,31.5,0.2541275445206992,0.8067541095895036,1.3741026317344889
2024_11_12,11_00_27_0,frame_162,0,255,12,1,False,False,True,3.902439024390244,True,[],[    0.92846    -0.04913    -0.36818],-18.18492646632817,-3.271792280039987,0.3605713238917118,0.3151538638211915,0.3015293727696945,31.5,0.015386382119146447,0.0488456575211223,1.3631724998908503
2024_11_12,11_00_27_0,frame_163,0,255,12,1,False,False,True,3.905225839116644,True,[],[   -0.24145   -0.090889     0.96615],-22.52411130659356,-5.627139449425744,1.6878631755655205,0.3052617899940003,0.2949936657288071,31.5,0.9738210005999726,3.091495239999913,1.3491975345796434
2024_11_12,11_00_27_0,frame_164,0,255,12,1,False,False,True,3.571155787576344,True,[],[   -0.58113  -0.0098454     0.81375],-29.228839372296573,-4.5742012081001535,1.3088110862787037,0.316818343191646,0.3138440273937188,31.5,0.18183431916459725,0.5772518068717563,1.3328247389787269
2024_11_12,11_00_27_0,frame_165,0,255,12,1,False,False,True,3.270833333333333,True,[],[    0.83933   -0.075929     -0.5383],-32.53308457611531,-5.198559889363725,0.324296740621613,0.3225316301421657,0.311387246318946,31.5,0.7531630142165682,2.3909936959256126,1.3044904904353818
2024_11_12,11_00_27_0,frame_166,0,255,12,1,False,False,True,3.388791754025028,True,[],[    0.74003   -0.064674    -0.66946],-35.07594982400215,-6.6629645986940895,0.602026934281635,0.313026740142806,0.3067999506518471,31.5,0.19732598571939874,0.6264317006964862,1.2687326757556414
2024_11_12,11_00_27_0,frame_167,0,255,12,1,False,False,True,3.4624748932820597,True,[],[    0.75272    -0.13988    -0.64331],-38.60189972354616,-10.753318369310758,0.4127302870273613,0.3104813928120404,0.2993600000823931,31.5,0.45186071879595957,1.4344784723681094,1.2311517959597682
2024_11_12,11_00_27_0,frame_168,0,255,12,1,False,False,True,3.418530688472407,True,[],[   -0.68177     0.20724      0.7016],-40.72060667506395,-17.22180580988807,0.3216245325899503,0.3206668927876682,0.2975698207470729,31.5,0.5666892787668161,1.799013583386726,1.1944382051969398
2024_11_12,11_00_27_0,frame_169,0,255,12,1,False,False,True,3.3792511553774625,True,[],[   -0.66328     0.26517     0.69982],43.08973127762866,158.47135659295316,0.3331348943871748,0.3051001614786032,0.294497926659622,31.5,0.9899838521396802,3.142805879808493,1.15714572417443
2024_11_12,11_00_27_0,frame_170,0,255,12,1,False,False,True,3.361554685842534,True,[],,,,,,,31.5,,,
2024_11_12,11_00_27_0,frame_171,0,255,12,1,False,False,True,3.375438802268216,True,[],[   -0.65279       0.212     0.72727],46.838198782431625,161.95462248314473,0.305125671995794,0.3043035819848581,0.2990391373259013,31.5,1.0696418015141944,3.395688258775216,1.0791100756978511
2024_11_12,11_00_27_0,frame_172,0,255,12,1,False,False,True,3.417992852336291,True,[],,,,,,,31.5,,,
2024_11_12,11_00_27_0,frame_173,0,255,12,1,False,False,True,3.391038843113716,True,[],,,,,,,31.5,,,
2024_11_12,11_00_27_0,frame_175,0,255,12,1,False,False,True,3.7069365623456383,True,[],[   -0.64607     0.23202     0.72716],46.67651985488462,160.0340621882649,0.304975823230976,0.3050043916976857,0.3019079725553582,31.5,0.9995608302314309,3.173208984861692,0.928115704623575
2024_11_12,11_00_27_0,frame_176,0,255,12,1,False,False,True,3.77446828317927,True,[],[    0.68482    -0.25802    -0.68151],-43.00934993385534,-20.72005309828241,0.3017159948464111,0.3006430773021891,0.2982772464866799,31.5,1.435692269781093,4.5577532374002905,0.8953347589372193
2024_11_12,11_00_27_0,frame_177,0,255,12,1,False,False,True,3.956321217628499,True,[],,,,,,,31.5,,,
2024_11_12,11_00_27_0,frame_178,0,255,12,1,False,False,True,4.066580737213667,True,[],,,,,,,31.5,,,
2024_11_12,11_00_27_0,frame_179,0,255,12,1,False,False,True,4.127047451027471,True,[],,,,,,,31.5,,,
2024_11_12,11_00_27_0,frame_180,0,255,12,1,False,False,True,4.1198761169331215,True,[],,,,,,,31.5,,,
2024_11_12,11_00_27_0,frame_181,0,255,12,1,False,False,True,4.6636294126085724,True,[],,,,,,,31.5,,,
2024_11_12,11_00_27_0,frame_182,0,255,12,1,True,False,True,4.130179033481199,False,[],,,,,,,31.5,,,
2024_11_12,11_00_27_0,frame_183,0,255,12,1,True,False,True,2.95185169171917,False,[],,,,,,,31.5,,,
2024_11_12,11_00_27_0,frame_184,0,255,-1,1,True,False,True,2.8884468832541,False,[],,,,,,,31.5,,,
2024_11_12,11_00_27_0,frame_185,0,255,14,1,True,False,True,2.6692303370454487,False,[],,,,,,,31.5,,,
2024_11_12,11_00_27_0,frame_186,0,255,-1,1,True,False,True,2.680608013709868,False,[],,,,,,,31.5,,,
2024_11_12,11_00_27_0,frame_187,0,255,-1,1,True,False,True,3.423579870305015,False,[],,,,,,,31.5,,,
2024_11_12,11_00_27_0,frame_188,0,255,-1,1,False,False,True,3.3784459012129884,True,[],,,,,,,31.5,,,
2024_11_12,11_00_27_0,frame_189,0,255,17,1,True,False,True,3.630316114815524,False,[],,,,,,,31.5,,,
2024_11_12,11_00_27_0,frame_190,0,255,17,1,True,False,True,4.125324649630339,False,[],,,,,,,31.5,,,
2024_11_12,11_00_27_0,frame_191,0,255,17,1,False,False,True,4.110282972148855,True,[],[   -0.12778     0.99179   0.0055733],4.466556131718317,97.29900592808548,0.3907932584826917,0.3030732386177864,0.2951207406001431,31.5,1.1926761382213584,3.786273454670984,0.992621051936975
2024_11_12,11_00_27_0,frame_199,0,255,-1,1,False,False,True,3.775791170556801,True,[],,,,,,,31.5,,,
2024_11_12,11_00_27_0,frame_204,0,255,-1,1,False,False,True,3.567412712681831,True,[],,,,,,,31.5,,,
2024_11_12,11_00_27_0,frame_249,0,255,-1,0,False,False,True,3.6767815803254296,False,[],,,,,,,31.5,,,
2024_11_12,11_00_27_0,frame_251,0,255,-1,0,False,False,True,3.5886921554916853,False,[],,,,,,,31.5,,,
2024_11_12,11_00_27_0,frame_252,0,255,21,0,False,False,True,3.65491992557675,False,[],,,,,,,31.5,,,
2024_11_12,11_00_27_0,frame_253,0,255,21,0,False,False,True,3.65654258273563,False,[],,,,,,,31.5,,,
2024_11_12,11_00_27_0,frame_254,0,255,21,0,False,False,True,3.5932914401536094,False,[],,,,,,,31.5,,,
2024_11_12,11_00_27_0,frame_255,0,255,21,0,False,False,True,3.866867459898033,False,[],,,,,,,31.5,,,
2024_11_12,11_00_27_0,frame_256,0,255,21,0,False,False,True,3.987762026403435,False,[],,,,,,,31.5,,,
2024_11_12,11_00_27_0,frame_257,0,255,21,0,False,False,True,4.235858183734279,False,[],,,,,,,31.5,,,
2024_11_12,11_00_27_0,frame_258,0,255,21,0,False,False,True,4.593563837876804,False,[],,,,,,,31.5,,,
2024_11_12,11_00_27_0,frame_259,0,255,21,0,False,False,True,5.302756102461098,False,[],,,,,,,31.5,,,
2024_11_12,11_00_27_0,frame_260,0,255,21,0,False,False,True,4.378328260705102,False,[],,,,,,,31.5,,,
2024_11_12,11_00_27_0,frame_261,0,255,21,0,False,False,True,3.705435075939939,False,[],,,,,,,31.5,,,
2024_11_12,11_00_27_0,frame_262,0,255,21,0,False,False,True,3.801472729094368,False,[],,,,,,,31.5,,,
2024_11_12,11_00_27_0,frame_263,0,255,21,0,False,False,True,4.127123047869961,False,[],,,,,,,31.5,,,
2024_11_12,11_00_27_0,frame_264,0,255,21,0,False,False,True,4.036825713413993,False,[],,,,,,,31.5,,,
2024_11_12,11_00_27_0,frame_265,0,255,21,0,False,False,True,3.82499277660053,False,[],,,,,,,31.5,,,
2024_11_12,11_00_27_0,frame_273,0,255,21,0,False,False,True,3.6293103448275854,False,[],,,,,,,31.5,,,
2024_11_12,11_00_27_0,frame_275,0,255,21,0,False,False,True,3.419642857142857,False,[],,,,,,,31.5,,,
2024_11_12,11_00_27_0,frame_276,0,255,21,0,False,False,True,3.4761904761904763,False,[],,,,,,,31.5,,,
2024_11_12,11_00_27_0,frame_277,0,255,21,0,False,False,True,3.450980392156863,False,[],,,,,,,31.5,,,
2024_11_12,11_00_27_0,frame_278,0,255,21,0,False,False,True,3.3366336633663365,False,[],,,,,,,31.5,,,
2024_11_12,11_00_27_0,frame_279,0,255,21,0,False,False,True,3.313131313131313,False,[],,,,,,,31.5,,,
2024_11_12,11_00_27_0,frame_280,0,255,21,0,False,False,True,3.322964683691909,False,[],,,,,,,31.5,,,
2024_11_12,11_00_27_0,frame_281,0,255,21,0,False,False,True,3.314433093332001,False,[],,,,,,,31.5,,,
2024_11_12,11_00_27_0,frame_282,0,255,21,0,False,False,True,3.25773172473419,False,[],,,,,,,31.5,,,
2024_11_12,11_00_27_0,frame_283,0,255,21,0,False,False,True,3.2455379999424285,False,[],,,,,,,31.5,,,
2024_11_12,11_00_27_0,frame_284,0,255,21,1,False,False,True,3.2486483991082253,True,[],,8.768230034631161,-19.358890073979072,-1.0,0.2548058261673058,0.2499260616698418,31.5,6.01941738326942,19.10926153418864,0.6962735141327521
2024_11_12,11_00_27_0,frame_285,0,255,21,1,False,False,True,3.281718016672765,True,[],,8.59061463866274,-17.957688923836535,-1.0,0.2854584635907188,0.2896337095712463,31.5,2.9541536409281193,9.37826552675592,0.6972431084000767
2024_11_12,11_00_27_0,frame_286,0,255,21,1,False,False,True,3.300476820625976,True,[],[    0.90827    -0.30841     0.28271],12.608237883997916,-18.53381522483356,0.2880275005932048,0.2867236760280578,0.2869015027877142,31.5,2.8276323971942183,8.976610784743551,0.7022837571602325
2024_11_12,11_00_27_0,frame_287,0,255,21,1,False,False,True,3.3252009568989105,True,[],,16.028177940193952,-18.942858920630343,-1.0,0.2908015911134975,0.2802714808208034,31.5,2.419840888650249,7.682034567143628,0.709767753636359
2024_11_12,11_00_27_0,frame_288,0,255,21,1,False,False,True,3.296766475118865,True,[],[    0.81131    -0.29525     0.50458],18.50650445733698,-19.49951808329822,0.3384456407362582,0.2922984306301059,0.2847707300269002,31.5,2.270156936989409,7.206847419013998,0.7189890498300489
2024_11_12,11_00_27_0,frame_289,0,255,21,1,False,False,True,3.2730361245673225,True,[],[     0.8706    -0.32183     0.37212],20.311170377398337,-20.175308087641884,0.2937431514851448,0.2931977466849662,0.2850380151372857,31.5,2.180225331503383,6.921350258740897,0.7284028274220974
2024_11_12,11_00_27_0,frame_290,0,255,21,1,False,False,True,3.30651355517048,True,[],[    0.87121    -0.32431     0.36853],21.29827631125005,-20.40053868998184,0.2967879625089234,0.2965669413602039,0.2914035859354058,31.5,1.8433058639796087,5.85176464755432,0.7365041844018289
2024_11_12,11_00_27_0,frame_291,0,255,21,1,False,False,True,3.277379166197415,True,[],[    0.86642    -0.33038      0.3744],21.98372494585393,-20.88320381954747,0.2973277395796648,0.2973327496693707,0.2843249864512266,31.5,1.766725033062933,5.608650898612484,0.74485320904127
2024_11_12,11_00_27_0,frame_292,0,255,21,1,False,False,True,3.24194718949278,True,[],[    0.74426    -0.29648     0.59848],22.52011297502292,-21.13519430162157,0.4699064897664185,0.29897503375641,0.2855492306926362,31.5,1.6024966243590022,5.087290870980956,0.7524041058036093
2024_11_12,11_00_27_0,frame_293,0,255,21,1,False,False,True,3.261718602376833,True,[],[    0.57366    -0.23217      0.7855],23.55080311262113,-21.386933413384,1.3686039428558288,0.2976665365973678,0.2844215140308558,31.5,1.7333463402632212,5.502686794486412,0.7565623744317109
2024_11_12,11_00_27_0,frame_294,0,255,21,1,False,False,True,3.223440883154685,True,[],,,,,,,31.5,,,
2024_11_12,11_00_27_0,frame_295,0,255,21,1,False,False,True,3.2034880344210133,True,[],,,,,,,31.5,,,
2024_11_12,11_00_27_0,frame_296,0,255,21,1,False,False,True,3.285714581137966,True,[],,25.73321354973792,-21.57652752435225,-1.0,0.2961103088257415,0.2872243767706435,31.5,1.888969117425848,5.996727356907455,0.778989309685582
2024_11_12,11_00_27_0,frame_297,0,255,21,1,False,False,True,3.3798262705369115,True,[],[    0.79142    -0.32429     0.51816],25.328846326457867,-21.832561069234504,0.3027754332964452,0.300431750922202,0.2887021866660717,31.5,1.4568249077798008,4.624840977078738,0.7845029676320753
2024_11_12,11_00_27_0,frame_298,0,255,21,1,False,False,True,3.253623548108429,True,[],[    0.17714   -0.077116     0.98116],25.271455803129754,-21.601349410783545,2.1566803987029406,0.3003017242081616,0.2877738861095611,31.5,1.4698275791838427,4.666119298996321,0.7874376606422147
2024_11_12,11_00_27_0,frame_299,0,255,21,1,False,False,True,3.419191373155845,True,[],[    0.78511    -0.29695     0.54353],26.052112165874725,-20.163303694969,0.3268590579627763,0.2989157376689353,0.2869912489099853,31.5,1.6084262331064707,5.106115025734822,0.7892960091560812
2024_11_12,11_00_27_0,frame_300,0,255,21,1,False,False,True,3.389830750955023,True,[],[     0.8301    -0.26872     0.48859],26.96132628971268,-18.07219119239233,0.2981660563066057,0.2976185909044013,0.2869284330320906,31.5,1.7381409095598706,5.517907649396398,0.7887323312413308
2024_11_12,11_00_27_0,frame_301,0,255,21,1,False,False,True,3.369085327515909,True,[],,28.574001886703773,-19.464491892354385,-1.0,0.294555092346078,0.2854683252633582,31.5,2.0444907653921973,6.490446874260947,0.7893586773955256
2024_11_12,11_00_27_0,frame_302,0,255,21,1,False,False,True,3.4327016101001298,True,[],[    0.77772    -0.22593     0.58661],29.11976358131515,-15.875492621194558,0.2952188921626558,0.2944299396148634,0.2884191081023609,31.5,2.0570060385136593,6.530177900043345,0.793708128118394
2024_11_12,11_00_27_0,frame_303,0,255,21,1,False,False,True,3.456210399096576,True,[],,30.112211516451467,-15.8557347354201,-1.0,0.292934319320743,0.285040251771011,31.5,2.2065680679257014,7.004977993414925,0.7957357267017658
2024_11_12,11_00_27_0,frame_305,0,255,21,1,False,False,True,3.446250220434633,True,[],,32.087281468644974,-12.62652909730261,-1.0,0.2915810472365016,0.2868917786495746,31.5,2.3418952763498417,7.434588178888389,0.8012802995026791
2024_11_12,11_00_27_0,frame_306,0,255,21,1,False,False,True,3.472011471005127,True,[],[  -0.041499   -0.015378     0.99902],32.556792772753504,-11.032516485238231,2.28800714682594,0.2914345019440659,0.2858771708915785,31.5,2.35654980559341,7.481110493947336,0.8018983305554375
2024_11_12,11_00_27_0,frame_308,0,255,21,1,False,False,True,3.537763924180358,True,[],,33.84368171175597,-9.899280900898033,-1.0,0.2947101983832226,0.2854328646705778,31.5,2.0289801616777403,6.441206862469,0.8096426761095425
2024_11_12,11_00_27_0,frame_309,0,255,21,1,False,False,True,3.6714285714285713,True,[],[  -0.048973   -0.057229     0.99716],32.69713723794706,-8.330168588668272,2.0153158617740408,0.2911769607870589,0.2854876532717464,31.5,2.3823039212941097,7.562869591409872,0.8148974583940259
2024_11_12,11_00_27_0,frame_310,0,255,21,1,False,False,True,3.633802816901409,True,[],[  -0.087297   -0.049344     0.99496],32.579951099820065,-8.504017955196318,2.084964844950781,0.2931765967048094,0.2924975483934861,31.5,2.182340329519061,6.928064538155732,0.8168093926413369
2024_11_12,11_00_27_0,frame_311,0,255,21,1,False,False,True,3.563254421420294,True,[],[   -0.26438   -0.025822     0.96407],33.561046896122626,-10.344834395055244,2.125794057015203,0.2937372546288121,0.2838873036554823,31.5,2.126274537118789,6.750077895615184,0.8164209080068335
2024_11_12,11_00_27_0,frame_312,0,255,21,1,False,False,True,3.659140944248924,True,[],[   -0.29716    0.047929     0.95362],35.38264056936085,-11.393679550185784,1.845700846371304,0.2965984968074768,0.2872158442891087,31.5,1.84015031925232,5.8417470452454445,0.8152927627063576
2024_11_12,11_00_27_0,frame_313,0,255,21,1,False,False,True,3.663813716625409,True,[],[    -0.2917    0.043236     0.95553],36.19524251335972,-10.139246038303028,1.7762526326911832,0.2949373074073799,0.2856858243691998,31.5,2.0062692592620124,6.369108759561941,0.8191446275835323
2024_11_12,11_00_27_0,frame_314,0,255,21,1,False,False,True,3.605468608985516,True,[],,35.694071388464074,-9.9849477494714,-1.0,0.2965616746158902,0.2825193293324874,31.5,1.8438325384109788,5.8534366298761205,0.8232320831003916
2024_11_12,11_00_27_0,frame_315,0,255,21,1,False,False,True,3.477590828582632,True,[],,36.00844120572691,-12.247786942038918,-1.0,0.2932523421361308,0.2854423144224939,31.5,2.1747657863869243,6.904018369482295,0.8265184382342167
2024_11_12,10_58_20_0,frame_3,0,255,-1,1,False,False,True,2.725076025661869,True,[],[   -0.17819   -0.012932     0.98391],-43.36877559873528,-2.982910729553646,1.968461558240083,0.3019181953996763,0.3124678963653574,31.5,1.3081804600323714,4.152953841372589,0.9747135512179608
2024_11_12,10_58_20_0,frame_26,0,255,-1,1,False,False,True,5.006106553661838,True,[],[    0.14417    0.035506     0.98892],48.053659762331485,147.09639250993934,2.136161120854568,0.3047030911515896,0.3065945619640001,31.5,1.0296908848410382,3.268859951876297,0.9835299547310002
2024_11_12,10_58_20_0,frame_27,0,255,2,1,False,False,True,5.105969637379061,True,[],[   -0.60288     0.33237      0.7253],45.703971965462905,151.3912115391048,0.3274904817523511,0.3028250697716378,0.3094290554690649,31.5,1.2174930228362193,3.865057215353058,0.9902937100544886
2024_11_12,10_58_20_0,frame_36,0,255,2,1,False,False,True,3.759073797415407,True,[],,-42.59195136893159,-18.17787892186736,-1.0,0.3038281896060787,0.3038697183202729,31.5,1.117181039392129,3.546606474260709,1.0606582912729667
2024_11_12,10_58_20_0,frame_37,0,255,2,1,False,False,True,3.6943111866822,True,[],[   -0.53158     0.26248     0.80531],-40.72926924981443,-22.79858214331817,0.6628718190968295,0.3057534279510416,0.298762658042059,31.5,0.9246572048958406,2.935419698082015,1.0611994420868656
2024_11_12,10_58_20_0,frame_40,0,255,2,1,False,False,True,3.93856657194173,True,[],[    -0.6141     0.39784     0.68162],-40.22596751955507,-32.08005865321509,0.2980794600808692,0.299479764819329,0.3067270002129011,31.5,1.5520235180671023,4.927058787514594,1.0616005265246724
2024_11_12,10_58_20_0,frame_52,0,255,-1,1,False,False,True,3.682705574757558,True,[],[    0.67724    -0.30384     -0.6701],-34.46482544019344,-21.69237287646356,0.4943805506907379,0.3028463102349583,0.3028354162738139,31.5,1.2153689765041733,3.8583142111243376,1.2104711835884971
2024_11_12,10_58_20_0,frame_67,0,255,-1,1,False,False,True,4.15789514905626,True,[],[    0.74445    -0.30644     -0.5932],-35.33624934722344,-22.11243987444777,0.3020501338687871,0.300892617490005,0.2992377869891021,31.5,1.4107382509995006,4.478534130157141,1.2091230091687128
2024_11_12,10_58_20_0,frame_68,0,255,4,1,False,False,True,4.161290444024257,True,[],[   -0.60362     0.28643     0.74404],-39.229773730191134,-22.407106129400297,0.3008456773806498,0.3049744450782568,0.3021788311803549,31.5,1.0025554921743236,3.1827158481724536,1.1888106860154783
2024_11_12,10_58_20_0,frame_69,0,255,4,1,False,False,True,4.272727279948761,True,[],[   -0.63554     0.31027     0.70698],-42.156042268948575,-25.00836142896248,0.2987431616530138,0.2994743808137876,0.300554607516751,31.5,1.5525619186212438,4.928767995622974,1.1665174704854404
2024_11_12,10_58_20_0,frame_70,0,255,4,1,False,False,True,4.302857321954457,True,[],[   -0.43981     0.29457     0.84841],45.2035532990758,153.01040040129882,0.2834611610802003,0.2975828984045041,0.3012372108872257,31.5,1.7417101595495907,5.529238601744737,1.1390111025023613
2024_11_12,10_58_20_0,frame_71,0,255,4,1,False,False,True,4.303482682444939,True,[],[   -0.51056     0.29907     0.80615],45.9630786665443,153.1488332339462,0.4889512179393075,0.2935205877037511,0.3031798964290708,31.5,2.1479412296248874,6.818861046428201,1.115007802166427
2024_11_12,10_58_20_0,frame_72,0,255,4,1,False,False,True,4.203170098410465,True,[],[   -0.47894     0.32845     0.81409],47.93829867496546,149.1381513781287,0.2955190624523458,0.2980219579824321,0.2976134004013136,31.5,1.6978042017567923,5.389854608751703,1.087762704661832
2024_11_12,10_58_20_0,frame_73,0,255,4,1,False,False,True,4.03981416634144,True,[],[   -0.44933     0.35922     0.81796],49.92734342752669,144.6728830925632,0.2922500588322152,0.2945267926759025,0.2970904915268226,31.5,2.0473207324097515,6.499430896538877,1.0609533924412893
2024_11_12,10_58_20_0,frame_74,0,255,4,1,True,False,True,4.014893653907632,False,[],,,,,,,31.5,,,
2024_11_12,10_58_20_0,frame_75,0,255,4,1,True,False,True,3.810379456161042,False,[],,,,,,,31.5,,,
2024_11_12,10_58_20_0,frame_76,0,255,4,1,True,False,True,3.559544734156306,False,[],,,,,,,31.5,,,
2024_11_12,10_58_20_0,frame_77,0,255,4,1,True,False,True,3.4689653768678617,False,[],,,,,,,31.5,,,
2024_11_12,10_58_20_0,frame_78,0,255,4,1,True,False,True,3.31428582811297,False,[],,,,,,,31.5,,,
2024_11_12,10_58_20_0,frame_79,0,255,4,1,True,False,True,3.314102367819008,False,[],,,,,,,31.5,,,
2024_11_12,10_58_20_0,frame_80,0,255,4,1,True,False,True,3.315555635648641,False,[],,,,,,,31.5,,,
2024_11_12,10_58_20_0,frame_81,0,255,4,1,False,False,True,3.109704596124164,True,[],,,,,,,31.5,,,
2024_11_12,10_58_20_0,frame_82,0,255,4,1,False,False,True,3.035040900996255,True,[],,,,,,,31.5,,,
2024_11_12,10_58_20_0,frame_83,0,255,4,1,False,False,True,2.906542053247552,True,[],,,,,,,31.5,,,
2024_11_12,10_58_20_0,frame_84,0,255,4,1,False,False,True,2.740732889839678,True,[],,,,,,,31.5,,,
2024_11_12,10_58_20_0,frame_106,0,255,-1,0,False,False,True,5.719774937701089,False,[],,,,,,,31.5,,,
2024_11_12,10_58_20_0,frame_125,0,255,-1,1,False,False,True,3.01086986439895,True,[],,,,,,,31.5,,,
2024_11_12,10_58_20_0,frame_126,0,255,6,1,False,False,True,2.60717416743693,True,[],,,,,,,31.5,,,
2024_11_12,10_58_20_0,frame_129,0,255,-1,1,False,False,True,1.9126601859850576,True,[],,,,,,,31.5,,,
2024_11_12,10_58_20_0,frame_130,0,255,7,1,False,False,True,1.55497369403745,False,[],,,,,,,31.5,,,
2024_11_12,10_58_20_0,frame_131,0,255,7,1,False,False,True,1.669014008299642,False,[],,,,,,,31.5,,,
2024_11_12,10_58_20_0,frame_137,0,255,-1,1,False,False,True,4.1171167775542425,True,[],[     0.4131   -0.034068     0.91005],41.80600999472552,-9.401417013382693,0.8643855745114992,0.2704538823677314,0.2671135384694583,31.5,4.454611763226861,14.14162464516464,1.3151932708727263
2024_11_12,10_58_20_0,frame_138,0,255,8,1,False,False,True,4.758426792617979,True,[],[    0.25893   -0.056361     0.96425],38.92759477141671,-13.656653858411284,1.4417267873199542,0.2476199381709156,0.2430343366478184,31.5,6.738006182908439,21.390495818756936,1.3686987440033254
2024_11_12,10_58_20_0,frame_139,0,255,8,1,False,False,True,4.427040596215389,True,[],[    0.83641    -0.16434     0.52288],31.37298200844903,-11.28331160668919,0.2854280637692339,0.285483912220228,0.2839862935128217,31.5,2.9516087779771993,9.370186596752998,1.4134017257674654
2024_11_12,10_58_20_0,frame_140,0,255,8,1,False,False,True,4.7399994441920725,True,[],[    0.90317    -0.10916     0.41518],24.792059767889107,-7.194787611621188,0.2919708780983561,0.2919308431554491,0.2816841900264779,31.5,2.3069156844550918,7.323541855412969,1.4476140167463234
2024_11_12,10_58_20_0,frame_141,0,255,8,1,False,False,True,5.269230368574637,True,[],[    0.93253   -0.071397     0.35396],20.085502873296782,-4.131318822182189,0.2956860481102242,0.2951393162498338,0.2870343534913559,31.5,1.9860683750166181,6.304978968306729,1.4771044953331274
2024_11_12,10_58_20_0,frame_142,0,255,8,1,False,False,True,5.978835139380285,True,[],,17.580344073617212,-5.195461974673492,-1.0,0.3060169500814175,0.2911173785310927,31.5,0.8983049918582502,2.851761878915082,1.4887676198585225
2024_11_12,10_58_20_0,frame_143,0,255,8,1,False,False,True,5.875878376891965,True,[],[    0.98368    -0.16644    0.068369],3.729154762836976,-9.604116251115066,0.3067325485900772,0.3054031724616105,0.2990564218413541,31.5,0.9596827538389512,3.04661191694904,1.5247187808317575
2024_11_12,10_58_20_0,frame_144,0,255,8,1,False,False,True,5.362832203301127,True,[],[    0.97693    -0.21116   -0.031896],-1.7692101332431425,-12.091096589915418,0.3079987274388796,0.3080859562766635,0.3022304144419185,31.5,0.6914043723336469,2.194934515344915,1.5391797910689629
2024_11_12,10_58_20_0,frame_145,0,255,8,1,False,False,True,5.103448063078275,True,[],[    0.99148    -0.13012   0.0052535],-0.4830153532456032,-7.548161603652139,0.3075237411988264,0.3075823685905721,0.2980986317622857,31.5,0.7417631409427905,2.3548036220406083,1.5517171388263598
2024_11_12,10_58_20_0,frame_146,0,255,8,1,False,False,True,5.542429868360095,True,[],[      0.993   -0.078895    0.087896],3.3909152623979577,-4.632390471291428,0.3637299102302462,0.3137633177484853,0.305228269889943,31.5,0.12366822515146936,0.3925975401633926,1.559181891986147
2024_11_12,10_58_20_0,frame_147,0,255,8,1,False,False,True,5.8,True,[],[    0.98897   -0.089708    -0.11783],-6.681637105069234,-5.155282107695655,0.3057724596127313,0.3058457245780587,0.3134828743602414,31.5,0.9154275421941307,2.9061191815686502,1.54960108381496
2024_11_12,10_58_20_0,frame_148,0,255,8,1,False,False,True,5.653845809620463,True,[],,-7.049779262758827,-5.181725315671125,-1.0,0.3061834745655912,0.3022256233035756,31.5,0.8816525434408788,2.7988969633043657,1.558073887359503
2024_11_12,10_58_20_0,frame_149,0,255,9,1,True,False,True,5.143111608349299,False,[],,,,,,,31.5,,,
2024_11_12,10_58_20_0,frame_149,0,127,8,1,False,False,True,5.715817203319421,True,[],[    0.94622   -0.098734    -0.30808],-17.64104213155129,-5.392588357754152,0.3063258865487268,0.3062809854581443,0.308960001768319,31.5,0.8719014541855685,2.767941124398634,1.553425658527397
2024_11_12,10_58_20_0,frame_150,0,255,8,1,False,False,True,4.727272727272728,True,[],[    0.92296   -0.043984    -0.38238],-22.908288536157634,-2.6800592808110792,0.3060395680374463,0.3059021644844573,0.2994786964390697,31.5,0.9097835515542698,2.888201750965925,1.5451826045146355
2024_11_12,10_58_20_0,frame_151,0,255,8,1,False,False,True,4.472222222222222,True,[],[     0.9261   -0.029877     -0.3761],-20.3415185133558,-0.7955984281521293,0.3093535947511969,0.3093915704096552,0.3073061606721928,31.5,0.5608429590344812,1.7804538382046806,1.5205225276598175
2024_11_12,10_58_20_0,frame_152,0,255,8,1,False,False,True,4.45945945945946,True,[],[    0.91488   -0.089399    -0.39371],-23.51969360335339,-5.4063034978128455,0.3089488071310766,0.3088222067674487,0.2995858997478189,31.5,0.6177793232551281,1.9612042008099184,1.4997212512184226
2024_11_12,10_58_20_0,frame_153,0,255,9,1,True,False,True,4.1146949975567,False,[],,,,,,,31.5,,,
2024_11_12,10_58_20_0,frame_153,0,127,8,1,False,False,True,4.612902695192005,True,[],,-23.00581973017769,-9.474156169428406,-1.0,0.3071687548798517,0.3033159841568301,31.5,0.7831245120148331,2.4861095619518485,1.4688168019126444
2024_11_12,10_58_20_0,frame_154,0,255,9,1,True,False,True,3.1390307557336867,False,[],,,,,,,31.5,,,
2024_11_12,10_58_20_0,frame_154,0,127,8,1,False,False,True,5.107255649068926,True,[],,-23.685247304476352,-8.967584185802878,-1.0,0.3131622455901677,0.3053958023872846,31.5,0.1837754409832293,0.5834140983594439,1.446738613830818
2024_11_12,10_58_20_0,frame_155,0,255,9,1,True,False,True,3.6836836630809873,False,[],,,,,,,31.5,,,
2024_11_12,10_58_20_0,frame_155,0,127,8,1,True,False,True,4.7625512515216215,False,[],,,,,,,31.5,,,
2024_11_12,10_58_20_0,frame_156,0,255,8,1,True,False,True,3.37908496914588,False,[],,,,,,,31.5,,,
2024_11_12,10_58_20_0,frame_157,0,255,8,1,True,False,True,2.4003560632188794,False,[],,,,,,,31.5,,,
2024_11_12,10_58_20_0,frame_158,0,255,8,1,True,False,True,2.4327842086579348,False,[],,,,,,,31.5,,,
2024_11_12,10_58_20_0,frame_159,0,255,-1,1,True,False,True,1.2105263157894737,False,[],,,,,,,31.5,,,
2024_11_12,10_58_20_0,frame_162,0,255,-1,1,True,False,True,4.443292683435688,False,[],,,,,,,31.5,,,
2024_11_12,10_58_20_0,frame_203,0,255,-1,0,True,False,True,1.0588235294117647,False,[],,,,,,,31.5,,,
2024_11_12,10_58_20_0,frame_206,0,255,-1,1,True,False,True,2.923076923076923,False,[],,,,,,,31.5,,,
2024_11_12,10_58_20_0,frame_207,0,255,13,1,True,False,True,2.4285714285714284,False,[],,,,,,,31.5,,,
2024_11_12,10_58_20_0,frame_208,0,255,13,1,True,False,True,1.6388888888888888,False,[],,,,,,,31.5,,,
2024_11_12,10_58_20_0,frame_209,0,255,13,1,True,False,True,2.429223777464329,False,[],,,,,,,31.5,,,
2024_11_12,10_58_20_0,frame_210,0,255,13,1,True,False,True,2.7272727941503727,False,[],,,,,,,31.5,,,
2024_11_12,10_58_20_0,frame_211,0,255,13,1,True,False,True,2.931624071221787,False,[],,,,,,,31.5,,,
2024_11_12,10_58_20_0,frame_212,0,255,13,1,True,False,True,2.7934785039243626,False,[],,,,,,,31.5,,,
2024_11_12,10_58_20_0,frame_213,0,255,13,1,True,False,True,2.7938271173035365,False,[],,,,,,,31.5,,,
2024_11_12,10_58_20_0,frame_214,0,255,13,1,True,False,True,2.111111111111111,False,[],,,,,,,31.5,,,
2024_11_12,10_58_20_0,frame_215,0,255,13,1,True,False,True,2.282608695652174,False,[],,,,,,,31.5,,,
2024_11_12,10_58_20_0,frame_216,0,255,13,1,True,False,True,2.3830272650802997,False,[],,,,,,,31.5,,,
2024_11_12,10_58_20_0,frame_217,0,255,13,1,True,False,True,2.7726316387576992,False,[],,,,,,,31.5,,,
2024_11_12,10_58_20_0,frame_218,0,255,13,1,True,False,True,3.153846500083891,False,[],,,,,,,31.5,,,
2024_11_12,10_58_20_0,frame_219,0,255,13,1,True,False,True,3.261585244042191,False,[],,,,,,,31.5,,,
2024_11_12,10_58_20_0,frame_220,0,255,13,1,True,False,True,4.013736278190683,False,[],,,,,,,31.5,,,
2024_11_12,10_58_20_0,frame_221,0,255,13,1,True,False,True,4.492408212240484,False,[],,,,,,,31.5,,,
2024_11_12,10_58_20_0,frame_222,0,255,13,1,False,False,True,4.601290148057895,True,[],,-37.80182524645723,-12.527283688595675,-1.0,0.3070910985981658,0.3019054497987706,31.5,0.7908901401834214,2.510762349788618,1.1342172352240905
2024_11_12,10_58_20_0,frame_223,0,255,13,1,False,False,True,4.725920030463048,True,[],[     0.2381   -0.058262     0.96949],-38.01469893609589,-11.741320424357715,1.958408631625172,0.3026274869281078,0.2978235914488424,31.5,1.2372513071892186,3.927781927584822,1.1517746046846136
2024_11_12,10_58_20_0,frame_224,0,255,13,1,False,False,True,4.90668588899684,True,[],[    0.81086    -0.10154    -0.57637],-35.26857208244692,-7.21826843918052,0.3029457684535507,0.3027703786841501,0.2968121431652667,31.5,1.2229621315849926,3.882419465349165,1.170572563343385
2024_11_12,10_58_20_0,frame_225,0,255,-1,1,False,False,True,4.413043478260869,True,[],[    0.87844    0.043233    -0.47589],-27.24150153265282,2.860321495707256,0.3046991614049274,0.3050376701574689,0.2982829025450099,31.5,0.9962329842531084,3.162644394454297,1.1912312564933791
2024_11_12,10_58_20_0,frame_226,0,255,13,1,False,False,True,4.23404255319149,True,[],[    0.89606    0.041173    -0.44201],-26.20583793313736,2.653380063698712,0.3099131634291078,0.3093377962804865,0.3073744612510523,31.5,0.5662203719513492,1.7975249903217398,1.204258641407216
2024_11_12,10_58_20_0,frame_227,0,255,13,1,False,False,True,4.217391304347826,True,[],[    0.89018     0.11376    -0.44118],-25.72624215137814,7.238662134985528,0.3056843726628369,0.3054255075932492,0.2983530781803737,31.5,0.9574492406750785,3.039521398968487,1.213358311094641
2024_11_12,10_58_20_0,frame_228,0,255,13,1,False,False,True,4.222782479814576,True,[],[    0.87311     0.20328    -0.44312],-26.303457016179443,13.20251878742642,0.3004439577025111,0.3005228536543223,0.2999106551925837,31.5,1.4477146345677703,4.595919474818301,1.219305192421317
2024_11_12,10_58_20_0,frame_229,0,255,13,1,False,False,True,4.085106375858579,True,[],[    0.81852     0.23599    -0.52378],-31.380089864097386,16.04111566196437,0.3006762630846092,0.3008028843178603,0.2976343205667636,31.5,1.4197115682139696,4.507020851472926,1.223798985943145
2024_11_12,10_58_20_0,frame_230,0,255,13,1,False,False,True,4.029587742499879,True,[],[    0.79897     0.28414    -0.53001],-31.73544352670031,19.339776956825965,0.3049118234711537,0.2974149128765418,0.2939485468919277,31.5,1.7585087123458187,5.58256734078036,1.2280163583783714
2024_11_12,10_58_20_0,frame_231,0,255,13,1,False,False,True,3.895810641678917,True,[],[    0.74508     0.35988    -0.56156],-34.25948350184709,25.760665130540666,0.3025020640580056,0.3012755522368421,0.2953738393773891,31.5,1.3724447763157883,4.356967543859633,1.231633378931242
2024_11_12,10_58_20_0,frame_232,0,255,13,1,False,False,True,3.729652924361469,True,[],,,,,,,31.5,,,
2024_11_12,10_58_20_0,frame_233,0,255,13,1,False,False,True,3.634615211114751,True,[],,,,,,,31.5,,,
2024_11_12,10_58_20_0,frame_236,0,255,-1,1,False,False,True,3.4448052159597595,True,[],,,,,,,31.5,,,
2024_11_12,10_58_20_0,frame_237,0,255,15,1,False,False,True,3.413605016130559,True,[],,,,,,,31.5,,,
2024_11_12,10_58_20_0,frame_247,0,255,15,1,False,False,True,3.844827586206896,True,[],[    0.27982   -0.073689     0.95722],-18.377129518352184,7.910799129910912,1.6999486100388734,0.3064893767705113,0.2999639749269356,31.5,0.8510623229488701,2.7017851522186174,1.03838080267352
2024_11_12,10_58_20_0,frame_251,0,255,15,1,False,False,True,3.721311475409836,True,[],[    0.93518     0.11412     -0.3353],-19.506823016340537,6.961556471781485,0.304576955648034,0.3042629635831777,0.29710443216153,31.5,1.0737036416822292,3.4085829894673894,1.0065630236830505
2024_11_12,10_58_20_0,frame_259,0,255,15,1,False,False,True,3.6625081484703097,True,[],[    0.84762      0.2864    -0.44667],-26.43847829883604,18.758021941124827,0.3016237528815242,0.3015583791010774,0.2961545272551233,31.5,1.344162089892258,4.267181237753186,0.9695551140397016
2024_11_12,10_58_20_0,frame_260,0,255,15,1,False,False,True,3.4612135613369825,True,[],[    0.82983     0.30311    -0.46852],-27.83527917321469,20.17248871006548,0.3006349958449837,0.2999777785497772,0.2954778237288658,31.5,1.5022221450222801,4.768959190546905,0.9647840620058794
2024_11_12,10_58_20_0,frame_262,0,255,15,1,False,False,True,3.440233289233252,True,[],[    0.81116     0.35953    -0.46126],-27.59250125669529,24.01671908501412,0.29795849008331,0.2979031032602137,0.2988824098091583,31.5,1.7096896739786303,5.427586266598813,0.9540240988107624
2024_11_12,10_58_20_0,frame_263,0,255,15,1,False,False,True,3.3990147689577466,True,[],[    0.80681     0.36596    -0.46382],-27.57604174201172,24.45317982921892,0.2985993305162391,0.2985251941629163,0.288705840753836,31.5,1.6474805837083721,5.230097091137671,0.9467424938795562
2024_11_12,10_58_20_0,frame_264,0,255,15,1,False,False,True,3.445956734150478,True,[],[    0.79518     0.39567    -0.45949],-26.05233282209608,26.26875432608832,0.2948205842237438,0.2948658137146465,0.2882186493026855,31.5,2.0134186285353515,6.391805169953496,0.9409041264075316
2024_11_12,10_58_20_0,frame_266,0,255,15,1,False,False,True,3.5377351137385,True,[],[    0.77387     0.39156    -0.49781],-22.66941531835392,25.712919135656563,0.2976830480942289,0.298818307806952,0.2922936299906057,31.5,1.6181692193048,5.137045140650138,0.9209491265274656
2024_11_12,10_58_20_0,frame_267,0,255,15,1,False,False,True,3.5828820708518268,True,[],[    0.84089     0.41075     -0.3524],-20.60727311480284,26.05204475128973,0.3015664710077573,0.3010793794101905,0.2931676201145886,31.5,1.3920620589809545,4.4192446316855465,0.9069240417068936
2024_11_12,10_58_20_0,frame_270,0,255,15,1,False,False,True,3.61835653922426,True,[],[    0.91021     0.33794     -0.2394],-13.80492682210646,20.483927133177897,0.3035353694918768,0.303372540377456,0.2910173772647701,31.5,1.1627459622544016,3.691257023029849,0.876050490460514
2024_11_12,10_58_20_0,frame_271,0,255,15,1,False,False,True,3.6724247316164087,True,[],[    0.92596      0.3248    -0.19262],-11.101581328030193,19.31609287167294,0.3061829806295694,0.3062567317613433,0.2975988917875187,31.5,0.874326823865669,2.7756407106846592,0.8587827159722049
2024_11_12,10_58_20_0,frame_272,0,255,15,1,False,False,True,3.4909881906763944,True,[],[    0.95176     0.26582    -0.15326],-8.756855844505058,15.651536389737377,0.3041043192839957,0.3038199227375078,0.2980187638541248,31.5,1.1180077262492212,3.5492308769816523,0.842876452864248
2024_11_12,10_58_20_0,frame_274,0,255,15,1,False,False,True,3.424529503670477,True,[],[     0.9807     0.19519    0.011139],0.6482373811572163,11.34684504753348,0.3053925587276984,0.304906301099645,0.3026346816203849,31.5,1.0093698900355008,3.2043488572555545,0.8190429300579497
2024_11_12,10_58_20_0,frame_275,0,255,15,1,False,False,True,3.4615384615384617,True,[],[    0.98334     0.15398    0.096619],5.382310149875623,8.93444766799299,0.3078197991197401,0.3078276675746305,0.3048718132392203,31.5,0.7172332425369525,2.276930928688737,0.8076412810967253
2024_11_12,10_58_20_0,frame_276,0,255,15,1,False,False,True,3.5948055853386527,True,[],[    0.97814     0.12353      0.1673],9.697812511853522,7.25912039860441,0.3070641549702716,0.3064947602024797,0.2949442067576865,31.5,0.8505239797520332,2.7000761261969286,0.7985421572211461
2024_11_12,10_58_20_0,frame_277,0,255,15,1,False,False,True,3.782011741456368,True,[],[    0.96872    0.084294     0.23341],13.554174015217502,5.090435343248426,0.3028169072533918,0.3009622236537821,0.29379569149351,31.5,1.4037776346217896,4.456436935307266,0.7910661609497149
2024_11_12,10_58_20_0,frame_278,0,255,15,1,False,False,True,3.0835161567423395,True,[],[    0.93983     0.12499     0.31797],18.73177080439539,7.528131742589855,0.3047142808368726,0.3046474509955622,0.2997665853097985,31.5,1.0352549004437819,3.286523493472308,0.7871312608308644
2024_11_12,10_58_20_0,frame_282,0,255,15,1,False,False,True,2.87313419802586,True,[],[    0.80283     0.09731     0.58821],29.68295698328086,9.219758579006122,0.2994957714751927,0.3008683708466216,0.2935672735954915,31.5,1.413162915337839,4.486231477262966,0.7353480882981736
2024_11_12,10_58_20_0,frame_283,0,255,15,1,False,False,True,2.753257602849952,True,[],[    0.84937     0.14432     0.50768],30.293834450737364,9.634953205671668,0.2981519259646796,0.2976775933597973,0.2967702208313302,31.5,1.7322406640202672,5.499176711175454,0.7233634988167489
2024_11_12,10_58_20_0,frame_284,0,255,15,1,False,False,True,2.75732058540713,True,[],,29.01885196420936,11.718395685888977,-1.0,0.2783484616772864,0.2719687516325341,31.5,3.6651538322713613,11.635408991337638,0.7130567302475243
2024_11_12,10_58_20_0,frame_286,0,255,15,1,False,False,True,2.975252131848784,True,[],[  -0.078219    -0.28851     0.95428],11.462264679655524,17.032751622516898,2.0883788665940872,0.2876472028726585,0.2815790312879426,31.5,2.735279712734151,8.683427659473478,0.6999559943870738
2024_11_12,10_58_20_0,frame_287,0,255,15,1,False,False,True,3.1150957537910515,True,[],[   -0.26891    -0.33098     0.90451],4.35792912665441,21.1452791253716,1.260302807166996,0.2910510162801862,0.2780185381871174,31.5,2.3948983719813803,7.602851974544063,0.696293346527277
2024_11_12,10_58_20_0,frame_288,0,255,15,1,False,False,True,3.217974109988447,True,[],[    -0.1846    -0.31498     0.93097],3.4093358812307706,18.59942036894973,1.3645217886413694,0.3037366317194312,0.2742516021990282,31.5,1.1263368280568784,3.575672470021819,0.6918847318679845
2024_11_12,10_58_20_0,frame_289,0,255,15,1,False,False,True,3.246573248927315,True,[],[   -0.56631    -0.39683     0.72237],-1.2618266782454854,25.85547675995001,0.9285769064122906,0.272481111152627,0.2611637918031332,31.5,4.251888884737298,13.498059951546976,0.6930536499445369
2024_11_12,10_58_20_0,frame_290,0,255,15,1,False,False,True,3.3828290656599758,True,[],,,,,,,31.5,,,
2024_11_12,10_58_20_0,frame_291,0,255,15,1,False,False,True,3.474721839113422,True,[],,,,,,,31.5,,,
2024_11_12,10_58_20_0,frame_292,0,255,15,1,False,False,True,3.5295771032449808,True,[],,,,,,,31.5,,,
2024_11_12,10_58_20_0,frame_293,0,255,15,1,False,False,True,3.4677753506269804,True,[],,,,,,,31.5,,,
2024_11_12,10_58_20_0,frame_294,0,255,15,1,False,False,True,3.555015137385229,True,[],,,,,,,31.5,,,
2024_11_12,10_58_20_0,frame_295,0,255,15,1,False,False,True,3.571779048242136,True,[],,,,,,,31.5,,,
2024_11_12,10_58_20_0,frame_296,0,255,15,1,False,False,True,3.5603568716898897,True,[],,,,,,,31.5,,,
2024_11_12,10_58_20_0,frame_297,0,255,15,1,False,False,True,3.619247102645875,True,[],,,,,,,31.5,,,
2024_11_12,10_58_20_0,frame_298,0,255,15,1,False,False,True,3.530364174492784,True,[],,,,,,,31.5,,,
2024_11_12,10_58_20_0,frame_299,0,255,15,1,False,False,True,3.5334134286074383,True,[],,,,,,,31.5,,,
2024_11_12,10_58_20_0,frame_300,0,255,15,1,False,False,True,3.530434753991178,True,[],[   -0.61798    -0.37824     0.68923],-1.213761459163042,18.420584255573207,1.696576761571592,0.2850234502978549,0.2745736617902751,31.5,2.9976549702145086,9.516364984807964,0.6922359439414332
2024_11_12,10_58_20_0,frame_301,0,255,15,1,False,False,True,3.496031622993691,True,[],[   -0.63053     -0.3968     0.66707],-0.2111331271096054,20.19184475473335,1.1294815192571095,0.2753939847676061,0.2772831543464744,31.5,3.9606015232393865,12.573338169013928,0.6925712372971122
2024_11_12,10_58_20_0,frame_302,0,255,15,1,False,False,True,3.52152314738699,True,[],[   -0.45913    -0.36116     0.81164],-0.2419541861100393,20.036896882852083,2.1992618595923545,0.2716386818506338,0.2689791650996508,31.5,4.336131814936621,13.765497825195608,0.6943301170836215
2024_11_12,10_58_20_0,frame_303,0,255,15,1,False,False,True,3.437887723293706,True,[],[    0.84265     0.35981    -0.40059],-5.296964969308003,21.02774643953838,0.5506753029830243,0.3275459038096258,0.3236694139944491,31.5,1.2545903809625756,3.982826606230408,0.6986742195663221
2024_11_12,10_58_20_0,frame_304,0,255,15,1,False,False,True,3.3453139791564395,True,[],[    0.73572     0.41114    -0.53822],-0.8374710843756503,15.22995553184386,0.4797206470265423,0.2645240725344224,0.2551812537007476,31.5,5.047592746557761,16.024103957326226,0.6923105940453642
2024_11_12,10_58_20_0,frame_305,0,255,15,1,False,False,True,3.318672789875265,True,[],[   -0.11903    -0.31526     0.94151],-0.0170080812627986,17.36578834709201,1.19304356402471,0.2750553441081221,0.2613306183064855,31.5,3.99446558918779,12.68084314027868,0.6930096578350311
2024_11_12,10_58_20_0,frame_306,0,255,15,1,False,False,True,3.2789287683995783,True,[],[    0.77993     0.40646    -0.47591],-1.5853656988511775,17.529993048512008,0.4592200315630795,0.3038604937533905,0.2594600484546193,31.5,1.1139506246609479,3.5363511893998343,0.6930301489560877
2024_11_12,10_58_20_0,frame_307,0,255,15,1,False,False,True,3.2215886590840515,True,[],[   -0.17073    -0.32179     0.93129],-3.845214008781695,18.283520061001447,1.9685694032939904,0.312127724945251,0.2734324850769161,31.5,0.2872275054749025,0.9118333507139564,0.69317624462101
2024_11_12,10_58_20_0,frame_308,0,255,15,1,False,False,True,2.968388703581635,True,[],,-2.1859134334174057,14.97943789566577,-1.0,0.3337131447369465,0.343365658704403,31.5,1.8713144736946532,5.940680868871911,0.6960921230053779
2024_11_12,10_58_20_0,frame_310,0,255,15,1,False,False,True,3.1584387123420457,True,[],[  -0.072635    -0.24492     0.96682],-1.3189841104060636,23.05960994958301,2.5210516422713103,0.312582912037003,0.3020007659938357,31.5,0.24170879629970088,0.767329512062522,0.6930225531383462
2024_11_12,10_58_20_0,frame_314,0,255,15,1,False,False,True,2.8162955623998207,True,[],,,,,,,31.5,,,
2024_11_12,10_58_20_0,frame_315,0,255,15,1,False,False,True,3.109992957067909,True,[],,,,,,,31.5,,,
2024_11_12,10_58_20_0,frame_316,0,255,15,1,False,False,True,3.017213386141228,True,[],,,,,,,31.5,,,
2024_11_12,10_58_20_0,frame_317,0,255,15,1,False,False,True,2.880367833060133,True,[],,,,,,,31.5,,,
2024_11_12,10_58_20_0,frame_318,0,255,15,1,False,False,True,3.07119205964232,True,[],,,,,,,31.5,,,
2024_11_12,10_58_20_0,frame_319,0,255,15,1,False,False,True,3.141982231262246,True,[],,,,,,,31.5,,,
2024_11_12,10_58_20_0,frame_334,0,255,-1,1,False,False,True,3.755213276214626,True,[],,31.269212529854645,57.497034878515166,-1.0,0.2708840939151828,0.2520085651978766,31.5,4.4115906084817205,14.0050495507356,0.7399004888804263
2024_11_12,10_58_20_0,frame_335,0,255,16,1,False,False,True,4.428630687521607,True,[],[    0.23939    -0.14602     0.95988],39.84322539069304,65.69833913820923,1.243063173136888,0.2977428335058507,0.3005194912080899,31.5,1.725716649414931,5.47846555369818,0.7557304128172011
2024_11_12,10_58_20_0,frame_337,0,255,16,1,False,False,True,5.020408141217769,True,[],[    0.22796    0.073027     0.97093],46.054683982169394,78.84752342604915,1.870984397225552,0.3007272125477508,0.2994892023729472,31.5,1.4272787452249176,4.531043635634646,0.8081470997366187
2024_11_12,10_58_20_0,frame_338,0,255,16,1,False,False,True,5.061449771526044,True,[],[    0.26182    -0.22173      0.9393],46.51166870977978,85.34801388358632,2.4588923287560327,0.3005997980517005,0.2991101279793025,31.5,1.4400201948299483,4.571492681999823,0.8400808328558615
2024_11_12,10_58_20_0,frame_339,0,255,16,1,False,False,True,5.003571667152012,True,[],[    0.12871     0.32276     0.93769],44.52803213330588,92.21779308131214,1.7112843875929826,0.3056731072708086,0.3010391630233144,31.5,0.9326892729191414,2.960918326727412,0.8687245203739535
2024_11_12,10_58_20_0,frame_340,0,255,16,1,False,False,True,4.679389005089905,True,[],[    0.18067    0.082119     0.98011],49.47415565482343,95.121993540919,2.2585804735039874,0.3069829370906436,0.3060454990721142,31.5,0.8017062909356376,2.545099336303615,0.9132458638064352
2024_11_12,10_58_20_0,frame_341,0,255,16,1,False,False,True,3.84669542026894,True,[],,,,,,,31.5,,,
2024_11_12,10_58_20_0,frame_342,0,255,16,1,False,False,True,3.421229448463244,True,[],,,,,,,31.5,,,
2024_11_12,10_58_20_0,frame_343,0,255,16,1,False,False,True,3.1488613095037588,True,[],,,,,,,31.5,,,
2024_11_12,10_58_20_0,frame_344,0,255,16,1,False,False,True,3.0478911081674647,True,[],,,,,,,31.5,,,
2024_11_12,10_58_20_0,frame_345,0,255,16,1,False,False,True,3.232772570943487,True,[],,,,,,,31.5,,,
2024_11_12,10_58_20_0,frame_346,0,255,16,1,False,False,True,3.4650334477177687,True,[],,,,,,,31.5,,,
2024_11_12,10_58_20_0,frame_347,0,255,16,1,False,False,True,3.531485746839695,True,[],[   -0.63719     0.22699     0.73652],44.154246651923366,160.0363970157086,0.3048568396075362,0.305741262465986,0.3038133985891897,31.5,0.925873753401401,2.939281756829829,1.1132997332712082
2024_11_12,10_58_20_0,frame_348,0,255,16,1,False,False,True,3.4945174392506733,True,[],[   -0.65195     0.19988     0.73144],-41.74042314358397,-17.528868344065963,0.303909815634656,0.3038310607878615,0.2969300054040733,31.5,1.1168939212138511,3.545694987980482,1.1210516170953184
2024_11_12,10_58_20_0,frame_349,0,255,16,1,False,False,True,3.248215145294989,True,[],[    0.70726    -0.22549    -0.67003],-42.04039516024543,-17.83018819521968,0.3097701407233055,0.3027164736443135,0.2977150771501524,31.5,1.2283526355686512,3.899532176408403,1.1279700925569285
2024_11_12,10_58_20_0,frame_350,0,255,16,1,False,False,True,3.263872628450444,True,[],[   -0.38191    0.062471     0.92209],-44.03612947926796,-13.548913718792557,1.3702040312629344,0.3109934510198975,0.3051723132270911,31.5,0.4006548980102487,1.2719203111436326,1.1317662016145795
2024_11_12,10_58_20_0,frame_351,0,255,16,1,False,False,True,3.2660717003404915,True,[],[   -0.64793     0.14517     0.74774],45.20609200438416,167.04752080633432,0.3062504642915109,0.3054770357143186,0.3051481198993664,31.5,0.9522964285681397,3.0231632652956795,1.1330498278553511
2024_11_12,10_58_20_0,frame_352,0,255,16,1,False,False,True,3.140864329599796,True,[],[    -0.6674     0.15147     0.72913],46.83005728935274,167.24994564470396,0.3106470640915023,0.3089260345771438,0.3045604341534618,31.5,0.6073965422856205,1.9282429913829056,1.1289718712039654
2024_11_12,10_58_20_0,frame_353,0,255,16,1,False,False,True,3.1775147240606127,True,[],[   -0.63478     0.10765     0.76516],49.95577300326109,170.49138844069873,0.30093098646383,0.300908584277792,0.301504097329756,31.5,1.4091415722208005,4.473465308637464,1.122050999539762
2024_11_12,10_58_20_0,frame_354,0,255,16,1,False,False,True,3.3465037915781486,True,[],[     -0.631     0.10867     0.76813],50.27777259973505,170.23658969718292,0.3047278997050769,0.3029700133878897,0.3070538718874014,31.5,1.20299866121103,3.819043368923887,1.112615242454689
2024_11_12,10_58_20_0,frame_355,0,255,16,1,False,False,True,3.317891118636371,True,[],[   -0.46027    0.053104     0.88619],49.282467521368346,172.4659737608107,1.074548795313901,0.30139250036939,0.2970060476089629,31.5,1.3607499630609965,4.319841152574595,1.1027743287432548
2024_11_12,10_58_20_0,frame_356,0,255,16,1,False,False,True,3.4767012011464984,True,[],[   -0.66786     0.09152     0.73864],47.54216225824821,172.1695054079265,0.2988488820057201,0.2987118563055458,0.3053729428251036,31.5,1.6288143694454185,5.170839268080696,1.0903917216514347
2024_11_12,10_58_20_0,frame_357,0,255,16,1,False,False,True,3.691447279466928,True,[],[   -0.50494    0.046726     0.86189],47.28629082923543,171.6619770891085,0.3360469548980322,0.3060851644433977,0.2987638609631785,31.5,0.8914835556602334,2.830106525905484,1.07366864147109
2024_11_12,10_58_20_0,frame_358,0,255,16,1,False,False,True,3.909318609313688,True,[],[   -0.63622     0.08312     0.76702],50.02761819619051,172.5282646753165,0.303556399115442,0.3034131051831213,0.3010378608142198,31.5,1.158689481687869,3.6783793069455983,1.0554813542656256
2024_11_12,10_58_20_0,frame_359,0,255,16,1,False,False,True,4.138830683990922,True,[],[   -0.62843    0.082696     0.77346],50.60398308644086,172.48590421082503,0.2958670073138785,0.2956409162979974,0.2961023892381775,31.5,1.9359083702002629,6.14574085777861,1.0355075584031106
2024_11_12,10_58_20_0,frame_360,0,255,16,1,False,False,True,4.19855530672353,True,[],[   -0.63479     0.18846     0.74935],48.46934010117846,163.39108306186566,0.298561813412673,0.2985656951494053,0.3059537975659196,31.5,1.643430485059472,5.217239635109434,1.014204751167643
2024_11_12,10_58_20_0,frame_361,0,255,16,1,False,False,True,4.239564677226904,True,[],[   -0.59629     0.25906     0.75982],45.10007281546208,156.43336650617383,0.2945890981024821,0.2976761876698,0.2972923166647792,31.5,1.7323812330200035,5.499622961968263,0.9964506220352682
2024_11_12,10_58_20_0,frame_362,0,255,16,1,False,False,True,4.595826650349823,True,[],,,,,,,31.5,,,
2024_11_12,10_58_20_0,frame_363,0,255,16,1,False,False,True,4.378339648883104,True,[],,,,,,,31.5,,,
2024_11_12,10_58_20_0,frame_364,0,255,16,1,False,False,True,3.656771939716048,True,[],,,,,,,31.5,,,
2024_11_12,10_58_20_0,frame_365,0,255,16,1,False,False,True,3.7894738994046415,True,[],,,,,,,31.5,,,
2024_11_12,10_58_20_0,frame_366,0,255,16,1,True,False,True,3.8333331460139983,False,[],,,,,,,31.5,,,
2024_11_12,10_58_20_0,frame_367,0,255,16,1,True,False,True,3.8506900341717487,False,[],,,,,,,31.5,,,
2024_11_12,10_58_20_0,frame_368,0,255,16,1,True,False,True,3.662551717194228,False,[],,,,,,,31.5,,,
2024_11_12,10_58_20_0,frame_369,0,255,16,1,True,False,True,3.565307066497477,False,[],,,,,,,31.5,,,
2024_11_12,10_58_20_0,frame_370,0,255,16,1,True,False,True,4.158058930255676,False,[],,,,,,,31.5,,,
2024_11_12,10_58_20_0,frame_371,0,255,16,1,True,False,True,3.9972651543630935,False,[],,,,,,,31.5,,,
2024_11_12,10_58_20_0,frame_372,0,255,16,1,True,False,True,3.3663365977015816,False,[],,,,,,,31.5,,,
2024_11_12,10_58_20_0,frame_373,0,255,16,1,True,False,True,3.581291506483384,False,[],,,,,,,31.5,,,
2024_11_12,10_58_20_0,frame_374,0,255,16,1,True,False,True,4.026252737866469,False,[],,,,,,,31.5,,,
2024_11_12,10_58_20_0,frame_375,0,255,16,1,True,False,True,4.84109884441486,False,[],,,,,,,31.5,,,
2024_11_12,10_58_20_0,frame_376,0,255,16,1,True,False,True,5.757193793942678,False,[],,,,,,,31.5,,,
2024_11_12,10_58_20_0,frame_377,0,255,16,1,False,False,True,5.8808121022855735,True,[],,,,,,,31.5,,,
2024_11_12,10_58_20_0,frame_378,0,255,16,1,False,False,True,4.925239293560169,True,[],,,,,,,31.5,,,
2024_11_12,10_58_20_0,frame_379,0,255,16,1,False,False,True,4.148148592164383,True,[],,,,,,,31.5,,,
2024_11_12,10_58_20_0,frame_380,0,255,16,1,False,False,True,4.064102635040062,True,[],,,,,,,31.5,,,
2024_11_12,10_58_20_0,frame_381,0,255,16,1,False,False,True,3.469180358054654,True,[],,,,,,,31.5,,,
2024_11_12,10_58_20_0,frame_382,0,255,16,1,False,False,True,3.596026393093713,True,[],,,,,,,31.5,,,
2024_11_12,10_58_20_0,frame_383,0,255,16,1,False,False,True,3.3946783392616213,True,[],,,,,,,31.5,,,
2024_11_12,10_58_20_0,frame_384,0,255,16,1,False,False,True,3.609366300799084,True,[],,,,,,,31.5,,,
2024_11_12,10_58_20_0,frame_385,0,255,16,1,False,False,True,3.6314624017161385,True,[],,,,,,,31.5,,,
2024_11_12,10_58_20_0,frame_386,0,255,16,1,False,False,True,3.488012136988428,True,[],,,,,,,31.5,,,
2024_11_12,10_58_20_0,frame_388,0,255,16,1,False,False,True,3.421586968890169,True,[],,,,,,,31.5,,,
2024_11_12,10_58_20_0,frame_389,0,255,16,1,False,False,True,4.135909875981672,True,[],,,,,,,31.5,,,
2024_11_12,10_58_20_0,frame_390,0,255,16,1,False,False,True,4.7010711336931,True,[],,,,,,,31.5,,,
2024_11_12,10_58_20_0,frame_391,0,255,16,1,False,False,True,4.224608410894119,True,[],,,,,,,31.5,,,
2024_11_12,10_58_20_0,frame_394,0,255,-1,1,False,False,True,2.0400659492473903,True,[],,,,,,,31.5,,,
2024_11_12,10_58_20_0,frame_396,0,255,-1,1,False,False,True,2.0957093830278484,True,[],,,,,,,31.5,,,
2024_11_12,10_58_20_0,frame_398,0,255,-1,1,False,False,True,1.4139652470962214,False,[],,,,,,,31.5,,,
2024_11_12,10_58_20_0,frame_399,0,255,19,1,False,False,True,1.2745098039215683,False,[],,,,,,,31.5,,,
2024_11_12,10_58_20_0,frame_400,0,255,19,1,False,False,True,1.4634146341463414,False,[],,,,,,,31.5,,,
2024_11_12,10_58_20_0,frame_401,0,255,19,1,False,False,True,1.2045454545454546,False,[],,,,,,,31.5,,,
2024_11_12,10_58_20_0,frame_402,0,255,19,1,False,False,True,2.055555555555556,True,[],,,,,,,31.5,,,
2024_11_12,10_58_20_0,frame_403,0,255,19,1,False,False,True,1.7297297297297298,False,[],,,,,,,31.5,,,
2024_11_12,10_58_20_0,frame_404,0,255,19,1,False,False,True,1.7256945939226316,False,[],,,,,,,31.5,,,
2024_11_12,10_58_20_0,frame_406,0,255,19,1,False,False,True,1.4489795918367347,False,[],,,,,,,31.5,,,
2024_11_12,10_58_20_0,frame_407,0,255,19,1,False,False,True,1.392156862745098,False,[],,,,,,,31.5,,,
2024_11_12,10_58_20_0,frame_408,0,255,19,1,False,False,True,1.275590534625284,False,[],,,,,,,31.5,,,
2024_11_12,10_58_20_0,frame_409,0,255,19,1,False,False,True,1.3404255319148937,False,[],,,,,,,31.5,,,
2024_11_12,10_58_20_0,frame_410,0,255,19,1,False,False,True,1.6291971259362743,False,[],,,,,,,31.5,,,
2024_11_12,10_58_20_0,frame_411,0,255,19,1,False,False,True,1.4594594594594594,False,[],,,,,,,31.5,,,
2024_11_12,10_58_20_0,frame_412,0,255,19,1,False,False,True,1.7352941176470589,False,[],,,,,,,31.5,,,
2024_11_12,10_58_20_0,frame_413,0,255,19,1,False,False,True,1.7878787878787878,False,[],,,,,,,31.5,,,
2024_11_12,10_58_20_0,frame_414,0,255,19,1,False,False,True,1.7575757575757576,False,[],,,,,,,31.5,,,
2024_11_12,10_58_20_0,frame_415,0,255,19,1,False,False,True,1.6857142857142855,False,[],,,,,,,31.5,,,
2024_11_12,10_58_20_0,frame_416,0,255,19,1,False,False,True,1.631578947368421,False,[],,,,,,,31.5,,,
2024_11_12,10_58_20_0,frame_417,0,255,19,1,False,False,True,1.2340425531914894,False,[],,,,,,,31.5,,,
2024_11_12,10_58_20_0,frame_418,0,255,19,1,False,False,True,1.1320754716981132,False,[],,,,,,,31.5,,,
2024_11_12,10_58_20_0,frame_419,0,255,19,1,False,False,True,1.2105263157894737,False,[],,,,,,,31.5,,,
2024_11_12,10_58_20_0,frame_420,0,255,19,1,False,False,True,1.5155806409132158,False,[],,,,,,,31.5,,,
2024_11_12,10_58_20_0,frame_421,0,255,19,1,False,False,True,1.6409090834701745,False,[],,,,,,,31.5,,,
2024_11_12,10_58_20_0,frame_422,0,255,19,1,False,False,True,1.7907286064671717,False,[],,,,,,,31.5,,,
2024_11_12,10_58_20_0,frame_423,0,255,19,1,False,False,True,2.1943659293290945,True,[],,,,,,,31.5,,,
2024_11_12,10_58_20_0,frame_424,0,255,19,1,False,False,True,2.482401338394093,True,[],,,,,,,31.5,,,
2024_11_12,10_58_20_0,frame_425,0,255,19,1,False,False,True,2.5245901540585787,True,[],,,,,,,31.5,,,
2024_11_12,10_58_20_0,frame_426,0,255,19,1,False,False,True,2.341772252170552,True,[],,,,,,,31.5,,,
2024_11_12,10_58_20_0,frame_427,0,255,19,1,False,False,True,2.585152861096244,True,[],,,,,,,31.5,,,
2024_11_12,10_58_20_0,frame_428,0,255,19,1,False,False,True,2.8901963352300077,True,[],,,,,,,31.5,,,
2024_11_12,10_58_20_0,frame_429,0,255,19,1,False,False,True,3.2365340313894784,True,[],,,,,,,31.5,,,
2024_11_12,10_58_20_0,frame_430,0,255,19,1,False,False,True,3.3436426997440623,True,[],,,,,,,31.5,,,
2024_11_12,10_58_20_0,frame_431,0,255,19,1,False,False,True,3.655896378216135,True,[],,,,,,,31.5,,,
2024_11_12,10_58_20_0,frame_432,0,255,19,1,False,False,True,4.320175766348332,True,[],[    0.88432     0.25149     0.39335],22.457078628019307,15.714507979331554,0.3086559795411204,0.3069130920891756,0.300191656883522,31.5,0.8086907910824408,2.5672723526426644,0.8766501566651536
2024_11_12,10_58_20_0,frame_433,0,255,19,1,False,False,True,5.415094537086589,True,[],[    0.88525     0.25088     0.39166],16.348376269536768,17.050542372067774,0.5948317783230235,0.3127909790971425,0.3026518813507093,31.5,0.22090209028575103,0.7012764770976244,0.868875737939226
2024_11_12,10_58_20_0,frame_434,0,255,19,1,False,False,True,6.019344720559245,True,[],[    0.95759     0.25306     0.13774],7.676262693155346,14.786863586659145,0.3065650811821428,0.3043338063481849,0.2947905653693274,31.5,1.0666193651815092,3.3860932227984417,0.8597960239855638
2024_11_12,10_58_20_0,frame_435,0,255,19,1,False,False,True,6.703019870332398,True,[],[    0.98053     0.18196    0.073866],2.4585324812671514,10.631813280977536,0.306296568006403,0.3065096003698145,0.3042556777732254,31.5,0.8490399630185479,2.695364961963632,0.848712977780136
2024_11_12,10_58_20_0,frame_437,0,255,-1,1,False,False,True,3.746896474376199,True,[],[    0.98106    -0.14232      0.1314],6.503639660745001,-8.844263985760414,0.303087295647196,0.2981498819736328,0.3026548627442005,31.5,1.6850118026367227,5.349243817894353,0.8692173360345742
2024_11_12,10_58_20_0,frame_438,0,255,21,1,False,False,True,5.122863369439676,True,[],[    0.96623    -0.25639    0.025823],0.8644625912606403,-15.293627110078395,0.3001303031981638,0.2947673860498212,0.2909499423118797,31.5,2.023261395017876,6.423052047675802,0.8712017857735429
2024_11_12,10_58_20_0,frame_439,0,255,21,1,False,False,True,6.448124735089781,True,[],,-5.5018076909299,-19.58186877922529,-1.0,0.2953910340374416,0.2880220821204038,31.5,1.9608965962558393,6.225068559542332,0.8692813204147527
2024_11_12,10_58_20_0,frame_441,0,255,21,1,False,False,True,6.857868095998779,True,[],,-11.05526896500478,-21.87711301074992,-1.0,0.2947811810964155,0.2868318202787895,31.5,2.0218818903584506,6.418672667804589,0.878320607875286
2024_11_12,10_58_20_0,frame_442,0,255,21,1,False,False,True,6.341589358897544,True,[],[    0.83012    -0.28398    -0.47985],-16.144951016652584,-18.98525486381067,0.5772364492481272,0.3008713092616487,0.2874622251847399,31.5,1.4128690738351324,4.485298647095641,0.8852908923841468
2024_11_12,10_58_20_0,frame_443,0,255,21,1,False,False,True,4.241620366504724,True,[],[    0.87369    -0.10921    -0.47406],-23.93824420441093,-7.081439945873567,0.3014462927673951,0.3009653646521656,0.2924905901329178,31.5,1.4034635347834374,4.455439792963299,0.8880609451553036
2024_11_12,10_58_20_0,frame_444,0,255,21,1,False,False,True,3.3612952025355685,True,[],[   -0.65956    -0.15158     0.73621],-30.016621985940667,12.488512001106695,0.9571794858522756,0.3000708009363658,0.287728706692468,31.5,1.4929199063634222,4.739428274169591,0.8910166624028195
2024_11_12,10_58_20_0,frame_445,0,255,21,1,False,False,True,3.4613717880044472,True,[],[   -0.66837    -0.29424     0.68316],-29.004615223102483,23.687177286665023,0.6187582748670131,0.3036293423405263,0.294182701616326,31.5,1.1370657659473693,3.609732590309095,0.905077935539922
2024_11_12,10_58_20_0,frame_446,0,255,21,1,False,False,True,3.1182875862458146,True,[],[    0.76645     0.21867    -0.60393],-29.55713532389717,16.883879573538785,0.3262560017463358,0.3019628467232542,0.2916783653130075,31.5,1.3037153276745812,4.138778818014528,0.9185405505487436
2024_11_12,10_58_20_0,frame_447,0,255,21,1,False,False,True,3.1144838185925843,True,[],,,,,,,31.5,,,
2024_11_12,10_58_20_0,frame_449,0,255,21,1,False,False,True,2.9975816114682825,True,[],,,,,,,31.5,,,
2024_11_12,10_58_20_0,frame_450,0,255,21,1,False,False,True,2.778251464305619,True,[],,,,,,,31.5,,,
2024_11_12,10_58_20_0,frame_451,0,255,21,1,False,False,True,2.8056306999894614,True,[],,,,,,,31.5,,,
2024_11_12,10_58_20_0,frame_457,0,255,-1,1,False,False,True,2.857860406024675,True,[],,,,,,,31.5,,,
2024_11_12,10_58_20_0,frame_471,0,255,-1,1,False,False,True,2.303462350720299,True,[],[   -0.12845    -0.12253     0.98412],54.44444621069432,-167.07456200992516,2.09031030556981,0.2303062076431955,0.2401216778235587,31.5,8.46937923568045,26.88691820850936,1.07383928835147
2024_11_12,10_58_20_0,frame_473,0,255,-1,1,False,False,True,1.7968749833399973,False,[],,,,,,,31.5,,,
2024_11_12,10_58_20_0,frame_474,0,255,24,1,False,False,True,2.510822646115312,True,[],,,,,,,31.5,,,
2024_11_12,10_58_20_0,frame_475,0,255,24,1,False,False,True,2.97744373841474,True,[],,,,,,,31.5,,,
2024_11_12,10_58_20_0,frame_476,0,255,24,1,False,False,True,1.7950258095743523,False,[],,,,,,,31.5,,,
2024_11_12,10_58_20_0,frame_478,0,255,-1,1,False,False,True,1.9609374658993464,True,[],,,,,,,31.5,,,
2024_11_12,10_58_20_0,frame_480,0,255,-1,1,False,False,True,2.771428571428572,True,[],[    0.57091   -0.084138     0.81669],52.66540688383825,-6.227727138174763,0.3809529681606317,0.2828254146573005,0.2746229356420376,31.5,3.2174585342699515,10.214154077047464,1.4793506760178097
2024_11_12,10_58_20_0,frame_481,0,255,26,1,False,False,True,3.1875,True,[],[    0.36141    -0.10094     0.92693],47.73577414002033,-9.21193397442393,1.2687646275798568,0.2853280608178661,0.2708088228230951,31.5,2.9671939182133897,9.41966323242346,1.5084598567494458
2024_11_12,10_58_20_0,frame_482,0,255,26,1,False,False,True,3.5161290322580645,True,[],[    0.23646    -0.08859     0.96759],44.81740262898197,-8.898365735605235,1.4429581996129737,0.2962832030311293,0.285430439255035,31.5,1.8716796968870675,5.941840307577995,1.5362309839009258
2024_11_12,10_58_20_0,frame_483,0,255,26,1,False,False,True,5.043478433937144,True,[],[   0.072974    -0.10337     0.99196],38.6379024120176,-7.56312925157016,1.6567577593916012,0.3003006255857926,0.2866319537127526,31.5,1.4699374414207362,4.666468068002342,1.5580590576224884
2024_11_12,11_08_39_0,frame_0,0,255,1,1,True,False,True,4.699240919461991,False,[],,,,,,,31.5,,,
2024_11_12,11_08_39_0,frame_2,0,255,-1,1,True,False,True,5.488045784549312,False,[],,,,,,,31.5,,,
2024_11_12,11_08_39_0,frame_25,0,255,-1,1,True,False,True,1.55,False,[],,,,,,,31.5,,,
2024_11_12,11_08_39_0,frame_26,0,255,-1,1,True,False,True,3.0918091915046477,False,[],,,,,,,31.5,,,
2024_11_12,11_08_39_0,frame_27,0,255,4,1,True,False,True,4.1300465051570985,False,[],,,,,,,31.5,,,
2024_11_12,11_08_39_0,frame_28,0,255,4,1,False,False,True,4.446042954289481,True,[],,-9.194581686843124,-4.505164838184633,-1.0,0.3120450253794764,0.2997712877286627,31.5,0.2954974620523565,0.9380871811185956,1.0700637293274575
2024_11_12,11_08_39_0,frame_29,0,255,4,1,False,False,True,4.132731912951936,True,[],[    0.69278    -0.25946     0.67285],9.428531501322096,-6.520924610808599,0.7420048443030973,0.3071581264675359,0.3078941239435829,31.5,0.7841873532464128,2.489483661099705,1.0904801225783871
2024_11_12,11_08_39_0,frame_30,0,255,4,1,False,False,True,3.1771954880205318,True,[],[    0.56693    -0.24405     0.78678],31.04148706753427,-9.920658791291256,0.8512030143758196,0.2999345968831374,0.29775076380263,31.5,1.506540311686262,4.78266765614686,1.084667217285903
2024_11_12,11_08_39_0,frame_32,0,255,-1,1,False,False,True,3.405405630024405,True,[],,,,,,,31.5,,,
2024_11_12,11_08_39_0,frame_37,0,255,-1,1,False,False,True,3.8955477270040206,True,[],,,,,,,31.5,,,
2024_11_12,11_08_39_0,frame_40,0,255,-1,1,False,False,True,3.5105008920940115,True,[],,,,,,,31.5,,,
2024_11_12,11_08_39_0,frame_41,0,255,7,1,False,False,True,5.074812222265916,True,[],,,,,,,31.5,,,
2024_11_12,11_08_39_0,frame_42,0,255,7,1,False,False,True,4.228756624397006,True,[],,,,,,,31.5,,,
2024_11_12,11_08_39_0,frame_43,0,255,7,1,False,False,True,3.076757319631828,True,[],,,,,,,31.5,,,
2024_11_12,11_08_39_0,frame_46,0,255,7,1,False,False,True,3.82428781657391,True,[],[   -0.19711    -0.30686     0.93112],-38.610928222252966,4.941157547353639,0.711806864796231,0.2923339997827311,0.2925475736594941,31.5,2.2666000217268873,7.195555624529806,1.0609757875192656
2024_11_12,11_08_39_0,frame_47,0,255,7,1,False,False,True,3.8895427313043927,True,[],[   -0.12567    -0.33233     0.93475],-36.94548949659218,-0.6861399054584125,1.8991482346166688,0.2926654657883484,0.281861494456559,31.5,2.2334534211651587,7.090328321159239,1.0671669384739015
2024_11_12,11_08_39_0,frame_48,0,255,7,1,False,False,True,4.057224082992039,True,[],[   -0.33978    -0.24123     0.90904],-36.82100741865494,-5.656817162472039,0.7290384639245682,0.2970815122217336,0.2835464506995776,31.5,1.7918487778266368,5.688408818497264,1.068497624000952
2024_11_12,11_08_39_0,frame_49,0,255,7,1,False,False,True,3.179300951651299,True,[],,,,,,,31.5,,,
2024_11_12,11_08_39_0,frame_51,0,255,7,1,False,False,True,2.30643929300219,True,[],,,,,,,31.5,,,
2024_11_12,11_08_39_0,frame_55,0,255,-1,1,False,False,True,2.8849206835461487,True,[],[   -0.18422     0.39115      0.9017],60.2500479019722,108.23713582328078,0.501454675971621,0.2893942263089256,0.2939192513296001,31.5,2.560577369107442,8.128817044785512,1.1476988723542956
2024_11_12,11_08_39_0,frame_61,0,255,-1,1,False,False,True,3.944335635765809,True,[],,,,,,,31.5,,,
2024_11_12,11_08_39_0,frame_63,0,255,-1,1,False,False,True,2.737117405902734,True,[],[    -0.1847    -0.12347     0.97501],61.07069732854824,-23.457087349464423,1.9988708289215744,0.2952142095955871,0.2828512776850007,31.5,1.9785790404412928,6.281203302988228,1.27465869491714
2024_11_12,11_08_39_0,frame_64,0,255,11,1,False,False,True,2.8554216787608726,True,[],,,,,,,31.5,,,
2024_11_12,11_08_39_0,frame_65,0,255,11,1,False,False,True,3.1607843440539223,True,[],,,,,,,31.5,,,
2024_11_12,11_08_39_0,frame_66,0,255,11,1,False,False,True,4.303501937796397,True,[],,4.821876924752877,84.11732961062377,-1.0,0.3033606988845425,0.2960400554096366,31.5,1.1639301115457528,3.6950162271293534,1.242102045711634
2024_11_12,11_08_39_0,frame_67,0,255,11,1,False,False,True,4.560906548537355,True,[],[   -0.38268    -0.15974     0.90997],14.468866319921371,77.91352313209683,1.9839073703017769,0.3046325127230668,0.2966156717075724,31.5,1.0367487276933218,3.2912658022010004,1.2210385680375342
2024_11_12,11_08_39_0,frame_68,0,255,11,1,False,False,True,4.665051721605382,True,[],[     0.1955     0.90789     0.37083],20.55565399949272,77.43709041933386,0.2921628421318674,0.2925307413592689,0.2855586624170126,31.5,2.2469258640731127,7.133097981184468,1.2062056989750898
2024_11_12,11_08_39_0,frame_69,0,255,11,0,False,False,True,4.912088363253991,False,[],,,,,,,31.5,,,
2024_11_12,11_08_39_0,frame_70,0,255,11,0,False,False,True,5.249999612276264,False,[],,,,,,,31.5,,,
2024_11_12,11_08_39_0,frame_71,0,255,11,0,False,False,True,6.217573356579185,False,[],,,,,,,31.5,,,
2024_11_12,11_08_39_0,frame_73,0,255,11,0,False,False,True,4.261052819410187,False,[],,,,,,,31.5,,,
2024_11_12,11_08_39_0,frame_74,0,255,11,0,False,False,True,3.934640125690724,False,[],,,,,,,31.5,,,
2024_11_12,11_08_39_0,frame_76,0,255,11,0,False,False,True,3.873949815954368,False,[],,,,,,,31.5,,,
2024_11_12,11_08_39_0,frame_82,0,255,-1,0,False,False,True,4.463234941928434,False,[],,,,,,,31.5,,,
2024_11_12,11_08_39_0,frame_83,0,255,12,0,False,False,True,4.41779000510064,False,[],,,,,,,31.5,,,
2024_11_12,11_08_39_0,frame_84,0,255,12,0,False,False,True,4.358723216922072,False,[],,,,,,,31.5,,,
2024_11_12,11_08_39_0,frame_88,0,255,12,0,False,False,True,5.23649326211468,False,[],,,,,,,31.5,,,
2024_11_12,11_08_39_0,frame_89,0,255,12,0,False,False,True,5.346876665282686,False,[],,,,,,,31.5,,,
2024_11_12,11_08_39_0,frame_90,0,255,12,0,False,False,True,5.128204962464879,False,[],,,,,,,31.5,,,
2024_11_12,11_08_39_0,frame_91,0,255,12,0,False,False,True,4.661926104326691,False,[],,,,,,,31.5,,,
2024_11_12,11_08_39_0,frame_92,0,255,12,0,False,False,True,3.5205270270155014,False,[],,,,,,,31.5,,,
2024_11_12,11_08_39_0,frame_93,0,255,12,0,False,False,True,3.4707896724845235,False,[],,,,,,,31.5,,,
2024_11_12,11_08_39_0,frame_94,0,255,12,1,False,False,True,3.609071506879704,True,[],,,,,,,31.5,,,
2024_11_12,11_08_39_0,frame_95,0,255,12,1,False,False,True,3.561592849339802,True,[],,,,,,,31.5,,,
2024_11_12,11_08_39_0,frame_96,0,255,12,1,False,False,True,3.5488886448226804,True,[],,,,,,,31.5,,,
2024_11_12,11_08_39_0,frame_97,0,255,12,1,False,False,True,3.840931049116452,True,[],,,,,,,31.5,,,
2024_11_12,11_08_39_0,frame_98,0,255,12,1,False,False,True,4.479999923706055,True,[],,,,,,,31.5,,,
2024_11_12,11_08_39_0,frame_99,0,255,12,1,False,False,True,4.94271539356665,True,[],,,,,,,31.5,,,
2024_11_12,11_08_39_0,frame_107,0,255,-1,1,False,False,True,4.732449306373171,True,[],[    0.95507     0.14182     0.26025],9.539218919805258,10.63520303465418,0.3699469334062932,0.3005112823343032,0.2953834465376872,31.5,1.448871766569681,4.59959290974502,1.096349764813304
2024_11_12,11_08_39_0,frame_108,0,255,13,1,False,False,True,5.2430880886138445,True,[],,12.778418015247889,12.00347850883836,-1.0,0.3042270969057979,0.2991006624608784,31.5,1.07729030942021,3.419969236254614,1.0910906026529712
2024_11_12,11_08_39_0,frame_110,0,255,13,1,False,False,True,5.550184051687997,True,[],,9.741637972971471,19.107200403657263,-1.0,0.3067129370734635,0.3026564676768721,31.5,0.8287062926536528,2.630813627471913,1.0932659686890795
2024_11_12,11_08_39_0,frame_111,0,255,13,1,False,False,True,4.777104631262486,True,[],,,,,,,31.5,,,
2024_11_12,11_08_39_0,frame_113,0,255,13,1,True,False,True,3.313159953262297,False,[],,,,,,,31.5,,,
2024_11_12,11_08_39_0,frame_115,0,255,13,1,False,False,True,4.714755218719753,True,[],[    0.93894     0.30349    -0.16215],-9.087763961416318,17.908166228763335,0.3021054217851263,0.3019723503551816,0.2956280293254874,31.5,1.3027649644818382,4.135761792005822,1.1437550435628028
2024_11_12,11_08_39_0,frame_117,0,255,13,1,True,False,True,5.106476769926421,False,[],,,,,,,31.5,,,
2024_11_12,11_08_39_0,frame_120,0,255,13,1,True,False,True,5.60513595845561,False,[],,,,,,,31.5,,,
2024_11_12,11_08_39_0,frame_121,0,255,13,1,True,False,True,6.397569728055927,False,[],,,,,,,31.5,,,
2024_11_12,11_08_39_0,frame_138,0,255,-1,1,False,False,True,4.3822182936567815,True,[],,,,,,,31.5,,,
2024_11_12,11_08_39_0,frame_139,0,255,14,1,False,False,True,4.610910013566411,True,[],,,,,,,31.5,,,
2024_11_12,11_08_39_0,frame_140,0,255,14,1,False,False,True,4.3301644142593645,True,[],,,,,,,31.5,,,
2024_11_12,11_08_39_0,frame_141,0,255,14,1,False,False,True,4.936107472965802,True,[],[     0.3674     0.89613    -0.24894],-14.64331153255766,67.67624415960957,0.3122696502044623,0.3121878821916619,0.3060969956753189,31.5,0.2812117808338108,0.8927358121708322,0.9621081656587328
2024_11_12,11_08_39_0,frame_147,0,255,14,1,False,False,True,3.950521106654642,True,[],,,,,,,31.5,,,
2024_11_12,11_08_39_0,frame_148,0,255,14,1,False,False,True,3.800905043835397,True,[],,,,,,,31.5,,,
2024_11_12,11_08_39_0,frame_149,0,255,14,1,False,False,True,3.615500496386573,True,[],[    0.82336     0.12608     0.55334],28.98227843049484,8.88346018586937,0.4877826171555518,0.2946552304141687,0.2845885418590917,31.5,2.034476958583131,6.458657011375002,0.9589759011753252
2024_11_12,11_08_39_0,frame_150,0,255,14,1,False,False,True,3.370878405860584,True,[],[    0.72414    -0.41289      0.5524],32.40861815886174,-29.63426208743048,0.2861636031951759,0.286062581404548,0.2793979486800514,31.5,2.8937418595452016,9.18648209379429,0.9657360286606184
2024_11_12,11_08_39_0,frame_155,0,255,-1,1,False,False,True,3.007081917341293,True,[],,-23.624724146847694,2.280459404785372,-1.0,0.2607632841027283,0.2593498290849643,31.5,5.423671589727171,17.218005046752918,0.7465112346743354
2024_11_12,11_08_39_0,frame_156,0,255,-1,1,False,False,True,3.3854165547568087,True,[],[    0.24516     0.93203    -0.26687],-15.34641263385408,75.17765431285534,0.0921234046116465,0.0921798901865372,0.0977225076941715,31.5,22.282010981346282,70.73654279792467,0.7121499580316476
2024_11_12,11_08_39_0,frame_157,0,255,-1,1,False,False,True,4.946000195607668,True,[],,,,,,,31.5,,,
2024_11_12,11_08_39_0,frame_165,0,255,-1,1,False,False,True,5.774118318195037,True,[],,,,,,,31.5,,,
2024_11_12,11_08_39_0,frame_167,0,255,-1,1,False,False,True,4.541358166980671,True,[],,,,,,,31.5,,,
2024_11_12,11_08_39_0,frame_168,0,255,19,1,False,False,True,3.749658640328669,True,[],,,,,,,31.5,,,
2024_11_12,11_08_39_0,frame_169,0,255,19,1,False,False,True,2.631578947368421,True,[],[    0.35728    -0.11174     0.92729],10.3982628310983,-0.6278276268917938,1.9246591765845336,0.215060821380841,0.2373153437738438,31.5,9.9939178619159,31.726723371161576,0.7022724951263687
2024_11_12,11_08_39_0,frame_170,0,255,19,1,False,False,True,2.4656380980266848,True,[],,,,,,,31.5,,,
2024_11_12,11_08_39_0,frame_172,0,255,-1,1,False,False,True,3.82621531609488,True,[],,,,,,,31.5,,,
2024_11_12,11_08_39_0,frame_173,0,255,20,1,False,False,True,5.246341102466083,True,[],[  -0.087623     0.11877     0.98905],18.27764703979754,-27.189916664660085,0.6087559393439309,0.3002481456520475,0.257212716910129,31.5,1.4751854347952502,4.68312836442935,0.7156869329682539
2024_11_12,11_08_39_0,frame_174,0,255,20,1,False,False,True,4.99685484806334,True,[],[   -0.13655     0.12552     0.98265],4.9186929345621655,-17.32840101246344,1.2347038083748287,0.2958130777929256,0.2874575580419861,31.5,1.9186922207074417,6.0910864149442565,0.7359037083490402
2024_11_12,11_08_39_0,frame_175,0,255,20,1,False,False,True,4.271325585492082,True,[],[   0.031858    0.046215     0.99842],-2.6547308994766587,-11.475300654853596,2.463831717281532,0.30201259187178,0.2914349259929059,31.5,1.298740812822004,4.122986707371436,0.7567814639230788
2024_11_12,11_08_39_0,frame_176,0,255,20,1,False,False,True,3.7789698406111407,True,[],[   0.050426    0.033882     0.99815],-3.659061843646304,-8.92874034629878,1.909806105198144,0.3016866188210414,0.2927224943094166,31.5,1.3313381178958572,4.226470215542407,0.7739174132755037
2024_11_12,11_08_39_0,frame_178,0,255,-1,1,False,False,True,3.894427973840778,True,[],[    0.65898    -0.33786     0.67201],42.10338136815315,-27.269447299890004,0.3275792401460073,0.3276586417140017,0.3292396442669114,31.5,1.2658641714001746,4.018616417143402,1.7074214075550889
2024_11_12,11_08_39_0,frame_181,0,255,20,1,False,False,True,3.793670973909264,True,[],,-0.600972636854169,-20.342749983318047,-1.0,0.3066990756486133,0.2988283702551638,31.5,0.8300924351386669,2.6352140798052965,0.8228596792573978
2024_11_12,11_08_39_0,frame_182,0,255,20,1,False,False,True,3.684122078124755,True,[],,,,,,,31.5,,,
2024_11_12,11_08_39_0,frame_185,0,255,20,1,False,False,True,4.36865110778297,True,[],,,,,,,31.5,,,
2024_11_12,11_08_39_0,frame_186,0,255,20,1,False,False,True,4.84907066993464,True,[],,,,,,,31.5,,,
2024_11_12,11_08_39_0,frame_187,0,255,20,1,False,False,True,6.099754073392284,True,[],,,,,,,31.5,,,
2024_11_12,11_08_39_0,frame_188,0,255,20,1,False,False,True,6.34087009931901,True,[],,,,,,,31.5,,,
2024_11_12,11_08_39_0,frame_189,0,255,20,1,False,False,True,5.769965934570117,True,[],,,,,,,31.5,,,
2024_11_12,11_08_39_0,frame_190,0,255,20,1,False,False,True,6.141225410553524,True,[],,,,,,,31.5,,,
2024_11_12,11_08_39_0,frame_191,0,255,20,1,False,False,True,6.040560318962637,True,[],,,,,,,31.5,,,
2024_11_12,11_08_39_0,frame_192,0,255,20,1,False,False,True,6.938942915506588,True,[],,,,,,,31.5,,,
2024_11_12,11_08_39_0,frame_193,0,255,20,1,True,False,True,6.715440659270748,False,[],,,,,,,31.5,,,
2024_11_12,11_08_39_0,frame_194,0,255,20,1,True,False,True,6.094481972845507,False,[],,,,,,,31.5,,,
2024_11_12,11_08_39_0,frame_195,0,255,20,1,True,False,True,5.384549116008341,False,[],,,,,,,31.5,,,
2024_11_12,11_08_39_0,frame_197,0,255,20,1,True,False,True,2.8378809704583445,False,[],,,,,,,31.5,,,
2024_11_12,11_08_39_0,frame_203,0,255,-1,1,True,False,True,4.691999757825271,False,[],,,,,,,31.5,,,
2024_11_12,11_08_39_0,frame_204,0,255,24,1,True,False,True,4.978799026454902,False,[],,,,,,,31.5,,,
2024_11_12,11_08_39_0,frame_205,0,255,-1,1,True,False,True,5.365619332255864,False,[],,,,,,,31.5,,,
2024_11_12,11_08_39_0,frame_206,0,255,-1,1,True,False,True,4.479316717192007,False,[],,,,,,,31.5,,,
2024_11_12,11_08_39_0,frame_207,0,255,-1,1,True,False,True,3.97726084815493,False,[],,,,,,,31.5,,,
2024_11_12,11_08_39_0,frame_208,0,255,-1,1,True,False,True,4.65129360252966,False,[],,,,,,,31.5,,,
2024_11_12,11_08_39_0,frame_209,0,255,28,1,True,False,True,4.71211179450925,False,[],,,,,,,31.5,,,
2024_11_12,11_08_39_0,frame_210,0,255,-1,1,True,False,True,4.269396296133795,False,[],,,,,,,31.5,,,
2024_11_12,11_08_39_0,frame_220,0,255,-1,1,True,False,True,4.57424248060442,False,[],,,,,,,31.5,,,
2024_11_12,11_08_39_0,frame_221,0,255,30,1,True,False,True,3.305483709540387,False,[],,,,,,,31.5,,,
2024_11_12,11_08_39_0,frame_228,0,255,30,1,False,False,True,2.918931996829354,True,[],,,,,,,31.5,,,
2024_11_12,11_08_39_0,frame_229,0,255,30,1,False,False,True,3.9884837045016335,True,[],,,,,,,31.5,,,
2024_11_12,11_08_39_0,frame_231,0,255,30,1,False,False,True,4.399534620047096,True,[],,,,,,,31.5,,,
2024_11_12,11_08_39_0,frame_232,0,255,30,1,False,False,True,4.622215976919063,True,[],,,,,,,31.5,,,
2024_11_12,11_08_39_0,frame_236,0,255,-1,1,False,False,True,3.2098714517051303,True,[],,,,,,,31.5,,,
2024_11_12,11_08_39_0,frame_237,0,255,31,1,False,False,True,3.407662092978073,True,[],,,,,,,31.5,,,
2024_11_12,11_08_39_0,frame_239,0,255,31,1,False,False,True,4.132209032812918,True,[],,,,,,,31.5,,,
2024_11_12,11_08_39_0,frame_241,0,255,31,1,False,False,True,3.6678075228062816,True,[],,,,,,,31.5,,,
2024_11_12,11_08_39_0,frame_243,0,255,31,1,False,False,True,3.471189810896828,True,[],[  -0.014219   0.0093142     0.99986],-11.662623305019704,3.5716771640541936,0.6748431605832311,0.2808262930585987,0.2825837028158127,31.5,3.417370694140132,10.848795854413115,0.9300055427787004
2024_11_12,11_08_39_0,frame_244,0,255,31,1,False,False,True,3.9131677142804953,True,[],[    -0.1027  0.00029282     0.99471],-5.505078147928902,1.943900527690611,0.6635463846100924,0.3009656117187715,0.3002780685863008,31.5,1.403438828122848,4.455361359120157,0.94586857049673
2024_11_12,11_08_39_0,frame_245,0,255,31,1,False,False,True,4.854166666666667,True,[],[   -0.15029    0.018857     0.98846],-0.2035440724835919,-1.5564732717053182,0.6964535702672507,0.3041813557447099,0.2958936961529526,31.5,1.0818644255290124,3.434490239774621,0.9548580063331396
2024_11_12,11_08_39_0,frame_248,0,255,31,1,False,False,True,6.057510614769319,True,[],[   -0.17964  0.00081334     0.98373],-5.677466340758253,8.723729494577462,0.7240491135349085,0.3004604814722245,0.3023430038633362,31.5,1.45395185277755,4.615720167547766,0.9915633908477842
2024_11_12,11_08_39_0,frame_250,0,255,31,1,False,False,True,4.687499061253407,True,[],[   -0.37169    -0.04052     0.92747],-14.323189262393976,7.589264220028011,0.6651295289710645,0.2951434877403258,0.2954488821560664,31.5,1.9856512259674233,6.303654685610863,1.0322316802621838
2024_11_12,11_08_39_0,frame_251,0,255,31,1,False,False,True,4.9549509061450365,True,[],[   -0.31429   -0.022736     0.94905],-12.54503988973131,7.687362299981222,0.6973489122882772,0.2964871930463774,0.2966991533629677,31.5,1.851280695362263,5.877081572578591,1.0441671215404165
2024_11_12,11_08_39_0,frame_252,0,255,31,1,False,False,True,4.314475473362342,True,[],[   -0.29667   -0.020487     0.95476],-11.367044636140571,9.589216376829755,0.6760388672485391,0.2915664769576563,0.2918193831995831,31.5,2.3433523042343687,7.439213664236094,1.065912199505208
2024_11_12,11_08_39_0,frame_253,0,255,31,1,False,False,True,4.127070183244774,True,[],[   -0.35475   -0.019089     0.93477],-9.78839371014265,9.14799830395207,1.8593797657730708,0.2913321840129323,0.2918333630937953,31.5,2.366781598706769,7.513592376846866,1.0795890671271522
2024_11_12,11_08_39_0,frame_254,0,255,31,1,False,False,True,4.488265262554503,True,[],[   -0.39553    0.012602     0.91837],-9.673404477126631,8.046587862146453,2.160794752389469,0.288468696034906,0.2862694615623554,31.5,2.6531303965094004,8.422636179394907,1.092679000428996
2024_11_12,11_08_39_0,frame_255,0,255,31,1,False,False,True,4.610267925753126,True,[],[   -0.21941     0.01622      0.9755],-6.229474300403853,8.366286392941019,0.5803299382525615,0.2953034396763765,0.2832247246596113,31.5,1.969656032362348,6.252876293213807,1.0958126487969653
2024_11_12,11_08_39_0,frame_257,0,255,-1,1,False,False,True,5.102564102564102,True,[],,-1.419541848125881,0.6450523583639359,-1.0,0.3069745312291892,0.3022828603649222,31.5,0.8025468770810775,2.5477678637494554,1.1151216330746618
2024_11_12,11_08_39_0,frame_258,0,255,31,1,False,False,True,4.139422885698544,True,[],,5.368377852094127,-14.615994851095609,-1.0,0.3059892818284919,0.2978268880691531,31.5,0.901071817150811,2.860545451272417,1.1258405976493842
2024_11_12,11_08_39_0,frame_259,0,255,31,1,False,False,True,4.155518646766341,True,[],,8.096200026121004,-28.668363957020564,-1.0,0.3067543465607901,0.2985112006599577,31.5,0.824565343920991,2.617667758479319,1.1392895243822168
2024_11_12,11_08_39_0,frame_260,0,255,31,1,False,False,True,4.288269483603742,True,[],,,,,,,31.5,,,
2024_11_12,11_08_39_0,frame_261,0,255,31,1,False,False,True,4.430137313416738,True,[],,,,,,,31.5,,,
2024_11_12,11_08_39_0,frame_262,0,255,31,1,False,False,True,5.003154481092032,True,[],,,,,,,31.5,,,
2024_11_12,11_08_39_0,frame_263,0,255,31,1,False,False,True,6.059772015558929,True,[],,,,,,,31.5,,,
2024_11_12,11_08_39_0,frame_264,0,255,31,1,False,False,True,6.318780556232084,True,[],,-5.81390297284592,-22.709753607864503,-1.0,0.307242334352255,0.3001220265502536,31.5,0.7757665647745,2.462750999284125,1.163729195454874
2024_11_12,11_08_39_0,frame_265,0,255,31,1,False,False,True,6.032037181057767,True,[],[   0.054527    -0.03554     0.99788],-6.746610477453181,-26.80626833550932,0.8787582903944153,0.3018975352586068,0.2936107726205996,31.5,1.3102464741393192,4.159512616315285,1.1714273915432467
2024_11_12,11_08_39_0,frame_266,0,255,31,1,False,False,True,6.173912753235158,True,[],,,,,,,31.5,,,
2024_11_12,11_08_39_0,frame_267,0,255,31,1,False,False,True,6.394214537768579,True,[],,,,,,,31.5,,,
2024_11_12,11_08_39_0,frame_268,0,255,31,1,False,False,True,6.093272041806603,True,[],,,,,,,31.5,,,
2024_11_12,11_08_39_0,frame_269,0,255,31,1,False,False,True,5.984999884281925,True,[],,,,,,,31.5,,,
2024_11_12,11_08_39_0,frame_270,0,255,31,1,False,False,True,6.30672609643252,True,[],,,,,,,31.5,,,
2024_11_12,11_08_39_0,frame_271,0,255,31,1,False,False,True,6.553936224195351,True,[],,,,,,,31.5,,,
2024_11_12,11_08_39_0,frame_272,0,255,31,1,False,False,True,6.494556360395422,True,[],,,,,,,31.5,,,
2024_11_12,11_08_39_0,frame_273,0,255,31,1,False,False,True,6.282010602694327,True,[],,,,,,,31.5,,,
2024_11_12,11_08_39_0,frame_274,0,255,31,1,False,False,True,6.315460310145002,True,[],,,,,,,31.5,,,
2024_11_12,11_08_39_0,frame_275,0,255,31,1,False,False,True,6.567483366648069,True,[],,,,,,,31.5,,,
2024_11_12,11_08_39_0,frame_276,0,255,31,1,False,False,True,6.2704084219921095,True,[],[   0.094825   -0.010688     0.99544],-35.302113567853766,-23.21936076979044,1.4298433744923351,0.3013957334163297,0.2945388835720443,31.5,1.3604266583670324,4.318814788466748,1.275112515614808
2024_11_12,11_08_39_0,frame_277,0,255,31,1,False,False,True,5.77991849917721,True,[],[    0.16035   -0.051069     0.98574],-34.09275569355017,-19.36600347578431,1.3721164337796112,0.2945253424584929,0.2918962830660811,31.5,2.0474657541507106,6.499891283018118,1.276180510792845
2024_11_12,11_08_39_0,frame_278,0,255,31,1,False,False,True,5.799999931067815,True,[],[    0.22215   -0.078192     0.97187],-30.69557364062948,-16.355966585799905,0.9612933579842144,0.2845971047287726,0.2797515950955579,31.5,3.0402895271227415,9.651712784516638,1.2701464263430655
2024_11_12,11_08_39_0,frame_279,0,255,31,1,False,False,True,5.923076655403877,True,[],[    0.27255    -0.11029      0.9558],-30.67026601726217,-15.302692782619689,0.95730959126426,0.2932837063614434,0.2815163622233979,31.5,2.171629363855658,6.894061472557632,1.2574546477302826
2024_11_12,11_08_39_0,frame_280,0,255,31,1,False,False,True,6.675610037285417,True,[],[    0.51387    -0.16356     0.84213],-25.993964927602395,-17.066674400347576,1.1836864134457352,0.3060115423029617,0.317465184990663,31.5,0.8988457697038328,2.853478633980402,1.239868149533868
2024_11_12,11_08_39_0,frame_281,0,255,31,1,True,False,True,7.231206778672805,False,[],,,,,,,31.5,,,
2024_11_12,11_08_39_0,frame_282,0,255,31,1,True,False,True,6.349643877935838,False,[],,,,,,,31.5,,,
2024_11_12,11_08_39_0,frame_283,0,255,31,1,True,False,True,5.364210393060267,False,[],,,,,,,31.5,,,
2024_11_12,11_08_39_0,frame_284,0,255,31,1,True,False,True,4.551281951697982,False,[],,,,,,,31.5,,,
2024_11_12,11_08_39_0,frame_285,0,255,31,1,True,False,True,4.130858835501059,False,[],,,,,,,31.5,,,
2024_11_12,11_08_39_0,frame_286,0,255,31,1,True,False,True,4.164272412476554,False,[],,,,,,,31.5,,,
2024_11_12,11_08_39_0,frame_293,0,255,-1,1,False,False,True,3.8698953657620265,True,[],[    0.43127    -0.13198     0.89252],-3.5197508670539013,-3.7184086090820463,1.8318119317065416,0.2843822552391982,0.3101978860556154,31.5,3.0617744760801813,9.719918971683116,1.3248903039554218
2024_11_12,11_08_39_0,frame_294,0,255,33,1,False,False,True,3.641599697943528,True,[],[    0.40173    -0.14628       0.904],0.3868478832278555,-6.107905117206886,1.6288608442995258,0.2778303494061634,0.2789381391471644,31.5,3.716965059383657,11.79988907740844,1.34067353729407
2024_11_12,11_08_39_0,frame_295,0,255,33,1,False,False,True,3.538775876992613,True,[],[    0.42314    -0.14272     0.89475],4.10415535589158,-3.952244979038349,1.8132782214768457,0.2802269610739171,0.305587097659751,31.5,3.4773038926082904,11.03905997653424,1.352072810701243
2024_11_12,11_08_39_0,frame_298,0,255,33,1,False,False,True,3.709241862714437,True,[],[    0.41735    -0.08848     0.90443],2.908062451100407,1.9680435613702176,1.6438178284218583,0.2803221030143493,0.2835841438176683,31.5,3.4677896985650705,11.008856185920845,1.4119124657788076
2024_11_12,11_08_39_0,frame_299,0,255,33,1,False,False,True,3.721241242711333,True,[],[    0.45578   -0.032876     0.88949],-0.9742488111113624,3.167499922837485,1.6944431412886864,0.2782128479980653,0.2869734857093391,31.5,3.678715200193473,11.678460952995133,1.4370780619186214
2024_11_12,11_08_39_0,frame_300,0,255,33,1,False,False,True,4.047657597769193,True,[],,-8.866156030031394,6.273200103778422,-1.0,0.281422399662337,0.2957250880730703,31.5,3.3577600337663007,10.659555662750138,1.46061330786027
2024_11_12,11_08_39_0,frame_301,0,255,33,1,False,False,True,3.969878309037148,True,[],,-20.69088349400453,11.506629108008744,-1.0,0.2801661346132231,0.2903118892283537,31.5,3.483386538677692,11.058369964056142,1.4874727559153014
2024_11_12,11_08_39_0,frame_302,0,255,33,1,False,False,True,3.664062623477103,True,[],[   0.082653   -0.094609     0.99208],-26.65829465538887,17.4216306068328,1.4391532648876737,0.2731976095506163,0.2893801781181641,31.5,4.1802390449383715,13.270600142661497,1.5178880142324112
2024_11_12,11_08_39_0,frame_303,0,255,33,1,False,False,True,3.620772742925984,True,[],,-24.150842406819308,21.62285737297661,-1.0,0.2684783054634659,0.2913319897615299,31.5,4.652169453653411,14.76879191636003,1.538969739442137
2024_11_12,11_08_39_0,frame_304,0,255,33,1,False,False,True,3.667870452685058,True,[],,-11.771584123329276,20.883246395888243,-1.0,0.2730908641755291,0.2887980206364374,31.5,4.190913582447092,13.304487563324102,1.5603911945751932
2024_11_12,11_08_39_0,frame_305,0,255,33,1,False,False,True,3.4193262134742524,True,[],,1.588159268127745,21.0861750951906,-1.0,0.2583375057220621,0.2739150649205231,31.5,5.66624942779379,17.988093421567587,1.5798017272601022
2024_11_12,11_08_39_0,frame_306,0,255,33,1,False,False,True,3.582604289789096,True,[],[   -0.28775    -0.11671     0.95057],8.31222400437661,20.116057415245542,0.6130643131248705,0.2580902479206338,0.2470176646309012,31.5,5.690975207936621,18.066587961703544,1.5980697935382249
2024_11_12,11_08_39_0,frame_307,0,255,33,1,False,False,True,3.2965129750120563,True,[],[   0.014615   -0.056261     0.99831],15.319814427881775,12.452964857210352,0.6811648362167162,0.2679954028330911,0.296394229293297,31.5,4.70045971669089,14.922094338701225,1.6116606959170163
2024_11_12,11_08_39_0,frame_308,0,255,33,1,False,False,True,3.5350497645535355,True,[],,22.49478475740798,4.691047972127823,-1.0,0.2887669311718223,0.2927641801110686,31.5,2.623306882817772,8.327958358151639,1.625949580364922
2024_11_12,11_08_39_0,frame_309,0,255,33,1,False,False,True,4.846424713576738,True,[],[   0.034051   -0.061833     0.99751],-1.0,-1.0,-1.0,-1.0,0.7350793368724603,31.5,131.5,,1.643090944486438
2024_11_12,11_08_39_0,frame_310,0,255,33,1,False,False,True,5.127503974469559,True,[],,-3.27660614841246,-13.72783748304962,-1.0,0.2991208196072877,0.299584015001456,31.5,1.58791803927123,5.041009648480095,1.636071645194494
2024_11_12,11_08_39_0,frame_311,0,255,33,1,False,False,True,4.007291747516411,True,[],,-17.15098522986212,-15.33662850818467,-1.0,0.3013166107639523,0.3094591869516555,31.5,1.368338923604771,4.343933090808802,1.6533091132955031
2024_11_12,11_08_39_0,frame_312,0,255,33,1,False,False,True,3.634262393923232,True,[],,-21.650061908947976,-11.97996084653444,-1.0,0.3268293475958025,0.3179005671129923,31.5,1.1829347595802489,3.755348443111925,1.6561591115468894
2024_11_12,11_08_39_0,frame_313,0,255,33,1,False,False,True,3.593959951113881,True,[],,-19.52537352995,-10.894331323819344,-1.0,0.3236421578289269,0.322192023827847,31.5,0.8642157828926926,2.7435421679133225,1.6528823028882451
2024_11_12,11_08_39_0,frame_314,0,255,33,1,False,False,True,4.305343964211286,True,[],,-12.65928494576254,-13.17125434122164,-1.0,0.310412126912289,0.3123794807108131,31.5,0.45878730877110385,1.4564676468923712,1.6387016048145329
2024_11_12,11_08_39_0,frame_315,0,255,33,1,False,False,True,5.53398048319325,True,[],,3.22733364867352,-14.964476517476069,-1.0,0.3087757327371379,0.311987836506313,31.5,0.6224267262862142,1.9759578612260544,1.6096849610473198
2024_11_12,11_08_39_0,frame_316,0,255,33,1,False,False,True,5.692059203327376,True,[],,9.597074527987507,-10.588685919649487,-1.0,0.3148066838333557,0.3024392519365001,31.5,0.01933161666443084,0.0613702116330961,1.5883318634394783
2024_11_12,11_08_39_0,frame_317,0,255,33,1,False,False,True,4.6,True,[],,11.318930564059263,-2.9261374411298515,-1.0,0.3138398553818214,0.306941628911528,31.5,0.11601446181785846,0.368299878786855,1.5970574921060334
2024_11_12,11_08_39_0,frame_318,0,255,33,1,False,False,True,4.533333333333333,True,[],,2.144311553986029,3.683488778260396,-1.0,0.2972389464698446,0.3044423108759849,31.5,1.776105353015538,5.638429692112823,1.6087254082974878
2024_11_12,11_08_39_0,frame_319,0,255,33,1,False,False,True,4.827586206896552,True,[],,0.6951795579591378,4.771602011950189,-1.0,0.308335150287772,0.3069952507705676,31.5,0.666484971222804,2.115825305469215,1.6074988274869666
2024_11_12,11_08_39_0,frame_320,0,255,33,1,False,False,True,4.994565405234496,True,[],[  -0.011405   -0.033647     0.99937],-1.0,-1.0,-1.0,-1.0,0.6338892508599149,31.5,131.5,,1.6503360850863356
2024_11_12,11_08_39_0,frame_321,0,255,33,1,False,False,True,6.026229978159623,True,[],[  -0.027646   -0.078103     0.99656],-3.275160113980829,11.999374014956258,0.5846346767325823,0.3021297563056089,0.3076047585973224,31.5,1.2870243694391093,4.085791649013048,1.627253138945502
2024_11_12,11_08_39_0,frame_322,0,255,33,1,False,False,True,4.745901317569351,True,[],[   -0.12951    -0.11352     0.98506],-7.3889469209543694,14.296082842032463,0.5575869696896631,0.3108533832337087,0.3008174267056926,31.5,0.4146616766291302,1.3163862750131112,1.629098450893636
2024_11_12,11_08_39_0,frame_323,0,255,33,1,False,False,True,3.9109949338936745,True,[],,-11.376271512490666,16.054831299642306,-1.0,0.3051958982808695,0.3047704606509482,31.5,0.98041017191305,3.112413244168391,1.6310981870449417
2024_11_12,11_08_39_0,frame_324,0,255,33,1,False,False,True,4.036363548631756,True,[],[   -0.34025    -0.18768     0.92142],-10.40084384025768,14.997833981116376,0.5867656578605829,0.3079824728308128,0.3014432183783305,31.5,0.701752716918719,2.22778640291655,1.633907259549252
2024_11_12,11_08_39_0,frame_325,0,255,33,1,False,False,True,4.007091835454157,True,[],,-11.786900383026984,11.394491651877171,-1.0,0.3024790662662885,0.2973248673751464,31.5,1.2520933733711495,3.9748995980036304,1.638161093660607
2024_11_12,11_08_39_0,frame_326,0,255,33,1,False,False,True,4.029411764705882,True,[],,-1.0,-1.0,-1.0,-1.0,0.8007981071220208,31.5,131.5,,1.6545338765242383
2024_11_12,11_08_39_0,frame_327,0,255,33,1,False,False,True,4.6,True,[],,-8.712771115369476,-2.3697417370314806,-1.0,0.3031225290125752,0.2926622699291071,31.5,1.1877470987424807,3.77062571029359,1.6228694187201356
2024_11_12,11_08_39_0,frame_328,0,255,33,1,False,False,True,4.7,True,[],,-7.749692115875341,-2.007528533461322,-1.0,0.3084780919960262,0.2948834065686157,31.5,0.6521908003973778,2.070446985388504,1.6198506137338238
2024_11_12,11_08_39_0,frame_329,0,255,33,1,False,False,True,4.2727272727272725,True,[],,-9.630898353403293,-6.9227176940713,-1.0,0.3043467547179446,0.2947624795152536,31.5,1.0653245282055401,3.381982629223923,1.6180536980761644
2024_11_12,11_08_39_0,frame_330,0,255,33,1,False,False,True,3.9166666666666665,True,[],,-9.7221040488383,-5.857519827112927,-1.0,0.3070090121570589,0.2972274308038143,31.5,0.7990987842941095,2.5368215374416225,1.6180596825057885
2024_11_12,11_08_39_0,frame_331,0,255,33,1,False,False,True,4.0285714285714285,True,[],,-14.956047254535004,-3.0905279690806227,-1.0,0.3099285523024222,0.3037116396811377,31.5,0.5071447697577796,1.6099833960564385,1.6246804523380551
2024_11_12,11_08_39_0,frame_332,0,255,33,1,False,False,True,4.34375,True,[],,-17.803956985708005,-3.41885343615403,-1.0,0.3055890241849995,0.3012282989914051,31.5,0.9410975815000491,2.9876113698414284,1.6301619951371793
2024_11_12,11_08_39_0,frame_333,0,255,33,1,False,False,True,4.964285714285714,True,[],,-20.40245031902612,-0.4291763107663905,-1.0,0.3060805032993735,0.3016748408488161,31.5,0.891949670062651,2.831586254167134,1.6351779527715575
2024_11_12,11_08_39_0,frame_334,0,255,33,1,False,False,True,5.0,True,[],[   -0.63094   0.0036329     0.77583],-22.11482566423353,0.6371804863519975,0.5308275517051027,0.3068702404411185,0.2993921637239006,31.5,0.8129759558881524,2.580876050438575,1.6464751286235282
2024_11_12,11_08_39_0,frame_335,0,255,33,1,False,False,True,4.419354838709677,True,[],[    0.79092   -0.019412    -0.61161],-19.388161053705787,-0.8139779995980564,0.4880540430332724,0.3060042742047217,0.2986578021721183,31.5,0.8995725795278311,2.8557859667549974,1.651383666526293
2024_11_12,11_08_39_0,frame_336,0,255,33,1,False,False,True,4.121212121212121,True,[],,-18.174231765298185,-3.7560268020402128,-1.0,0.3071898273982016,0.308576115985525,31.5,0.7810172601798406,2.4794198735867736,1.651225630890253
2024_11_12,11_08_39_0,frame_337,0,255,33,1,False,False,True,4.25,True,[],,-19.46929493747489,-4.44403211203913,-1.0,0.3064964964229181,0.3061867899191554,31.5,0.8503503577081908,2.6995249451053493,1.6537369728243805
2024_11_12,11_08_39_0,frame_338,0,255,33,1,False,False,True,4.387096774193548,True,[],[    0.88604   -0.092797    -0.45422],-19.17163713722921,-5.7133456320090765,0.4364967064165658,0.306188606860336,0.3068227627037537,31.5,0.8811393139664006,2.797267663385398,1.6490305862305066
2024_11_12,11_08_39_0,frame_339,0,255,33,1,False,False,True,4.202759568177872,True,[],,-13.019569619916544,-10.167318285244813,-1.0,0.3062127128032904,0.3021650571715599,31.5,0.8787287196709634,2.789614983082404,1.6378516473091471
2024_11_12,11_08_39_0,frame_340,0,255,33,1,False,False,True,3.6944444444444446,True,[],,-13.931634167319418,-7.097979615345763,-1.0,0.3035745209672391,0.2980499498167505,31.5,1.1425479032760926,3.627136200876483,1.6358948489654448
2024_11_12,11_08_39_0,frame_341,0,255,33,1,False,False,True,4.088235294117647,True,[],,-12.331276632562734,2.9746107025546142,-1.0,0.3081642051693871,0.3026322979610012,31.5,0.6835794830612905,2.170093597019974,1.6426751090776068
2024_11_12,11_08_39_0,frame_342,0,255,33,1,False,False,True,4.0285714285714285,True,[],,-11.578926624349217,4.117197527463583,-1.0,0.307916046203654,0.304621054416587,31.5,0.7083953796346023,2.248874221062229,1.6345682641454953
2024_11_12,11_08_39_0,frame_343,0,255,33,1,False,False,True,3.851063807309704,True,[],,-9.300185754318417,8.061850940226003,-1.0,0.3045492970515473,0.2953143296865227,31.5,1.0450702948452673,3.3176834756992646,1.6431121121162224
2024_11_12,11_08_39_0,frame_344,0,255,33,1,False,False,True,4.19259250629136,True,[],,-9.281381718769508,11.623098412635214,-1.0,0.3025326893750206,0.2937000965847228,31.5,1.2467310624979397,3.957876388882335,1.6503826028982338
2024_11_12,11_08_39_0,frame_345,0,255,33,1,False,False,True,4.183823826190076,True,[],[    0.87148     0.18897    -0.45257],-11.922299348950274,13.68865862262728,0.416539570869652,0.3088759387503702,0.3021206341978912,31.5,0.6124061249629769,1.9441464284538967,1.6705696412137558
2024_11_12,11_08_39_0,frame_346,0,255,33,1,False,False,True,3.4969643015091063,True,[],[    0.85991     0.14452    -0.48956],-14.216827240632616,10.899540492550807,0.4328408373635367,0.3101183121014116,0.3054515677995293,31.5,0.4881687898588396,1.5497421900280617,1.6769874729571543
2024_11_12,11_08_39_0,frame_347,0,255,33,1,False,False,True,3.631970204680377,True,[],,-14.67661428055389,6.934173306633535,-1.0,0.3114239853074577,0.3043111709015758,31.5,0.35760146925423086,1.1352427595372436,1.669998706852323
2024_11_12,11_08_39_0,frame_349,0,255,33,1,False,False,True,3.8369725308417566,True,[],[    0.72586     0.24441    -0.64296],-33.07481764205645,18.78323979538145,0.4747191796319098,0.3184654312582798,0.3153675857597934,31.5,0.3465431258279814,1.100136907390432,1.621497200309017
2024_11_12,11_08_39_0,frame_350,0,255,33,1,False,False,True,3.2295086408625022,True,[],[   -0.63416    -0.11979     0.76387],45.96549294005756,-168.89553825738253,0.5339016120279307,0.3572326030447843,0.3243310119259066,31.5,4.22326030447843,13.407175569772804,1.551854421283114
2024_11_12,11_08_39_0,frame_351,0,255,33,1,False,False,True,2.9739364095185787,True,[],[    -0.4876   -0.014654     0.87295],-39.07342307081532,5.763794063428699,0.6013505529172727,0.2705486267909213,0.2838311554581453,31.5,4.445137320907872,14.11154705050118,1.444632380306911
2024_11_12,11_08_39_0,frame_352,0,255,-1,1,False,False,True,3.634146341463415,True,[],[   -0.31403     0.12381     0.94131],-26.58311122730825,-2.788753446383993,0.7357086836614248,0.2792244376865494,0.2910750662578822,31.5,3.5775562313450564,11.35732136934939,1.3616345077832035
2024_11_12,11_08_39_0,frame_359,0,255,-1,1,False,False,True,4.132669444859613,True,[],,-12.772220098809138,20.41768478120276,-1.0,0.3088270563563541,0.3057284082243545,31.5,0.6172943643645894,1.9596646487764764,1.342254121865957
2024_11_12,11_08_39_0,frame_362,0,255,-1,1,False,False,True,4.073048228471318,True,[],,-15.345071375902757,10.788515129535991,-1.0,0.3083470503313905,0.3017746211342457,31.5,0.6652949668609516,2.112047513844292,1.342341839942487
2024_11_12,11_08_39_0,frame_366,0,255,-1,1,False,False,True,4.0,True,[],,-15.396813746265076,-9.170719598484125,-1.0,0.3068483409815083,0.2979365554882539,31.5,0.8151659018491699,2.58782825983863,1.3311624118472185
2024_11_12,11_08_39_0,frame_368,0,255,-1,1,False,False,True,3.9202200773612312,True,[],,-16.66451352285392,-14.060304299214502,-1.0,0.3077249020581482,0.3039591145687688,31.5,0.7275097941851811,2.309554902175184,1.3212543794331155
2024_11_12,11_08_39_0,frame_376,0,255,-1,1,False,False,True,4.053149972537834,True,[],,-15.388206400235095,12.916933177455356,-1.0,0.297660427909494,0.2920539303181937,31.5,1.733957209050601,5.504626060478083,1.2629599186152574
2024_11_12,11_08_39_0,frame_377,0,255,42,1,False,False,True,4.735701717581426,True,[],[  -0.067281     0.13043     0.98917],-11.326907960572372,6.049233025015595,0.6753561317398957,0.3057172646606517,0.2957991275266203,31.5,0.9282735339348314,2.946900107729624,1.2623641821659184
2024_11_12,11_08_39_0,frame_378,0,255,42,1,False,False,True,4.6267698228135,True,[],[    0.85039     0.10704    -0.51515],-15.651995180501602,9.772680000638676,0.4617501238984323,0.3096016172154543,0.2984424949633832,31.5,0.5398382784545674,1.713772312554186,1.271015695055034
2024_11_12,11_08_39_0,frame_379,0,255,42,1,False,False,True,4.348734362898585,True,[],[    0.89354     0.17409    -0.41386],-20.15283851504052,11.297983467972957,0.3677018941752223,0.306794075675136,0.3041833839210474,31.5,0.8205924324864,2.6050553412266493,1.2763722948875915
2024_11_12,11_08_39_0,frame_381,0,255,42,1,False,False,True,4.022307354789552,True,[],[    -0.6974    -0.12225     0.70618],-32.0540191911936,11.379149702853685,0.5528042353856512,0.3093033624387137,0.3003676086745593,31.5,0.5696637561286302,1.8084563686623167,1.2959453215810288
2024_11_12,11_08_39_0,frame_382,0,255,42,1,False,False,True,3.844444444444445,True,[],[   -0.51298     0.12699     0.84895],-32.73232501476417,-5.043484591328605,0.6915052750357166,0.3003416904620554,0.3023132598960397,31.5,1.4658309537944625,4.653431599347479,1.300137837823213
2024_11_12,11_08_39_0,frame_383,0,255,42,1,False,False,True,4.471619062263334,True,[],[   -0.31014     0.20888     0.92746],57.28952801346741,157.072812894738,0.6868660971227096,0.6501049740856134,0.8710353473734125,31.5,33.510497408561335,106.3825314557503,1.2990794227417084
2024_11_12,11_08_39_0,frame_384,0,255,42,1,False,False,True,5.896551724137931,True,[],[   -0.17836     0.16709     0.96967],-25.87531405327612,-7.092730447947799,0.7271291782861959,0.2773359504773562,0.2481019868349906,31.5,3.7664049522643808,11.9568411182996,1.254459921270609
2024_11_12,11_08_39_0,frame_385,0,255,42,1,False,False,True,6.107142857142857,True,[],[  -0.035979     0.17412     0.98407],-22.118683653934585,-7.440931743488674,1.0956270130996126,0.25974974214498,0.2497088026201572,31.5,5.525025785502002,17.539764398419038,1.2397268993471244
2024_11_12,11_08_39_0,frame_386,0,255,42,1,False,False,True,5.327381478050908,True,[],[   -0.25378     0.18608     0.94919],-20.15132860049141,-8.37653811696212,0.7108813660217774,0.2259734726717562,0.2265904775969701,31.5,8.902652732824382,28.26238962801389,1.23552035191158
2024_11_12,11_08_39_0,frame_389,0,255,-1,1,False,False,True,3.780172084570868,True,[],,-30.17510447258213,5.569898013668818,-1.0,0.2972156822965042,0.2994594856852912,31.5,1.7784317703495809,5.645815143966907,1.2578648031206734
2024_11_12,11_08_39_0,frame_393,0,255,-1,1,False,False,True,3.7534929349627135,True,[],[   -0.17534     0.12675     0.97632],-35.75288532648216,-1.5903773834585844,0.6563628536297608,0.3120214736246324,0.3086593302400274,31.5,0.29785263753676006,0.9455639286881116,1.2928508236224834
2024_11_12,11_08_39_0,frame_394,0,255,44,1,False,False,True,3.755705075654101,True,[],[   0.028044     0.14746     0.98867],-35.24473872320383,8.82572458287629,1.4338828682069895,0.3168560289378214,0.3085905024453997,31.5,0.18560289378213923,0.5892155358163129,1.304839255103886
2024_11_12,11_08_39_0,frame_404,0,255,-1,1,False,False,True,3.238095417514028,True,[],,,,,,,31.5,,,
2024_11_12,11_08_39_0,frame_405,0,255,45,1,False,False,True,3.258064721030267,True,[],,,,,,,31.5,,,
2024_11_12,11_08_39_0,frame_406,0,255,45,1,False,False,True,3.1630307650980574,True,[],,,,,,,31.5,,,
2024_11_12,11_08_39_0,frame_407,0,255,45,1,False,False,True,3.1165047458252864,True,[],[   -0.43329  -0.0057974     0.90123],-33.876933427037194,13.360160809776715,0.6089414739193477,0.3169285430705284,0.3157937849989582,31.5,0.19285430705284057,0.612235895405848,1.4117181629541418
2024_11_12,11_08_39_0,frame_409,0,255,45,1,False,False,True,3.072221998703203,True,[],[    0.73588   -0.043034    -0.67575],-28.50412293437112,0.3740275789487423,0.6707576500255394,0.3186245766161102,0.3147999059857267,31.5,0.3624576616110211,1.15065924320959,1.4112991299616802
2024_11_12,11_08_39_0,frame_410,0,255,45,1,False,False,True,3.340909090909091,True,[],[     0.8144    -0.13632    -0.56406],-24.78089329376261,-8.217721330277081,0.5738030816833818,0.3017200338225645,0.2984371822787241,31.5,1.3279966177435476,4.215862278550948,1.4116466394131737
2024_11_12,11_08_39_0,frame_412,0,255,-1,1,False,False,True,4.725638739731936,True,[],,,,,,,31.5,,,
2024_11_12,11_08_39_0,frame_412,0,127,-1,0,False,False,True,4.725638739731936,False,[],,,,,,,31.5,,,
2024_11_12,11_08_39_0,frame_413,0,255,-1,0,False,False,True,4.500432413644388,False,[],,,,,,,31.5,,,
2024_11_12,11_08_39_0,frame_414,0,255,-1,1,False,False,True,1.8695652173913044,True,[],,,,,,,31.5,,,
2024_11_12,11_08_39_0,frame_417,0,255,-1,0,False,False,True,4.002004964415051,False,[],,,,,,,31.5,,,
2024_11_12,11_08_39_0,frame_419,0,255,-1,1,False,False,True,2.489795622792552,True,[],[    0.35492     0.59839     0.71831],32.06681915359562,72.6998591666345,0.1684714092791246,0.1502941052106179,0.1511655964630407,31.5,16.47058947893821,52.28758564742289,2.9372084580414684
2024_11_12,11_08_39_0,frame_421,0,255,-1,1,False,False,True,2.6721795733893257,True,[],,,,,,,31.5,,,
2024_11_12,11_08_39_0,frame_421,0,127,-1,1,False,False,True,2.6721795733893257,True,[],,,,,,,31.5,,,
2024_11_12,11_08_39_0,frame_424,0,255,-1,1,False,False,True,2.1324716775481574,True,[],[   -0.63915     0.30379     0.70654],44.399138783966265,154.60037415966409,0.3325883106096667,0.3120525071137392,0.303268631848431,31.5,0.29474928862607896,0.9357120273843756,1.5049807821865069
2024_11_12,11_08_39_0,frame_426,0,255,-1,1,False,False,True,2.268722372394935,True,[],,,,,,,31.5,,,
2024_11_12,11_08_39_0,frame_427,0,255,56,1,False,False,True,2.9230767315456707,True,[],,,,,,,31.5,,,
2024_11_12,11_08_39_0,frame_428,0,255,56,1,False,False,True,3.30977438618854,True,[],,,,,,,31.5,,,
2024_11_12,11_08_39_0,frame_431,0,255,-1,1,False,False,True,3.412982134814738,True,[],,,,,,,31.5,,,
2024_11_12,11_08_39_0,frame_433,0,255,56,1,False,False,True,3.7272730807379566,True,[],[    0.79875    -0.30596    -0.51806],-20.51926238384916,-20.995340811111884,0.430819441768016,0.2984750390491534,0.2880447476151222,31.5,1.6524960950846612,5.246019349475112,1.4534755515640607
2024_11_12,11_08_39_0,frame_434,0,255,56,1,False,False,True,3.7222227913383255,True,[],[    0.83284    -0.29801    -0.46643],-18.867566542254195,-19.25559950927561,0.388727491500453,0.3106148518000625,0.3002830714920648,31.5,0.4385148199937525,1.3921105396627036,1.446856079923193
2024_11_12,11_08_39_0,frame_435,0,255,56,1,False,False,True,3.7596900391902217,True,[],,-16.82475990043469,-22.793046753144683,-1.0,0.3083472008632526,0.3104058837320718,31.5,0.6652799136747376,2.1119997259515486,1.4310118291947704
2024_11_12,11_08_39_0,frame_436,0,255,56,1,False,False,True,3.821782338428867,True,[],,,,,,,31.5,,,
2024_11_12,11_08_39_0,frame_438,0,255,56,1,False,False,True,4.060606200666298,True,[],,,,,,,31.5,,,
2024_11_12,11_08_39_0,frame_439,0,255,56,1,False,False,True,3.9882812544725295,True,[],,,,,,,31.5,,,
2024_11_12,11_08_39_0,frame_440,0,255,56,1,False,False,True,4.052631638723511,True,[],,,,,,,31.5,,,
2024_11_12,11_08_39_0,frame_441,0,255,56,1,False,False,True,4.294117535056128,True,[],,,,,,,31.5,,,
2024_11_12,11_08_39_0,frame_442,0,255,56,1,False,False,True,5.609756104325792,True,[],,,,,,,31.5,,,
2024_11_12,11_08_39_0,frame_443,0,255,56,1,False,False,True,4.948948568633333,True,[],,,,,,,31.5,,,
2024_11_12,11_08_39_0,frame_444,0,255,56,1,False,False,True,4.018518940333942,True,[],,,,,,,31.5,,,
2024_11_12,11_08_39_0,frame_445,0,255,56,1,False,False,True,3.839576404128783,True,[],,,,,,,31.5,,,
2024_11_12,11_08_39_0,frame_446,0,255,56,1,False,False,True,3.84057945098636,True,[],,,,,,,31.5,,,
2024_11_12,11_08_39_0,frame_447,0,255,56,1,False,False,True,3.847877364522904,True,[],,,,,,,31.5,,,
2024_11_12,11_08_39_0,frame_448,0,255,-1,1,False,False,True,3.7553193371814175,True,[],,,,,,,31.5,,,
2024_11_12,11_08_39_0,frame_449,0,255,61,1,False,False,True,3.6860984935944345,True,[],,,,,,,31.5,,,
2024_11_12,11_08_39_0,frame_450,0,255,61,1,False,False,True,4.113636398883976,True,[],,,,,,,31.5,,,
2024_11_12,11_08_39_0,frame_451,0,255,61,1,False,False,True,4.594936357604561,True,[],,,,,,,31.5,,,
2024_11_12,11_08_39_0,frame_452,0,255,61,1,False,False,True,4.393219955541685,True,[],,,,,,,31.5,,,
2024_11_12,11_08_39_0,frame_453,0,255,61,1,False,False,True,4.461613630330815,True,[],,,,,,,31.5,,,
2024_11_12,11_08_39_0,frame_454,0,255,61,1,False,False,True,5.343749683350286,True,[],,-11.129243039844647,0.3251564618564249,-1.0,0.3104605360221691,0.2944029152075025,31.5,0.45394639778308843,1.4410996755018533,1.4406840426154963
2024_11_12,11_08_39_0,frame_456,0,255,-1,1,False,False,True,1.256728813684206,False,[],,,,,,,31.5,,,
2024_11_12,11_08_39_0,frame_457,0,255,64,0,False,False,True,1.36,False,[],,,,,,,31.5,,,
2024_11_12,11_08_39_0,frame_458,0,255,64,0,False,False,True,1.1923076923076923,False,[],,,,,,,31.5,,,
2024_11_12,11_08_39_0,frame_464,0,255,-1,1,True,False,True,3.561349683319619,False,[],,,,,,,31.5,,,
2024_11_12,11_08_39_0,frame_465,0,255,-1,1,False,False,True,3.6000001447465504,True,[],,,,,,,31.5,,,
2024_11_12,11_08_39_0,frame_466,0,255,-1,1,False,False,True,3.5757572978972503,True,[],,,,,,,31.5,,,
2024_11_12,11_08_39_0,frame_467,0,255,-1,1,False,False,True,3.5785121631283987,True,[],,,,,,,31.5,,,
2024_11_12,11_08_39_0,frame_468,0,255,-1,1,False,False,True,4.153845914432088,True,[],,,,,,,31.5,,,
2024_11_12,11_08_39_0,frame_469,0,255,-1,1,False,False,True,4.900786818684,True,[],,,,,,,31.5,,,
2024_11_12,11_08_39_0,frame_470,0,255,-1,1,False,False,True,3.246268630423587,True,[],,,,,,,31.5,,,
2024_11_12,11_08_39_0,frame_478,0,255,-1,1,False,False,True,2.318182025261561,True,[],,,,,,,31.5,,,
2024_11_12,11_08_39_0,frame_479,0,255,72,1,False,False,True,2.551724093027859,True,[],,,,,,,31.5,,,
2024_11_12,11_08_39_0,frame_480,0,255,72,1,False,False,True,3.454545097864678,True,[],,,,,,,31.5,,,
2024_11_12,11_08_39_0,frame_481,0,255,72,1,False,False,True,3.40740711031447,True,[],,,,,,,31.5,,,
2024_11_12,11_08_39_0,frame_482,0,255,72,1,False,False,True,4.807692481192956,True,[],,,,,,,31.5,,,
2024_11_12,11_08_39_0,frame_483,0,255,72,1,False,False,True,4.1428568279724125,True,[],,,,,,,31.5,,,
2024_11_12,11_08_39_0,frame_484,0,255,72,1,False,False,True,4.04347818899291,True,[],,,,,,,31.5,,,
2024_11_12,11_37_10_0,frame_0,0,255,1,1,False,False,True,2.0279383209319515,True,[],,,,,,,31.5,,,
2024_11_12,11_37_10_0,frame_1,0,255,1,1,False,False,True,1.1780626526709663,False,[],,,,,,,31.5,,,
2024_11_12,11_37_10_0,frame_2,0,255,1,1,False,False,True,1.237288086537515,False,[],,,,,,,31.5,,,
2024_11_12,11_37_10_0,frame_3,0,255,1,1,False,False,True,1.0177876680372655,False,[],,,,,,,31.5,,,
2024_11_12,11_37_10_0,frame_4,0,255,1,1,False,False,True,1.3166666666666669,False,[],,,,,,,31.5,,,
2024_11_12,11_37_10_0,frame_6,0,255,-1,1,False,False,True,1.7617763694988091,False,[],,,,,,,31.5,,,
2024_11_12,11_37_10_0,frame_8,0,255,-1,1,False,False,True,1.9647273580817564,True,[],,,,,,,31.5,,,
2024_11_12,11_37_10_0,frame_9,0,255,3,1,False,False,True,2.1088619941602538,True,[],,,,,,,31.5,,,
2024_11_12,11_37_10_0,frame_10,0,255,3,1,False,False,True,2.1836156348744007,True,[],,,,,,,31.5,,,
2024_11_12,11_37_10_0,frame_11,0,255,3,1,False,False,True,2.2360960651459028,True,[],,,,,,,31.5,,,
2024_11_12,11_37_10_0,frame_12,0,255,3,1,False,False,True,2.332334389868597,True,[],,,,,,,31.5,,,
2024_11_12,11_37_10_0,frame_13,0,255,3,1,False,False,True,2.42843682226152,True,[],,,,,,,31.5,,,
2024_11_12,11_37_10_0,frame_14,0,255,4,1,False,False,True,1.5,False,[],,,,,,,31.5,,,
2024_11_12,11_37_10_0,frame_14,0,127,3,1,False,False,True,2.631707209996162,True,[],,,,,,,31.5,,,
2024_11_12,11_37_10_0,frame_15,0,255,3,1,False,False,True,2.7864424702555954,True,[],,,,,,,31.5,,,
2024_11_12,11_37_10_0,frame_16,0,255,3,1,False,False,True,2.970533885422345,True,[],,,,,,,31.5,,,
2024_11_12,11_37_10_0,frame_17,0,255,4,1,False,False,True,1.457142857142857,False,[],,,,,,,31.5,,,
2024_11_12,11_37_10_0,frame_17,0,127,3,1,False,False,True,3.159043491333634,True,[],[    0.92473    -0.34299       0.165],9.373530051065952,-20.146240079698693,0.3049350306323209,0.3037166044741182,0.2975975494787369,31.5,1.12833955258818,3.582030325676748,1.0449912818711338
2024_11_12,11_37_10_0,frame_18,0,255,3,1,False,False,True,3.184273434160932,True,[],[    0.92911    -0.36343    0.068327],4.043339040871184,-21.62652204614152,0.3034276159741079,0.3015861174029658,0.2949025232820924,31.5,1.3413882597034181,4.2583754276299,1.0476601253986002
2024_11_12,11_37_10_0,frame_20,0,255,3,1,False,False,True,3.1750530382625106,True,[],,,,,,,31.5,,,
2024_11_12,11_37_10_0,frame_23,0,255,-1,1,False,False,True,2.6698632164786,True,[],,,,,,,31.5,,,
2024_11_12,11_37_10_0,frame_25,0,255,-1,1,False,False,True,1.992392308127728,True,[],,,,,,,31.5,,,
2024_11_12,11_37_10_0,frame_26,0,255,-1,1,False,False,True,2.026655526588184,True,[],,,,,,,31.5,,,
2024_11_12,11_37_10_0,frame_27,0,255,-1,1,False,False,True,2.301498007047764,True,[],,,,,,,31.5,,,
2024_11_12,11_37_10_0,frame_28,0,255,-1,1,False,False,True,2.259259259259259,True,[],[   -0.34373     0.44136     0.82888],45.50027567173008,124.3473401737213,0.2345523600218892,0.2076303611637413,0.2026537551303732,31.5,10.736963883625869,34.085599630558306,1.3402200231054948
2024_11_12,11_37_10_0,frame_29,0,255,-1,1,False,False,True,1.8052285915673072,True,[],,,,,,,31.5,,,
2024_11_12,11_37_10_0,frame_30,0,255,-1,1,False,False,True,1.501082351020091,False,[],,,,,,,31.5,,,
2024_11_12,11_37_10_0,frame_31,0,255,-1,1,False,False,True,1.6851854071933028,False,[],,,,,,,31.5,,,
2024_11_12,11_37_10_0,frame_32,0,255,-1,1,False,False,True,1.896103927518512,True,[],,,,,,,31.5,,,
2024_11_12,11_37_10_0,frame_33,0,255,-1,1,False,False,True,1.9103839646154128,True,[],,,,,,,31.5,,,
2024_11_12,11_37_10_0,frame_34,0,255,14,1,False,False,True,2.2651513751898493,True,[],,,,,,,31.5,,,
2024_11_12,11_37_10_0,frame_35,0,255,14,1,False,False,True,2.475335973894936,True,[],,,,,,,31.5,,,
2024_11_12,11_37_10_0,frame_36,0,255,14,1,False,False,True,2.7250838849202457,True,[],,,,,,,31.5,,,
2024_11_12,11_37_10_0,frame_37,0,255,14,1,False,False,True,2.925620012679251,True,[],,,,,,,31.5,,,
2024_11_12,11_37_10_0,frame_38,0,255,14,1,False,False,True,3.0655992800055967,True,[],[    0.78766     0.36503     0.49633],29.465682974600227,24.93256119512409,0.2986544238193357,0.2988303661827899,0.3316389750673892,31.5,1.6169633817210105,5.133217084828601,1.9716758189129169
2024_11_12,11_37_10_0,frame_39,0,255,14,1,False,False,True,3.0623004177500768,True,[],[    0.83489     0.30172     0.46035],26.37943791320836,20.014765302323934,0.3025628245721175,0.2912697941689652,0.2999353296595248,31.5,2.3730205831034787,7.533398676518985,1.99350565197282
2024_11_12,11_37_10_0,frame_40,0,255,14,1,False,False,True,2.9577867739230634,True,[],[    0.89313     0.30735     0.32843],19.057221629656365,19.2781971742799,0.2930348505490782,0.2931490345249172,0.2939434279840985,31.5,2.18509654750828,6.936814436534205,2.030346558139164
2024_11_12,11_37_10_0,frame_41,0,255,14,1,False,False,True,2.987476220039837,True,[],[    0.90451     0.29545     0.30752],17.485047618775926,17.80618276587607,0.2981092386664585,0.2964900013489742,0.3134143719021584,31.5,1.8509998651025796,5.876190047944704,2.074940146852127
2024_11_12,11_37_10_0,frame_42,0,255,14,1,False,False,True,3.0312630546797665,True,[],[    0.91189     0.27088     0.30835],17.27673708263464,17.992913737689825,0.3153422642069077,0.305009463871026,0.2959855360195716,31.5,0.9990536128973986,3.171598771102837,2.1026707455886537
2024_11_12,11_37_10_0,frame_43,0,255,14,1,False,False,True,3.07342821019752,True,[],[    0.88506     0.28882     0.36504],19.891977542699497,18.415128439880657,0.306012291625187,0.2993869745818049,0.2973238185988134,31.5,1.561302541819508,4.956516005776202,2.148473938287078
2024_11_12,11_37_10_0,frame_44,0,255,14,1,False,False,True,3.1614435290284626,True,[],[    0.88047     0.31417     0.35506],20.78222006967588,19.68524194479085,0.3043685472672827,0.3023462512289131,0.3051398851803842,31.5,1.2653748771086875,4.017063101932343,2.1932888741091072
2024_11_12,11_37_10_0,frame_45,0,255,14,1,False,False,True,3.3673684079262047,True,[],[    0.94291     0.27788     0.18357],10.61580402036784,16.805598755438766,0.3025160474098047,0.3014110858640869,0.2959145126871177,31.5,1.3588914135913122,4.3139409955279575,2.220100036741775
2024_11_12,11_37_10_0,frame_46,0,255,14,1,False,False,True,3.2334366679822257,True,[],[    0.96739      0.2505    0.037578],2.133296082319528,14.227469452804584,0.3019402191309878,0.3005659029992352,0.316401306015614,31.5,1.4434097000764794,4.582253016115796,2.2606987352677206
2024_11_12,11_37_10_0,frame_47,0,255,14,1,False,False,True,3.3434124640728173,True,[],[    0.96935     0.24236    0.040351],0.7476215869634552,14.6031008150984,0.307409686148991,0.3071876083432998,0.3059561629093826,31.5,0.7812391656700228,2.4801243354603706,2.308144011014809
2024_11_12,11_37_10_0,frame_48,0,255,14,1,False,False,True,3.3636362169748573,True,[],[    0.98545     0.16827   -0.023992],-1.9915279590045256,10.12510917463382,0.3106972874355459,0.3105306307071254,0.322381685641223,31.5,0.4469369292874603,1.418847394563352,2.324509402644716
2024_11_12,11_37_10_0,frame_49,0,255,14,1,False,False,True,3.4110069149915456,True,[],[    0.98553      0.1269    -0.11235],-5.190092243468297,7.456058964675368,0.3124638652729397,0.3124049640843969,0.3080290826311263,31.5,0.25950359156031055,0.823820925588291,2.3166166285500656
2024_11_12,11_37_10_0,frame_50,0,255,14,1,False,False,True,3.3121240662309304,True,[],[    0.90701     0.12928    -0.40078],-28.995441191333807,3.746952248401652,0.3297515570379145,0.3200018060489026,0.3036496118651359,31.5,0.5001806048902608,1.587874936159556,2.316965535692559
2024_11_12,11_37_10_0,frame_51,0,255,14,1,False,False,True,3.4158147595768504,True,[],[    0.86554    0.043055    -0.49898],-28.75052936802023,1.541210294712832,0.3378743759348778,0.3259527060056018,0.334371651269971,31.5,1.0952706005601769,3.477049525587865,2.3004638041056404
2024_11_12,11_37_10_0,frame_52,0,255,14,1,False,False,True,3.593035509608665,True,[],[    0.73203   -0.021588    -0.68093],-41.42549947753996,-3.281667121730307,0.3173874583989244,0.3194145195038822,0.3663049818836087,31.5,0.4414519503882204,1.4014347631372124,2.26637411824561
2024_11_12,11_37_10_0,frame_53,0,255,14,1,False,False,True,3.481578061467182,True,[],[    0.79834   -0.021378    -0.60183],-35.15155606312881,-1.3225021660100964,0.3261442080587565,0.3121559087609327,0.3107309824701525,31.5,0.28440912390673034,0.9028861076404172,2.199664102886317
2024_11_12,11_37_10_0,frame_54,0,255,14,1,False,False,True,3.3712259246218617,True,[],[    0.77148  -0.0094644    -0.63619],-37.51127779207832,-0.3518735777662964,0.3108207271929674,0.311855566959889,0.314292590222415,31.5,0.3144433040111032,0.9982327111463404,2.166318949796909
2024_11_12,11_37_10_0,frame_55,0,255,14,1,False,False,True,3.422996790221167,True,[],[    0.74002    0.020768    -0.67226],-41.50495358719728,2.5671483062833373,0.3443438985677095,0.3354095380098841,0.3480402322805259,31.5,2.0409538009884116,6.479218415836238,2.1447618797298755
2024_11_12,11_37_10_0,frame_56,0,255,14,1,False,False,True,3.2703350741394845,True,[],[    0.71812    0.024973    -0.69547],-42.40043317509455,2.745767877393548,0.3230632935567438,0.324043699833208,0.3362066375797816,31.5,0.9043699833208052,2.8710158200660376,2.095812772398125
2024_11_12,11_37_10_0,frame_57,0,255,14,1,False,False,True,3.5447966926244807,True,[],,-37.36603113623588,0.2379547152511634,-1.0,0.3130785286969366,0.314330362511644,31.5,0.192147130306342,0.6099908898613842,2.089960560705303
2024_11_12,11_37_10_0,frame_58,0,255,14,1,False,False,True,3.5851852809619453,True,[],[    0.78463    0.029342    -0.61927],-37.431754631336986,2.67323303870958,0.313759908281211,0.3139561801882649,0.3306525847248948,31.5,0.1043819811735105,0.3313713688047839,2.054907669431729
2024_11_12,11_37_10_0,frame_59,0,255,14,1,False,False,True,3.6311169657866857,True,[],[    0.77806    0.064832    -0.62484],-35.127659058066165,6.210722465275699,0.3125738602573439,0.3050973389423317,0.3082137622243339,31.5,0.9902661057668283,3.1437019230692824,2.021113027083888
2024_11_12,11_37_10_0,frame_60,0,255,14,1,False,False,True,3.593949121485056,True,[],[   -0.68578  -0.0044528      0.7278],46.168233165847816,-179.72632041360666,0.3184535938869129,0.3184213316292619,0.3569787096153463,31.5,0.34213316292618856,1.0861370251625055,2.012484129097741
2024_11_12,11_37_10_0,frame_61,0,255,14,1,False,False,True,3.807734749147062,True,[],[    0.79559    0.079315    -0.60062],-36.14470864937852,5.528810261766693,0.3229333703043657,0.3082164044423364,0.3102442066574397,31.5,0.6783595557663595,2.1535223992582724,1.998879583750516
2024_11_12,11_37_10_0,frame_62,0,255,14,1,False,False,True,3.7371938675817433,True,[],[    -0.6138   -0.063065     0.78694],45.71761332585306,-172.2725490044071,0.3465105320236767,0.333355579114404,0.3568794499469355,31.5,1.8355579114403966,5.827167972826683,1.9602589342865275
2024_11_12,11_37_10_0,frame_63,0,255,14,1,False,False,True,3.679104908035437,True,[],[   -0.54122   -0.032037     0.84027],55.62649152250664,-174.35755197458067,0.3288785790768446,0.324715658980976,0.3384804190790972,31.5,0.9715658980976016,3.08433618443682,1.933700197585557
2024_11_12,11_37_10_0,frame_64,0,255,14,1,False,False,True,3.6469191720439422,True,[],[   -0.47088    0.013302      0.8821],59.18934487712966,-179.0887967629764,0.3371532995669548,0.3106860420473497,0.3672806553204962,31.5,0.4313957952650327,1.3695104611588165,1.9097931478083807
2024_11_12,11_37_10_0,frame_65,0,255,14,1,True,False,True,3.3273510555699914,False,[],,,,,,,31.5,,,
2024_11_12,11_37_10_0,frame_66,0,255,14,1,True,False,True,2.8698313159220743,False,[],,,,,,,31.5,,,
2024_11_12,11_37_10_0,frame_67,0,255,14,1,True,False,True,2.079073301232215,False,[],,,,,,,31.5,,,
2024_11_12,11_37_10_0,frame_68,0,255,14,1,True,False,True,1.5910029820134843,False,[],,,,,,,31.5,,,
2024_11_12,11_37_10_0,frame_69,0,255,14,1,True,False,True,1.6301506939676986,False,[],,,,,,,31.5,,,
2024_11_12,11_37_10_0,frame_70,0,255,14,1,True,False,True,1.980033064590233,False,[],,,,,,,31.5,,,
2024_11_12,11_37_10_0,frame_71,0,255,-1,1,True,False,True,2.422487971567267,False,[],,,,,,,31.5,,,
2024_11_12,11_37_10_0,frame_71,0,127,-1,1,True,False,True,2.422487971567267,False,[],,,,,,,31.5,,,
2024_11_12,11_37_10_0,frame_72,0,255,18,1,True,False,True,1.375,False,[],,,,,,,31.5,,,
2024_11_12,11_37_10_0,frame_78,0,255,-1,1,True,False,True,2.057142857142857,False,[],,,,,,,31.5,,,
2024_11_12,11_37_10_0,frame_96,0,255,-1,1,True,False,True,9.16463288090164,False,[],,,,,,,31.5,,,
2024_11_12,11_37_10_0,frame_96,0,127,-1,1,True,False,True,9.16463288090164,False,[],,,,,,,31.5,,,
2024_11_12,11_37_10_0,frame_97,0,255,-1,1,True,False,True,2.3286835682310727,False,[],,,,,,,31.5,,,
2024_11_12,11_37_10_0,frame_98,0,255,22,1,True,False,True,3.3268940748950557,False,[],,,,,,,31.5,,,
2024_11_12,11_37_10_0,frame_99,0,255,23,1,True,False,True,6.434582737648898,False,[],,,,,,,31.5,,,
2024_11_12,11_37_10_0,frame_99,0,127,22,1,False,False,True,3.314551920671118,True,[],,,,,,,31.5,,,
2024_11_12,11_37_10_0,frame_100,0,255,23,1,True,False,True,5.882530816062861,False,[],,,,,,,31.5,,,
2024_11_12,11_37_10_0,frame_101,0,255,23,1,True,False,True,6.063819458526569,False,[],,,,,,,31.5,,,
2024_11_12,11_37_10_0,frame_102,0,255,23,1,True,False,True,5.626661836583484,False,[],,,,,,,31.5,,,
2024_11_12,11_37_10_0,frame_103,0,255,27,1,False,False,True,1.6388888888888888,False,[],,,,,,,31.5,,,
2024_11_12,11_37_10_0,frame_104,0,255,27,1,False,False,True,1.4615384615384617,False,[],,,,,,,31.5,,,
2024_11_12,11_37_10_0,frame_105,0,255,27,1,False,False,True,1.4788732715621933,False,[],,,,,,,31.5,,,
2024_11_12,11_37_10_0,frame_106,0,255,27,1,False,False,True,1.5840336962798849,False,[],,,,,,,31.5,,,
2024_11_12,11_37_10_0,frame_107,0,255,27,1,False,False,True,1.8393354923477137,True,[],,,,,,,31.5,,,
2024_11_12,11_37_10_0,frame_108,0,255,27,1,False,False,True,1.8042328123770863,True,[],,,,,,,31.5,,,
2024_11_12,11_37_10_0,frame_109,0,255,27,1,False,False,True,1.9281705894960373,True,[],,,,,,,31.5,,,
2024_11_12,11_37_10_0,frame_110,0,255,-1,1,False,False,True,1.6538285449670524,False,[],,,,,,,31.5,,,
2024_11_12,11_37_10_0,frame_111,0,255,-1,1,False,False,True,1.3024389735876696,False,[],,,,,,,31.5,,,
2024_11_12,11_37_10_0,frame_112,0,255,-1,1,False,False,True,1.0376344325549698,False,[],,,,,,,31.5,,,
2024_11_12,11_37_10_0,frame_113,0,255,-1,1,False,False,True,1.245329866635819,False,[],,,,,,,31.5,,,
2024_11_12,11_37_10_0,frame_114,0,255,31,1,False,False,True,2.112149671287068,True,[],,,,,,,31.5,,,
2024_11_12,11_37_10_0,frame_115,0,255,31,1,False,False,True,2.471496361046819,True,[],,,,,,,31.5,,,
2024_11_12,11_37_10_0,frame_116,0,255,31,1,False,False,True,2.874744395614893,True,[],,,,,,,31.5,,,
2024_11_12,11_37_10_0,frame_117,0,255,31,1,False,False,True,2.7457944675806343,True,[],,,,,,,31.5,,,
2024_11_12,11_37_10_0,frame_118,0,255,31,1,False,False,True,2.40973557249536,True,[],,,,,,,31.5,,,
2024_11_12,11_37_10_0,frame_119,0,255,31,1,False,False,True,2.5495497288889344,True,[],,,,,,,31.5,,,
2024_11_12,11_37_10_0,frame_120,0,255,31,1,False,False,True,1.7146739381508072,False,[],,,,,,,31.5,,,
2024_11_12,11_37_10_0,frame_121,0,255,31,1,False,False,True,1.0988372096985957,False,[],,,,,,,31.5,,,
2024_11_12,11_37_10_0,frame_122,0,255,31,1,False,False,True,1.2666666558350193,False,[],,,,,,,31.5,,,
2024_11_12,11_37_10_0,frame_124,0,255,31,0,False,False,True,2.0803061033554955,False,[],,,,,,,31.5,,,
2024_11_12,11_37_10_0,frame_125,0,255,31,0,False,False,True,2.158570143297778,False,[],,,,,,,31.5,,,
2024_11_12,11_37_10_0,frame_126,0,255,31,0,False,False,True,2.4328130946054958,False,[],,,,,,,31.5,,,
2024_11_12,11_37_10_0,frame_127,0,255,31,0,False,False,True,2.5570187723800086,False,[],,,,,,,31.5,,,
2024_11_12,11_37_10_0,frame_128,0,255,31,0,True,False,True,3.3623688719630125,False,[],,,,,,,31.5,,,
2024_11_12,11_37_10_0,frame_129,0,255,31,0,True,False,True,3.2388993969943862,False,[],,,,,,,31.5,,,
2024_11_12,11_37_10_0,frame_130,0,255,31,0,True,False,True,3.7153567666976506,False,[],,,,,,,31.5,,,
2024_11_12,11_37_10_0,frame_131,0,255,31,0,True,False,True,3.7175002558441834,False,[],,,,,,,31.5,,,
2024_11_12,11_37_10_0,frame_132,0,255,31,0,False,False,True,3.107664044115729,False,[],,,,,,,31.5,,,
2024_11_12,11_37_10_0,frame_133,0,255,31,0,False,False,True,2.745216143868569,False,[],,,,,,,31.5,,,
2024_11_12,11_37_10_0,frame_134,0,255,31,0,False,False,True,2.821822556004994,False,[],,,,,,,31.5,,,
2024_11_12,11_37_10_0,frame_136,0,255,-1,1,True,False,True,10.185252153431328,False,[],,,,,,,31.5,,,
2024_11_12,11_37_10_0,frame_137,0,255,32,1,True,False,True,12.44974510147743,False,[],,,,,,,31.5,,,
2024_11_12,11_37_10_0,frame_138,0,255,-1,1,False,False,True,2.189616686570645,True,[],,,,,,,31.5,,,
2024_11_12,11_37_10_0,frame_139,0,255,33,1,False,False,True,2.1407551424811917,True,[],,,,,,,31.5,,,
2024_11_12,11_37_10_0,frame_140,0,255,33,1,False,False,True,2.012470263443079,True,[],,,,,,,31.5,,,
2024_11_12,11_37_10_0,frame_141,0,255,33,1,False,False,True,2.0753424404839995,True,[],,,,,,,31.5,,,
2024_11_12,11_37_10_0,frame_147,0,255,-1,1,False,False,True,1.881291258262897,True,[],,,,,,,31.5,,,
2024_11_12,11_37_10_0,frame_149,0,255,-1,1,False,False,True,1.3840683521891108,False,[],,,,,,,31.5,,,
2024_11_12,11_37_10_0,frame_150,0,255,35,1,False,False,True,1.297723402431182,False,[],,,,,,,31.5,,,
2024_11_12,11_37_10_0,frame_151,0,255,35,1,False,False,True,1.2938742055391326,False,[],,,,,,,31.5,,,
2024_11_12,11_37_10_0,frame_152,0,255,35,1,False,False,True,1.0221641154566503,False,[],,,,,,,31.5,,,
2024_11_12,11_37_10_0,frame_153,0,255,35,1,False,False,True,1.2264529991457296,False,[],,,,,,,31.5,,,
2024_11_12,11_37_10_0,frame_155,0,255,-1,1,False,False,True,1.8157894736842104,True,[],,,,,,,31.5,,,
2024_11_12,11_37_10_0,frame_160,0,255,-1,1,False,False,True,2.356481419443136,True,[],[   -0.26729     -0.2356     0.93437],74.74065527163637,-155.94533933014483,1.964607455964234,0.8950602259174127,0.3887068805659003,31.5,58.00602259174127,184.14610346584533,0.9021524768595006
2024_11_12,11_37_10_0,frame_164,0,255,-1,1,False,False,True,2.765287438959767,True,[],,,,,,,31.5,,,
2024_11_12,11_37_10_0,frame_165,0,255,38,1,False,False,True,2.5245261912350774,True,[],,,,,,,31.5,,,
2024_11_12,11_37_10_0,frame_166,0,255,38,1,False,False,True,2.0019380225578343,True,[],,,,,,,31.5,,,
2024_11_12,11_37_10_0,frame_169,0,255,38,1,False,False,True,1.880596964464169,True,[],,,,,,,31.5,,,
2024_11_12,11_37_10_0,frame_170,0,255,38,1,False,False,True,2.2359643185190783,True,[],,,,,,,31.5,,,
2024_11_12,11_37_10_0,frame_171,0,255,38,1,False,False,True,2.3544972459752453,True,[],,,,,,,31.5,,,
2024_11_12,11_37_10_0,frame_173,0,255,38,1,False,False,True,2.4854810715008275,True,[],,,,,,,31.5,,,
2024_11_12,11_37_10_0,frame_174,0,255,38,1,False,False,True,2.794117577057136,True,[],,,,,,,31.5,,,
2024_11_12,11_37_10_0,frame_175,0,255,38,1,False,False,True,2.7311918633347223,True,[],,,,,,,31.5,,,
2024_11_12,11_37_10_0,frame_178,0,255,38,1,False,False,True,2.6101007933821183,True,[],,,,,,,31.5,,,
2024_11_12,11_37_10_0,frame_179,0,255,38,1,False,False,True,2.7893189951574646,True,[],,,,,,,31.5,,,
2024_11_12,11_37_10_0,frame_180,0,255,38,1,False,False,True,2.7875338406106813,True,[],,,,,,,31.5,,,
2024_11_12,11_37_10_0,frame_181,0,255,38,1,False,False,True,2.601851824426192,True,[],,,,,,,31.5,,,
2024_11_12,11_37_10_0,frame_182,0,255,38,1,False,False,True,2.489863794575884,True,[],[   -0.49241   0.0034359     0.87035],60.390361142634326,179.47598027965637,0.3090788846816785,0.3087927228237456,0.3232513988500509,31.5,0.6207277176254422,1.970564182937908,0.9810932650551332
2024_11_12,11_37_10_0,frame_183,0,255,38,1,False,False,True,2.4971097185537707,True,[],[   -0.53701   -0.050157     0.84208],57.31023788922989,-174.54844028597972,0.3049891751994574,0.3028774746975076,0.3163202468623301,31.5,1.2122525302492413,3.848420730949973,0.9966071266524956
2024_11_12,11_37_10_0,frame_184,0,255,38,1,False,False,True,2.530537474347535,True,[],[    -0.5528   -0.056434      0.8314],56.17758686479092,-174.22662045826192,0.3026102139934942,0.3026190419819629,0.3123360203078122,31.5,1.2380958018037127,3.930462862868928,1.0036201039806736
2024_11_12,11_37_10_0,frame_185,0,255,38,1,False,False,True,2.69729738839938,True,[],[   -0.56829    0.013976     0.82271],55.10463784414194,178.3832428032171,0.2995358900405903,0.2995648050742683,0.3195354970691436,31.5,1.543519492573168,4.900061881184667,1.0009168864763525
2024_11_12,11_37_10_0,frame_186,0,255,38,1,False,False,True,2.800986704672649,True,[],[   -0.54844     0.06628     0.83356],56.41474389330286,173.15341952896526,0.3008623266695439,0.296978598087015,0.3197280440817816,31.5,1.802140191298502,5.721079972376194,1.0022084926130492
2024_11_12,11_37_10_0,frame_187,0,255,38,1,False,False,True,2.7781405903867986,True,[],[   -0.51031     0.13806     0.84883],57.11637872518906,164.45219684281167,0.3016092651533815,0.3020637019700233,0.3208247334036718,31.5,1.2936298029976712,4.106761279357682,1.0105092003977143
2024_11_12,11_37_10_0,frame_188,0,255,38,1,False,False,True,2.7699928896473267,True,[],[    -0.4762     0.17444     0.86186],59.30364241792252,159.78582405208488,0.3004526621728944,0.2986158787549978,0.3198484551407607,31.5,1.6384121245002206,5.201308331746717,1.0200540198940613
2024_11_12,11_37_10_0,frame_189,0,255,38,1,False,False,True,2.7962495119689224,True,[],[   -0.45587     0.19316     0.86883],60.35909531997444,157.02052453594484,0.2992972046335174,0.2975479956179013,0.3194931610623363,31.5,1.7452004382098707,5.540318851459889,1.034218285790431
2024_11_12,11_37_10_0,frame_190,0,255,38,1,False,False,True,2.7562195388338964,True,[],[   -0.44805     0.21131     0.86868],58.62179536085494,152.91961042332355,0.2943971133529784,0.2956382351439255,0.3116090736367939,31.5,1.9361764856074473,6.146592017801426,1.0385046840495384
2024_11_12,11_37_10_0,frame_191,0,255,38,1,False,False,True,2.873553161565371,True,[],[   -0.44321     0.18543     0.87703],60.72047879879913,157.2832128328278,0.2996753941710923,0.2995172818536111,0.3144925896446579,31.5,1.5482718146388912,4.915148617901223,1.0692894935312838
2024_11_12,11_37_10_0,frame_192,0,255,38,1,False,False,True,2.805707963116331,True,[],[   -0.45688     0.17456     0.87224],60.77358173314088,159.28134071697974,0.3028358846160752,0.3025743102893947,0.31246255389589,31.5,1.2425689710605319,3.944663400192146,1.0950829764490104
2024_11_12,11_37_10_0,frame_193,0,255,38,1,False,False,True,2.6607428979330225,True,[],[   -0.42548     0.11833      0.8972],60.21127864120674,164.2584555422902,0.3036830274974376,0.306338322834118,0.3124630102856924,31.5,0.8661677165882011,2.7497387828196853,1.1146829398567948
2024_11_12,11_37_10_0,frame_194,0,255,38,1,False,False,True,2.844280758672578,True,[],[   -0.51867    0.040335     0.85403],58.31066250296275,175.5091464907533,0.3194038433184578,0.3173407199845802,0.3183117325189923,31.5,0.2340719984580204,0.743085709390553,1.1347313937983772
2024_11_12,11_37_10_0,frame_195,0,255,38,1,False,False,True,2.947935721718168,True,[],[    -0.1149   -0.057686      0.9917],53.97544152791962,-178.343529953123,1.7322114668951016,0.3196948500227451,0.3214929023272802,31.5,0.46948500227451007,1.4904285786492415,1.156228665087828
2024_11_12,11_37_10_0,frame_196,0,255,38,1,False,False,True,3.0934359269781613,True,[],[   -0.36321    -0.02121     0.93146],48.28223456917627,-176.75024465259892,0.5660092726372261,0.3098081815690067,0.3115193006567648,31.5,0.5191818430993322,1.6481963272994462,1.1669555570082055
2024_11_12,11_37_10_0,frame_197,0,255,38,1,False,False,True,3.3363037452328763,True,[],,45.35126788934524,-175.7824921554229,-1.0,0.3104135856463947,0.322637232814679,31.5,0.4586414353605299,1.456004556700076,1.1782912064169646
2024_11_12,11_37_10_0,frame_198,0,255,38,1,False,False,True,3.394693829716765,True,[],[    0.75281    0.027879    -0.65765],-41.13547557189499,2.220332328017894,0.3043475931687716,0.3044397426033364,0.3156067537022849,31.5,1.0560257396663602,3.352462665607477,1.1921184897805486
2024_11_12,11_37_10_0,frame_199,0,255,38,1,False,False,True,3.4813808476721864,True,[],[     0.7885   0.0043874    -0.61503],-37.8032045490674,0.5432316653062523,0.3045324193542251,0.3021630846763524,0.302592084433563,31.5,1.2836915323647595,4.0752112138563845,1.2003593014372895
2024_11_12,11_37_10_0,frame_200,0,255,38,1,False,False,True,3.452130299404002,True,[],[    0.43241   -0.052341     0.90016],-34.33659501711548,-1.7537686187598247,1.900256390090832,0.2958189537279515,0.3047497799274326,31.5,1.9181046272048512,6.089221038745547,1.209651172476575
2024_11_12,11_37_10_0,frame_201,0,255,38,1,False,False,True,3.588499502181117,True,[],,-32.07465776012198,-5.647927719149823,-1.0,0.3031184923544134,0.2961160546068819,31.5,1.1881507645586602,3.7719071890751104,1.2207278831726984
2024_11_12,11_37_10_0,frame_202,0,255,38,1,False,False,True,3.571668647721717,True,[],,-29.40985258300084,-7.701741333951505,-1.0,0.2956881956509564,0.3066768641328445,31.5,1.9311804349043626,6.1307315393789255,1.2324613277039431
2024_11_12,11_37_10_0,frame_203,0,255,38,1,False,False,True,3.747510891491008,True,[],,-28.181183486905024,-7.659401118577551,-1.0,0.2984790520498454,0.2915481717852761,31.5,1.6520947950154614,5.244745381001452,1.2483529915756668
2024_11_12,11_37_10_0,frame_204,0,255,38,1,False,False,True,3.5181218175947864,True,[],[     0.5529    -0.07405     0.82995],-23.96897221299163,-7.298314776784022,2.122053394988859,0.2955102114331535,0.2907546852586744,31.5,1.9489788566846507,6.187234465665563,1.2626297850120851
2024_11_12,11_37_10_0,frame_205,0,255,38,1,False,False,True,3.5276844684390807,True,[],,-20.27118330101506,-5.450833994523918,-1.0,0.2926035442898825,0.2876092402624158,31.5,2.2396455710117493,7.109985939719825,1.279512632699153
2024_11_12,11_37_10_0,frame_206,0,255,38,1,False,False,True,3.4882911059694504,True,[],[    0.98658   -0.034127    -0.15968],-15.113951405625253,-1.3348077835300751,0.4042136988005429,0.2902712899522541,0.2863236140528215,31.5,2.472871004774589,7.8503841421415395,1.2967060105632242
2024_11_12,11_37_10_0,frame_207,0,255,38,1,False,False,True,3.447018172807613,True,[],,-8.703006000479757,2.1524464115120088,-1.0,0.2905324448261351,0.2954952108719533,31.5,2.4467555173864888,7.7674778329729826,1.3161568909300094
2024_11_12,11_37_10_0,frame_208,0,255,38,1,False,False,True,3.2919441679983903,True,[],[    0.90691    0.029858     0.42026],-4.55046861502308,6.45516392322397,1.3016329627463956,0.2868336187948214,0.278633343106515,31.5,2.8166381205178617,8.941708319104324,1.3436621579340118
2024_11_12,11_37_10_0,frame_209,0,255,38,1,False,False,True,3.1916951243735485,True,[],[    0.97838     0.10156     0.18015],0.6741326913916446,7.527652881240757,0.2902370961593403,0.2911488363160044,0.2820911733016423,31.5,2.385116368399558,7.571797994919234,1.3725055220422422
2024_11_12,11_37_10_0,frame_210,0,255,38,1,False,False,True,3.1771647863322263,True,[],[    0.98726      0.1515    0.048584],3.099571779626511,8.518532648421282,0.2962132330723437,0.29617118685539,0.3016856029479977,31.5,1.8828813144609988,5.977400998288886,1.4025866824235913
2024_11_12,11_37_10_0,frame_211,0,255,38,1,False,False,True,3.1708303225508216,True,[],[    0.95382     0.10902     0.27989],5.288367521037582,7.801343602432484,0.4294048084132277,0.2920565650805705,0.2819308300970773,31.5,2.29434349194295,7.283630133152211,1.4307072114155523
2024_11_12,11_37_10_0,frame_212,0,255,38,1,False,False,True,2.918275861981691,True,[],[    0.99069    0.078485     0.11124],6.669542044959234,4.641219683002581,0.2877460380910461,0.2878968188983561,0.2847651965242081,31.5,2.7103181101643905,8.604184476712328,1.459373219903283
2024_11_12,11_37_10_0,frame_213,0,255,38,1,False,False,True,3.067272765582981,True,[],[    0.66944   -0.051104     0.74111],6.10525853597123,0.2096969360770281,1.7878432538526048,0.3011670287494552,0.2814048191348915,31.5,1.3832971250544759,4.39141944461739,1.488113668925705
2024_11_12,11_37_10_0,frame_214,0,255,38,1,False,False,True,3.055388174437557,True,[],[    0.96777   -0.078068     0.23943],5.795210187401953,-3.3017583953548986,0.6200601764489615,0.2917801960993631,0.2878876049919328,31.5,2.321980390063686,7.371366317662502,1.5171552854627095
2024_11_12,11_37_10_0,frame_215,0,255,38,1,False,False,True,3.024390243902439,True,[],[    0.97943    -0.10451      0.1726],10.020171876618388,-6.427722706405061,0.287544284232286,0.2863022435153501,0.2797470275227899,31.5,2.869775648464991,9.110398884015822,1.5492480321165436
2024_11_12,11_37_10_0,frame_216,0,255,38,1,False,False,True,2.9285714285714284,True,[],[    0.97708    -0.15442     0.14652],8.270679833769945,-9.080175149294536,0.3140478108128076,0.2905583256537215,0.2933074886171025,31.5,2.444167434627847,7.7592616972312625,1.5725421330724312
2024_11_12,11_37_10_0,frame_217,0,255,38,1,False,False,True,3.102564102564102,True,[],[    0.98162    -0.14778     0.12076],6.580567042656643,-8.744604630941735,0.2819766844009054,0.2795957295343652,0.2807963289234989,31.5,3.540427046563483,11.239450941471372,1.6014278302682894
2024_11_12,11_37_10_0,frame_218,0,255,38,1,False,False,True,2.9743589743589745,True,[],[    0.97944    -0.15469     0.12953],7.498946085689905,-9.230250043872216,0.2911662842326044,0.2815410781803293,0.2754461855288791,31.5,3.34589218196707,10.621879942752583,1.6261656934138102
2024_11_12,11_37_10_0,frame_219,0,255,38,1,False,False,True,2.7948717948717947,True,[],[    0.94799   -0.096963     0.30318],10.546101714446651,-6.042851854048148,0.2952462759558325,0.2810896182151929,0.2842995071955329,31.5,3.3910381784807093,10.76520056660541,1.658889599736484
2024_11_12,11_37_10_0,frame_220,0,255,38,1,False,False,True,2.683206120515525,True,[],[    0.98041   -0.064585     0.18607],10.895037271886656,-3.845876082940337,0.2744721578370677,0.274363264167198,0.2718277492703591,31.5,4.0636735832802025,12.900551058032372,1.697962712945583
2024_11_12,11_37_10_0,frame_221,0,255,38,1,False,False,True,2.5899599053293367,True,[],[     0.9625    0.013238     0.27097],15.68783003870356,0.6986950674678122,0.2906989550055487,0.2848514697866033,0.2956733708197337,31.5,3.0148530213396683,9.57096197250687,1.7247508121998705
2024_11_12,11_37_10_0,frame_222,0,255,38,1,False,False,True,2.48794699053581,True,[],,,,,,,31.5,,,
2024_11_12,11_37_10_0,frame_223,0,255,38,1,False,False,True,2.648945919077534,True,[],,,,,,,31.5,,,
2024_11_12,11_37_10_0,frame_224,0,255,38,1,False,False,True,2.4951724524499896,True,[],,,,,,,31.5,,,
2024_11_12,11_37_10_0,frame_225,0,255,38,1,False,False,True,2.8079178417876745,True,[],,,,,,,31.5,,,
2024_11_12,11_37_10_0,frame_226,0,255,38,1,False,False,True,2.5403806100446595,True,[],,,,,,,31.5,,,
2024_11_12,11_37_10_0,frame_227,0,255,38,1,False,False,True,2.6587098580543587,True,[],,,,,,,31.5,,,
2024_11_12,11_37_10_0,frame_228,0,255,38,1,False,False,True,2.6639347413999728,True,[],[    0.95722    0.035849     0.28713],16.337588382383526,2.296529731257792,0.2885531443432769,0.2874014086236054,0.3000993122464722,31.5,2.7598591376394594,8.761457579807805,1.929846315804264
2024_11_12,11_37_10_0,frame_229,0,255,38,1,False,False,True,2.653503417811257,True,[],[    0.64447    0.022439      0.7643],17.862396327805904,2.8070708238032784,1.3976874931730752,0.2960755902858647,0.293264728201793,31.5,1.892440971413528,6.007749115598502,1.941790174833522
2024_11_12,11_37_10_0,frame_230,0,255,38,1,False,False,True,2.3496706085277945,True,[],[     0.9342    0.010208     0.35661],21.15358531396788,0.6063992315689569,0.3013500744077824,0.2994469172308387,0.2942386756119176,31.5,1.5553082769161293,4.937486593384535,1.9376261766525031
2024_11_12,11_37_10_0,frame_231,0,255,38,1,False,False,True,2.3823529411764706,True,[],[    0.92309   -0.048495     0.38151],22.42779450357642,-2.935518453348766,0.2922613700002008,0.2914145300184474,0.3001746244592613,31.5,2.3585469981552585,7.487450787794471,1.9445952509064743
2024_11_12,11_37_10_0,frame_232,0,255,38,1,False,False,True,2.333333333333333,True,[],[    0.91227   -0.043571     0.40726],23.443505114126616,-2.6324888164813127,0.330805876107777,0.3053846485270468,0.3046227104995936,31.5,0.9615351472953222,3.0524925310962447,1.96046048218442
2024_11_12,11_37_10_0,frame_233,0,255,38,1,False,False,True,2.15042162697045,True,[],[    0.90607   -0.099241     0.41132],24.096005206822923,-6.556767620826906,0.3151124365055453,0.2955049626652046,0.2911960760207435,31.5,1.949503733479542,6.188900741204873,1.9680108592239232
2024_11_12,11_37_10_0,frame_234,0,255,38,1,False,False,True,1.8,True,[],,,,,,,31.5,,,
2024_11_12,11_37_10_0,frame_235,0,255,38,1,False,False,True,1.6111111111111112,False,[],,,,,,,31.5,,,
2024_11_12,11_37_10_0,frame_236,0,255,38,1,False,False,True,1.3333333333333333,False,[],,,,,,,31.5,,,
2024_11_12,11_37_10_0,frame_237,0,255,38,1,False,False,True,1.7734142890925555,False,[],,,,,,,31.5,,,
2024_11_12,11_37_10_0,frame_238,0,255,38,1,False,False,True,1.5436893933202929,False,[],,,,,,,31.5,,,
2024_11_12,11_37_10_0,frame_239,0,255,38,1,False,False,True,1.4772726408891017,False,[],,,,,,,31.5,,,
2024_11_12,11_37_10_0,frame_240,0,255,38,1,False,False,True,1.1935483870967742,False,[],,,,,,,31.5,,,
2024_11_12,11_37_10_0,frame_241,0,255,38,1,False,False,True,1.0810810810810811,False,[],,,,,,,31.5,,,
2024_11_12,11_37_10_0,frame_242,0,255,38,1,False,False,True,1.3073200324955678,False,[],,,,,,,31.5,,,
2024_11_12,11_37_10_0,frame_243,0,255,38,1,False,False,True,1.6908271637297747,False,[],,,,,,,31.5,,,
2024_11_12,11_37_10_0,frame_244,0,255,38,1,False,False,True,2.4390243902439024,True,[],[   -0.16669    0.096298      0.9813],78.10693207966916,164.22823293288704,0.3067600842014018,0.2761716667939378,0.2945629076089978,31.5,3.8828333206062204,12.326454986051496,1.7553421270830314
2024_11_12,11_37_10_0,frame_245,0,255,38,1,False,False,True,2.952751658634758,True,[],[   -0.27016     0.08403     0.95914],71.67433139540083,171.28421142004214,0.3308553866129244,0.3195606825892194,0.320736019151443,31.5,0.45606825892193825,1.447835742609344,1.7343275668563145
2024_11_12,11_37_10_0,frame_246,0,255,38,1,False,False,True,3.2661391375147844,True,[],[   -0.46302    0.093961     0.88135],58.60694831273205,173.50128684631912,0.301247746559531,0.2893312598925293,0.3222736465450059,31.5,2.566874010747071,8.148806383324038,1.7183394947451232
2024_11_12,11_37_10_0,frame_247,0,255,38,1,False,False,True,3.3841305969480007,True,[],[   -0.55891     0.11823     0.82075],54.08218442088927,170.7688048677652,0.2869392177726197,0.286914179808539,0.3216268519509325,31.5,2.808582019146101,8.916133394114583,1.7039415007917464
2024_11_12,11_37_10_0,frame_248,0,255,38,1,False,False,True,3.356257426312117,True,[],,49.17744032440927,165.13573938978246,-1.0,0.2970985049311649,0.3084251647511602,31.5,1.790149506883509,5.683014307566679,1.6690274868407693
2024_11_12,11_37_10_0,frame_249,0,255,38,1,False,False,True,3.406050526875043,True,[],[    0.75796    -0.27054    -0.59355],-37.504852738738975,-19.041660600479894,0.2990729371798622,0.2909469158725114,0.3016739122745074,31.5,2.405308412748859,7.635899723012248,1.6545525814490345
2024_11_12,11_37_10_0,frame_250,0,255,38,1,False,False,True,3.4639981367078527,True,[],[    0.76207    -0.37777    -0.52587],-32.136967662435566,-25.944053388881475,0.2973052436265955,0.295679679072419,0.3063788285466576,31.5,1.9320320927580994,6.133435215105066,1.632374907187296
2024_11_12,11_37_10_0,frame_251,0,255,38,1,False,False,True,3.442174128231477,True,[],[    0.77138     -0.4356    -0.46392],-30.237968585384696,-29.26634199342606,0.299010860513119,0.2910811591611019,0.2906235793592123,31.5,2.39188408388981,7.593282805999402,1.6101280233393118
2024_11_12,11_37_10_0,frame_252,0,255,38,1,False,False,True,3.5187949199250848,True,[],,,,,,,31.5,,,
2024_11_12,11_37_10_0,frame_253,0,255,38,1,False,False,True,3.3585963086448607,True,[],,,,,,,31.5,,,
2024_11_12,11_37_10_0,frame_254,0,255,38,1,False,False,True,3.5062800146461948,True,[],,,,,,,31.5,,,
2024_11_12,11_37_10_0,frame_255,0,255,38,1,False,False,True,3.3582460133183267,True,[],,,,,,,31.5,,,
2024_11_12,11_37_10_0,frame_256,0,255,38,1,False,False,True,3.230318130900758,True,[],,,,,,,31.5,,,
2024_11_12,11_37_10_0,frame_257,0,255,38,1,False,False,True,3.1884054069056185,True,[],[    -0.6011      0.3007     0.74044],51.24849809072834,154.2092338422646,0.3161563960734206,0.2923733544431791,0.2968515186482152,31.5,2.2626645556820932,7.183062081530435,1.598358507045683
2024_11_12,11_37_10_0,frame_258,0,255,38,1,False,False,True,2.985115770457364,True,[],[   -0.59953     0.19078     0.77728],49.75748245717355,161.88615293941143,0.3041521823379868,0.2971463595441945,0.3011844853234596,31.5,1.7853640455805504,5.667822366922366,1.6062560648196476
2024_11_12,11_37_10_0,frame_259,0,255,38,1,False,False,True,2.726148450928716,True,[],[    -0.4559      0.1309     0.88035],62.44573072465293,163.3098695530877,0.2954297153859311,0.2859844763498613,0.3117298747918287,31.5,2.9015523650138704,9.211277349250366,1.61409642430062
2024_11_12,11_37_10_0,frame_260,0,255,38,1,False,False,True,2.547543084058455,True,[],[   -0.44037     0.11037       0.891],63.03019340664132,165.46589627966597,0.332904131694627,0.2744401604111455,0.2891096394984014,31.5,4.055983958885449,12.876139552017303,1.6199880113979157
2024_11_12,11_37_10_0,frame_261,0,255,38,1,False,False,True,2.4908612924121263,True,[],[   -0.45476    0.097664     0.88524],62.27367331379775,167.62369812372123,0.2848987333297217,0.2848694106227902,0.300203875339488,31.5,3.013058937720981,9.565266468955476,1.6252759834335433
2024_11_12,11_37_10_0,frame_262,0,255,38,1,False,False,True,2.452357070857583,True,[],[   -0.44309     0.10576     0.89022],62.57477173697011,167.07535666525646,0.3021796855902827,0.3024107050789446,0.2989441770601005,31.5,1.258929492105544,3.996601562239801,1.6237486419069314
2024_11_12,11_37_10_0,frame_263,0,255,38,1,False,False,True,2.547462719876173,True,[],[    -0.5023    0.095551      0.8594],59.09206852456448,169.3941281707502,0.2900434139722141,0.2895860328800577,0.2947671202661757,31.5,2.5413967119942313,8.067926069822956,1.6227249709295517
2024_11_12,11_37_10_0,frame_264,0,255,38,1,False,False,True,2.613138708285148,True,[],[   -0.54795    0.095267     0.83107],57.29484525110342,170.75620742247986,0.2828639319572856,0.2831539597781856,0.2900861777526963,31.5,3.1846040221814427,10.109854038671244,1.61908154999981
2024_11_12,11_37_10_0,frame_265,0,255,38,1,False,False,True,2.611712971427963,True,[],[    -0.5744     0.13052      0.8081],53.352704908556,166.97391287761124,0.3194402257374109,0.3160592957448812,0.3018483715840397,31.5,0.10592957448811902,0.3362843634543581,1.6044959383538004
2024_11_12,11_37_10_0,frame_266,0,255,38,1,False,False,True,2.749463308479206,True,[],[   -0.43145    0.096218     0.89699],48.40368633379433,165.5397367393023,0.9259863843330568,0.2954915986856722,0.3076178099878115,31.5,1.9508401314327806,6.193143274389776,1.5923656605754095
2024_11_12,11_37_10_0,frame_267,0,255,-1,1,False,False,True,2.789124565188002,True,[],[   -0.53695     0.13801     0.83225],48.22874414053966,164.72882883143612,0.7970498341845427,0.2951937351143329,0.3059927500574163,31.5,1.9806264885667098,6.28770313830702,1.575203848344208
2024_11_12,11_37_10_0,frame_268,0,255,41,1,False,False,True,2.8055553002568305,True,[],,,,,,,31.5,,,
2024_11_12,11_37_10_0,frame_269,0,255,38,1,False,False,True,2.82428104657266,True,[],,,,,,,31.5,,,
2024_11_12,11_37_10_0,frame_270,0,255,38,1,False,False,True,2.761651658941124,True,[],,,,,,,31.5,,,
2024_11_12,11_37_10_0,frame_271,0,255,38,1,False,False,True,2.719275619183072,True,[],,,,,,,31.5,,,
2024_11_12,11_37_10_0,frame_272,0,255,38,1,False,False,True,2.5383483775287976,True,[],,,,,,,31.5,,,
2024_11_12,11_37_10_0,frame_273,0,255,38,1,False,False,True,2.455939975518751,True,[],,,,,,,31.5,,,
2024_11_12,11_37_10_0,frame_274,0,255,38,1,False,False,True,2.182626909983931,True,[],,,,,,,31.5,,,
2024_11_12,11_37_10_0,frame_275,0,255,38,1,False,False,True,2.5159009306618563,True,[],,,,,,,31.5,,,
2024_11_12,11_37_10_0,frame_276,0,255,38,1,False,False,True,2.575091560168984,True,[],,,,,,,31.5,,,
2024_11_12,11_37_10_0,frame_277,0,255,38,1,False,False,True,2.571428432164533,True,[],,,,,,,31.5,,,
2024_11_12,11_37_10_0,frame_278,0,255,38,1,False,False,True,2.3142854368390315,True,[],,,,,,,31.5,,,
2024_11_12,11_37_10_0,frame_279,0,255,38,1,False,False,True,2.14440709564131,True,[],,,,,,,31.5,,,
2024_11_12,11_37_10_0,frame_280,0,255,38,1,False,False,True,1.9571428109017432,True,[],,,,,,,31.5,,,
2024_11_12,11_37_10_0,frame_281,0,255,38,1,False,False,True,1.8767372125275568,True,[],,,,,,,31.5,,,
2024_11_12,11_37_10_0,frame_282,0,255,38,1,False,False,True,1.9585631373808352,True,[],,,,,,,31.5,,,
2024_11_12,11_37_10_0,frame_283,0,255,38,1,False,False,True,1.983805760625639,True,[],,,,,,,31.5,,,
2024_11_12,11_37_10_0,frame_285,0,255,38,1,False,False,True,1.7216449233205384,False,[],,,,,,,31.5,,,
2024_11_12,11_37_10_0,frame_287,0,255,38,1,False,False,True,1.9171901439315504,True,[],,,,,,,31.5,,,
2024_11_12,11_37_10_0,frame_288,0,255,38,1,False,False,True,1.5762195209990997,False,[],,,,,,,31.5,,,
2024_11_12,11_37_10_0,frame_289,0,255,38,1,False,False,True,1.3625062996355903,False,[],,,,,,,31.5,,,
2024_11_12,11_37_10_0,frame_290,0,255,38,1,False,False,True,1.21422689677328,False,[],,,,,,,31.5,,,
2024_11_12,11_37_10_0,frame_291,0,255,38,1,False,False,True,1.421881199344562,False,[],,,,,,,31.5,,,
2024_11_12,11_37_10_0,frame_292,0,255,38,1,False,False,True,1.8728536394909567,True,[],,,,,,,31.5,,,
2024_11_12,11_37_10_0,frame_293,0,255,38,1,False,False,True,2.143028710058432,True,[],,,,,,,31.5,,,
2024_11_12,11_37_10_0,frame_294,0,255,38,1,False,False,True,2.2752496775243487,True,[],,,,,,,31.5,,,
2024_11_12,11_37_10_0,frame_295,0,255,38,1,False,False,True,2.071735879309371,True,[],,,,,,,31.5,,,
2024_11_12,11_37_10_0,frame_296,0,255,38,1,False,False,True,2.1429080105254266,True,[],,,,,,,31.5,,,
2024_11_12,11_37_10_0,frame_297,0,255,38,1,False,False,True,2.208862894475229,True,[],,,,,,,31.5,,,
2024_11_12,11_37_10_0,frame_298,0,255,38,1,False,False,True,2.34476008822844,True,[],,,,,,,31.5,,,
2024_11_12,11_37_10_0,frame_299,0,255,38,1,False,False,True,2.3626685945619035,True,[],,,,,,,31.5,,,
2024_11_12,11_37_10_0,frame_300,0,255,38,1,False,False,True,2.2855144467112014,True,[],,,,,,,31.5,,,
2024_11_12,11_37_10_0,frame_301,0,255,38,1,False,False,True,2.24682582815975,True,[],,,,,,,31.5,,,
2024_11_12,11_37_10_0,frame_302,0,255,38,1,False,False,True,2.136363636363636,True,[],[   -0.59406   0.0067632     0.80439],-32.96903273898724,1.5433828484631231,1.805787540693188,0.2992975342665245,0.2961363274561769,31.5,1.57024657334755,4.984909756658889,1.605619608521411
2024_11_12,11_37_10_0,frame_303,0,255,38,1,False,False,True,2.366698615201195,True,[],[    0.81682     0.14188    -0.55918],-33.92203198357841,9.958660210771166,0.3266472199074905,0.3263681237409477,0.3236395179298235,31.5,1.1368123740947738,3.6089281717294286,1.6239273107715553
2024_11_12,11_37_10_0,frame_304,0,255,38,1,False,False,True,2.574565002147201,True,[],,,,,,,31.5,,,
2024_11_12,11_37_10_0,frame_305,0,255,38,1,False,False,True,2.632713307020823,True,[],,,,,,,31.5,,,
2024_11_12,11_37_10_0,frame_306,0,255,38,1,False,False,True,2.800897726571787,True,[],,,,,,,31.5,,,
2024_11_12,11_37_10_0,frame_307,0,255,38,1,False,False,True,2.8634564829987728,True,[],,,,,,,31.5,,,
2024_11_12,11_37_10_0,frame_308,0,255,38,1,False,False,True,3.0124268310516027,True,[],,,,,,,31.5,,,
2024_11_12,11_37_10_0,frame_309,0,255,38,1,False,False,True,3.0924698501640817,True,[],,,,,,,31.5,,,
2024_11_12,11_37_10_0,frame_310,0,255,38,1,False,False,True,3.2220654730541174,True,[],,,,,,,31.5,,,
2024_11_12,11_37_10_0,frame_311,0,255,38,1,False,False,True,2.848062126635869,True,[],,,,,,,31.5,,,
2024_11_12,11_37_10_0,frame_312,0,255,38,1,False,False,True,2.5569893557988195,True,[],,,,,,,31.5,,,
2024_11_12,11_37_10_0,frame_313,0,255,38,1,False,False,True,1.887674142484006,True,[],,,,,,,31.5,,,
2024_11_12,11_37_10_0,frame_314,0,255,38,1,False,False,True,1.35,False,[],,,,,,,31.5,,,
2024_11_12,11_37_10_0,frame_315,0,255,38,1,False,False,True,1.100000154736125,False,[],,,,,,,31.5,,,
2024_11_12,11_37_10_0,frame_317,0,255,38,1,False,False,True,1.7821782734013587,False,[],,,,,,,31.5,,,
2024_11_12,11_37_10_0,frame_318,0,255,38,1,False,False,True,1.621082688851272,False,[],,,,,,,31.5,,,
2024_11_12,11_37_10_0,frame_319,0,255,38,1,False,False,True,1.5741354779445178,False,[],,,,,,,31.5,,,
2024_11_12,11_37_10_0,frame_320,0,255,38,1,False,False,True,1.6644166182136824,False,[],,,,,,,31.5,,,
2024_11_12,11_37_10_0,frame_321,0,255,38,1,False,False,True,1.6040565546168069,False,[],,,,,,,31.5,,,
2024_11_12,11_37_10_0,frame_322,0,255,38,1,False,False,True,1.461740278161729,False,[],,,,,,,31.5,,,
2024_11_12,11_37_10_0,frame_323,0,255,38,1,False,False,True,1.795038474061925,False,[],,,,,,,31.5,,,
2024_11_12,11_37_10_0,frame_324,0,255,38,1,False,False,True,1.797731752793121,False,[],,,,,,,31.5,,,
2024_11_12,11_37_10_0,frame_325,0,255,38,1,False,False,True,1.868341024529868,True,[],,,,,,,31.5,,,
2024_11_12,11_37_10_0,frame_326,0,255,38,1,False,False,True,1.9735341108102056,True,[],,,,,,,31.5,,,
2024_11_12,11_37_10_0,frame_327,0,255,38,1,False,False,True,2.1096614630453128,True,[],,,,,,,31.5,,,
2024_11_12,11_37_10_0,frame_328,0,255,38,1,False,False,True,2.235972226224745,True,[],,,,,,,31.5,,,
2024_11_12,11_37_10_0,frame_329,0,255,38,1,False,False,True,2.29092164197528,True,[],,,,,,,31.5,,,
2024_11_12,11_37_10_0,frame_330,0,255,38,1,False,False,True,2.4159650949927527,True,[],,,,,,,31.5,,,
2024_11_12,11_37_10_0,frame_331,0,255,38,1,False,False,True,2.46277797445498,True,[],,,,,,,31.5,,,
2024_11_12,11_37_10_0,frame_332,0,255,38,1,False,False,True,2.675050205394156,True,[],[    0.77755    -0.15213    -0.61014],-36.50372594273248,-10.832016943231894,0.32005900967817,0.3141054254823635,0.3103082740672483,31.5,0.0894574517636535,0.2839919103607843,1.8487827210074668
2024_11_12,11_37_10_0,frame_333,0,255,38,1,False,False,True,3.003547357697524,True,[],[    0.85215   -0.089913    -0.51551],-30.689830506079588,-6.35460010289108,0.311535598273151,0.310751068552588,0.3181809514243084,31.5,0.4248931447412012,1.3488671261625245,1.8885585671292344
2024_11_12,11_37_10_0,frame_334,0,255,38,1,False,False,True,3.257142857142857,True,[],[    0.91712   -0.059317    -0.39417],-22.55947168279604,-3.494939318678115,0.317779179406587,0.3082763513115483,0.3158067468971829,31.5,0.6723648688451718,2.134491647127528,1.9232730487908205
2024_11_12,11_37_10_0,frame_335,0,255,38,1,False,False,True,3.2857142857142856,True,[],[    0.97813   -0.043199    -0.20344],-11.60078974860729,-2.6079804100699344,0.3057410222702794,0.3039775605736695,0.3049471388320774,31.5,1.1022439426330521,3.499187119469989,1.9438960785791723
2024_11_12,11_37_10_0,frame_336,0,255,38,1,False,False,True,3.2,True,[],[    0.99473   -0.034433   -0.096606],-5.19434266766548,-1.923778906347296,0.2981259013854344,0.2982171144990413,0.3011989252409721,31.5,1.6782885500958677,5.327900159034487,1.967453137844948
2024_11_12,11_37_10_0,frame_337,0,255,38,1,False,False,True,3.0441391268613844,True,[],[    0.99658    0.045634    0.068916],2.960125385882084,1.4633775457666351,0.293614649294439,0.2846198446624459,0.291060048599145,31.5,3.038015533755413,9.644493757953686,1.986132409927693
2024_11_12,11_37_10_0,frame_338,0,255,38,1,False,False,True,3.216560555077003,True,[],[    0.98484     0.16401    0.056481],3.6898452370366654,9.067540386820484,0.2946952089144361,0.2943336846476476,0.2914103468200878,31.5,2.066631535235242,6.560735032492812,1.998983223867479
2024_11_12,11_37_10_0,frame_339,0,255,38,1,False,False,True,3.096849347400826,True,[],[    0.95211      0.2739     0.13586],8.620643230827849,15.819109481593417,0.2928631665906842,0.2930683973028435,0.2931413127910489,31.5,2.193160269715648,6.962413554652856,2.018979806457855
2024_11_12,11_37_10_0,frame_340,0,255,38,1,False,False,True,3.0397660110835094,True,[],[    0.83219     0.31763      0.4545],15.40148411879143,18.73508841028445,0.42687765640837,0.2933073958477314,0.2925763895296572,31.5,2.1692604152268586,6.886541000720188,2.04331733938224
2024_11_12,11_37_10_0,frame_341,0,255,38,1,False,False,True,2.8754179526854524,True,[],,,,,,,31.5,,,
2024_11_12,11_37_10_0,frame_342,0,255,38,1,False,False,True,2.7129750601219027,True,[],,,,,,,31.5,,,
2024_11_12,11_37_10_0,frame_343,0,255,38,1,False,False,True,2.8892719756636693,True,[],,,,,,,31.5,,,
2024_11_12,11_37_10_0,frame_344,0,255,38,1,False,False,True,2.9462462827055624,True,[],,,,,,,31.5,,,
2024_11_12,11_37_10_0,frame_345,0,255,38,1,False,False,True,2.995059328661795,True,[],,,,,,,31.5,,,
2024_11_12,11_37_10_0,frame_346,0,255,38,1,False,False,True,3.092437155212922,True,[],[    0.93269     0.30386     0.19432],11.313161263131478,17.95396512813515,0.3120498319731852,0.3121548379795691,0.3096080179848769,31.5,0.2845162020430898,0.9032260382320292,2.1566671950444647
2024_11_12,11_37_10_0,frame_347,0,255,38,1,False,False,True,3.2083921260912627,True,[],[    0.95997     0.27876    0.027328],0.5568386134532809,15.739754074713607,0.3183934585860754,0.3091523316683883,0.4133692201129478,31.5,0.5847668331611722,1.8564026449560984,2.1669948780439268
2024_11_12,11_37_10_0,frame_348,0,255,38,1,False,False,True,3.2968460145994696,True,[],[   0.059404    0.057213     0.99659],-7.155693510922013,14.70507605429607,1.5731437358276326,0.3017863644204481,0.2997079467405315,31.5,1.3213635579551912,4.194804945889494,2.173873892544937
2024_11_12,11_37_10_0,frame_349,0,255,38,1,False,False,True,3.3288136401488577,True,[],[    0.94825     0.22029    -0.22869],-13.290646654675538,13.6285242821946,0.3029429678097323,0.302626379074935,0.3137691845914506,31.5,1.2373620925065012,3.9281336270047618,2.169441928202914
2024_11_12,11_37_10_0,frame_350,0,255,38,1,False,False,True,3.432098719479677,True,[],[    0.94016     0.18786    -0.28428],-16.523511211091616,11.050340904840532,0.3111213846364674,0.3112677282944934,0.3145071514905769,31.5,0.3732271705506598,1.18484816047827,2.1570333870223743
2024_11_12,11_37_10_0,frame_351,0,255,38,1,False,False,True,3.484507227877901,True,[],[    0.94178     0.18041    -0.28374],-17.302088176215324,10.967889434850164,0.3095195014476333,0.3062354586475283,0.3158616798585964,31.5,0.8764541352471689,2.782394080149739,2.134540927211075
2024_11_12,11_37_10_0,frame_352,0,255,38,1,False,False,True,3.4506071956891984,True,[],[    0.86524     0.13053    -0.48406],-28.472796735296345,8.638016887642747,0.3059043333135426,0.3065355214180345,0.3544285374715139,31.5,0.8464478581965516,2.6871360577668346,2.1110958784384057
2024_11_12,11_37_10_0,frame_353,0,255,38,1,False,False,True,3.5178415458150707,True,[],[    0.89437     0.09054    -0.43807],-21.2021917980768,7.260998136564641,0.3124501312086715,0.3112719444687563,0.3159176227103591,31.5,0.3728055531243726,1.183509692458325,2.079282836263168
2024_11_12,11_37_10_0,frame_354,0,255,38,1,False,False,True,3.632989390362029,True,[],[     0.9133    0.058102    -0.40312],4.71059856602964,-0.6399512882418389,0.3053499623092987,0.2434475370435187,0.2280507761049936,31.5,7.15524629564813,22.715067605232147,2.0070170498639346
2024_11_12,11_37_10_0,frame_355,0,255,38,1,False,False,True,3.527715498030027,True,[],[    0.84017    0.013926    -0.54214],-26.45311159078791,1.3704441881044302,0.5234427821406697,0.310269235972312,0.3219752264777188,31.5,0.47307640276880036,1.5018298500596703,2.028575950652053
2024_11_12,11_37_10_0,frame_356,0,255,38,1,False,False,True,3.4571428571428573,True,[],[    0.85233   -0.019547    -0.52265],-20.47053685116846,1.068447810287029,0.3260160229828631,0.3089893574480534,0.320768693374678,31.5,0.601064255194661,1.908140492681464,1.9832838063422864
2024_11_12,11_37_10_0,frame_357,0,255,38,1,False,False,True,3.787878787878788,True,[],[    0.87896   -0.061679    -0.47289],-27.270891639279352,-4.448240747647887,0.3052239095747161,0.3057659763162501,0.3325574626932612,31.5,0.9234023683749939,2.931436090079324,1.951732013571517
2024_11_12,11_37_10_0,frame_358,0,255,38,1,False,False,True,3.657142857142857,True,[],[    0.92574   -0.072505    -0.37116],-19.86209094218617,-2.9171673080909795,0.3150465535568205,0.3147388629373759,0.3081047776557105,31.5,0.02611370626241083,0.0829006548012823,1.921299256271353
2024_11_12,11_37_10_0,frame_359,0,255,38,1,False,False,True,3.638888888888889,True,[],[    0.91013   -0.085937    -0.40532],-22.978411827095936,-5.077081141188121,0.3135454941044464,0.3127491330759329,0.3174209788038553,31.5,0.22508669240671253,0.7145609282752757,1.8868197320155924
2024_11_12,11_37_10_0,frame_360,0,255,38,1,False,False,True,3.6216216216216215,True,[],,-21.55386268860604,-5.337338117904779,-1.0,0.3114920024430836,0.3114361600468606,31.5,0.35079975569163935,1.1136500180686766,1.8459925211850223
2024_11_12,11_37_10_0,frame_361,0,255,38,1,False,False,True,3.6052631578947367,True,[],[    0.86865   -0.094286    -0.48638],-27.57912152516078,-6.122797374826404,0.3137785658456978,0.314073666008733,0.3085582039576393,31.5,0.09263339912670077,0.2940742829419093,1.832228889653052
2024_11_12,11_37_10_0,frame_362,0,255,38,1,False,False,True,3.5641025641025643,True,[],,-31.210589445340705,-4.29892449899653,-1.0,0.3086353296212846,0.3211202626079728,31.5,0.6364670378715402,2.0205302789572728,1.7925415185799496
2024_11_12,11_37_10_0,frame_363,0,255,38,1,False,False,True,3.575,True,[],[    0.78644   -0.058508    -0.61489],-34.158700702727366,-3.540244113352226,0.3326344203601121,0.3164911000456829,0.3084285600597987,31.5,0.1491100045682927,0.4733650938675952,1.7580788359790815
2024_11_12,11_37_10_0,frame_364,0,255,38,1,False,False,True,3.5853658536585367,True,[],[   -0.60113    0.055346     0.79723],-39.76484790923303,-4.102412577367255,0.5853790208223266,0.2997501284347461,0.3629201263359009,31.5,1.5249871565253912,4.841229068334562,1.7225812769073574
2024_11_12,11_37_10_0,frame_365,0,255,38,1,False,False,True,3.775,True,[],[   -0.69362     0.04243     0.71909],-38.59646700590343,-3.052509682009032,0.463000154705977,0.3186743643629046,0.3307745869452252,31.5,0.36743643629045764,1.166464877112583,1.6890279095802965
2024_11_12,11_37_10_0,frame_366,0,255,38,1,False,False,True,3.604651162790698,True,[],,-40.54008630811652,-3.896677413292668,-1.0,0.2945336058253052,0.3572975289875743,31.5,2.046639417469482,6.497267991966589,1.6446351592892832
2024_11_12,11_37_10_0,frame_367,0,255,38,1,False,False,True,3.738095238095238,True,[],,-35.57167692617988,-2.9889176973731484,-1.0,0.3018512341948611,0.3132992272070017,31.5,1.3148765805138893,4.174211366710747,1.6219972081647416
2024_11_12,11_37_10_0,frame_368,0,255,38,1,False,False,True,3.744186046511628,True,[],[    0.73961   -0.032373    -0.67225],-37.42608515113538,-1.947546000361912,0.4070421725170145,0.3027184308623402,0.3303989899529668,31.5,1.2281569137659822,3.898910837352324,1.5882202752829726
2024_11_12,11_37_10_0,frame_369,0,255,38,1,False,False,True,3.7111111111111112,True,[],[    0.75482   -0.042803    -0.65453],-38.244418109535935,-3.338514735340948,0.3320590618801628,0.305633767440904,0.3160314172894341,31.5,0.9366232559096019,2.9734071616177844,1.554339498462099
2024_11_12,11_37_10_0,frame_370,0,255,38,1,False,False,True,3.638297872340425,True,[],[    0.72107   -0.047958     -0.6912],-39.69521240770523,-3.400776667486131,0.2990612437410955,0.3011449855702975,0.3313075094566119,31.5,1.3855014429702486,4.398417279270615,1.5211564957259616
2024_11_12,11_37_10_0,frame_371,0,255,38,1,False,False,True,3.6041666666666665,True,[],,-33.4564439698734,-5.989603543639878,-1.0,0.3063312575013042,0.3100639633345239,31.5,0.8668742498695821,2.751981745617719,1.4872015240868146
2024_11_12,11_37_10_0,frame_372,0,255,38,1,True,False,True,3.644600515824077,False,[],,,,,,,31.5,,,
2024_11_12,11_37_10_0,frame_373,0,255,38,1,True,False,True,3.619725738561036,False,[],,,,,,,31.5,,,
2024_11_12,11_37_10_0,frame_374,0,255,38,1,True,False,True,3.738331637761524,False,[],,,,,,,31.5,,,
2024_11_12,11_37_10_0,frame_375,0,255,38,1,True,False,True,3.398635487926009,False,[],,,,,,,31.5,,,
2024_11_12,11_37_10_0,frame_376,0,255,38,1,True,False,True,3.413738074622161,False,[],,,,,,,31.5,,,
2024_11_12,11_37_10_0,frame_377,0,255,38,1,False,False,True,3.459102896961177,True,[],[    0.75089    -0.34908    -0.56063],-34.7708000213006,-25.52793204155651,0.295233924763789,0.2951362829957403,0.290667146520703,31.5,1.9863717004259698,6.305941906114175,1.3881606228158525
2024_11_12,11_37_10_0,frame_378,0,255,38,1,False,False,True,3.1967799341965533,True,[],[   -0.59667     0.37003     0.71209],-38.48443909722035,-29.53268599419926,0.6200240653205629,0.3060469113786234,0.31149369203305,31.5,0.8953088621376608,2.8422503559925585,1.3889967800183995
2024_11_12,11_37_10_0,frame_379,0,255,38,1,False,False,True,3.398153374110505,True,[],[    0.65507    -0.41592    -0.63079],-35.32419262512374,-31.880514853381207,0.3107829954917401,0.3081214243399727,0.2970089979378926,31.5,0.6878575660027302,2.1836748127070824,1.402233442304517
2024_11_12,11_37_10_0,frame_380,0,255,38,1,False,False,True,3.2254261823832366,True,[],,-37.20919414650536,-29.299086895980945,-1.0,0.2981579888996582,0.3099977372047953,31.5,1.6842011100341772,5.3466701905846925,1.4295285623021283
2024_11_12,11_37_10_0,frame_381,0,255,38,1,False,False,True,3.253086412727132,True,[],[    0.76427    -0.42414    -0.48579],-28.89253793521776,-29.21502964837612,0.2996947292265635,0.299520397434152,0.3049006108925517,31.5,1.5479602565848012,4.914159544713638,1.4565466637259086
2024_11_12,11_37_10_0,frame_382,0,255,38,1,False,False,True,3.2269869235317006,True,[],[    0.78395    -0.36189    -0.50443],-29.43095267773221,-24.17815861217576,0.3048848974350453,0.2968484150010674,0.3031448898289701,31.5,1.8151584998932613,5.76240793616908,1.4828707460983557
2024_11_12,11_37_10_0,frame_383,0,255,38,1,False,False,True,3.039521084700988,True,[],[    0.86226    -0.37246    -0.34321],-20.07035113154478,-24.13896828428272,0.2977942554656417,0.2823782494589913,0.2780377738699698,31.5,3.2621750541008687,10.356111282859883,1.5105538488790022
2024_11_12,11_37_10_0,frame_384,0,255,38,1,False,False,True,2.88591578195225,True,[],[    0.92599    -0.35076    -0.13972],-8.729662146205822,-20.773266236837017,0.2695089971449102,0.2650275941369341,0.2608557178266149,31.5,4.997240586306589,15.86425582954473,1.5335168804559005
2024_11_12,11_37_10_0,frame_385,0,255,38,1,False,False,True,2.505154496250601,True,[],[    0.94211    -0.24658     0.22722],6.54922314821503,-16.569416877048777,0.258390902189231,0.2561106075748038,0.2539194980826235,31.5,5.888939242519619,18.69504521434798,1.5471546710571114
2024_11_12,11_37_10_0,frame_386,0,255,38,1,False,False,True,2.1407955013918425,True,[],,,,,,,31.5,,,
2024_11_12,11_37_10_0,frame_387,0,255,38,1,False,False,True,1.58,False,[],,,,,,,31.5,,,
2024_11_12,11_37_10_0,frame_388,0,255,38,1,False,False,True,1.2629346435142377,False,[],,,,,,,31.5,,,
2024_11_12,11_37_10_0,frame_389,0,255,38,1,False,False,True,1.2063829699120066,False,[],,,,,,,31.5,,,
2024_11_12,11_37_10_0,frame_390,0,255,38,1,False,False,True,1.316297013863352,False,[],,,,,,,31.5,,,
2024_11_12,11_37_10_0,frame_391,0,255,38,1,False,False,True,1.7202591722533844,False,[],,,,,,,31.5,,,
2024_11_12,11_37_10_0,frame_392,0,255,38,1,False,False,True,1.7813581114767865,False,[],,,,,,,31.5,,,
2024_11_12,11_37_10_0,frame_393,0,255,38,1,False,False,True,2.252701726372118,True,[],,,,,,,31.5,,,
2024_11_12,11_37_10_0,frame_394,0,255,38,1,False,False,True,2.0004290735474792,True,[],,,,,,,31.5,,,
2024_11_12,11_37_10_0,frame_395,0,255,38,1,False,False,True,2.0638298082174704,True,[],,,,,,,31.5,,,
2024_11_12,11_37_10_0,frame_396,0,255,38,1,False,False,True,1.992125908712479,True,[],,,,,,,31.5,,,
2024_11_12,11_37_10_0,frame_397,0,255,38,1,False,False,True,1.764860460917512,False,[],,,,,,,31.5,,,
2024_11_12,11_37_10_0,frame_398,0,255,38,1,False,False,True,1.5003908382293532,False,[],,,,,,,31.5,,,
2024_11_12,11_37_10_0,frame_399,0,255,38,1,False,False,True,1.3263525117533137,False,[],,,,,,,31.5,,,
2024_11_12,11_37_10_0,frame_400,0,255,38,1,False,False,True,1.1764706118060868,False,[],,,,,,,31.5,,,
2024_11_12,11_37_10_0,frame_401,0,255,38,1,False,False,True,1.148185326071152,False,[],,,,,,,31.5,,,
2024_11_12,11_37_10_0,frame_402,0,255,38,1,False,False,True,1.5909090909090908,False,[],,,,,,,31.5,,,
2024_11_12,11_37_10_0,frame_403,0,255,38,1,False,False,True,1.6956521739130437,False,[],,,,,,,31.5,,,
2024_11_12,11_37_10_0,frame_404,0,255,38,1,False,False,True,1.4271047906422816,False,[],,,,,,,31.5,,,
2024_11_12,11_37_10_0,frame_405,0,255,38,1,False,False,True,1.6932890042545234,False,[],,,,,,,31.5,,,
2024_11_12,11_37_10_0,frame_406,0,255,38,1,False,False,True,2.2563326690666727,True,[],,,,,,,31.5,,,
2024_11_12,11_37_10_0,frame_407,0,255,38,1,False,False,True,2.466807116796265,True,[],,,,,,,31.5,,,
2024_11_12,11_37_10_0,frame_408,0,255,38,1,False,False,True,2.5902778630567,True,[],,,,,,,31.5,,,
2024_11_12,11_37_10_0,frame_409,0,255,38,1,False,False,True,2.5815802366608103,True,[],,,,,,,31.5,,,
2024_11_12,11_37_10_0,frame_410,0,255,38,1,False,False,True,2.629960572004607,True,[],,,,,,,31.5,,,
2024_11_12,11_37_10_0,frame_411,0,255,38,1,False,False,True,2.5594715406987985,True,[],,,,,,,31.5,,,
2024_11_12,11_37_10_0,frame_412,0,255,38,1,False,False,True,2.5232471405105845,True,[],,,,,,,31.5,,,
2024_11_12,11_37_10_0,frame_413,0,255,38,1,False,False,True,2.239498163309644,True,[],,,,,,,31.5,,,
2024_11_12,11_37_10_0,frame_414,0,255,38,1,False,False,True,2.1616107880861635,True,[],,,,,,,31.5,,,
2024_11_12,11_37_10_0,frame_415,0,255,38,1,False,False,True,2.127659574468085,True,[],,,,,,,31.5,,,
2024_11_12,11_37_10_0,frame_416,0,255,38,1,False,False,True,2.1968803467891656,True,[],,,,,,,31.5,,,
2024_11_12,11_37_10_0,frame_419,0,255,-1,1,False,False,True,3.0450490434828525,True,[],[   -0.45117   -0.079037     0.88893],-10.47707100978954,18.23684844489556,0.8838580089017692,0.1865401442298229,0.2034687075449808,31.5,12.84598557701771,40.780906593707016,1.4002278205379388
2024_11_12,11_37_10_0,frame_420,0,255,44,1,False,False,True,3.270303101475573,True,[],[   -0.61482   -0.085795     0.78399],-6.34692356994935,5.628841255871908,1.7210549687292591,0.3077803678371779,0.3060874591984494,31.5,0.7219632162822123,2.2919467183562285,1.3712683541748951
2024_11_12,11_37_10_0,frame_421,0,255,-1,1,False,False,True,3.748906972425829,True,[],,2.418737076267729,5.271475140146318,-1.0,0.3120108081399367,0.3036104508930594,31.5,0.29891918600633005,0.9489497968454922,1.3372466859237315
2024_11_12,11_37_10_0,frame_422,0,255,45,1,False,False,True,3.7047520752533623,True,[],,16.266306563074746,3.4252767587078465,-1.0,0.2969787177896131,0.2917657702642021,31.5,1.8021282210386893,5.72104197155138,1.28915700557671
2024_11_12,11_37_10_0,frame_423,0,255,45,1,False,False,True,3.6215214105082767,True,[],,27.4984640142336,5.631021065644572,-1.0,0.2826615313750463,0.2894850410666306,31.5,3.233846862495369,10.266180515858302,1.254415327541368
2024_11_12,11_37_10_0,frame_424,0,255,45,1,False,False,True,3.355400956390027,True,[],[   -0.35435    -0.14786     0.92335],31.91860229090832,8.173997878749146,1.8640538249418923,0.2838139039736994,0.2843798455971224,31.5,3.1186096026300625,9.90034794485734,1.229574881041221
2024_11_12,11_37_10_0,frame_425,0,255,45,1,False,False,True,3.60730596362014,True,[],,33.43462352245015,11.176298680134972,-1.0,0.2893324713095232,0.2876448487428207,31.5,2.5667528690476793,8.148421806500567,1.2131822999795332
2024_11_12,11_37_10_0,frame_426,0,255,45,1,False,False,True,3.398367286046351,True,[],[   -0.38195    -0.15846      0.9105],33.10675027057781,9.394764408318435,1.7021970111704832,0.2744869916299647,0.2848200442414833,31.5,4.051300837003531,12.861272498423904,1.172883639789295
2024_11_12,11_37_10_0,frame_427,0,255,45,1,False,False,True,3.352101444504431,True,[],[   -0.34952    -0.14624     0.92545],36.94698628315432,5.817665222457434,1.7369525933650012,0.2800247494899517,0.2793088137126472,31.5,3.4975250510048284,11.10325413017406,1.1455994183104097
2024_11_12,11_37_10_0,frame_428,0,255,45,1,False,False,True,3.284248251830181,True,[],,43.961655784673525,7.963876770050235,-1.0,0.2864063309307914,0.2876372495782683,31.5,2.8593669069208616,9.077355260066216,1.128715182750922
2024_11_12,11_37_10_0,frame_429,0,255,45,1,False,False,True,3.076127536506285,True,[],,48.84292283876309,14.114572373926077,-1.0,0.2913531158386337,0.2932485196564971,31.5,2.36468841613663,7.506947352814694,1.1086233871299185
2024_11_12,11_37_10_0,frame_430,0,255,38,1,False,False,True,2.9701667426338854,True,[],[    0.12498   -0.067175     0.98988],50.78383423989913,-0.7156780651095696,1.1767539031851415,0.276995386689877,0.2904524391260049,31.5,3.8004613310123005,12.064956606388256,1.0771008487518885
2024_11_12,11_37_10_0,frame_431,0,255,38,1,False,False,True,2.5288932115317606,True,[],[   -0.29008   -0.092664      0.9525],55.714825010202,0.8442837754214694,2.2067952155648136,0.2634582242230193,0.2772941758006396,31.5,5.154177577698071,16.362468500628783,1.0475439489089495
2024_11_12,11_37_10_0,frame_432,0,255,45,1,False,False,True,2.00147064570698,True,[],,,,,,,31.5,,,
2024_11_12,11_37_10_0,frame_433,0,255,45,1,False,False,True,1.7488110404640422,False,[],,,,,,,31.5,,,
2024_11_12,11_37_10_0,frame_434,0,255,45,1,False,False,True,1.396533068396496,False,[],,,,,,,31.5,,,
2024_11_12,11_37_10_0,frame_435,0,255,-1,1,False,False,True,1.0517059374603563,False,[],,,,,,,31.5,,,
2024_11_12,11_37_10_0,frame_436,0,255,-1,1,False,False,True,1.0454544730037627,False,[],,,,,,,31.5,,,
2024_11_12,11_37_10_0,frame_437,0,255,-1,1,False,False,True,1.094447943892615,False,[],,,,,,,31.5,,,
2024_11_12,11_37_10_0,frame_438,0,255,-1,1,False,False,True,1.750107931457203,False,[],,,,,,,31.5,,,
2024_11_12,11_37_10_0,frame_442,0,255,-1,1,False,False,True,1.8359072532553715,True,[],,,,,,,31.5,,,
2024_11_12,11_37_10_0,frame_443,0,255,-1,1,False,False,True,2.0715424056413414,True,[],,,,,,,31.5,,,
2024_11_12,11_37_10_0,frame_444,0,255,51,1,False,False,True,2.111111111111111,True,[],[    0.20502   -0.012786     0.97867],71.78805120621807,59.69090707083571,0.5496354030402198,0.1433433967151788,0.1496186238212914,31.5,17.16566032848212,54.49415977295911,0.835220302295021
2024_11_12,11_37_10_0,frame_445,0,255,51,1,False,False,True,1.875,True,[],,,,,,,31.5,,,
2024_11_12,11_37_10_0,frame_446,0,255,51,1,False,False,True,1.4339622641509433,False,[],,,,,,,31.5,,,
2024_11_12,11_37_10_0,frame_447,0,255,51,1,False,False,True,1.967883228522588,True,[],,,,,,,31.5,,,
2024_11_12,11_37_10_0,frame_448,0,255,51,1,False,False,True,1.538644595969927,False,[],,,,,,,31.5,,,
2024_11_12,11_37_10_0,frame_449,0,255,51,1,False,False,True,1.4477611570390203,False,[],,,,,,,31.5,,,
2024_11_12,11_37_10_0,frame_450,0,255,51,1,False,False,True,1.648017590934573,False,[],,,,,,,31.5,,,
2024_11_12,11_37_10_0,frame_451,0,255,51,1,False,False,True,2.526712659937965,True,[],,,,,,,31.5,,,
2024_11_12,11_37_10_0,frame_452,0,255,51,1,False,False,True,2.7169811320754715,True,[],[   -0.24487     0.72054    -0.64874],-41.22395957736409,109.91644331147616,0.2834162493116503,0.2732593248691222,0.2852616278792981,31.5,4.174067513087781,13.251007978056448,1.1318981136706934
2024_11_12,11_37_10_0,frame_453,0,255,51,1,False,False,True,2.875,True,[],[   -0.14264     0.83863     -0.5257],-32.0322906721472,99.9009697901685,0.2909330514881147,0.2908526091455483,0.2881909060082956,31.5,2.4147390854451736,7.665838366492592,1.1481696555454717
2024_11_12,11_37_10_0,frame_454,0,255,51,1,False,False,True,2.996669982092351,True,[],[  -0.088501     0.90502    -0.41606],-25.63422616875723,96.18944025471362,0.2795653145720906,0.277843355597187,0.2786515595797287,31.5,3.7156644402813015,11.79576012787715,1.1480148883671288
2024_11_12,11_37_10_0,frame_455,0,255,51,1,False,False,True,3.2809876776615177,True,[],[   -0.22286     0.73536    -0.63998],-23.01934035501047,93.55504000456924,1.4398425402112656,0.2795557635748751,0.2829494728235129,31.5,3.5444236425124913,11.25213854765868,1.139106620881388
2024_11_12,11_37_10_0,frame_456,0,255,51,1,False,False,True,3.0702475162615075,True,[],[    0.25781    -0.64587      0.7186],-28.90310196756023,91.99394385370158,1.114745295632564,0.3002512809253722,0.2958846339158153,31.5,1.4748719074627807,4.682133039564372,1.116475593504506
2024_11_12,11_37_10_0,frame_457,0,255,51,1,True,False,True,2.445447054151745,False,[],,,,,,,31.5,,,
2024_11_12,11_37_10_0,frame_466,0,255,-1,0,True,False,True,2.264630931906314,False,[],,,,,,,31.5,,,
2024_11_12,10_48_44_1,frame_8,0,255,-1,1,False,False,True,2.6065610192848574,True,[],[    0.61747    -0.25568     0.74388],3.411521538644737,4.753365519036252,0.9569803362094478,0.2714064406821731,0.2635394978802798,31.5,4.359355931782687,13.8392251802625,1.173780817809937
2024_11_12,10_48_44_1,frame_9,0,255,-1,1,False,False,True,3.130296408475153,True,[],,,,,,,31.5,,,
2024_11_12,10_48_44_1,frame_10,0,255,2,1,False,False,True,3.232914888551497,True,[],,,,,,,31.5,,,
2024_11_12,10_48_44_1,frame_11,0,255,2,1,False,False,True,3.0033919170529746,True,[],,,,,,,31.5,,,
2024_11_12,10_48_44_1,frame_12,0,255,2,1,False,False,True,3.2005279314136823,True,[],,,,,,,31.5,,,
2024_11_12,10_48_44_1,frame_17,0,255,-1,1,False,False,True,2.5758686296171343,True,[],,,,,,,31.5,,,
2024_11_12,10_48_44_1,frame_20,0,255,-1,1,False,False,True,2.404165021520148,True,[],[    0.10165     0.99035    0.094253],3.4191125414268684,84.96560269954082,0.1353369457832299,0.1351879994871632,0.1468038975405993,31.5,17.98120005128368,57.083174765979926,1.6105599029072315
2024_11_12,10_48_44_1,frame_20,0,127,-1,1,False,False,True,2.404165021520148,True,[],,,,,,,31.5,,,
2024_11_12,10_48_44_1,frame_24,0,255,-1,1,False,False,True,4.009915903685472,True,[],,,,,,,31.5,,,
2024_11_12,10_48_44_1,frame_25,0,255,-1,1,False,False,True,3.4176636172003825,True,[],[     0.2493     0.14617     0.95733],-11.029521020979756,8.58576522597258,1.3205312375145526,0.2882620216206806,0.2852188409170677,31.5,2.6737978379319394,8.488247104545842,1.3977177520022737
2024_11_12,10_48_44_1,frame_27,0,255,-1,1,False,False,True,4.275415697053751,True,[],[  -0.072045     0.14489     0.98682],-23.132898686129707,-1.579671650112709,0.5936346784020441,0.3042023658666718,0.3195118432214716,31.5,1.0797634133328167,3.427820359786724,1.415173901484294
2024_11_12,10_48_44_1,frame_29,0,255,-1,1,False,False,True,3.7804878048780486,True,[],[    0.87135  -0.0098084    -0.49056],-22.262874940280494,-0.2825038083099467,0.4213913616248955,0.3021749114240837,0.3009294019334697,31.5,1.2825088575916297,4.07145669076708,1.44346292523176
2024_11_12,10_48_44_1,frame_33,0,255,-1,1,False,False,True,3.9743589743589753,True,[],,-13.803221795770217,-0.610113521033935,-1.0,0.3017676149413954,0.2956607428759504,31.5,1.3232385058604592,4.200757161461771,1.4474029252721123
2024_11_12,10_48_44_1,frame_34,0,255,12,1,False,False,True,4.5588235294117645,True,[],[   -0.14162    0.073107     0.98722],-13.599159815409234,-1.3169013326160437,0.7036744382084159,0.3149478718544242,0.2950459108094966,31.5,0.005212814557580714,0.0165486176431154,1.450104181316764
2024_11_12,10_48_44_1,frame_35,0,255,12,1,False,False,True,4.935483870967742,True,[],[   -0.16019    0.063392     0.98505],-12.741890703762344,0.0456315818535347,0.7456815482469419,0.2991422224966987,0.2867167446600676,31.5,1.5857777503301307,5.034215080413113,1.4528048767148918
2024_11_12,10_48_44_1,frame_36,0,255,12,1,False,False,True,4.371428571428571,True,[],[   -0.14378    0.064803     0.98749],-12.492819853114568,-0.6017081983450182,0.6696347821008615,0.3096214758054377,0.3048185572018005,31.5,0.5378524194562289,1.7074679982737304,1.4629488676303355
2024_11_12,10_48_44_1,frame_37,0,255,12,1,False,False,True,4.081081081081081,True,[],[  -0.014247    0.062763     0.99793],-6.020738365484916,-3.75285819021703,0.6777657059153221,0.3028536155313381,0.2896362471307185,31.5,1.2146384468661893,3.8559950694164575,1.4703743177235815
2024_11_12,10_48_44_1,frame_38,0,255,12,1,False,False,True,4.194444444444445,True,[],[   0.017968    0.072473     0.99721],-2.9759548790281665,-0.9254563056938776,0.6683774238486342,0.3026299793171154,0.3065727157606984,31.5,1.2370020682884615,3.9269906929792255,1.47814899842515
2024_11_12,10_48_44_1,frame_39,0,255,12,1,False,False,True,4.027027027027027,True,[],[  -0.018305    0.081799     0.99648],1.6412419974205,-3.5625849309175144,0.652745844111879,0.3006838212586916,0.2899109302964085,31.5,1.4316178741308399,4.544818648034401,1.4897397697628951
2024_11_12,10_48_44_1,frame_40,0,255,12,1,False,False,True,4.0,True,[],[   0.034176    0.078809      0.9963],6.737928932447966,-6.360924731121609,0.6643687140110754,0.2990574191899406,0.301987435903615,31.5,1.5942580810059397,5.061136765098202,1.4976861605574672
2024_11_12,10_48_44_1,frame_41,0,255,12,1,False,False,True,4.0285714285714285,True,[],[  -0.036344     0.09444     0.99487],10.921318147019862,-5.789226771928954,0.6842104092282202,0.2976920574838368,0.2955967722763714,31.5,1.7307942516163202,5.494584925766074,1.5087376584730623
2024_11_12,10_48_44_1,frame_42,0,255,12,1,False,False,True,3.435897435897436,True,[],[   0.025578    0.079996     0.99647],9.855343921671526,-9.835280767148642,0.8039837924566611,0.2866230476134628,0.2799817851626356,31.5,2.837695238653719,9.008556313186396,1.529693929349064
2024_11_12,10_48_44_1,frame_43,0,255,12,1,False,False,True,3.7433864393361262,True,[],[   0.087347      0.0514     0.99485],10.115134613958594,-15.023193181500748,0.6876755081076364,0.2930233826468906,0.2845192605770503,31.5,2.197661735310941,6.9767039216220335,1.5499094518506729
2024_11_12,10_48_44_1,frame_44,0,255,12,1,False,False,True,3.520661705761024,True,[],[   0.067564    0.049478     0.99649],8.521754880756243,-18.45714736352981,0.6758399478338162,0.2955396510665057,0.2867012293744617,31.5,1.946034893349431,6.17788855031565,1.5698059936213626
2024_11_12,10_48_44_1,frame_45,0,255,12,1,False,False,True,3.7719293697342176,True,[],[   0.067886    0.053353     0.99627],6.418749823311097,-17.588473703034992,0.6519396573428622,0.2943511217373597,0.2939968147477969,31.5,2.0648878262640267,6.555199448457231,1.587028943299826
2024_11_12,10_48_44_1,frame_46,0,255,12,1,False,False,True,4.210300430719193,True,[],[   0.024874    0.081271     0.99638],6.984762913486358,-15.14800746838632,0.6622646185639811,0.2996599219026192,0.2966902240921621,31.5,1.5340078097380818,4.869866062660573,1.600322785334426
2024_11_12,10_48_44_1,frame_47,0,255,12,1,False,False,True,4.236486739155189,True,[],[  -0.016096    0.096611     0.99519],6.192581071574865,-16.11368109030147,0.6834740424799008,0.3011946923896663,0.2901918597177952,31.5,1.38053076103337,4.382637336613861,1.615591562357708
2024_11_12,10_48_44_1,frame_48,0,255,12,1,False,False,True,4.0888888478929415,True,[],[  0.0057889    0.093918     0.99556],1.29416141394471,-16.46595612259868,0.693936213374976,0.2983686294911945,0.2897555444296709,31.5,1.6631370508805468,5.279800161525548,1.631286928567632
2024_11_12,10_48_44_1,frame_49,0,255,12,1,False,False,True,4.00774717121633,True,[],[  -0.054057    0.090918     0.99439],-10.140046416088108,-7.982297362872052,0.7207752108881023,0.3029159152198763,0.3002406929851301,31.5,1.2084084780123696,3.836217390515455,1.645406797659832
2024_11_12,10_48_44_1,frame_50,0,255,12,1,False,False,True,3.941176470588236,True,[],[  -0.040504     0.05797      0.9975],-20.047657215966822,-4.019378093134426,0.7204524705267821,0.3025244415463468,0.2973663884097703,31.5,1.2475558453653228,3.960494747191482,1.6602051525574768
2024_11_12,10_48_44_1,frame_51,0,255,12,1,False,False,True,4.03030303030303,True,[],[  -0.095226    0.028664     0.99504],-28.829989377489447,0.9672016831748844,0.823297580428227,0.3159490816960965,0.3059585826820659,31.5,0.0949081696096492,0.3012957765385639,1.6743912395295644
2024_11_12,10_48_44_1,frame_52,0,255,12,1,False,False,True,4.133505607273247,True,[],[  -0.059811    0.015298     0.99809],-31.73746007797271,4.213752675461643,0.8977906941486924,0.3192624657758063,0.3086800420278566,31.5,0.4262465775806312,1.3531637383512067,1.6923808681066514
2024_11_12,10_48_44_1,frame_53,0,255,12,1,False,False,True,4.357778971677996,True,[],[  -0.065906     0.01223     0.99775],-32.393813485127886,6.641608902211004,0.8261811166696018,0.3138120308768005,0.3118361344654332,31.5,0.11879691231995082,0.377133054983956,1.7116748544071498
2024_11_12,10_48_44_1,frame_54,0,255,12,1,False,False,True,4.07556272752131,True,[],[  -0.045733   0.0027409     0.99895],-32.88321088191604,6.8902115816271685,0.7753996475156872,0.3090224108335236,0.3043475414075715,31.5,0.5977589166476385,1.8976473544369328,1.7272463061398842
2024_11_12,10_48_44_1,frame_55,0,255,12,1,False,False,True,4.058824059141682,True,[],[  -0.062911   -0.026265     0.99767],-29.480749326561103,10.829153278858817,0.7736115353821784,0.325925503801767,0.346283276953635,31.5,1.0925503801766965,3.468413905322853,1.7499687694466632
2024_11_12,10_48_44_1,frame_56,0,255,12,1,False,False,True,4.118109877360591,True,[],[  -0.067388   -0.018759     0.99755],-27.90075675136986,11.01212911777235,0.7891825823096952,0.3160534287635583,0.3050620808698745,31.5,0.10534287635583084,0.334421829701046,1.770229881748492
2024_11_12,10_48_44_1,frame_57,0,255,12,1,False,False,True,3.63655989767636,True,[],[  -0.013666   0.0048364     0.99989],-20.23502078938473,9.887823903567073,0.7709640763080308,0.3033717390682928,0.2929545188483914,31.5,1.1628260931707217,3.691511406891161,1.785620686590575
2024_11_12,10_48_44_1,frame_58,0,255,12,1,False,False,True,3.898744721857341,True,[],[   0.083667    0.021931     0.99625],-23.046297565990443,10.543000399381462,0.759932136178894,0.3178379451130865,0.3159887523863183,31.5,0.2837945113086491,0.9009349565353946,1.7975657486266614
2024_11_12,10_48_44_1,frame_59,0,255,12,1,False,False,True,4.228813295562959,True,[],[     0.0359   0.0027412     0.99935],-27.78086314641372,18.411788675342184,0.7072584979595526,0.3084856350794116,0.3034871914063675,31.5,0.6514364920588385,2.0680523557423425,1.8335239081867056
2024_11_12,10_48_44_1,frame_60,0,255,12,1,False,False,True,4.390624835397147,True,[],[-6.3885e-05   -0.041174     0.99915],-33.59962433170849,23.13950813176746,0.704364457041841,0.3244755646378833,0.3132162598156688,31.5,0.9475564637883309,3.0081157580581888,1.8593701049205749
2024_11_12,10_48_44_1,frame_61,0,255,12,1,False,False,True,4.096153860082007,True,[],[  0.0023401   -0.038822     0.99924],-29.622737813617285,26.935247985255444,0.6885183347524302,0.3059558071555219,0.3021887530349866,31.5,0.9044192844478118,2.871172331580333,1.877657343656801
2024_11_12,10_48_44_1,frame_62,0,255,12,1,False,False,True,3.9854011275491903,True,[],,,,,,,31.5,,,
2024_11_12,10_48_44_1,frame_63,0,255,12,1,False,False,True,3.815789535328362,True,[],,,,,,,31.5,,,
2024_11_12,10_48_44_1,frame_64,0,255,12,1,False,False,True,3.900158365352199,True,[],,,,,,,31.5,,,
2024_11_12,10_48_44_1,frame_65,0,255,12,1,False,False,True,4.032258242037936,True,[],,,,,,,31.5,,,
2024_11_12,10_48_44_1,frame_66,0,255,12,1,False,False,True,4.179837071920838,True,[],[   0.030658   0.0019295     0.99953],-11.947403474582764,6.17088968331775,0.7092513087000238,0.3076005179739681,0.3088631049720278,31.5,0.7399482026031912,2.349041913026004,1.965813759830663
2024_11_12,10_48_44_1,frame_67,0,255,12,1,False,False,True,4.367003972910922,True,[],[    0.10018    0.002873     0.99496],-0.1426545283321745,-16.059198920153662,0.6777482566834101,0.2959563851107506,0.2874537944320346,31.5,1.9043614889249376,6.045592028333138,1.950837622899397
2024_11_12,10_48_44_1,frame_68,0,255,18,1,False,False,True,4.248809355059321,True,[],,,,,,,31.5,,,
2024_11_12,10_48_44_1,frame_68,0,127,12,1,False,False,True,4.271100683127036,True,[],[    0.14219   -0.041274     0.98898],7.007189280228952,-26.657737281659983,0.7007624482744534,0.301426071854448,0.305974733889645,31.5,1.357392814555201,4.309183538270485,1.964191700623576
2024_11_12,10_48_44_1,frame_69,0,255,18,1,False,False,True,3.942307544043514,True,[],,,,,,,31.5,,,
2024_11_12,10_48_44_1,frame_69,0,127,12,1,False,False,True,4.13128494220231,True,[],,,,,,,31.5,,,
2024_11_12,10_48_44_1,frame_70,0,255,20,1,False,False,True,1.4,False,[],,,,,,,31.5,,,
2024_11_12,10_48_44_1,frame_70,0,170,18,1,False,False,True,4.419557618432027,True,[],,,,,,,31.5,,,
2024_11_12,10_48_44_1,frame_70,0,85,12,1,False,False,True,3.894230808651691,True,[],,,,,,,31.5,,,
2024_11_12,10_48_44_1,frame_71,0,255,20,1,False,False,True,1.1538461538461535,False,[],,,,,,,31.5,,,
2024_11_12,10_48_44_1,frame_71,0,170,18,1,False,False,True,4.209039601283078,True,[],,,,,,,31.5,,,
2024_11_12,10_48_44_1,frame_71,0,85,12,1,False,False,True,3.8190475753838538,True,[],,,,,,,31.5,,,
2024_11_12,10_48_44_1,frame_72,0,255,12,1,False,False,True,3.958158750509992,True,[],,,,,,,31.5,,,
2024_11_12,10_48_44_1,frame_73,0,255,20,1,False,False,True,1.0434782608695652,False,[],,,,,,,31.5,,,
2024_11_12,10_48_44_1,frame_73,0,127,12,1,False,False,True,4.2089933590201305,True,[],,,,,,,31.5,,,
2024_11_12,10_48_44_1,frame_74,0,255,12,1,False,False,True,3.859195137187097,True,[],,,,,,,31.5,,,
2024_11_12,10_48_44_1,frame_75,0,255,18,1,False,False,True,4.651530799200127,True,[],,,,,,,31.5,,,
2024_11_12,10_48_44_1,frame_75,0,127,12,1,False,False,True,5.651163035200613,True,[],,,,,,,31.5,,,
2024_11_12,10_48_44_1,frame_76,0,255,18,1,False,False,True,4.9065424572436855,True,[],,,,,,,31.5,,,
2024_11_12,10_48_44_1,frame_76,0,127,12,1,False,False,True,4.872092989230069,True,[],,0.2490382558241143,-12.199691484405797,-1.0,0.2887350255047711,0.2992551784926336,31.5,2.6264974495228905,8.33808714134251,2.082657331966685
2024_11_12,10_48_44_1,frame_77,0,255,12,1,False,False,True,5.15,True,[],,6.174189886229724,-1.271016564528638,-1.0,0.305063367158665,0.3072384300348662,31.5,0.9936632841335005,3.1544866162968264,2.109045168268028
2024_11_12,10_48_44_1,frame_78,0,255,12,1,False,False,True,3.3449720960498395,True,[],[    0.07938   -0.056096     0.99526],6.853237298234601,15.24610835282979,0.5367266418717977,0.2903870164845736,0.2981019165565351,31.5,2.4612983515426414,7.813645560452807,2.148398265378951
2024_11_12,10_48_44_1,frame_79,0,255,12,1,False,False,True,3.706214790621389,True,[],,,,,,,31.5,,,
2024_11_12,10_48_44_1,frame_80,0,255,24,1,False,False,True,5.0774861070039305,True,[],[   -0.57469      0.1278     0.80833],52.26955876064214,166.92678255303852,0.458165308516792,0.4238887162054034,0.4457817622204501,31.5,10.888871620540343,34.5678464144138,2.361755734447267
2024_11_12,10_48_44_1,frame_80,0,170,23,1,False,False,True,2.63959403923958,True,[],,,,,,,31.5,,,
2024_11_12,10_48_44_1,frame_80,0,85,12,1,False,False,True,4.2285713669166105,True,[],,,,,,,31.5,,,
2024_11_12,10_48_44_1,frame_81,0,255,24,1,False,False,True,4.616438264485487,True,[],[  -0.084856   -0.044687     0.99539],56.797301335437545,170.43336105409622,1.3767602462689703,0.4270769055951244,0.4055979778527124,31.5,11.207690559512443,35.57997003019824,2.39863508039618
2024_11_12,10_48_44_1,frame_81,0,127,12,1,False,False,True,4.5151514086426765,True,[],,,,,,,31.5,,,
2024_11_12,10_48_44_1,frame_82,0,255,24,1,False,False,True,4.617688476135949,True,[],[   -0.40788     0.10967     0.90643],62.08648703892893,164.94112860355148,0.4939880412243278,0.3892142722049359,0.400319536331414,31.5,7.421427220493584,23.56008641426536,2.420310999304227
2024_11_12,10_48_44_1,frame_82,0,127,12,1,False,False,True,4.4848483461393,True,[],,,,,,,31.5,,,
2024_11_12,10_48_44_1,frame_83,0,255,24,1,False,False,True,3.4163264988475124,True,[],[   -0.45928     0.13209     0.87841],53.7745844213414,161.03033252859828,0.4157982598608958,0.34200386405395,0.3841497611515193,31.5,2.700386405395001,8.572655255222223,2.404961705823363
2024_11_12,10_48_44_1,frame_83,0,127,12,1,False,False,True,4.523994444071629,True,[],,,,,,,31.5,,,
2024_11_12,10_48_44_1,frame_84,0,255,23,1,False,False,True,3.3421050121040725,True,[],,,,,,,31.5,,,
2024_11_12,10_48_44_1,frame_84,0,170,24,1,False,False,True,3.55621341146224,True,[],[   -0.28543    0.090524     0.95411],69.95978611523438,160.92682274200732,0.5017387874226158,0.4368509396664908,0.4393144092602153,31.5,12.185093966649077,38.68283798936216,2.463261202667771
2024_11_12,10_48_44_1,frame_84,0,85,12,1,False,False,True,4.643784707586482,True,[],,,,,,,31.5,,,
2024_11_12,10_48_44_1,frame_85,0,255,23,1,False,False,True,3.378378397070686,True,[],,,,,,,31.5,,,
2024_11_12,10_48_44_1,frame_85,0,127,12,1,False,False,True,4.549020007939519,True,[],,,,,,,31.5,,,
2024_11_12,10_48_44_1,frame_86,0,255,24,1,False,False,True,3.5256411168481447,True,[],,,,,,,31.5,,,
2024_11_12,10_48_44_1,frame_86,0,127,12,1,False,False,True,4.439295125256892,True,[],,,,,,,31.5,,,
2024_11_12,10_48_44_1,frame_87,0,255,12,1,False,False,True,4.549296337003868,True,[],[    0.23862  0.00095689     0.97111],-20.033335069349526,21.77598119294447,0.7517006197911478,0.3103389409755527,0.3074426220265632,31.5,0.46610590244473116,1.4797012776023175,2.242512242750321
2024_11_12,10_48_44_1,frame_88,0,255,24,1,False,False,True,3.7680001117526847,True,[],[   -0.35051     0.11537     0.92943],56.182226373728405,159.34675863176244,0.5725623984009585,0.3817945125766375,0.3712311531073708,31.5,6.67945125766375,21.204607167186523,2.602729569021261
2024_11_12,10_48_44_1,frame_88,0,170,23,1,False,False,True,3.442623151598762,True,[],[    0.43707    0.038766     0.89859],64.20190182457908,5.049881347961306,0.2917155919968195,0.2917526973475883,0.2904927594723615,31.5,2.324730265241172,7.380096080130681,2.6175422240913164
2024_11_12,10_48_44_1,frame_88,0,85,12,1,False,False,True,4.648969495035624,True,[],[    0.21479    0.010199     0.97661],-25.21783534652273,17.475120627277676,0.6977299713313041,0.320457801272318,0.317307432299148,31.5,0.5457801272318008,1.73263532454541,2.265638563665039
2024_11_12,10_48_44_1,frame_89,0,255,24,1,False,False,True,3.0531918729900926,True,[],[   -0.31955      0.0887     0.94341],68.34526358582386,165.84328956569183,0.4633789780253416,0.4354421751037551,0.4190707021052845,31.5,12.04421751037551,38.23561114404926,2.662530167456026
2024_11_12,10_48_44_1,frame_89,0,170,23,1,False,False,True,3.6000003411969272,True,[],[    0.37115    0.044533     0.92751],67.89438313490422,6.698172592169096,0.3449551943862818,0.34504353286323,0.3252309923545202,31.5,3.0043532863229956,9.537629480390468,2.639526563623677
2024_11_12,10_48_44_1,frame_89,0,85,12,1,False,False,True,4.8487059676070565,True,[],[   0.042662    -0.07163     0.99652],-30.631287225216727,15.799596120535105,0.6816167390689762,0.3401789230723473,0.3385408088021139,31.5,2.5178923072347317,7.993308911856291,2.2921516119669647
2024_11_12,10_48_44_1,frame_90,0,255,12,1,False,False,True,5.1287259918693735,True,[],[    0.11224   -0.053462     0.99224],82.39993192432449,-26.661175137955176,0.6626228194973329,0.6633039631354452,0.8088589263923454,31.5,34.83039631354451,110.5726867096651,2.369687193952376
2024_11_12,10_48_44_1,frame_91,0,255,23,1,False,False,True,2.8050847183045784,True,[],[    0.35107     0.03203      0.9358],-1.0,-1.0,-1.0,-1.0,0.1053033332023874,31.5,131.5,,2.585145315371061
2024_11_12,10_48_44_1,frame_91,0,127,12,1,False,False,True,5.38805952290565,True,[],[   0.099209   -0.049428     0.99384],-32.363792840314574,9.08143169021296,0.6583799470350784,0.3179781763328105,0.328345853922933,31.5,0.29781763328104915,0.9454528040668432,2.3510285587328386
2024_11_12,10_48_44_1,frame_92,0,255,23,1,False,False,True,3.666666745647429,True,[],,,,,,,31.5,,,
2024_11_12,10_48_44_1,frame_92,0,127,12,1,False,False,True,5.510242805733601,True,[],[    0.16851   -0.020917     0.98548],-15.549559808486576,5.961515455916471,0.6751380749447145,0.3198619252277694,0.3066882226662358,31.5,0.48619252277693903,1.5434683262760187,2.368878354755368
2024_11_12,10_48_44_1,frame_93,0,255,23,1,False,False,True,4.354839031703393,True,[],,,,,,,31.5,,,
2024_11_12,10_48_44_1,frame_93,0,127,12,1,False,False,True,5.763325714954356,True,[],[    0.21173   0.0046921     0.97732],-1.0,-1.0,-1.0,-1.0,0.8645938248486871,31.5,131.5,,2.3980243798208547
2024_11_12,10_48_44_1,frame_94,0,255,23,1,False,False,True,3.477272817853617,True,[],,,,,,,31.5,,,
2024_11_12,10_48_44_1,frame_94,0,127,12,1,False,False,True,5.597209084108923,True,[],[    0.20177   -0.015958      0.9793],-22.799236577598776,4.919897708772518,0.8001628330818935,0.3051561412907368,0.318336430512918,31.5,0.9843858709263174,3.125034510877202,2.4005503759334226
2024_11_12,10_48_44_1,frame_95,0,255,23,1,False,False,True,2.912194983047246,True,[],,,,,,,31.5,,,
2024_11_12,10_48_44_1,frame_95,0,127,12,1,False,False,True,4.90573782981333,True,[],[    0.12149   -0.025428     0.99227],-3.315735228866973,4.235606268698096,0.6946533528605587,0.2244575161692999,0.2175976697332817,31.5,9.05424838307001,28.74364566053969,2.4262853050773794
2024_11_12,10_48_44_1,frame_96,0,255,23,1,False,False,True,3.114754274705146,True,[],,,,,,,31.5,,,
2024_11_12,10_48_44_1,frame_96,0,127,12,1,False,False,True,4.4941174859651785,True,[],[   -0.10728    -0.10571     0.98859],-31.51426730751097,17.15021444257139,0.6441618143008006,0.3381206943309801,0.3303441217068413,31.5,2.31206943309801,7.3399029622159135,2.4897595710921707
2024_11_12,10_48_44_1,frame_97,0,255,23,1,False,False,True,3.0149256429419315,True,[],,,,,,,31.5,,,
2024_11_12,10_48_44_1,frame_97,0,127,12,1,False,False,True,4.259637781251676,True,[],[   -0.18819    -0.16358     0.96841],62.54186755905531,-146.33909013810194,0.6954905430605183,0.6015412540954972,0.7832105674871588,31.5,28.65412540954972,90.96547749063404,2.53309018072024
2024_11_12,10_48_44_1,frame_98,0,255,23,1,False,False,True,2.649999892104068,True,[],,,,,,,31.5,,,
2024_11_12,10_48_44_1,frame_98,0,127,12,1,False,False,True,3.972028130972925,True,[],,,,,,,31.5,,,
2024_11_12,10_48_44_1,frame_99,0,255,23,1,False,False,True,2.2942944171122592,True,[],,,,,,,31.5,,,
2024_11_12,10_48_44_1,frame_99,0,127,12,1,False,False,True,4.225399597579455,True,[],,,,,,,31.5,,,
2024_11_12,10_48_44_1,frame_100,0,255,12,1,False,False,True,4.607143173674316,True,[],,,,,,,31.5,,,
2024_11_12,10_48_44_1,frame_101,0,255,12,1,False,False,True,4.339285934945515,True,[],,,,,,,31.5,,,
2024_11_12,10_48_44_1,frame_102,0,255,12,1,False,False,True,4.235492177759269,True,[],,,,,,,31.5,,,
2024_11_12,10_48_44_1,frame_103,0,255,12,1,False,False,True,4.300731679399735,True,[],,,,,,,31.5,,,
2024_11_12,10_48_44_1,frame_104,0,255,12,1,False,False,True,4.121212564302445,True,[],,,,,,,31.5,,,
2024_11_12,10_48_44_1,frame_105,0,255,24,1,False,False,True,2.273615609876008,True,[],[  -0.083903    0.042009     0.99559],77.03069450532504,162.966633944592,0.4304440366914406,0.3572015019017551,0.3531839752163848,31.5,4.220150190175509,13.39730219103338,2.9564990986444304
2024_11_12,10_48_44_1,frame_105,0,127,12,1,False,False,True,4.002873674489982,True,[],[     0.4751    0.052594     0.87836],-5.583510781304219,14.527912218412853,0.5440128524292294,0.3013917155239105,0.2841609037725355,31.5,1.3608284476089523,4.320090309869691,2.642237670817916
2024_11_12,10_48_44_1,frame_106,0,255,12,1,False,False,True,4.15,True,[],[    0.37643  -0.0017996     0.92644],-10.470257103213076,3.262169342480066,0.6228209160373122,0.2924739286846441,0.2844586974553814,31.5,2.252607131535587,7.151133750906615,2.634058086506765
2024_11_12,10_48_44_1,frame_107,0,255,12,1,False,False,True,3.825601474483644,True,[],[    0.45331   -0.068734      0.8887],3.577382698837092,-11.041180667726014,0.637945604421307,0.2920574039085762,0.2838942458581827,31.5,2.2942596091423795,7.283363838547237,2.602482832224437
2024_11_12,10_48_44_1,frame_108,0,255,12,1,False,False,True,4.0,True,[],,16.53255645153593,-25.31823624467233,-1.0,0.2851557705786882,0.2892557672087537,31.5,2.9844229421311823,9.474358546448178,2.5969653591978856
2024_11_12,10_48_44_1,frame_109,0,255,12,1,False,False,True,3.772129812819708,True,[],,,,,,,31.5,,,
2024_11_12,10_48_44_1,frame_110,0,255,12,1,False,False,True,3.799999784208136,True,[],,,,,,,31.5,,,
2024_11_12,10_48_44_1,frame_111,0,255,12,1,False,False,True,4.1889095061042045,True,[],,,,,,,31.5,,,
2024_11_12,10_48_44_1,frame_112,0,255,12,1,False,False,True,3.779999993176062,True,[],,,,,,,31.5,,,
2024_11_12,10_48_44_1,frame_117,0,255,-1,1,False,False,True,1.931166031203203,True,[],,,,,,,31.5,,,
2024_11_12,10_48_44_1,frame_118,0,255,27,1,False,False,True,2.7368425685283,True,[],,,,,,,31.5,,,
2024_11_12,10_48_44_1,frame_119,0,255,27,1,False,False,True,3.31538458892481,True,[],,,,,,,31.5,,,
2024_11_12,10_48_44_1,frame_120,0,255,27,1,False,False,True,3.807017522856453,True,[],,,,,,,31.5,,,
2024_11_12,10_48_44_1,frame_121,0,255,27,1,False,False,True,4.1736357156983095,True,[],,,,,,,31.5,,,
2024_11_12,10_48_44_1,frame_123,0,255,-1,1,False,False,True,3.2857142857142856,True,[],[   -0.30759   0.0040451     0.95151],50.6270618644174,175.54697858149984,0.4948581557359461,0.3308155381271411,0.3120887879355261,31.5,1.5815538127141124,5.020805754647984,2.105332921355604
2024_11_12,10_48_44_1,frame_125,0,255,-1,1,False,False,True,3.661290522292678,True,[],,,,,,,31.5,,,
2024_11_12,10_48_44_1,frame_126,0,255,29,1,False,False,True,3.5641026350400624,True,[],,,,,,,31.5,,,
2024_11_12,10_48_44_1,frame_127,0,255,29,1,False,False,True,3.4339619051749284,True,[],,,,,,,31.5,,,
2024_11_12,10_48_44_1,frame_128,0,255,29,1,False,False,True,3.5397553422794688,True,[],,,,,,,31.5,,,
2024_11_12,10_48_44_1,frame_129,0,255,29,1,False,False,True,3.3823527098658306,True,[],,,,,,,31.5,,,
2024_11_12,10_48_44_1,frame_130,0,255,29,1,False,False,True,3.5264317611140577,True,[],[   -0.59695   -0.093809     0.79678],-42.80080606308225,6.618676306706724,0.5748490281830674,0.307881828854827,0.3096001923803682,31.5,0.7118171145172987,2.259736871483472,2.0282858204914302
2024_11_12,10_48_44_1,frame_131,0,255,29,1,False,False,True,4.017241326061722,True,[],,,,,,,31.5,,,
2024_11_12,10_48_44_1,frame_132,0,255,29,1,False,False,True,4.608163585535658,True,[],,,,,,,31.5,,,
2024_11_12,10_48_44_1,frame_133,0,255,29,1,False,False,True,5.310744346047096,True,[],,-31.187538939771347,23.10614515021885,-1.0,0.2868538539884212,0.3059783876562199,31.5,2.814614601157878,8.935284448120246,2.152361456620491
2024_11_12,10_48_44_1,frame_134,0,255,29,1,False,False,True,5.9202730948446245,True,[],[    0.84021     0.43648    -0.32177],-18.46385873612168,27.39646118144601,0.3079368510301668,0.3079533606926248,0.3001488498114311,31.5,0.7046639307375209,2.2370283515476657,2.17674184475449
2024_11_12,10_48_44_1,frame_135,0,255,29,1,False,False,True,3.402985116430897,True,[],,-0.2230711965677245,19.552816986460066,-1.0,0.2943953410228029,0.2891935062294887,31.5,2.060465897719709,6.541161580062554,2.144698193445535
2024_11_12,10_48_44_1,frame_136,0,255,29,1,False,False,True,3.8739033219991073,True,[],[    0.98577     0.10717     0.12953],5.328565504953567,6.510547509605793,0.3014779853710331,0.2950489986646099,0.2848298520508428,31.5,1.9951001335390117,6.33365121758415,2.135306988614897
2024_11_12,10_48_44_1,frame_137,0,255,29,1,False,False,True,4.463954516608248,True,[],,0.7735917171697969,4.0264654801100885,-1.0,0.3027042878929677,0.2900795673013261,31.5,1.2295712107032273,3.903400668899121,2.0789544316374253
2024_11_12,10_48_44_1,frame_138,0,255,29,1,False,False,True,3.7519584547473954,True,[],,5.780200703272358,10.878422017465184,-1.0,0.2949657243986434,0.3001033711509163,31.5,2.0034275601356626,6.3600874924941655,2.0316217819811184
2024_11_12,10_48_44_1,frame_139,0,255,29,1,False,False,True,3.618556530513694,True,[],[    0.96825     0.24556    0.046749],0.9476499093202287,14.138597410606616,0.3016716220256627,0.2972879738559821,0.3031512440485678,31.5,1.7712026144017905,5.622865442545366,1.9940249270644923
2024_11_12,10_48_44_1,frame_140,0,255,29,1,False,False,True,3.600788670266849,True,[],[    0.94272     0.33358   0.0029399],-0.3232520114530492,19.275623166492736,0.2999025487825631,0.3002184555675537,0.3062159789971951,31.5,1.4781544432446267,4.692553788078184,1.969399946139956
2024_11_12,10_48_44_1,frame_141,0,255,29,1,False,False,True,3.863380579144068,True,[],[    0.92758     0.36246   -0.090655],-3.850187245810104,20.6631799961146,0.3003691659116425,0.3009752034642554,0.3075200113871325,31.5,1.4024796535744635,4.452316360553848,1.9641685797235056
2024_11_12,10_48_44_1,frame_142,0,255,29,1,False,False,True,3.907407518121655,True,[],[    0.95396     0.29933   -0.019002],-1.6216253158355405,17.68866990772692,0.3068836532920849,0.3068449326268473,0.3035152997566076,31.5,0.8155067373152676,2.5889102771913306,1.954461883666904
2024_11_12,10_48_44_1,frame_143,0,255,29,1,False,False,True,3.829126239414069,True,[],[    0.96207      0.2629   -0.072848],-5.78274887906733,14.99566303281678,0.3001176624344691,0.2994077219228872,0.298513067321241,31.5,1.5592278077112773,4.94992954828977,1.9524179758845213
2024_11_12,10_48_44_1,frame_144,0,255,29,1,False,False,True,4.034825692382534,True,[],[     0.9659     0.20082    -0.16341],-10.749125827402644,11.502664908931372,0.3065003762455941,0.3073483037777751,0.2974889261925673,31.5,0.7651696222224871,2.429109911817408,1.9588524971689496
2024_11_12,10_48_44_1,frame_145,0,255,-1,1,False,False,True,4.339011583129144,True,[],[    0.80999     0.17122    -0.56089],-25.94697720402073,10.740922123612412,0.6218243593821393,0.3107737057891698,0.3073211175597805,31.5,0.4226294210830197,1.3416807018508414,1.9749461845316068
2024_11_12,10_48_44_1,frame_147,0,255,-1,1,False,False,True,3.9747898880537833,True,[],[    0.89547    -0.23685    -0.37687],-22.114414326705184,-14.90432735242356,0.3009198187705529,0.3009410972940719,0.3025518202675527,31.5,1.4058902705928062,4.463143716167644,1.990080733753252
2024_11_12,10_48_44_1,frame_157,0,255,-1,1,False,False,True,2.7702232621620797,True,[],,-6.653535348672437,-6.585469783954983,-1.0,0.2207027883149641,0.2307236101516901,31.5,9.42972116850359,29.935622757154256,1.372111586770233
2024_11_12,10_48_44_1,frame_159,0,255,-1,1,False,False,True,3.2590215131216813,True,[],[    0.93079   -0.040236    -0.36334],-2.417714841051464,-4.031638868534361,0.2617047215623505,0.2072861376761544,0.2179333029174076,31.5,10.771386232384561,34.194876928204955,1.1786720032598776
2024_11_12,10_48_44_1,frame_160,0,255,-1,1,False,False,True,3.1108863282134163,True,[],[    0.14445   -0.031259     0.98902],-22.775908028704137,-11.937395067543696,1.741419689704531,0.2665651319744943,0.2865066746692858,31.5,4.843486802550572,15.376148579525628,1.1278469391792711
2024_11_12,10_48_44_1,frame_162,0,255,-1,1,False,False,True,3.1229199634329348,True,[],,-15.993803579155504,-17.295743644596424,-1.0,0.2067290783642213,0.19369087272988,31.5,10.82709216357787,34.371721154215464,1.1291676538419502
2024_11_12,10_48_44_1,frame_208,0,255,-1,1,False,False,True,5.697578880257827,True,[],,,,,,,31.5,,,
2024_11_12,10_48_44_1,frame_212,0,255,-1,1,False,False,True,5.019977735650576,True,[],,,,,,,31.5,,,
2024_11_12,10_48_44_1,frame_213,0,255,38,1,False,False,True,5.13386444495682,True,[],,,,,,,31.5,,,
2024_11_12,10_48_44_1,frame_214,0,255,38,1,False,False,True,5.197651441053242,True,[],,-7.491863781548391,-23.935343494194,-1.0,0.3068811096507529,0.2941807966130608,31.5,0.811889034924711,2.577425507697499,1.0385981914688385
2024_11_12,10_48_44_1,frame_215,0,255,38,1,False,False,True,4.922432709519486,True,[],,-6.006094274948448,-14.379051756874222,-1.0,0.306518053642427,0.2924176018615119,31.5,0.8481946357572987,2.692681383356504,1.0258544433798635
2024_11_12,10_48_44_1,frame_216,0,255,38,1,False,False,True,4.9016392416600985,True,[],,-10.18339118732567,-12.790337998164087,-1.0,0.3087472181495432,0.3027088732287435,31.5,0.6252781850456799,1.985010111256128,1.012025824898443
2024_11_12,10_48_44_1,frame_217,0,255,38,1,False,False,True,4.559090847022224,True,[],[    0.98073    -0.19108   -0.040653],-14.485802638467854,-11.143315066791931,0.3277730795570554,0.3069887387077145,0.2933959869974047,31.5,0.8011261292285532,2.5432575531065145,0.999129946740324
2024_11_12,10_48_44_1,frame_218,0,255,38,1,False,False,True,4.512363053918298,True,[],[     0.6217     -0.1113     0.77531],-17.964974342462195,-4.542431509639097,2.432182663601356,0.3077230839888751,0.2969070443757881,31.5,0.7276916011124896,2.31013206702376,0.98418526665581
2024_11_12,10_48_44_1,frame_219,0,255,38,1,False,False,True,4.759258801390867,True,[],[    0.53138    -0.10893      0.8401],-21.966366483143005,0.2212012890286031,2.515974427703341,0.3065157752344314,0.2968784323313136,31.5,0.8484224765568591,2.6934046874820754,0.9641429160385196
2024_11_12,10_48_44_1,frame_220,0,255,38,1,True,False,True,4.603448275862069,False,[],,,,,,,31.5,,,
2024_11_12,10_48_44_1,frame_221,0,255,38,1,True,False,True,3.7313432835820897,False,[],,,,,,,31.5,,,
2024_11_12,10_48_44_1,frame_222,0,255,38,1,True,False,True,3.3125002312475176,False,[],,,,,,,31.5,,,
2024_11_12,10_48_44_1,frame_223,0,255,38,1,True,False,True,3.058746807863625,False,[],,,,,,,31.5,,,
2024_11_12,10_48_44_1,frame_224,0,255,38,1,True,False,True,3.283536801304161,False,[],,,,,,,31.5,,,
2024_11_12,10_48_44_1,frame_225,0,255,38,1,True,False,True,3.2539916004191083,False,[],,,,,,,31.5,,,
2024_11_12,10_48_44_1,frame_226,0,255,38,1,True,False,True,3.2286273070892864,False,[],,,,,,,31.5,,,
2024_11_12,10_48_44_1,frame_230,0,255,38,1,True,False,True,3.5583758472767983,False,[],,,,,,,31.5,,,
2024_11_12,10_48_44_1,frame_274,0,255,-1,1,False,False,True,5.620994214044486,True,[],,,,,,,31.5,,,
2024_11_12,10_48_44_1,frame_275,0,255,39,1,False,False,True,5.519663945159149,True,[],,,,,,,31.5,,,
2024_11_12,10_48_44_1,frame_280,0,255,-1,1,False,False,True,4.069333049501214,True,[],,-20.009452828972183,15.785356742998772,-1.0,0.3029206255458553,0.2996463813687463,31.5,1.2079374454144691,3.834722048934825,0.7599414833761129
2024_11_12,10_48_44_1,frame_281,0,255,40,1,False,False,True,4.717566062228846,True,[],[    0.38743   -0.048188     0.92064],-16.07178601697499,12.913868720250642,1.5255825986830822,0.3061338501639494,0.3048520087976532,31.5,0.8866149836050603,2.8146507416033497,0.756967242642321
2024_11_12,10_48_44_1,frame_284,0,255,-1,1,False,False,True,5.164757263155756,True,[],[    0.45601    0.037423     0.88919],14.57791788891346,10.073388977354616,2.465720693526797,0.3003080106277967,0.3020219178935062,31.5,1.4691989372203267,4.664123610223265,0.7252529171721535
2024_11_12,10_48_44_1,frame_285,0,255,-1,1,False,False,True,4.028306459236415,True,[],[    0.81461    0.097526     0.57175],19.058123255232346,9.352105230286124,0.5985207488838533,0.2553992497029707,0.2491682809772737,31.5,5.9600750297029315,18.92087311016802,0.7126097527042243
2024_11_12,10_48_44_1,frame_286,0,255,42,1,False,False,True,2.796024413458324,True,[],[    0.74634    0.095551     0.65867],27.418844436133977,4.109361568257602,0.2459409918751769,0.2548214831847866,0.2539469331524718,31.5,6.017851681521343,19.1042910524487,0.7220665568596839
2024_11_12,10_48_44_1,frame_288,0,255,42,1,False,False,True,3.2775622128296797,True,[],,,,,,,31.5,,,
2024_11_12,10_48_44_1,frame_289,0,255,42,1,False,False,True,4.476190425731523,True,[],,,,,,,31.5,,,
2024_11_12,10_48_44_1,frame_290,0,255,42,1,False,False,True,4.853793924502513,True,[],,,,,,,31.5,,,
2024_11_12,10_48_44_1,frame_291,0,255,42,1,False,False,True,4.836295418229665,True,[],,,,,,,31.5,,,
2024_11_12,10_48_44_1,frame_292,0,255,42,1,False,False,True,4.5226131336695214,True,[],,,,,,,31.5,,,
2024_11_12,10_48_44_1,frame_294,0,255,42,1,False,False,True,3.5070758725115887,True,[],,,,,,,31.5,,,
2024_11_12,10_48_44_1,frame_312,0,255,40,1,False,False,True,4.213459451216541,True,[],,-6.149359346122451,14.877227071706702,-1.0,0.3026657298451692,0.2944042758098516,31.5,1.2334270154830804,3.915641318993886,0.922666917923306
2024_11_12,10_48_44_1,frame_406,0,255,-1,1,False,False,True,3.5104659907657565,True,[],,,,,,,31.5,,,
2024_11_12,10_48_44_1,frame_407,0,255,43,1,False,False,True,3.7053940677308335,True,[],,,,,,,31.5,,,
2024_11_12,10_48_44_1,frame_410,0,255,43,1,False,False,True,3.777996037759433,True,[],,,,,,,31.5,,,
2024_11_12,10_48_44_1,frame_412,0,255,43,1,False,False,True,3.805369156716999,True,[],,,,,,,31.5,,,
2024_11_12,10_48_44_1,frame_414,0,255,43,1,False,False,True,3.675838199055924,True,[],,,,,,,31.5,,,
2024_11_12,10_48_44_0,frame_55,0,255,-1,0,True,False,True,4.478260869565218,False,[],,,,,,,31.5,,,
2024_11_12,10_48_44_0,frame_56,0,255,1,0,True,False,True,4.75,False,[],,,,,,,31.5,,,
2024_11_12,10_48_44_0,frame_57,0,255,1,0,True,False,True,5.421052631578948,False,[],,,,,,,31.5,,,
2024_11_12,10_48_44_0,frame_62,0,255,-1,1,True,False,True,3.555555555555556,False,[],,,,,,,31.5,,,
2024_11_12,10_48_44_0,frame_119,0,255,-1,0,False,False,True,3.3288876488766483,False,[],,,,,,,31.5,,,
2024_11_12,10_48_44_0,frame_120,0,255,3,0,False,False,True,3.593373113551371,False,[],,,,,,,31.5,,,
2024_11_12,10_48_44_0,frame_121,0,255,3,0,False,False,True,3.949026610626234,False,[],,,,,,,31.5,,,
2024_11_12,10_48_44_0,frame_122,0,255,3,0,False,False,True,3.3542147651559118,False,[],,,,,,,31.5,,,
2024_11_12,10_48_44_0,frame_123,0,255,3,0,False,False,True,3.453488372093023,False,[],,,,,,,31.5,,,
2024_11_12,10_48_44_0,frame_125,0,255,3,0,False,False,True,3.417582417582417,False,[],,,,,,,31.5,,,
2024_11_12,10_48_44_0,frame_135,0,255,3,0,True,False,True,3.480390347536213,False,[],,,,,,,31.5,,,
2024_11_12,10_48_44_0,frame_146,0,255,-1,0,False,False,True,2.8095238095238093,False,[],,,,,,,31.5,,,
2024_11_12,10_48_44_0,frame_148,0,255,-1,0,True,False,True,2.257340114999661,False,[],,,,,,,31.5,,,
2024_11_12,10_48_44_0,frame_149,0,255,5,0,True,False,True,2.77288025660385,False,[],,,,,,,31.5,,,
2024_11_12,10_48_44_0,frame_150,0,255,5,1,True,False,True,2.132095403821426,False,[],,,,,,,31.5,,,
2024_11_12,10_48_44_0,frame_151,0,255,5,0,True,False,True,3.1153844855946007,False,[],,,,,,,31.5,,,
2024_11_12,10_48_44_0,frame_165,0,255,-1,0,True,False,True,2.2955475296655963,False,[],,,,,,,31.5,,,
2024_11_12,10_48_44_0,frame_166,0,255,6,1,False,False,True,1.986890386694066,True,[],,,,,,,31.5,,,
2024_11_12,10_48_44_0,frame_189,0,255,-1,0,True,False,True,1.6521737547290498,False,[],,,,,,,31.5,,,
2024_11_12,10_48_44_0,frame_225,0,255,-1,1,False,False,True,4.744282831397337,True,[],,6.3581474988462805,102.7009788386598,-1.0,0.4993272569967809,0.5335514243138665,31.5,18.432725699678087,58.5165895227876,2.4616066706044046
2024_11_12,10_48_44_0,frame_227,0,255,-1,1,False,False,True,2.997307282543296,True,[],,,,,,,31.5,,,
2024_11_12,10_48_44_0,frame_228,0,255,-1,0,True,False,True,3.3742069249123268,False,[],,,,,,,31.5,,,
2024_11_12,10_48_44_0,frame_234,0,255,-1,0,True,False,True,3.735534000242591,False,[],,,,,,,31.5,,,
2024_11_12,10_48_44_0,frame_235,0,255,11,0,True,False,True,4.537811561893249,False,[],,,,,,,31.5,,,
2024_11_12,10_48_44_0,frame_236,0,255,11,0,True,False,True,5.20154532578247,False,[],,,,,,,31.5,,,
2024_11_12,10_48_44_0,frame_237,0,255,11,0,True,False,True,5.72331002531425,False,[],,,,,,,31.5,,,
2024_11_12,10_48_44_0,frame_238,0,255,11,0,True,False,True,4.992242367309576,False,[],,,,,,,31.5,,,
2024_11_12,10_48_44_0,frame_240,0,255,11,0,False,False,True,3.6024840529010462,False,[],,,,,,,31.5,,,
2024_11_12,10_48_44_0,frame_242,0,255,11,0,False,False,True,4.042604421972683,False,[],,,,,,,31.5,,,
2024_11_12,10_48_44_0,frame_243,0,255,11,0,False,False,True,4.337545532444245,False,[],,,,,,,31.5,,,
2024_11_12,10_48_44_0,frame_248,0,255,-1,1,False,False,True,4.522626991467595,True,[],[   -0.32687    0.037148     0.94434],-10.903403989327954,72.22734103200105,1.2778900564114517,0.3889160795448386,0.3861975898220859,31.5,7.3916079544838595,23.465422077726554,1.9130368537512288
2024_11_12,10_48_44_0,frame_269,0,255,-1,1,False,False,True,5.980350009889044,True,[],,2.1563294310353043,-19.64724700037426,-1.0,0.2965038060955156,0.2924125602463011,31.5,1.8496193904484421,5.871807588725215,0.7041876652794842
2024_11_12,10_48_44_0,frame_271,0,255,-1,1,False,False,True,4.162818484830503,True,[],,-8.067693056356147,-8.423643187977019,-1.0,0.3019540020818554,0.2916648534571649,31.5,1.3045997918144607,4.141586640680823,0.7146730628044125
2024_11_12,10_48_44_0,frame_278,0,255,-1,1,False,False,True,3.758486443598666,True,[],[    0.97288    -0.22399   -0.057768],-2.1167607522661687,-12.891786520413724,0.3010692966850626,0.3006468932029696,0.2905134064964382,31.5,1.43531067970304,4.556541840327108,0.7534539903784836
2024_11_12,10_48_44_0,frame_284,0,255,-1,1,False,False,True,5.938270286375458,True,[],[    0.96873    -0.24653    0.027902],-1.2053439504660504,-14.553738114039804,0.2996040664232552,0.2994771862097344,0.2929655896908925,31.5,1.5522813790265602,4.927877393735093,0.7362207124574154
2024_11_12,10_48_44_0,frame_340,0,255,-1,1,False,False,True,3.428949577557748,True,[],[   -0.24316     0.28056     0.92853],8.244683368308097,72.78002045729919,1.6487357824019728,0.3222903034142247,0.3213683210423412,31.5,0.7290303414224724,2.3143820362618124,2.3799003231831084
2024_11_12,10_48_44_0,frame_350,0,255,-1,1,False,False,True,3.2536232135592704,True,[],[   -0.24283     0.28964     0.92582],7.42134920696301,70.63046364014942,1.674559862976709,0.2778675970325396,0.315379600017868,31.5,3.71324029674604,11.788064434114414,2.3770539120539724
2024_11_12,10_48_44_0,frame_354,0,255,-1,1,False,False,True,3.475988341446343,True,[],[   -0.24161     0.29195     0.92541],12.48759498266727,73.02630452547842,1.623384807079464,0.2759361356866731,0.2790626856379269,31.5,3.9063864313326917,12.401226766135531,2.38191688728974
2024_11_12,10_48_44_0,frame_428,0,255,-1,1,False,False,True,3.6647551469155015,True,[],,,,,,,31.5,,,
2024_11_12,10_48_44_0,frame_429,0,255,20,1,False,False,True,3.8732508340105167,True,[],,,,,,,31.5,,,
2024_11_12,10_48_44_0,frame_431,0,255,20,1,False,False,True,4.736434116728487,True,[],,,,,,,31.5,,,
2024_11_12,10_48_44_0,frame_432,0,255,20,1,False,False,True,4.487816401650247,True,[],,18.15172493030132,15.945326930240972,-1.0,0.2951764279871377,0.2882880291977282,31.5,1.9823572012862272,6.293197464400723,0.8218475365619573
2024_11_12,10_48_44_0,frame_433,0,255,20,1,False,False,True,3.869880420667218,True,[],[  0.0024518   -0.017159     0.99985],29.735424040201053,4.011892157326153,0.7056948138502804,0.2866828007936755,0.2771881287484259,31.5,2.8317199206324517,8.989587049626833,0.8260242979862149
2024_11_12,10_48_44_0,frame_434,0,255,21,1,True,False,True,4.265439332280529,False,[],,,,,,,31.5,,,
2024_11_12,10_48_44_0,frame_434,0,127,20,1,False,False,True,3.610169491525424,True,[],[    0.24078  -0.0072751     0.97055],35.55420600452233,-0.587439401232111,0.7212118832964991,0.2932298841557534,0.2914097240172277,31.5,2.1770115844246583,6.911147887062412,0.8291703438758851
2024_11_12,10_48_44_0,frame_437,0,255,20,1,False,False,True,3.888010747336955,True,[],[    0.15431    0.021353     0.98779],22.14777992261399,-12.359054343062615,0.758935933805244,0.2825553576303279,0.2769801882791409,31.5,3.244464236967211,10.299886466562567,0.8840520827848082
2024_11_12,10_48_44_0,frame_440,0,255,20,1,False,False,True,3.491347502963052,True,[],[    0.13463  -0.0027438     0.99089],10.598129689981976,2.197911127800018,0.6789718507727575,0.2935816764015658,0.2802880863179129,31.5,2.14183235984342,6.799467809026716,0.9319517238515768
2024_11_12,10_48_44_0,frame_452,0,255,-1,1,False,False,True,3.918525924373496,True,[],,-5.603728656430759,19.66861007602173,-1.0,0.3001581941846016,0.2917876182195555,31.5,1.4841805815398388,4.711684385840745,0.960295950994378
2024_11_12,10_48_44_0,frame_454,0,255,-1,1,False,False,True,3.910791843264586,True,[],,-3.185391280486597,12.05436847536271,-1.0,0.2986257372588086,0.2892356064236706,31.5,1.637426274119143,5.198178647997257,0.96255652674396
2024_11_12,10_48_44_0,frame_465,0,255,-1,1,False,False,True,3.936578529656106,True,[],,,,,,,31.5,,,
2024_11_12,10_48_44_0,frame_466,0,255,24,1,False,False,True,3.834061310986484,True,[],,-20.78416254586807,-21.314731185274464,-1.0,0.3051032772800223,0.2982598385194264,31.5,0.9896722719977724,3.141816736500861,0.98541843380225
2024_11_12,10_48_44_0,frame_467,0,255,24,1,False,False,True,3.932752231577003,True,[],,-23.485842868039505,-16.641726013501444,-1.0,0.3062052849837093,0.3049308540528029,31.5,0.8794715016290695,2.791973021044649,0.9896826680223012
2024_11_12,10_48_44_0,frame_469,0,255,24,1,False,False,True,3.749247488075784,True,[],[   -0.14902   -0.024391     0.98853],-27.899151736188223,-2.6571623106066866,0.7890891737090313,0.3048275295566574,0.2953904385761942,31.5,1.0172470443342618,3.229355696299247,0.9920385225115969
2024_11_12,10_48_44_0,frame_477,0,255,24,1,False,False,True,3.8133320929328263,True,[],,,,,,,31.5,,,
2024_11_12,10_48_44_0,frame_478,0,255,24,1,False,False,True,3.795119777293056,True,[],,-18.189809023664168,21.056755837755656,-1.0,0.3039296359861593,0.2968204484783354,31.5,1.1070364013840717,3.5144012742351447,1.0380370340807814
2024_11_12,10_48_44_0,frame_480,0,255,24,1,False,False,True,3.816947305892718,True,[],,-23.597808409233,19.054555155852064,-1.0,0.3072973250718849,0.301881231509658,31.5,0.7702674928115094,2.445293627973032,1.0513307338710192
2024_11_12,10_48_44_0,frame_481,0,255,24,1,False,False,True,3.6471721224656655,True,[],,43.70180988299985,-148.83519331792073,-1.0,0.743993063591878,1.010889384002752,31.5,42.899306359187804,136.18827415615172,1.0728745743340782
2024_11_12,10_48_44_0,frame_482,0,255,24,1,False,False,True,3.595305812772444,True,[],,-23.57841788516077,20.128164776612746,-1.0,0.3071430359036136,0.3009898331968619,31.5,0.7856964096386427,2.4942743163131493,1.0780551575833548
2024_11_12,10_48_44_0,frame_484,0,255,24,1,False,False,True,3.8867924528301887,True,[],[    0.26733   -0.083168     0.96001],-15.92037894530626,0.4847565663152568,0.8008061316011197,0.2968286230370296,0.2937036632930874,31.5,1.8171376962970385,5.768691099355679,1.0895985201036285
2024_11_12,10_48_44_0,frame_485,0,255,24,1,False,False,True,4.023184586622225,True,[],[    0.12423   -0.049554     0.99102],-9.591191754432977,-6.827427456270496,0.7693658927652212,0.2993838859643901,0.2888725038409617,31.5,1.5616114035609918,4.957496519241244,1.08710830380074
2024_11_12,10_48_44_0,frame_486,0,255,24,1,False,False,True,3.945259855030173,True,[],[     0.2431   -0.061129     0.96807],-6.7381657085752575,-7.813464855573002,1.319603579445323,0.2987359716349089,0.2901868131355499,31.5,1.6264028365091114,5.163183607965432,1.0951245796406284
2024_11_12,10_48_44_0,frame_487,0,255,24,1,False,False,True,3.8279130026913095,True,[],[   0.036347   -0.066862      0.9971],-10.26065254768609,-4.936957257224715,0.8136589229695006,0.2970864276059966,0.2883309474953156,31.5,1.791357239400341,5.686848379048707,1.1136752129792349
2024_11_12,10_48_44_0,frame_488,0,255,24,1,False,False,True,3.882352941176471,True,[],,-14.083891125870522,1.4464346664087375,-1.0,0.296289949365658,0.2812897329213677,31.5,1.8710050634342004,5.939698614076826,1.1382537602274885
2024_11_12,10_48_44_0,frame_489,0,255,24,1,False,False,True,3.656133659033611,True,[],,-14.607828890014082,6.538249313424261,-1.0,0.3053761171234653,0.2964429378407295,31.5,0.9623882876534715,3.055200913185604,1.1587676352529384
2024_11_12,10_48_44_0,frame_490,0,255,24,1,False,False,True,3.69656919854687,True,[],,-13.012856954628267,6.440659214232058,-1.0,0.3024973837029488,0.2953842821584094,31.5,1.2502616297051183,3.969084538746408,1.1711440343764536
2024_11_12,10_48_44_0,frame_491,0,255,24,1,False,False,True,3.918367346938776,True,[],,-8.622228763537981,0.5858102946088523,-1.0,0.3027171412796938,0.294036126124194,31.5,1.2282858720306216,3.899320228668639,1.1794506594033245
2024_11_12,10_48_44_0,frame_492,0,255,24,1,False,False,True,4.35806625635727,True,[],[    0.24963    -0.12931     0.95967],-12.73984971845273,4.830117847907149,1.4471583255014857,0.3068938999521945,0.3081916557088322,31.5,0.8106100047805498,2.5733650945414066,1.1948851661246358
2024_11_12,10_48_44_0,frame_493,0,255,24,1,False,False,True,3.8627971263026177,True,[],[    0.19737    -0.14523     0.96951],-16.35703480370774,14.167412180642907,0.8247352379938699,0.3040056925010284,0.3035895519332118,31.5,1.099430749897163,3.4902563488798624,1.2174095709954615
2024_11_12,10_48_44_0,frame_494,0,255,24,1,False,False,True,3.612395224904451,True,[],[   0.018791    -0.22498     0.97418],-15.551308430926287,24.24168125834622,1.1256091183013397,0.3069199070118572,0.2931076682329043,31.5,0.8080092988142837,2.56510888512469,1.240216594461104
2024_11_12,10_48_44_0,frame_496,0,255,24,1,False,False,True,3.871920937157402,True,[],[  -0.066651     -0.2411     0.96821],-10.85910436008064,22.39292766746244,1.104478034889354,0.3075777841822189,0.2945200470265648,31.5,0.7422215817781073,2.35625898977177,1.2689785018265067
2024_11_12,10_48_44_0,frame_497,0,255,24,1,False,False,True,4.252024631903544,True,[],[  0.0036112    -0.20231     0.97931],-8.50863150883396,20.149822267707663,0.8040705832073103,0.3009612140474834,0.2942254953748166,31.5,1.403878595251662,4.456757445243353,1.2793167696433998
2024_11_12,10_48_44_0,frame_498,0,255,24,1,False,False,True,4.54918070555096,True,[],[  0.0097937    -0.18602      0.9825],-8.378042883628334,18.583483044700987,0.8001003938554574,0.2941757842725527,0.2901311525460122,31.5,2.0824215727447317,6.6108621356975386,1.2974729053021037
2024_11_12,10_48_44_0,frame_499,0,255,24,1,False,False,True,4.562852206150642,True,[],[   0.017164    -0.17409     0.98458],-9.047118630248946,16.60066560826861,0.8254963533628641,0.2884844820798133,0.2827222762252567,31.5,2.651551792018669,8.417624736567186,1.3140076236838698
2024_11_12,10_48_44_0,frame_500,0,255,24,1,False,False,True,4.164419201974687,True,[],[   0.057879    -0.17542     0.98279],-11.706797744360603,20.781891066083748,0.8640574110560888,0.3118805112992115,0.2946620346295492,31.5,0.3119488700788473,0.9903138732661684,1.3366309065961637
2024_11_12,10_48_44_0,frame_501,0,255,24,1,False,False,True,3.8392221586152826,True,[],[    0.08061    -0.16046     0.98375],-9.178039301171507,16.963037077434862,0.8181465796162926,0.3118426175900057,0.3686189558434983,31.5,0.3157382409994298,1.002343622220396,1.3534954014616236
2024_11_12,10_48_44_0,frame_502,0,255,24,1,False,False,True,3.9053771326502793,True,[],[   0.066947    -0.15432     0.98575],-9.514935717655868,17.485707226514872,0.8374020420172323,0.3176785629480517,0.2921903184998685,31.5,0.2678562948051706,0.8503374438259504,1.3743079577199546
2024_11_12,10_48_44_0,frame_503,0,255,24,1,False,False,True,3.901529051219077,True,[],[   0.040209    -0.17176     0.98432],-10.48860257034067,20.97284796790219,0.8453465918266521,0.3029297880502747,0.289669458517766,31.5,1.2070211949725298,3.831813317373092,1.394797593954772
2024_11_12,10_48_44_0,frame_504,0,255,24,1,False,False,True,3.92235151636564,True,[],[ -0.0038007     -0.1877     0.98222],-9.291010465525646,21.352567740153702,1.158118837428418,0.3040303905273489,0.3033848236837638,31.5,1.0969609472651065,3.4824157056035165,1.4146909728778676
2024_11_12,10_48_44_0,frame_505,0,255,24,1,False,False,True,3.816269309240857,True,[],[    0.05672    -0.15666     0.98602],-8.120369187006322,19.689191950544068,0.8342692412771773,0.303437655128869,0.2982105310337414,31.5,1.1562344871130996,3.6705856733749216,1.4349981584111384
2024_11_12,10_48_44_0,frame_506,0,255,24,1,False,False,True,3.781631025046905,True,[],[   0.096965    -0.13155     0.98656],-9.166215223594708,20.079194832276347,0.8367478513900486,0.3048959730425269,0.2933452465845638,31.5,1.0104026957473096,3.207627605547012,1.4517853389608448
2024_11_12,10_48_44_0,frame_507,0,255,24,1,False,False,True,3.738957210480467,True,[],[   -0.01948    -0.18083     0.98332],-11.75443600896164,19.95970694149593,0.8313617739989614,0.3028431239068531,0.2914694601035232,31.5,1.215687609314692,3.859325743856147,1.467618577522024
2024_11_12,10_48_44_0,frame_508,0,255,24,1,False,False,True,3.818673964161255,True,[],[    0.23612   -0.088846     0.96765],-10.0367420362336,15.899434728581674,1.410247125273478,0.3007827773684686,0.2931393992990758,31.5,1.4217222631531428,4.513404010009972,1.4887327155046075
2024_11_12,10_48_44_0,frame_509,0,255,24,1,False,False,True,3.842970726021596,True,[],[   0.053977     -0.1419     0.98841],-9.379102938172611,15.680905929681748,0.7919153519167121,0.3029251000061976,0.2894404285821892,31.5,1.2074899993802397,3.833301585334096,1.5073197605939066
2024_11_12,10_48_44_0,frame_510,0,255,24,1,False,False,True,3.947060777651796,True,[],[   0.019516    -0.15509     0.98771],-15.1315997062349,20.45065775885084,0.7874152254902826,0.3421285206784694,0.3107909437780226,31.5,2.7128520678469386,8.612228786815695,1.5318100062673383
2024_11_12,10_48_44_0,frame_511,0,255,24,1,False,False,True,3.8405318712232313,True,[],[    0.16214     -0.1084      0.9808],-12.200400443320508,20.57159984619908,0.7823386538629391,0.304584661230447,0.2919031396025398,31.5,1.0415338769553024,3.306456752239039,1.5493916823368827
2024_11_12,10_48_44_0,frame_512,0,255,24,1,False,False,True,3.703621078224947,True,[],[    0.14429     -0.1133     0.98303],-10.383224542030502,20.35756231510092,0.7950319227100091,0.3058119031529042,0.2983281209213476,31.5,0.9188096847095828,2.91685614193518,1.5663243389727142
2024_11_12,10_48_44_0,frame_513,0,255,24,1,False,False,True,3.8058861199758094,True,[],,-10.236839883175051,20.584914791527368,-1.0,0.3099601949385221,0.2981841641737922,31.5,0.5039805061477871,1.599938114754867,1.5852559677818243
2024_11_12,10_48_44_0,frame_514,0,255,24,1,False,False,True,3.8229101169473183,True,[],[     0.1388    -0.12055     0.98296],-12.83118874931449,20.87519235763728,1.467309683878656,0.3067081466281871,0.3030072612268153,31.5,0.8291853371812934,2.632334403750119,1.6006605595982288
2024_11_12,10_48_44_0,frame_515,0,255,24,1,False,False,True,3.7362075337148495,True,[],,-10.87202309556726,14.356107860547498,-1.0,0.3015674114847657,0.2940588013068365,31.5,1.3432588515234336,4.264313814360085,1.6160930749934543
2024_11_12,10_48_44_0,frame_516,0,255,24,1,False,False,True,3.648794176231024,True,[],,-8.979648203461226,6.114102612592974,-1.0,0.2947703337602058,0.2897264009591088,31.5,2.0229666239794213,6.422116266601339,1.6248058052664598
2024_11_12,10_48_44_0,frame_517,0,255,24,1,False,False,True,3.75,True,[],[    0.31873   -0.057323     0.94611],-5.545482408508487,2.837646018459534,0.9697178482149136,0.2973813661078988,0.2878945196777007,31.5,1.76186338921012,5.593217108603562,1.6338146506213704
2024_11_12,10_48_44_0,frame_519,0,255,24,1,False,False,True,3.8,True,[],[    0.99725   -0.027313   -0.068852],-3.7283951893095018,-1.5687286954965778,0.2948211429975923,0.2932905350146932,0.3063671379414877,31.5,2.170946498530679,6.891893646129141,1.6485242150889918
2024_11_12,10_48_44_0,frame_520,0,255,24,1,False,False,True,3.919462976725379,True,[],[    0.99214   -0.095156   -0.081248],-7.841495093487932,-5.157742139365184,0.2940462022152634,0.2936986577540816,0.2883376437868973,31.5,2.1301342245918384,6.762330871720108,1.648711642064562
2024_11_12,10_48_44_0,frame_521,0,255,24,1,False,False,True,4.03243949706328,True,[],,-9.132179537655873,-8.022046739774057,-1.0,0.2976347760891592,0.287916218864846,31.5,1.7365223910840761,5.512769495505008,1.6511530992052412
2024_11_12,10_48_44_0,frame_522,0,255,24,1,False,False,True,3.951389194567192,True,[],[    0.96128    -0.17239      -0.215],-10.20178727463074,-10.620280099884816,0.299424226155962,0.3002067318269563,0.2891788781996131,31.5,1.479326817304372,4.696275610490051,1.6511420906434315
2024_11_12,10_48_44_0,frame_527,0,255,-1,1,True,False,True,3.2777777777777777,False,[],,,,,,,31.5,,,
2024_11_12,10_48_44_0,frame_528,0,255,24,1,False,False,True,3.857142857142857,True,[],[    0.86317   -0.010377    -0.50481],-30.292896923845184,-0.7363396130183988,0.3139724681613321,0.313994916229592,0.3024110266275706,31.5,0.1005083770407964,0.3190742128279293,1.6544801408852887
2024_11_12,10_48_44_0,frame_529,0,255,24,1,False,False,True,4.096774193548387,True,[],[    0.75128   -0.018528    -0.65972],-39.3111198921598,-1.532149633666408,0.3215255066189985,0.3152775265131168,0.3004280581956072,31.5,0.0277526513116797,0.088103654957714,1.6645958975223465
2024_11_12,10_48_44_0,frame_530,0,255,24,1,False,False,True,3.787878787878788,True,[],[    0.72534     0.13723    -0.67457],-40.52801259244805,10.882563826168177,0.3116625585603283,0.3116951111174694,0.3074157487970206,31.5,0.3304888882530612,1.0491710738192412,1.67089577317449
2024_11_12,10_48_44_0,frame_531,0,255,24,1,False,False,True,3.2040066487188312,True,[],[    0.72134     0.21382    -0.65875],-40.48659998849535,16.90209991907323,0.3119485879837236,0.310098563822893,0.3064474939924681,31.5,0.4901436177106966,1.5560114847958657,1.6719502349968614
2024_11_12,10_48_44_0,frame_539,0,255,-1,1,False,False,True,3.845238418660595,True,[],,,,,,,31.5,,,
2024_11_12,10_48_44_0,frame_540,0,255,-1,1,False,False,True,2.9916036155539896,True,[],[    0.74428    -0.33288       0.579],29.28462528707199,-21.58221292870557,0.42091425168219,0.268252763539794,0.2997990515176105,31.5,4.6747236460206025,14.840392527049524,1.5147729400890106
2024_11_12,10_48_44_0,frame_554,0,255,-1,1,False,False,True,4.881567743056653,True,[],[   -0.31178     0.36652     0.87662],75.8181126500473,-86.24171924308568,1.6467455256472934,0.2349353640662075,0.2409778242710186,31.5,8.006463593379252,25.4173447408865,1.7987128769516183
2024_11_12,10_48_44_0,frame_558,0,255,-1,1,False,False,True,4.493051346135156,True,[],[   -0.31398      0.3389     0.88688],50.24554744381136,-113.3778700083465,1.798250263213097,0.3039483280357289,0.3704419014639998,31.5,1.1051671964271108,3.508467290244792,1.855667755933468
2024_11_12,10_48_44_0,frame_559,0,255,31,1,False,False,True,4.291190748570602,True,[],[   -0.31331      0.3401     0.88666],57.03262258472521,-110.39250750013844,1.897185577521593,0.2673196638964727,0.3323620796760959,31.5,4.768033610352727,15.136614636040392,1.8468178846697312
2024_11_12,10_48_44_0,frame_561,0,255,-1,1,False,False,True,2.949838125959121,True,[],[   -0.33194     0.35925     0.87221],17.695731006667824,85.98186112287443,1.45550535849871,0.0892260684386046,0.0935761117212124,31.5,22.57739315613954,71.67426398774455,0.6922735157771175
2024_11_12,10_48_44_0,frame_584,0,255,-1,1,False,False,True,3.5515148406383017,True,[],,,,,,,31.5,,,
2024_11_12,10_48_44_0,frame_589,0,255,-1,1,False,False,True,5.545686823278603,True,[],,,,,,,31.5,,,
2024_11_12,10_48_44_0,frame_591,0,255,-1,1,False,False,True,3.982970830413033,True,[],,,,,,,31.5,,,
2024_11_12,10_48_44_0,frame_596,0,255,-1,1,True,False,True,3.116945879413887,False,[],,,,,,,31.5,,,
2024_11_12,10_48_44_0,frame_597,0,255,36,1,True,False,True,2.7665344523794184,False,[],,,,,,,31.5,,,
2024_11_12,10_48_44_0,frame_605,0,255,-1,1,False,False,True,2.2142857142857144,True,[],[    0.98624    0.006498     -0.1652],-9.911706628779,-0.6210483568433075,0.0570706618037545,0.0569999857123252,0.0656885742975096,31.5,25.80000142876748,81.9047664405317,1.3963764609318774
2024_11_12,10_48_44_0,frame_612,0,255,-1,1,False,False,True,2.955056179775281,True,[],[   0.073476    -0.30804     0.94853],-3.4614028269960326,3.539753659716909,2.346044964422112,0.2466789068107024,0.2468901891847068,31.5,6.83210931892976,21.689235933110325,0.6955021782750128
2024_11_12,10_48_44_0,frame_614,0,255,-1,0,False,False,True,3.6714677593791696,False,[],,,,,,,31.5,,,
2024_11_12,10_48_44_0,frame_615,0,255,-1,1,False,False,True,4.179775280898877,True,[],[    0.19043    -0.10714     0.97584],4.58773018368835,7.668595048722263,2.538965487131144,0.2949518797354236,0.2326845962375554,31.5,2.0048120264576426,6.364482623675053,0.7877682855363526
2024_11_12,10_48_44_0,frame_616,0,255,40,1,False,False,True,3.934078241005005,True,[],[    0.35055   -0.041237     0.93564],0.9151641691549252,-11.909420127218931,2.4301014962189686,0.3419071426283525,0.3165817407959669,31.5,2.6907142628352503,8.541950040746835,0.6936896527042631
2024_11_12,10_48_44_0,frame_617,0,255,40,1,False,False,True,3.8417874599468815,True,[],[    0.30648   -0.010431     0.95182],5.022806721315684,-15.22830996761476,2.584891452125147,0.3594258124909904,0.3231067199760151,31.5,4.442581249099042,14.103432536822355,0.6979360319214991
2024_11_12,10_48_44_0,frame_624,0,255,40,1,False,False,True,3.564814814814815,True,[],[     0.3628     0.25268     0.89696],11.113210467769155,10.419356858197569,2.0457949966532096,0.2770281262743482,0.2987885145061318,31.5,3.7971873725651797,12.054563087508493,0.7163481770555007
2024_11_12,10_48_44_0,frame_645,0,255,-1,1,False,False,True,3.493738565501757,True,[],[    0.20557   -0.036921     0.97795],12.934926059506235,1.598263842103767,0.7151386962909614,0.2924783544876407,0.2787255631540955,31.5,2.2521645512359285,7.149728734082318,0.7926307429117655
2024_11_12,10_48_44_0,frame_646,0,255,43,1,False,False,True,3.954545454545455,True,[],[    0.24412   -0.057291     0.96805],8.826043226069846,-4.485674191961756,1.8952921370683788,0.2904317287743141,0.283409742719708,31.5,2.4568271225685905,7.799451182757408,0.793452803601037
2024_11_12,10_48_44_0,frame_647,0,255,43,1,False,False,True,4.3175459323985175,True,[],[    0.16641   -0.021955     0.98581],2.7459513943926,-6.183978192214587,1.0831134667266435,0.2987609574392714,0.2874811392482786,31.5,1.623904256072862,5.155251606580512,0.7966970040346977
2024_11_12,10_48_44_0,frame_649,0,255,43,1,False,False,True,3.883985939351629,True,[],[  -0.031717    0.023307     0.99923],-9.614511164976111,-14.71028201162915,0.6813795352503189,0.3007248969153928,0.292446661445027,31.5,1.4275103084607217,4.531778757018166,0.8142617809829094
2024_11_12,10_48_44_0,frame_651,0,255,43,1,False,False,True,4.645161339517267,True,[],,-19.997532295243825,-18.62223689936454,-1.0,0.3062529869532618,0.2974202447152201,31.5,0.8747013046738203,2.776829538647028,0.8246249296057553
2024_11_12,10_48_44_0,frame_652,0,255,43,1,False,False,True,5.439323879536808,True,[],,-24.04191786280496,-19.943733378319752,-1.0,0.3046960630755856,0.2956342203913896,31.5,1.0303936924414394,3.271091087115662,0.8292886871936769
2024_11_12,10_48_44_0,frame_655,0,255,43,1,False,False,True,5.873218988471771,True,[],[   -0.17775    0.071525     0.98147],-25.43710590514832,-25.38654554254771,0.7744542364664246,0.2890716794385393,0.2790926303265706,31.5,2.5928320561460723,8.231212876654196,0.8414796997078522
2024_11_12,10_48_44_0,frame_656,0,255,43,1,False,False,True,7.017871910353292,True,[],[   0.040438   0.0040428     0.99917],-19.537023814662536,-29.343617357691937,0.7447400007534424,0.2898050804126743,0.278997058072985,31.5,2.519491958732573,7.998387170579596,0.8449019664807425
2024_11_12,10_48_44_0,frame_657,0,255,43,1,False,False,True,7.142857443939637,True,[],,,,,,,31.5,,,
2024_11_12,10_48_44_0,frame_658,0,255,43,1,True,False,True,6.666666541913052,False,[],,,,,,,31.5,,,
2024_11_12,10_48_44_0,frame_659,0,255,43,1,True,False,True,5.512968839869624,False,[],,,,,,,31.5,,,
